<CURRICULO-VITAE SISTEMA-ORIGEM-XML="LATTES_OFFLINE" NUMERO-IDENTIFICADOR="5963077004657610" FORMATO-DATA-ATUALIZACAO="DDMMAAAA" DATA-ATUALIZACAO="24032017" FORMATO-HORA-ATUALIZACAO="HHMMSS" HORA-ATUALIZACAO="124850"><DADOS-GERAIS NOME-COMPLETO="Alex Sander Agrellos Modesto" NOME-EM-CITACOES-BIBLIOGRAFICAS="MODESTO, A. S. A." NACIONALIDADE="B" PAIS-DE-NASCIMENTO="Brasil" FORMATO-DATA-DE-NASCIMENTO="DDMMAAAA" FORMATO-DATA-DE-EMISSAO="DDMMAAAA" PERMISSAO-DE-DIVULGACAO="NAO" DATA-FALECIMENTO="" SIGLA-PAIS-NACIONALIDADE="BRA" PAIS-DE-NACIONALIDADE="Brasil"><RESUMO-CV TEXTO-RESUMO-CV-RH="Graduação em Administração de Empresas (UNIGRANRIO-RJ) com especialização em Finanças e Gestão (UCAM-RJ). Mestrado em Desenvolvimento Local (UNISUAM-RJ). Exerceu a função de Coordenador Adjunto de Administração na UNISUAM-RJ. Também foi Coordenador do curso de Marketing da UNISUAM-RJ. Possui cinco anos de experiência na área docente e mais de vinte de anos na área administrativo-financeira, ocupando posições de gestão. Integra a Comissão de Marketing do Conselho Regional de Administração do Rio de Janeiro. Integra o colegiado do curso de Administração da UNISUAM-RJ. Desenvolve conteúdos para os cursos de Engenharia e Administração na modalidade Ead. Especialista em Docência Online: Tutoria em Ead. Integra a comissão de Empresas Juniores do Conselho Regional de Administração do Rio de Janeiro. Atualmente é sócio-diretor da Agir Contábil." TEXTO-RESUMO-CV-RH-EN="bachelor's at Administração de Empresas from Universidade do Grande Rio (2002). Has experience in Administration, focusing on Financial Administration"/><ENDERECO FLAG-DE-PREFERENCIA="ENDERECO_RESIDENCIAL"><ENDERECO-PROFISSIONAL CODIGO-INSTITUICAO-EMPRESA="201900000008" NOME-INSTITUICAO-EMPRESA="Centro Universitário Augusto Motta" CODIGO-ORGAO="" NOME-ORGAO="" CODIGO-UNIDADE="" NOME-UNIDADE="" LOGRADOURO-COMPLEMENTO="Avenida Paris" PAIS="Brasil" UF="RJ" CEP="21041020" CIDADE="Rio de Janeiro" BAIRRO="Bonsucesso" DDD="21" TELEFONE="38829797" RAMAL="" FAX="" E-MAIL="alex.modesto@outlook.com" HOME-PAGE="www.paramis.com.br"/></ENDERECO><FORMACAO-ACADEMICA-TITULACAO><GRADUACAO SEQUENCIA-FORMACAO="15" NIVEL="1" TITULO-DO-TRABALHO-DE-CONCLUSAO-DE-CURSO="" NOME-DO-ORIENTADOR="" CODIGO-INSTITUICAO="306200000002" NOME-INSTITUICAO="Universidade Paulista" CODIGO-ORGAO="" NOME-ORGAO="" CODIGO-CURSO="60253070" NOME-CURSO="Ciências Contábeis" CODIGO-AREA-CURSO="" STATUS-DO-CURSO="EM_ANDAMENTO" ANO-DE-INICIO="2016" ANO-DE-CONCLUSAO="" FLAG-BOLSA="NAO" CODIGO-AGENCIA-FINANCIADORA="" NOME-AGENCIA="" NUMERO-ID-ORIENTADOR="" CODIGO-CURSO-CAPES="77618" TITULO-DO-TRABALHO-DE-CONCLUSAO-DE-CURSO-INGLES="" NOME-CURSO-INGLES="" FORMACAO-ACADEMICA-TITULACAO="" TIPO-GRADUACAO="N" CODIGO-INSTITUICAO-GRAD="" NOME-INSTITUICAO-GRAD="" CODIGO-INSTITUICAO-OUTRA-GRAD="" NOME-INSTITUICAO-OUTRA-GRAD="" NOME-ORIENTADOR-GRAD=""/><GRADUACAO SEQUENCIA-FORMACAO="1" NIVEL="1" TITULO-DO-TRABALHO-DE-CONCLUSAO-DE-CURSO="Como abrir uma empresa?" NOME-DO-ORIENTADOR="José Antônio Alves" CODIGO-INSTITUICAO="117700000004" NOME-INSTITUICAO="Universidade do Grande Rio" CODIGO-ORGAO="" NOME-ORGAO="" CODIGO-CURSO="90000000" NOME-CURSO="Administração de Empresas" CODIGO-AREA-CURSO="90000000" STATUS-DO-CURSO="CONCLUIDO" ANO-DE-INICIO="1997" ANO-DE-CONCLUSAO="2002" FLAG-BOLSA="NAO" CODIGO-AGENCIA-FINANCIADORA="" NOME-AGENCIA="" NUMERO-ID-ORIENTADOR="" CODIGO-CURSO-CAPES="" TITULO-DO-TRABALHO-DE-CONCLUSAO-DE-CURSO-INGLES="" NOME-CURSO-INGLES="" FORMACAO-ACADEMICA-TITULACAO="" TIPO-GRADUACAO="N" CODIGO-INSTITUICAO-GRAD="" NOME-INSTITUICAO-GRAD="" CODIGO-INSTITUICAO-OUTRA-GRAD="" NOME-INSTITUICAO-OUTRA-GRAD="" NOME-ORIENTADOR-GRAD=""/><ESPECIALIZACAO SEQUENCIA-FORMACAO="2" NIVEL="2" TITULO-DA-MONOGRAFIA="Planejamento Estratégico em Finanças" NOME-DO-ORIENTADOR="André Gustavo Guimarães da Cunha" CODIGO-INSTITUICAO="060100000006" NOME-INSTITUICAO="Universidade Candido Mendes" CODIGO-ORGAO="" NOME-ORGAO="" CODIGO-CURSO="90000001" NOME-CURSO="Finanças e Gestão Corporativa" STATUS-DO-CURSO="CONCLUIDO" ANO-DE-INICIO="2000" ANO-DE-CONCLUSAO="2002" FLAG-BOLSA="NAO" CODIGO-AGENCIA-FINANCIADORA="" NOME-AGENCIA="" CARGA-HORARIA="360" TITULO-DA-MONOGRAFIA-INGLES="" NOME-CURSO-INGLES=""/><ESPECIALIZACAO SEQUENCIA-FORMACAO="14" NIVEL="2" TITULO-DA-MONOGRAFIA="." NOME-DO-ORIENTADOR="." CODIGO-INSTITUICAO="201900000008" NOME-INSTITUICAO="Centro Universitário Augusto Motta" CODIGO-ORGAO="" NOME-ORGAO="" CODIGO-CURSO="90000014" NOME-CURSO="Docência Online: Tutoria em Ead" STATUS-DO-CURSO="EM_ANDAMENTO" ANO-DE-INICIO="2015" ANO-DE-CONCLUSAO="" FLAG-BOLSA="NAO" CODIGO-AGENCIA-FINANCIADORA="" NOME-AGENCIA="" CARGA-HORARIA="360" TITULO-DA-MONOGRAFIA-INGLES="" NOME-CURSO-INGLES=""/><MESTRADO SEQUENCIA-FORMACAO="6" NIVEL="3" CODIGO-INSTITUICAO="201900000008" NOME-INSTITUICAO="Centro Universitário Augusto Motta" CODIGO-ORGAO="" NOME-ORGAO="" CODIGO-CURSO="90000006" NOME-CURSO="Desenvolvimento Local" CODIGO-AREA-CURSO="90000006" STATUS-DO-CURSO="CONCLUIDO" ANO-DE-INICIO="2015" ANO-DE-CONCLUSAO="2017" FLAG-BOLSA="NAO" CODIGO-AGENCIA-FINANCIADORA="" NOME-AGENCIA="" ANO-DE-OBTENCAO-DO-TITULO="2017" TITULO-DA-DISSERTACAO-TESE="O transporte público na região metropolitana do Rio de Janeiro: Caos urbano e insustentabilidade ambiental." NOME-COMPLETO-DO-ORIENTADOR="Maria Geralda de Miranda" TIPO-MESTRADO="N" NUMERO-ID-ORIENTADOR="6730722686472778" CODIGO-CURSO-CAPES="" TITULO-DA-DISSERTACAO-TESE-INGLES="" NOME-CURSO-INGLES="" NOME-DO-CO-ORIENTADOR="Antônio Luis dos Santos Lima" CODIGO-INSTITUICAO-DOUT="" NOME-INSTITUICAO-DOUT="" CODIGO-INSTITUICAO-OUTRA-DOUT="" NOME-INSTITUICAO-OUTRA-DOUT="" NOME-ORIENTADOR-DOUT=""><PALAVRAS-CHAVE PALAVRA-CHAVE-1="Finanças" PALAVRA-CHAVE-2="" PALAVRA-CHAVE-3="" PALAVRA-CHAVE-4="" PALAVRA-CHAVE-5="" PALAVRA-CHAVE-6=""/><AREAS-DO-CONHECIMENTO><AREA-DO-CONHECIMENTO-1 NOME-GRANDE-AREA-DO-CONHECIMENTO="CIENCIAS_SOCIAIS_APLICADAS" NOME-DA-AREA-DO-CONHECIMENTO="" NOME-DA-SUB-AREA-DO-CONHECIMENTO="" NOME-DA-ESPECIALIDADE=""/></AREAS-DO-CONHECIMENTO><SETORES-DE-ATIVIDADE SETOR-DE-ATIVIDADE-1="Atividades financeiras, de seguros e serviços relacionados" SETOR-DE-ATIVIDADE-2="" SETOR-DE-ATIVIDADE-3=""/><conceitoCapes/></MESTRADO></FORMACAO-ACADEMICA-TITULACAO><ATUACOES-PROFISSIONAIS><ATUACAO-PROFISSIONAL CODIGO-INSTITUICAO="000100000991" NOME-INSTITUICAO="Paramis Gestão de Investimentos Imobiliários S.A." SEQUENCIA-ATIVIDADE="1" SEQUENCIA-IMPORTANCIA=""><VINCULOS SEQUENCIA-HISTORICO="1" TIPO-DE-VINCULO="COLABORADOR" ENQUADRAMENTO-FUNCIONAL="LIVRE" CARGA-HORARIA-SEMANAL="8" FLAG-DEDICACAO-EXCLUSIVA="NAO" MES-INICIO="09" ANO-INICIO="2010" MES-FIM="05" ANO-FIM="2012" OUTRAS-INFORMACOES="? Análise e gestão do fluxo de caixa (diário, mensal, trimestral, semestral e anual); ? Definição do orçamento com base no fluxo de caixa realizado; ? Elaboração do planejamento financeiro no curto, médio e longo prazos; ? Gestão do contas a pagar com os respectivos controle de impostos retidos na fonte: ISS, INSS, PIS, COFINS, CSLL e IR; ? Controle de aplicações em CDBs e seus respectivos resgates em referência a média diária da DI-CETIP; ? Administração da carteira de recebíveis (própria, com contratos em garantia e isolados); ? Atualização diária das contas correntes dos recebíveis em garantia; ? Remessas para diversos fundos de investimentos; ? Emissão de borderôs de pagamentos e recebíveis; ? Reports diários para diretoria; ? Verificação diária das contas correntes das empresas do grupo; ? Negociação de eventuais empréstimos e suas quitações; ? Bom relacionamento bancário; ? Atividades administrativas diversas: controle de estoque de materiais diversos, fundo fixo e outros;  ? Implantação do sistema Nasajon ? módulo financeiro: contas a pagar, contas a receber, conciliação bancária, controle de contas correntes, cadastros de fornecedores e demais atividades de gerenciamento do sistema; ? Análise das demonstrações contábeis e controles contábeis em geral; ? Planejamento fiscal anual; ? Relatórios financeiros e gerenciais; ? Gerenciamento de custos fixos e variáveis;" FLAG-VINCULO-EMPREGATICIO="SIM" OUTRO-VINCULO-INFORMADO="" OUTRO-ENQUADRAMENTO-FUNCIONAL-INFORMADO="Gerente Financeiro" OUTRO-ENQUADRAMENTO-FUNCIONAL-INFORMADO-INGLES="" OUTRAS-INFORMACOES-INGLES=""/><atividadesProfissionaisPlanificadas/></ATUACAO-PROFISSIONAL><ATUACAO-PROFISSIONAL CODIGO-INSTITUICAO="000200000993" NOME-INSTITUICAO="Centro Brasileiro de Cursos" SEQUENCIA-ATIVIDADE="3" SEQUENCIA-IMPORTANCIA=""><VINCULOS SEQUENCIA-HISTORICO="1" TIPO-DE-VINCULO="COLABORADOR" ENQUADRAMENTO-FUNCIONAL="LIVRE" CARGA-HORARIA-SEMANAL="20" FLAG-DEDICACAO-EXCLUSIVA="NAO" MES-INICIO="06" ANO-INICIO="2009" MES-FIM="09" ANO-FIM="2009" OUTRAS-INFORMACOES="Além de transferir o conteúdo previamento elaborado pela comissão interdisciplinar da instituição obtive licença para acrescentar materiais que pudessem enriquecer os encontros. Materiais esses nas áreas de: contabilidade, estatística, informática aplicada, matemática financeira e finanças." FLAG-VINCULO-EMPREGATICIO="SIM" OUTRO-VINCULO-INFORMADO="" OUTRO-ENQUADRAMENTO-FUNCIONAL-INFORMADO="Instrutor do programa assist. administrativo" OUTRO-ENQUADRAMENTO-FUNCIONAL-INFORMADO-INGLES="" OUTRAS-INFORMACOES-INGLES="Além de transferir o conteúdo previamento elaborado pela comissão interdisciplinar da instituição obtive licença para acrescentar materiais que pudessem enriquecer os encontros. Materiais esses nas áreas de: contabilidade, estatística, informática aplicada, matemática financeira e finanças."/><atividadesProfissionaisPlanificadas/></ATUACAO-PROFISSIONAL><ATUACAO-PROFISSIONAL CODIGO-INSTITUICAO="201900000008" NOME-INSTITUICAO="Centro Universitário Augusto Motta" SEQUENCIA-ATIVIDADE="4" SEQUENCIA-IMPORTANCIA=""><VINCULOS SEQUENCIA-HISTORICO="1" TIPO-DE-VINCULO="COLABORADOR" ENQUADRAMENTO-FUNCIONAL="LIVRE" CARGA-HORARIA-SEMANAL="12" FLAG-DEDICACAO-EXCLUSIVA="NAO" MES-INICIO="09" ANO-INICIO="2010" MES-FIM="" ANO-FIM="" OUTRAS-INFORMACOES="" FLAG-VINCULO-EMPREGATICIO="SIM" OUTRO-VINCULO-INFORMADO="" OUTRO-ENQUADRAMENTO-FUNCIONAL-INFORMADO="Professor Auxiliar" OUTRO-ENQUADRAMENTO-FUNCIONAL-INFORMADO-INGLES="" OUTRAS-INFORMACOES-INGLES=""/><VINCULOS SEQUENCIA-HISTORICO="2" TIPO-DE-VINCULO="LIVRE" ENQUADRAMENTO-FUNCIONAL="LIVRE" CARGA-HORARIA-SEMANAL="" FLAG-DEDICACAO-EXCLUSIVA="NAO" MES-INICIO="10" ANO-INICIO="2014" MES-FIM="" ANO-FIM="" OUTRAS-INFORMACOES="" FLAG-VINCULO-EMPREGATICIO="SIM" OUTRO-VINCULO-INFORMADO="Colegiado curso Administração" OUTRO-ENQUADRAMENTO-FUNCIONAL-INFORMADO="Colegiado curso Administração" OUTRO-ENQUADRAMENTO-FUNCIONAL-INFORMADO-INGLES="" OUTRAS-INFORMACOES-INGLES=""/><ATIVIDADES-DE-DIRECAO-E-ADMINISTRACAO><DIRECAO-E-ADMINISTRACAO SEQUENCIA-FUNCAO-ATIVIDADE="1" FLAG-PERIODO="ANTERIOR" MES-INICIO="08" ANO-INICIO="2012" MES-FIM="08" ANO-FIM="2014" CODIGO-ORGAO="201901000990" NOME-ORGAO="Coordenação" CODIGO-UNIDADE="" FORMATO-CARGO-OU-FUNCAO="LIVRE" CARGO-OU-FUNCAO="Coordenador Adjunto de Administração" NOME-UNIDADE="" CARGO-OU-FUNCAO-INGLES=""/></ATIVIDADES-DE-DIRECAO-E-ADMINISTRACAO><ATIVIDADES-DE-CONSELHO-COMISSAO-E-CONSULTORIA><CONSELHO-COMISSAO-E-CONSULTORIA SEQUENCIA-FUNCAO-ATIVIDADE="2" FLAG-PERIODO="ANTERIOR" MES-INICIO="08" ANO-INICIO="2012" MES-FIM="08" ANO-FIM="2014" CODIGO-ORGAO="201902000994" NOME-ORGAO="Núcleo Docente Estruturante" CODIGO-UNIDADE="" NOME-UNIDADE="" ESPECIFICACAO="Elaborar alterações para o curso de Administração"/></ATIVIDADES-DE-CONSELHO-COMISSAO-E-CONSULTORIA><atividadesProfissionaisPlanificadas/></ATUACAO-PROFISSIONAL><ATUACAO-PROFISSIONAL CODIGO-INSTITUICAO="J8PA00000007" NOME-INSTITUICAO="Conselho Regional de Administração do Rio de Janeiro" SEQUENCIA-ATIVIDADE="5" SEQUENCIA-IMPORTANCIA=""><VINCULOS SEQUENCIA-HISTORICO="1" TIPO-DE-VINCULO="LIVRE" ENQUADRAMENTO-FUNCIONAL="LIVRE" CARGA-HORARIA-SEMANAL="1" FLAG-DEDICACAO-EXCLUSIVA="NAO" MES-INICIO="08" ANO-INICIO="2014" MES-FIM="" ANO-FIM="" OUTRAS-INFORMACOES="" FLAG-VINCULO-EMPREGATICIO="SIM" OUTRO-VINCULO-INFORMADO="Membro comissão de Marketing" OUTRO-ENQUADRAMENTO-FUNCIONAL-INFORMADO="Membro comissão de Marketing" OUTRO-ENQUADRAMENTO-FUNCIONAL-INFORMADO-INGLES="" OUTRAS-INFORMACOES-INGLES=""/><atividadesProfissionaisPlanificadas/></ATUACAO-PROFISSIONAL><ATUACAO-PROFISSIONAL CODIGO-INSTITUICAO="000900000996" NOME-INSTITUICAO="Conselho Regional de Administração" SEQUENCIA-ATIVIDADE="6" SEQUENCIA-IMPORTANCIA=""><VINCULOS SEQUENCIA-HISTORICO="1" TIPO-DE-VINCULO="LIVRE" ENQUADRAMENTO-FUNCIONAL="LIVRE" CARGA-HORARIA-SEMANAL="" FLAG-DEDICACAO-EXCLUSIVA="NAO" MES-INICIO="05" ANO-INICIO="2015" MES-FIM="" ANO-FIM="" OUTRAS-INFORMACOES="Adm. Alex Sander Agrellos Modesto integrou o Comitê Científico e avaliou artigos submetidos ao XIV Fórum Internacional de Administração." FLAG-VINCULO-EMPREGATICIO="SIM" OUTRO-VINCULO-INFORMADO="Membro de comitê assessor" OUTRO-ENQUADRAMENTO-FUNCIONAL-INFORMADO="" OUTRO-ENQUADRAMENTO-FUNCIONAL-INFORMADO-INGLES="" OUTRAS-INFORMACOES-INGLES=""/><atividadesProfissionaisPlanificadas/></ATUACAO-PROFISSIONAL><ATUACAO-PROFISSIONAL CODIGO-INSTITUICAO="001000000998" NOME-INSTITUICAO="Agir Contábil" SEQUENCIA-ATIVIDADE="7" SEQUENCIA-IMPORTANCIA="5"><VINCULOS SEQUENCIA-HISTORICO="1" TIPO-DE-VINCULO="LIVRE" ENQUADRAMENTO-FUNCIONAL="LIVRE" CARGA-HORARIA-SEMANAL="8" FLAG-DEDICACAO-EXCLUSIVA="NAO" MES-INICIO="09" ANO-INICIO="2016" MES-FIM="" ANO-FIM="" OUTRAS-INFORMACOES="" FLAG-VINCULO-EMPREGATICIO="SIM" OUTRO-VINCULO-INFORMADO="Sócio" OUTRO-ENQUADRAMENTO-FUNCIONAL-INFORMADO="Diretor" OUTRO-ENQUADRAMENTO-FUNCIONAL-INFORMADO-INGLES="" OUTRAS-INFORMACOES-INGLES=""/><atividadesProfissionaisPlanificadas/></ATUACAO-PROFISSIONAL></ATUACOES-PROFISSIONAIS><AREAS-DE-ATUACAO><AREA-DE-ATUACAO SEQUENCIA-AREA-DE-ATUACAO="1" NOME-GRANDE-AREA-DO-CONHECIMENTO="CIENCIAS_SOCIAIS_APLICADAS" NOME-DA-AREA-DO-CONHECIMENTO="Administração" NOME-DA-SUB-AREA-DO-CONHECIMENTO="Administração de Empresas" NOME-DA-ESPECIALIDADE="Administração Financeira"/><AREA-DE-ATUACAO SEQUENCIA-AREA-DE-ATUACAO="2" NOME-GRANDE-AREA-DO-CONHECIMENTO="CIENCIAS_SOCIAIS_APLICADAS" NOME-DA-AREA-DO-CONHECIMENTO="Administração" NOME-DA-SUB-AREA-DO-CONHECIMENTO="Administração de Empresas" NOME-DA-ESPECIALIDADE=""/><AREA-DE-ATUACAO SEQUENCIA-AREA-DE-ATUACAO="3" NOME-GRANDE-AREA-DO-CONHECIMENTO="CIENCIAS_HUMANAS" NOME-DA-AREA-DO-CONHECIMENTO="Educação" NOME-DA-SUB-AREA-DO-CONHECIMENTO="Administração Educacional" NOME-DA-ESPECIALIDADE="Administração de Sistemas Educacionais"/></AREAS-DE-ATUACAO><IDIOMAS><IDIOMA IDIOMA="EN" DESCRICAO-DO-IDIOMA="Inglês" PROFICIENCIA-DE-LEITURA="BEM" PROFICIENCIA-DE-FALA="RAZOAVELMENTE" PROFICIENCIA-DE-ESCRITA="RAZOAVELMENTE" PROFICIENCIA-DE-COMPREENSAO="BEM"/><IDIOMA IDIOMA="ES" DESCRICAO-DO-IDIOMA="Espanhol" PROFICIENCIA-DE-LEITURA="RAZOAVELMENTE" PROFICIENCIA-DE-FALA="RAZOAVELMENTE" PROFICIENCIA-DE-ESCRITA="RAZOAVELMENTE" PROFICIENCIA-DE-COMPREENSAO="RAZOAVELMENTE"/><IDIOMA IDIOMA="FR" DESCRICAO-DO-IDIOMA="Francês" PROFICIENCIA-DE-LEITURA="POUCO" PROFICIENCIA-DE-FALA="POUCO" PROFICIENCIA-DE-ESCRITA="POUCO" PROFICIENCIA-DE-COMPREENSAO="POUCO"/></IDIOMAS><staValidado/><dataExibicao/><dadosBolsista/></DADOS-GERAIS><PRODUCAO-BIBLIOGRAFICA><TEXTOS-EM-JORNAIS-OU-REVISTAS><TEXTO-EM-JORNAL-OU-REVISTA SEQUENCIA-PRODUCAO="11"><DADOS-BASICOS-DO-TEXTO NATUREZA="JORNAL_DE_NOTICIAS" TITULO-DO-TEXTO="Marketing: bons salários e muitas oportunidades" ANO-DO-TEXTO="2012" PAIS-DE-PUBLICACAO="Brasil" IDIOMA="Português" MEIO-DE-DIVULGACAO="MEIO_DIGITAL" HOME-PAGE-DO-TRABALHO="http://www.ofluminense.com.br/print/105706" FLAG-RELEVANCIA="SIM" DOI="" TITULO-DO-TEXTO-INGLES="Marketing: bons salários e muitas oportunidades" FLAG-DIVULGACAO-CIENTIFICA="SIM"/><DETALHAMENTO-DO-TEXTO TITULO-DO-JORNAL-OU-REVISTA="O fluminense" ISSN="" FORMATO-DATA-DE-PUBLICACAO="DDMMAAAA" DATA-DE-PUBLICACAO="19082012" VOLUME="" PAGINA-INICIAL="" PAGINA-FINAL="" LOCAL-DE-PUBLICACAO="www.fluminense.com.br"><dataPublicacaoFormatoSimples/></DETALHAMENTO-DO-TEXTO><AUTORES NOME-COMPLETO-DO-AUTOR="Prisca Fontes" NOME-PARA-CITACAO="FONTES, P." ORDEM-DE-AUTORIA="1" NRO-ID-CNPQ=""/><AUTORES NOME-COMPLETO-DO-AUTOR="Alex Sander Agrellos Modesto" NOME-PARA-CITACAO="MODESTO, A. S. A." ORDEM-DE-AUTORIA="2" NRO-ID-CNPQ="5963077004657610"/><PALAVRAS-CHAVE PALAVRA-CHAVE-1="Contribuição Social" PALAVRA-CHAVE-2="" PALAVRA-CHAVE-3="" PALAVRA-CHAVE-4="" PALAVRA-CHAVE-5="" PALAVRA-CHAVE-6=""/><AREAS-DO-CONHECIMENTO><AREA-DO-CONHECIMENTO-1 NOME-GRANDE-AREA-DO-CONHECIMENTO="CIENCIAS_SOCIAIS_APLICADAS" NOME-DA-AREA-DO-CONHECIMENTO="" NOME-DA-SUB-AREA-DO-CONHECIMENTO="Administração de Empresas" NOME-DA-ESPECIALIDADE=""/></AREAS-DO-CONHECIMENTO><SETORES-DE-ATIVIDADE SETOR-DE-ATIVIDADE-1="Educação" SETOR-DE-ATIVIDADE-2="" SETOR-DE-ATIVIDADE-3=""/></TEXTO-EM-JORNAL-OU-REVISTA><TEXTO-EM-JORNAL-OU-REVISTA SEQUENCIA-PRODUCAO="1"><DADOS-BASICOS-DO-TEXTO NATUREZA="JORNAL_DE_NOTICIAS" TITULO-DO-TEXTO="Conhecimento teórico versus aplicação prática" ANO-DO-TEXTO="2010" PAIS-DE-PUBLICACAO="Brasil" IDIOMA="Português" MEIO-DE-DIVULGACAO="MEIO_DIGITAL" HOME-PAGE-DO-TRABALHO="www.administradores.com.br" FLAG-RELEVANCIA="SIM" DOI="" TITULO-DO-TEXTO-INGLES="" FLAG-DIVULGACAO-CIENTIFICA="NAO"/><DETALHAMENTO-DO-TEXTO TITULO-DO-JORNAL-OU-REVISTA="Administradores.com" ISSN="0" FORMATO-DATA-DE-PUBLICACAO="DDMMAAAA" DATA-DE-PUBLICACAO="31082010" VOLUME="" PAGINA-INICIAL="1" PAGINA-FINAL="2" LOCAL-DE-PUBLICACAO="Rio de Janeiro"><dataPublicacaoFormatoSimples/></DETALHAMENTO-DO-TEXTO><AUTORES NOME-COMPLETO-DO-AUTOR="Alex Sander Agrellos Modesto" NOME-PARA-CITACAO="MODESTO, A. S. A." ORDEM-DE-AUTORIA="1" NRO-ID-CNPQ="5963077004657610"/><PALAVRAS-CHAVE PALAVRA-CHAVE-1="Recursos Humanos" PALAVRA-CHAVE-2="Desenvolvimento pessoal" PALAVRA-CHAVE-3="" PALAVRA-CHAVE-4="" PALAVRA-CHAVE-5="" PALAVRA-CHAVE-6=""/><AREAS-DO-CONHECIMENTO><AREA-DO-CONHECIMENTO-1 NOME-GRANDE-AREA-DO-CONHECIMENTO="CIENCIAS_SOCIAIS_APLICADAS" NOME-DA-AREA-DO-CONHECIMENTO="" NOME-DA-SUB-AREA-DO-CONHECIMENTO="Administração de Empresas" NOME-DA-ESPECIALIDADE="Administração de Recursos Humanos"/></AREAS-DO-CONHECIMENTO><SETORES-DE-ATIVIDADE SETOR-DE-ATIVIDADE-1="Educação" SETOR-DE-ATIVIDADE-2="" SETOR-DE-ATIVIDADE-3=""/></TEXTO-EM-JORNAL-OU-REVISTA></TEXTOS-EM-JORNAIS-OU-REVISTAS></PRODUCAO-BIBLIOGRAFICA><PRODUCAO-TECNICA><DEMAIS-TIPOS-DE-PRODUCAO-TECNICA><APRESENTACAO-DE-TRABALHO SEQUENCIA-PRODUCAO="8"><DADOS-BASICOS-DA-APRESENTACAO-DE-TRABALHO NATUREZA="COMUNICACAO" TITULO="Como conciliar os crescentes custos com as reservas financeiras" ANO="2007" PAIS="Brasil" IDIOMA="Português" FLAG-RELEVANCIA="NAO" DOI="" TITULO-INGLES="" FLAG-DIVULGACAO-CIENTIFICA="NAO"/><DETALHAMENTO-DA-APRESENTACAO-DE-TRABALHO NOME-DO-EVENTO="Workshop Reservas Financeiras" INSTITUICAO-PROMOTORA="Abramge RJ/ES" LOCAL-DA-APRESENTACAO="Hotel Guanabara" CIDADE-DA-APRESENTACAO="Rio de Janeiro" NOME-DO-EVENTO-INGLES=""/><AUTORES NOME-COMPLETO-DO-AUTOR="Alex Sander Agrellos Modesto" NOME-PARA-CITACAO="MODESTO, A. S. A." ORDEM-DE-AUTORIA="1" NRO-ID-CNPQ="5963077004657610"/><PALAVRAS-CHAVE PALAVRA-CHAVE-1="Desenvolvimento pessoal" PALAVRA-CHAVE-2="Finanças" PALAVRA-CHAVE-3="" PALAVRA-CHAVE-4="" PALAVRA-CHAVE-5="" PALAVRA-CHAVE-6=""/><AREAS-DO-CONHECIMENTO><AREA-DO-CONHECIMENTO-1 NOME-GRANDE-AREA-DO-CONHECIMENTO="CIENCIAS_SOCIAIS_APLICADAS" NOME-DA-AREA-DO-CONHECIMENTO="" NOME-DA-SUB-AREA-DO-CONHECIMENTO="Administração de Empresas" NOME-DA-ESPECIALIDADE="Administração Financeira"/></AREAS-DO-CONHECIMENTO><SETORES-DE-ATIVIDADE SETOR-DE-ATIVIDADE-1="Atividades financeiras, de seguros e serviços relacionados" SETOR-DE-ATIVIDADE-2="" SETOR-DE-ATIVIDADE-3=""/></APRESENTACAO-DE-TRABALHO><CURSO-DE-CURTA-DURACAO-MINISTRADO SEQUENCIA-PRODUCAO="2"><DADOS-BASICOS-DE-CURSOS-CURTA-DURACAO-MINISTRADO NIVEL-DO-CURSO="OUTRA" TITULO="Treinamento Técnico Comportamental" ANO="2005" PAIS="Brasil" IDIOMA="Português" MEIO-DE-DIVULGACAO="OUTRO" HOME-PAGE-DO-TRABALHO="" FLAG-RELEVANCIA="NAO" DOI="" TITULO-INGLES="" FLAG-DIVULGACAO-CIENTIFICA="NAO"/><DETALHAMENTO-DE-CURSOS-CURTA-DURACAO-MINISTRADO PARTICIPACAO-DOS-AUTORES="DOCENTE" INSTITUICAO-PROMOTORA-DO-CURSO="Chiptek Informática Ltda" LOCAL-DO-CURSO="Colégio Estadual Souza Aguiar" CIDADE="Rio de Janeiro" DURACAO="48" UNIDADE="semanas" UNIDADE-INGLES=""/><AUTORES NOME-COMPLETO-DO-AUTOR="Alex Sander Agrellos Modesto" NOME-PARA-CITACAO="MODESTO, A. S. A." ORDEM-DE-AUTORIA="1" NRO-ID-CNPQ="5963077004657610"/><PALAVRAS-CHAVE PALAVRA-CHAVE-1="Recursos Humanos" PALAVRA-CHAVE-2="" PALAVRA-CHAVE-3="" PALAVRA-CHAVE-4="" PALAVRA-CHAVE-5="" PALAVRA-CHAVE-6=""/><AREAS-DO-CONHECIMENTO><AREA-DO-CONHECIMENTO-1 NOME-GRANDE-AREA-DO-CONHECIMENTO="CIENCIAS_SOCIAIS_APLICADAS" NOME-DA-AREA-DO-CONHECIMENTO="" NOME-DA-SUB-AREA-DO-CONHECIMENTO="Administração de Empresas" NOME-DA-ESPECIALIDADE="Administração de Recursos Humanos"/></AREAS-DO-CONHECIMENTO><SETORES-DE-ATIVIDADE SETOR-DE-ATIVIDADE-1="Educação" SETOR-DE-ATIVIDADE-2="" SETOR-DE-ATIVIDADE-3=""/></CURSO-DE-CURTA-DURACAO-MINISTRADO><ORGANIZACAO-DE-EVENTO SEQUENCIA-PRODUCAO="19"><DADOS-BASICOS-DA-ORGANIZACAO-DE-EVENTO TIPO="OUTRO" NATUREZA="ORGANIZACAO" TITULO="A magia do Marketing" ANO="2012" PAIS="Brasil" IDIOMA="Português" MEIO-DE-DIVULGACAO="IMPRESSO" HOME-PAGE-DO-TRABALHO="" FLAG-RELEVANCIA="SIM" DOI="" TITULO-INGLES="A magia do Marketing" FLAG-DIVULGACAO-CIENTIFICA="NAO"/><DETALHAMENTO-DA-ORGANIZACAO-DE-EVENTO INSTITUICAO-PROMOTORA="UNISUAM-RJ" DURACAO-EM-SEMANAS="1" FLAG-EVENTO-ITINERANTE="N" FLAG-CATALOGO="" LOCAL="UNISUAM-RJ" CIDADE="Rio de Janeiro"/><AUTORES NOME-COMPLETO-DO-AUTOR="Alex Sander Agrellos Modesto" NOME-PARA-CITACAO="MODESTO, A. S. A." ORDEM-DE-AUTORIA="1" NRO-ID-CNPQ="5963077004657610"/><PALAVRAS-CHAVE PALAVRA-CHAVE-1="Contribuição Social" PALAVRA-CHAVE-2="" PALAVRA-CHAVE-3="" PALAVRA-CHAVE-4="" PALAVRA-CHAVE-5="" PALAVRA-CHAVE-6=""/><AREAS-DO-CONHECIMENTO><AREA-DO-CONHECIMENTO-1 NOME-GRANDE-AREA-DO-CONHECIMENTO="CIENCIAS_SOCIAIS_APLICADAS" NOME-DA-AREA-DO-CONHECIMENTO="" NOME-DA-SUB-AREA-DO-CONHECIMENTO="Administração de Empresas" NOME-DA-ESPECIALIDADE=""/></AREAS-DO-CONHECIMENTO><SETORES-DE-ATIVIDADE SETOR-DE-ATIVIDADE-1="Educação" SETOR-DE-ATIVIDADE-2="" SETOR-DE-ATIVIDADE-3=""/></ORGANIZACAO-DE-EVENTO><ORGANIZACAO-DE-EVENTO SEQUENCIA-PRODUCAO="20"><DADOS-BASICOS-DA-ORGANIZACAO-DE-EVENTO TIPO="OUTRO" NATUREZA="NAO_INFORMADO" TITULO="II Encontro Profissional do curso de Administração UNISUAM" ANO="2014" PAIS="Brasil" IDIOMA="Português" MEIO-DE-DIVULGACAO="IMPRESSO" HOME-PAGE-DO-TRABALHO="" FLAG-RELEVANCIA="NAO" DOI="" TITULO-INGLES="II Encontro Profissional do curso de Administração UNISUAM" FLAG-DIVULGACAO-CIENTIFICA="NAO"/><DETALHAMENTO-DA-ORGANIZACAO-DE-EVENTO INSTITUICAO-PROMOTORA="UNISUAM-RJ" DURACAO-EM-SEMANAS="1" FLAG-EVENTO-ITINERANTE="N" FLAG-CATALOGO="" LOCAL="UNISUAM-RJ" CIDADE="Rio de Janeiro"/><AUTORES NOME-COMPLETO-DO-AUTOR="Alex Sander Agrellos Modesto" NOME-PARA-CITACAO="MODESTO, A. S. A." ORDEM-DE-AUTORIA="1" NRO-ID-CNPQ="5963077004657610"/><PALAVRAS-CHAVE PALAVRA-CHAVE-1="Contribuição Social" PALAVRA-CHAVE-2="" PALAVRA-CHAVE-3="" PALAVRA-CHAVE-4="" PALAVRA-CHAVE-5="" PALAVRA-CHAVE-6=""/><AREAS-DO-CONHECIMENTO><AREA-DO-CONHECIMENTO-1 NOME-GRANDE-AREA-DO-CONHECIMENTO="CIENCIAS_SOCIAIS_APLICADAS" NOME-DA-AREA-DO-CONHECIMENTO="" NOME-DA-SUB-AREA-DO-CONHECIMENTO="Administração de Empresas" NOME-DA-ESPECIALIDADE=""/></AREAS-DO-CONHECIMENTO><SETORES-DE-ATIVIDADE SETOR-DE-ATIVIDADE-1="Educação" SETOR-DE-ATIVIDADE-2="" SETOR-DE-ATIVIDADE-3=""/></ORGANIZACAO-DE-EVENTO><ORGANIZACAO-DE-EVENTO SEQUENCIA-PRODUCAO="28"><DADOS-BASICOS-DA-ORGANIZACAO-DE-EVENTO TIPO="OUTRO" NATUREZA="ORGANIZACAO" TITULO="Marketing, Mercado e Mulher: uma mudança na estratégia empresarial como um diferencial competitivo" ANO="2014" PAIS="Brasil" IDIOMA="Português" MEIO-DE-DIVULGACAO="VARIOS" HOME-PAGE-DO-TRABALHO="" FLAG-RELEVANCIA="SIM" DOI="" TITULO-INGLES="Marketing, Mercado e Mulher: uma mudança na estratégia empresarial como um diferencial competitivo" FLAG-DIVULGACAO-CIENTIFICA="SIM"/><DETALHAMENTO-DA-ORGANIZACAO-DE-EVENTO INSTITUICAO-PROMOTORA="Conselho Regional de Administração do Rio de Janeiro" DURACAO-EM-SEMANAS="" FLAG-EVENTO-ITINERANTE="N" FLAG-CATALOGO="" LOCAL="Auditório do CRA-RJ" CIDADE="Rio de Janeiro"/><AUTORES NOME-COMPLETO-DO-AUTOR="Alex Sander Agrellos Modesto" NOME-PARA-CITACAO="MODESTO, A. S. A." ORDEM-DE-AUTORIA="1" NRO-ID-CNPQ="5963077004657610"/></ORGANIZACAO-DE-EVENTO><ORGANIZACAO-DE-EVENTO SEQUENCIA-PRODUCAO="36"><DADOS-BASICOS-DA-ORGANIZACAO-DE-EVENTO TIPO="OUTRO" NATUREZA="ORGANIZACAO" TITULO="O avanço do basquete através da gestão" ANO="2016" PAIS="Brasil" IDIOMA="Português" MEIO-DE-DIVULGACAO="MEIO_DIGITAL" HOME-PAGE-DO-TRABALHO="" FLAG-RELEVANCIA="NAO" DOI="" TITULO-INGLES="" FLAG-DIVULGACAO-CIENTIFICA="SIM"/><DETALHAMENTO-DA-ORGANIZACAO-DE-EVENTO INSTITUICAO-PROMOTORA="Conselho Regional de Administração" DURACAO-EM-SEMANAS="" FLAG-EVENTO-ITINERANTE="N" FLAG-CATALOGO="" LOCAL="Rio de Janeiro" CIDADE="Rio de Janeiro"/><AUTORES NOME-COMPLETO-DO-AUTOR="Alex Sander Agrellos Modesto" NOME-PARA-CITACAO="MODESTO, A. S. A." ORDEM-DE-AUTORIA="1" NRO-ID-CNPQ="5963077004657610"/><PALAVRAS-CHAVE PALAVRA-CHAVE-1="Desenvolvimento pessoal" PALAVRA-CHAVE-2="" PALAVRA-CHAVE-3="" PALAVRA-CHAVE-4="" PALAVRA-CHAVE-5="" PALAVRA-CHAVE-6=""/><AREAS-DO-CONHECIMENTO><AREA-DO-CONHECIMENTO-1 NOME-GRANDE-AREA-DO-CONHECIMENTO="CIENCIAS_SOCIAIS_APLICADAS" NOME-DA-AREA-DO-CONHECIMENTO="" NOME-DA-SUB-AREA-DO-CONHECIMENTO="Administração de Setores Específicos" NOME-DA-ESPECIALIDADE=""/></AREAS-DO-CONHECIMENTO><SETORES-DE-ATIVIDADE SETOR-DE-ATIVIDADE-1="Educação" SETOR-DE-ATIVIDADE-2="" SETOR-DE-ATIVIDADE-3=""/></ORGANIZACAO-DE-EVENTO><ORGANIZACAO-DE-EVENTO SEQUENCIA-PRODUCAO="37"><DADOS-BASICOS-DA-ORGANIZACAO-DE-EVENTO TIPO="OUTRO" NATUREZA="NAO_INFORMADO" TITULO="Shopping centers: as estratégias de marketing para minimização da crise" ANO="2015" PAIS="Brasil" IDIOMA="Português" MEIO-DE-DIVULGACAO="VARIOS" HOME-PAGE-DO-TRABALHO="" FLAG-RELEVANCIA="NAO" DOI="" TITULO-INGLES="" FLAG-DIVULGACAO-CIENTIFICA="SIM"/><DETALHAMENTO-DA-ORGANIZACAO-DE-EVENTO INSTITUICAO-PROMOTORA="Universidade Corporativa do CRA-RJ" DURACAO-EM-SEMANAS="" FLAG-EVENTO-ITINERANTE="N" FLAG-CATALOGO="" LOCAL="Rio de Janeiro" CIDADE="Rio de Janeiro"/><AUTORES NOME-COMPLETO-DO-AUTOR="Alex Sander Agrellos Modesto" NOME-PARA-CITACAO="MODESTO, A. S. A." ORDEM-DE-AUTORIA="1" NRO-ID-CNPQ="5963077004657610"/><PALAVRAS-CHAVE PALAVRA-CHAVE-1="Desenvolvimento pessoal" PALAVRA-CHAVE-2="" PALAVRA-CHAVE-3="" PALAVRA-CHAVE-4="" PALAVRA-CHAVE-5="" PALAVRA-CHAVE-6=""/><AREAS-DO-CONHECIMENTO><AREA-DO-CONHECIMENTO-1 NOME-GRANDE-AREA-DO-CONHECIMENTO="CIENCIAS_SOCIAIS_APLICADAS" NOME-DA-AREA-DO-CONHECIMENTO="" NOME-DA-SUB-AREA-DO-CONHECIMENTO="Administração de Empresas" NOME-DA-ESPECIALIDADE="Mercadologia"/></AREAS-DO-CONHECIMENTO><SETORES-DE-ATIVIDADE SETOR-DE-ATIVIDADE-1="Educação" SETOR-DE-ATIVIDADE-2="" SETOR-DE-ATIVIDADE-3=""/></ORGANIZACAO-DE-EVENTO><ORGANIZACAO-DE-EVENTO SEQUENCIA-PRODUCAO="38"><DADOS-BASICOS-DA-ORGANIZACAO-DE-EVENTO TIPO="OUTRO" NATUREZA="ORGANIZACAO" TITULO="Administração e suas perspectivas" ANO="2016" PAIS="Brasil" IDIOMA="Português" MEIO-DE-DIVULGACAO="VARIOS" HOME-PAGE-DO-TRABALHO="" FLAG-RELEVANCIA="NAO" DOI="" TITULO-INGLES="" FLAG-DIVULGACAO-CIENTIFICA="SIM"/><DETALHAMENTO-DA-ORGANIZACAO-DE-EVENTO INSTITUICAO-PROMOTORA="Centro Universitário Augusto Motta" DURACAO-EM-SEMANAS="1" FLAG-EVENTO-ITINERANTE="N" FLAG-CATALOGO="" LOCAL="Rio de Janeiro" CIDADE="Rio de Janeiro"/><AUTORES NOME-COMPLETO-DO-AUTOR="Alex Sander Agrellos Modesto" NOME-PARA-CITACAO="MODESTO, A. S. A." ORDEM-DE-AUTORIA="1" NRO-ID-CNPQ="5963077004657610"/><PALAVRAS-CHAVE PALAVRA-CHAVE-1="Desenvolvimento pessoal" PALAVRA-CHAVE-2="" PALAVRA-CHAVE-3="" PALAVRA-CHAVE-4="" PALAVRA-CHAVE-5="" PALAVRA-CHAVE-6=""/><AREAS-DO-CONHECIMENTO><AREA-DO-CONHECIMENTO-1 NOME-GRANDE-AREA-DO-CONHECIMENTO="CIENCIAS_SOCIAIS_APLICADAS" NOME-DA-AREA-DO-CONHECIMENTO="" NOME-DA-SUB-AREA-DO-CONHECIMENTO="" NOME-DA-ESPECIALIDADE=""/></AREAS-DO-CONHECIMENTO><SETORES-DE-ATIVIDADE SETOR-DE-ATIVIDADE-1="Educação" SETOR-DE-ATIVIDADE-2="" SETOR-DE-ATIVIDADE-3=""/></ORGANIZACAO-DE-EVENTO><ORGANIZACAO-DE-EVENTO SEQUENCIA-PRODUCAO="39"><DADOS-BASICOS-DA-ORGANIZACAO-DE-EVENTO TIPO="OUTRO" NATUREZA="ORGANIZACAO" TITULO="Administração e suas perspectivas" ANO="2016" PAIS="Brasil" IDIOMA="Português" MEIO-DE-DIVULGACAO="VARIOS" HOME-PAGE-DO-TRABALHO="" FLAG-RELEVANCIA="NAO" DOI="" TITULO-INGLES="" FLAG-DIVULGACAO-CIENTIFICA="SIM"/><DETALHAMENTO-DA-ORGANIZACAO-DE-EVENTO INSTITUICAO-PROMOTORA="Centro Universitário Augusto Motta" DURACAO-EM-SEMANAS="1" FLAG-EVENTO-ITINERANTE="N" FLAG-CATALOGO="" LOCAL="Rio de Janeiro" CIDADE="Rio de Janeiro"/><AUTORES NOME-COMPLETO-DO-AUTOR="Alex Sander Agrellos Modesto" NOME-PARA-CITACAO="MODESTO, A. S. A." ORDEM-DE-AUTORIA="1" NRO-ID-CNPQ="5963077004657610"/><PALAVRAS-CHAVE PALAVRA-CHAVE-1="Desenvolvimento pessoal" PALAVRA-CHAVE-2="" PALAVRA-CHAVE-3="" PALAVRA-CHAVE-4="" PALAVRA-CHAVE-5="" PALAVRA-CHAVE-6=""/><AREAS-DO-CONHECIMENTO><AREA-DO-CONHECIMENTO-1 NOME-GRANDE-AREA-DO-CONHECIMENTO="CIENCIAS_SOCIAIS_APLICADAS" NOME-DA-AREA-DO-CONHECIMENTO="" NOME-DA-SUB-AREA-DO-CONHECIMENTO="" NOME-DA-ESPECIALIDADE=""/></AREAS-DO-CONHECIMENTO><SETORES-DE-ATIVIDADE SETOR-DE-ATIVIDADE-1="Educação" SETOR-DE-ATIVIDADE-2="" SETOR-DE-ATIVIDADE-3=""/></ORGANIZACAO-DE-EVENTO><ORGANIZACAO-DE-EVENTO SEQUENCIA-PRODUCAO="40"><DADOS-BASICOS-DA-ORGANIZACAO-DE-EVENTO TIPO="OUTRO" NATUREZA="ORGANIZACAO" TITULO="Mesa redonda: O dia do profissional de RH" ANO="2016" PAIS="Brasil" IDIOMA="Português" MEIO-DE-DIVULGACAO="VARIOS" HOME-PAGE-DO-TRABALHO="" FLAG-RELEVANCIA="NAO" DOI="" TITULO-INGLES="" FLAG-DIVULGACAO-CIENTIFICA="SIM"/><DETALHAMENTO-DA-ORGANIZACAO-DE-EVENTO INSTITUICAO-PROMOTORA="Centro Universitário Augusto Motta" DURACAO-EM-SEMANAS="" FLAG-EVENTO-ITINERANTE="N" FLAG-CATALOGO="" LOCAL="Rio de Janeiro" CIDADE="Rio de Janeiro"/><AUTORES NOME-COMPLETO-DO-AUTOR="Alex Sander Agrellos Modesto" NOME-PARA-CITACAO="MODESTO, A. S. A." ORDEM-DE-AUTORIA="1" NRO-ID-CNPQ="5963077004657610"/><PALAVRAS-CHAVE PALAVRA-CHAVE-1="Recursos Humanos" PALAVRA-CHAVE-2="" PALAVRA-CHAVE-3="" PALAVRA-CHAVE-4="" PALAVRA-CHAVE-5="" PALAVRA-CHAVE-6=""/><AREAS-DO-CONHECIMENTO><AREA-DO-CONHECIMENTO-1 NOME-GRANDE-AREA-DO-CONHECIMENTO="CIENCIAS_SOCIAIS_APLICADAS" NOME-DA-AREA-DO-CONHECIMENTO="" NOME-DA-SUB-AREA-DO-CONHECIMENTO="Administração de Empresas" NOME-DA-ESPECIALIDADE="Administração de Recursos Humanos"/></AREAS-DO-CONHECIMENTO><SETORES-DE-ATIVIDADE SETOR-DE-ATIVIDADE-1="Educação" SETOR-DE-ATIVIDADE-2="" SETOR-DE-ATIVIDADE-3=""/></ORGANIZACAO-DE-EVENTO><ORGANIZACAO-DE-EVENTO SEQUENCIA-PRODUCAO="26"><DADOS-BASICOS-DA-ORGANIZACAO-DE-EVENTO TIPO="OUTRO" NATUREZA="NAO_INFORMADO" TITULO="III Encontro Profissional de Administração - UNISUAM - Unidade Taquara" ANO="2014" PAIS="Brasil" IDIOMA="Português" MEIO-DE-DIVULGACAO="VARIOS" HOME-PAGE-DO-TRABALHO="" FLAG-RELEVANCIA="SIM" DOI="" TITULO-INGLES="" FLAG-DIVULGACAO-CIENTIFICA="NAO"/><DETALHAMENTO-DA-ORGANIZACAO-DE-EVENTO INSTITUICAO-PROMOTORA="UNISUAM" DURACAO-EM-SEMANAS="" FLAG-EVENTO-ITINERANTE="N" FLAG-CATALOGO="" LOCAL="UNISUAM - Unidade Taquara" CIDADE="Rio de Janeiro"/><AUTORES NOME-COMPLETO-DO-AUTOR="Alex Sander Agrellos Modesto" NOME-PARA-CITACAO="MODESTO, A. S. A." ORDEM-DE-AUTORIA="1" NRO-ID-CNPQ="5963077004657610"/></ORGANIZACAO-DE-EVENTO></DEMAIS-TIPOS-DE-PRODUCAO-TECNICA></PRODUCAO-TECNICA><DADOS-COMPLEMENTARES><FORMACAO-COMPLEMENTAR><FORMACAO-COMPLEMENTAR-DE-EXTENSAO-UNIVERSITARIA SEQUENCIA-FORMACAO="4" NIVEL="8" CARGA-HORARIA="25" CODIGO-INSTITUICAO="985600042720" NOME-INSTITUICAO="Centro Universitário da Cidade" CODIGO-ORGAO="" NOME-ORGAO="" CODIGO-CURSO="90000003" NOME-CURSO="Matemática Financeira" STATUS-DO-CURSO="CONCLUIDO" ANO-DE-INICIO="1997" ANO-DE-CONCLUSAO="1997" NOME-CURSO-INGLES=""/><FORMACAO-COMPLEMENTAR-DE-EXTENSAO-UNIVERSITARIA SEQUENCIA-FORMACAO="7" NIVEL="8" CARGA-HORARIA="10" CODIGO-INSTITUICAO="201900000008" NOME-INSTITUICAO="Centro Universitário Augusto Motta" CODIGO-ORGAO="" NOME-ORGAO="" CODIGO-CURSO="90000007" NOME-CURSO="Gestão e Regulação do Ensino Superior" STATUS-DO-CURSO="CONCLUIDO" ANO-DE-INICIO="2012" ANO-DE-CONCLUSAO="2012" NOME-CURSO-INGLES=""/><FORMACAO-COMPLEMENTAR-CURSO-DE-CURTA-DURACAO SEQUENCIA-FORMACAO="9" NIVEL="F" CARGA-HORARIA="126" CODIGO-INSTITUICAO="000700000992" NOME-INSTITUICAO="Informatique Informática Ltda" CODIGO-ORGAO="" NOME-ORGAO="" CODIGO-CURSO="90000010" NOME-CURSO="Manutenção de Microcomputadores" STATUS-DO-CURSO="CONCLUIDO" ANO-DE-INICIO="1996" ANO-DE-CONCLUSAO="1996" NOME-CURSO-INGLES=""/><FORMACAO-COMPLEMENTAR-CURSO-DE-CURTA-DURACAO SEQUENCIA-FORMACAO="13" NIVEL="F" CARGA-HORARIA="5" CODIGO-INSTITUICAO="000400000008" NOME-INSTITUICAO="Fundação Getúlio Vargas" CODIGO-ORGAO="" NOME-ORGAO="" CODIGO-CURSO="90000013" NOME-CURSO="Conhecimento, Saber e Ciência" STATUS-DO-CURSO="CONCLUIDO" ANO-DE-INICIO="2015" ANO-DE-CONCLUSAO="2015" NOME-CURSO-INGLES=""/><FORMACAO-COMPLEMENTAR-CURSO-DE-CURTA-DURACAO SEQUENCIA-FORMACAO="12" NIVEL="F" CARGA-HORARIA="36" CODIGO-INSTITUICAO="000800000994" NOME-INSTITUICAO="C&amp;amp;M Vectra" CODIGO-ORGAO="" NOME-ORGAO="" CODIGO-CURSO="90000012" NOME-CURSO="Manutenção" STATUS-DO-CURSO="CONCLUIDO" ANO-DE-INICIO="1996" ANO-DE-CONCLUSAO="1996" NOME-CURSO-INGLES=""/><FORMACAO-COMPLEMENTAR-CURSO-DE-CURTA-DURACAO SEQUENCIA-FORMACAO="10" NIVEL="F" CARGA-HORARIA="9" CODIGO-INSTITUICAO="000300000995" NOME-INSTITUICAO="Chiptek Informática Ltda" CODIGO-ORGAO="" NOME-ORGAO="" CODIGO-CURSO="90000002" NOME-CURSO="Auditoria Interna - ISO 9001:2000" STATUS-DO-CURSO="CONCLUIDO" ANO-DE-INICIO="2005" ANO-DE-CONCLUSAO="2005" NOME-CURSO-INGLES=""/><FORMACAO-COMPLEMENTAR-CURSO-DE-CURTA-DURACAO SEQUENCIA-FORMACAO="5" NIVEL="F" CARGA-HORARIA="8" CODIGO-INSTITUICAO="000400000997" NOME-INSTITUICAO="Sinduscon - RJ" CODIGO-ORGAO="" NOME-ORGAO="" CODIGO-CURSO="90000004" NOME-CURSO="INSS na Construção Civil" STATUS-DO-CURSO="CONCLUIDO" ANO-DE-INICIO="2010" ANO-DE-CONCLUSAO="2010" NOME-CURSO-INGLES=""/><OUTROS SEQUENCIA-FORMACAO="11" NIVEL="Y" CARGA-HORARIA="165" CODIGO-INSTITUICAO="000300000995" NOME-INSTITUICAO="Chiptek Informática Ltda" CODIGO-ORGAO="" NOME-ORGAO="" CODIGO-CURSO="90000011" NOME-CURSO="Analista de Suporte" STATUS-DO-CURSO="CONCLUIDO" ANO-DE-INICIO="2006" ANO-DE-CONCLUSAO="2006" NOME-CURSO-INGLES=""/><OUTROS SEQUENCIA-FORMACAO="8" NIVEL="Y" CARGA-HORARIA="14" CODIGO-INSTITUICAO="000600000990" NOME-INSTITUICAO="Sindicato Nacional das Entidades Abertas de Previdência Privada" CODIGO-ORGAO="" NOME-ORGAO="" CODIGO-CURSO="90000008" NOME-CURSO="Atualizações da Lei 6404/76 e alterações" STATUS-DO-CURSO="CONCLUIDO" ANO-DE-INICIO="2009" ANO-DE-CONCLUSAO="2009" NOME-CURSO-INGLES=""/><formacoesComplementaresPlana/></FORMACAO-COMPLEMENTAR><PARTICIPACAO-EM-EVENTOS-CONGRESSOS><PARTICIPACAO-EM-CONGRESSO SEQUENCIA-PRODUCAO="25"><PARTICIPANTE-DE-EVENTOS-CONGRESSOS NOME-COMPLETO-DO-PARTICIPANTE-DE-EVENTOS-CONGRESSOS="Alex Sander Agrellos Modesto" NOME-PARA-CITACAO-DO-PARTICIPANTE-DE-EVENTOS-CONGRESSOS="MODESTO, A. S. A." ORDEM-PARTICIPANTE="1" NRO-ID-CNPQ="5963077004657610"/><DADOS-BASICOS-DA-PARTICIPACAO-EM-CONGRESSO NATUREZA="Congresso" TITULO="A importância da preservação das formas de ambiente" ANO="1992" PAIS="Brasil" IDIOMA="" MEIO-DE-DIVULGACAO="NAO_INFORMADO" HOME-PAGE-DO-TRABALHO="www.cnec.com.br" FLAG-RELEVANCIA="NAO" TIPO-PARTICIPACAO="Outras formas" FORMA-PARTICIPACAO="Participante" DOI="" TITULO-INGLES="A importância da preservação das formas de ambiente" FLAG-DIVULGACAO-CIENTIFICA="SIM"/><DETALHAMENTO-DA-PARTICIPACAO-EM-CONGRESSO NOME-DO-EVENTO="Abertura da CNECO 1992" CODIGO-INSTITUICAO="" NOME-INSTITUICAO="" LOCAL-DO-EVENTO="" CIDADE-DO-EVENTO="Rio de Janeiro" NOME-DO-EVENTO-INGLES=""/></PARTICIPACAO-EM-CONGRESSO><PARTICIPACAO-EM-SEMINARIO SEQUENCIA-PRODUCAO="23"><PARTICIPANTE-DE-EVENTOS-CONGRESSOS NOME-COMPLETO-DO-PARTICIPANTE-DE-EVENTOS-CONGRESSOS="Alex Sander Agrellos Modesto" NOME-PARA-CITACAO-DO-PARTICIPANTE-DE-EVENTOS-CONGRESSOS="MODESTO, A. S. A." ORDEM-PARTICIPANTE="1" NRO-ID-CNPQ="5963077004657610"/><DADOS-BASICOS-DA-PARTICIPACAO-EM-SEMINARIO NATUREZA="Seminário" TITULO="" ANO="1996" PAIS="Brasil" IDIOMA="" MEIO-DE-DIVULGACAO="NAO_INFORMADO" HOME-PAGE-DO-TRABALHO="" FLAG-RELEVANCIA="NAO" TIPO-PARTICIPACAO="" FORMA-PARTICIPACAO="Ouvinte" DOI="" TITULO-INGLES="" FLAG-DIVULGACAO-CIENTIFICA="NAO"/><DETALHAMENTO-DA-PARTICIPACAO-EM-SEMINARIO NOME-DO-EVENTO="I Semana de Administração" CODIGO-INSTITUICAO="" NOME-INSTITUICAO="" LOCAL-DO-EVENTO="" CIDADE-DO-EVENTO="Duque de Caxias" NOME-DO-EVENTO-INGLES=""/></PARTICIPACAO-EM-SEMINARIO><PARTICIPACAO-EM-SEMINARIO SEQUENCIA-PRODUCAO="42"><PARTICIPANTE-DE-EVENTOS-CONGRESSOS NOME-COMPLETO-DO-PARTICIPANTE-DE-EVENTOS-CONGRESSOS="Alex Sander Agrellos Modesto" NOME-PARA-CITACAO-DO-PARTICIPANTE-DE-EVENTOS-CONGRESSOS="MODESTO, A. S. A." ORDEM-PARTICIPANTE="1" NRO-ID-CNPQ="5963077004657610"/><DADOS-BASICOS-DA-PARTICIPACAO-EM-SEMINARIO NATUREZA="Seminário" TITULO="Perspectivas,tendências e desafios da Ead" ANO="2015" PAIS="Brasil" IDIOMA="" MEIO-DE-DIVULGACAO="NAO_INFORMADO" HOME-PAGE-DO-TRABALHO="" FLAG-RELEVANCIA="NAO" TIPO-PARTICIPACAO="Apresentação Oral" FORMA-PARTICIPACAO="Participante" DOI="" TITULO-INGLES="" FLAG-DIVULGACAO-CIENTIFICA="NAO"/><DETALHAMENTO-DA-PARTICIPACAO-EM-SEMINARIO NOME-DO-EVENTO="I Seminário do GEPEAD - Grupos de Estudos e Pesquisas de Ensino a distância: Perspectivas, tendências e desafios da EAD" CODIGO-INSTITUICAO="" NOME-INSTITUICAO="" LOCAL-DO-EVENTO="" CIDADE-DO-EVENTO="Rio de Janeiro" NOME-DO-EVENTO-INGLES=""/></PARTICIPACAO-EM-SEMINARIO><PARTICIPACAO-EM-SEMINARIO SEQUENCIA-PRODUCAO="22"><PARTICIPANTE-DE-EVENTOS-CONGRESSOS NOME-COMPLETO-DO-PARTICIPANTE-DE-EVENTOS-CONGRESSOS="Alex Sander Agrellos Modesto" NOME-PARA-CITACAO-DO-PARTICIPANTE-DE-EVENTOS-CONGRESSOS="MODESTO, A. S. A." ORDEM-PARTICIPANTE="1" NRO-ID-CNPQ="5963077004657610"/><DADOS-BASICOS-DA-PARTICIPACAO-EM-SEMINARIO NATUREZA="Seminário" TITULO="" ANO="2010" PAIS="Brasil" IDIOMA="" MEIO-DE-DIVULGACAO="NAO_INFORMADO" HOME-PAGE-DO-TRABALHO="" FLAG-RELEVANCIA="NAO" TIPO-PARTICIPACAO="" FORMA-PARTICIPACAO="Ouvinte" DOI="" TITULO-INGLES="" FLAG-DIVULGACAO-CIENTIFICA="NAO"/><DETALHAMENTO-DA-PARTICIPACAO-EM-SEMINARIO NOME-DO-EVENTO="INSS na construção civil" CODIGO-INSTITUICAO="" NOME-INSTITUICAO="" LOCAL-DO-EVENTO="" CIDADE-DO-EVENTO="Rio de Janeiro" NOME-DO-EVENTO-INGLES=""/></PARTICIPACAO-EM-SEMINARIO><PARTICIPACAO-EM-SEMINARIO SEQUENCIA-PRODUCAO="14"><PARTICIPANTE-DE-EVENTOS-CONGRESSOS NOME-COMPLETO-DO-PARTICIPANTE-DE-EVENTOS-CONGRESSOS="Alex Sander Agrellos Modesto" NOME-PARA-CITACAO-DO-PARTICIPANTE-DE-EVENTOS-CONGRESSOS="MODESTO, A. S. A." ORDEM-PARTICIPANTE="1" NRO-ID-CNPQ="5963077004657610"/><DADOS-BASICOS-DA-PARTICIPACAO-EM-SEMINARIO NATUREZA="Seminário" TITULO="Estratégias de Marketing Digital para Empreendedores" ANO="2014" PAIS="Brasil" IDIOMA="" MEIO-DE-DIVULGACAO="NAO_INFORMADO" HOME-PAGE-DO-TRABALHO="www.cra-rj.adm.br" FLAG-RELEVANCIA="NAO" TIPO-PARTICIPACAO="Apresentação oral" FORMA-PARTICIPACAO="Participante" DOI="" TITULO-INGLES="Estratégias de Marketing Digital para Empreendedores" FLAG-DIVULGACAO-CIENTIFICA="SIM"/><DETALHAMENTO-DA-PARTICIPACAO-EM-SEMINARIO NOME-DO-EVENTO="VIII ENCAD - Liderança e Gestão nos Novos Cenários da Administração" CODIGO-INSTITUICAO="" NOME-INSTITUICAO="" LOCAL-DO-EVENTO="" CIDADE-DO-EVENTO="Rio de Janeiro" NOME-DO-EVENTO-INGLES=""/></PARTICIPACAO-EM-SEMINARIO><PARTICIPACAO-EM-SEMINARIO SEQUENCIA-PRODUCAO="18"><PARTICIPANTE-DE-EVENTOS-CONGRESSOS NOME-COMPLETO-DO-PARTICIPANTE-DE-EVENTOS-CONGRESSOS="Alex Sander Agrellos Modesto" NOME-PARA-CITACAO-DO-PARTICIPANTE-DE-EVENTOS-CONGRESSOS="MODESTO, A. S. A." ORDEM-PARTICIPANTE="1" NRO-ID-CNPQ="5963077004657610"/><DADOS-BASICOS-DA-PARTICIPACAO-EM-SEMINARIO NATUREZA="Seminário" TITULO="" ANO="2012" PAIS="Brasil" IDIOMA="" MEIO-DE-DIVULGACAO="NAO_INFORMADO" HOME-PAGE-DO-TRABALHO="" FLAG-RELEVANCIA="NAO" TIPO-PARTICIPACAO="" FORMA-PARTICIPACAO="Ouvinte" DOI="" TITULO-INGLES="" FLAG-DIVULGACAO-CIENTIFICA="NAO"/><DETALHAMENTO-DA-PARTICIPACAO-EM-SEMINARIO NOME-DO-EVENTO="III Seminário de Coordenadores do curso de Graduação" CODIGO-INSTITUICAO="" NOME-INSTITUICAO="" LOCAL-DO-EVENTO="" CIDADE-DO-EVENTO="Rio de Janeiro" NOME-DO-EVENTO-INGLES=""/></PARTICIPACAO-EM-SEMINARIO><PARTICIPACAO-EM-SEMINARIO SEQUENCIA-PRODUCAO="6"><PARTICIPANTE-DE-EVENTOS-CONGRESSOS NOME-COMPLETO-DO-PARTICIPANTE-DE-EVENTOS-CONGRESSOS="Alex Sander Agrellos Modesto" NOME-PARA-CITACAO-DO-PARTICIPANTE-DE-EVENTOS-CONGRESSOS="MODESTO, A. S. A." ORDEM-PARTICIPANTE="1" NRO-ID-CNPQ="5963077004657610"/><DADOS-BASICOS-DA-PARTICIPACAO-EM-SEMINARIO NATUREZA="Seminário" TITULO="" ANO="1997" PAIS="Brasil" IDIOMA="" MEIO-DE-DIVULGACAO="NAO_INFORMADO" HOME-PAGE-DO-TRABALHO="www.unigranrio.br" FLAG-RELEVANCIA="NAO" TIPO-PARTICIPACAO="" FORMA-PARTICIPACAO="Ouvinte" DOI="" TITULO-INGLES="" FLAG-DIVULGACAO-CIENTIFICA="NAO"/><DETALHAMENTO-DA-PARTICIPACAO-EM-SEMINARIO NOME-DO-EVENTO="Globalização e o mercado de capitais" CODIGO-INSTITUICAO="" NOME-INSTITUICAO="" LOCAL-DO-EVENTO="" CIDADE-DO-EVENTO="Duque de Caxias" NOME-DO-EVENTO-INGLES=""/></PARTICIPACAO-EM-SEMINARIO><PARTICIPACAO-EM-SEMINARIO SEQUENCIA-PRODUCAO="5"><PARTICIPANTE-DE-EVENTOS-CONGRESSOS NOME-COMPLETO-DO-PARTICIPANTE-DE-EVENTOS-CONGRESSOS="Alex Sander Agrellos Modesto" NOME-PARA-CITACAO-DO-PARTICIPANTE-DE-EVENTOS-CONGRESSOS="MODESTO, A. S. A." ORDEM-PARTICIPANTE="1" NRO-ID-CNPQ="5963077004657610"/><DADOS-BASICOS-DA-PARTICIPACAO-EM-SEMINARIO NATUREZA="Seminário" TITULO="" ANO="1996" PAIS="Brasil" IDIOMA="" MEIO-DE-DIVULGACAO="NAO_INFORMADO" HOME-PAGE-DO-TRABALHO="www.unigranrio.br" FLAG-RELEVANCIA="NAO" TIPO-PARTICIPACAO="" FORMA-PARTICIPACAO="Ouvinte" DOI="" TITULO-INGLES="" FLAG-DIVULGACAO-CIENTIFICA="NAO"/><DETALHAMENTO-DA-PARTICIPACAO-EM-SEMINARIO NOME-DO-EVENTO="Bolsa de Valores e Mercado de Capitais" CODIGO-INSTITUICAO="" NOME-INSTITUICAO="" LOCAL-DO-EVENTO="" CIDADE-DO-EVENTO="Duque de Caxias" NOME-DO-EVENTO-INGLES=""/></PARTICIPACAO-EM-SEMINARIO><PARTICIPACAO-EM-SIMPOSIO SEQUENCIA-PRODUCAO="16"><PARTICIPANTE-DE-EVENTOS-CONGRESSOS NOME-COMPLETO-DO-PARTICIPANTE-DE-EVENTOS-CONGRESSOS="Alex Sander Agrellos Modesto" NOME-PARA-CITACAO-DO-PARTICIPANTE-DE-EVENTOS-CONGRESSOS="MODESTO, A. S. A." ORDEM-PARTICIPANTE="1" NRO-ID-CNPQ="5963077004657610"/><DADOS-BASICOS-DA-PARTICIPACAO-EM-SIMPOSIO NATUREZA="Simpósio" TITULO="" ANO="2014" PAIS="Brasil" IDIOMA="" MEIO-DE-DIVULGACAO="NAO_INFORMADO" HOME-PAGE-DO-TRABALHO="" FLAG-RELEVANCIA="NAO" TIPO-PARTICIPACAO="" FORMA-PARTICIPACAO="Ouvinte" DOI="" TITULO-INGLES="" FLAG-DIVULGACAO-CIENTIFICA="NAO"/><DETALHAMENTO-DA-PARTICIPACAO-EM-SIMPOSIO NOME-DO-EVENTO="Leitura e Escrita no Ensino Superior" CODIGO-INSTITUICAO="" NOME-INSTITUICAO="" LOCAL-DO-EVENTO="" CIDADE-DO-EVENTO="Rio de Janeiro" NOME-DO-EVENTO-INGLES=""/></PARTICIPACAO-EM-SIMPOSIO><PARTICIPACAO-EM-SIMPOSIO SEQUENCIA-PRODUCAO="17"><PARTICIPANTE-DE-EVENTOS-CONGRESSOS NOME-COMPLETO-DO-PARTICIPANTE-DE-EVENTOS-CONGRESSOS="Alex Sander Agrellos Modesto" NOME-PARA-CITACAO-DO-PARTICIPANTE-DE-EVENTOS-CONGRESSOS="MODESTO, A. S. A." ORDEM-PARTICIPANTE="1" NRO-ID-CNPQ="5963077004657610"/><DADOS-BASICOS-DA-PARTICIPACAO-EM-SIMPOSIO NATUREZA="Simpósio" TITULO="A formação didático-pedagógica e a construção do novo perfil docente universitário" ANO="2012" PAIS="Brasil" IDIOMA="" MEIO-DE-DIVULGACAO="NAO_INFORMADO" HOME-PAGE-DO-TRABALHO="www.unisuam.edu.br" FLAG-RELEVANCIA="NAO" TIPO-PARTICIPACAO="Apresentação Oral" FORMA-PARTICIPACAO="Participante" DOI="" TITULO-INGLES="A formação didático-pedagógica e a construção do novo perfil docente universitário" FLAG-DIVULGACAO-CIENTIFICA="SIM"/><DETALHAMENTO-DA-PARTICIPACAO-EM-SIMPOSIO NOME-DO-EVENTO="VI Simpósio Docente Superior - UNISUAM" CODIGO-INSTITUICAO="" NOME-INSTITUICAO="" LOCAL-DO-EVENTO="" CIDADE-DO-EVENTO="Rio de Janeiro" NOME-DO-EVENTO-INGLES=""/></PARTICIPACAO-EM-SIMPOSIO><PARTICIPACAO-EM-SIMPOSIO SEQUENCIA-PRODUCAO="13"><PARTICIPANTE-DE-EVENTOS-CONGRESSOS NOME-COMPLETO-DO-PARTICIPANTE-DE-EVENTOS-CONGRESSOS="Alex Sander Agrellos Modesto" NOME-PARA-CITACAO-DO-PARTICIPANTE-DE-EVENTOS-CONGRESSOS="MODESTO, A. S. A." ORDEM-PARTICIPANTE="1" NRO-ID-CNPQ="5963077004657610"/><DADOS-BASICOS-DA-PARTICIPACAO-EM-SIMPOSIO NATUREZA="Simpósio" TITULO="" ANO="2014" PAIS="Brasil" IDIOMA="" MEIO-DE-DIVULGACAO="NAO_INFORMADO" HOME-PAGE-DO-TRABALHO="" FLAG-RELEVANCIA="NAO" TIPO-PARTICIPACAO="" FORMA-PARTICIPACAO="Ouvinte" DOI="" TITULO-INGLES="" FLAG-DIVULGACAO-CIENTIFICA="NAO"/><DETALHAMENTO-DA-PARTICIPACAO-EM-SIMPOSIO NOME-DO-EVENTO="XI Simpósio Docente: Metologias Ativas no Ensino Superior" CODIGO-INSTITUICAO="" NOME-INSTITUICAO="" LOCAL-DO-EVENTO="" CIDADE-DO-EVENTO="Rio de Janeiro" NOME-DO-EVENTO-INGLES=""/></PARTICIPACAO-EM-SIMPOSIO><PARTICIPACAO-EM-SIMPOSIO SEQUENCIA-PRODUCAO="10"><PARTICIPANTE-DE-EVENTOS-CONGRESSOS NOME-COMPLETO-DO-PARTICIPANTE-DE-EVENTOS-CONGRESSOS="Alex Sander Agrellos Modesto" NOME-PARA-CITACAO-DO-PARTICIPANTE-DE-EVENTOS-CONGRESSOS="MODESTO, A. S. A." ORDEM-PARTICIPANTE="1" NRO-ID-CNPQ="5963077004657610"/><DADOS-BASICOS-DA-PARTICIPACAO-EM-SIMPOSIO NATUREZA="Simpósio" TITULO="V Simpósio de docência superior Unisuam: Complexidades e possibilidades na educação superior - empreendedorismo: Teoria e prática no contexto da UNISUAM" ANO="2011" PAIS="Brasil" IDIOMA="" MEIO-DE-DIVULGACAO="NAO_INFORMADO" HOME-PAGE-DO-TRABALHO="" FLAG-RELEVANCIA="NAO" TIPO-PARTICIPACAO="Outras Formas" FORMA-PARTICIPACAO="Participante" DOI="" TITULO-INGLES="" FLAG-DIVULGACAO-CIENTIFICA="NAO"/><DETALHAMENTO-DA-PARTICIPACAO-EM-SIMPOSIO NOME-DO-EVENTO="V Simpósio de docência superior Unisuam: Complexidades e possibilidades na educação superior - empreendedorismo: Teoria e prática no contexto da UNISUAM" CODIGO-INSTITUICAO="" NOME-INSTITUICAO="" LOCAL-DO-EVENTO="" CIDADE-DO-EVENTO="Rio de Janeiro" NOME-DO-EVENTO-INGLES=""/></PARTICIPACAO-EM-SIMPOSIO><PARTICIPACAO-EM-SIMPOSIO SEQUENCIA-PRODUCAO="29"><PARTICIPANTE-DE-EVENTOS-CONGRESSOS NOME-COMPLETO-DO-PARTICIPANTE-DE-EVENTOS-CONGRESSOS="Alex Sander Agrellos Modesto" NOME-PARA-CITACAO-DO-PARTICIPANTE-DE-EVENTOS-CONGRESSOS="MODESTO, A. S. A." ORDEM-PARTICIPANTE="1" NRO-ID-CNPQ="5963077004657610"/><DADOS-BASICOS-DA-PARTICIPACAO-EM-SIMPOSIO NATUREZA="Simpósio" TITULO="Desenvolvimento da autonomia e suas correlações" ANO="2015" PAIS="Brasil" IDIOMA="" MEIO-DE-DIVULGACAO="NAO_INFORMADO" HOME-PAGE-DO-TRABALHO="www.unisuam.edu.br" FLAG-RELEVANCIA="NAO" TIPO-PARTICIPACAO="Apresentação oral" FORMA-PARTICIPACAO="Participante" DOI="" TITULO-INGLES="Desenvolvimento da autonomia e suas correlações" FLAG-DIVULGACAO-CIENTIFICA="SIM"/><DETALHAMENTO-DA-PARTICIPACAO-EM-SIMPOSIO NOME-DO-EVENTO="XII Simpósio Docente" CODIGO-INSTITUICAO="" NOME-INSTITUICAO="" LOCAL-DO-EVENTO="" CIDADE-DO-EVENTO="Rio de Janeiro" NOME-DO-EVENTO-INGLES=""/></PARTICIPACAO-EM-SIMPOSIO><PARTICIPACAO-EM-OFICINA SEQUENCIA-PRODUCAO="34"><PARTICIPANTE-DE-EVENTOS-CONGRESSOS NOME-COMPLETO-DO-PARTICIPANTE-DE-EVENTOS-CONGRESSOS="Alex Sander Agrellos Modesto" NOME-PARA-CITACAO-DO-PARTICIPANTE-DE-EVENTOS-CONGRESSOS="MODESTO, A. S. A." ORDEM-PARTICIPANTE="1" NRO-ID-CNPQ="5963077004657610"/><DADOS-BASICOS-DA-PARTICIPACAO-EM-OFICINA NATUREZA="Oficina" TITULO="Sala de aula invertida" ANO="2015" PAIS="Brasil" IDIOMA="" MEIO-DE-DIVULGACAO="NAO_INFORMADO" HOME-PAGE-DO-TRABALHO="www.unisuam.edu.br" FLAG-RELEVANCIA="NAO" TIPO-PARTICIPACAO="Apresentação oral" FORMA-PARTICIPACAO="Participante" DOI="" TITULO-INGLES="Sala de aula invertida" FLAG-DIVULGACAO-CIENTIFICA="SIM"/><DETALHAMENTO-DA-PARTICIPACAO-EM-OFICINA NOME-DO-EVENTO="Sala de aula invertida" CODIGO-INSTITUICAO="" NOME-INSTITUICAO="" LOCAL-DO-EVENTO="" CIDADE-DO-EVENTO="Rio de Janeiro" NOME-DO-EVENTO-INGLES=""/></PARTICIPACAO-EM-OFICINA><PARTICIPACAO-EM-OFICINA SEQUENCIA-PRODUCAO="33"><PARTICIPANTE-DE-EVENTOS-CONGRESSOS NOME-COMPLETO-DO-PARTICIPANTE-DE-EVENTOS-CONGRESSOS="Alex Sander Agrellos Modesto" NOME-PARA-CITACAO-DO-PARTICIPANTE-DE-EVENTOS-CONGRESSOS="MODESTO, A. S. A." ORDEM-PARTICIPANTE="1" NRO-ID-CNPQ="5963077004657610"/><DADOS-BASICOS-DA-PARTICIPACAO-EM-OFICINA NATUREZA="Oficina" TITULO="TBL / Aprendizagem baseada em Equipes" ANO="2015" PAIS="Brasil" IDIOMA="" MEIO-DE-DIVULGACAO="NAO_INFORMADO" HOME-PAGE-DO-TRABALHO="www.unisuam.edu.br" FLAG-RELEVANCIA="NAO" TIPO-PARTICIPACAO="Apresentação oral" FORMA-PARTICIPACAO="Participante" DOI="" TITULO-INGLES="TBL / Aprendizagem baseada em Equipes" FLAG-DIVULGACAO-CIENTIFICA="SIM"/><DETALHAMENTO-DA-PARTICIPACAO-EM-OFICINA NOME-DO-EVENTO="TBL / Aprendizagem baseada em Equipes" CODIGO-INSTITUICAO="" NOME-INSTITUICAO="" LOCAL-DO-EVENTO="" CIDADE-DO-EVENTO="Rio de Janeiro" NOME-DO-EVENTO-INGLES=""/></PARTICIPACAO-EM-OFICINA><PARTICIPACAO-EM-OFICINA SEQUENCIA-PRODUCAO="32"><PARTICIPANTE-DE-EVENTOS-CONGRESSOS NOME-COMPLETO-DO-PARTICIPANTE-DE-EVENTOS-CONGRESSOS="Alex Sander Agrellos Modesto" NOME-PARA-CITACAO-DO-PARTICIPANTE-DE-EVENTOS-CONGRESSOS="MODESTO, A. S. A." ORDEM-PARTICIPANTE="1" NRO-ID-CNPQ="5963077004657610"/><DADOS-BASICOS-DA-PARTICIPACAO-EM-OFICINA NATUREZA="Oficina" TITULO="Técnica de Ensino: Estudo de caso" ANO="2015" PAIS="Brasil" IDIOMA="" MEIO-DE-DIVULGACAO="NAO_INFORMADO" HOME-PAGE-DO-TRABALHO="www.unisuam.edu.br" FLAG-RELEVANCIA="NAO" TIPO-PARTICIPACAO="Apresentação oral" FORMA-PARTICIPACAO="Participante" DOI="" TITULO-INGLES="Técnica de Ensino: Estudo de caso" FLAG-DIVULGACAO-CIENTIFICA="SIM"/><DETALHAMENTO-DA-PARTICIPACAO-EM-OFICINA NOME-DO-EVENTO="Técnica de Ensino: Estudo de caso" CODIGO-INSTITUICAO="" NOME-INSTITUICAO="" LOCAL-DO-EVENTO="" CIDADE-DO-EVENTO="Rio de Janeiro" NOME-DO-EVENTO-INGLES=""/></PARTICIPACAO-EM-OFICINA><PARTICIPACAO-EM-ENCONTRO SEQUENCIA-PRODUCAO="4"><PARTICIPANTE-DE-EVENTOS-CONGRESSOS NOME-COMPLETO-DO-PARTICIPANTE-DE-EVENTOS-CONGRESSOS="Alex Sander Agrellos Modesto" NOME-PARA-CITACAO-DO-PARTICIPANTE-DE-EVENTOS-CONGRESSOS="MODESTO, A. S. A." ORDEM-PARTICIPANTE="1" NRO-ID-CNPQ="5963077004657610"/><DADOS-BASICOS-DA-PARTICIPACAO-EM-ENCONTRO NATUREZA="Encontro" TITULO="" ANO="1997" PAIS="Brasil" IDIOMA="" MEIO-DE-DIVULGACAO="NAO_INFORMADO" HOME-PAGE-DO-TRABALHO="www.unigranrio.br" FLAG-RELEVANCIA="NAO" TIPO-PARTICIPACAO="" FORMA-PARTICIPACAO="Ouvinte" DOI="" TITULO-INGLES="" FLAG-DIVULGACAO-CIENTIFICA="NAO"/><DETALHAMENTO-DA-PARTICIPACAO-EM-ENCONTRO NOME-DO-EVENTO="Conhecimento em Construção" CODIGO-INSTITUICAO="" NOME-INSTITUICAO="" LOCAL-DO-EVENTO="" CIDADE-DO-EVENTO="Duque de Caxias" NOME-DO-EVENTO-INGLES=""/></PARTICIPACAO-EM-ENCONTRO><PARTICIPACAO-EM-ENCONTRO SEQUENCIA-PRODUCAO="35"><PARTICIPANTE-DE-EVENTOS-CONGRESSOS NOME-COMPLETO-DO-PARTICIPANTE-DE-EVENTOS-CONGRESSOS="Alex Sander Agrellos Modesto" NOME-PARA-CITACAO-DO-PARTICIPANTE-DE-EVENTOS-CONGRESSOS="MODESTO, A. S. A." ORDEM-PARTICIPANTE="1" NRO-ID-CNPQ="5963077004657610"/><DADOS-BASICOS-DA-PARTICIPACAO-EM-ENCONTRO NATUREZA="Encontro" TITULO="Formação continuada - NAPp" ANO="2014" PAIS="Brasil" IDIOMA="" MEIO-DE-DIVULGACAO="NAO_INFORMADO" HOME-PAGE-DO-TRABALHO="www.unisuam.edu.br" FLAG-RELEVANCIA="NAO" TIPO-PARTICIPACAO="Apresentação oral" FORMA-PARTICIPACAO="Participante" DOI="" TITULO-INGLES="Formação continuada - NAPp" FLAG-DIVULGACAO-CIENTIFICA="SIM"/><DETALHAMENTO-DA-PARTICIPACAO-EM-ENCONTRO NOME-DO-EVENTO="Formação continuada - NAPp" CODIGO-INSTITUICAO="" NOME-INSTITUICAO="" LOCAL-DO-EVENTO="" CIDADE-DO-EVENTO="Rio de Janeiro" NOME-DO-EVENTO-INGLES=""/></PARTICIPACAO-EM-ENCONTRO><PARTICIPACAO-EM-ENCONTRO SEQUENCIA-PRODUCAO="31"><PARTICIPANTE-DE-EVENTOS-CONGRESSOS NOME-COMPLETO-DO-PARTICIPANTE-DE-EVENTOS-CONGRESSOS="Alex Sander Agrellos Modesto" NOME-PARA-CITACAO-DO-PARTICIPANTE-DE-EVENTOS-CONGRESSOS="MODESTO, A. S. A." ORDEM-PARTICIPANTE="1" NRO-ID-CNPQ="5963077004657610"/><DADOS-BASICOS-DA-PARTICIPACAO-EM-ENCONTRO NATUREZA="Encontro" TITULO="" ANO="2015" PAIS="Brasil" IDIOMA="" MEIO-DE-DIVULGACAO="NAO_INFORMADO" HOME-PAGE-DO-TRABALHO="www.fia2015.com.br" FLAG-RELEVANCIA="NAO" TIPO-PARTICIPACAO="" FORMA-PARTICIPACAO="Ouvinte" DOI="" TITULO-INGLES="" FLAG-DIVULGACAO-CIENTIFICA="NAO"/><DETALHAMENTO-DA-PARTICIPACAO-EM-ENCONTRO NOME-DO-EVENTO="Meeting Internacional com o Filósofo Pierre Lévy" CODIGO-INSTITUICAO="" NOME-INSTITUICAO="" LOCAL-DO-EVENTO="" CIDADE-DO-EVENTO="Rio de Janeiro" NOME-DO-EVENTO-INGLES=""/></PARTICIPACAO-EM-ENCONTRO><PARTICIPACAO-EM-ENCONTRO SEQUENCIA-PRODUCAO="15"><PARTICIPANTE-DE-EVENTOS-CONGRESSOS NOME-COMPLETO-DO-PARTICIPANTE-DE-EVENTOS-CONGRESSOS="Alex Sander Agrellos Modesto" NOME-PARA-CITACAO-DO-PARTICIPANTE-DE-EVENTOS-CONGRESSOS="MODESTO, A. S. A." ORDEM-PARTICIPANTE="1" NRO-ID-CNPQ="5963077004657610"/><DADOS-BASICOS-DA-PARTICIPACAO-EM-ENCONTRO NATUREZA="Encontro" TITULO="" ANO="2014" PAIS="Brasil" IDIOMA="" MEIO-DE-DIVULGACAO="NAO_INFORMADO" HOME-PAGE-DO-TRABALHO="" FLAG-RELEVANCIA="NAO" TIPO-PARTICIPACAO="" FORMA-PARTICIPACAO="Ouvinte" DOI="" TITULO-INGLES="" FLAG-DIVULGACAO-CIENTIFICA="NAO"/><DETALHAMENTO-DA-PARTICIPACAO-EM-ENCONTRO NOME-DO-EVENTO="Relações entre Empresa e Universidade no Século XXI" CODIGO-INSTITUICAO="" NOME-INSTITUICAO="" LOCAL-DO-EVENTO="" CIDADE-DO-EVENTO="Rio de Janeiro" NOME-DO-EVENTO-INGLES=""/></PARTICIPACAO-EM-ENCONTRO><PARTICIPACAO-EM-ENCONTRO SEQUENCIA-PRODUCAO="12"><PARTICIPANTE-DE-EVENTOS-CONGRESSOS NOME-COMPLETO-DO-PARTICIPANTE-DE-EVENTOS-CONGRESSOS="Alex Sander Agrellos Modesto" NOME-PARA-CITACAO-DO-PARTICIPANTE-DE-EVENTOS-CONGRESSOS="MODESTO, A. S. A." ORDEM-PARTICIPANTE="1" NRO-ID-CNPQ="5963077004657610"/><DADOS-BASICOS-DA-PARTICIPACAO-EM-ENCONTRO NATUREZA="Encontro" TITULO="" ANO="2014" PAIS="Brasil" IDIOMA="" MEIO-DE-DIVULGACAO="NAO_INFORMADO" HOME-PAGE-DO-TRABALHO="" FLAG-RELEVANCIA="NAO" TIPO-PARTICIPACAO="" FORMA-PARTICIPACAO="Ouvinte" DOI="" TITULO-INGLES="" FLAG-DIVULGACAO-CIENTIFICA="NAO"/><DETALHAMENTO-DA-PARTICIPACAO-EM-ENCONTRO NOME-DO-EVENTO="25º. EPROCAD - Encontro de Professores e Coordenadores de cursos de Administração" CODIGO-INSTITUICAO="" NOME-INSTITUICAO="" LOCAL-DO-EVENTO="" CIDADE-DO-EVENTO="Rio de Janeiro" NOME-DO-EVENTO-INGLES=""/></PARTICIPACAO-EM-ENCONTRO><OUTRAS-PARTICIPACOES-EM-EVENTOS-CONGRESSOS SEQUENCIA-PRODUCAO="9"><PARTICIPANTE-DE-EVENTOS-CONGRESSOS NOME-COMPLETO-DO-PARTICIPANTE-DE-EVENTOS-CONGRESSOS="Alex Sander Agrellos Modesto" NOME-PARA-CITACAO-DO-PARTICIPANTE-DE-EVENTOS-CONGRESSOS="MODESTO, A. S. A." ORDEM-PARTICIPANTE="1" NRO-ID-CNPQ="5963077004657610"/><DADOS-BASICOS-DE-OUTRAS-PARTICIPACOES-EM-EVENTOS-CONGRESSOS NATUREZA="Outra" TITULO="Leitura e escrita no ensino superior" ANO="2011" PAIS="Brasil" IDIOMA="" MEIO-DE-DIVULGACAO="NAO_INFORMADO" HOME-PAGE-DO-TRABALHO="" FLAG-RELEVANCIA="NAO" TIPO-PARTICIPACAO="Outras Formas" FORMA-PARTICIPACAO="Participante" DOI="" TITULO-INGLES="" FLAG-DIVULGACAO-CIENTIFICA="NAO"/><DETALHAMENTO-DE-OUTRAS-PARTICIPACOES-EM-EVENTOS-CONGRESSOS NOME-DO-EVENTO="Leitura e escrita no ensino superior" CODIGO-INSTITUICAO="" NOME-INSTITUICAO="" LOCAL-DO-EVENTO="" CIDADE-DO-EVENTO="Rio de Janeiro" NOME-DO-EVENTO-INGLES=""/></OUTRAS-PARTICIPACOES-EM-EVENTOS-CONGRESSOS><OUTRAS-PARTICIPACOES-EM-EVENTOS-CONGRESSOS SEQUENCIA-PRODUCAO="27"><PARTICIPANTE-DE-EVENTOS-CONGRESSOS NOME-COMPLETO-DO-PARTICIPANTE-DE-EVENTOS-CONGRESSOS="Alex Sander Agrellos Modesto" NOME-PARA-CITACAO-DO-PARTICIPANTE-DE-EVENTOS-CONGRESSOS="MODESTO, A. S. A." ORDEM-PARTICIPANTE="1" NRO-ID-CNPQ="5963077004657610"/><DADOS-BASICOS-DE-OUTRAS-PARTICIPACOES-EM-EVENTOS-CONGRESSOS NATUREZA="Outra" TITULO="Estratégias de Marketing Digital para Empreendedores" ANO="2014" PAIS="Brasil" IDIOMA="" MEIO-DE-DIVULGACAO="NAO_INFORMADO" HOME-PAGE-DO-TRABALHO="" FLAG-RELEVANCIA="NAO" TIPO-PARTICIPACAO="Apresentação oral" FORMA-PARTICIPACAO="Participante" DOI="" TITULO-INGLES="Estratégias de Marketing Digital para Empreendedores" FLAG-DIVULGACAO-CIENTIFICA="SIM"/><DETALHAMENTO-DE-OUTRAS-PARTICIPACOES-EM-EVENTOS-CONGRESSOS NOME-DO-EVENTO="XXXIX Semana Científica &amp;amp; Cultural do IBMR - Centro Universitário" CODIGO-INSTITUICAO="" NOME-INSTITUICAO="" LOCAL-DO-EVENTO="" CIDADE-DO-EVENTO="Rio de Janeiro" NOME-DO-EVENTO-INGLES=""/></OUTRAS-PARTICIPACOES-EM-EVENTOS-CONGRESSOS><OUTRAS-PARTICIPACOES-EM-EVENTOS-CONGRESSOS SEQUENCIA-PRODUCAO="24"><PARTICIPANTE-DE-EVENTOS-CONGRESSOS NOME-COMPLETO-DO-PARTICIPANTE-DE-EVENTOS-CONGRESSOS="Alex Sander Agrellos Modesto" NOME-PARA-CITACAO-DO-PARTICIPANTE-DE-EVENTOS-CONGRESSOS="MODESTO, A. S. A." ORDEM-PARTICIPANTE="1" NRO-ID-CNPQ="5963077004657610"/><DADOS-BASICOS-DE-OUTRAS-PARTICIPACOES-EM-EVENTOS-CONGRESSOS NATUREZA="Outra" TITULO="Apresentação de Músicas Clássicas" ANO="1992" PAIS="Brasil" IDIOMA="" MEIO-DE-DIVULGACAO="NAO_INFORMADO" HOME-PAGE-DO-TRABALHO="www.cnec.com.br" FLAG-RELEVANCIA="NAO" TIPO-PARTICIPACAO="Outras formas" FORMA-PARTICIPACAO="Participante" DOI="" TITULO-INGLES="Apresentação de Músicas Clássicas" FLAG-DIVULGACAO-CIENTIFICA="SIM"/><DETALHAMENTO-DE-OUTRAS-PARTICIPACOES-EM-EVENTOS-CONGRESSOS NOME-DO-EVENTO="II Encontro de Corais e Conjuntos Musicais" CODIGO-INSTITUICAO="" NOME-INSTITUICAO="" LOCAL-DO-EVENTO="" CIDADE-DO-EVENTO="Rio de Janeiro" NOME-DO-EVENTO-INGLES=""/></OUTRAS-PARTICIPACOES-EM-EVENTOS-CONGRESSOS><OUTRAS-PARTICIPACOES-EM-EVENTOS-CONGRESSOS SEQUENCIA-PRODUCAO="30"><PARTICIPANTE-DE-EVENTOS-CONGRESSOS NOME-COMPLETO-DO-PARTICIPANTE-DE-EVENTOS-CONGRESSOS="Alex Sander Agrellos Modesto" NOME-PARA-CITACAO-DO-PARTICIPANTE-DE-EVENTOS-CONGRESSOS="MODESTO, A. S. A." ORDEM-PARTICIPANTE="1" NRO-ID-CNPQ="5963077004657610"/><DADOS-BASICOS-DE-OUTRAS-PARTICIPACOES-EM-EVENTOS-CONGRESSOS NATUREZA="Outra" TITULO="" ANO="2015" PAIS="Brasil" IDIOMA="" MEIO-DE-DIVULGACAO="NAO_INFORMADO" HOME-PAGE-DO-TRABALHO="www.fia2015.com.br" FLAG-RELEVANCIA="NAO" TIPO-PARTICIPACAO="" FORMA-PARTICIPACAO="Ouvinte" DOI="" TITULO-INGLES="" FLAG-DIVULGACAO-CIENTIFICA="SIM"/><DETALHAMENTO-DE-OUTRAS-PARTICIPACOES-EM-EVENTOS-CONGRESSOS NOME-DO-EVENTO="XIV Fórum Internacional de administração" CODIGO-INSTITUICAO="" NOME-INSTITUICAO="" LOCAL-DO-EVENTO="" CIDADE-DO-EVENTO="Rio de Janeiro" NOME-DO-EVENTO-INGLES=""/></OUTRAS-PARTICIPACOES-EM-EVENTOS-CONGRESSOS><OUTRAS-PARTICIPACOES-EM-EVENTOS-CONGRESSOS SEQUENCIA-PRODUCAO="41"><PARTICIPANTE-DE-EVENTOS-CONGRESSOS NOME-COMPLETO-DO-PARTICIPANTE-DE-EVENTOS-CONGRESSOS="Alex Sander Agrellos Modesto" NOME-PARA-CITACAO-DO-PARTICIPANTE-DE-EVENTOS-CONGRESSOS="MODESTO, A. S. A." ORDEM-PARTICIPANTE="1" NRO-ID-CNPQ="5963077004657610"/><DADOS-BASICOS-DE-OUTRAS-PARTICIPACOES-EM-EVENTOS-CONGRESSOS NATUREZA="Outra" TITULO="Moção" ANO="2016" PAIS="Brasil" IDIOMA="" MEIO-DE-DIVULGACAO="NAO_INFORMADO" HOME-PAGE-DO-TRABALHO="" FLAG-RELEVANCIA="NAO" TIPO-PARTICIPACAO="Homenageado" FORMA-PARTICIPACAO="Convidado" DOI="" TITULO-INGLES="" FLAG-DIVULGACAO-CIENTIFICA="NAO"/><DETALHAMENTO-DE-OUTRAS-PARTICIPACOES-EM-EVENTOS-CONGRESSOS NOME-DO-EVENTO="Moção de reconhecimento" CODIGO-INSTITUICAO="" NOME-INSTITUICAO="" LOCAL-DO-EVENTO="" CIDADE-DO-EVENTO="Rio de Janeiro" NOME-DO-EVENTO-INGLES=""/></OUTRAS-PARTICIPACOES-EM-EVENTOS-CONGRESSOS><OUTRAS-PARTICIPACOES-EM-EVENTOS-CONGRESSOS SEQUENCIA-PRODUCAO="21"><PARTICIPANTE-DE-EVENTOS-CONGRESSOS NOME-COMPLETO-DO-PARTICIPANTE-DE-EVENTOS-CONGRESSOS="Alex Sander Agrellos Modesto" NOME-PARA-CITACAO-DO-PARTICIPANTE-DE-EVENTOS-CONGRESSOS="MODESTO, A. S. A." ORDEM-PARTICIPANTE="1" NRO-ID-CNPQ="5963077004657610"/><DADOS-BASICOS-DE-OUTRAS-PARTICIPACOES-EM-EVENTOS-CONGRESSOS NATUREZA="Outra" TITULO="Sustentabilidade e Inovação: O papel da Pós-Graduação para o desenvolvimento sustentável do país" ANO="2014" PAIS="Brasil" IDIOMA="" MEIO-DE-DIVULGACAO="NAO_INFORMADO" HOME-PAGE-DO-TRABALHO="www.unisuam.edu.br" FLAG-RELEVANCIA="NAO" TIPO-PARTICIPACAO="Outras formas" FORMA-PARTICIPACAO="Participante" DOI="" TITULO-INGLES="Sustentabilidade e Inovação: O papel da Pós-Graduação para o desenvolvimento sustentável do país" FLAG-DIVULGACAO-CIENTIFICA="SIM"/><DETALHAMENTO-DE-OUTRAS-PARTICIPACOES-EM-EVENTOS-CONGRESSOS NOME-DO-EVENTO="Aula Magna do Programa de Mestrado em Desenvolvimento Local 2014/1" CODIGO-INSTITUICAO="" NOME-INSTITUICAO="" LOCAL-DO-EVENTO="" CIDADE-DO-EVENTO="Rio de Janeiro" NOME-DO-EVENTO-INGLES=""/></OUTRAS-PARTICIPACOES-EM-EVENTOS-CONGRESSOS><OUTRAS-PARTICIPACOES-EM-EVENTOS-CONGRESSOS SEQUENCIA-PRODUCAO="7"><PARTICIPANTE-DE-EVENTOS-CONGRESSOS NOME-COMPLETO-DO-PARTICIPANTE-DE-EVENTOS-CONGRESSOS="Alex Sander Agrellos Modesto" NOME-PARA-CITACAO-DO-PARTICIPANTE-DE-EVENTOS-CONGRESSOS="MODESTO, A. S. A." ORDEM-PARTICIPANTE="1" NRO-ID-CNPQ="5963077004657610"/><DADOS-BASICOS-DE-OUTRAS-PARTICIPACOES-EM-EVENTOS-CONGRESSOS NATUREZA="Outra" TITULO="Como conciliar os crescentes custos mais as reservas financeiras" ANO="2007" PAIS="Brasil" IDIOMA="" MEIO-DE-DIVULGACAO="NAO_INFORMADO" HOME-PAGE-DO-TRABALHO="" FLAG-RELEVANCIA="NAO" TIPO-PARTICIPACAO="Outras Formas" FORMA-PARTICIPACAO="Participante" DOI="" TITULO-INGLES="" FLAG-DIVULGACAO-CIENTIFICA="NAO"/><DETALHAMENTO-DE-OUTRAS-PARTICIPACOES-EM-EVENTOS-CONGRESSOS NOME-DO-EVENTO="Workshop Reservas Financeiras" CODIGO-INSTITUICAO="" NOME-INSTITUICAO="" LOCAL-DO-EVENTO="" CIDADE-DO-EVENTO="Rio de Janeiro" NOME-DO-EVENTO-INGLES=""/></OUTRAS-PARTICIPACOES-EM-EVENTOS-CONGRESSOS><OUTRAS-PARTICIPACOES-EM-EVENTOS-CONGRESSOS SEQUENCIA-PRODUCAO="3"><PARTICIPANTE-DE-EVENTOS-CONGRESSOS NOME-COMPLETO-DO-PARTICIPANTE-DE-EVENTOS-CONGRESSOS="Alex Sander Agrellos Modesto" NOME-PARA-CITACAO-DO-PARTICIPANTE-DE-EVENTOS-CONGRESSOS="MODESTO, A. S. A." ORDEM-PARTICIPANTE="1" NRO-ID-CNPQ="5963077004657610"/><DADOS-BASICOS-DE-OUTRAS-PARTICIPACOES-EM-EVENTOS-CONGRESSOS NATUREZA="Outra" TITULO="" ANO="1996" PAIS="Brasil" IDIOMA="" MEIO-DE-DIVULGACAO="NAO_INFORMADO" HOME-PAGE-DO-TRABALHO="www.unigranrio.br" FLAG-RELEVANCIA="NAO" TIPO-PARTICIPACAO="" FORMA-PARTICIPACAO="Ouvinte" DOI="" TITULO-INGLES="" FLAG-DIVULGACAO-CIENTIFICA="NAO"/><DETALHAMENTO-DE-OUTRAS-PARTICIPACOES-EM-EVENTOS-CONGRESSOS NOME-DO-EVENTO="Fórum de Educação e Letras" CODIGO-INSTITUICAO="" NOME-INSTITUICAO="" LOCAL-DO-EVENTO="" CIDADE-DO-EVENTO="Duque de Caxias" NOME-DO-EVENTO-INGLES=""/></OUTRAS-PARTICIPACOES-EM-EVENTOS-CONGRESSOS></PARTICIPACAO-EM-EVENTOS-CONGRESSOS><INFORMACOES-ADICIONAIS-INSTITUICOES><INFORMACAO-ADICIONAL-INSTITUICAO CODIGO-INSTITUICAO="000100000991" SIGLA-INSTITUICAO="PGIM" SIGLA-UF-INSTITUICAO="RJ" SIGLA-PAIS-INSTITUICAO="BRA" NOME-PAIS-INSTITUICAO="Brasil" FLAG-AGENCIA-FOMENTO="NAO" FLAG-INSTITUICAO-DE-ENSINO="NAO"/><INFORMACAO-ADICIONAL-INSTITUICAO CODIGO-INSTITUICAO="000101000995" SIGLA-INSTITUICAO="" SIGLA-UF-INSTITUICAO="RJ" SIGLA-PAIS-INSTITUICAO="BRA" NOME-PAIS-INSTITUICAO="Brasil" FLAG-AGENCIA-FOMENTO="NAO" FLAG-INSTITUICAO-DE-ENSINO="NAO"/><INFORMACAO-ADICIONAL-INSTITUICAO CODIGO-INSTITUICAO="000200000993" SIGLA-INSTITUICAO="CBC" SIGLA-UF-INSTITUICAO="RJ" SIGLA-PAIS-INSTITUICAO="BRA" NOME-PAIS-INSTITUICAO="Brasil" FLAG-AGENCIA-FOMENTO="NAO" FLAG-INSTITUICAO-DE-ENSINO="NAO"/><INFORMACAO-ADICIONAL-INSTITUICAO CODIGO-INSTITUICAO="000300000995" SIGLA-INSTITUICAO="CIL" SIGLA-UF-INSTITUICAO="RJ" SIGLA-PAIS-INSTITUICAO="BRA" NOME-PAIS-INSTITUICAO="Brasil" FLAG-AGENCIA-FOMENTO="SIM" FLAG-INSTITUICAO-DE-ENSINO="NAO"/><INFORMACAO-ADICIONAL-INSTITUICAO CODIGO-INSTITUICAO="000301000999" SIGLA-INSTITUICAO="" SIGLA-UF-INSTITUICAO="RJ" SIGLA-PAIS-INSTITUICAO="BRA" NOME-PAIS-INSTITUICAO="Brasil" FLAG-AGENCIA-FOMENTO="NAO" FLAG-INSTITUICAO-DE-ENSINO="NAO"/><INFORMACAO-ADICIONAL-INSTITUICAO CODIGO-INSTITUICAO="000400000008" SIGLA-INSTITUICAO="FGV" SIGLA-UF-INSTITUICAO="RJ" SIGLA-PAIS-INSTITUICAO="BRA" NOME-PAIS-INSTITUICAO="Brasil" FLAG-AGENCIA-FOMENTO="NAO" FLAG-INSTITUICAO-DE-ENSINO="SIM"/><INFORMACAO-ADICIONAL-INSTITUICAO CODIGO-INSTITUICAO="000400000997" SIGLA-INSTITUICAO="SIND-RJ" SIGLA-UF-INSTITUICAO="RJ" SIGLA-PAIS-INSTITUICAO="BRA" NOME-PAIS-INSTITUICAO="Brasil" FLAG-AGENCIA-FOMENTO="NAO" FLAG-INSTITUICAO-DE-ENSINO="NAO"/><INFORMACAO-ADICIONAL-INSTITUICAO CODIGO-INSTITUICAO="000500000999" SIGLA-INSTITUICAO="POSA" SIGLA-UF-INSTITUICAO="RJ" SIGLA-PAIS-INSTITUICAO="BRA" NOME-PAIS-INSTITUICAO="Brasil" FLAG-AGENCIA-FOMENTO="NAO" FLAG-INSTITUICAO-DE-ENSINO="NAO"/><INFORMACAO-ADICIONAL-INSTITUICAO CODIGO-INSTITUICAO="000600000990" SIGLA-INSTITUICAO="SINAPP" SIGLA-UF-INSTITUICAO="RJ" SIGLA-PAIS-INSTITUICAO="BRA" NOME-PAIS-INSTITUICAO="Brasil" FLAG-AGENCIA-FOMENTO="NAO" FLAG-INSTITUICAO-DE-ENSINO="NAO"/><INFORMACAO-ADICIONAL-INSTITUICAO CODIGO-INSTITUICAO="000700000992" SIGLA-INSTITUICAO="IIL" SIGLA-UF-INSTITUICAO="RJ" SIGLA-PAIS-INSTITUICAO="BRA" NOME-PAIS-INSTITUICAO="Brasil" FLAG-AGENCIA-FOMENTO="NAO" FLAG-INSTITUICAO-DE-ENSINO="NAO"/><INFORMACAO-ADICIONAL-INSTITUICAO CODIGO-INSTITUICAO="000800000994" SIGLA-INSTITUICAO="C&amp;amp;M" SIGLA-UF-INSTITUICAO="RJ" SIGLA-PAIS-INSTITUICAO="BRA" NOME-PAIS-INSTITUICAO="Brasil" FLAG-AGENCIA-FOMENTO="NAO" FLAG-INSTITUICAO-DE-ENSINO="NAO"/><INFORMACAO-ADICIONAL-INSTITUICAO CODIGO-INSTITUICAO="000900000996" SIGLA-INSTITUICAO="CRA-RJ" SIGLA-UF-INSTITUICAO="RJ" SIGLA-PAIS-INSTITUICAO="BRA" NOME-PAIS-INSTITUICAO="Brasil" FLAG-AGENCIA-FOMENTO="SIM" FLAG-INSTITUICAO-DE-ENSINO="NAO"/><INFORMACAO-ADICIONAL-INSTITUICAO CODIGO-INSTITUICAO="001000000998" SIGLA-INSTITUICAO="AC" SIGLA-UF-INSTITUICAO="RJ" SIGLA-PAIS-INSTITUICAO="BRA" NOME-PAIS-INSTITUICAO="Brasil" FLAG-AGENCIA-FOMENTO="NAO" FLAG-INSTITUICAO-DE-ENSINO="NAO"/><INFORMACAO-ADICIONAL-INSTITUICAO CODIGO-INSTITUICAO="060100000006" SIGLA-INSTITUICAO="UCAM" SIGLA-UF-INSTITUICAO="RJ" SIGLA-PAIS-INSTITUICAO="BRA" NOME-PAIS-INSTITUICAO="Brasil" FLAG-AGENCIA-FOMENTO="NAO" FLAG-INSTITUICAO-DE-ENSINO="SIM"/><INFORMACAO-ADICIONAL-INSTITUICAO CODIGO-INSTITUICAO="117700000004" SIGLA-INSTITUICAO="UNIGRANRIO" SIGLA-UF-INSTITUICAO="RJ" SIGLA-PAIS-INSTITUICAO="BRA" NOME-PAIS-INSTITUICAO="Brasil" FLAG-AGENCIA-FOMENTO="NAO" FLAG-INSTITUICAO-DE-ENSINO="SIM"/><INFORMACAO-ADICIONAL-INSTITUICAO CODIGO-INSTITUICAO="201900000008" SIGLA-INSTITUICAO="UNISUAM" SIGLA-UF-INSTITUICAO="RJ" SIGLA-PAIS-INSTITUICAO="BRA" NOME-PAIS-INSTITUICAO="Brasil" FLAG-AGENCIA-FOMENTO="NAO" FLAG-INSTITUICAO-DE-ENSINO="SIM"/><INFORMACAO-ADICIONAL-INSTITUICAO CODIGO-INSTITUICAO="201901000990" SIGLA-INSTITUICAO="" SIGLA-UF-INSTITUICAO="RJ" SIGLA-PAIS-INSTITUICAO="BRA" NOME-PAIS-INSTITUICAO="Brasil" FLAG-AGENCIA-FOMENTO="NAO" FLAG-INSTITUICAO-DE-ENSINO="NAO"/><INFORMACAO-ADICIONAL-INSTITUICAO CODIGO-INSTITUICAO="201902000994" SIGLA-INSTITUICAO="" SIGLA-UF-INSTITUICAO="RJ" SIGLA-PAIS-INSTITUICAO="BRA" NOME-PAIS-INSTITUICAO="Brasil" FLAG-AGENCIA-FOMENTO="NAO" FLAG-INSTITUICAO-DE-ENSINO="NAO"/><INFORMACAO-ADICIONAL-INSTITUICAO CODIGO-INSTITUICAO="306200000002" SIGLA-INSTITUICAO="UNIP" SIGLA-UF-INSTITUICAO="SP" SIGLA-PAIS-INSTITUICAO="BRA" NOME-PAIS-INSTITUICAO="Brasil" FLAG-AGENCIA-FOMENTO="NAO" FLAG-INSTITUICAO-DE-ENSINO="SIM"/><INFORMACAO-ADICIONAL-INSTITUICAO CODIGO-INSTITUICAO="985600042720" SIGLA-INSTITUICAO="UniverCidade" SIGLA-UF-INSTITUICAO="RJ" SIGLA-PAIS-INSTITUICAO="BRA" NOME-PAIS-INSTITUICAO="Brasil" FLAG-AGENCIA-FOMENTO="NAO" FLAG-INSTITUICAO-DE-ENSINO="SIM"/><INFORMACAO-ADICIONAL-INSTITUICAO CODIGO-INSTITUICAO="J8PA00000007" SIGLA-INSTITUICAO="CRARJ" SIGLA-UF-INSTITUICAO="RJ" SIGLA-PAIS-INSTITUICAO="BRA" NOME-PAIS-INSTITUICAO="Brasil" FLAG-AGENCIA-FOMENTO="NAO" FLAG-INSTITUICAO-DE-ENSINO="NAO"/></INFORMACOES-ADICIONAIS-INSTITUICOES><INFORMACOES-ADICIONAIS-CURSOS><INFORMACAO-ADICIONAL-CURSO CODIGO-CURSO="60253070" CODIGO-ORGAO="" NOME-ORGAO="" CODIGO-INSTITUICAO="306200000002" NOME-INSTITUICAO="Universidade Paulista" NOME-GRANDE-AREA-DO-CONHECIMENTO="OUTROS" NOME-DA-AREA-DO-CONHECIMENTO="" NOME-DA-SUB-AREA-DO-CONHECIMENTO="" NOME-DA-ESPECIALIDADE="" NIVEL-CURSO="GRADUACAO"/><INFORMACAO-ADICIONAL-CURSO CODIGO-CURSO="90000000" CODIGO-ORGAO="" NOME-ORGAO="" CODIGO-INSTITUICAO="117700000004" NOME-INSTITUICAO="Universidade do Grande Rio" NOME-GRANDE-AREA-DO-CONHECIMENTO="CIENCIAS_SOCIAIS_APLICADAS" NOME-DA-AREA-DO-CONHECIMENTO="Administração" NOME-DA-SUB-AREA-DO-CONHECIMENTO="Administração de Empresas" NOME-DA-ESPECIALIDADE="" NIVEL-CURSO="GRADUACAO"/><INFORMACAO-ADICIONAL-CURSO CODIGO-CURSO="90000001" CODIGO-ORGAO="" NOME-ORGAO="" CODIGO-INSTITUICAO="060100000006" NOME-INSTITUICAO="Universidade Candido Mendes" NOME-GRANDE-AREA-DO-CONHECIMENTO="CIENCIAS_SOCIAIS_APLICADAS" NOME-DA-AREA-DO-CONHECIMENTO="Administração" NOME-DA-SUB-AREA-DO-CONHECIMENTO="Administração de Empresas" NOME-DA-ESPECIALIDADE="Administração Financeira" NIVEL-CURSO="APERFEICOAMENTO"/><INFORMACAO-ADICIONAL-CURSO CODIGO-CURSO="90000002" CODIGO-ORGAO="" NOME-ORGAO="" CODIGO-INSTITUICAO="000300000995" NOME-INSTITUICAO="Chiptek Informática Ltda" NOME-GRANDE-AREA-DO-CONHECIMENTO="OUTROS" NOME-DA-AREA-DO-CONHECIMENTO="" NOME-DA-SUB-AREA-DO-CONHECIMENTO="" NOME-DA-ESPECIALIDADE="" NIVEL-CURSO="CURSO_DE_CURTA_DURACAO"/><INFORMACAO-ADICIONAL-CURSO CODIGO-CURSO="90000003" CODIGO-ORGAO="" NOME-ORGAO="" CODIGO-INSTITUICAO="985600042720" NOME-INSTITUICAO="Centro Universitário da Cidade" NOME-GRANDE-AREA-DO-CONHECIMENTO="CIENCIAS_SOCIAIS_APLICADAS" NOME-DA-AREA-DO-CONHECIMENTO="Administração" NOME-DA-SUB-AREA-DO-CONHECIMENTO="Administração de Empresas" NOME-DA-ESPECIALIDADE="Administração Financeira" NIVEL-CURSO="EXTENSAO_UNIVERSITARIA"/><INFORMACAO-ADICIONAL-CURSO CODIGO-CURSO="90000004" CODIGO-ORGAO="" NOME-ORGAO="" CODIGO-INSTITUICAO="000400000997" NOME-INSTITUICAO="Sinduscon - RJ" NOME-GRANDE-AREA-DO-CONHECIMENTO="CIENCIAS_SOCIAIS_APLICADAS" NOME-DA-AREA-DO-CONHECIMENTO="Administração" NOME-DA-SUB-AREA-DO-CONHECIMENTO="Ciências Contábeis" NOME-DA-ESPECIALIDADE="" NIVEL-CURSO="CURSO_DE_CURTA_DURACAO"/><INFORMACAO-ADICIONAL-CURSO CODIGO-CURSO="90000005" CODIGO-ORGAO="" NOME-ORGAO="" CODIGO-INSTITUICAO="060100000006" NOME-INSTITUICAO="Universidade Candido Mendes" NOME-GRANDE-AREA-DO-CONHECIMENTO="CIENCIAS_SOCIAIS_APLICADAS" NOME-DA-AREA-DO-CONHECIMENTO="Economia" NOME-DA-SUB-AREA-DO-CONHECIMENTO="Métodos Quantitativos em Economia" NOME-DA-ESPECIALIDADE="Métodos e Modelos Matemáticos, Econométricos e Estatísticos" NIVEL-CURSO="MESTRADO"/><INFORMACAO-ADICIONAL-CURSO CODIGO-CURSO="90000006" CODIGO-ORGAO="" NOME-ORGAO="" CODIGO-INSTITUICAO="201900000008" NOME-INSTITUICAO="Centro Universitário Augusto Motta" NOME-GRANDE-AREA-DO-CONHECIMENTO="CIENCIAS_SOCIAIS_APLICADAS" NOME-DA-AREA-DO-CONHECIMENTO="Multidisciplinar" NOME-DA-SUB-AREA-DO-CONHECIMENTO="ESTADO, SOCIEDADE E DESENVOLVIMENTO LOCAL" NOME-DA-ESPECIALIDADE="" NIVEL-CURSO="MESTRADO"/><INFORMACAO-ADICIONAL-CURSO CODIGO-CURSO="90000007" CODIGO-ORGAO="" NOME-ORGAO="" CODIGO-INSTITUICAO="201900000008" NOME-INSTITUICAO="Centro Universitário Augusto Motta" NOME-GRANDE-AREA-DO-CONHECIMENTO="CIENCIAS_SOCIAIS_APLICADAS" NOME-DA-AREA-DO-CONHECIMENTO="Administração" NOME-DA-SUB-AREA-DO-CONHECIMENTO="Administração de Empresas" NOME-DA-ESPECIALIDADE="" NIVEL-CURSO="EXTENSAO_UNIVERSITARIA"/><INFORMACAO-ADICIONAL-CURSO CODIGO-CURSO="90000008" CODIGO-ORGAO="" NOME-ORGAO="" CODIGO-INSTITUICAO="000600000990" NOME-INSTITUICAO="Sindicato Nacional das Entidades Abertas de Previdência Privada" NOME-GRANDE-AREA-DO-CONHECIMENTO="CIENCIAS_SOCIAIS_APLICADAS" NOME-DA-AREA-DO-CONHECIMENTO="Administração" NOME-DA-SUB-AREA-DO-CONHECIMENTO="Administração de Empresas" NOME-DA-ESPECIALIDADE="" NIVEL-CURSO="OT"/><INFORMACAO-ADICIONAL-CURSO CODIGO-CURSO="90000009" CODIGO-ORGAO="" NOME-ORGAO="" CODIGO-INSTITUICAO="IVMQ00000006" NOME-INSTITUICAO="Informatique Consultoria &amp;amp; Treinamento" NOME-GRANDE-AREA-DO-CONHECIMENTO="OUTROS" NOME-DA-AREA-DO-CONHECIMENTO="Multidisciplinar" NOME-DA-SUB-AREA-DO-CONHECIMENTO="" NOME-DA-ESPECIALIDADE="" NIVEL-CURSO="CURSO_DE_CURTA_DURACAO"/><INFORMACAO-ADICIONAL-CURSO CODIGO-CURSO="90000010" CODIGO-ORGAO="" NOME-ORGAO="" CODIGO-INSTITUICAO="000700000992" NOME-INSTITUICAO="Informatique Informática Ltda" NOME-GRANDE-AREA-DO-CONHECIMENTO="OUTROS" NOME-DA-AREA-DO-CONHECIMENTO="Multidisciplinar" NOME-DA-SUB-AREA-DO-CONHECIMENTO="" NOME-DA-ESPECIALIDADE="" NIVEL-CURSO="CURSO_DE_CURTA_DURACAO"/><INFORMACAO-ADICIONAL-CURSO CODIGO-CURSO="90000011" CODIGO-ORGAO="" NOME-ORGAO="" CODIGO-INSTITUICAO="000300000995" NOME-INSTITUICAO="Chiptek Informática Ltda" NOME-GRANDE-AREA-DO-CONHECIMENTO="CIENCIAS_EXATAS_E_DA_TERRA" NOME-DA-AREA-DO-CONHECIMENTO="Ciência da Computação" NOME-DA-SUB-AREA-DO-CONHECIMENTO="" NOME-DA-ESPECIALIDADE="" NIVEL-CURSO="OT"/><INFORMACAO-ADICIONAL-CURSO CODIGO-CURSO="90000012" CODIGO-ORGAO="" NOME-ORGAO="" CODIGO-INSTITUICAO="000800000994" NOME-INSTITUICAO="C&amp;amp;M Vectra" NOME-GRANDE-AREA-DO-CONHECIMENTO="CIENCIAS_EXATAS_E_DA_TERRA" NOME-DA-AREA-DO-CONHECIMENTO="Ciência da Computação" NOME-DA-SUB-AREA-DO-CONHECIMENTO="" NOME-DA-ESPECIALIDADE="" NIVEL-CURSO="CURSO_DE_CURTA_DURACAO"/><INFORMACAO-ADICIONAL-CURSO CODIGO-CURSO="90000013" CODIGO-ORGAO="" NOME-ORGAO="" CODIGO-INSTITUICAO="000400000008" NOME-INSTITUICAO="Fundação Getúlio Vargas" NOME-GRANDE-AREA-DO-CONHECIMENTO="OUTROS" NOME-DA-AREA-DO-CONHECIMENTO="Divulgação Científica" NOME-DA-SUB-AREA-DO-CONHECIMENTO="" NOME-DA-ESPECIALIDADE="" NIVEL-CURSO="CURSO_DE_CURTA_DURACAO"/><INFORMACAO-ADICIONAL-CURSO CODIGO-CURSO="90000014" CODIGO-ORGAO="" NOME-ORGAO="" CODIGO-INSTITUICAO="201900000008" NOME-INSTITUICAO="Centro Universitário Augusto Motta" NOME-GRANDE-AREA-DO-CONHECIMENTO="CIENCIAS_HUMANAS" NOME-DA-AREA-DO-CONHECIMENTO="Educação" NOME-DA-SUB-AREA-DO-CONHECIMENTO="Ensino-Aprendizagem" NOME-DA-ESPECIALIDADE="" NIVEL-CURSO="APERFEICOAMENTO"/></INFORMACOES-ADICIONAIS-CURSOS></DADOS-COMPLEMENTARES><eventos/></CURRICULO-VITAE>