<CURRICULO-VITAE SISTEMA-ORIGEM-XML="LATTES_OFFLINE" NUMERO-IDENTIFICADOR="2141239579165029" FORMATO-DATA-ATUALIZACAO="DDMMAAAA" DATA-ATUALIZACAO="15092016" FORMATO-HORA-ATUALIZACAO="HHMMSS" HORA-ATUALIZACAO="154301"><DADOS-GERAIS NOME-COMPLETO="Claudia Valeria Cunha Figueiredo" NOME-EM-CITACOES-BIBLIOGRAFICAS="FIGUEIREDO, C. V. C." NACIONALIDADE="B" PAIS-DE-NASCIMENTO="Brasil" FORMATO-DATA-DE-NASCIMENTO="DDMMAAAA" FORMATO-DATA-DE-EMISSAO="DDMMAAAA" PERMISSAO-DE-DIVULGACAO="NAO" DATA-FALECIMENTO="" SIGLA-PAIS-NACIONALIDADE="BRA" PAIS-DE-NACIONALIDADE="Brasil"><RESUMO-CV TEXTO-RESUMO-CV-RH="Docente Centro Universitário Augusto Motta,Coordenadora do Curso de Pós Graduação em Ginecologia e Obstetricia. Graduação pela Universidade Federal Fluminense. Pós Graduada pela Universidade Federal Fluminense em Métodos dialíticos, pós graduada pela UERJ em Obstetrícia Social e Saúde da Mulher, Mestre em Desenvolvimento Local.Membro do Colegiado do Curso de Graduação em enfermagem Unisuam." TEXTO-RESUMO-CV-RH-EN=", acting on the following subjects: renais crônicos, orientação and hemodiálise."/><ENDERECO FLAG-DE-PREFERENCIA="ENDERECO_RESIDENCIAL"><ENDERECO-PROFISSIONAL CODIGO-INSTITUICAO-EMPRESA="201900000008" NOME-INSTITUICAO-EMPRESA="Centro Universitário Augusto Motta" CODIGO-ORGAO="201901000990" NOME-ORGAO="Centro Universitário Augusto Motta" CODIGO-UNIDADE="" NOME-UNIDADE="" LOGRADOURO-COMPLEMENTO="avenida Paris 72" PAIS="Brasil" UF="RJ" CEP="21041-020" CIDADE="Rio de Janeiro" BAIRRO="BONSUCESSO" DDD="021" TELEFONE="38829700" RAMAL="" FAX="" E-MAIL="cunhafigueiredo@yahoo.com.br" HOME-PAGE="www.unisuam.edu.br"/></ENDERECO><FORMACAO-ACADEMICA-TITULACAO><GRADUACAO SEQUENCIA-FORMACAO="5" NIVEL="1" TITULO-DO-TRABALHO-DE-CONCLUSAO-DE-CURSO="" NOME-DO-ORIENTADOR="" CODIGO-INSTITUICAO="000500000000" NOME-INSTITUICAO="Universidade Federal Fluminense" CODIGO-ORGAO="" NOME-ORGAO="" CODIGO-CURSO="60336749" NOME-CURSO="Enfermagem" CODIGO-AREA-CURSO="" STATUS-DO-CURSO="CONCLUIDO" ANO-DE-INICIO="1986" ANO-DE-CONCLUSAO="1990" FLAG-BOLSA="NAO" CODIGO-AGENCIA-FINANCIADORA="" NOME-AGENCIA="" NUMERO-ID-ORIENTADOR="" CODIGO-CURSO-CAPES="12708" TITULO-DO-TRABALHO-DE-CONCLUSAO-DE-CURSO-INGLES="" NOME-CURSO-INGLES="" FORMACAO-ACADEMICA-TITULACAO="" TIPO-GRADUACAO="" CODIGO-INSTITUICAO-GRAD="" NOME-INSTITUICAO-GRAD="" CODIGO-INSTITUICAO-OUTRA-GRAD="" NOME-INSTITUICAO-OUTRA-GRAD="" NOME-ORIENTADOR-GRAD=""/><ESPECIALIZACAO SEQUENCIA-FORMACAO="1" NIVEL="2" TITULO-DA-MONOGRAFIA="o comportamento sexual da puérpera" NOME-DO-ORIENTADOR="iraci dos santos" CODIGO-INSTITUICAO="032600000000" NOME-INSTITUICAO="Universidade do Estado do Rio de Janeiro" CODIGO-ORGAO="" NOME-ORGAO="" CODIGO-CURSO="00001430" NOME-CURSO="Enfermagem Obstetrica e Obstetricia Social" STATUS-DO-CURSO="CONCLUIDO" ANO-DE-INICIO="1993" ANO-DE-CONCLUSAO="1993" FLAG-BOLSA="NAO" CODIGO-AGENCIA-FINANCIADORA="" NOME-AGENCIA="" CARGA-HORARIA="360" TITULO-DA-MONOGRAFIA-INGLES="" NOME-CURSO-INGLES="Nursing"/><ESPECIALIZACAO SEQUENCIA-FORMACAO="3" NIVEL="2" TITULO-DA-MONOGRAFIA="Pacientes renais crônicos xequipe de enfermagem:Na busca de um canal de comunicação num centro de hemodiálise para melhor adesão ao programa." NOME-DO-ORIENTADOR="Isabel Cristina Fonseca da Cruz" CODIGO-INSTITUICAO="000500000000" NOME-INSTITUICAO="Universidade Federal Fluminense" CODIGO-ORGAO="" NOME-ORGAO="" CODIGO-CURSO="90000001" NOME-CURSO="Enfermagem em métodos dialíticos" STATUS-DO-CURSO="CONCLUIDO" ANO-DE-INICIO="2004" ANO-DE-CONCLUSAO="2004" FLAG-BOLSA="NAO" CODIGO-AGENCIA-FINANCIADORA="" NOME-AGENCIA="" CARGA-HORARIA="" TITULO-DA-MONOGRAFIA-INGLES="" NOME-CURSO-INGLES=""/><MESTRADO SEQUENCIA-FORMACAO="6" NIVEL="3" CODIGO-INSTITUICAO="201900000008" NOME-INSTITUICAO="Centro Universitário Augusto Motta" CODIGO-ORGAO="" NOME-ORGAO="" CODIGO-CURSO="90000003" NOME-CURSO="Mestrado em Desenvolvimento Local" CODIGO-AREA-CURSO="90000003" STATUS-DO-CURSO="CONCLUIDO" ANO-DE-INICIO="2013" ANO-DE-CONCLUSAO="2015" FLAG-BOLSA="SIM" CODIGO-AGENCIA-FINANCIADORA="201900000008" NOME-AGENCIA="Centro Universitário Augusto Motta" ANO-DE-OBTENCAO-DO-TITULO="2015" TITULO-DA-DISSERTACAO-TESE="Qualidade de vida do idoso: Promoção em saúde e desenvolvimento local na Zona da Leopoldina do Rio de Janeiro" NOME-COMPLETO-DO-ORIENTADOR="Silvia Conceição Reis Pereira Mello" TIPO-MESTRADO="N" NUMERO-ID-ORIENTADOR="1561498633983716" CODIGO-CURSO-CAPES="" TITULO-DA-DISSERTACAO-TESE-INGLES="" NOME-CURSO-INGLES="" NOME-DO-CO-ORIENTADOR="Rodrigo Otavio Lopes de Souza" CODIGO-INSTITUICAO-DOUT="" NOME-INSTITUICAO-DOUT="" CODIGO-INSTITUICAO-OUTRA-DOUT="" NOME-INSTITUICAO-OUTRA-DOUT="" NOME-ORIENTADOR-DOUT=""><conceitoCapes/></MESTRADO></FORMACAO-ACADEMICA-TITULACAO><ATUACOES-PROFISSIONAIS><ATUACAO-PROFISSIONAL CODIGO-INSTITUICAO="000100000991" NOME-INSTITUICAO="Hospital Estadual Rocha Faria" SEQUENCIA-ATIVIDADE="1" SEQUENCIA-IMPORTANCIA="2"><VINCULOS SEQUENCIA-HISTORICO="1" TIPO-DE-VINCULO="SERVIDOR_PUBLICO" ENQUADRAMENTO-FUNCIONAL="LIVRE" CARGA-HORARIA-SEMANAL="24" FLAG-DEDICACAO-EXCLUSIVA="NAO" MES-INICIO="03" ANO-INICIO="1991" MES-FIM="" ANO-FIM="" OUTRAS-INFORMACOES="Emprego atual" FLAG-VINCULO-EMPREGATICIO="NAO" OUTRO-VINCULO-INFORMADO="" OUTRO-ENQUADRAMENTO-FUNCIONAL-INFORMADO="ENFERMEIRO" OUTRO-ENQUADRAMENTO-FUNCIONAL-INFORMADO-INGLES="" OUTRAS-INFORMACOES-INGLES=""/><VINCULOS SEQUENCIA-HISTORICO="2" TIPO-DE-VINCULO="LIVRE" ENQUADRAMENTO-FUNCIONAL="LIVRE" CARGA-HORARIA-SEMANAL="24" FLAG-DEDICACAO-EXCLUSIVA="NAO" MES-INICIO="08" ANO-INICIO="2015" MES-FIM="02" ANO-FIM="2016" OUTRAS-INFORMACOES="" FLAG-VINCULO-EMPREGATICIO="SIM" OUTRO-VINCULO-INFORMADO="" OUTRO-ENQUADRAMENTO-FUNCIONAL-INFORMADO="Coordenador do setor de CIHDOTT" OUTRO-ENQUADRAMENTO-FUNCIONAL-INFORMADO-INGLES="" OUTRAS-INFORMACOES-INGLES=""/><ATIVIDADES-DE-PARTICIPACAO-EM-PROJETO><PARTICIPACAO-EM-PROJETO SEQUENCIA-FUNCAO-ATIVIDADE="1" FLAG-PERIODO="ATUAL" MES-INICIO="" ANO-INICIO="2012" MES-FIM="" ANO-FIM="" CODIGO-ORGAO="000101000995" NOME-ORGAO="Secretaria do Estado de Saúde e Defesa Civil" CODIGO-UNIDADE="" NOME-UNIDADE=""><PROJETO-DE-PESQUISA SEQUENCIA-PROJETO="1" ANO-INICIO="2012" ANO-FIM="" NOME-DO-PROJETO="Projeto Unindo Vidas" SITUACAO="EM_ANDAMENTO" NATUREZA="DESENVOLVIMENTO" NUMERO-GRADUACAO="" NUMERO-ESPECIALIZACAO="" NUMERO-MESTRADO-ACADEMICO="" NUMERO-MESTRADO-PROF="" NUMERO-DOUTORADO="" DESCRICAO-DO-PROJETO="Projeto de natureza qualitativa que visa promover uma maior comunicação entre equipes de saúdes , clientes e acompanhante no meio hospitalar, realizando reuniões e avliações através de pesquisa de satisfação da qualidade, reuniões e orientações.Propõe a criação de instrumentos de controle,folhas de ocorr~encias e ata de reuniões para mior resolutividade." IDENTIFICADOR-PROJETO="" DESCRICAO-DO-PROJETO-INGLES="" NOME-DO-PROJETO-INGLES="" FLAG-POTENCIAL-INOVACAO="NAO" FLAG-PROJETO-CERTIFICADO="nao" NOME-COORDENADOR-CERTIFICACAO="" FORMATO-DATA-CERTIFICACAO="DDMMAAAA" DATA-CERTIFICACAO="" NUMERO_TECNICO_NIVEL_MEDIO=""><EQUIPE-DO-PROJETO><INTEGRANTES-DO-PROJETO NOME-COMPLETO="Claudia Valeria Cunha Figueiredo" NOME-PARA-CITACAO="FIGUEIREDO, C. V. C." ORDEM-DE-INTEGRACAO="1" FLAG-RESPONSAVEL="SIM" NRO-ID-CNPQ="2141239579165029"/></EQUIPE-DO-PROJETO><FINANCIADORES-DO-PROJETO><FINANCIADOR-DO-PROJETO SEQUENCIA-FINANCIADOR="1" CODIGO-INSTITUICAO="" NOME-INSTITUICAO="" NATUREZA="NAO_INFORMADO"/></FINANCIADORES-DO-PROJETO></PROJETO-DE-PESQUISA></PARTICIPACAO-EM-PROJETO></ATIVIDADES-DE-PARTICIPACAO-EM-PROJETO><atividadesProfissionaisPlanificadas/></ATUACAO-PROFISSIONAL><ATUACAO-PROFISSIONAL CODIGO-INSTITUICAO="201900000008" NOME-INSTITUICAO="Centro Universitário Augusto Motta" SEQUENCIA-ATIVIDADE="2" SEQUENCIA-IMPORTANCIA="1"><VINCULOS SEQUENCIA-HISTORICO="1" TIPO-DE-VINCULO="LIVRE" ENQUADRAMENTO-FUNCIONAL="LIVRE" CARGA-HORARIA-SEMANAL="20" FLAG-DEDICACAO-EXCLUSIVA="NAO" MES-INICIO="10" ANO-INICIO="2009" MES-FIM="" ANO-FIM="" OUTRAS-INFORMACOES="" FLAG-VINCULO-EMPREGATICIO="NAO" OUTRO-VINCULO-INFORMADO="Celetista formal" OUTRO-ENQUADRAMENTO-FUNCIONAL-INFORMADO="DOCENTE" OUTRO-ENQUADRAMENTO-FUNCIONAL-INFORMADO-INGLES="" OUTRAS-INFORMACOES-INGLES=""/><VINCULOS SEQUENCIA-HISTORICO="2" TIPO-DE-VINCULO="CELETISTA" ENQUADRAMENTO-FUNCIONAL="LIVRE" CARGA-HORARIA-SEMANAL="12" FLAG-DEDICACAO-EXCLUSIVA="NAO" MES-INICIO="08" ANO-INICIO="2015" MES-FIM="" ANO-FIM="" OUTRAS-INFORMACOES="" FLAG-VINCULO-EMPREGATICIO="NAO" OUTRO-VINCULO-INFORMADO="" OUTRO-ENQUADRAMENTO-FUNCIONAL-INFORMADO="Coordenação Adjunta do Curso de Enfermagem" OUTRO-ENQUADRAMENTO-FUNCIONAL-INFORMADO-INGLES="" OUTRAS-INFORMACOES-INGLES=""/><ATIVIDADES-DE-PARTICIPACAO-EM-PROJETO><PARTICIPACAO-EM-PROJETO SEQUENCIA-FUNCAO-ATIVIDADE="3" FLAG-PERIODO="ANTERIOR" MES-INICIO="" ANO-INICIO="2013" MES-FIM="" ANO-FIM="2014" CODIGO-ORGAO="201901000990" NOME-ORGAO="Centro Universitário Augusto Motta" CODIGO-UNIDADE="" NOME-UNIDADE=""><PROJETO-DE-PESQUISA SEQUENCIA-PROJETO="3" ANO-INICIO="2013" ANO-FIM="2014" NOME-DO-PROJETO="Projeto Teleférico do Morro do Alemão: saúde e desenvolvimento Local" SITUACAO="CONCLUIDO" NATUREZA="EXTENSAO" NUMERO-GRADUACAO="7" NUMERO-ESPECIALIZACAO="" NUMERO-MESTRADO-ACADEMICO="1" NUMERO-MESTRADO-PROF="" NUMERO-DOUTORADO="1" DESCRICAO-DO-PROJETO="Projeto de extensão, através de atividades de diagnóstico simplificado em saúde, que é uma forma de descrição simples de uma situação encontrada,práticas em saúde e prevenção em saúde, realizado com alunos do Curso de Graduação em Enfermagem do Centro Universitário Augusto Motta,voltadas ao desenvolvimento local na Comunidade, foi realizado, no teleférico do Morro do Alemão. Realizadas atividades de orientação eeducação em saúde no local." IDENTIFICADOR-PROJETO="" DESCRICAO-DO-PROJETO-INGLES="" NOME-DO-PROJETO-INGLES="" FLAG-POTENCIAL-INOVACAO="SIM" FLAG-PROJETO-CERTIFICADO="nao" NOME-COORDENADOR-CERTIFICACAO="" FORMATO-DATA-CERTIFICACAO="DDMMAAAA" DATA-CERTIFICACAO="" NUMERO_TECNICO_NIVEL_MEDIO=""><EQUIPE-DO-PROJETO><INTEGRANTES-DO-PROJETO NOME-COMPLETO="Claudia Valeria Cunha Figueiredo" NOME-PARA-CITACAO="FIGUEIREDO, C. V. C." ORDEM-DE-INTEGRACAO="1" FLAG-RESPONSAVEL="SIM" NRO-ID-CNPQ="2141239579165029"/></EQUIPE-DO-PROJETO></PROJETO-DE-PESQUISA></PARTICIPACAO-EM-PROJETO></ATIVIDADES-DE-PARTICIPACAO-EM-PROJETO><atividadesProfissionaisPlanificadas/></ATUACAO-PROFISSIONAL><ATUACAO-PROFISSIONAL CODIGO-INSTITUICAO="000300000995" NOME-INSTITUICAO="SERVIÇO DE ASSISTÊNCIA MÉDICA DE URGÊNCIA" SEQUENCIA-ATIVIDADE="3" SEQUENCIA-IMPORTANCIA="5"><VINCULOS SEQUENCIA-HISTORICO="1" TIPO-DE-VINCULO="LIVRE" ENQUADRAMENTO-FUNCIONAL="LIVRE" CARGA-HORARIA-SEMANAL="24" FLAG-DEDICACAO-EXCLUSIVA="NAO" MES-INICIO="07" ANO-INICIO="2005" MES-FIM="02" ANO-FIM="2009" OUTRAS-INFORMACOES="" FLAG-VINCULO-EMPREGATICIO="SIM" OUTRO-VINCULO-INFORMADO="COOPERADO" OUTRO-ENQUADRAMENTO-FUNCIONAL-INFORMADO="ENFERMEIRO DE UNIDADE AVANÇADA" OUTRO-ENQUADRAMENTO-FUNCIONAL-INFORMADO-INGLES="" OUTRAS-INFORMACOES-INGLES=""/><atividadesProfissionaisPlanificadas/></ATUACAO-PROFISSIONAL><ATUACAO-PROFISSIONAL CODIGO-INSTITUICAO="000400000997" NOME-INSTITUICAO="SANTA CECÍLIA SERVIÇOS MÉDICOS" SEQUENCIA-ATIVIDADE="4" SEQUENCIA-IMPORTANCIA="4"><VINCULOS SEQUENCIA-HISTORICO="1" TIPO-DE-VINCULO="LIVRE" ENQUADRAMENTO-FUNCIONAL="LIVRE" CARGA-HORARIA-SEMANAL="40" FLAG-DEDICACAO-EXCLUSIVA="NAO" MES-INICIO="08" ANO-INICIO="1998" MES-FIM="07" ANO-FIM="2008" OUTRAS-INFORMACOES="Nestes anos atuei: Supervisor em enfermagem em hemodiálise e depois de 1 ano como Chefe em enfermagem das unidades do grupo: Clinica Sicard e Santel Campo Grande" FLAG-VINCULO-EMPREGATICIO="NAO" OUTRO-VINCULO-INFORMADO="Celetista formal" OUTRO-ENQUADRAMENTO-FUNCIONAL-INFORMADO="ENFERMEIRO- CHEFE" OUTRO-ENQUADRAMENTO-FUNCIONAL-INFORMADO-INGLES="" OUTRAS-INFORMACOES-INGLES=""/><ATIVIDADES-DE-PARTICIPACAO-EM-PROJETO><PARTICIPACAO-EM-PROJETO SEQUENCIA-FUNCAO-ATIVIDADE="2" FLAG-PERIODO="ANTERIOR" MES-INICIO="" ANO-INICIO="2006" MES-FIM="" ANO-FIM="2006" CODIGO-ORGAO="000401000990" NOME-ORGAO="Universidade Federal do Rio de Janeiro" CODIGO-UNIDADE="" NOME-UNIDADE=""><PROJETO-DE-PESQUISA SEQUENCIA-PROJETO="2" ANO-INICIO="2006" ANO-FIM="2006" NOME-DO-PROJETO="Pesquisa Epidemiológica da Doença de Fabry em Uma população de pacientes em diálise no Rio de Janeiro" SITUACAO="CONCLUIDO" NATUREZA="PESQUISA" NUMERO-GRADUACAO="" NUMERO-ESPECIALIZACAO="" NUMERO-MESTRADO-ACADEMICO="" NUMERO-MESTRADO-PROF="" NUMERO-DOUTORADO="" DESCRICAO-DO-PROJETO="Análise, rastreamento e acompanhamento dos casos de pacientes suspeitos ou com Doença de Fabry em Uma Unidade de Dialíse do Rio de Janeiro" IDENTIFICADOR-PROJETO="" DESCRICAO-DO-PROJETO-INGLES="" NOME-DO-PROJETO-INGLES="" FLAG-POTENCIAL-INOVACAO="NAO" FLAG-PROJETO-CERTIFICADO="nao" NOME-COORDENADOR-CERTIFICACAO="" FORMATO-DATA-CERTIFICACAO="DDMMAAAA" DATA-CERTIFICACAO="" NUMERO_TECNICO_NIVEL_MEDIO=""><EQUIPE-DO-PROJETO><INTEGRANTES-DO-PROJETO NOME-COMPLETO="Claudia Valeria Cunha Figueiredo" NOME-PARA-CITACAO="FIGUEIREDO, C. V. C." ORDEM-DE-INTEGRACAO="1" FLAG-RESPONSAVEL="SIM" NRO-ID-CNPQ="2141239579165029"/><INTEGRANTES-DO-PROJETO NOME-COMPLETO="AlvimarGonçalves Delgado" NOME-PARA-CITACAO="Alvimar Gonçalves Delgado" ORDEM-DE-INTEGRACAO="2" FLAG-RESPONSAVEL="NAO" NRO-ID-CNPQ=""/></EQUIPE-DO-PROJETO></PROJETO-DE-PESQUISA></PARTICIPACAO-EM-PROJETO></ATIVIDADES-DE-PARTICIPACAO-EM-PROJETO><atividadesProfissionaisPlanificadas/></ATUACAO-PROFISSIONAL><ATUACAO-PROFISSIONAL CODIGO-INSTITUICAO="000500000999" NOME-INSTITUICAO="UNIDADE DE NEFROLOGIA , DIÁLISE E TRANSPLANTE RENAL" SEQUENCIA-ATIVIDADE="5" SEQUENCIA-IMPORTANCIA="6"><VINCULOS SEQUENCIA-HISTORICO="1" TIPO-DE-VINCULO="LIVRE" ENQUADRAMENTO-FUNCIONAL="LIVRE" CARGA-HORARIA-SEMANAL="20" FLAG-DEDICACAO-EXCLUSIVA="NAO" MES-INICIO="07" ANO-INICIO="2008" MES-FIM="10" ANO-FIM="2009" OUTRAS-INFORMACOES="" FLAG-VINCULO-EMPREGATICIO="NAO" OUTRO-VINCULO-INFORMADO="Celetista formal" OUTRO-ENQUADRAMENTO-FUNCIONAL-INFORMADO="Enfermeiro Chefe" OUTRO-ENQUADRAMENTO-FUNCIONAL-INFORMADO-INGLES="" OUTRAS-INFORMACOES-INGLES=""/><atividadesProfissionaisPlanificadas/></ATUACAO-PROFISSIONAL><ATUACAO-PROFISSIONAL CODIGO-INSTITUICAO="000700000992" NOME-INSTITUICAO="Upa Irajá" SEQUENCIA-ATIVIDADE="6" SEQUENCIA-IMPORTANCIA="3"><VINCULOS SEQUENCIA-HISTORICO="2" TIPO-DE-VINCULO="CELETISTA" ENQUADRAMENTO-FUNCIONAL="LIVRE" CARGA-HORARIA-SEMANAL="40" FLAG-DEDICACAO-EXCLUSIVA="NAO" MES-INICIO="10" ANO-INICIO="2012" MES-FIM="12" ANO-FIM="2014" OUTRAS-INFORMACOES="" FLAG-VINCULO-EMPREGATICIO="NAO" OUTRO-VINCULO-INFORMADO="" OUTRO-ENQUADRAMENTO-FUNCIONAL-INFORMADO="Coordenador de Enfermagem" OUTRO-ENQUADRAMENTO-FUNCIONAL-INFORMADO-INGLES="" OUTRAS-INFORMACOES-INGLES=""/><atividadesProfissionaisPlanificadas/></ATUACAO-PROFISSIONAL><ATUACAO-PROFISSIONAL CODIGO-INSTITUICAO="000900000996" NOME-INSTITUICAO="Hospital Estadual Eduardo Rabelo" SEQUENCIA-ATIVIDADE="7" SEQUENCIA-IMPORTANCIA="7"><VINCULOS SEQUENCIA-HISTORICO="1" TIPO-DE-VINCULO="SERVIDOR_PUBLICO" ENQUADRAMENTO-FUNCIONAL="LIVRE" CARGA-HORARIA-SEMANAL="32" FLAG-DEDICACAO-EXCLUSIVA="NAO" MES-INICIO="02" ANO-INICIO="2016" MES-FIM="" ANO-FIM="" OUTRAS-INFORMACOES="" FLAG-VINCULO-EMPREGATICIO="NAO" OUTRO-VINCULO-INFORMADO="" OUTRO-ENQUADRAMENTO-FUNCIONAL-INFORMADO="ENFERMEIRO" OUTRO-ENQUADRAMENTO-FUNCIONAL-INFORMADO-INGLES="" OUTRAS-INFORMACOES-INGLES=""/><atividadesProfissionaisPlanificadas/></ATUACAO-PROFISSIONAL></ATUACOES-PROFISSIONAIS><IDIOMAS><IDIOMA IDIOMA="EN" DESCRICAO-DO-IDIOMA="Inglês" PROFICIENCIA-DE-LEITURA="NAO_INFORMADO" PROFICIENCIA-DE-FALA="NAO_INFORMADO" PROFICIENCIA-DE-ESCRITA="NAO_INFORMADO" PROFICIENCIA-DE-COMPREENSAO="RAZOAVELMENTE"/></IDIOMAS><PREMIOS-TITULOS><PREMIO-TITULO NOME-DO-PREMIO-OU-TITULO="Prêmio Marisa Ubeda" NOME-DA-ENTIDADE-PROMOTORA="Sociedade Brasileira de Enfermagem em Nefrologia-" ANO-DA-PREMIACAO="2008" NOME-DO-PREMIO-OU-TITULO-INGLES=""/><PREMIO-TITULO NOME-DO-PREMIO-OU-TITULO="Moção" NOME-DA-ENTIDADE-PROMOTORA="Câmara Municipal do Rio de Janeiro" ANO-DA-PREMIACAO="2011" NOME-DO-PREMIO-OU-TITULO-INGLES=""/></PREMIOS-TITULOS><staValidado/><dataExibicao/><dadosBolsista/></DADOS-GERAIS><PRODUCAO-BIBLIOGRAFICA><TRABALHOS-EM-EVENTOS><TRABALHO-EM-EVENTOS SEQUENCIA-PRODUCAO="2"><DADOS-BASICOS-DO-TRABALHO NATUREZA="RESUMO" TITULO-DO-TRABALHO="Desvendendo os receios dos pacientes renais crônicos em programa de hemodiálise: passos para promoção em saúde pela equipe transdisciplinar" ANO-DO-TRABALHO="2008" PAIS-DO-EVENTO="Brasil" IDIOMA="Português" MEIO-DE-DIVULGACAO="IMPRESSO" HOME-PAGE-DO-TRABALHO="" FLAG-RELEVANCIA="SIM" DOI="Jornal Brasileiro de Nefrologia" TITULO-DO-TRABALHO-INGLES="" FLAG-DIVULGACAO-CIENTIFICA="NAO"/><DETALHAMENTO-DO-TRABALHO CLASSIFICACAO-DO-EVENTO="NACIONAL" NOME-DO-EVENTO="XXIV Congresso Brasilleiro de Nefrologia" CIDADE-DO-EVENTO="CURITIBA" ANO-DE-REALIZACAO="2008" TITULO-DOS-ANAIS-OU-PROCEEDINGS="Jornal Brasileiro de Nefrologia" VOLUME="30" FASCICULO="3" SERIE="3" PAGINA-INICIAL="250" PAGINA-FINAL="250" ISBN="" NOME-DA-EDITORA="tecart" CIDADE-DA-EDITORA="Saõ Paulo" NOME-DO-EVENTO-INGLES=""/><AUTORES NOME-COMPLETO-DO-AUTOR="Claudia Valeria Cunha Figueiredo" NOME-PARA-CITACAO="FIGUEIREDO, C. V. C." ORDEM-DE-AUTORIA="1" NRO-ID-CNPQ="2141239579165029"/><PALAVRAS-CHAVE PALAVRA-CHAVE-1="RENAIS CRÔNICOS" PALAVRA-CHAVE-2="" PALAVRA-CHAVE-3="" PALAVRA-CHAVE-4="" PALAVRA-CHAVE-5="" PALAVRA-CHAVE-6=""/><AREAS-DO-CONHECIMENTO><AREA-DO-CONHECIMENTO-1 NOME-GRANDE-AREA-DO-CONHECIMENTO="CIENCIAS_DA_SAUDE" NOME-DA-AREA-DO-CONHECIMENTO="" NOME-DA-SUB-AREA-DO-CONHECIMENTO="" NOME-DA-ESPECIALIDADE=""/></AREAS-DO-CONHECIMENTO><SETORES-DE-ATIVIDADE SETOR-DE-ATIVIDADE-1="Atividades profissionais, científicas e técnicas" SETOR-DE-ATIVIDADE-2="" SETOR-DE-ATIVIDADE-3=""/></TRABALHO-EM-EVENTOS></TRABALHOS-EM-EVENTOS><ARTIGOS-PUBLICADOS><ARTIGO-PUBLICADO SEQUENCIA-PRODUCAO="28" ORDEM-IMPORTANCIA=""><DADOS-BASICOS-DO-ARTIGO NATUREZA="COMPLETO" TITULO-DO-ARTIGO="O CORPO GRITA POR SOCORRO: ANALISANDO A PRODUÇÃO CIENTÍFICADO ENFERMEIRO NOS ÚLTIMOS CINCO ANOS SOBRE VIOLÊNCIA DOMÉSTICA CONTRA CRIANÇA E ADOLESCENTE" ANO-DO-ARTIGO="2012" PAIS-DE-PUBLICACAO="" IDIOMA="Português" MEIO-DE-DIVULGACAO="MEIO_DIGITAL" HOME-PAGE-DO-TRABALHO="[http://unisuam edu]" FLAG-RELEVANCIA="NAO" DOI="" TITULO-DO-ARTIGO-INGLES="" FLAG-DIVULGACAO-CIENTIFICA="NAO"/><DETALHAMENTO-DO-ARTIGO TITULO-DO-PERIODICO-OU-REVISTA="Corpus et Scientia" ISSN="19816855" VOLUME="8" FASCICULO="" SERIE="2012" PAGINA-INICIAL="52" PAGINA-FINAL="" LOCAL-DE-PUBLICACAO=""/><AUTORES NOME-COMPLETO-DO-AUTOR="Claudia Valeria Cunha Figueiredo" NOME-PARA-CITACAO="FIGUEIREDO, C. V. C." ORDEM-DE-AUTORIA="1" NRO-ID-CNPQ="2141239579165029"/><PALAVRAS-CHAVE PALAVRA-CHAVE-1="ORIENTAÇÃO" PALAVRA-CHAVE-2="Eva Rodrigues de Fátima Paulino" PALAVRA-CHAVE-3="" PALAVRA-CHAVE-4="" PALAVRA-CHAVE-5="" PALAVRA-CHAVE-6=""/></ARTIGO-PUBLICADO><ARTIGO-PUBLICADO SEQUENCIA-PRODUCAO="6" ORDEM-IMPORTANCIA=""><DADOS-BASICOS-DO-ARTIGO NATUREZA="COMPLETO" TITULO-DO-ARTIGO="Gravidez após os 35: uma visão de mulheres que viveram essa experiência" ANO-DO-ARTIGO="2011" PAIS-DE-PUBLICACAO="" IDIOMA="Português" MEIO-DE-DIVULGACAO="VARIOS" HOME-PAGE-DO-TRABALHO="[http://www.unisuam.edu/corpus]" FLAG-RELEVANCIA="NAO" DOI="" TITULO-DO-ARTIGO-INGLES="" FLAG-DIVULGACAO-CIENTIFICA="NAO"/><DETALHAMENTO-DO-ARTIGO TITULO-DO-PERIODICO-OU-REVISTA="Corpus et Scientia" ISSN="19816855" VOLUME="7" FASCICULO="" SERIE="2011" PAGINA-INICIAL="99" PAGINA-FINAL="111" LOCAL-DE-PUBLICACAO=""/><AUTORES NOME-COMPLETO-DO-AUTOR="Claudia Valeria Cunha Figueiredo" NOME-PARA-CITACAO="FIGUEIREDO, C. V. C." ORDEM-DE-AUTORIA="1" NRO-ID-CNPQ="2141239579165029"/><AUTORES NOME-COMPLETO-DO-AUTOR="Eva de Fátima Rodrigues Paulino" NOME-PARA-CITACAO="Eva de Fatima Rodrigues Pauliino" ORDEM-DE-AUTORIA="2" NRO-ID-CNPQ=""/><AUTORES NOME-COMPLETO-DO-AUTOR="Danielle de Paula Galdino" NOME-PARA-CITACAO="Danielle de Paula Galdino" ORDEM-DE-AUTORIA="3" NRO-ID-CNPQ=""/><AUTORES NOME-COMPLETO-DO-AUTOR="Renata Bastos de Oliveira" NOME-PARA-CITACAO="Renata Bastos de Oliveira" ORDEM-DE-AUTORIA="4" NRO-ID-CNPQ=""/></ARTIGO-PUBLICADO><ARTIGO-PUBLICADO SEQUENCIA-PRODUCAO="7" ORDEM-IMPORTANCIA=""><DADOS-BASICOS-DO-ARTIGO NATUREZA="COMPLETO" TITULO-DO-ARTIGO="Comportamento sexual da puérpera" ANO-DO-ARTIGO="1994" PAIS-DE-PUBLICACAO="" IDIOMA="Português" MEIO-DE-DIVULGACAO="VARIOS" HOME-PAGE-DO-TRABALHO="[http://Revista de Enfermagem da Uerj]" FLAG-RELEVANCIA="NAO" DOI="" TITULO-DO-ARTIGO-INGLES="" FLAG-DIVULGACAO-CIENTIFICA="NAO"/><DETALHAMENTO-DO-ARTIGO TITULO-DO-PERIODICO-OU-REVISTA="Revista Enfermagem UERJ" ISSN="01043552" VOLUME="2" FASCICULO="" SERIE="1" PAGINA-INICIAL="21" PAGINA-FINAL="33" LOCAL-DE-PUBLICACAO=""/><AUTORES NOME-COMPLETO-DO-AUTOR="MARCIA LOPES" NOME-PARA-CITACAO="LOPES, M." ORDEM-DE-AUTORIA="1" NRO-ID-CNPQ=""/><AUTORES NOME-COMPLETO-DO-AUTOR="HELEN CRISTINI" NOME-PARA-CITACAO="HELLEN CRISTINI TELLLE" ORDEM-DE-AUTORIA="2" NRO-ID-CNPQ=""/><AUTORES NOME-COMPLETO-DO-AUTOR="Claudia Valeria Cunha Figueiredo" NOME-PARA-CITACAO="FIGUEIREDO, C. V. C." ORDEM-DE-AUTORIA="3" NRO-ID-CNPQ="2141239579165029"/></ARTIGO-PUBLICADO></ARTIGOS-PUBLICADOS><TEXTOS-EM-JORNAIS-OU-REVISTAS><TEXTO-EM-JORNAL-OU-REVISTA SEQUENCIA-PRODUCAO="32"><DADOS-BASICOS-DO-TEXTO NATUREZA="REVISTA_MAGAZINE" TITULO-DO-TEXTO="Gravidez após 35: uma visão de mulheres que viveram essa experiência" ANO-DO-TEXTO="2012" PAIS-DE-PUBLICACAO="Brasil" IDIOMA="Português" MEIO-DE-DIVULGACAO="IMPRESSO" HOME-PAGE-DO-TRABALHO="apl.unisuam.edu.br/revistas/index.php/corpusetscientia/article/" FLAG-RELEVANCIA="NAO" DOI="" TITULO-DO-TEXTO-INGLES="" FLAG-DIVULGACAO-CIENTIFICA="NAO"/><DETALHAMENTO-DO-TEXTO TITULO-DO-JORNAL-OU-REVISTA="Revista Corpus et Scientia" ISSN="" FORMATO-DATA-DE-PUBLICACAO="DDMMAAAA" DATA-DE-PUBLICACAO="27052011" VOLUME="" PAGINA-INICIAL="" PAGINA-FINAL="" LOCAL-DE-PUBLICACAO="Rio de Janeiro"><dataPublicacaoFormatoSimples/></DETALHAMENTO-DO-TEXTO><AUTORES NOME-COMPLETO-DO-AUTOR="Eva de Fátima Rodrigues Paulino" NOME-PARA-CITACAO="Eva de Fatima Rodrigues Pauliino" ORDEM-DE-AUTORIA="1" NRO-ID-CNPQ=""/><AUTORES NOME-COMPLETO-DO-AUTOR="Claudia Valeria Cunha Figueiredo" NOME-PARA-CITACAO="FIGUEIREDO, C. V. C." ORDEM-DE-AUTORIA="2" NRO-ID-CNPQ="2141239579165029"/><AUTORES NOME-COMPLETO-DO-AUTOR="Danielle de Paula Galdino" NOME-PARA-CITACAO="Danielle de Paula Galdino" ORDEM-DE-AUTORIA="3" NRO-ID-CNPQ=""/><AUTORES NOME-COMPLETO-DO-AUTOR="Renata Bastos de Oliveira" NOME-PARA-CITACAO="OLIVEIRA, R. B." ORDEM-DE-AUTORIA="4" NRO-ID-CNPQ=""/><PALAVRAS-CHAVE PALAVRA-CHAVE-1="Mulher, Enfermeira, Gravidez" PALAVRA-CHAVE-2="" PALAVRA-CHAVE-3="" PALAVRA-CHAVE-4="" PALAVRA-CHAVE-5="" PALAVRA-CHAVE-6=""/></TEXTO-EM-JORNAL-OU-REVISTA><TEXTO-EM-JORNAL-OU-REVISTA SEQUENCIA-PRODUCAO="1"><DADOS-BASICOS-DO-TEXTO NATUREZA="REVISTA_MAGAZINE" TITULO-DO-TEXTO="o comportamento sexual da puérpera" ANO-DO-TEXTO="1994" PAIS-DE-PUBLICACAO="Brasil" IDIOMA="Português" MEIO-DE-DIVULGACAO="IMPRESSO" HOME-PAGE-DO-TRABALHO="" FLAG-RELEVANCIA="SIM" DOI="" TITULO-DO-TEXTO-INGLES="" FLAG-DIVULGACAO-CIENTIFICA="NAO"/><DETALHAMENTO-DO-TEXTO TITULO-DO-JORNAL-OU-REVISTA="revista de enfermagem da UERJ" ISSN="" FORMATO-DATA-DE-PUBLICACAO="DDMMAAAA" DATA-DE-PUBLICACAO="03051994" VOLUME="" PAGINA-INICIAL="21" PAGINA-FINAL="31" LOCAL-DE-PUBLICACAO="RIO DE JANEIRO"><dataPublicacaoFormatoSimples/></DETALHAMENTO-DO-TEXTO><AUTORES NOME-COMPLETO-DO-AUTOR="CLAUDIA VALERIA DA SILVA CUNHA" NOME-PARA-CITACAO="CLAUDIA VALERIA DA SILVA" ORDEM-DE-AUTORIA="1" NRO-ID-CNPQ=""/><AUTORES NOME-COMPLETO-DO-AUTOR="Claudia Valeria Cunha Figueiredo" NOME-PARA-CITACAO="FIGUEIREDO, C. V. C." ORDEM-DE-AUTORIA="2" NRO-ID-CNPQ="2141239579165029"/></TEXTO-EM-JORNAL-OU-REVISTA></TEXTOS-EM-JORNAIS-OU-REVISTAS></PRODUCAO-BIBLIOGRAFICA><PRODUCAO-TECNICA><TRABALHO-TECNICO SEQUENCIA-PRODUCAO="5"><DADOS-BASICOS-DO-TRABALHO-TECNICO NATUREZA="ELABORACAO_DE_PROJETO" TITULO-DO-TRABALHO-TECNICO="Curso de Hemodiálise - nivel médio" ANO="2011" PAIS="Brasil" MEIO-DE-DIVULGACAO="IMPRESSO" HOME-PAGE-DO-TRABALHO="" IDIOMA="Português" FLAG-RELEVANCIA="SIM" DOI="" TITULO-DO-TRABALHO-TECNICO-INGLES=""/><DETALHAMENTO-DO-TRABALHO-TECNICO FINALIDADE="Curso de capacitação" DURACAO-EM-MESES="1" NUMERO-DE-PAGINAS="30" DISPONIBILIDADE="RESTRITA" INSTITUICAO-FINANCIADORA="Colégio Santos Maia" CIDADE-DO-TRABALHO="rio de Janeiro" FINALIDADE-INGLES=""/><AUTORES NOME-COMPLETO-DO-AUTOR="Claudia Valeria Cunha Figueiredo" NOME-PARA-CITACAO="FIGUEIREDO, C. V. C." ORDEM-DE-AUTORIA="1" NRO-ID-CNPQ="2141239579165029"/></TRABALHO-TECNICO><TRABALHO-TECNICO SEQUENCIA-PRODUCAO="61"><DADOS-BASICOS-DO-TRABALHO-TECNICO NATUREZA="SERVICOS_NA_AREA_DA_SAUDE" TITULO-DO-TRABALHO-TECNICO="Intrutor de capacitação de Dengue: manejo clinico" ANO="2013" PAIS="Brasil" MEIO-DE-DIVULGACAO="IMPRESSO" HOME-PAGE-DO-TRABALHO="" IDIOMA="Português" FLAG-RELEVANCIA="NAO" DOI="" TITULO-DO-TRABALHO-TECNICO-INGLES=""/><DETALHAMENTO-DO-TRABALHO-TECNICO FINALIDADE="Orientação e capacitação de técnicos e Enfermeiro da Upa Irajá no manejo da dengue" DURACAO-EM-MESES="8" NUMERO-DE-PAGINAS="1" DISPONIBILIDADE="RESTRITA" INSTITUICAO-FINANCIADORA="Ong Viva Rio" CIDADE-DO-TRABALHO="Rio de Janeiro" FINALIDADE-INGLES=""/><AUTORES NOME-COMPLETO-DO-AUTOR="Claudia Valeria Cunha Figueiredo" NOME-PARA-CITACAO="FIGUEIREDO, C. V. C." ORDEM-DE-AUTORIA="1" NRO-ID-CNPQ="2141239579165029"/></TRABALHO-TECNICO><DEMAIS-TIPOS-DE-PRODUCAO-TECNICA><APRESENTACAO-DE-TRABALHO SEQUENCIA-PRODUCAO="29"><DADOS-BASICOS-DA-APRESENTACAO-DE-TRABALHO NATUREZA="CONGRESSO" TITULO="Projeto Unindo Vidas" ANO="2012" PAIS="Brasil" IDIOMA="Português" FLAG-RELEVANCIA="NAO" DOI="" TITULO-INGLES="" FLAG-DIVULGACAO-CIENTIFICA="NAO"/><DETALHAMENTO-DA-APRESENTACAO-DE-TRABALHO NOME-DO-EVENTO="I Congresso Científico da Secretaria de Estado de Saúde" INSTITUICAO-PROMOTORA="Secretaria do Estado de Saúde" LOCAL-DA-APRESENTACAO="Rio de Janeiro" CIDADE-DA-APRESENTACAO="Rio de Janeiro" NOME-DO-EVENTO-INGLES=""/><AUTORES NOME-COMPLETO-DO-AUTOR="Claudia Valeria Cunha Figueiredo" NOME-PARA-CITACAO="FIGUEIREDO, C. V. C." ORDEM-DE-AUTORIA="1" NRO-ID-CNPQ="2141239579165029"/><AUTORES NOME-COMPLETO-DO-AUTOR="Denise da Silva Carvalho" NOME-PARA-CITACAO="CARVALHO, D. S." ORDEM-DE-AUTORIA="2" NRO-ID-CNPQ=""/><AUTORES NOME-COMPLETO-DO-AUTOR="Vanda Regina Tatagiba" NOME-PARA-CITACAO="TATAGIBA, V. R." ORDEM-DE-AUTORIA="3" NRO-ID-CNPQ=""/><PALAVRAS-CHAVE PALAVRA-CHAVE-1="Humanização, Enfermagem, Orientação" PALAVRA-CHAVE-2="" PALAVRA-CHAVE-3="" PALAVRA-CHAVE-4="" PALAVRA-CHAVE-5="" PALAVRA-CHAVE-6=""/><AREAS-DO-CONHECIMENTO><AREA-DO-CONHECIMENTO-1 NOME-GRANDE-AREA-DO-CONHECIMENTO="CIENCIAS_DA_SAUDE" NOME-DA-AREA-DO-CONHECIMENTO="" NOME-DA-SUB-AREA-DO-CONHECIMENTO="" NOME-DA-ESPECIALIDADE=""/></AREAS-DO-CONHECIMENTO></APRESENTACAO-DE-TRABALHO><APRESENTACAO-DE-TRABALHO SEQUENCIA-PRODUCAO="31"><DADOS-BASICOS-DA-APRESENTACAO-DE-TRABALHO NATUREZA="COMUNICACAO" TITULO="Ensino da Consulta de Enfermagem Gerontológica: Uma estratégia para capacitação profissional do Enfermeiro" ANO="2013" PAIS="Brasil" IDIOMA="Português" FLAG-RELEVANCIA="NAO" DOI="" TITULO-INGLES="" FLAG-DIVULGACAO-CIENTIFICA="NAO"/><DETALHAMENTO-DA-APRESENTACAO-DE-TRABALHO NOME-DO-EVENTO="II Fórum Acadêmico de Enfermagem da Unisuam" INSTITUICAO-PROMOTORA="Centro Universitário Augusto Motta- UNISUAM" LOCAL-DA-APRESENTACAO="Rio de Janeiro" CIDADE-DA-APRESENTACAO="Rio de Janeiro" NOME-DO-EVENTO-INGLES=""/><AUTORES NOME-COMPLETO-DO-AUTOR="Claudia Valeria Cunha Figueiredo" NOME-PARA-CITACAO="FIGUEIREDO, C. V. C." ORDEM-DE-AUTORIA="1" NRO-ID-CNPQ="2141239579165029"/><AUTORES NOME-COMPLETO-DO-AUTOR="Valdelice de Oliveira Santos" NOME-PARA-CITACAO="SANTOS, V.v O." ORDEM-DE-AUTORIA="2" NRO-ID-CNPQ=""/><AUTORES NOME-COMPLETO-DO-AUTOR="Vera Lúcia França de Souza Andrade" NOME-PARA-CITACAO="ANDRADE, V. L. F. S." ORDEM-DE-AUTORIA="3" NRO-ID-CNPQ=""/><AUTORES NOME-COMPLETO-DO-AUTOR="Margarida Maria Rocha Bernardes" NOME-PARA-CITACAO="BERNARDES, M. M. R." ORDEM-DE-AUTORIA="4" NRO-ID-CNPQ=""/><AUTORES NOME-COMPLETO-DO-AUTOR="Ludmilla Santos de Oliveira" NOME-PARA-CITACAO="OLIVEIRA, L. S." ORDEM-DE-AUTORIA="5" NRO-ID-CNPQ=""/><AUTORES NOME-COMPLETO-DO-AUTOR="Erick Igor dos Santos" NOME-PARA-CITACAO="SANTOS, E. I." ORDEM-DE-AUTORIA="6" NRO-ID-CNPQ=""/></APRESENTACAO-DE-TRABALHO><APRESENTACAO-DE-TRABALHO SEQUENCIA-PRODUCAO="55"><DADOS-BASICOS-DA-APRESENTACAO-DE-TRABALHO NATUREZA="OUTRA" TITULO="Calourada DCE Campus Campo Grande" ANO="2015" PAIS="Brasil" IDIOMA="Português" FLAG-RELEVANCIA="NAO" DOI="" TITULO-INGLES="" FLAG-DIVULGACAO-CIENTIFICA="NAO"/><DETALHAMENTO-DA-APRESENTACAO-DE-TRABALHO NOME-DO-EVENTO="CALOURADA DCE" INSTITUICAO-PROMOTORA="Centro Unversitário Augusto Motta" LOCAL-DA-APRESENTACAO="Camous Campo Grande" CIDADE-DA-APRESENTACAO="Rio de Janeiro" NOME-DO-EVENTO-INGLES=""/><AUTORES NOME-COMPLETO-DO-AUTOR="Claudia Valeria Cunha Figueiredo" NOME-PARA-CITACAO="FIGUEIREDO, C. V. C." ORDEM-DE-AUTORIA="1" NRO-ID-CNPQ="2141239579165029"/></APRESENTACAO-DE-TRABALHO><APRESENTACAO-DE-TRABALHO SEQUENCIA-PRODUCAO="60"><DADOS-BASICOS-DA-APRESENTACAO-DE-TRABALHO NATUREZA="OUTRA" TITULO="ATIVIDADES EM TENDAS DE SAÚDE" ANO="2015" PAIS="Brasil" IDIOMA="Português" FLAG-RELEVANCIA="NAO" DOI="" TITULO-INGLES="" FLAG-DIVULGACAO-CIENTIFICA="NAO"/><DETALHAMENTO-DA-APRESENTACAO-DE-TRABALHO NOME-DO-EVENTO="Tendas em Saúde" INSTITUICAO-PROMOTORA="Centro Universitário Augusto Motta" LOCAL-DA-APRESENTACAO="Unisuam Bonsucesso e Campo Grande" CIDADE-DA-APRESENTACAO="Rio de Janeiro" NOME-DO-EVENTO-INGLES=""/><AUTORES NOME-COMPLETO-DO-AUTOR="Claudia Valeria Cunha Figueiredo" NOME-PARA-CITACAO="FIGUEIREDO, C. V. C." ORDEM-DE-AUTORIA="1" NRO-ID-CNPQ="2141239579165029"/><AUTORES NOME-COMPLETO-DO-AUTOR="Vanessa Gomes" NOME-PARA-CITACAO="GOMES, V." ORDEM-DE-AUTORIA="2" NRO-ID-CNPQ=""/><AUTORES NOME-COMPLETO-DO-AUTOR="Patrícia Feraccioli" NOME-PARA-CITACAO="FERACCIOLI, P." ORDEM-DE-AUTORIA="3" NRO-ID-CNPQ=""/></APRESENTACAO-DE-TRABALHO><APRESENTACAO-DE-TRABALHO SEQUENCIA-PRODUCAO="30"><DADOS-BASICOS-DA-APRESENTACAO-DE-TRABALHO NATUREZA="OUTRA" TITULO="Atividades das Tendas de Saúde" ANO="2012" PAIS="Brasil" IDIOMA="Português" FLAG-RELEVANCIA="NAO" DOI="" TITULO-INGLES="" FLAG-DIVULGACAO-CIENTIFICA="NAO"/><DETALHAMENTO-DA-APRESENTACAO-DE-TRABALHO NOME-DO-EVENTO="IX Semana Acadêmica das Ciências da Saúde" INSTITUICAO-PROMOTORA="Centro Universitário Augusto Motta- UNISUAM" LOCAL-DA-APRESENTACAO="Rio de Janeiro" CIDADE-DA-APRESENTACAO="Rio de Janeiro" NOME-DO-EVENTO-INGLES=""/><AUTORES NOME-COMPLETO-DO-AUTOR="Claudia Valeria Cunha Figueiredo" NOME-PARA-CITACAO="FIGUEIREDO, C. V. C." ORDEM-DE-AUTORIA="1" NRO-ID-CNPQ="2141239579165029"/><AUTORES NOME-COMPLETO-DO-AUTOR="Valdelice de Oliveira Santos" NOME-PARA-CITACAO="SANTOS, V.v O." ORDEM-DE-AUTORIA="2" NRO-ID-CNPQ=""/><AUTORES NOME-COMPLETO-DO-AUTOR="Vera Lúcia França de Souza Andrade" NOME-PARA-CITACAO="ANDRADE, V. L. F. S." ORDEM-DE-AUTORIA="3" NRO-ID-CNPQ=""/><AUTORES NOME-COMPLETO-DO-AUTOR="Thais Lauria" NOME-PARA-CITACAO="LAURIA, T." ORDEM-DE-AUTORIA="4" NRO-ID-CNPQ=""/></APRESENTACAO-DE-TRABALHO><CURSO-DE-CURTA-DURACAO-MINISTRADO SEQUENCIA-PRODUCAO="59"><DADOS-BASICOS-DE-CURSOS-CURTA-DURACAO-MINISTRADO NIVEL-DO-CURSO="OUTRA" TITULO="Curso de Hemodiálise" ANO="2015" PAIS="Brasil" IDIOMA="Português" MEIO-DE-DIVULGACAO="IMPRESSO" HOME-PAGE-DO-TRABALHO="" FLAG-RELEVANCIA="NAO" DOI="" TITULO-INGLES="" FLAG-DIVULGACAO-CIENTIFICA="NAO"/><DETALHAMENTO-DE-CURSOS-CURTA-DURACAO-MINISTRADO PARTICIPACAO-DOS-AUTORES="DOCENTE" INSTITUICAO-PROMOTORA-DO-CURSO="Colégio Santos Maia" LOCAL-DO-CURSO="Rua Vítor Alves, Campo Grande" CIDADE="Rio de Janeiro" DURACAO="20" UNIDADE="horas" UNIDADE-INGLES=""/><AUTORES NOME-COMPLETO-DO-AUTOR="Claudia Valeria Cunha Figueiredo" NOME-PARA-CITACAO="FIGUEIREDO, C. V. C." ORDEM-DE-AUTORIA="1" NRO-ID-CNPQ="2141239579165029"/></CURSO-DE-CURTA-DURACAO-MINISTRADO><CURSO-DE-CURTA-DURACAO-MINISTRADO SEQUENCIA-PRODUCAO="3"><DADOS-BASICOS-DE-CURSOS-CURTA-DURACAO-MINISTRADO NIVEL-DO-CURSO="OUTRA" TITULO="Curso de Hemodiálise" ANO="2011" PAIS="Brasil" IDIOMA="Português" MEIO-DE-DIVULGACAO="IMPRESSO" HOME-PAGE-DO-TRABALHO="" FLAG-RELEVANCIA="SIM" DOI="" TITULO-INGLES="" FLAG-DIVULGACAO-CIENTIFICA="NAO"/><DETALHAMENTO-DE-CURSOS-CURTA-DURACAO-MINISTRADO PARTICIPACAO-DOS-AUTORES="ORGANIZADOR" INSTITUICAO-PROMOTORA-DO-CURSO="Hospital Municipal Ronaldo Gazolla" LOCAL-DO-CURSO="Rio de Janeiro" CIDADE="Rio de Janeiro" DURACAO="4" UNIDADE="semanas" UNIDADE-INGLES=""/><AUTORES NOME-COMPLETO-DO-AUTOR="Claudia Valeria Cunha Figueiredo" NOME-PARA-CITACAO="FIGUEIREDO, C. V. C." ORDEM-DE-AUTORIA="1" NRO-ID-CNPQ="2141239579165029"/><PALAVRAS-CHAVE PALAVRA-CHAVE-1="Hemodiálise" PALAVRA-CHAVE-2="" PALAVRA-CHAVE-3="" PALAVRA-CHAVE-4="" PALAVRA-CHAVE-5="" PALAVRA-CHAVE-6=""/><AREAS-DO-CONHECIMENTO><AREA-DO-CONHECIMENTO-1 NOME-GRANDE-AREA-DO-CONHECIMENTO="CIENCIAS_DA_SAUDE" NOME-DA-AREA-DO-CONHECIMENTO="" NOME-DA-SUB-AREA-DO-CONHECIMENTO="" NOME-DA-ESPECIALIDADE=""/></AREAS-DO-CONHECIMENTO><SETORES-DE-ATIVIDADE SETOR-DE-ATIVIDADE-1="Educação" SETOR-DE-ATIVIDADE-2="Atividades profissionais, científicas e técnicas" SETOR-DE-ATIVIDADE-3=""/></CURSO-DE-CURTA-DURACAO-MINISTRADO><DESENVOLVIMENTO-DE-MATERIAL-DIDATICO-OU-INSTRUCIONAL SEQUENCIA-PRODUCAO="4"><DADOS-BASICOS-DO-MATERIAL-DIDATICO-OU-INSTRUCIONAL NATUREZA="CARTILHA DE INFORMAÇÃO" TITULO="CARTILHA DE ACOMPANHANTES" ANO="2010" PAIS="Brasil" IDIOMA="Português" MEIO-DE-DIVULGACAO="IMPRESSO" HOME-PAGE-DO-TRABALHO="" FLAG-RELEVANCIA="SIM" DOI="" TITULO-INGLES="" NATUREZA-INGLES="" FLAG-DIVULGACAO-CIENTIFICA="NAO"/><DETALHAMENTO-DO-MATERIAL-DIDATICO-OU-INSTRUCIONAL FINALIDADE="PROJETO uNINDO vIDAS PARA ACOMPANHANTES" FINALIDADE-INGLES=""/><AUTORES NOME-COMPLETO-DO-AUTOR="Claudia Valeria Cunha Figueiredo" NOME-PARA-CITACAO="FIGUEIREDO, C. V. C." ORDEM-DE-AUTORIA="1" NRO-ID-CNPQ="2141239579165029"/><PALAVRAS-CHAVE PALAVRA-CHAVE-1="ORIENTAÇÃO" PALAVRA-CHAVE-2="" PALAVRA-CHAVE-3="" PALAVRA-CHAVE-4="" PALAVRA-CHAVE-5="" PALAVRA-CHAVE-6=""/><AREAS-DO-CONHECIMENTO><AREA-DO-CONHECIMENTO-1 NOME-GRANDE-AREA-DO-CONHECIMENTO="CIENCIAS_DA_SAUDE" NOME-DA-AREA-DO-CONHECIMENTO="" NOME-DA-SUB-AREA-DO-CONHECIMENTO="" NOME-DA-ESPECIALIDADE=""/></AREAS-DO-CONHECIMENTO></DESENVOLVIMENTO-DE-MATERIAL-DIDATICO-OU-INSTRUCIONAL><ORGANIZACAO-DE-EVENTO SEQUENCIA-PRODUCAO="63"><DADOS-BASICOS-DA-ORGANIZACAO-DE-EVENTO TIPO="OUTRO" NATUREZA="ORGANIZACAO" TITULO="OFICINA EM EMERGÊNCIA PRÉ HOSPITALAR" ANO="2015" PAIS="Brasil" IDIOMA="Português" MEIO-DE-DIVULGACAO="MEIO_DIGITAL" HOME-PAGE-DO-TRABALHO="" FLAG-RELEVANCIA="NAO" DOI="" TITULO-INGLES="" FLAG-DIVULGACAO-CIENTIFICA="NAO"/><DETALHAMENTO-DA-ORGANIZACAO-DE-EVENTO INSTITUICAO-PROMOTORA="Centro Universitário Augusto Motta" DURACAO-EM-SEMANAS="1" FLAG-EVENTO-ITINERANTE="N" FLAG-CATALOGO="" LOCAL="CAMPUS BONSUCESSO" CIDADE="Rio de Janeiro"/><AUTORES NOME-COMPLETO-DO-AUTOR="Claudia Valeria Cunha Figueiredo" NOME-PARA-CITACAO="FIGUEIREDO, C. V. C." ORDEM-DE-AUTORIA="1" NRO-ID-CNPQ="2141239579165029"/><AUTORES NOME-COMPLETO-DO-AUTOR="Patricia Souza" NOME-PARA-CITACAO="SOUZA, P." ORDEM-DE-AUTORIA="2" NRO-ID-CNPQ=""/></ORGANIZACAO-DE-EVENTO><ORGANIZACAO-DE-EVENTO SEQUENCIA-PRODUCAO="64"><DADOS-BASICOS-DA-ORGANIZACAO-DE-EVENTO TIPO="OUTRO" NATUREZA="ORGANIZACAO" TITULO="IV FORUM DE ENFERMAGEM UNISUAM" ANO="2015" PAIS="Brasil" IDIOMA="Português" MEIO-DE-DIVULGACAO="MEIO_DIGITAL" HOME-PAGE-DO-TRABALHO="" FLAG-RELEVANCIA="NAO" DOI="" TITULO-INGLES="" FLAG-DIVULGACAO-CIENTIFICA="NAO"/><DETALHAMENTO-DA-ORGANIZACAO-DE-EVENTO INSTITUICAO-PROMOTORA="Centro Universitário Augusto Motta" DURACAO-EM-SEMANAS="1" FLAG-EVENTO-ITINERANTE="N" FLAG-CATALOGO="" LOCAL="CAMPUS BONSUCESSO" CIDADE="Rio de Janeiro"/><AUTORES NOME-COMPLETO-DO-AUTOR="Claudia Valeria Cunha Figueiredo" NOME-PARA-CITACAO="FIGUEIREDO, C. V. C." ORDEM-DE-AUTORIA="1" NRO-ID-CNPQ="2141239579165029"/><AUTORES NOME-COMPLETO-DO-AUTOR="Vanessa Gomes" NOME-PARA-CITACAO="GOMES, V." ORDEM-DE-AUTORIA="2" NRO-ID-CNPQ=""/><AUTORES NOME-COMPLETO-DO-AUTOR="Patrícia Feraccioli" NOME-PARA-CITACAO="FERACCIOLI, P." ORDEM-DE-AUTORIA="3" NRO-ID-CNPQ=""/></ORGANIZACAO-DE-EVENTO><ORGANIZACAO-DE-EVENTO SEQUENCIA-PRODUCAO="75"><DADOS-BASICOS-DA-ORGANIZACAO-DE-EVENTO TIPO="OUTRO" NATUREZA="MONTAGEM" TITULO="IV Fórum de Enfermagem Unisuam" ANO="2016" PAIS="Brasil" IDIOMA="Português" MEIO-DE-DIVULGACAO="NAO_INFORMADO" HOME-PAGE-DO-TRABALHO="" FLAG-RELEVANCIA="NAO" DOI="" TITULO-INGLES="" FLAG-DIVULGACAO-CIENTIFICA="NAO"/><DETALHAMENTO-DA-ORGANIZACAO-DE-EVENTO INSTITUICAO-PROMOTORA="Centro Universitário Augusto Motta" DURACAO-EM-SEMANAS="1" FLAG-EVENTO-ITINERANTE="N" FLAG-CATALOGO="" LOCAL="" CIDADE=""/><AUTORES NOME-COMPLETO-DO-AUTOR="Claudia Valeria Cunha Figueiredo" NOME-PARA-CITACAO="FIGUEIREDO, C. V. C." ORDEM-DE-AUTORIA="1" NRO-ID-CNPQ="2141239579165029"/><AUTORES NOME-COMPLETO-DO-AUTOR="Vanessa Gomes" NOME-PARA-CITACAO="GOMES, V." ORDEM-DE-AUTORIA="2" NRO-ID-CNPQ=""/><AUTORES NOME-COMPLETO-DO-AUTOR="Patricia Ferraccioli" NOME-PARA-CITACAO="FERRACCIOLI, P." ORDEM-DE-AUTORIA="3" NRO-ID-CNPQ=""/></ORGANIZACAO-DE-EVENTO><ORGANIZACAO-DE-EVENTO SEQUENCIA-PRODUCAO="62"><DADOS-BASICOS-DA-ORGANIZACAO-DE-EVENTO TIPO="OUTRO" NATUREZA="ORGANIZACAO" TITULO="Oficina de urgência e emergência em UTI Neonatal" ANO="2015" PAIS="Brasil" IDIOMA="Português" MEIO-DE-DIVULGACAO="MEIO_DIGITAL" HOME-PAGE-DO-TRABALHO="" FLAG-RELEVANCIA="NAO" DOI="" TITULO-INGLES="" FLAG-DIVULGACAO-CIENTIFICA="NAO"/><DETALHAMENTO-DA-ORGANIZACAO-DE-EVENTO INSTITUICAO-PROMOTORA="Centro Universitário Augusto Motta" DURACAO-EM-SEMANAS="1" FLAG-EVENTO-ITINERANTE="N" FLAG-CATALOGO="" LOCAL="CAMPUS BONSUCESSO" CIDADE="Rio de Janeiro"/><AUTORES NOME-COMPLETO-DO-AUTOR="Claudia Valeria Cunha Figueiredo" NOME-PARA-CITACAO="FIGUEIREDO, C. V. C." ORDEM-DE-AUTORIA="1" NRO-ID-CNPQ="2141239579165029"/><AUTORES NOME-COMPLETO-DO-AUTOR="Denise da Silva Carvalho" NOME-PARA-CITACAO="CARVALHO, D. S." ORDEM-DE-AUTORIA="2" NRO-ID-CNPQ=""/></ORGANIZACAO-DE-EVENTO><PROGRAMA-DE-RADIO-OU-TV SEQUENCIA-PRODUCAO="65"><DADOS-BASICOS-DO-PROGRAMA-DE-RADIO-OU-TV NATUREZA="MESA_REDONDA" TITULO="A SAÚDE MENTAL NA INTEGRALIDADE DO SUJEITO" ANO="2015" PAIS="Brasil" IDIOMA="Português" FLAG-RELEVANCIA="NAO" DOI="" TITULO-INGLES="" HOME-PAGE="" MEIO-DE-DIVULGACAO="NAO_INFORMADO" FLAG-DIVULGACAO-CIENTIFICA="NAO"/><DETALHAMENTO-DO-PROGRAMA-DE-RADIO-OU-TV EMISSORA="MEIO DIGITAL NA UNISUAM" TEMA="A SAÚDE MENTAL NA INTEGRALIDADE DO SUJEITO" FORMATO-DATA-DA-APRESENTACAO="DDMMAAAA" DATA-DA-APRESENTACAO="25092015" DURACAO-EM-MINUTOS="1" CIDADE=""/><AUTORES NOME-COMPLETO-DO-AUTOR="Patrícia Feraccioli" NOME-PARA-CITACAO="FERACCIOLI, P." ORDEM-DE-AUTORIA="1" NRO-ID-CNPQ=""/><AUTORES NOME-COMPLETO-DO-AUTOR="Claudia Valeria Cunha Figueiredo" NOME-PARA-CITACAO="FIGUEIREDO, C. V. C." ORDEM-DE-AUTORIA="2" NRO-ID-CNPQ="2141239579165029"/><AUTORES NOME-COMPLETO-DO-AUTOR="JOSÉ LINCOLN" NOME-PARA-CITACAO="LINCOLN, J." ORDEM-DE-AUTORIA="3" NRO-ID-CNPQ=""/><AUTORES NOME-COMPLETO-DO-AUTOR="SÉRGIO MELO" NOME-PARA-CITACAO="MELO, S." ORDEM-DE-AUTORIA="4" NRO-ID-CNPQ=""/></PROGRAMA-DE-RADIO-OU-TV></DEMAIS-TIPOS-DE-PRODUCAO-TECNICA></PRODUCAO-TECNICA><OUTRA-PRODUCAO><ORIENTACOES-CONCLUIDAS><OUTRAS-ORIENTACOES-CONCLUIDAS SEQUENCIA-PRODUCAO="33"><DADOS-BASICOS-DE-OUTRAS-ORIENTACOES-CONCLUIDAS NATUREZA="TRABALHO_DE_CONCLUSAO_DE_CURSO_GRADUACAO" TIPO="" TITULO="Assistência de Enfermagem a Mulher Vítima de violência sexual" ANO="2012" PAIS="Brasil" IDIOMA="Português" HOME-PAGE="" FLAG-RELEVANCIA="NAO" DOI="" TITULO-INGLES="" TIPO-INGLES=""/><DETALHAMENTO-DE-OUTRAS-ORIENTACOES-CONCLUIDAS NOME-DO-ORIENTADO="Adriano Silva Guedes, Gleuson Leoni Caetano, Valdete Gabriel" CODIGO-INSTITUICAO="201900000008" NOME-DA-INSTITUICAO="Centro Universitário Augusto Motta" CODIGO-CURSO="60091240" NOME-DO-CURSO="Enfermagem" FLAG-BOLSA="NAO" CODIGO-AGENCIA-FINANCIADORA="" NOME-DA-AGENCIA="" TIPO-DE-ORIENTACAO-CONCLUIDA="CO_ORIENTADOR" NUMERO-DE-PAGINAS="" NUMERO-ID-ORIENTADO="" NOME-DO-CURSO-INGLES=""/><PALAVRAS-CHAVE PALAVRA-CHAVE-1="violência sexual, assistência, enfermagem" PALAVRA-CHAVE-2="" PALAVRA-CHAVE-3="" PALAVRA-CHAVE-4="" PALAVRA-CHAVE-5="" PALAVRA-CHAVE-6=""/></OUTRAS-ORIENTACOES-CONCLUIDAS><OUTRAS-ORIENTACOES-CONCLUIDAS SEQUENCIA-PRODUCAO="34"><DADOS-BASICOS-DE-OUTRAS-ORIENTACOES-CONCLUIDAS NATUREZA="TRABALHO_DE_CONCLUSAO_DE_CURSO_GRADUACAO" TIPO="" TITULO="Atuação do Enfermeiro na Classificação de risco no serviço de emergência" ANO="2012" PAIS="Brasil" IDIOMA="Português" HOME-PAGE="" FLAG-RELEVANCIA="NAO" DOI="" TITULO-INGLES="" TIPO-INGLES=""/><DETALHAMENTO-DE-OUTRAS-ORIENTACOES-CONCLUIDAS NOME-DO-ORIENTADO="Carlos H. V. Afonso, Wander M. de Miranda, Luciléia B. Abreu" CODIGO-INSTITUICAO="201900000008" NOME-DA-INSTITUICAO="Centro Universitário Augusto Motta" CODIGO-CURSO="60091240" NOME-DO-CURSO="Enfermagem" FLAG-BOLSA="NAO" CODIGO-AGENCIA-FINANCIADORA="" NOME-DA-AGENCIA="" TIPO-DE-ORIENTACAO-CONCLUIDA="CO_ORIENTADOR" NUMERO-DE-PAGINAS="" NUMERO-ID-ORIENTADO="" NOME-DO-CURSO-INGLES=""/><PALAVRAS-CHAVE PALAVRA-CHAVE-1="Acolhimento, classificação de risco, emergência" PALAVRA-CHAVE-2="" PALAVRA-CHAVE-3="" PALAVRA-CHAVE-4="" PALAVRA-CHAVE-5="" PALAVRA-CHAVE-6=""/></OUTRAS-ORIENTACOES-CONCLUIDAS><OUTRAS-ORIENTACOES-CONCLUIDAS SEQUENCIA-PRODUCAO="35"><DADOS-BASICOS-DE-OUTRAS-ORIENTACOES-CONCLUIDAS NATUREZA="TRABALHO_DE_CONCLUSAO_DE_CURSO_GRADUACAO" TIPO="" TITULO="Do uso do crack na gestação à Sndrome de abstinência Neonatal´: atuação da equipe de Enfermagem" ANO="2012" PAIS="Brasil" IDIOMA="Português" HOME-PAGE="" FLAG-RELEVANCIA="NAO" DOI="" TITULO-INGLES="" TIPO-INGLES=""/><DETALHAMENTO-DE-OUTRAS-ORIENTACOES-CONCLUIDAS NOME-DO-ORIENTADO="Allan A.M. Câmara, José C. A. Silva, Tatianne S.de Almeida" CODIGO-INSTITUICAO="201900000008" NOME-DA-INSTITUICAO="Centro Universitário Augusto Motta" CODIGO-CURSO="60091240" NOME-DO-CURSO="Enfermagem" FLAG-BOLSA="NAO" CODIGO-AGENCIA-FINANCIADORA="" NOME-DA-AGENCIA="" TIPO-DE-ORIENTACAO-CONCLUIDA="CO_ORIENTADOR" NUMERO-DE-PAGINAS="" NUMERO-ID-ORIENTADO="" NOME-DO-CURSO-INGLES=""/><PALAVRAS-CHAVE PALAVRA-CHAVE-1="Abstinência neonatal, crack, Enfermagem" PALAVRA-CHAVE-2="" PALAVRA-CHAVE-3="" PALAVRA-CHAVE-4="" PALAVRA-CHAVE-5="" PALAVRA-CHAVE-6=""/></OUTRAS-ORIENTACOES-CONCLUIDAS><OUTRAS-ORIENTACOES-CONCLUIDAS SEQUENCIA-PRODUCAO="36"><DADOS-BASICOS-DE-OUTRAS-ORIENTACOES-CONCLUIDAS NATUREZA="TRABALHO_DE_CONCLUSAO_DE_CURSO_GRADUACAO" TIPO="" TITULO="Assistência de Enfermagem ao Portador de deficiência fisica Locomotora" ANO="2012" PAIS="Brasil" IDIOMA="Português" HOME-PAGE="" FLAG-RELEVANCIA="NAO" DOI="" TITULO-INGLES="" TIPO-INGLES=""/><DETALHAMENTO-DE-OUTRAS-ORIENTACOES-CONCLUIDAS NOME-DO-ORIENTADO="Roseni M de Souza,Luciana P O.Silva, Maísa R.V.Menezes" CODIGO-INSTITUICAO="201900000008" NOME-DA-INSTITUICAO="Centro Universitário Augusto Motta" CODIGO-CURSO="60091240" NOME-DO-CURSO="Enfermagem" FLAG-BOLSA="NAO" CODIGO-AGENCIA-FINANCIADORA="" NOME-DA-AGENCIA="" TIPO-DE-ORIENTACAO-CONCLUIDA="CO_ORIENTADOR" NUMERO-DE-PAGINAS="" NUMERO-ID-ORIENTADO="" NOME-DO-CURSO-INGLES=""/><PALAVRAS-CHAVE PALAVRA-CHAVE-1="deficiência locomotora, enfermagem. assistência" PALAVRA-CHAVE-2="" PALAVRA-CHAVE-3="" PALAVRA-CHAVE-4="" PALAVRA-CHAVE-5="" PALAVRA-CHAVE-6=""/></OUTRAS-ORIENTACOES-CONCLUIDAS><OUTRAS-ORIENTACOES-CONCLUIDAS SEQUENCIA-PRODUCAO="37"><DADOS-BASICOS-DE-OUTRAS-ORIENTACOES-CONCLUIDAS NATUREZA="TRABALHO_DE_CONCLUSAO_DE_CURSO_GRADUACAO" TIPO="" TITULO="A importância da biossegurança do Enfermeiro no setor de emergência" ANO="2012" PAIS="Brasil" IDIOMA="Português" HOME-PAGE="" FLAG-RELEVANCIA="NAO" DOI="" TITULO-INGLES="" TIPO-INGLES=""/><DETALHAMENTO-DE-OUTRAS-ORIENTACOES-CONCLUIDAS NOME-DO-ORIENTADO="Aline R. Freitas, Cássis V.f. Saraiva,Maria P. L.Rocha" CODIGO-INSTITUICAO="201900000008" NOME-DA-INSTITUICAO="Centro Universitário Augusto Motta" CODIGO-CURSO="60091240" NOME-DO-CURSO="Enfermagem" FLAG-BOLSA="NAO" CODIGO-AGENCIA-FINANCIADORA="" NOME-DA-AGENCIA="" TIPO-DE-ORIENTACAO-CONCLUIDA="CO_ORIENTADOR" NUMERO-DE-PAGINAS="" NUMERO-ID-ORIENTADO="" NOME-DO-CURSO-INGLES=""/><PALAVRAS-CHAVE PALAVRA-CHAVE-1="Biossegurança, enfermagem , emergência" PALAVRA-CHAVE-2="" PALAVRA-CHAVE-3="" PALAVRA-CHAVE-4="" PALAVRA-CHAVE-5="" PALAVRA-CHAVE-6=""/></OUTRAS-ORIENTACOES-CONCLUIDAS><OUTRAS-ORIENTACOES-CONCLUIDAS SEQUENCIA-PRODUCAO="38"><DADOS-BASICOS-DE-OUTRAS-ORIENTACOES-CONCLUIDAS NATUREZA="TRABALHO_DE_CONCLUSAO_DE_CURSO_GRADUACAO" TIPO="" TITULO="Aplicação do processo de Enfermagem ao parto vaginal sem distócia" ANO="2012" PAIS="Brasil" IDIOMA="Português" HOME-PAGE="" FLAG-RELEVANCIA="NAO" DOI="" TITULO-INGLES="" TIPO-INGLES=""/><DETALHAMENTO-DE-OUTRAS-ORIENTACOES-CONCLUIDAS NOME-DO-ORIENTADO="Ana C. dos Santos,Tânia A.D.Pereira, Viviane R.Scharapett" CODIGO-INSTITUICAO="201900000008" NOME-DA-INSTITUICAO="Centro Universitário Augusto Motta" CODIGO-CURSO="60091240" NOME-DO-CURSO="Enfermagem" FLAG-BOLSA="NAO" CODIGO-AGENCIA-FINANCIADORA="" NOME-DA-AGENCIA="" TIPO-DE-ORIENTACAO-CONCLUIDA="CO_ORIENTADOR" NUMERO-DE-PAGINAS="" NUMERO-ID-ORIENTADO="" NOME-DO-CURSO-INGLES=""/><PALAVRAS-CHAVE PALAVRA-CHAVE-1="parto vaginal, distócia,processo de Enfermagem" PALAVRA-CHAVE-2="" PALAVRA-CHAVE-3="" PALAVRA-CHAVE-4="" PALAVRA-CHAVE-5="" PALAVRA-CHAVE-6=""/></OUTRAS-ORIENTACOES-CONCLUIDAS><OUTRAS-ORIENTACOES-CONCLUIDAS SEQUENCIA-PRODUCAO="39"><DADOS-BASICOS-DE-OUTRAS-ORIENTACOES-CONCLUIDAS NATUREZA="TRABALHO_DE_CONCLUSAO_DE_CURSO_GRADUACAO" TIPO="" TITULO="A atuação do Enfermeiro na prevenção da depressão pós parto" ANO="2012" PAIS="Brasil" IDIOMA="Português" HOME-PAGE="" FLAG-RELEVANCIA="NAO" DOI="" TITULO-INGLES="" TIPO-INGLES=""/><DETALHAMENTO-DE-OUTRAS-ORIENTACOES-CONCLUIDAS NOME-DO-ORIENTADO="Alexandra P. J. Costa,Cinthia R. RochaGenair de O.Ferreira" CODIGO-INSTITUICAO="201900000008" NOME-DA-INSTITUICAO="Centro Universitário Augusto Motta" CODIGO-CURSO="60091240" NOME-DO-CURSO="Enfermagem" FLAG-BOLSA="NAO" CODIGO-AGENCIA-FINANCIADORA="" NOME-DA-AGENCIA="" TIPO-DE-ORIENTACAO-CONCLUIDA="CO_ORIENTADOR" NUMERO-DE-PAGINAS="" NUMERO-ID-ORIENTADO="" NOME-DO-CURSO-INGLES=""/><PALAVRAS-CHAVE PALAVRA-CHAVE-1="depressaõ pós parto, prevenção Enfermagem" PALAVRA-CHAVE-2="" PALAVRA-CHAVE-3="" PALAVRA-CHAVE-4="" PALAVRA-CHAVE-5="" PALAVRA-CHAVE-6=""/></OUTRAS-ORIENTACOES-CONCLUIDAS><OUTRAS-ORIENTACOES-CONCLUIDAS SEQUENCIA-PRODUCAO="51"><DADOS-BASICOS-DE-OUTRAS-ORIENTACOES-CONCLUIDAS NATUREZA="TRABALHO_DE_CONCLUSAO_DE_CURSO_GRADUACAO" TIPO="" TITULO="Levantamentos das publicações de Enfermagem , dos últimos 5 anos sobre amamentação exclusiva de 0 a 6 meses: um olhar para mães adolescentes." ANO="2014" PAIS="Brasil" IDIOMA="Português" HOME-PAGE="" FLAG-RELEVANCIA="NAO" DOI="" TITULO-INGLES="" TIPO-INGLES=""/><DETALHAMENTO-DE-OUTRAS-ORIENTACOES-CONCLUIDAS NOME-DO-ORIENTADO="Andresa Gomes, Diego Bacam,Jorge Santos" CODIGO-INSTITUICAO="201900000008" NOME-DA-INSTITUICAO="Centro Universitário Augusto Motta" CODIGO-CURSO="60091240" NOME-DO-CURSO="Enfermagem" FLAG-BOLSA="NAO" CODIGO-AGENCIA-FINANCIADORA="" NOME-DA-AGENCIA="" TIPO-DE-ORIENTACAO-CONCLUIDA="CO_ORIENTADOR" NUMERO-DE-PAGINAS="" NUMERO-ID-ORIENTADO="" NOME-DO-CURSO-INGLES=""/></OUTRAS-ORIENTACOES-CONCLUIDAS><OUTRAS-ORIENTACOES-CONCLUIDAS SEQUENCIA-PRODUCAO="58"><DADOS-BASICOS-DE-OUTRAS-ORIENTACOES-CONCLUIDAS NATUREZA="TRABALHO_DE_CONCLUSAO_DE_CURSO_GRADUACAO" TIPO="" TITULO="Atuação do enfermeiro na prevenção da gestação precoce" ANO="2015" PAIS="Brasil" IDIOMA="Português" HOME-PAGE="" FLAG-RELEVANCIA="NAO" DOI="" TITULO-INGLES="" TIPO-INGLES=""/><DETALHAMENTO-DE-OUTRAS-ORIENTACOES-CONCLUIDAS NOME-DO-ORIENTADO="Antônio Marcos de Paiva,Marcio da Silva Ribeiro,Robson Santa" CODIGO-INSTITUICAO="201900000008" NOME-DA-INSTITUICAO="Centro Universitário Augusto Motta" CODIGO-CURSO="60091240" NOME-DO-CURSO="Enfermagem" FLAG-BOLSA="NAO" CODIGO-AGENCIA-FINANCIADORA="" NOME-DA-AGENCIA="" TIPO-DE-ORIENTACAO-CONCLUIDA="CO_ORIENTADOR" NUMERO-DE-PAGINAS="" NUMERO-ID-ORIENTADO="" NOME-DO-CURSO-INGLES=""/></OUTRAS-ORIENTACOES-CONCLUIDAS><OUTRAS-ORIENTACOES-CONCLUIDAS SEQUENCIA-PRODUCAO="72"><DADOS-BASICOS-DE-OUTRAS-ORIENTACOES-CONCLUIDAS NATUREZA="TRABALHO_DE_CONCLUSAO_DE_CURSO_GRADUACAO" TIPO="" TITULO="SENTIMENTOS DA MULHER APÓS A DESCOBERTA DO DIAGNÓSTICO DE CÂNCER DE MAMA" ANO="2016" PAIS="Brasil" IDIOMA="Português" HOME-PAGE="" FLAG-RELEVANCIA="NAO" DOI="" TITULO-INGLES="" TIPO-INGLES=""/><DETALHAMENTO-DE-OUTRAS-ORIENTACOES-CONCLUIDAS NOME-DO-ORIENTADO="THAMARA CASTRO, ANDRIGER BAIER , MONIQUE PAULA, QUEILA CRUZ" CODIGO-INSTITUICAO="201900000008" NOME-DA-INSTITUICAO="Centro Universitário Augusto Motta" CODIGO-CURSO="60091240" NOME-DO-CURSO="Enfermagem" FLAG-BOLSA="NAO" CODIGO-AGENCIA-FINANCIADORA="" NOME-DA-AGENCIA="" TIPO-DE-ORIENTACAO-CONCLUIDA="CO_ORIENTADOR" NUMERO-DE-PAGINAS="" NUMERO-ID-ORIENTADO="" NOME-DO-CURSO-INGLES=""/><PALAVRAS-CHAVE PALAVRA-CHAVE-1="câncer de mama, sentimentos, mulher" PALAVRA-CHAVE-2="" PALAVRA-CHAVE-3="" PALAVRA-CHAVE-4="" PALAVRA-CHAVE-5="" PALAVRA-CHAVE-6=""/></OUTRAS-ORIENTACOES-CONCLUIDAS><OUTRAS-ORIENTACOES-CONCLUIDAS SEQUENCIA-PRODUCAO="73"><DADOS-BASICOS-DE-OUTRAS-ORIENTACOES-CONCLUIDAS NATUREZA="TRABALHO_DE_CONCLUSAO_DE_CURSO_GRADUACAO" TIPO="" TITULO="Práticas assistênciais do Enfermeiro no centro de atenção psicossocial álcool e drogas" ANO="2016" PAIS="Brasil" IDIOMA="Português" HOME-PAGE="" FLAG-RELEVANCIA="NAO" DOI="" TITULO-INGLES="" TIPO-INGLES=""/><DETALHAMENTO-DE-OUTRAS-ORIENTACOES-CONCLUIDAS NOME-DO-ORIENTADO="Beatriz Alves,Cassiano Trindade,Flávia Brandão e Miriam Oliv" CODIGO-INSTITUICAO="201900000008" NOME-DA-INSTITUICAO="Centro Universitário Augusto Motta" CODIGO-CURSO="60091240" NOME-DO-CURSO="Enfermagem" FLAG-BOLSA="NAO" CODIGO-AGENCIA-FINANCIADORA="" NOME-DA-AGENCIA="" TIPO-DE-ORIENTACAO-CONCLUIDA="CO_ORIENTADOR" NUMERO-DE-PAGINAS="" NUMERO-ID-ORIENTADO="" NOME-DO-CURSO-INGLES=""/></OUTRAS-ORIENTACOES-CONCLUIDAS><OUTRAS-ORIENTACOES-CONCLUIDAS SEQUENCIA-PRODUCAO="74"><DADOS-BASICOS-DE-OUTRAS-ORIENTACOES-CONCLUIDAS NATUREZA="TRABALHO_DE_CONCLUSAO_DE_CURSO_GRADUACAO" TIPO="" TITULO="Atuação do Enfermeiro no processo de amamentação de recém nascido portadores de lábio leporino" ANO="2016" PAIS="Brasil" IDIOMA="Português" HOME-PAGE="" FLAG-RELEVANCIA="NAO" DOI="" TITULO-INGLES="" TIPO-INGLES=""/><DETALHAMENTO-DE-OUTRAS-ORIENTACOES-CONCLUIDAS NOME-DO-ORIENTADO="Manon Knupp , Renata Lima,  Rose Mar" CODIGO-INSTITUICAO="201900000008" NOME-DA-INSTITUICAO="Centro Universitário Augusto Motta" CODIGO-CURSO="60091240" NOME-DO-CURSO="Enfermagem" FLAG-BOLSA="NAO" CODIGO-AGENCIA-FINANCIADORA="" NOME-DA-AGENCIA="" TIPO-DE-ORIENTACAO-CONCLUIDA="CO_ORIENTADOR" NUMERO-DE-PAGINAS="" NUMERO-ID-ORIENTADO="" NOME-DO-CURSO-INGLES=""/></OUTRAS-ORIENTACOES-CONCLUIDAS><OUTRAS-ORIENTACOES-CONCLUIDAS SEQUENCIA-PRODUCAO="50"><DADOS-BASICOS-DE-OUTRAS-ORIENTACOES-CONCLUIDAS NATUREZA="TRABALHO_DE_CONCLUSAO_DE_CURSO_GRADUACAO" TIPO="" TITULO="Atuação do Enfermeiro frente ao parto domiciliar" ANO="2014" PAIS="Brasil" IDIOMA="Português" HOME-PAGE="" FLAG-RELEVANCIA="NAO" DOI="" TITULO-INGLES="" TIPO-INGLES=""/><DETALHAMENTO-DE-OUTRAS-ORIENTACOES-CONCLUIDAS NOME-DO-ORIENTADO="Dulce C. Santos, Fernanda G da S. Rocha, Michelle Teixeira" CODIGO-INSTITUICAO="201900000008" NOME-DA-INSTITUICAO="Centro Universitário Augusto Motta" CODIGO-CURSO="60341424" NOME-DO-CURSO="Enfermagem" FLAG-BOLSA="NAO" CODIGO-AGENCIA-FINANCIADORA="" NOME-DA-AGENCIA="" TIPO-DE-ORIENTACAO-CONCLUIDA="CO_ORIENTADOR" NUMERO-DE-PAGINAS="" NUMERO-ID-ORIENTADO="" NOME-DO-CURSO-INGLES=""/><PALAVRAS-CHAVE PALAVRA-CHAVE-1="Enfermeiro obstetra, parto, domicilio" PALAVRA-CHAVE-2="" PALAVRA-CHAVE-3="" PALAVRA-CHAVE-4="" PALAVRA-CHAVE-5="" PALAVRA-CHAVE-6=""/></OUTRAS-ORIENTACOES-CONCLUIDAS></ORIENTACOES-CONCLUIDAS></OUTRA-PRODUCAO><DADOS-COMPLEMENTARES><FORMACAO-COMPLEMENTAR><OUTROS SEQUENCIA-FORMACAO="4" NIVEL="Y" CARGA-HORARIA="180" CODIGO-INSTITUICAO="000200000993" NOME-INSTITUICAO="Universidade Plínio Leite" CODIGO-ORGAO="" NOME-ORGAO="" CODIGO-CURSO="90000002" NOME-CURSO="Nivelamento para o mestrado" STATUS-DO-CURSO="CONCLUIDO" ANO-DE-INICIO="2009" ANO-DE-CONCLUSAO="2009" NOME-CURSO-INGLES=""/><formacoesComplementaresPlana/></FORMACAO-COMPLEMENTAR><PARTICIPACAO-EM-BANCA-TRABALHOS-CONCLUSAO><PARTICIPACAO-EM-BANCA-DE-GRADUACAO SEQUENCIA-PRODUCAO="68"><DADOS-BASICOS-DA-PARTICIPACAO-EM-BANCA-DE-GRADUACAO NATUREZA="Graduação" TITULO="ATENÇÃO DO ENFERMEIRO A GESTANTE SIFILÍTICA NA ATENÇÃO BÁSICA" ANO="2013" PAIS="Brasil" IDIOMA="Português" HOME-PAGE="WWW.UNISUAM.EDU.BR" DOI="" TITULO-INGLES=""/><DETALHAMENTO-DA-PARTICIPACAO-EM-BANCA-DE-GRADUACAO NOME-DO-CANDIDATO="MARIA DA PENHA SMITH,MICHELE C B DOS SANTOS,VANESSAS. DIAS." CODIGO-INSTITUICAO="201900000008" NOME-INSTITUICAO="Centro Universitário Augusto Motta" CODIGO-ORGAO="" NOME-ORGAO="" CODIGO-CURSO="60091240" NOME-CURSO="Enfermagem" NOME-CURSO-INGLES=""/><PARTICIPANTE-BANCA NOME-COMPLETO-DO-PARTICIPANTE-DA-BANCA="Thais Lauria" NOME-PARA-CITACAO-DO-PARTICIPANTE-DA-BANCA="LAURIA, T." ORDEM-PARTICIPANTE="2" NRO-ID-CNPQ=""/><PARTICIPANTE-BANCA NOME-COMPLETO-DO-PARTICIPANTE-DA-BANCA="Claudia Valeria Cunha Figueiredo" NOME-PARA-CITACAO-DO-PARTICIPANTE-DA-BANCA="FIGUEIREDO, C. V. C." ORDEM-PARTICIPANTE="1" NRO-ID-CNPQ="2141239579165029"/></PARTICIPACAO-EM-BANCA-DE-GRADUACAO><PARTICIPACAO-EM-BANCA-DE-GRADUACAO SEQUENCIA-PRODUCAO="69"><DADOS-BASICOS-DA-PARTICIPACAO-EM-BANCA-DE-GRADUACAO NATUREZA="Graduação" TITULO="ANÁLISE DAS PUBLICAÇÕES DE 2008 A 2013: DIFICULDADES NA IMPLEMENTAÇÃO DA ASSISTÊNCIA DE ENFERMAGEM" ANO="2013" PAIS="Brasil" IDIOMA="Português" HOME-PAGE="" DOI="" TITULO-INGLES=""/><DETALHAMENTO-DA-PARTICIPACAO-EM-BANCA-DE-GRADUACAO NOME-DO-CANDIDATO="ALINE N.PEREIRA,ELAINE C.L.PEREIRA,VALERIA K.S.CUPELLO" CODIGO-INSTITUICAO="201900000008" NOME-INSTITUICAO="Centro Universitário Augusto Motta" CODIGO-ORGAO="" NOME-ORGAO="" CODIGO-CURSO="60091240" NOME-CURSO="Enfermagem" NOME-CURSO-INGLES=""/><PARTICIPANTE-BANCA NOME-COMPLETO-DO-PARTICIPANTE-DA-BANCA="Thais Lauria" NOME-PARA-CITACAO-DO-PARTICIPANTE-DA-BANCA="LAURIA, T." ORDEM-PARTICIPANTE="2" NRO-ID-CNPQ=""/><PARTICIPANTE-BANCA NOME-COMPLETO-DO-PARTICIPANTE-DA-BANCA="Claudia Valeria Cunha Figueiredo" NOME-PARA-CITACAO-DO-PARTICIPANTE-DA-BANCA="FIGUEIREDO, C. V. C." ORDEM-PARTICIPANTE="1" NRO-ID-CNPQ="2141239579165029"/></PARTICIPACAO-EM-BANCA-DE-GRADUACAO><PARTICIPACAO-EM-BANCA-DE-GRADUACAO SEQUENCIA-PRODUCAO="70"><DADOS-BASICOS-DA-PARTICIPACAO-EM-BANCA-DE-GRADUACAO NATUREZA="Graduação" TITULO="A APLICAÇÃO DA TEORIA DO AUTOCUIDADO EM PACIENTE COM PÉS DIABÉTICOS NA REDE BÁSICA DE SAÚDE" ANO="2013" PAIS="Brasil" IDIOMA="Português" HOME-PAGE="" DOI="" TITULO-INGLES=""/><DETALHAMENTO-DA-PARTICIPACAO-EM-BANCA-DE-GRADUACAO NOME-DO-CANDIDATO="MARCOS V.A. PEIXOTO,ANA P.BARROS,RAFAELA A. PREDES" CODIGO-INSTITUICAO="201900000008" NOME-INSTITUICAO="Centro Universitário Augusto Motta" CODIGO-ORGAO="" NOME-ORGAO="" CODIGO-CURSO="60091240" NOME-CURSO="Enfermagem" NOME-CURSO-INGLES=""/><PARTICIPANTE-BANCA NOME-COMPLETO-DO-PARTICIPANTE-DA-BANCA="Thais Lauria" NOME-PARA-CITACAO-DO-PARTICIPANTE-DA-BANCA="LAURIA, T." ORDEM-PARTICIPANTE="2" NRO-ID-CNPQ=""/><PARTICIPANTE-BANCA NOME-COMPLETO-DO-PARTICIPANTE-DA-BANCA="Claudia Valeria Cunha Figueiredo" NOME-PARA-CITACAO-DO-PARTICIPANTE-DA-BANCA="FIGUEIREDO, C. V. C." ORDEM-PARTICIPANTE="1" NRO-ID-CNPQ="2141239579165029"/></PARTICIPACAO-EM-BANCA-DE-GRADUACAO><PARTICIPACAO-EM-BANCA-DE-GRADUACAO SEQUENCIA-PRODUCAO="71"><DADOS-BASICOS-DA-PARTICIPACAO-EM-BANCA-DE-GRADUACAO NATUREZA="Graduação" TITULO="ATUAÇÃO DO ENFERMEIRO NA ASSISTÊNCIA AO PACIENTE COM PÉ DIABÉTICO NA TERCEIRA IDADE" ANO="2013" PAIS="Brasil" IDIOMA="Português" HOME-PAGE="" DOI="" TITULO-INGLES=""/><DETALHAMENTO-DA-PARTICIPACAO-EM-BANCA-DE-GRADUACAO NOME-DO-CANDIDATO="CLAUDETE O.FERREIRA,ROSÂNGELA M.GUSMÃO,TELMA F.SERAFIM" CODIGO-INSTITUICAO="201900000008" NOME-INSTITUICAO="Centro Universitário Augusto Motta" CODIGO-ORGAO="" NOME-ORGAO="" CODIGO-CURSO="60091240" NOME-CURSO="Enfermagem" NOME-CURSO-INGLES=""/><PARTICIPANTE-BANCA NOME-COMPLETO-DO-PARTICIPANTE-DA-BANCA="Thais Lauria" NOME-PARA-CITACAO-DO-PARTICIPANTE-DA-BANCA="LAURIA, T." ORDEM-PARTICIPANTE="2" NRO-ID-CNPQ=""/><PARTICIPANTE-BANCA NOME-COMPLETO-DO-PARTICIPANTE-DA-BANCA="Claudia Valeria Cunha Figueiredo" NOME-PARA-CITACAO-DO-PARTICIPANTE-DA-BANCA="FIGUEIREDO, C. V. C." ORDEM-PARTICIPANTE="1" NRO-ID-CNPQ="2141239579165029"/></PARTICIPACAO-EM-BANCA-DE-GRADUACAO></PARTICIPACAO-EM-BANCA-TRABALHOS-CONCLUSAO><PARTICIPACAO-EM-EVENTOS-CONGRESSOS><PARTICIPACAO-EM-CONGRESSO SEQUENCIA-PRODUCAO="66"><PARTICIPANTE-DE-EVENTOS-CONGRESSOS NOME-COMPLETO-DO-PARTICIPANTE-DE-EVENTOS-CONGRESSOS="Claudia Valeria Cunha Figueiredo" NOME-PARA-CITACAO-DO-PARTICIPANTE-DE-EVENTOS-CONGRESSOS="FIGUEIREDO, C. V. C." ORDEM-PARTICIPANTE="1" NRO-ID-CNPQ="2141239579165029"/><DADOS-BASICOS-DA-PARTICIPACAO-EM-CONGRESSO NATUREZA="Congresso" TITULO="CONSTRUINDO O CUIDADO EM REDE" ANO="2013" PAIS="Brasil" IDIOMA="" MEIO-DE-DIVULGACAO="NAO_INFORMADO" HOME-PAGE-DO-TRABALHO="" FLAG-RELEVANCIA="NAO" TIPO-PARTICIPACAO="Outras formas" FORMA-PARTICIPACAO="Participante" DOI="" TITULO-INGLES="" FLAG-DIVULGACAO-CIENTIFICA="NAO"/><DETALHAMENTO-DA-PARTICIPACAO-EM-CONGRESSO NOME-DO-EVENTO="I SEMINARIO DE HUMANIZAÇÃO DO ESTADO DO RIO DE JANEIRO" CODIGO-INSTITUICAO="" NOME-INSTITUICAO="" LOCAL-DO-EVENTO="" CIDADE-DO-EVENTO="Rio de Janeiro" NOME-DO-EVENTO-INGLES=""/></PARTICIPACAO-EM-CONGRESSO><PARTICIPACAO-EM-CONGRESSO SEQUENCIA-PRODUCAO="45"><PARTICIPANTE-DE-EVENTOS-CONGRESSOS NOME-COMPLETO-DO-PARTICIPANTE-DE-EVENTOS-CONGRESSOS="Claudia Valeria Cunha Figueiredo" NOME-PARA-CITACAO-DO-PARTICIPANTE-DE-EVENTOS-CONGRESSOS="FIGUEIREDO, C. V. C." ORDEM-PARTICIPANTE="1" NRO-ID-CNPQ="2141239579165029"/><DADOS-BASICOS-DA-PARTICIPACAO-EM-CONGRESSO NATUREZA="Congresso" TITULO="Nefrologia" ANO="2009" PAIS="Brasil" IDIOMA="" MEIO-DE-DIVULGACAO="NAO_INFORMADO" HOME-PAGE-DO-TRABALHO="" FLAG-RELEVANCIA="NAO" TIPO-PARTICIPACAO="Outras formas" FORMA-PARTICIPACAO="Participante" DOI="" TITULO-INGLES="" FLAG-DIVULGACAO-CIENTIFICA="NAO"/><DETALHAMENTO-DA-PARTICIPACAO-EM-CONGRESSO NOME-DO-EVENTO="XV Congresso Paulista em Nefrologia" CODIGO-INSTITUICAO="" NOME-INSTITUICAO="" LOCAL-DO-EVENTO="" CIDADE-DO-EVENTO="São Paulo" NOME-DO-EVENTO-INGLES=""/></PARTICIPACAO-EM-CONGRESSO><PARTICIPACAO-EM-CONGRESSO SEQUENCIA-PRODUCAO="20"><PARTICIPANTE-DE-EVENTOS-CONGRESSOS NOME-COMPLETO-DO-PARTICIPANTE-DE-EVENTOS-CONGRESSOS="Claudia Valeria Cunha Figueiredo" NOME-PARA-CITACAO-DO-PARTICIPANTE-DE-EVENTOS-CONGRESSOS="FIGUEIREDO, C. V. C." ORDEM-PARTICIPANTE="1" NRO-ID-CNPQ="2141239579165029"/><DADOS-BASICOS-DA-PARTICIPACAO-EM-CONGRESSO NATUREZA="Congresso" TITULO="Desvendando os receios dos pacientes renais crônicos em programa de hemodiálise: passos para promoção em saúde pela equipe transdisciplinar" ANO="2008" PAIS="Brasil" IDIOMA="" MEIO-DE-DIVULGACAO="NAO_INFORMADO" HOME-PAGE-DO-TRABALHO="" FLAG-RELEVANCIA="NAO" TIPO-PARTICIPACAO="Poster / Painel" FORMA-PARTICIPACAO="Participante" DOI="" TITULO-INGLES="" FLAG-DIVULGACAO-CIENTIFICA="NAO"/><DETALHAMENTO-DA-PARTICIPACAO-EM-CONGRESSO NOME-DO-EVENTO="XXIV Congresso Brasileiro de Nefrologia" CODIGO-INSTITUICAO="" NOME-INSTITUICAO="" LOCAL-DO-EVENTO="" CIDADE-DO-EVENTO="Curitiba" NOME-DO-EVENTO-INGLES=""/></PARTICIPACAO-EM-CONGRESSO><PARTICIPACAO-EM-CONGRESSO SEQUENCIA-PRODUCAO="48"><PARTICIPANTE-DE-EVENTOS-CONGRESSOS NOME-COMPLETO-DO-PARTICIPANTE-DE-EVENTOS-CONGRESSOS="Claudia Valeria Cunha Figueiredo" NOME-PARA-CITACAO-DO-PARTICIPANTE-DE-EVENTOS-CONGRESSOS="FIGUEIREDO, C. V. C." ORDEM-PARTICIPANTE="1" NRO-ID-CNPQ="2141239579165029"/><DADOS-BASICOS-DA-PARTICIPACAO-EM-CONGRESSO NATUREZA="Congresso" TITULO="Congresso Brasileiro em Nefrologia" ANO="2010" PAIS="Brasil" IDIOMA="" MEIO-DE-DIVULGACAO="NAO_INFORMADO" HOME-PAGE-DO-TRABALHO="" FLAG-RELEVANCIA="NAO" TIPO-PARTICIPACAO="Outras formas" FORMA-PARTICIPACAO="Participante" DOI="" TITULO-INGLES="" FLAG-DIVULGACAO-CIENTIFICA="NAO"/><DETALHAMENTO-DA-PARTICIPACAO-EM-CONGRESSO NOME-DO-EVENTO="XV Congresso Brasileiro de Enfermagem em Nefrologia" CODIGO-INSTITUICAO="" NOME-INSTITUICAO="" LOCAL-DO-EVENTO="" CIDADE-DO-EVENTO="Vitória" NOME-DO-EVENTO-INGLES=""/></PARTICIPACAO-EM-CONGRESSO><PARTICIPACAO-EM-CONGRESSO SEQUENCIA-PRODUCAO="27"><PARTICIPANTE-DE-EVENTOS-CONGRESSOS NOME-COMPLETO-DO-PARTICIPANTE-DE-EVENTOS-CONGRESSOS="Claudia Valeria Cunha Figueiredo" NOME-PARA-CITACAO-DO-PARTICIPANTE-DE-EVENTOS-CONGRESSOS="FIGUEIREDO, C. V. C." ORDEM-PARTICIPANTE="1" NRO-ID-CNPQ="2141239579165029"/><DADOS-BASICOS-DA-PARTICIPACAO-EM-CONGRESSO NATUREZA="Congresso" TITULO="" ANO="2010" PAIS="Brasil" IDIOMA="" MEIO-DE-DIVULGACAO="NAO_INFORMADO" HOME-PAGE-DO-TRABALHO="" FLAG-RELEVANCIA="NAO" TIPO-PARTICIPACAO="" FORMA-PARTICIPACAO="Ouvinte" DOI="" TITULO-INGLES="" FLAG-DIVULGACAO-CIENTIFICA="NAO"/><DETALHAMENTO-DA-PARTICIPACAO-EM-CONGRESSO NOME-DO-EVENTO="11º Congresso Mundial de Esterilização e 7º Simpósio Internacional de Esterilização e Controle de Infecção Hospitalar" CODIGO-INSTITUICAO="" NOME-INSTITUICAO="" LOCAL-DO-EVENTO="" CIDADE-DO-EVENTO="São Paulo" NOME-DO-EVENTO-INGLES=""/></PARTICIPACAO-EM-CONGRESSO><PARTICIPACAO-EM-CONGRESSO SEQUENCIA-PRODUCAO="13"><PARTICIPANTE-DE-EVENTOS-CONGRESSOS NOME-COMPLETO-DO-PARTICIPANTE-DE-EVENTOS-CONGRESSOS="Claudia Valeria Cunha Figueiredo" NOME-PARA-CITACAO-DO-PARTICIPANTE-DE-EVENTOS-CONGRESSOS="FIGUEIREDO, C. V. C." ORDEM-PARTICIPANTE="1" NRO-ID-CNPQ="2141239579165029"/><DADOS-BASICOS-DA-PARTICIPACAO-EM-CONGRESSO NATUREZA="Congresso" TITULO="Projeto Unindo Vidas" ANO="2012" PAIS="Brasil" IDIOMA="" MEIO-DE-DIVULGACAO="NAO_INFORMADO" HOME-PAGE-DO-TRABALHO="" FLAG-RELEVANCIA="NAO" TIPO-PARTICIPACAO="Conferencista" FORMA-PARTICIPACAO="Convidado" DOI="" TITULO-INGLES="" FLAG-DIVULGACAO-CIENTIFICA="NAO"/><DETALHAMENTO-DA-PARTICIPACAO-EM-CONGRESSO NOME-DO-EVENTO="I Congresso Científico Da Secretaria Estadual de Saúde" CODIGO-INSTITUICAO="" NOME-INSTITUICAO="" LOCAL-DO-EVENTO="" CIDADE-DO-EVENTO="Rio de Janeiro" NOME-DO-EVENTO-INGLES=""/></PARTICIPACAO-EM-CONGRESSO><PARTICIPACAO-EM-SIMPOSIO SEQUENCIA-PRODUCAO="18"><PARTICIPANTE-DE-EVENTOS-CONGRESSOS NOME-COMPLETO-DO-PARTICIPANTE-DE-EVENTOS-CONGRESSOS="Claudia Valeria Cunha Figueiredo" NOME-PARA-CITACAO-DO-PARTICIPANTE-DE-EVENTOS-CONGRESSOS="FIGUEIREDO, C. V. C." ORDEM-PARTICIPANTE="1" NRO-ID-CNPQ="2141239579165029"/><DADOS-BASICOS-DA-PARTICIPACAO-EM-SIMPOSIO NATUREZA="Simpósio" TITULO="COMPLEXIDADES E POSSIBILIDADES NA EDUCAÇÃO SUPERIOR- EMPREENDEDORISMO: TEORIA E PRÁTICA NO CONTEXTO DA UNISUAM" ANO="2012" PAIS="Brasil" IDIOMA="" MEIO-DE-DIVULGACAO="NAO_INFORMADO" HOME-PAGE-DO-TRABALHO="" FLAG-RELEVANCIA="NAO" TIPO-PARTICIPACAO="Apresentação Oral" FORMA-PARTICIPACAO="Participante" DOI="" TITULO-INGLES="" FLAG-DIVULGACAO-CIENTIFICA="NAO"/><DETALHAMENTO-DA-PARTICIPACAO-EM-SIMPOSIO NOME-DO-EVENTO="V SIMPÓSIO DOCENTE SUPERIOR UNISUAM" CODIGO-INSTITUICAO="" NOME-INSTITUICAO="" LOCAL-DO-EVENTO="" CIDADE-DO-EVENTO="Rio de Janeiro" NOME-DO-EVENTO-INGLES=""/></PARTICIPACAO-EM-SIMPOSIO><PARTICIPACAO-EM-SIMPOSIO SEQUENCIA-PRODUCAO="17"><PARTICIPANTE-DE-EVENTOS-CONGRESSOS NOME-COMPLETO-DO-PARTICIPANTE-DE-EVENTOS-CONGRESSOS="Claudia Valeria Cunha Figueiredo" NOME-PARA-CITACAO-DO-PARTICIPANTE-DE-EVENTOS-CONGRESSOS="FIGUEIREDO, C. V. C." ORDEM-PARTICIPANTE="1" NRO-ID-CNPQ="2141239579165029"/><DADOS-BASICOS-DA-PARTICIPACAO-EM-SIMPOSIO NATUREZA="Simpósio" TITULO="VI Simpósio Docente Unisuam" ANO="2012" PAIS="Brasil" IDIOMA="" MEIO-DE-DIVULGACAO="NAO_INFORMADO" HOME-PAGE-DO-TRABALHO="" FLAG-RELEVANCIA="NAO" TIPO-PARTICIPACAO="Outras Formas" FORMA-PARTICIPACAO="Participante" DOI="" TITULO-INGLES="" FLAG-DIVULGACAO-CIENTIFICA="NAO"/><DETALHAMENTO-DA-PARTICIPACAO-EM-SIMPOSIO NOME-DO-EVENTO="VI SIMPÓSIO DOCENTE SUPERIOR UNISUAM" CODIGO-INSTITUICAO="" NOME-INSTITUICAO="" LOCAL-DO-EVENTO="" CIDADE-DO-EVENTO="Rio de Janeiro" NOME-DO-EVENTO-INGLES=""/></PARTICIPACAO-EM-SIMPOSIO><PARTICIPACAO-EM-SIMPOSIO SEQUENCIA-PRODUCAO="52"><PARTICIPANTE-DE-EVENTOS-CONGRESSOS NOME-COMPLETO-DO-PARTICIPANTE-DE-EVENTOS-CONGRESSOS="Claudia Valeria Cunha Figueiredo" NOME-PARA-CITACAO-DO-PARTICIPANTE-DE-EVENTOS-CONGRESSOS="FIGUEIREDO, C. V. C." ORDEM-PARTICIPANTE="1" NRO-ID-CNPQ="2141239579165029"/><DADOS-BASICOS-DA-PARTICIPACAO-EM-SIMPOSIO NATUREZA="Simpósio" TITULO="Infarto Agudo do Miocárdio no Estado do Rio de Janeiro" ANO="2014" PAIS="Brasil" IDIOMA="" MEIO-DE-DIVULGACAO="NAO_INFORMADO" HOME-PAGE-DO-TRABALHO="" FLAG-RELEVANCIA="NAO" TIPO-PARTICIPACAO="Outras formas" FORMA-PARTICIPACAO="Participante" DOI="" TITULO-INGLES="" FLAG-DIVULGACAO-CIENTIFICA="NAO"/><DETALHAMENTO-DA-PARTICIPACAO-EM-SIMPOSIO NOME-DO-EVENTO="Simpósio de Implementação da Linha de cuidado do Infarto Agudo do Miocárdio no Estado do Rio de Janeiro" CODIGO-INSTITUICAO="" NOME-INSTITUICAO="" LOCAL-DO-EVENTO="" CIDADE-DO-EVENTO="Rio de Janeiro" NOME-DO-EVENTO-INGLES=""/></PARTICIPACAO-EM-SIMPOSIO><PARTICIPACAO-EM-SIMPOSIO SEQUENCIA-PRODUCAO="46"><PARTICIPANTE-DE-EVENTOS-CONGRESSOS NOME-COMPLETO-DO-PARTICIPANTE-DE-EVENTOS-CONGRESSOS="Claudia Valeria Cunha Figueiredo" NOME-PARA-CITACAO-DO-PARTICIPANTE-DE-EVENTOS-CONGRESSOS="FIGUEIREDO, C. V. C." ORDEM-PARTICIPANTE="1" NRO-ID-CNPQ="2141239579165029"/><DADOS-BASICOS-DA-PARTICIPACAO-EM-SIMPOSIO NATUREZA="Simpósio" TITULO="A Universidade no século XXI: criatividade e Conhecimento" ANO="2013" PAIS="Brasil" IDIOMA="" MEIO-DE-DIVULGACAO="NAO_INFORMADO" HOME-PAGE-DO-TRABALHO="" FLAG-RELEVANCIA="NAO" TIPO-PARTICIPACAO="Outras formas" FORMA-PARTICIPACAO="Participante" DOI="" TITULO-INGLES="" FLAG-DIVULGACAO-CIENTIFICA="NAO"/><DETALHAMENTO-DA-PARTICIPACAO-EM-SIMPOSIO NOME-DO-EVENTO="XIII Simpósio Docente Unisuam" CODIGO-INSTITUICAO="" NOME-INSTITUICAO="" LOCAL-DO-EVENTO="" CIDADE-DO-EVENTO="Rio de Janeiro" NOME-DO-EVENTO-INGLES=""/></PARTICIPACAO-EM-SIMPOSIO><PARTICIPACAO-EM-SIMPOSIO SEQUENCIA-PRODUCAO="47"><PARTICIPANTE-DE-EVENTOS-CONGRESSOS NOME-COMPLETO-DO-PARTICIPANTE-DE-EVENTOS-CONGRESSOS="Claudia Valeria Cunha Figueiredo" NOME-PARA-CITACAO-DO-PARTICIPANTE-DE-EVENTOS-CONGRESSOS="FIGUEIREDO, C. V. C." ORDEM-PARTICIPANTE="1" NRO-ID-CNPQ="2141239579165029"/><DADOS-BASICOS-DA-PARTICIPACAO-EM-SIMPOSIO NATUREZA="Simpósio" TITULO="Complexidades e possibilidades na educação superior- empreendedorismo: teoria e prática no contexto da Unisuam" ANO="2011" PAIS="Brasil" IDIOMA="" MEIO-DE-DIVULGACAO="NAO_INFORMADO" HOME-PAGE-DO-TRABALHO="" FLAG-RELEVANCIA="NAO" TIPO-PARTICIPACAO="Outras formas" FORMA-PARTICIPACAO="Participante" DOI="" TITULO-INGLES="" FLAG-DIVULGACAO-CIENTIFICA="NAO"/><DETALHAMENTO-DA-PARTICIPACAO-EM-SIMPOSIO NOME-DO-EVENTO="V Simpósio de docência superior Unisuam" CODIGO-INSTITUICAO="" NOME-INSTITUICAO="" LOCAL-DO-EVENTO="" CIDADE-DO-EVENTO="Rio de Janeiro" NOME-DO-EVENTO-INGLES=""/></PARTICIPACAO-EM-SIMPOSIO><PARTICIPACAO-EM-OFICINA SEQUENCIA-PRODUCAO="21"><PARTICIPANTE-DE-EVENTOS-CONGRESSOS NOME-COMPLETO-DO-PARTICIPANTE-DE-EVENTOS-CONGRESSOS="Claudia Valeria Cunha Figueiredo" NOME-PARA-CITACAO-DO-PARTICIPANTE-DE-EVENTOS-CONGRESSOS="FIGUEIREDO, C. V. C." ORDEM-PARTICIPANTE="1" NRO-ID-CNPQ="2141239579165029"/><DADOS-BASICOS-DA-PARTICIPACAO-EM-OFICINA NATUREZA="Oficina" TITULO="Tecnologias na assistência nos centros de parto normal" ANO="2010" PAIS="Brasil" IDIOMA="" MEIO-DE-DIVULGACAO="NAO_INFORMADO" HOME-PAGE-DO-TRABALHO="" FLAG-RELEVANCIA="NAO" TIPO-PARTICIPACAO="Outras Formas" FORMA-PARTICIPACAO="Participante" DOI="" TITULO-INGLES="" FLAG-DIVULGACAO-CIENTIFICA="NAO"/><DETALHAMENTO-DA-PARTICIPACAO-EM-OFICINA NOME-DO-EVENTO="4º Encontro de Enfermagem Obstétrica e Neonatal do Rio de Janeiro" CODIGO-INSTITUICAO="" NOME-INSTITUICAO="" LOCAL-DO-EVENTO="" CIDADE-DO-EVENTO="Rio de Janeiro" NOME-DO-EVENTO-INGLES=""/></PARTICIPACAO-EM-OFICINA><PARTICIPACAO-EM-OFICINA SEQUENCIA-PRODUCAO="44"><PARTICIPANTE-DE-EVENTOS-CONGRESSOS NOME-COMPLETO-DO-PARTICIPANTE-DE-EVENTOS-CONGRESSOS="Claudia Valeria Cunha Figueiredo" NOME-PARA-CITACAO-DO-PARTICIPANTE-DE-EVENTOS-CONGRESSOS="FIGUEIREDO, C. V. C." ORDEM-PARTICIPANTE="1" NRO-ID-CNPQ="2141239579165029"/><DADOS-BASICOS-DA-PARTICIPACAO-EM-OFICINA NATUREZA="Oficina" TITULO="Atividades das tendas de saúde" ANO="2012" PAIS="Brasil" IDIOMA="" MEIO-DE-DIVULGACAO="NAO_INFORMADO" HOME-PAGE-DO-TRABALHO="" FLAG-RELEVANCIA="NAO" TIPO-PARTICIPACAO="Avaliador" FORMA-PARTICIPACAO="Convidado" DOI="" TITULO-INGLES="" FLAG-DIVULGACAO-CIENTIFICA="NAO"/><DETALHAMENTO-DA-PARTICIPACAO-EM-OFICINA NOME-DO-EVENTO="IX Semana Acadêmica das Ciências da Saúde" CODIGO-INSTITUICAO="" NOME-INSTITUICAO="" LOCAL-DO-EVENTO="" CIDADE-DO-EVENTO="Rio de Janeiro" NOME-DO-EVENTO-INGLES=""/></PARTICIPACAO-EM-OFICINA><PARTICIPACAO-EM-ENCONTRO SEQUENCIA-PRODUCAO="14"><PARTICIPANTE-DE-EVENTOS-CONGRESSOS NOME-COMPLETO-DO-PARTICIPANTE-DE-EVENTOS-CONGRESSOS="Claudia Valeria Cunha Figueiredo" NOME-PARA-CITACAO-DO-PARTICIPANTE-DE-EVENTOS-CONGRESSOS="FIGUEIREDO, C. V. C." ORDEM-PARTICIPANTE="1" NRO-ID-CNPQ="2141239579165029"/><DADOS-BASICOS-DA-PARTICIPACAO-EM-ENCONTRO NATUREZA="Encontro" TITULO="Noções de Atendimento Emergêncial" ANO="2008" PAIS="Brasil" IDIOMA="" MEIO-DE-DIVULGACAO="NAO_INFORMADO" HOME-PAGE-DO-TRABALHO="" FLAG-RELEVANCIA="NAO" TIPO-PARTICIPACAO="Conferencista" FORMA-PARTICIPACAO="Convidado" DOI="" TITULO-INGLES="" FLAG-DIVULGACAO-CIENTIFICA="NAO"/><DETALHAMENTO-DA-PARTICIPACAO-EM-ENCONTRO NOME-DO-EVENTO="Centro de Formação e Aperfeiçoamento de Praças" CODIGO-INSTITUICAO="" NOME-INSTITUICAO="" LOCAL-DO-EVENTO="" CIDADE-DO-EVENTO="Rio de Janeiro" NOME-DO-EVENTO-INGLES=""/></PARTICIPACAO-EM-ENCONTRO><PARTICIPACAO-EM-ENCONTRO SEQUENCIA-PRODUCAO="43"><PARTICIPANTE-DE-EVENTOS-CONGRESSOS NOME-COMPLETO-DO-PARTICIPANTE-DE-EVENTOS-CONGRESSOS="Claudia Valeria Cunha Figueiredo" NOME-PARA-CITACAO-DO-PARTICIPANTE-DE-EVENTOS-CONGRESSOS="FIGUEIREDO, C. V. C." ORDEM-PARTICIPANTE="1" NRO-ID-CNPQ="2141239579165029"/><DADOS-BASICOS-DA-PARTICIPACAO-EM-ENCONTRO NATUREZA="Encontro" TITULO="Capacitação como Instrutor : manejo clínico da dengue" ANO="2013" PAIS="Brasil" IDIOMA="" MEIO-DE-DIVULGACAO="NAO_INFORMADO" HOME-PAGE-DO-TRABALHO="" FLAG-RELEVANCIA="NAO" TIPO-PARTICIPACAO="Outras formas" FORMA-PARTICIPACAO="Participante" DOI="" TITULO-INGLES="" FLAG-DIVULGACAO-CIENTIFICA="NAO"/><DETALHAMENTO-DA-PARTICIPACAO-EM-ENCONTRO NOME-DO-EVENTO="Capacitação em serviço: manejo Clínico da Dengue" CODIGO-INSTITUICAO="" NOME-INSTITUICAO="" LOCAL-DO-EVENTO="" CIDADE-DO-EVENTO="Rio de Janeiro" NOME-DO-EVENTO-INGLES=""/></PARTICIPACAO-EM-ENCONTRO><PARTICIPACAO-EM-ENCONTRO SEQUENCIA-PRODUCAO="41"><PARTICIPANTE-DE-EVENTOS-CONGRESSOS NOME-COMPLETO-DO-PARTICIPANTE-DE-EVENTOS-CONGRESSOS="Claudia Valeria Cunha Figueiredo" NOME-PARA-CITACAO-DO-PARTICIPANTE-DE-EVENTOS-CONGRESSOS="FIGUEIREDO, C. V. C." ORDEM-PARTICIPANTE="1" NRO-ID-CNPQ="2141239579165029"/><DADOS-BASICOS-DA-PARTICIPACAO-EM-ENCONTRO NATUREZA="Encontro" TITULO="" ANO="2008" PAIS="Brasil" IDIOMA="" MEIO-DE-DIVULGACAO="NAO_INFORMADO" HOME-PAGE-DO-TRABALHO="" FLAG-RELEVANCIA="NAO" TIPO-PARTICIPACAO="" FORMA-PARTICIPACAO="Ouvinte" DOI="" TITULO-INGLES="" FLAG-DIVULGACAO-CIENTIFICA="NAO"/><DETALHAMENTO-DA-PARTICIPACAO-EM-ENCONTRO NOME-DO-EVENTO="I jORNADA DE nefrologia do Hospital Estadual Rocha Faria" CODIGO-INSTITUICAO="" NOME-INSTITUICAO="" LOCAL-DO-EVENTO="" CIDADE-DO-EVENTO="Rio de Janeiro" NOME-DO-EVENTO-INGLES=""/></PARTICIPACAO-EM-ENCONTRO><PARTICIPACAO-EM-ENCONTRO SEQUENCIA-PRODUCAO="56"><PARTICIPANTE-DE-EVENTOS-CONGRESSOS NOME-COMPLETO-DO-PARTICIPANTE-DE-EVENTOS-CONGRESSOS="Claudia Valeria Cunha Figueiredo" NOME-PARA-CITACAO-DO-PARTICIPANTE-DE-EVENTOS-CONGRESSOS="FIGUEIREDO, C. V. C." ORDEM-PARTICIPANTE="1" NRO-ID-CNPQ="2141239579165029"/><DADOS-BASICOS-DA-PARTICIPACAO-EM-ENCONTRO NATUREZA="Encontro" TITULO="DESVENDANDO O SUS" ANO="2015" PAIS="Brasil" IDIOMA="" MEIO-DE-DIVULGACAO="NAO_INFORMADO" HOME-PAGE-DO-TRABALHO="" FLAG-RELEVANCIA="NAO" TIPO-PARTICIPACAO="Conferencista" FORMA-PARTICIPACAO="Convidado" DOI="" TITULO-INGLES="DESVENDANDO O SUS" FLAG-DIVULGACAO-CIENTIFICA="NAO"/><DETALHAMENTO-DA-PARTICIPACAO-EM-ENCONTRO NOME-DO-EVENTO="Calourada DCE UNISUAM" CODIGO-INSTITUICAO="" NOME-INSTITUICAO="" LOCAL-DO-EVENTO="" CIDADE-DO-EVENTO="Rio de Janeiro" NOME-DO-EVENTO-INGLES=""/></PARTICIPACAO-EM-ENCONTRO><PARTICIPACAO-EM-ENCONTRO SEQUENCIA-PRODUCAO="42"><PARTICIPANTE-DE-EVENTOS-CONGRESSOS NOME-COMPLETO-DO-PARTICIPANTE-DE-EVENTOS-CONGRESSOS="Claudia Valeria Cunha Figueiredo" NOME-PARA-CITACAO-DO-PARTICIPANTE-DE-EVENTOS-CONGRESSOS="FIGUEIREDO, C. V. C." ORDEM-PARTICIPANTE="1" NRO-ID-CNPQ="2141239579165029"/><DADOS-BASICOS-DA-PARTICIPACAO-EM-ENCONTRO NATUREZA="Encontro" TITULO="Planejamento participativo: algumas reflexões" ANO="2012" PAIS="Brasil" IDIOMA="" MEIO-DE-DIVULGACAO="NAO_INFORMADO" HOME-PAGE-DO-TRABALHO="" FLAG-RELEVANCIA="NAO" TIPO-PARTICIPACAO="Outras formas" FORMA-PARTICIPACAO="Participante" DOI="" TITULO-INGLES="" FLAG-DIVULGACAO-CIENTIFICA="NAO"/><DETALHAMENTO-DA-PARTICIPACAO-EM-ENCONTRO NOME-DO-EVENTO="VIIISimpósio Docente Unisuam" CODIGO-INSTITUICAO="" NOME-INSTITUICAO="" LOCAL-DO-EVENTO="" CIDADE-DO-EVENTO="Rio de Janeiro" NOME-DO-EVENTO-INGLES=""/></PARTICIPACAO-EM-ENCONTRO><OUTRAS-PARTICIPACOES-EM-EVENTOS-CONGRESSOS SEQUENCIA-PRODUCAO="49"><PARTICIPANTE-DE-EVENTOS-CONGRESSOS NOME-COMPLETO-DO-PARTICIPANTE-DE-EVENTOS-CONGRESSOS="Claudia Valeria Cunha Figueiredo" NOME-PARA-CITACAO-DO-PARTICIPANTE-DE-EVENTOS-CONGRESSOS="FIGUEIREDO, C. V. C." ORDEM-PARTICIPANTE="1" NRO-ID-CNPQ="2141239579165029"/><DADOS-BASICOS-DE-OUTRAS-PARTICIPACOES-EM-EVENTOS-CONGRESSOS NATUREZA="Outra" TITULO="Curso de urgência e emergência" ANO="2013" PAIS="Brasil" IDIOMA="" MEIO-DE-DIVULGACAO="NAO_INFORMADO" HOME-PAGE-DO-TRABALHO="" FLAG-RELEVANCIA="NAO" TIPO-PARTICIPACAO="Outras formas" FORMA-PARTICIPACAO="Participante" DOI="" TITULO-INGLES="" FLAG-DIVULGACAO-CIENTIFICA="NAO"/><DETALHAMENTO-DE-OUTRAS-PARTICIPACOES-EM-EVENTOS-CONGRESSOS NOME-DO-EVENTO="Projeto capacita COREN" CODIGO-INSTITUICAO="" NOME-INSTITUICAO="" LOCAL-DO-EVENTO="" CIDADE-DO-EVENTO="Rio de Janeiro" NOME-DO-EVENTO-INGLES=""/></OUTRAS-PARTICIPACOES-EM-EVENTOS-CONGRESSOS><OUTRAS-PARTICIPACOES-EM-EVENTOS-CONGRESSOS SEQUENCIA-PRODUCAO="57"><PARTICIPANTE-DE-EVENTOS-CONGRESSOS NOME-COMPLETO-DO-PARTICIPANTE-DE-EVENTOS-CONGRESSOS="Claudia Valeria Cunha Figueiredo" NOME-PARA-CITACAO-DO-PARTICIPANTE-DE-EVENTOS-CONGRESSOS="FIGUEIREDO, C. V. C." ORDEM-PARTICIPANTE="1" NRO-ID-CNPQ="2141239579165029"/><DADOS-BASICOS-DE-OUTRAS-PARTICIPACOES-EM-EVENTOS-CONGRESSOS NATUREZA="Outra" TITULO="PATRONESE" ANO="2015" PAIS="Brasil" IDIOMA="" MEIO-DE-DIVULGACAO="NAO_INFORMADO" HOME-PAGE-DO-TRABALHO="" FLAG-RELEVANCIA="NAO" TIPO-PARTICIPACAO="Homenageado" FORMA-PARTICIPACAO="Convidado" DOI="" TITULO-INGLES="PATRONESE" FLAG-DIVULGACAO-CIENTIFICA="NAO"/><DETALHAMENTO-DE-OUTRAS-PARTICIPACOES-EM-EVENTOS-CONGRESSOS NOME-DO-EVENTO="FORMATURA ENFERMAGEM 2014/2" CODIGO-INSTITUICAO="" NOME-INSTITUICAO="" LOCAL-DO-EVENTO="" CIDADE-DO-EVENTO="Rio de Janeiro" NOME-DO-EVENTO-INGLES=""/></OUTRAS-PARTICIPACOES-EM-EVENTOS-CONGRESSOS><OUTRAS-PARTICIPACOES-EM-EVENTOS-CONGRESSOS SEQUENCIA-PRODUCAO="53"><PARTICIPANTE-DE-EVENTOS-CONGRESSOS NOME-COMPLETO-DO-PARTICIPANTE-DE-EVENTOS-CONGRESSOS="Claudia Valeria Cunha Figueiredo" NOME-PARA-CITACAO-DO-PARTICIPANTE-DE-EVENTOS-CONGRESSOS="FIGUEIREDO, C. V. C." ORDEM-PARTICIPANTE="1" NRO-ID-CNPQ="2141239579165029"/><DADOS-BASICOS-DE-OUTRAS-PARTICIPACOES-EM-EVENTOS-CONGRESSOS NATUREZA="Outra" TITULO="Modelo de Excelência da Gestão do Prêmio Qualidade Rio - ciclo 2014" ANO="2014" PAIS="Brasil" IDIOMA="" MEIO-DE-DIVULGACAO="NAO_INFORMADO" HOME-PAGE-DO-TRABALHO="" FLAG-RELEVANCIA="NAO" TIPO-PARTICIPACAO="Outras formas" FORMA-PARTICIPACAO="Participante" DOI="" TITULO-INGLES="" FLAG-DIVULGACAO-CIENTIFICA="NAO"/><DETALHAMENTO-DE-OUTRAS-PARTICIPACOES-EM-EVENTOS-CONGRESSOS NOME-DO-EVENTO="Curso de Introdução ao Modelo de Excelência da Gestão do Prêmio Qualidade Rio - ciclo 2014" CODIGO-INSTITUICAO="" NOME-INSTITUICAO="" LOCAL-DO-EVENTO="" CIDADE-DO-EVENTO="Rio de Janeiro" NOME-DO-EVENTO-INGLES=""/></OUTRAS-PARTICIPACOES-EM-EVENTOS-CONGRESSOS><OUTRAS-PARTICIPACOES-EM-EVENTOS-CONGRESSOS SEQUENCIA-PRODUCAO="40"><PARTICIPANTE-DE-EVENTOS-CONGRESSOS NOME-COMPLETO-DO-PARTICIPANTE-DE-EVENTOS-CONGRESSOS="Claudia Valeria Cunha Figueiredo" NOME-PARA-CITACAO-DO-PARTICIPANTE-DE-EVENTOS-CONGRESSOS="FIGUEIREDO, C. V. C." ORDEM-PARTICIPANTE="1" NRO-ID-CNPQ="2141239579165029"/><DADOS-BASICOS-DE-OUTRAS-PARTICIPACOES-EM-EVENTOS-CONGRESSOS NATUREZA="Outra" TITULO="Curso de Emergências cardiovasculares" ANO="2013" PAIS="Brasil" IDIOMA="" MEIO-DE-DIVULGACAO="NAO_INFORMADO" HOME-PAGE-DO-TRABALHO="" FLAG-RELEVANCIA="NAO" TIPO-PARTICIPACAO="Outras formas" FORMA-PARTICIPACAO="Participante" DOI="" TITULO-INGLES="" FLAG-DIVULGACAO-CIENTIFICA="NAO"/><DETALHAMENTO-DE-OUTRAS-PARTICIPACOES-EM-EVENTOS-CONGRESSOS NOME-DO-EVENTO="Curso de emergências Cardiovasculares" CODIGO-INSTITUICAO="" NOME-INSTITUICAO="" LOCAL-DO-EVENTO="" CIDADE-DO-EVENTO="São Paulo" NOME-DO-EVENTO-INGLES=""/></OUTRAS-PARTICIPACOES-EM-EVENTOS-CONGRESSOS><OUTRAS-PARTICIPACOES-EM-EVENTOS-CONGRESSOS SEQUENCIA-PRODUCAO="67"><PARTICIPANTE-DE-EVENTOS-CONGRESSOS NOME-COMPLETO-DO-PARTICIPANTE-DE-EVENTOS-CONGRESSOS="Claudia Valeria Cunha Figueiredo" NOME-PARA-CITACAO-DO-PARTICIPANTE-DE-EVENTOS-CONGRESSOS="FIGUEIREDO, C. V. C." ORDEM-PARTICIPANTE="1" NRO-ID-CNPQ="2141239579165029"/><DADOS-BASICOS-DE-OUTRAS-PARTICIPACOES-EM-EVENTOS-CONGRESSOS NATUREZA="Outra" TITULO="TREINAMENTO DE EMERGÊNCIAS CARDIOVASCULARES AVANÇADO" ANO="2013" PAIS="Brasil" IDIOMA="" MEIO-DE-DIVULGACAO="NAO_INFORMADO" HOME-PAGE-DO-TRABALHO="" FLAG-RELEVANCIA="NAO" TIPO-PARTICIPACAO="Outras formas" FORMA-PARTICIPACAO="Participante" DOI="" TITULO-INGLES="" FLAG-DIVULGACAO-CIENTIFICA="NAO"/><DETALHAMENTO-DE-OUTRAS-PARTICIPACOES-EM-EVENTOS-CONGRESSOS NOME-DO-EVENTO="TREINAMENTO DE EMERGÊNCIAS CARDIOVASCULARES AVANÇADO" CODIGO-INSTITUICAO="" NOME-INSTITUICAO="" LOCAL-DO-EVENTO="" CIDADE-DO-EVENTO="Rio de Janeiro" NOME-DO-EVENTO-INGLES=""/></OUTRAS-PARTICIPACOES-EM-EVENTOS-CONGRESSOS><OUTRAS-PARTICIPACOES-EM-EVENTOS-CONGRESSOS SEQUENCIA-PRODUCAO="54"><PARTICIPANTE-DE-EVENTOS-CONGRESSOS NOME-COMPLETO-DO-PARTICIPANTE-DE-EVENTOS-CONGRESSOS="Claudia Valeria Cunha Figueiredo" NOME-PARA-CITACAO-DO-PARTICIPANTE-DE-EVENTOS-CONGRESSOS="FIGUEIREDO, C. V. C." ORDEM-PARTICIPANTE="1" NRO-ID-CNPQ="2141239579165029"/><DADOS-BASICOS-DE-OUTRAS-PARTICIPACOES-EM-EVENTOS-CONGRESSOS NATUREZA="Outra" TITULO="elaboração do Relatório de gestão do Prêmio Qualidade Rio,ciclo 2014" ANO="2014" PAIS="Brasil" IDIOMA="" MEIO-DE-DIVULGACAO="NAO_INFORMADO" HOME-PAGE-DO-TRABALHO="" FLAG-RELEVANCIA="NAO" TIPO-PARTICIPACAO="Outras formas" FORMA-PARTICIPACAO="Participante" DOI="" TITULO-INGLES="" FLAG-DIVULGACAO-CIENTIFICA="NAO"/><DETALHAMENTO-DE-OUTRAS-PARTICIPACOES-EM-EVENTOS-CONGRESSOS NOME-DO-EVENTO="Curso de elaboração do Relatório de gestão do Prêmio Qualidade Rio,ciclo 2014" CODIGO-INSTITUICAO="" NOME-INSTITUICAO="" LOCAL-DO-EVENTO="" CIDADE-DO-EVENTO="Rio de Janeiro" NOME-DO-EVENTO-INGLES=""/></OUTRAS-PARTICIPACOES-EM-EVENTOS-CONGRESSOS><OUTRAS-PARTICIPACOES-EM-EVENTOS-CONGRESSOS SEQUENCIA-PRODUCAO="26"><PARTICIPANTE-DE-EVENTOS-CONGRESSOS NOME-COMPLETO-DO-PARTICIPANTE-DE-EVENTOS-CONGRESSOS="Claudia Valeria Cunha Figueiredo" NOME-PARA-CITACAO-DO-PARTICIPANTE-DE-EVENTOS-CONGRESSOS="FIGUEIREDO, C. V. C." ORDEM-PARTICIPANTE="1" NRO-ID-CNPQ="2141239579165029"/><DADOS-BASICOS-DE-OUTRAS-PARTICIPACOES-EM-EVENTOS-CONGRESSOS NATUREZA="Outra" TITULO="Curso de Formação de Examinadores do Prêmio qualidade rio- ciclo 2010" ANO="2010" PAIS="Brasil" IDIOMA="" MEIO-DE-DIVULGACAO="NAO_INFORMADO" HOME-PAGE-DO-TRABALHO="" FLAG-RELEVANCIA="NAO" TIPO-PARTICIPACAO="Outras Formas" FORMA-PARTICIPACAO="Participante" DOI="" TITULO-INGLES="" FLAG-DIVULGACAO-CIENTIFICA="NAO"/><DETALHAMENTO-DE-OUTRAS-PARTICIPACOES-EM-EVENTOS-CONGRESSOS NOME-DO-EVENTO="Programa de Qualidade" CODIGO-INSTITUICAO="" NOME-INSTITUICAO="" LOCAL-DO-EVENTO="" CIDADE-DO-EVENTO="Rio de Janeiro" NOME-DO-EVENTO-INGLES=""/></OUTRAS-PARTICIPACOES-EM-EVENTOS-CONGRESSOS></PARTICIPACAO-EM-EVENTOS-CONGRESSOS><INFORMACOES-ADICIONAIS-INSTITUICOES><INFORMACAO-ADICIONAL-INSTITUICAO CODIGO-INSTITUICAO="000100000991" SIGLA-INSTITUICAO="HERF" SIGLA-UF-INSTITUICAO="RJ" SIGLA-PAIS-INSTITUICAO="BRA" NOME-PAIS-INSTITUICAO="Brasil" FLAG-AGENCIA-FOMENTO="NAO" FLAG-INSTITUICAO-DE-ENSINO="NAO"/><INFORMACAO-ADICIONAL-INSTITUICAO CODIGO-INSTITUICAO="000101000995" SIGLA-INSTITUICAO="" SIGLA-UF-INSTITUICAO="RJ" SIGLA-PAIS-INSTITUICAO="BRA" NOME-PAIS-INSTITUICAO="Brasil" FLAG-AGENCIA-FOMENTO="NAO" FLAG-INSTITUICAO-DE-ENSINO="NAO"/><INFORMACAO-ADICIONAL-INSTITUICAO CODIGO-INSTITUICAO="000200000993" SIGLA-INSTITUICAO="UNIPLI" SIGLA-UF-INSTITUICAO="" SIGLA-PAIS-INSTITUICAO="BRA" NOME-PAIS-INSTITUICAO="Brasil" FLAG-AGENCIA-FOMENTO="NAO" FLAG-INSTITUICAO-DE-ENSINO="NAO"/><INFORMACAO-ADICIONAL-INSTITUICAO CODIGO-INSTITUICAO="000300000995" SIGLA-INSTITUICAO="SAMU" SIGLA-UF-INSTITUICAO="RJ" SIGLA-PAIS-INSTITUICAO="BRA" NOME-PAIS-INSTITUICAO="Brasil" FLAG-AGENCIA-FOMENTO="NAO" FLAG-INSTITUICAO-DE-ENSINO="NAO"/><INFORMACAO-ADICIONAL-INSTITUICAO CODIGO-INSTITUICAO="000400000997" SIGLA-INSTITUICAO="SANTEL- C.G" SIGLA-UF-INSTITUICAO="RJ" SIGLA-PAIS-INSTITUICAO="BRA" NOME-PAIS-INSTITUICAO="Brasil" FLAG-AGENCIA-FOMENTO="NAO" FLAG-INSTITUICAO-DE-ENSINO="NAO"/><INFORMACAO-ADICIONAL-INSTITUICAO CODIGO-INSTITUICAO="000401000990" SIGLA-INSTITUICAO="" SIGLA-UF-INSTITUICAO="RJ" SIGLA-PAIS-INSTITUICAO="BRA" NOME-PAIS-INSTITUICAO="Brasil" FLAG-AGENCIA-FOMENTO="NAO" FLAG-INSTITUICAO-DE-ENSINO="NAO"/><INFORMACAO-ADICIONAL-INSTITUICAO CODIGO-INSTITUICAO="000500000000" SIGLA-INSTITUICAO="UFF" SIGLA-UF-INSTITUICAO="RJ" SIGLA-PAIS-INSTITUICAO="BRA" NOME-PAIS-INSTITUICAO="Brasil" FLAG-AGENCIA-FOMENTO="NAO" FLAG-INSTITUICAO-DE-ENSINO="SIM"/><INFORMACAO-ADICIONAL-INSTITUICAO CODIGO-INSTITUICAO="000500000999" SIGLA-INSTITUICAO="UNTR" SIGLA-UF-INSTITUICAO="RJ" SIGLA-PAIS-INSTITUICAO="BRA" NOME-PAIS-INSTITUICAO="Brasil" FLAG-AGENCIA-FOMENTO="NAO" FLAG-INSTITUICAO-DE-ENSINO="NAO"/><INFORMACAO-ADICIONAL-INSTITUICAO CODIGO-INSTITUICAO="000600000990" SIGLA-INSTITUICAO="FABA" SIGLA-UF-INSTITUICAO="RJ" SIGLA-PAIS-INSTITUICAO="BRA" NOME-PAIS-INSTITUICAO="Brasil" FLAG-AGENCIA-FOMENTO="SIM" FLAG-INSTITUICAO-DE-ENSINO="NAO"/><INFORMACAO-ADICIONAL-INSTITUICAO CODIGO-INSTITUICAO="000601000994" SIGLA-INSTITUICAO="" SIGLA-UF-INSTITUICAO="RJ" SIGLA-PAIS-INSTITUICAO="BRA" NOME-PAIS-INSTITUICAO="Brasil" FLAG-AGENCIA-FOMENTO="NAO" FLAG-INSTITUICAO-DE-ENSINO="NAO"/><INFORMACAO-ADICIONAL-INSTITUICAO CODIGO-INSTITUICAO="000700000992" SIGLA-INSTITUICAO="UPA IRAJÁ" SIGLA-UF-INSTITUICAO="RJ" SIGLA-PAIS-INSTITUICAO="BRA" NOME-PAIS-INSTITUICAO="Brasil" FLAG-AGENCIA-FOMENTO="NAO" FLAG-INSTITUICAO-DE-ENSINO="NAO"/><INFORMACAO-ADICIONAL-INSTITUICAO CODIGO-INSTITUICAO="000800000994" SIGLA-INSTITUICAO="SANTEL" SIGLA-UF-INSTITUICAO="RJ" SIGLA-PAIS-INSTITUICAO="BRA" NOME-PAIS-INSTITUICAO="Brasil" FLAG-AGENCIA-FOMENTO="NAO" FLAG-INSTITUICAO-DE-ENSINO="NAO"/><INFORMACAO-ADICIONAL-INSTITUICAO CODIGO-INSTITUICAO="000900000996" SIGLA-INSTITUICAO="H.E.E.R" SIGLA-UF-INSTITUICAO="RJ" SIGLA-PAIS-INSTITUICAO="BRA" NOME-PAIS-INSTITUICAO="Brasil" FLAG-AGENCIA-FOMENTO="NAO" FLAG-INSTITUICAO-DE-ENSINO="NAO"/><INFORMACAO-ADICIONAL-INSTITUICAO CODIGO-INSTITUICAO="032600000000" SIGLA-INSTITUICAO="UERJ" SIGLA-UF-INSTITUICAO="RJ" SIGLA-PAIS-INSTITUICAO="BRA" NOME-PAIS-INSTITUICAO="Brasil" FLAG-AGENCIA-FOMENTO="NAO" FLAG-INSTITUICAO-DE-ENSINO="SIM"/><INFORMACAO-ADICIONAL-INSTITUICAO CODIGO-INSTITUICAO="169701000990" SIGLA-INSTITUICAO="" SIGLA-UF-INSTITUICAO="RJ" SIGLA-PAIS-INSTITUICAO="BRA" NOME-PAIS-INSTITUICAO="Brasil" FLAG-AGENCIA-FOMENTO="NAO" FLAG-INSTITUICAO-DE-ENSINO="NAO"/><INFORMACAO-ADICIONAL-INSTITUICAO CODIGO-INSTITUICAO="201900000008" SIGLA-INSTITUICAO="UNISUAM" SIGLA-UF-INSTITUICAO="RJ" SIGLA-PAIS-INSTITUICAO="BRA" NOME-PAIS-INSTITUICAO="Brasil" FLAG-AGENCIA-FOMENTO="NAO" FLAG-INSTITUICAO-DE-ENSINO="SIM"/><INFORMACAO-ADICIONAL-INSTITUICAO CODIGO-INSTITUICAO="201901000990" SIGLA-INSTITUICAO="" SIGLA-UF-INSTITUICAO="RJ" SIGLA-PAIS-INSTITUICAO="BRA" NOME-PAIS-INSTITUICAO="Brasil" FLAG-AGENCIA-FOMENTO="NAO" FLAG-INSTITUICAO-DE-ENSINO="NAO"/></INFORMACOES-ADICIONAIS-INSTITUICOES><INFORMACOES-ADICIONAIS-CURSOS><INFORMACAO-ADICIONAL-CURSO CODIGO-CURSO="00001430" CODIGO-ORGAO="" NOME-ORGAO="" CODIGO-INSTITUICAO="032600000000" NOME-INSTITUICAO="Universidade do Estado do Rio de Janeiro" NOME-GRANDE-AREA-DO-CONHECIMENTO="CIENCIAS_DA_SAUDE" NOME-DA-AREA-DO-CONHECIMENTO="Enfermagem" NOME-DA-SUB-AREA-DO-CONHECIMENTO="" NOME-DA-ESPECIALIDADE="" NIVEL-CURSO="APERFEICOAMENTO"/><INFORMACAO-ADICIONAL-CURSO CODIGO-CURSO="60091240" CODIGO-ORGAO="" NOME-ORGAO="" CODIGO-INSTITUICAO="201900000008" NOME-INSTITUICAO="Centro Universitário Augusto Motta" NOME-GRANDE-AREA-DO-CONHECIMENTO="OUTROS" NOME-DA-AREA-DO-CONHECIMENTO="" NOME-DA-SUB-AREA-DO-CONHECIMENTO="" NOME-DA-ESPECIALIDADE="" NIVEL-CURSO="GRADUACAO"/><INFORMACAO-ADICIONAL-CURSO CODIGO-CURSO="60336749" CODIGO-ORGAO="" NOME-ORGAO="" CODIGO-INSTITUICAO="000500000000" NOME-INSTITUICAO="Universidade Federal Fluminense" NOME-GRANDE-AREA-DO-CONHECIMENTO="OUTROS" NOME-DA-AREA-DO-CONHECIMENTO="" NOME-DA-SUB-AREA-DO-CONHECIMENTO="" NOME-DA-ESPECIALIDADE="" NIVEL-CURSO="GRADUACAO"/><INFORMACAO-ADICIONAL-CURSO CODIGO-CURSO="60341424" CODIGO-ORGAO="" NOME-ORGAO="" CODIGO-INSTITUICAO="201900000008" NOME-INSTITUICAO="Centro Universitário Augusto Motta" NOME-GRANDE-AREA-DO-CONHECIMENTO="OUTROS" NOME-DA-AREA-DO-CONHECIMENTO="" NOME-DA-SUB-AREA-DO-CONHECIMENTO="" NOME-DA-ESPECIALIDADE="" NIVEL-CURSO="GRADUACAO"/><INFORMACAO-ADICIONAL-CURSO CODIGO-CURSO="90000000" CODIGO-ORGAO="" NOME-ORGAO="" CODIGO-INSTITUICAO="294800000006" NOME-INSTITUICAO="Universidade Estácio de Sá" NOME-GRANDE-AREA-DO-CONHECIMENTO="CIENCIAS_DA_SAUDE" NOME-DA-AREA-DO-CONHECIMENTO="Enfermagem" NOME-DA-SUB-AREA-DO-CONHECIMENTO="" NOME-DA-ESPECIALIDADE="" NIVEL-CURSO="APERFEICOAMENTO"/><INFORMACAO-ADICIONAL-CURSO CODIGO-CURSO="90000001" CODIGO-ORGAO="" NOME-ORGAO="" CODIGO-INSTITUICAO="000500000000" NOME-INSTITUICAO="Universidade Federal Fluminense" NOME-GRANDE-AREA-DO-CONHECIMENTO="CIENCIAS_DA_SAUDE" NOME-DA-AREA-DO-CONHECIMENTO="Enfermagem" NOME-DA-SUB-AREA-DO-CONHECIMENTO="" NOME-DA-ESPECIALIDADE="" NIVEL-CURSO="APERFEICOAMENTO"/><INFORMACAO-ADICIONAL-CURSO CODIGO-CURSO="90000002" CODIGO-ORGAO="" NOME-ORGAO="" CODIGO-INSTITUICAO="000200000993" NOME-INSTITUICAO="Universidade Plínio Leite" NOME-GRANDE-AREA-DO-CONHECIMENTO="OUTROS" NOME-DA-AREA-DO-CONHECIMENTO="Multidisciplinar" NOME-DA-SUB-AREA-DO-CONHECIMENTO="" NOME-DA-ESPECIALIDADE="" NIVEL-CURSO="OT"/><INFORMACAO-ADICIONAL-CURSO CODIGO-CURSO="90000003" CODIGO-ORGAO="" NOME-ORGAO="" CODIGO-INSTITUICAO="201900000008" NOME-INSTITUICAO="Centro Universitário Augusto Motta" NOME-GRANDE-AREA-DO-CONHECIMENTO="OUTROS" NOME-DA-AREA-DO-CONHECIMENTO="Multidisciplinar" NOME-DA-SUB-AREA-DO-CONHECIMENTO="" NOME-DA-ESPECIALIDADE="" NIVEL-CURSO="MESTRADO"/></INFORMACOES-ADICIONAIS-CURSOS></DADOS-COMPLEMENTARES><eventos/><DADOS-GERAIS-COMPLEMENTO><DATA-VALIDACAO>1473964981000</DATA-VALIDACAO><DATA-ATUALIZACAO-CURRICULO>1473964981000</DATA-ATUALIZACAO-CURRICULO><EMAIL-ALTERNATIVO>claudiacunha@vivario.org.br</EMAIL-ALTERNATIVO><IDIOMA-CURRICULO>PT</IDIOMA-CURRICULO><VERSAO-INGLES>N</VERSAO-INGLES><VALIDADO-SRF>S</VALIDADO-SRF></DADOS-GERAIS-COMPLEMENTO></CURRICULO-VITAE>