<CURRICULO-VITAE SISTEMA-ORIGEM-XML="LATTES_OFFLINE" NUMERO-IDENTIFICADOR="4433693166068438" FORMATO-DATA-ATUALIZACAO="DDMMAAAA" DATA-ATUALIZACAO="05032017" FORMATO-HORA-ATUALIZACAO="HHMMSS" HORA-ATUALIZACAO="161331"><DADOS-GERAIS NOME-COMPLETO="Vinicius Ferreira Mattos" NOME-EM-CITACOES-BIBLIOGRAFICAS="MATTOS, V. F." NACIONALIDADE="B" PAIS-DE-NASCIMENTO="Brasil" FORMATO-DATA-DE-NASCIMENTO="DDMMAAAA" FORMATO-DATA-DE-EMISSAO="DDMMAAAA" PERMISSAO-DE-DIVULGACAO="NAO" DATA-FALECIMENTO="" SIGLA-PAIS-NACIONALIDADE="BRA" PAIS-DE-NACIONALIDADE="Brasil"><RESUMO-CV TEXTO-RESUMO-CV-RH="Arquiteto e Urbanista formado pela Universidade Federal do Rio de Janeiro em 2010. Mestre em Arquitetura da Paisagem, pelo Mestrado Profissional em Arquitetura Paisagística do PROURB-UFRJ em 2015, com ênfase em projeto de espaços livres públicos. Trabalha atualmente como professor substituto de projeto de arquitetura na Faculdade de Arquitetura e Urbanismo da UFRJ, professor de desenho arquitetônico no curso de arquitetura do Centro Universitário Augusto Motta e como arquiteto urbanista no escritório Def Projetos. Tem interesse por metodologia de projeto arquitetônico em geral, projeto paisagístico e planejamento urbano e regional." TEXTO-RESUMO-CV-RH-EN="Has experience in Architecture and Urbanism, focusing on Architecture and Urbanism"/><ENDERECO FLAG-DE-PREFERENCIA="ENDERECO_RESIDENCIAL"><ENDERECO-PROFISSIONAL CODIGO-INSTITUICAO-EMPRESA="" NOME-INSTITUICAO-EMPRESA="" CODIGO-ORGAO="" NOME-ORGAO="" CODIGO-UNIDADE="" NOME-UNIDADE="" LOGRADOURO-COMPLEMENTO="" PAIS="" UF="" CEP="" CIDADE="" BAIRRO="" DDD="" TELEFONE="" RAMAL="" FAX="" E-MAIL="vinicius.ferreira.mattos@gmail.com" HOME-PAGE=""/></ENDERECO><FORMACAO-ACADEMICA-TITULACAO><GRADUACAO SEQUENCIA-FORMACAO="1" NIVEL="1" TITULO-DO-TRABALHO-DE-CONCLUSAO-DE-CURSO="MAD MAGNO - Coneções Urbanas em Madureira" NOME-DO-ORIENTADOR="Andréa de Lacerda Borde" CODIGO-INSTITUICAO="020200000009" NOME-INSTITUICAO="Universidade Federal do Rio de Janeiro" CODIGO-ORGAO="" NOME-ORGAO="" CODIGO-CURSO="90000000" NOME-CURSO="Arquitetura e Urbanismo" CODIGO-AREA-CURSO="90000000" STATUS-DO-CURSO="CONCLUIDO" ANO-DE-INICIO="2005" ANO-DE-CONCLUSAO="2011" FLAG-BOLSA="NAO" CODIGO-AGENCIA-FINANCIADORA="" NOME-AGENCIA="" NUMERO-ID-ORIENTADOR="" CODIGO-CURSO-CAPES="" TITULO-DO-TRABALHO-DE-CONCLUSAO-DE-CURSO-INGLES="" NOME-CURSO-INGLES="" FORMACAO-ACADEMICA-TITULACAO="" TIPO-GRADUACAO="N" CODIGO-INSTITUICAO-GRAD="" NOME-INSTITUICAO-GRAD="" CODIGO-INSTITUICAO-OUTRA-GRAD="" NOME-INSTITUICAO-OUTRA-GRAD="" NOME-ORIENTADOR-GRAD=""/><DOUTORADO SEQUENCIA-FORMACAO="5" NIVEL="4" CODIGO-INSTITUICAO="020200000009" NOME-INSTITUICAO="Universidade Federal do Rio de Janeiro" CODIGO-ORGAO="" NOME-ORGAO="" CODIGO-CURSO="31001033" NOME-CURSO="Urbanismo" CODIGO-AREA-CURSO="60400005" STATUS-DO-CURSO="EM_ANDAMENTO" ANO-DE-INICIO="2017" ANO-DE-CONCLUSAO="" FLAG-BOLSA="NAO" CODIGO-AGENCIA-FINANCIADORA="" NOME-AGENCIA="" ANO-DE-OBTENCAO-DO-TITULO="" TITULO-DA-DISSERTACAO-TESE="" NOME-COMPLETO-DO-ORIENTADOR="Andréa de Lacerda Pessôa Borde" TIPO-DOUTORADO="N" CODIGO-INSTITUICAO-DOUT="" NOME-INSTITUICAO-DOUT="" CODIGO-INSTITUICAO-OUTRA-DOUT="" NOME-INSTITUICAO-OUTRA-DOUT="" NOME-ORIENTADOR-DOUT="" NUMERO-ID-ORIENTADOR="" CODIGO-CURSO-CAPES="31001017103P1" TITULO-DA-DISSERTACAO-TESE-INGLES="" NOME-CURSO-INGLES="Architecture and Urbanism" NOME-DO-ORIENTADOR-CO-TUTELA="" CODIGO-INSTITUICAO-OUTRA-CO-TUTELA="" CODIGO-INSTITUICAO-CO-TUTELA="" NOME-DO-ORIENTADOR-SANDUICHE="" CODIGO-INSTITUICAO-OUTRA-SANDUICHE="" CODIGO-INSTITUICAO-SANDUICHE="" NOME-DO-CO-ORIENTADOR=""><conceitoCapes/></DOUTORADO><MESTRADO-PROFISSIONALIZANTE SEQUENCIA-FORMACAO="3" NIVEL="9" CODIGO-INSTITUICAO="020200000009" NOME-INSTITUICAO="Universidade Federal do Rio de Janeiro" CODIGO-ORGAO="" NOME-ORGAO="" CODIGO-CURSO="60771402" NOME-CURSO="Arquitetura Paisagística" CODIGO-AREA-CURSO="60400005" STATUS-DO-CURSO="CONCLUIDO" ANO-DE-INICIO="2013" ANO-DE-CONCLUSAO="2015" FLAG-BOLSA="NAO" CODIGO-AGENCIA-FINANCIADORA="" NOME-AGENCIA="" ANO-DE-OBTENCAO-DO-TITULO="2015" TITULO-DA-DISSERTACAO-TESE="Parque Estação do Catumbi" NOME-COMPLETO-DO-ORIENTADOR="Cristovão Duarte" NUMERO-ID-ORIENTADOR="" CODIGO-CURSO-CAPES="31001017142P7" TITULO-DA-DISSERTACAO-TESE-INGLES="" NOME-CURSO-INGLES="" NOME-DO-CO-ORIENTADOR=""><PALAVRAS-CHAVE PALAVRA-CHAVE-1="Espaço Público" PALAVRA-CHAVE-2="Parque Urbano" PALAVRA-CHAVE-3="Catumbi" PALAVRA-CHAVE-4="Arquitetura da Paisagem" PALAVRA-CHAVE-5="" PALAVRA-CHAVE-6=""/><AREAS-DO-CONHECIMENTO><AREA-DO-CONHECIMENTO-1 NOME-GRANDE-AREA-DO-CONHECIMENTO="CIENCIAS_SOCIAIS_APLICADAS" NOME-DA-AREA-DO-CONHECIMENTO="" NOME-DA-SUB-AREA-DO-CONHECIMENTO="Arquitetura da Paisagem" NOME-DA-ESPECIALIDADE=""/></AREAS-DO-CONHECIMENTO><conceitoCapes/></MESTRADO-PROFISSIONALIZANTE></FORMACAO-ACADEMICA-TITULACAO><ATUACOES-PROFISSIONAIS><ATUACAO-PROFISSIONAL CODIGO-INSTITUICAO="000100000991" NOME-INSTITUICAO="Heitor Derbli Arquitetos Associados" SEQUENCIA-ATIVIDADE="2" SEQUENCIA-IMPORTANCIA="4"><VINCULOS SEQUENCIA-HISTORICO="1" TIPO-DE-VINCULO="LIVRE" ENQUADRAMENTO-FUNCIONAL="LIVRE" CARGA-HORARIA-SEMANAL="20" FLAG-DEDICACAO-EXCLUSIVA="NAO" MES-INICIO="01" ANO-INICIO="2008" MES-FIM="02" ANO-FIM="2009" OUTRAS-INFORMACOES="" FLAG-VINCULO-EMPREGATICIO="NAO" OUTRO-VINCULO-INFORMADO="Estágiario" OUTRO-ENQUADRAMENTO-FUNCIONAL-INFORMADO="Estágiario" OUTRO-ENQUADRAMENTO-FUNCIONAL-INFORMADO-INGLES="" OUTRAS-INFORMACOES-INGLES=""/><atividadesProfissionaisPlanificadas/></ATUACAO-PROFISSIONAL><ATUACAO-PROFISSIONAL CODIGO-INSTITUICAO="020200000009" NOME-INSTITUICAO="Universidade Federal do Rio de Janeiro" SEQUENCIA-ATIVIDADE="3" SEQUENCIA-IMPORTANCIA="2"><VINCULOS SEQUENCIA-HISTORICO="1" TIPO-DE-VINCULO="LIVRE" ENQUADRAMENTO-FUNCIONAL="LIVRE" CARGA-HORARIA-SEMANAL="20" FLAG-DEDICACAO-EXCLUSIVA="NAO" MES-INICIO="08" ANO-INICIO="2006" MES-FIM="12" ANO-FIM="2007" OUTRAS-INFORMACOES="" FLAG-VINCULO-EMPREGATICIO="NAO" OUTRO-VINCULO-INFORMADO="Bolsista Iniciação Científica" OUTRO-ENQUADRAMENTO-FUNCIONAL-INFORMADO="Bolsista Iniciação Científica" OUTRO-ENQUADRAMENTO-FUNCIONAL-INFORMADO-INGLES="" OUTRAS-INFORMACOES-INGLES=""/><VINCULOS SEQUENCIA-HISTORICO="2" TIPO-DE-VINCULO="COLABORADOR" ENQUADRAMENTO-FUNCIONAL="LIVRE" CARGA-HORARIA-SEMANAL="20" FLAG-DEDICACAO-EXCLUSIVA="NAO" MES-INICIO="03" ANO-INICIO="2009" MES-FIM="12" ANO-FIM="2010" OUTRAS-INFORMACOES="Equipe Técnica do Plano Diretor, sob coordenação do Professor Pablo Benetti." FLAG-VINCULO-EMPREGATICIO="SIM" OUTRO-VINCULO-INFORMADO="" OUTRO-ENQUADRAMENTO-FUNCIONAL-INFORMADO="Estagiário" OUTRO-ENQUADRAMENTO-FUNCIONAL-INFORMADO-INGLES="" OUTRAS-INFORMACOES-INGLES=""/><VINCULOS SEQUENCIA-HISTORICO="3" TIPO-DE-VINCULO="LIVRE" ENQUADRAMENTO-FUNCIONAL="LIVRE" CARGA-HORARIA-SEMANAL="20" FLAG-DEDICACAO-EXCLUSIVA="NAO" MES-INICIO="03" ANO-INICIO="2015" MES-FIM="" ANO-FIM="" OUTRAS-INFORMACOES="Disciplinas ministradas:  Atelier Integrado 2 (Projeto de Intervenção Urbana) Projeto de Arquitetura 2 - Edifício de Habitação Orientação de Trabalho Final de Graduação" FLAG-VINCULO-EMPREGATICIO="SIM" OUTRO-VINCULO-INFORMADO="" OUTRO-ENQUADRAMENTO-FUNCIONAL-INFORMADO="Professor Substituto" OUTRO-ENQUADRAMENTO-FUNCIONAL-INFORMADO-INGLES="" OUTRAS-INFORMACOES-INGLES=""/><atividadesProfissionaisPlanificadas/></ATUACAO-PROFISSIONAL><ATUACAO-PROFISSIONAL CODIGO-INSTITUICAO="000200000993" NOME-INSTITUICAO="De Fournier e Associados Projetos e Urbanismo" SEQUENCIA-ATIVIDADE="4" SEQUENCIA-IMPORTANCIA="3"><VINCULOS SEQUENCIA-HISTORICO="1" TIPO-DE-VINCULO="COLABORADOR" ENQUADRAMENTO-FUNCIONAL="LIVRE" CARGA-HORARIA-SEMANAL="40" FLAG-DEDICACAO-EXCLUSIVA="NAO" MES-INICIO="03" ANO-INICIO="2011" MES-FIM="" ANO-FIM="" OUTRAS-INFORMACOES="" FLAG-VINCULO-EMPREGATICIO="SIM" OUTRO-VINCULO-INFORMADO="" OUTRO-ENQUADRAMENTO-FUNCIONAL-INFORMADO="Arquiteto" OUTRO-ENQUADRAMENTO-FUNCIONAL-INFORMADO-INGLES="" OUTRAS-INFORMACOES-INGLES=""/><atividadesProfissionaisPlanificadas/></ATUACAO-PROFISSIONAL><ATUACAO-PROFISSIONAL CODIGO-INSTITUICAO="201900000008" NOME-INSTITUICAO="Centro Universitário Augusto Motta" SEQUENCIA-ATIVIDADE="5" SEQUENCIA-IMPORTANCIA="1"><VINCULOS SEQUENCIA-HISTORICO="1" TIPO-DE-VINCULO="CELETISTA" ENQUADRAMENTO-FUNCIONAL="PROFESSOR_TITULAR" CARGA-HORARIA-SEMANAL="20" FLAG-DEDICACAO-EXCLUSIVA="NAO" MES-INICIO="8" ANO-INICIO="2016" MES-FIM="" ANO-FIM="" OUTRAS-INFORMACOES="Disciplinas Ministradas:  Técnicas Gráficas 1 Técnicas Gráficas 2 Expressão e Representação em Arquitetura 1 Técnicas de Representação Digital 1" FLAG-VINCULO-EMPREGATICIO="NAO" OUTRO-VINCULO-INFORMADO="" OUTRO-ENQUADRAMENTO-FUNCIONAL-INFORMADO="" OUTRO-ENQUADRAMENTO-FUNCIONAL-INFORMADO-INGLES="" OUTRAS-INFORMACOES-INGLES=""/><atividadesProfissionaisPlanificadas/></ATUACAO-PROFISSIONAL></ATUACOES-PROFISSIONAIS><AREAS-DE-ATUACAO><AREA-DE-ATUACAO SEQUENCIA-AREA-DE-ATUACAO="1" NOME-GRANDE-AREA-DO-CONHECIMENTO="CIENCIAS_SOCIAIS_APLICADAS" NOME-DA-AREA-DO-CONHECIMENTO="Arquitetura e Urbanismo" NOME-DA-SUB-AREA-DO-CONHECIMENTO="" NOME-DA-ESPECIALIDADE=""/><AREA-DE-ATUACAO SEQUENCIA-AREA-DE-ATUACAO="2" NOME-GRANDE-AREA-DO-CONHECIMENTO="CIENCIAS_SOCIAIS_APLICADAS" NOME-DA-AREA-DO-CONHECIMENTO="Arquitetura e Urbanismo" NOME-DA-SUB-AREA-DO-CONHECIMENTO="Projeto de Arquitetura e Urbanismo" NOME-DA-ESPECIALIDADE=""/><AREA-DE-ATUACAO SEQUENCIA-AREA-DE-ATUACAO="3" NOME-GRANDE-AREA-DO-CONHECIMENTO="CIENCIAS_SOCIAIS_APLICADAS" NOME-DA-AREA-DO-CONHECIMENTO="Arquitetura e Urbanismo" NOME-DA-SUB-AREA-DO-CONHECIMENTO="Projeto de Arquitetura e Urbanismo" NOME-DA-ESPECIALIDADE="Planejamento e Projeto do Espaço Urbano"/><AREA-DE-ATUACAO SEQUENCIA-AREA-DE-ATUACAO="4" NOME-GRANDE-AREA-DO-CONHECIMENTO="CIENCIAS_SOCIAIS_APLICADAS" NOME-DA-AREA-DO-CONHECIMENTO="Arquitetura e Urbanismo" NOME-DA-SUB-AREA-DO-CONHECIMENTO="Paisagismo" NOME-DA-ESPECIALIDADE="Projetos de Espaços Livres Urbanos"/><AREA-DE-ATUACAO SEQUENCIA-AREA-DE-ATUACAO="5" NOME-GRANDE-AREA-DO-CONHECIMENTO="CIENCIAS_SOCIAIS_APLICADAS" NOME-DA-AREA-DO-CONHECIMENTO="Planejamento Urbano e Regional" NOME-DA-SUB-AREA-DO-CONHECIMENTO="Métodos e Técnicas do Planejamento Urbano e Regional" NOME-DA-ESPECIALIDADE=""/></AREAS-DE-ATUACAO><IDIOMAS><IDIOMA IDIOMA="EN" DESCRICAO-DO-IDIOMA="Inglês" PROFICIENCIA-DE-LEITURA="BEM" PROFICIENCIA-DE-FALA="RAZOAVELMENTE" PROFICIENCIA-DE-ESCRITA="POUCO" PROFICIENCIA-DE-COMPREENSAO="RAZOAVELMENTE"/><IDIOMA IDIOMA="ES" DESCRICAO-DO-IDIOMA="Espanhol" PROFICIENCIA-DE-LEITURA="BEM" PROFICIENCIA-DE-FALA="RAZOAVELMENTE" PROFICIENCIA-DE-ESCRITA="POUCO" PROFICIENCIA-DE-COMPREENSAO="RAZOAVELMENTE"/><IDIOMA IDIOMA="FR" DESCRICAO-DO-IDIOMA="Francês" PROFICIENCIA-DE-LEITURA="RAZOAVELMENTE" PROFICIENCIA-DE-FALA="POUCO" PROFICIENCIA-DE-ESCRITA="POUCO" PROFICIENCIA-DE-COMPREENSAO="POUCO"/></IDIOMAS><staValidado/><dataExibicao/><dadosBolsista/></DADOS-GERAIS><PRODUCAO-BIBLIOGRAFICA><LIVROS-E-CAPITULOS><CAPITULOS-DE-LIVROS-PUBLICADOS><CAPITULO-DE-LIVRO-PUBLICADO SEQUENCIA-PRODUCAO="2"><DADOS-BASICOS-DO-CAPITULO TIPO="Capítulo de livro publicado" TITULO-DO-CAPITULO-DO-LIVRO="Projeções Urbanas: O Arco Metropolitano do Rio de Janeiro" ANO="2012" PAIS-DE-PUBLICACAO="Brasil" IDIOMA="Português" MEIO-DE-DIVULGACAO="IMPRESSO" HOME-PAGE-DO-TRABALHO="" FLAG-RELEVANCIA="SIM" DOI="" TITULO-DO-CAPITULO-DO-LIVRO-INGLES="" FLAG-DIVULGACAO-CIENTIFICA="NAO"/><DETALHAMENTO-DO-CAPITULO TITULO-DO-LIVRO="O Arco Metropolitano do Rio de Janeiro - integração e Fragmentação da paisagem metropolitana e dos sistemas de espaços livres de edificação" NUMERO-DE-VOLUMES="" PAGINA-INICIAL="82" PAGINA-FINAL="105" ISBN="9788587145475" ORGANIZADORES="Vera Regina Tângari; Andrea Queiroz Rego; Rita de Cássia Montezuma" NUMERO-DA-EDICAO-REVISAO="1" NUMERO-DA-SERIE="" CIDADE-DA-EDITORA="Rio de Janeiro" NOME-DA-EDITORA="PROARQ/FAU-UFRJ"/><AUTORES NOME-COMPLETO-DO-AUTOR="Vinicius Ferreira Mattos" NOME-PARA-CITACAO="MATTOS, V. F." ORDEM-DE-AUTORIA="1" NRO-ID-CNPQ="4433693166068438"/><AUTORES NOME-COMPLETO-DO-AUTOR="Cauê C. Capillé" NOME-PARA-CITACAO="CAPILLE, C. C." ORDEM-DE-AUTORIA="2" NRO-ID-CNPQ=""/><AUTORES NOME-COMPLETO-DO-AUTOR="Brunna Wopereis" NOME-PARA-CITACAO="WOPEREIS, B." ORDEM-DE-AUTORIA="3" NRO-ID-CNPQ=""/></CAPITULO-DE-LIVRO-PUBLICADO></CAPITULOS-DE-LIVROS-PUBLICADOS></LIVROS-E-CAPITULOS></PRODUCAO-BIBLIOGRAFICA><PRODUCAO-TECNICA><TRABALHO-TECNICO SEQUENCIA-PRODUCAO="15"><DADOS-BASICOS-DO-TRABALHO-TECNICO NATUREZA="ELABORACAO_DE_PROJETO" TITULO-DO-TRABALHO-TECNICO="Estudo Preliminar de Bairro Planejado em Município no Espirito Santo" ANO="2014" PAIS="Brasil" MEIO-DE-DIVULGACAO="IMPRESSO" HOME-PAGE-DO-TRABALHO="" IDIOMA="Português" FLAG-RELEVANCIA="SIM" DOI="" TITULO-DO-TRABALHO-TECNICO-INGLES=""/><DETALHAMENTO-DO-TRABALHO-TECNICO FINALIDADE="" DURACAO-EM-MESES="" NUMERO-DE-PAGINAS="" DISPONIBILIDADE="NAO_INFORMADO" INSTITUICAO-FINANCIADORA="" CIDADE-DO-TRABALHO="" FINALIDADE-INGLES=""/><AUTORES NOME-COMPLETO-DO-AUTOR="Vinicius Ferreira Mattos" NOME-PARA-CITACAO="MATTOS, V. F." ORDEM-DE-AUTORIA="1" NRO-ID-CNPQ="4433693166068438"/></TRABALHO-TECNICO><TRABALHO-TECNICO SEQUENCIA-PRODUCAO="16"><DADOS-BASICOS-DO-TRABALHO-TECNICO NATUREZA="ELABORACAO_DE_PROJETO" TITULO-DO-TRABALHO-TECNICO="Estudo Preliminar de Bairro Planejado em Município de Macaé-RJ" ANO="2014" PAIS="Brasil" MEIO-DE-DIVULGACAO="NAO_INFORMADO" HOME-PAGE-DO-TRABALHO="" IDIOMA="Português" FLAG-RELEVANCIA="NAO" DOI="" TITULO-DO-TRABALHO-TECNICO-INGLES=""/><DETALHAMENTO-DO-TRABALHO-TECNICO FINALIDADE="" DURACAO-EM-MESES="" NUMERO-DE-PAGINAS="" DISPONIBILIDADE="NAO_INFORMADO" INSTITUICAO-FINANCIADORA="" CIDADE-DO-TRABALHO="" FINALIDADE-INGLES=""/><AUTORES NOME-COMPLETO-DO-AUTOR="Vinicius Ferreira Mattos" NOME-PARA-CITACAO="MATTOS, V. F." ORDEM-DE-AUTORIA="1" NRO-ID-CNPQ="4433693166068438"/></TRABALHO-TECNICO><TRABALHO-TECNICO SEQUENCIA-PRODUCAO="17"><DADOS-BASICOS-DO-TRABALHO-TECNICO NATUREZA="RELATORIO_TECNICO" TITULO-DO-TRABALHO-TECNICO="Diagnostico Paisagístico para ilha na Baia de Todos os Santos-BA" ANO="2014" PAIS="Brasil" MEIO-DE-DIVULGACAO="IMPRESSO" HOME-PAGE-DO-TRABALHO="" IDIOMA="Português" FLAG-RELEVANCIA="NAO" DOI="" TITULO-DO-TRABALHO-TECNICO-INGLES=""/><DETALHAMENTO-DO-TRABALHO-TECNICO FINALIDADE="" DURACAO-EM-MESES="" NUMERO-DE-PAGINAS="" DISPONIBILIDADE="NAO_INFORMADO" INSTITUICAO-FINANCIADORA="" CIDADE-DO-TRABALHO="" FINALIDADE-INGLES=""/><AUTORES NOME-COMPLETO-DO-AUTOR="Vinicius Ferreira Mattos" NOME-PARA-CITACAO="MATTOS, V. F." ORDEM-DE-AUTORIA="1" NRO-ID-CNPQ="4433693166068438"/></TRABALHO-TECNICO><TRABALHO-TECNICO SEQUENCIA-PRODUCAO="18"><DADOS-BASICOS-DO-TRABALHO-TECNICO NATUREZA="ELABORACAO_DE_PROJETO" TITULO-DO-TRABALHO-TECNICO="Estudo Preliminar de Edificação Multi Residencial no Guarujá-SP" ANO="2014" PAIS="Brasil" MEIO-DE-DIVULGACAO="NAO_INFORMADO" HOME-PAGE-DO-TRABALHO="" IDIOMA="Português" FLAG-RELEVANCIA="NAO" DOI="" TITULO-DO-TRABALHO-TECNICO-INGLES=""/><DETALHAMENTO-DO-TRABALHO-TECNICO FINALIDADE="" DURACAO-EM-MESES="" NUMERO-DE-PAGINAS="" DISPONIBILIDADE="NAO_INFORMADO" INSTITUICAO-FINANCIADORA="" CIDADE-DO-TRABALHO="" FINALIDADE-INGLES=""/><AUTORES NOME-COMPLETO-DO-AUTOR="Vinicius Ferreira Mattos" NOME-PARA-CITACAO="MATTOS, V. F." ORDEM-DE-AUTORIA="1" NRO-ID-CNPQ="4433693166068438"/></TRABALHO-TECNICO><TRABALHO-TECNICO SEQUENCIA-PRODUCAO="19"><DADOS-BASICOS-DO-TRABALHO-TECNICO NATUREZA="ELABORACAO_DE_PROJETO" TITULO-DO-TRABALHO-TECNICO="Diagnóstico Urbano em área do Município de Aparecida de Goiânia-GO" ANO="2014" PAIS="Brasil" MEIO-DE-DIVULGACAO="IMPRESSO" HOME-PAGE-DO-TRABALHO="" IDIOMA="Português" FLAG-RELEVANCIA="NAO" DOI="" TITULO-DO-TRABALHO-TECNICO-INGLES=""/><DETALHAMENTO-DO-TRABALHO-TECNICO FINALIDADE="" DURACAO-EM-MESES="" NUMERO-DE-PAGINAS="" DISPONIBILIDADE="NAO_INFORMADO" INSTITUICAO-FINANCIADORA="" CIDADE-DO-TRABALHO="" FINALIDADE-INGLES=""/><AUTORES NOME-COMPLETO-DO-AUTOR="Vinicius Ferreira Mattos" NOME-PARA-CITACAO="MATTOS, V. F." ORDEM-DE-AUTORIA="1" NRO-ID-CNPQ="4433693166068438"/></TRABALHO-TECNICO><TRABALHO-TECNICO SEQUENCIA-PRODUCAO="20"><DADOS-BASICOS-DO-TRABALHO-TECNICO NATUREZA="ELABORACAO_DE_PROJETO" TITULO-DO-TRABALHO-TECNICO="Estudo Preliminar de Condomínio Multi Residencial em Guarapari-ES" ANO="2013" PAIS="Brasil" MEIO-DE-DIVULGACAO="IMPRESSO" HOME-PAGE-DO-TRABALHO="" IDIOMA="Português" FLAG-RELEVANCIA="NAO" DOI="" TITULO-DO-TRABALHO-TECNICO-INGLES=""/><DETALHAMENTO-DO-TRABALHO-TECNICO FINALIDADE="" DURACAO-EM-MESES="" NUMERO-DE-PAGINAS="" DISPONIBILIDADE="NAO_INFORMADO" INSTITUICAO-FINANCIADORA="" CIDADE-DO-TRABALHO="" FINALIDADE-INGLES=""/><AUTORES NOME-COMPLETO-DO-AUTOR="Vinicius Ferreira Mattos" NOME-PARA-CITACAO="MATTOS, V. F." ORDEM-DE-AUTORIA="1" NRO-ID-CNPQ="4433693166068438"/></TRABALHO-TECNICO><TRABALHO-TECNICO SEQUENCIA-PRODUCAO="21"><DADOS-BASICOS-DO-TRABALHO-TECNICO NATUREZA="RELATORIO_TECNICO" TITULO-DO-TRABALHO-TECNICO="Diagnóstico Urbano e Paisagístico em área no Espirito Sonto" ANO="2014" PAIS="Brasil" MEIO-DE-DIVULGACAO="IMPRESSO" HOME-PAGE-DO-TRABALHO="" IDIOMA="Português" FLAG-RELEVANCIA="NAO" DOI="" TITULO-DO-TRABALHO-TECNICO-INGLES=""/><DETALHAMENTO-DO-TRABALHO-TECNICO FINALIDADE="" DURACAO-EM-MESES="" NUMERO-DE-PAGINAS="" DISPONIBILIDADE="NAO_INFORMADO" INSTITUICAO-FINANCIADORA="" CIDADE-DO-TRABALHO="" FINALIDADE-INGLES=""/><AUTORES NOME-COMPLETO-DO-AUTOR="Vinicius Ferreira Mattos" NOME-PARA-CITACAO="MATTOS, V. F." ORDEM-DE-AUTORIA="1" NRO-ID-CNPQ="4433693166068438"/></TRABALHO-TECNICO><TRABALHO-TECNICO SEQUENCIA-PRODUCAO="22"><DADOS-BASICOS-DO-TRABALHO-TECNICO NATUREZA="ELABORACAO_DE_PROJETO" TITULO-DO-TRABALHO-TECNICO="Estudo Preliminar de Bairro Planejado em Município de Guarapari-ES" ANO="2013" PAIS="Brasil" MEIO-DE-DIVULGACAO="IMPRESSO" HOME-PAGE-DO-TRABALHO="" IDIOMA="Português" FLAG-RELEVANCIA="SIM" DOI="" TITULO-DO-TRABALHO-TECNICO-INGLES=""/><DETALHAMENTO-DO-TRABALHO-TECNICO FINALIDADE="" DURACAO-EM-MESES="" NUMERO-DE-PAGINAS="" DISPONIBILIDADE="NAO_INFORMADO" INSTITUICAO-FINANCIADORA="" CIDADE-DO-TRABALHO="" FINALIDADE-INGLES=""/><AUTORES NOME-COMPLETO-DO-AUTOR="Vinicius Ferreira Mattos" NOME-PARA-CITACAO="MATTOS, V. F." ORDEM-DE-AUTORIA="1" NRO-ID-CNPQ="4433693166068438"/></TRABALHO-TECNICO><TRABALHO-TECNICO SEQUENCIA-PRODUCAO="23"><DADOS-BASICOS-DO-TRABALHO-TECNICO NATUREZA="ELABORACAO_DE_PROJETO" TITULO-DO-TRABALHO-TECNICO="Estudo Preliminar de Bairro Planejado no município de Arraial do Cabo-RJ" ANO="2012" PAIS="Brasil" MEIO-DE-DIVULGACAO="IMPRESSO" HOME-PAGE-DO-TRABALHO="" IDIOMA="Português" FLAG-RELEVANCIA="NAO" DOI="" TITULO-DO-TRABALHO-TECNICO-INGLES=""/><DETALHAMENTO-DO-TRABALHO-TECNICO FINALIDADE="" DURACAO-EM-MESES="" NUMERO-DE-PAGINAS="" DISPONIBILIDADE="NAO_INFORMADO" INSTITUICAO-FINANCIADORA="" CIDADE-DO-TRABALHO="" FINALIDADE-INGLES=""/><AUTORES NOME-COMPLETO-DO-AUTOR="Vinicius Ferreira Mattos" NOME-PARA-CITACAO="MATTOS, V. F." ORDEM-DE-AUTORIA="1" NRO-ID-CNPQ="4433693166068438"/></TRABALHO-TECNICO><TRABALHO-TECNICO SEQUENCIA-PRODUCAO="24"><DADOS-BASICOS-DO-TRABALHO-TECNICO NATUREZA="ELABORACAO_DE_PROJETO" TITULO-DO-TRABALHO-TECNICO="Estudo Preliminar de Complexo Multi Funcional no Belvedere, Belo Horizonte-MG" ANO="2011" PAIS="Brasil" MEIO-DE-DIVULGACAO="IMPRESSO" HOME-PAGE-DO-TRABALHO="" IDIOMA="Português" FLAG-RELEVANCIA="NAO" DOI="" TITULO-DO-TRABALHO-TECNICO-INGLES=""/><DETALHAMENTO-DO-TRABALHO-TECNICO FINALIDADE="" DURACAO-EM-MESES="" NUMERO-DE-PAGINAS="" DISPONIBILIDADE="NAO_INFORMADO" INSTITUICAO-FINANCIADORA="" CIDADE-DO-TRABALHO="" FINALIDADE-INGLES=""/><AUTORES NOME-COMPLETO-DO-AUTOR="Vinicius Ferreira Mattos" NOME-PARA-CITACAO="MATTOS, V. F." ORDEM-DE-AUTORIA="1" NRO-ID-CNPQ="4433693166068438"/></TRABALHO-TECNICO><TRABALHO-TECNICO SEQUENCIA-PRODUCAO="25"><DADOS-BASICOS-DO-TRABALHO-TECNICO NATUREZA="ELABORACAO_DE_PROJETO" TITULO-DO-TRABALHO-TECNICO="Estudo Preliminar de Complexo Hoteleiro na Praia de Massanbaba, Arraial do Cabo-RJ" ANO="2011" PAIS="Brasil" MEIO-DE-DIVULGACAO="NAO_INFORMADO" HOME-PAGE-DO-TRABALHO="" IDIOMA="Português" FLAG-RELEVANCIA="NAO" DOI="" TITULO-DO-TRABALHO-TECNICO-INGLES=""/><DETALHAMENTO-DO-TRABALHO-TECNICO FINALIDADE="" DURACAO-EM-MESES="" NUMERO-DE-PAGINAS="" DISPONIBILIDADE="NAO_INFORMADO" INSTITUICAO-FINANCIADORA="" CIDADE-DO-TRABALHO="" FINALIDADE-INGLES=""/><AUTORES NOME-COMPLETO-DO-AUTOR="Vinicius Ferreira Mattos" NOME-PARA-CITACAO="MATTOS, V. F." ORDEM-DE-AUTORIA="1" NRO-ID-CNPQ="4433693166068438"/></TRABALHO-TECNICO><TRABALHO-TECNICO SEQUENCIA-PRODUCAO="26"><DADOS-BASICOS-DO-TRABALHO-TECNICO NATUREZA="ELABORACAO_DE_PROJETO" TITULO-DO-TRABALHO-TECNICO="Estudo Preliminar de Complexo Multi Funcional em Taubaté-SP" ANO="2013" PAIS="Brasil" MEIO-DE-DIVULGACAO="NAO_INFORMADO" HOME-PAGE-DO-TRABALHO="" IDIOMA="Português" FLAG-RELEVANCIA="NAO" DOI="" TITULO-DO-TRABALHO-TECNICO-INGLES=""/><DETALHAMENTO-DO-TRABALHO-TECNICO FINALIDADE="" DURACAO-EM-MESES="" NUMERO-DE-PAGINAS="" DISPONIBILIDADE="NAO_INFORMADO" INSTITUICAO-FINANCIADORA="" CIDADE-DO-TRABALHO="" FINALIDADE-INGLES=""/><AUTORES NOME-COMPLETO-DO-AUTOR="Vinicius Ferreira Mattos" NOME-PARA-CITACAO="MATTOS, V. F." ORDEM-DE-AUTORIA="1" NRO-ID-CNPQ="4433693166068438"/></TRABALHO-TECNICO><TRABALHO-TECNICO SEQUENCIA-PRODUCAO="27"><DADOS-BASICOS-DO-TRABALHO-TECNICO NATUREZA="RELATORIO_TECNICO" TITULO-DO-TRABALHO-TECNICO="Diagnóstico Urbano e Estudo de Viabilidade em área na Cidade do Rio de Janeiro-RJ" ANO="2013" PAIS="Brasil" MEIO-DE-DIVULGACAO="IMPRESSO" HOME-PAGE-DO-TRABALHO="" IDIOMA="Português" FLAG-RELEVANCIA="NAO" DOI="" TITULO-DO-TRABALHO-TECNICO-INGLES=""/><DETALHAMENTO-DO-TRABALHO-TECNICO FINALIDADE="" DURACAO-EM-MESES="" NUMERO-DE-PAGINAS="" DISPONIBILIDADE="NAO_INFORMADO" INSTITUICAO-FINANCIADORA="" CIDADE-DO-TRABALHO="" FINALIDADE-INGLES=""/><AUTORES NOME-COMPLETO-DO-AUTOR="Vinicius Ferreira Mattos" NOME-PARA-CITACAO="MATTOS, V. F." ORDEM-DE-AUTORIA="1" NRO-ID-CNPQ="4433693166068438"/></TRABALHO-TECNICO><TRABALHO-TECNICO SEQUENCIA-PRODUCAO="28"><DADOS-BASICOS-DO-TRABALHO-TECNICO NATUREZA="ELABORACAO_DE_PROJETO" TITULO-DO-TRABALHO-TECNICO="Estudo Preliminar de Bairro Planejado em Município de Caruaru-PE" ANO="2013" PAIS="Brasil" MEIO-DE-DIVULGACAO="IMPRESSO" HOME-PAGE-DO-TRABALHO="" IDIOMA="Português" FLAG-RELEVANCIA="NAO" DOI="" TITULO-DO-TRABALHO-TECNICO-INGLES=""/><DETALHAMENTO-DO-TRABALHO-TECNICO FINALIDADE="" DURACAO-EM-MESES="" NUMERO-DE-PAGINAS="" DISPONIBILIDADE="NAO_INFORMADO" INSTITUICAO-FINANCIADORA="" CIDADE-DO-TRABALHO="" FINALIDADE-INGLES=""/><AUTORES NOME-COMPLETO-DO-AUTOR="Vinicius Ferreira Mattos" NOME-PARA-CITACAO="MATTOS, V. F." ORDEM-DE-AUTORIA="1" NRO-ID-CNPQ="4433693166068438"/></TRABALHO-TECNICO><TRABALHO-TECNICO SEQUENCIA-PRODUCAO="29"><DADOS-BASICOS-DO-TRABALHO-TECNICO NATUREZA="RELATORIO_TECNICO" TITULO-DO-TRABALHO-TECNICO="Diagnóstico Urbano e Estudo de Viabilidade em área de Jaboatão dos Guararapes-PE" ANO="2011" PAIS="Brasil" MEIO-DE-DIVULGACAO="IMPRESSO" HOME-PAGE-DO-TRABALHO="" IDIOMA="Português" FLAG-RELEVANCIA="NAO" DOI="" TITULO-DO-TRABALHO-TECNICO-INGLES=""/><DETALHAMENTO-DO-TRABALHO-TECNICO FINALIDADE="" DURACAO-EM-MESES="" NUMERO-DE-PAGINAS="" DISPONIBILIDADE="NAO_INFORMADO" INSTITUICAO-FINANCIADORA="" CIDADE-DO-TRABALHO="" FINALIDADE-INGLES=""/><AUTORES NOME-COMPLETO-DO-AUTOR="Vinicius Ferreira Mattos" NOME-PARA-CITACAO="MATTOS, V. F." ORDEM-DE-AUTORIA="1" NRO-ID-CNPQ="4433693166068438"/></TRABALHO-TECNICO><TRABALHO-TECNICO SEQUENCIA-PRODUCAO="30"><DADOS-BASICOS-DO-TRABALHO-TECNICO NATUREZA="ELABORACAO_DE_PROJETO" TITULO-DO-TRABALHO-TECNICO="Estudo Preliminar de Complexo Hoteleiro da Ponta do Curral, Município de Valença-BA" ANO="2012" PAIS="Brasil" MEIO-DE-DIVULGACAO="IMPRESSO" HOME-PAGE-DO-TRABALHO="" IDIOMA="Português" FLAG-RELEVANCIA="NAO" DOI="" TITULO-DO-TRABALHO-TECNICO-INGLES=""/><DETALHAMENTO-DO-TRABALHO-TECNICO FINALIDADE="" DURACAO-EM-MESES="" NUMERO-DE-PAGINAS="" DISPONIBILIDADE="NAO_INFORMADO" INSTITUICAO-FINANCIADORA="" CIDADE-DO-TRABALHO="" FINALIDADE-INGLES=""/><AUTORES NOME-COMPLETO-DO-AUTOR="Vinicius Ferreira Mattos" NOME-PARA-CITACAO="MATTOS, V. F." ORDEM-DE-AUTORIA="1" NRO-ID-CNPQ="4433693166068438"/></TRABALHO-TECNICO><TRABALHO-TECNICO SEQUENCIA-PRODUCAO="31"><DADOS-BASICOS-DO-TRABALHO-TECNICO NATUREZA="RELATORIO_TECNICO" TITULO-DO-TRABALHO-TECNICO="Estudo de Impacto Paisagístico no Vale dos Cristais, Nova Lima-MG" ANO="2011" PAIS="Brasil" MEIO-DE-DIVULGACAO="IMPRESSO" HOME-PAGE-DO-TRABALHO="" IDIOMA="Português" FLAG-RELEVANCIA="NAO" DOI="" TITULO-DO-TRABALHO-TECNICO-INGLES=""/><DETALHAMENTO-DO-TRABALHO-TECNICO FINALIDADE="" DURACAO-EM-MESES="" NUMERO-DE-PAGINAS="" DISPONIBILIDADE="NAO_INFORMADO" INSTITUICAO-FINANCIADORA="" CIDADE-DO-TRABALHO="" FINALIDADE-INGLES=""/><AUTORES NOME-COMPLETO-DO-AUTOR="Vinicius Ferreira Mattos" NOME-PARA-CITACAO="MATTOS, V. F." ORDEM-DE-AUTORIA="1" NRO-ID-CNPQ="4433693166068438"/></TRABALHO-TECNICO><TRABALHO-TECNICO SEQUENCIA-PRODUCAO="32"><DADOS-BASICOS-DO-TRABALHO-TECNICO NATUREZA="ELABORACAO_DE_PROJETO" TITULO-DO-TRABALHO-TECNICO="Estudos de Viabilidades em Sítios no município de Niteroi-RJ" ANO="2011" PAIS="Brasil" MEIO-DE-DIVULGACAO="IMPRESSO" HOME-PAGE-DO-TRABALHO="" IDIOMA="Português" FLAG-RELEVANCIA="NAO" DOI="" TITULO-DO-TRABALHO-TECNICO-INGLES=""/><DETALHAMENTO-DO-TRABALHO-TECNICO FINALIDADE="" DURACAO-EM-MESES="" NUMERO-DE-PAGINAS="" DISPONIBILIDADE="NAO_INFORMADO" INSTITUICAO-FINANCIADORA="" CIDADE-DO-TRABALHO="" FINALIDADE-INGLES=""/><AUTORES NOME-COMPLETO-DO-AUTOR="Vinicius Ferreira Mattos" NOME-PARA-CITACAO="MATTOS, V. F." ORDEM-DE-AUTORIA="1" NRO-ID-CNPQ="4433693166068438"/></TRABALHO-TECNICO><TRABALHO-TECNICO SEQUENCIA-PRODUCAO="33"><DADOS-BASICOS-DO-TRABALHO-TECNICO NATUREZA="ELABORACAO_DE_PROJETO" TITULO-DO-TRABALHO-TECNICO="Estudo Preliminar de Complexo Turístico na Praia de Pipa-RN" ANO="2011" PAIS="Brasil" MEIO-DE-DIVULGACAO="IMPRESSO" HOME-PAGE-DO-TRABALHO="" IDIOMA="Português" FLAG-RELEVANCIA="NAO" DOI="" TITULO-DO-TRABALHO-TECNICO-INGLES=""/><DETALHAMENTO-DO-TRABALHO-TECNICO FINALIDADE="" DURACAO-EM-MESES="" NUMERO-DE-PAGINAS="" DISPONIBILIDADE="NAO_INFORMADO" INSTITUICAO-FINANCIADORA="" CIDADE-DO-TRABALHO="" FINALIDADE-INGLES=""/><AUTORES NOME-COMPLETO-DO-AUTOR="Vinicius Ferreira Mattos" NOME-PARA-CITACAO="MATTOS, V. F." ORDEM-DE-AUTORIA="1" NRO-ID-CNPQ="4433693166068438"/></TRABALHO-TECNICO><TRABALHO-TECNICO SEQUENCIA-PRODUCAO="34"><DADOS-BASICOS-DO-TRABALHO-TECNICO NATUREZA="RELATORIO_TECNICO" TITULO-DO-TRABALHO-TECNICO="Estudo de Impacto Paisagístico na Reserva do Paiva, Cabo de Santo Agostinho-PE" ANO="2012" PAIS="Brasil" MEIO-DE-DIVULGACAO="NAO_INFORMADO" HOME-PAGE-DO-TRABALHO="" IDIOMA="Português" FLAG-RELEVANCIA="NAO" DOI="" TITULO-DO-TRABALHO-TECNICO-INGLES=""/><DETALHAMENTO-DO-TRABALHO-TECNICO FINALIDADE="" DURACAO-EM-MESES="" NUMERO-DE-PAGINAS="" DISPONIBILIDADE="NAO_INFORMADO" INSTITUICAO-FINANCIADORA="" CIDADE-DO-TRABALHO="" FINALIDADE-INGLES=""/><AUTORES NOME-COMPLETO-DO-AUTOR="Vinicius Ferreira Mattos" NOME-PARA-CITACAO="MATTOS, V. F." ORDEM-DE-AUTORIA="1" NRO-ID-CNPQ="4433693166068438"/></TRABALHO-TECNICO><TRABALHO-TECNICO SEQUENCIA-PRODUCAO="35"><DADOS-BASICOS-DO-TRABALHO-TECNICO NATUREZA="ELABORACAO_DE_PROJETO" TITULO-DO-TRABALHO-TECNICO="Estudo Peliminar de Clube em condomínio no município de Itaboraí-RJ" ANO="2012" PAIS="Brasil" MEIO-DE-DIVULGACAO="IMPRESSO" HOME-PAGE-DO-TRABALHO="" IDIOMA="Português" FLAG-RELEVANCIA="NAO" DOI="" TITULO-DO-TRABALHO-TECNICO-INGLES=""/><DETALHAMENTO-DO-TRABALHO-TECNICO FINALIDADE="" DURACAO-EM-MESES="" NUMERO-DE-PAGINAS="" DISPONIBILIDADE="NAO_INFORMADO" INSTITUICAO-FINANCIADORA="" CIDADE-DO-TRABALHO="" FINALIDADE-INGLES=""/><AUTORES NOME-COMPLETO-DO-AUTOR="Vinicius Ferreira Mattos" NOME-PARA-CITACAO="MATTOS, V. F." ORDEM-DE-AUTORIA="1" NRO-ID-CNPQ="4433693166068438"/></TRABALHO-TECNICO><TRABALHO-TECNICO SEQUENCIA-PRODUCAO="36"><DADOS-BASICOS-DO-TRABALHO-TECNICO NATUREZA="ELABORACAO_DE_PROJETO" TITULO-DO-TRABALHO-TECNICO="Estudo Preliminar de Hotel em São Conrado. Rio de Janeiro-RJ" ANO="2012" PAIS="Brasil" MEIO-DE-DIVULGACAO="IMPRESSO" HOME-PAGE-DO-TRABALHO="" IDIOMA="Português" FLAG-RELEVANCIA="NAO" DOI="" TITULO-DO-TRABALHO-TECNICO-INGLES=""/><DETALHAMENTO-DO-TRABALHO-TECNICO FINALIDADE="" DURACAO-EM-MESES="" NUMERO-DE-PAGINAS="" DISPONIBILIDADE="NAO_INFORMADO" INSTITUICAO-FINANCIADORA="" CIDADE-DO-TRABALHO="" FINALIDADE-INGLES=""/><AUTORES NOME-COMPLETO-DO-AUTOR="Vinicius Ferreira Mattos" NOME-PARA-CITACAO="MATTOS, V. F." ORDEM-DE-AUTORIA="1" NRO-ID-CNPQ="4433693166068438"/></TRABALHO-TECNICO><TRABALHO-TECNICO SEQUENCIA-PRODUCAO="37"><DADOS-BASICOS-DO-TRABALHO-TECNICO NATUREZA="ELABORACAO_DE_PROJETO" TITULO-DO-TRABALHO-TECNICO="Estudo Preliminar de Hotel no Alto da Boa Vista. Rio de Janeiro-RJ" ANO="2012" PAIS="Brasil" MEIO-DE-DIVULGACAO="IMPRESSO" HOME-PAGE-DO-TRABALHO="" IDIOMA="Português" FLAG-RELEVANCIA="NAO" DOI="" TITULO-DO-TRABALHO-TECNICO-INGLES=""/><DETALHAMENTO-DO-TRABALHO-TECNICO FINALIDADE="" DURACAO-EM-MESES="" NUMERO-DE-PAGINAS="" DISPONIBILIDADE="NAO_INFORMADO" INSTITUICAO-FINANCIADORA="" CIDADE-DO-TRABALHO="" FINALIDADE-INGLES=""/><AUTORES NOME-COMPLETO-DO-AUTOR="Vinicius Ferreira Mattos" NOME-PARA-CITACAO="MATTOS, V. F." ORDEM-DE-AUTORIA="1" NRO-ID-CNPQ="4433693166068438"/></TRABALHO-TECNICO><TRABALHO-TECNICO SEQUENCIA-PRODUCAO="38"><DADOS-BASICOS-DO-TRABALHO-TECNICO NATUREZA="ELABORACAO_DE_PROJETO" TITULO-DO-TRABALHO-TECNICO="Estudo Preliminar de Três Casas em Maricá-RJ" ANO="2011" PAIS="Brasil" MEIO-DE-DIVULGACAO="IMPRESSO" HOME-PAGE-DO-TRABALHO="" IDIOMA="Português" FLAG-RELEVANCIA="NAO" DOI="" TITULO-DO-TRABALHO-TECNICO-INGLES=""/><DETALHAMENTO-DO-TRABALHO-TECNICO FINALIDADE="" DURACAO-EM-MESES="" NUMERO-DE-PAGINAS="" DISPONIBILIDADE="NAO_INFORMADO" INSTITUICAO-FINANCIADORA="" CIDADE-DO-TRABALHO="" FINALIDADE-INGLES=""/><AUTORES NOME-COMPLETO-DO-AUTOR="Vinicius Ferreira Mattos" NOME-PARA-CITACAO="MATTOS, V. F." ORDEM-DE-AUTORIA="1" NRO-ID-CNPQ="4433693166068438"/></TRABALHO-TECNICO><TRABALHO-TECNICO SEQUENCIA-PRODUCAO="39"><DADOS-BASICOS-DO-TRABALHO-TECNICO NATUREZA="ELABORACAO_DE_PROJETO" TITULO-DO-TRABALHO-TECNICO="Estudo Preliminar de Complexo Hoteleiro em Buzios-RJ" ANO="2012" PAIS="Brasil" MEIO-DE-DIVULGACAO="IMPRESSO" HOME-PAGE-DO-TRABALHO="" IDIOMA="Português" FLAG-RELEVANCIA="NAO" DOI="" TITULO-DO-TRABALHO-TECNICO-INGLES=""/><DETALHAMENTO-DO-TRABALHO-TECNICO FINALIDADE="" DURACAO-EM-MESES="" NUMERO-DE-PAGINAS="" DISPONIBILIDADE="NAO_INFORMADO" INSTITUICAO-FINANCIADORA="" CIDADE-DO-TRABALHO="" FINALIDADE-INGLES=""/><AUTORES NOME-COMPLETO-DO-AUTOR="Vinicius Ferreira Mattos" NOME-PARA-CITACAO="MATTOS, V. F." ORDEM-DE-AUTORIA="1" NRO-ID-CNPQ="4433693166068438"/></TRABALHO-TECNICO><TRABALHO-TECNICO SEQUENCIA-PRODUCAO="40"><DADOS-BASICOS-DO-TRABALHO-TECNICO NATUREZA="ELABORACAO_DE_PROJETO" TITULO-DO-TRABALHO-TECNICO="Estudo Peliminar de Bairros Planejados para Habitação Social em sítios na Cidade do Rio de janeiro-RJ" ANO="2012" PAIS="Brasil" MEIO-DE-DIVULGACAO="IMPRESSO" HOME-PAGE-DO-TRABALHO="" IDIOMA="Português" FLAG-RELEVANCIA="NAO" DOI="" TITULO-DO-TRABALHO-TECNICO-INGLES=""/><DETALHAMENTO-DO-TRABALHO-TECNICO FINALIDADE="" DURACAO-EM-MESES="" NUMERO-DE-PAGINAS="" DISPONIBILIDADE="NAO_INFORMADO" INSTITUICAO-FINANCIADORA="" CIDADE-DO-TRABALHO="" FINALIDADE-INGLES=""/><AUTORES NOME-COMPLETO-DO-AUTOR="Vinicius Ferreira Mattos" NOME-PARA-CITACAO="MATTOS, V. F." ORDEM-DE-AUTORIA="1" NRO-ID-CNPQ="4433693166068438"/></TRABALHO-TECNICO><TRABALHO-TECNICO SEQUENCIA-PRODUCAO="41"><DADOS-BASICOS-DO-TRABALHO-TECNICO NATUREZA="RELATORIO_TECNICO" TITULO-DO-TRABALHO-TECNICO="Diagnóstico Urbano e Paisagístico em Área em Angra dos Reis-RJ" ANO="2011" PAIS="Brasil" MEIO-DE-DIVULGACAO="IMPRESSO" HOME-PAGE-DO-TRABALHO="" IDIOMA="Português" FLAG-RELEVANCIA="NAO" DOI="" TITULO-DO-TRABALHO-TECNICO-INGLES=""/><DETALHAMENTO-DO-TRABALHO-TECNICO FINALIDADE="" DURACAO-EM-MESES="" NUMERO-DE-PAGINAS="" DISPONIBILIDADE="NAO_INFORMADO" INSTITUICAO-FINANCIADORA="" CIDADE-DO-TRABALHO="" FINALIDADE-INGLES=""/><AUTORES NOME-COMPLETO-DO-AUTOR="Vinicius Ferreira Mattos" NOME-PARA-CITACAO="MATTOS, V. F." ORDEM-DE-AUTORIA="1" NRO-ID-CNPQ="4433693166068438"/></TRABALHO-TECNICO><TRABALHO-TECNICO SEQUENCIA-PRODUCAO="42"><DADOS-BASICOS-DO-TRABALHO-TECNICO NATUREZA="ELABORACAO_DE_PROJETO" TITULO-DO-TRABALHO-TECNICO="Estudo Preliminar de Bairro Planejado no município de Goiana-PE" ANO="2012" PAIS="Brasil" MEIO-DE-DIVULGACAO="NAO_INFORMADO" HOME-PAGE-DO-TRABALHO="" IDIOMA="Português" FLAG-RELEVANCIA="NAO" DOI="" TITULO-DO-TRABALHO-TECNICO-INGLES=""/><DETALHAMENTO-DO-TRABALHO-TECNICO FINALIDADE="" DURACAO-EM-MESES="" NUMERO-DE-PAGINAS="" DISPONIBILIDADE="NAO_INFORMADO" INSTITUICAO-FINANCIADORA="" CIDADE-DO-TRABALHO="" FINALIDADE-INGLES=""/><AUTORES NOME-COMPLETO-DO-AUTOR="Vinicius Ferreira Mattos" NOME-PARA-CITACAO="MATTOS, V. F." ORDEM-DE-AUTORIA="1" NRO-ID-CNPQ="4433693166068438"/></TRABALHO-TECNICO><TRABALHO-TECNICO SEQUENCIA-PRODUCAO="43"><DADOS-BASICOS-DO-TRABALHO-TECNICO NATUREZA="ELABORACAO_DE_PROJETO" TITULO-DO-TRABALHO-TECNICO="Estudo Preliminar de Condomínio Multi Residencial em Vargem Grande-RJ" ANO="2012" PAIS="Brasil" MEIO-DE-DIVULGACAO="IMPRESSO" HOME-PAGE-DO-TRABALHO="" IDIOMA="Português" FLAG-RELEVANCIA="NAO" DOI="" TITULO-DO-TRABALHO-TECNICO-INGLES=""/><DETALHAMENTO-DO-TRABALHO-TECNICO FINALIDADE="" DURACAO-EM-MESES="" NUMERO-DE-PAGINAS="" DISPONIBILIDADE="NAO_INFORMADO" INSTITUICAO-FINANCIADORA="" CIDADE-DO-TRABALHO="" FINALIDADE-INGLES=""/><AUTORES NOME-COMPLETO-DO-AUTOR="Vinicius Ferreira Mattos" NOME-PARA-CITACAO="MATTOS, V. F." ORDEM-DE-AUTORIA="1" NRO-ID-CNPQ="4433693166068438"/></TRABALHO-TECNICO><TRABALHO-TECNICO SEQUENCIA-PRODUCAO="44"><DADOS-BASICOS-DO-TRABALHO-TECNICO NATUREZA="ELABORACAO_DE_PROJETO" TITULO-DO-TRABALHO-TECNICO="Concurso para o Campo de Golfe Olímpico do Rio de Janeiro-RJ" ANO="2012" PAIS="Brasil" MEIO-DE-DIVULGACAO="IMPRESSO" HOME-PAGE-DO-TRABALHO="" IDIOMA="Português" FLAG-RELEVANCIA="NAO" DOI="" TITULO-DO-TRABALHO-TECNICO-INGLES=""/><DETALHAMENTO-DO-TRABALHO-TECNICO FINALIDADE="" DURACAO-EM-MESES="" NUMERO-DE-PAGINAS="" DISPONIBILIDADE="NAO_INFORMADO" INSTITUICAO-FINANCIADORA="" CIDADE-DO-TRABALHO="" FINALIDADE-INGLES=""/><AUTORES NOME-COMPLETO-DO-AUTOR="Vinicius Ferreira Mattos" NOME-PARA-CITACAO="MATTOS, V. F." ORDEM-DE-AUTORIA="1" NRO-ID-CNPQ="4433693166068438"/></TRABALHO-TECNICO><TRABALHO-TECNICO SEQUENCIA-PRODUCAO="45"><DADOS-BASICOS-DO-TRABALHO-TECNICO NATUREZA="ELABORACAO_DE_PROJETO" TITULO-DO-TRABALHO-TECNICO="Parque de Artes em Castanhera Carducci, Itália" ANO="2012" PAIS="Brasil" MEIO-DE-DIVULGACAO="IMPRESSO" HOME-PAGE-DO-TRABALHO="" IDIOMA="Português" FLAG-RELEVANCIA="NAO" DOI="" TITULO-DO-TRABALHO-TECNICO-INGLES=""/><DETALHAMENTO-DO-TRABALHO-TECNICO FINALIDADE="" DURACAO-EM-MESES="" NUMERO-DE-PAGINAS="" DISPONIBILIDADE="NAO_INFORMADO" INSTITUICAO-FINANCIADORA="" CIDADE-DO-TRABALHO="" FINALIDADE-INGLES=""/><AUTORES NOME-COMPLETO-DO-AUTOR="Vinicius Ferreira Mattos" NOME-PARA-CITACAO="MATTOS, V. F." ORDEM-DE-AUTORIA="1" NRO-ID-CNPQ="4433693166068438"/></TRABALHO-TECNICO><TRABALHO-TECNICO SEQUENCIA-PRODUCAO="46"><DADOS-BASICOS-DO-TRABALHO-TECNICO NATUREZA="ELABORACAO_DE_PROJETO" TITULO-DO-TRABALHO-TECNICO="Estudo Preliminar de Condomínio Multi Residencial em São Gonçalo-RJ" ANO="2012" PAIS="Brasil" MEIO-DE-DIVULGACAO="IMPRESSO" HOME-PAGE-DO-TRABALHO="" IDIOMA="Português" FLAG-RELEVANCIA="NAO" DOI="" TITULO-DO-TRABALHO-TECNICO-INGLES=""/><DETALHAMENTO-DO-TRABALHO-TECNICO FINALIDADE="" DURACAO-EM-MESES="" NUMERO-DE-PAGINAS="" DISPONIBILIDADE="NAO_INFORMADO" INSTITUICAO-FINANCIADORA="" CIDADE-DO-TRABALHO="" FINALIDADE-INGLES=""/><AUTORES NOME-COMPLETO-DO-AUTOR="Vinicius Ferreira Mattos" NOME-PARA-CITACAO="MATTOS, V. F." ORDEM-DE-AUTORIA="1" NRO-ID-CNPQ="4433693166068438"/></TRABALHO-TECNICO><TRABALHO-TECNICO SEQUENCIA-PRODUCAO="47"><DADOS-BASICOS-DO-TRABALHO-TECNICO NATUREZA="ELABORACAO_DE_PROJETO" TITULO-DO-TRABALHO-TECNICO="Estudo de Viabilidade para terrenos no Porto Maravilha-RJ" ANO="2013" PAIS="Brasil" MEIO-DE-DIVULGACAO="IMPRESSO" HOME-PAGE-DO-TRABALHO="" IDIOMA="Português" FLAG-RELEVANCIA="NAO" DOI="" TITULO-DO-TRABALHO-TECNICO-INGLES=""/><DETALHAMENTO-DO-TRABALHO-TECNICO FINALIDADE="" DURACAO-EM-MESES="" NUMERO-DE-PAGINAS="" DISPONIBILIDADE="NAO_INFORMADO" INSTITUICAO-FINANCIADORA="" CIDADE-DO-TRABALHO="" FINALIDADE-INGLES=""/><AUTORES NOME-COMPLETO-DO-AUTOR="Vinicius Ferreira Mattos" NOME-PARA-CITACAO="MATTOS, V. F." ORDEM-DE-AUTORIA="1" NRO-ID-CNPQ="4433693166068438"/></TRABALHO-TECNICO><TRABALHO-TECNICO SEQUENCIA-PRODUCAO="48"><DADOS-BASICOS-DO-TRABALHO-TECNICO NATUREZA="ELABORACAO_DE_PROJETO" TITULO-DO-TRABALHO-TECNICO="Estudo Preliminar de Bairro Planejado no Município de Rio das Ostras-RJ" ANO="2013" PAIS="Brasil" MEIO-DE-DIVULGACAO="IMPRESSO" HOME-PAGE-DO-TRABALHO="" IDIOMA="Português" FLAG-RELEVANCIA="NAO" DOI="" TITULO-DO-TRABALHO-TECNICO-INGLES=""/><DETALHAMENTO-DO-TRABALHO-TECNICO FINALIDADE="" DURACAO-EM-MESES="" NUMERO-DE-PAGINAS="" DISPONIBILIDADE="NAO_INFORMADO" INSTITUICAO-FINANCIADORA="" CIDADE-DO-TRABALHO="" FINALIDADE-INGLES=""/><AUTORES NOME-COMPLETO-DO-AUTOR="Vinicius Ferreira Mattos" NOME-PARA-CITACAO="MATTOS, V. F." ORDEM-DE-AUTORIA="1" NRO-ID-CNPQ="4433693166068438"/></TRABALHO-TECNICO><TRABALHO-TECNICO SEQUENCIA-PRODUCAO="49"><DADOS-BASICOS-DO-TRABALHO-TECNICO NATUREZA="RELATORIO_TECNICO" TITULO-DO-TRABALHO-TECNICO="Diagnóstico Urbano e Paisagístico em Macaé-RJ" ANO="2013" PAIS="Brasil" MEIO-DE-DIVULGACAO="IMPRESSO" HOME-PAGE-DO-TRABALHO="" IDIOMA="Português" FLAG-RELEVANCIA="NAO" DOI="" TITULO-DO-TRABALHO-TECNICO-INGLES=""/><DETALHAMENTO-DO-TRABALHO-TECNICO FINALIDADE="" DURACAO-EM-MESES="" NUMERO-DE-PAGINAS="" DISPONIBILIDADE="NAO_INFORMADO" INSTITUICAO-FINANCIADORA="" CIDADE-DO-TRABALHO="" FINALIDADE-INGLES=""/><AUTORES NOME-COMPLETO-DO-AUTOR="Vinicius Ferreira Mattos" NOME-PARA-CITACAO="MATTOS, V. F." ORDEM-DE-AUTORIA="1" NRO-ID-CNPQ="4433693166068438"/></TRABALHO-TECNICO><TRABALHO-TECNICO SEQUENCIA-PRODUCAO="50"><DADOS-BASICOS-DO-TRABALHO-TECNICO NATUREZA="ELABORACAO_DE_PROJETO" TITULO-DO-TRABALHO-TECNICO="Estudo Preliminar de Bairro Planejado de Habitação Social em Realengo, Rio de Janeiro-RJ" ANO="2013" PAIS="Brasil" MEIO-DE-DIVULGACAO="IMPRESSO" HOME-PAGE-DO-TRABALHO="" IDIOMA="Português" FLAG-RELEVANCIA="NAO" DOI="" TITULO-DO-TRABALHO-TECNICO-INGLES=""/><DETALHAMENTO-DO-TRABALHO-TECNICO FINALIDADE="" DURACAO-EM-MESES="" NUMERO-DE-PAGINAS="" DISPONIBILIDADE="NAO_INFORMADO" INSTITUICAO-FINANCIADORA="" CIDADE-DO-TRABALHO="" FINALIDADE-INGLES=""/><AUTORES NOME-COMPLETO-DO-AUTOR="Vinicius Ferreira Mattos" NOME-PARA-CITACAO="MATTOS, V. F." ORDEM-DE-AUTORIA="1" NRO-ID-CNPQ="4433693166068438"/></TRABALHO-TECNICO><TRABALHO-TECNICO SEQUENCIA-PRODUCAO="51"><DADOS-BASICOS-DO-TRABALHO-TECNICO NATUREZA="ELABORACAO_DE_PROJETO" TITULO-DO-TRABALHO-TECNICO="Estudo Preliminar de Loteamento em Mogi Guaçu-SP" ANO="2013" PAIS="Brasil" MEIO-DE-DIVULGACAO="IMPRESSO" HOME-PAGE-DO-TRABALHO="" IDIOMA="Português" FLAG-RELEVANCIA="NAO" DOI="" TITULO-DO-TRABALHO-TECNICO-INGLES=""/><DETALHAMENTO-DO-TRABALHO-TECNICO FINALIDADE="" DURACAO-EM-MESES="" NUMERO-DE-PAGINAS="" DISPONIBILIDADE="NAO_INFORMADO" INSTITUICAO-FINANCIADORA="" CIDADE-DO-TRABALHO="" FINALIDADE-INGLES=""/><AUTORES NOME-COMPLETO-DO-AUTOR="Vinicius Ferreira Mattos" NOME-PARA-CITACAO="MATTOS, V. F." ORDEM-DE-AUTORIA="1" NRO-ID-CNPQ="4433693166068438"/></TRABALHO-TECNICO><TRABALHO-TECNICO SEQUENCIA-PRODUCAO="52"><DADOS-BASICOS-DO-TRABALHO-TECNICO NATUREZA="ELABORACAO_DE_PROJETO" TITULO-DO-TRABALHO-TECNICO="Estusdo Preliminar de Complexo Hoteleiro na Barra da Tijuca-RJ" ANO="2013" PAIS="Brasil" MEIO-DE-DIVULGACAO="IMPRESSO" HOME-PAGE-DO-TRABALHO="" IDIOMA="Português" FLAG-RELEVANCIA="NAO" DOI="" TITULO-DO-TRABALHO-TECNICO-INGLES=""/><DETALHAMENTO-DO-TRABALHO-TECNICO FINALIDADE="" DURACAO-EM-MESES="" NUMERO-DE-PAGINAS="" DISPONIBILIDADE="NAO_INFORMADO" INSTITUICAO-FINANCIADORA="" CIDADE-DO-TRABALHO="" FINALIDADE-INGLES=""/><AUTORES NOME-COMPLETO-DO-AUTOR="Vinicius Ferreira Mattos" NOME-PARA-CITACAO="MATTOS, V. F." ORDEM-DE-AUTORIA="1" NRO-ID-CNPQ="4433693166068438"/></TRABALHO-TECNICO><TRABALHO-TECNICO SEQUENCIA-PRODUCAO="53"><DADOS-BASICOS-DO-TRABALHO-TECNICO NATUREZA="RELATORIO_TECNICO" TITULO-DO-TRABALHO-TECNICO="Diagnóstico Urbano em Itaborai-RJ" ANO="2013" PAIS="Brasil" MEIO-DE-DIVULGACAO="IMPRESSO" HOME-PAGE-DO-TRABALHO="" IDIOMA="Português" FLAG-RELEVANCIA="NAO" DOI="" TITULO-DO-TRABALHO-TECNICO-INGLES=""/><DETALHAMENTO-DO-TRABALHO-TECNICO FINALIDADE="" DURACAO-EM-MESES="" NUMERO-DE-PAGINAS="" DISPONIBILIDADE="NAO_INFORMADO" INSTITUICAO-FINANCIADORA="" CIDADE-DO-TRABALHO="" FINALIDADE-INGLES=""/><AUTORES NOME-COMPLETO-DO-AUTOR="Vinicius Ferreira Mattos" NOME-PARA-CITACAO="MATTOS, V. F." ORDEM-DE-AUTORIA="1" NRO-ID-CNPQ="4433693166068438"/></TRABALHO-TECNICO><TRABALHO-TECNICO SEQUENCIA-PRODUCAO="54"><DADOS-BASICOS-DO-TRABALHO-TECNICO NATUREZA="ELABORACAO_DE_PROJETO" TITULO-DO-TRABALHO-TECNICO="Estudo Preliminar de Bairro Planejado no município de Caçapava-SP" ANO="2013" PAIS="Brasil" MEIO-DE-DIVULGACAO="IMPRESSO" HOME-PAGE-DO-TRABALHO="" IDIOMA="Português" FLAG-RELEVANCIA="NAO" DOI="" TITULO-DO-TRABALHO-TECNICO-INGLES=""/><DETALHAMENTO-DO-TRABALHO-TECNICO FINALIDADE="" DURACAO-EM-MESES="" NUMERO-DE-PAGINAS="" DISPONIBILIDADE="NAO_INFORMADO" INSTITUICAO-FINANCIADORA="" CIDADE-DO-TRABALHO="" FINALIDADE-INGLES=""/><AUTORES NOME-COMPLETO-DO-AUTOR="Vinicius Ferreira Mattos" NOME-PARA-CITACAO="MATTOS, V. F." ORDEM-DE-AUTORIA="1" NRO-ID-CNPQ="4433693166068438"/></TRABALHO-TECNICO><TRABALHO-TECNICO SEQUENCIA-PRODUCAO="55"><DADOS-BASICOS-DO-TRABALHO-TECNICO NATUREZA="ELABORACAO_DE_PROJETO" TITULO-DO-TRABALHO-TECNICO="Estudo Preliminar de Bairro Planejado de Habitação Social em Luanda, Angola" ANO="2013" PAIS="Brasil" MEIO-DE-DIVULGACAO="IMPRESSO" HOME-PAGE-DO-TRABALHO="" IDIOMA="Português" FLAG-RELEVANCIA="NAO" DOI="" TITULO-DO-TRABALHO-TECNICO-INGLES=""/><DETALHAMENTO-DO-TRABALHO-TECNICO FINALIDADE="" DURACAO-EM-MESES="" NUMERO-DE-PAGINAS="" DISPONIBILIDADE="NAO_INFORMADO" INSTITUICAO-FINANCIADORA="" CIDADE-DO-TRABALHO="" FINALIDADE-INGLES=""/><AUTORES NOME-COMPLETO-DO-AUTOR="Vinicius Ferreira Mattos" NOME-PARA-CITACAO="MATTOS, V. F." ORDEM-DE-AUTORIA="1" NRO-ID-CNPQ="4433693166068438"/></TRABALHO-TECNICO><TRABALHO-TECNICO SEQUENCIA-PRODUCAO="56"><DADOS-BASICOS-DO-TRABALHO-TECNICO NATUREZA="ELABORACAO_DE_PROJETO" TITULO-DO-TRABALHO-TECNICO="Planos de Ocupação em um conjunto de quatro áreas no Espado do Espirito Santo" ANO="2014" PAIS="Brasil" MEIO-DE-DIVULGACAO="IMPRESSO" HOME-PAGE-DO-TRABALHO="" IDIOMA="Português" FLAG-RELEVANCIA="NAO" DOI="" TITULO-DO-TRABALHO-TECNICO-INGLES=""/><DETALHAMENTO-DO-TRABALHO-TECNICO FINALIDADE="" DURACAO-EM-MESES="" NUMERO-DE-PAGINAS="" DISPONIBILIDADE="NAO_INFORMADO" INSTITUICAO-FINANCIADORA="" CIDADE-DO-TRABALHO="" FINALIDADE-INGLES=""/><AUTORES NOME-COMPLETO-DO-AUTOR="Vinicius Ferreira Mattos" NOME-PARA-CITACAO="MATTOS, V. F." ORDEM-DE-AUTORIA="1" NRO-ID-CNPQ="4433693166068438"/></TRABALHO-TECNICO><TRABALHO-TECNICO SEQUENCIA-PRODUCAO="61"><DADOS-BASICOS-DO-TRABALHO-TECNICO NATUREZA="RELATORIO_TECNICO" TITULO-DO-TRABALHO-TECNICO="Diagnóstico e Projeto Urbano de Bairro Planejado em Cabo Frio - RJ" ANO="2014" PAIS="Brasil" MEIO-DE-DIVULGACAO="NAO_INFORMADO" HOME-PAGE-DO-TRABALHO="" IDIOMA="Português" FLAG-RELEVANCIA="NAO" DOI="" TITULO-DO-TRABALHO-TECNICO-INGLES=""/><DETALHAMENTO-DO-TRABALHO-TECNICO FINALIDADE="" DURACAO-EM-MESES="" NUMERO-DE-PAGINAS="" DISPONIBILIDADE="NAO_INFORMADO" INSTITUICAO-FINANCIADORA="" CIDADE-DO-TRABALHO="" FINALIDADE-INGLES=""/><AUTORES NOME-COMPLETO-DO-AUTOR="Vinicius Ferreira Mattos" NOME-PARA-CITACAO="MATTOS, V. F." ORDEM-DE-AUTORIA="1" NRO-ID-CNPQ="4433693166068438"/><AUTORES NOME-COMPLETO-DO-AUTOR="Rodrigo Rinaldi de Mattos" NOME-PARA-CITACAO="MATTOS, R. R." ORDEM-DE-AUTORIA="2" NRO-ID-CNPQ=""/><AUTORES NOME-COMPLETO-DO-AUTOR="Raul Bueno" NOME-PARA-CITACAO="BUENO, R." ORDEM-DE-AUTORIA="3" NRO-ID-CNPQ=""/><AUTORES NOME-COMPLETO-DO-AUTOR="Charbel Capaz" NOME-PARA-CITACAO="CAPAZ, C." ORDEM-DE-AUTORIA="4" NRO-ID-CNPQ=""/></TRABALHO-TECNICO><TRABALHO-TECNICO SEQUENCIA-PRODUCAO="63"><DADOS-BASICOS-DO-TRABALHO-TECNICO NATUREZA="ELABORACAO_DE_PROJETO" TITULO-DO-TRABALHO-TECNICO="Estudos Urbanísticos para o Largo da Batalha e Pendotiba" ANO="2015" PAIS="Brasil" MEIO-DE-DIVULGACAO="NAO_INFORMADO" HOME-PAGE-DO-TRABALHO="" IDIOMA="Português" FLAG-RELEVANCIA="NAO" DOI="" TITULO-DO-TRABALHO-TECNICO-INGLES=""/><DETALHAMENTO-DO-TRABALHO-TECNICO FINALIDADE="" DURACAO-EM-MESES="" NUMERO-DE-PAGINAS="" DISPONIBILIDADE="NAO_INFORMADO" INSTITUICAO-FINANCIADORA="Prefeitura de Niterói" CIDADE-DO-TRABALHO="" FINALIDADE-INGLES=""/><AUTORES NOME-COMPLETO-DO-AUTOR="Vinicius Ferreira Mattos" NOME-PARA-CITACAO="MATTOS, V. F." ORDEM-DE-AUTORIA="1" NRO-ID-CNPQ="4433693166068438"/><AUTORES NOME-COMPLETO-DO-AUTOR="Rodrigo Rinaldi de Mattos" NOME-PARA-CITACAO="MATTOS, R. R." ORDEM-DE-AUTORIA="2" NRO-ID-CNPQ=""/></TRABALHO-TECNICO><TRABALHO-TECNICO SEQUENCIA-PRODUCAO="73"><DADOS-BASICOS-DO-TRABALHO-TECNICO NATUREZA="PARECER" TITULO-DO-TRABALHO-TECNICO="Diagnóstico Urbanístico de região localizada no município de Votorantim" ANO="2016" PAIS="Brasil" MEIO-DE-DIVULGACAO="IMPRESSO" HOME-PAGE-DO-TRABALHO="" IDIOMA="Português" FLAG-RELEVANCIA="NAO" DOI="" TITULO-DO-TRABALHO-TECNICO-INGLES=""/><DETALHAMENTO-DO-TRABALHO-TECNICO FINALIDADE="" DURACAO-EM-MESES="" NUMERO-DE-PAGINAS="" DISPONIBILIDADE="NAO_INFORMADO" INSTITUICAO-FINANCIADORA="" CIDADE-DO-TRABALHO="" FINALIDADE-INGLES=""/><AUTORES NOME-COMPLETO-DO-AUTOR="Rodrigo Rinaldi de Mattos" NOME-PARA-CITACAO="MATTOS, R. R." ORDEM-DE-AUTORIA="1" NRO-ID-CNPQ=""/><AUTORES NOME-COMPLETO-DO-AUTOR="Monica Infante de Oliveira de Souza" NOME-PARA-CITACAO="SOUZA, M. I. O." ORDEM-DE-AUTORIA="2" NRO-ID-CNPQ=""/><AUTORES NOME-COMPLETO-DO-AUTOR="Raul Bueno" NOME-PARA-CITACAO="BUENO, R." ORDEM-DE-AUTORIA="3" NRO-ID-CNPQ=""/><AUTORES NOME-COMPLETO-DO-AUTOR="Vinicius Ferreira Mattos" NOME-PARA-CITACAO="MATTOS, V. F." ORDEM-DE-AUTORIA="4" NRO-ID-CNPQ="4433693166068438"/></TRABALHO-TECNICO><TRABALHO-TECNICO SEQUENCIA-PRODUCAO="74"><DADOS-BASICOS-DO-TRABALHO-TECNICO NATUREZA="ELABORACAO_DE_PROJETO" TITULO-DO-TRABALHO-TECNICO="Elaboração de Plano de Massas Aeroportuário" ANO="2016" PAIS="Brasil" MEIO-DE-DIVULGACAO="IMPRESSO" HOME-PAGE-DO-TRABALHO="" IDIOMA="Português" FLAG-RELEVANCIA="SIM" DOI="" TITULO-DO-TRABALHO-TECNICO-INGLES=""/><DETALHAMENTO-DO-TRABALHO-TECNICO FINALIDADE="" DURACAO-EM-MESES="" NUMERO-DE-PAGINAS="" DISPONIBILIDADE="NAO_INFORMADO" INSTITUICAO-FINANCIADORA="" CIDADE-DO-TRABALHO="" FINALIDADE-INGLES=""/><AUTORES NOME-COMPLETO-DO-AUTOR="Rodrigo Rinaldi de Mattos" NOME-PARA-CITACAO="MATTOS, R. R." ORDEM-DE-AUTORIA="1" NRO-ID-CNPQ=""/><AUTORES NOME-COMPLETO-DO-AUTOR="Monica Infante de Oliveira de Souza" NOME-PARA-CITACAO="SOUZA, M. I. O." ORDEM-DE-AUTORIA="2" NRO-ID-CNPQ=""/><AUTORES NOME-COMPLETO-DO-AUTOR="Vinicius Ferreira Mattos" NOME-PARA-CITACAO="MATTOS, V. F." ORDEM-DE-AUTORIA="3" NRO-ID-CNPQ="4433693166068438"/></TRABALHO-TECNICO><TRABALHO-TECNICO SEQUENCIA-PRODUCAO="62"><DADOS-BASICOS-DO-TRABALHO-TECNICO NATUREZA="ELABORACAO_DE_PROJETO" TITULO-DO-TRABALHO-TECNICO="Estudos de Concepção de Bairro Planejado em São João da Barra" ANO="2015" PAIS="Brasil" MEIO-DE-DIVULGACAO="NAO_INFORMADO" HOME-PAGE-DO-TRABALHO="" IDIOMA="Português" FLAG-RELEVANCIA="SIM" DOI="" TITULO-DO-TRABALHO-TECNICO-INGLES=""/><DETALHAMENTO-DO-TRABALHO-TECNICO FINALIDADE="" DURACAO-EM-MESES="" NUMERO-DE-PAGINAS="" DISPONIBILIDADE="NAO_INFORMADO" INSTITUICAO-FINANCIADORA="" CIDADE-DO-TRABALHO="" FINALIDADE-INGLES=""/><AUTORES NOME-COMPLETO-DO-AUTOR="Vinicius Ferreira Mattos" NOME-PARA-CITACAO="MATTOS, V. F." ORDEM-DE-AUTORIA="1" NRO-ID-CNPQ="4433693166068438"/><AUTORES NOME-COMPLETO-DO-AUTOR="Monica Infante de Oliveira de Souza" NOME-PARA-CITACAO="SOUZA, M. I. O." ORDEM-DE-AUTORIA="2" NRO-ID-CNPQ=""/><AUTORES NOME-COMPLETO-DO-AUTOR="Rodrigo Rinaldi de Mattos" NOME-PARA-CITACAO="MATTOS, R. R." ORDEM-DE-AUTORIA="3" NRO-ID-CNPQ=""/><AUTORES NOME-COMPLETO-DO-AUTOR="Charbel Goulart Capaz" NOME-PARA-CITACAO="CAPAZ, C. G." ORDEM-DE-AUTORIA="4" NRO-ID-CNPQ=""/></TRABALHO-TECNICO><DEMAIS-TIPOS-DE-PRODUCAO-TECNICA><OUTRA-PRODUCAO-TECNICA SEQUENCIA-PRODUCAO="75"><DADOS-BASICOS-DE-OUTRA-PRODUCAO-TECNICA NATUREZA="Programa de Candidatura Eleitoral a Prefeito" TITULO="Programa para a candidatura Alessandro Molon (Rede), para prefeito do Rio de Janeiro, e Roberto Anderson (PV), para vice-prefeito. A chapa conta também com o apoio do PPL ? 2016" ANO="2016" PAIS="Brasil" MEIO-DE-DIVULGACAO="MEIO_DIGITAL" IDIOMA="Bretão" HOME-PAGE-DO-TRABALHO="" FLAG-RELEVANCIA="NAO" DOI="" TITULO-INGLES="" NATUREZA-INGLES="" FLAG-DIVULGACAO-CIENTIFICA="NAO"/><DETALHAMENTO-DE-OUTRA-PRODUCAO-TECNICA FINALIDADE="Político Eleitoral" INSTITUICAO-PROMOTORA="Rede de Sustentabilidade" LOCAL="" CIDADE="Rio de Janeiro" FINALIDADE-INGLES=""/><AUTORES NOME-COMPLETO-DO-AUTOR="Luiz Eduardo Soares" NOME-PARA-CITACAO="SOARES, L. E." ORDEM-DE-AUTORIA="1" NRO-ID-CNPQ=""/><AUTORES NOME-COMPLETO-DO-AUTOR="Roberto Anderson" NOME-PARA-CITACAO="ANDERSON, R." ORDEM-DE-AUTORIA="2" NRO-ID-CNPQ=""/><AUTORES NOME-COMPLETO-DO-AUTOR="Vinicius Ferreira Mattos" NOME-PARA-CITACAO="MATTOS, V. F." ORDEM-DE-AUTORIA="3" NRO-ID-CNPQ="4433693166068438"/></OUTRA-PRODUCAO-TECNICA></DEMAIS-TIPOS-DE-PRODUCAO-TECNICA></PRODUCAO-TECNICA><OUTRA-PRODUCAO><ORIENTACOES-CONCLUIDAS><OUTRAS-ORIENTACOES-CONCLUIDAS SEQUENCIA-PRODUCAO="64"><DADOS-BASICOS-DE-OUTRAS-ORIENTACOES-CONCLUIDAS NATUREZA="TRABALHO_DE_CONCLUSAO_DE_CURSO_GRADUACAO" TIPO="" TITULO="Limitrofes Verdes: Reforma Urbano-Turística em Xerém" ANO="2016" PAIS="Brasil" IDIOMA="Português" HOME-PAGE="" FLAG-RELEVANCIA="NAO" DOI="" TITULO-INGLES="" TIPO-INGLES=""/><DETALHAMENTO-DE-OUTRAS-ORIENTACOES-CONCLUIDAS NOME-DO-ORIENTADO="Cintia Silva de Brito" CODIGO-INSTITUICAO="020200000009" NOME-DA-INSTITUICAO="Universidade Federal do Rio de Janeiro" CODIGO-CURSO="60185481" NOME-DO-CURSO="Arquitetura e Urbanismo" FLAG-BOLSA="NAO" CODIGO-AGENCIA-FINANCIADORA="" NOME-DA-AGENCIA="" TIPO-DE-ORIENTACAO-CONCLUIDA="CO_ORIENTADOR" NUMERO-DE-PAGINAS="" NUMERO-ID-ORIENTADO="" NOME-DO-CURSO-INGLES=""/></OUTRAS-ORIENTACOES-CONCLUIDAS><OUTRAS-ORIENTACOES-CONCLUIDAS SEQUENCIA-PRODUCAO="65"><DADOS-BASICOS-DE-OUTRAS-ORIENTACOES-CONCLUIDAS NATUREZA="TRABALHO_DE_CONCLUSAO_DE_CURSO_GRADUACAO" TIPO="" TITULO="Requalificação da Frente Marítima de São Gonçalo" ANO="2016" PAIS="Brasil" IDIOMA="Português" HOME-PAGE="" FLAG-RELEVANCIA="NAO" DOI="" TITULO-INGLES="" TIPO-INGLES=""/><DETALHAMENTO-DE-OUTRAS-ORIENTACOES-CONCLUIDAS NOME-DO-ORIENTADO="Fernanda Carvalho Ferreira" CODIGO-INSTITUICAO="020200000009" NOME-DA-INSTITUICAO="Universidade Federal do Rio de Janeiro" CODIGO-CURSO="60185481" NOME-DO-CURSO="Arquitetura e Urbanismo" FLAG-BOLSA="NAO" CODIGO-AGENCIA-FINANCIADORA="" NOME-DA-AGENCIA="" TIPO-DE-ORIENTACAO-CONCLUIDA="CO_ORIENTADOR" NUMERO-DE-PAGINAS="" NUMERO-ID-ORIENTADO="" NOME-DO-CURSO-INGLES=""/></OUTRAS-ORIENTACOES-CONCLUIDAS><OUTRAS-ORIENTACOES-CONCLUIDAS SEQUENCIA-PRODUCAO="57"><DADOS-BASICOS-DE-OUTRAS-ORIENTACOES-CONCLUIDAS NATUREZA="TRABALHO_DE_CONCLUSAO_DE_CURSO_GRADUACAO" TIPO="" TITULO="Parque Linear em Itaipava" ANO="2014" PAIS="Brasil" IDIOMA="Português" HOME-PAGE="" FLAG-RELEVANCIA="NAO" DOI="" TITULO-INGLES="" TIPO-INGLES=""/><DETALHAMENTO-DE-OUTRAS-ORIENTACOES-CONCLUIDAS NOME-DO-ORIENTADO="Patricia Parada" CODIGO-INSTITUICAO="011100000008" NOME-DA-INSTITUICAO="Pontifícia Universidade Católica do Rio de Janeiro" CODIGO-CURSO="60332646" NOME-DO-CURSO="Arquitetura e Urbanismo" FLAG-BOLSA="NAO" CODIGO-AGENCIA-FINANCIADORA="" NOME-DA-AGENCIA="" TIPO-DE-ORIENTACAO-CONCLUIDA="CO_ORIENTADOR" NUMERO-DE-PAGINAS="" NUMERO-ID-ORIENTADO="" NOME-DO-CURSO-INGLES=""/><INFORMACOES-ADICIONAIS DESCRICAO-INFORMACOES-ADICIONAIS="CO-Orientação - Orientador Rodrigo Rinaldi" DESCRICAO-INFORMACOES-ADICIONAIS-INGLES=""/></OUTRAS-ORIENTACOES-CONCLUIDAS></ORIENTACOES-CONCLUIDAS></OUTRA-PRODUCAO><DADOS-COMPLEMENTARES><FORMACAO-COMPLEMENTAR><FORMACAO-COMPLEMENTAR-DE-EXTENSAO-UNIVERSITARIA SEQUENCIA-FORMACAO="4" NIVEL="8" CARGA-HORARIA="96" CODIGO-INSTITUICAO="011100000008" NOME-INSTITUICAO="Pontifícia Universidade Católica do Rio de Janeiro" CODIGO-ORGAO="" NOME-ORGAO="" CODIGO-CURSO="90000002" NOME-CURSO="Planejamento e Gestão da Cidade" STATUS-DO-CURSO="CONCLUIDO" ANO-DE-INICIO="2013" ANO-DE-CONCLUSAO="2013" NOME-CURSO-INGLES=""/><FORMACAO-COMPLEMENTAR-CURSO-DE-CURTA-DURACAO SEQUENCIA-FORMACAO="2" NIVEL="F" CARGA-HORARIA="25" CODIGO-INSTITUICAO="IXYO00000003" NOME-INSTITUICAO="Conselho Regional Engenharia Arquitetura Agronomia" CODIGO-ORGAO="" NOME-ORGAO="" CODIGO-CURSO="90000001" NOME-CURSO="Curso Incorporação de Edifícios" STATUS-DO-CURSO="CONCLUIDO" ANO-DE-INICIO="2011" ANO-DE-CONCLUSAO="2011" NOME-CURSO-INGLES=""/><formacoesComplementaresPlana/></FORMACAO-COMPLEMENTAR><PARTICIPACAO-EM-BANCA-TRABALHOS-CONCLUSAO><PARTICIPACAO-EM-BANCA-DE-GRADUACAO SEQUENCIA-PRODUCAO="6"><DADOS-BASICOS-DA-PARTICIPACAO-EM-BANCA-DE-GRADUACAO NATUREZA="Graduação" TITULO="Praça Escola em Inhaúma" ANO="2012" PAIS="Brasil" IDIOMA="Português" HOME-PAGE="" DOI="" TITULO-INGLES=""/><DETALHAMENTO-DA-PARTICIPACAO-EM-BANCA-DE-GRADUACAO NOME-DO-CANDIDATO="Mariana Sacchetto" CODIGO-INSTITUICAO="011100000008" NOME-INSTITUICAO="Pontifícia Universidade Católica do Rio de Janeiro" CODIGO-ORGAO="" NOME-ORGAO="" CODIGO-CURSO="60332646" NOME-CURSO="Arquitetura e Urbanismo" NOME-CURSO-INGLES=""/><PARTICIPANTE-BANCA NOME-COMPLETO-DO-PARTICIPANTE-DA-BANCA="leila beatriz Silveira" NOME-PARA-CITACAO-DO-PARTICIPANTE-DA-BANCA="SILVEIRA, L. B." ORDEM-PARTICIPANTE="1" NRO-ID-CNPQ=""/><PARTICIPANTE-BANCA NOME-COMPLETO-DO-PARTICIPANTE-DA-BANCA="Raul Bueno" NOME-PARA-CITACAO-DO-PARTICIPANTE-DA-BANCA="BUENO, R." ORDEM-PARTICIPANTE="2" NRO-ID-CNPQ=""/><PARTICIPANTE-BANCA NOME-COMPLETO-DO-PARTICIPANTE-DA-BANCA="Vinicius Ferreira Mattos" NOME-PARA-CITACAO-DO-PARTICIPANTE-DA-BANCA="MATTOS, V. F." ORDEM-PARTICIPANTE="3" NRO-ID-CNPQ="4433693166068438"/></PARTICIPACAO-EM-BANCA-DE-GRADUACAO><PARTICIPACAO-EM-BANCA-DE-GRADUACAO SEQUENCIA-PRODUCAO="9"><DADOS-BASICOS-DA-PARTICIPACAO-EM-BANCA-DE-GRADUACAO NATUREZA="Graduação" TITULO="Reestruturação Urbana de uma Paisagem Residual" ANO="2013" PAIS="Brasil" IDIOMA="Português" HOME-PAGE="" DOI="" TITULO-INGLES=""/><DETALHAMENTO-DA-PARTICIPACAO-EM-BANCA-DE-GRADUACAO NOME-DO-CANDIDATO="Thiago Tarsitano" CODIGO-INSTITUICAO="011100000008" NOME-INSTITUICAO="Pontifícia Universidade Católica do Rio de Janeiro" CODIGO-ORGAO="" NOME-ORGAO="" CODIGO-CURSO="60332646" NOME-CURSO="Arquitetura e Urbanismo" NOME-CURSO-INGLES=""/><PARTICIPANTE-BANCA NOME-COMPLETO-DO-PARTICIPANTE-DA-BANCA="Rodrigo Rinaldi de Mattos" NOME-PARA-CITACAO-DO-PARTICIPANTE-DA-BANCA="MATTOS, R. R." ORDEM-PARTICIPANTE="2" NRO-ID-CNPQ=""/><PARTICIPANTE-BANCA NOME-COMPLETO-DO-PARTICIPANTE-DA-BANCA="Charbel Goulart Capaz" NOME-PARA-CITACAO-DO-PARTICIPANTE-DA-BANCA="CAPAZ, C. G." ORDEM-PARTICIPANTE="3" NRO-ID-CNPQ=""/><PARTICIPANTE-BANCA NOME-COMPLETO-DO-PARTICIPANTE-DA-BANCA="Pierre-André Martin" NOME-PARA-CITACAO-DO-PARTICIPANTE-DA-BANCA="MARTIN, P." ORDEM-PARTICIPANTE="4" NRO-ID-CNPQ=""/><PARTICIPANTE-BANCA NOME-COMPLETO-DO-PARTICIPANTE-DA-BANCA="Vinicius Ferreira Mattos" NOME-PARA-CITACAO-DO-PARTICIPANTE-DA-BANCA="MATTOS, V. F." ORDEM-PARTICIPANTE="1" NRO-ID-CNPQ="4433693166068438"/></PARTICIPACAO-EM-BANCA-DE-GRADUACAO><PARTICIPACAO-EM-BANCA-DE-GRADUACAO SEQUENCIA-PRODUCAO="10"><DADOS-BASICOS-DA-PARTICIPACAO-EM-BANCA-DE-GRADUACAO NATUREZA="Graduação" TITULO="Regeneração da Lagoa de Piratininga" ANO="2013" PAIS="Brasil" IDIOMA="Português" HOME-PAGE="" DOI="" TITULO-INGLES=""/><DETALHAMENTO-DA-PARTICIPACAO-EM-BANCA-DE-GRADUACAO NOME-DO-CANDIDATO="Renato Werlang" CODIGO-INSTITUICAO="011100000008" NOME-INSTITUICAO="Pontifícia Universidade Católica do Rio de Janeiro" CODIGO-ORGAO="" NOME-ORGAO="" CODIGO-CURSO="60332646" NOME-CURSO="Arquitetura e Urbanismo" NOME-CURSO-INGLES=""/><PARTICIPANTE-BANCA NOME-COMPLETO-DO-PARTICIPANTE-DA-BANCA="Rodrigo Rinaldi de Mattos" NOME-PARA-CITACAO-DO-PARTICIPANTE-DA-BANCA="MATTOS, R. R." ORDEM-PARTICIPANTE="1" NRO-ID-CNPQ=""/><PARTICIPANTE-BANCA NOME-COMPLETO-DO-PARTICIPANTE-DA-BANCA="ricardo esteves" NOME-PARA-CITACAO-DO-PARTICIPANTE-DA-BANCA="ESTEVES, R." ORDEM-PARTICIPANTE="2" NRO-ID-CNPQ=""/><PARTICIPANTE-BANCA NOME-COMPLETO-DO-PARTICIPANTE-DA-BANCA="Vinicius Ferreira Mattos" NOME-PARA-CITACAO-DO-PARTICIPANTE-DA-BANCA="MATTOS, V. F." ORDEM-PARTICIPANTE="3" NRO-ID-CNPQ="4433693166068438"/></PARTICIPACAO-EM-BANCA-DE-GRADUACAO><PARTICIPACAO-EM-BANCA-DE-GRADUACAO SEQUENCIA-PRODUCAO="11"><DADOS-BASICOS-DA-PARTICIPACAO-EM-BANCA-DE-GRADUACAO NATUREZA="Graduação" TITULO="Potencialização de Vazio Urbano" ANO="2013" PAIS="Brasil" IDIOMA="Português" HOME-PAGE="" DOI="" TITULO-INGLES=""/><DETALHAMENTO-DA-PARTICIPACAO-EM-BANCA-DE-GRADUACAO NOME-DO-CANDIDATO="Marcela Aubry" CODIGO-INSTITUICAO="011100000008" NOME-INSTITUICAO="Pontifícia Universidade Católica do Rio de Janeiro" CODIGO-ORGAO="" NOME-ORGAO="" CODIGO-CURSO="60332646" NOME-CURSO="Arquitetura e Urbanismo" NOME-CURSO-INGLES=""/><PARTICIPANTE-BANCA NOME-COMPLETO-DO-PARTICIPANTE-DA-BANCA="Rodrigo Rinaldi de Mattos" NOME-PARA-CITACAO-DO-PARTICIPANTE-DA-BANCA="MATTOS, R. R." ORDEM-PARTICIPANTE="1" NRO-ID-CNPQ=""/><PARTICIPANTE-BANCA NOME-COMPLETO-DO-PARTICIPANTE-DA-BANCA="Charbel Goulart Capaz" NOME-PARA-CITACAO-DO-PARTICIPANTE-DA-BANCA="CAPAZ, C. G." ORDEM-PARTICIPANTE="3" NRO-ID-CNPQ=""/><PARTICIPANTE-BANCA NOME-COMPLETO-DO-PARTICIPANTE-DA-BANCA="ricardo esteves" NOME-PARA-CITACAO-DO-PARTICIPANTE-DA-BANCA="ESTEVES, R." ORDEM-PARTICIPANTE="2" NRO-ID-CNPQ=""/><PARTICIPANTE-BANCA NOME-COMPLETO-DO-PARTICIPANTE-DA-BANCA="Vinicius Ferreira Mattos" NOME-PARA-CITACAO-DO-PARTICIPANTE-DA-BANCA="MATTOS, V. F." ORDEM-PARTICIPANTE="4" NRO-ID-CNPQ="4433693166068438"/></PARTICIPACAO-EM-BANCA-DE-GRADUACAO><PARTICIPACAO-EM-BANCA-DE-GRADUACAO SEQUENCIA-PRODUCAO="12"><DADOS-BASICOS-DA-PARTICIPACAO-EM-BANCA-DE-GRADUACAO NATUREZA="Graduação" TITULO="Centro Profissionalizante em Nova Iguaçu" ANO="2013" PAIS="Brasil" IDIOMA="Português" HOME-PAGE="" DOI="" TITULO-INGLES=""/><DETALHAMENTO-DA-PARTICIPACAO-EM-BANCA-DE-GRADUACAO NOME-DO-CANDIDATO="Thalita Dias Barboza" CODIGO-INSTITUICAO="011100000008" NOME-INSTITUICAO="Pontifícia Universidade Católica do Rio de Janeiro" CODIGO-ORGAO="" NOME-ORGAO="" CODIGO-CURSO="60332646" NOME-CURSO="Arquitetura e Urbanismo" NOME-CURSO-INGLES=""/><PARTICIPANTE-BANCA NOME-COMPLETO-DO-PARTICIPANTE-DA-BANCA="Raul Bueno" NOME-PARA-CITACAO-DO-PARTICIPANTE-DA-BANCA="BUENO, R." ORDEM-PARTICIPANTE="1" NRO-ID-CNPQ=""/><PARTICIPANTE-BANCA NOME-COMPLETO-DO-PARTICIPANTE-DA-BANCA="Thiago Leitão" NOME-PARA-CITACAO-DO-PARTICIPANTE-DA-BANCA="LEITAO, T." ORDEM-PARTICIPANTE="2" NRO-ID-CNPQ=""/><PARTICIPANTE-BANCA NOME-COMPLETO-DO-PARTICIPANTE-DA-BANCA="Vinicius Ferreira Mattos" NOME-PARA-CITACAO-DO-PARTICIPANTE-DA-BANCA="MATTOS, V. F." ORDEM-PARTICIPANTE="3" NRO-ID-CNPQ="4433693166068438"/></PARTICIPACAO-EM-BANCA-DE-GRADUACAO><PARTICIPACAO-EM-BANCA-DE-GRADUACAO SEQUENCIA-PRODUCAO="13"><DADOS-BASICOS-DA-PARTICIPACAO-EM-BANCA-DE-GRADUACAO NATUREZA="Graduação" TITULO="Habitação de interesse social no centro" ANO="2013" PAIS="Brasil" IDIOMA="Português" HOME-PAGE="" DOI="" TITULO-INGLES=""/><DETALHAMENTO-DA-PARTICIPACAO-EM-BANCA-DE-GRADUACAO NOME-DO-CANDIDATO="Amanda Silva de Freitas" CODIGO-INSTITUICAO="011100000008" NOME-INSTITUICAO="Pontifícia Universidade Católica do Rio de Janeiro" CODIGO-ORGAO="" NOME-ORGAO="" CODIGO-CURSO="60332646" NOME-CURSO="Arquitetura e Urbanismo" NOME-CURSO-INGLES=""/><PARTICIPANTE-BANCA NOME-COMPLETO-DO-PARTICIPANTE-DA-BANCA="Raul Bueno" NOME-PARA-CITACAO-DO-PARTICIPANTE-DA-BANCA="BUENO, R." ORDEM-PARTICIPANTE="1" NRO-ID-CNPQ=""/><PARTICIPANTE-BANCA NOME-COMPLETO-DO-PARTICIPANTE-DA-BANCA="Veronica Natividade" NOME-PARA-CITACAO-DO-PARTICIPANTE-DA-BANCA="NATIVIDADE, V." ORDEM-PARTICIPANTE="2" NRO-ID-CNPQ=""/><PARTICIPANTE-BANCA NOME-COMPLETO-DO-PARTICIPANTE-DA-BANCA="Vinicius Ferreira Mattos" NOME-PARA-CITACAO-DO-PARTICIPANTE-DA-BANCA="MATTOS, V. F." ORDEM-PARTICIPANTE="3" NRO-ID-CNPQ="4433693166068438"/></PARTICIPACAO-EM-BANCA-DE-GRADUACAO><PARTICIPACAO-EM-BANCA-DE-GRADUACAO SEQUENCIA-PRODUCAO="14"><DADOS-BASICOS-DA-PARTICIPACAO-EM-BANCA-DE-GRADUACAO NATUREZA="Graduação" TITULO="Revitalização dos vazios do Morro do Alemão" ANO="2013" PAIS="Brasil" IDIOMA="Português" HOME-PAGE="" DOI="" TITULO-INGLES=""/><DETALHAMENTO-DA-PARTICIPACAO-EM-BANCA-DE-GRADUACAO NOME-DO-CANDIDATO="Vanessa da Silva de Paula" CODIGO-INSTITUICAO="011100000008" NOME-INSTITUICAO="Pontifícia Universidade Católica do Rio de Janeiro" CODIGO-ORGAO="" NOME-ORGAO="" CODIGO-CURSO="60332646" NOME-CURSO="Arquitetura e Urbanismo" NOME-CURSO-INGLES=""/><PARTICIPANTE-BANCA NOME-COMPLETO-DO-PARTICIPANTE-DA-BANCA="Raul Bueno" NOME-PARA-CITACAO-DO-PARTICIPANTE-DA-BANCA="BUENO, R." ORDEM-PARTICIPANTE="1" NRO-ID-CNPQ=""/><PARTICIPANTE-BANCA NOME-COMPLETO-DO-PARTICIPANTE-DA-BANCA="Thiago Leitão" NOME-PARA-CITACAO-DO-PARTICIPANTE-DA-BANCA="LEITAO, T." ORDEM-PARTICIPANTE="2" NRO-ID-CNPQ=""/><PARTICIPANTE-BANCA NOME-COMPLETO-DO-PARTICIPANTE-DA-BANCA="Vinicius Ferreira Mattos" NOME-PARA-CITACAO-DO-PARTICIPANTE-DA-BANCA="MATTOS, V. F." ORDEM-PARTICIPANTE="3" NRO-ID-CNPQ="4433693166068438"/></PARTICIPACAO-EM-BANCA-DE-GRADUACAO><PARTICIPACAO-EM-BANCA-DE-GRADUACAO SEQUENCIA-PRODUCAO="58"><DADOS-BASICOS-DA-PARTICIPACAO-EM-BANCA-DE-GRADUACAO NATUREZA="Graduação" TITULO="Rua Paulo VI - Possibilidade de Conexão Socioespacial" ANO="2015" PAIS="Brasil" IDIOMA="Português" HOME-PAGE="" DOI="" TITULO-INGLES=""/><DETALHAMENTO-DA-PARTICIPACAO-EM-BANCA-DE-GRADUACAO NOME-DO-CANDIDATO="REYEL ELIAS DE MENEZES VAZ" CODIGO-INSTITUICAO="020200000009" NOME-INSTITUICAO="Universidade Federal do Rio de Janeiro" CODIGO-ORGAO="" NOME-ORGAO="" CODIGO-CURSO="60185481" NOME-CURSO="Arquitetura e Urbanismo" NOME-CURSO-INGLES=""/><PARTICIPANTE-BANCA NOME-COMPLETO-DO-PARTICIPANTE-DA-BANCA="Raquel Tardin" NOME-PARA-CITACAO-DO-PARTICIPANTE-DA-BANCA="TARDIN, R." ORDEM-PARTICIPANTE="1" NRO-ID-CNPQ=""/><PARTICIPANTE-BANCA NOME-COMPLETO-DO-PARTICIPANTE-DA-BANCA="Virgínia Vasconcellos" NOME-PARA-CITACAO-DO-PARTICIPANTE-DA-BANCA="VASCONCELLOS, V." ORDEM-PARTICIPANTE="2" NRO-ID-CNPQ=""/><PARTICIPANTE-BANCA NOME-COMPLETO-DO-PARTICIPANTE-DA-BANCA="Ivete Farah" NOME-PARA-CITACAO-DO-PARTICIPANTE-DA-BANCA="FARAH, I." ORDEM-PARTICIPANTE="3" NRO-ID-CNPQ=""/><PARTICIPANTE-BANCA NOME-COMPLETO-DO-PARTICIPANTE-DA-BANCA="Vinicius Ferreira Mattos" NOME-PARA-CITACAO-DO-PARTICIPANTE-DA-BANCA="MATTOS, V. F." ORDEM-PARTICIPANTE="4" NRO-ID-CNPQ="4433693166068438"/></PARTICIPACAO-EM-BANCA-DE-GRADUACAO><PARTICIPACAO-EM-BANCA-DE-GRADUACAO SEQUENCIA-PRODUCAO="59"><DADOS-BASICOS-DA-PARTICIPACAO-EM-BANCA-DE-GRADUACAO NATUREZA="Graduação" TITULO="Projeto do Sistema de Espaços Livres da Favela do Terreirão e seu Entorno: Integração dos Espaços Residuais ao Canal das Tachas" ANO="2015" PAIS="Brasil" IDIOMA="Português" HOME-PAGE="" DOI="" TITULO-INGLES=""/><DETALHAMENTO-DA-PARTICIPACAO-EM-BANCA-DE-GRADUACAO NOME-DO-CANDIDATO="CAROLINE PIGNATON RECLA DA SILVA" CODIGO-INSTITUICAO="020200000009" NOME-INSTITUICAO="Universidade Federal do Rio de Janeiro" CODIGO-ORGAO="" NOME-ORGAO="" CODIGO-CURSO="60185481" NOME-CURSO="Arquitetura e Urbanismo" NOME-CURSO-INGLES=""/><PARTICIPANTE-BANCA NOME-COMPLETO-DO-PARTICIPANTE-DA-BANCA="Virgínia Vasconcellos" NOME-PARA-CITACAO-DO-PARTICIPANTE-DA-BANCA="VASCONCELLOS, V." ORDEM-PARTICIPANTE="2" NRO-ID-CNPQ=""/><PARTICIPANTE-BANCA NOME-COMPLETO-DO-PARTICIPANTE-DA-BANCA="Ivete Farah" NOME-PARA-CITACAO-DO-PARTICIPANTE-DA-BANCA="FARAH, I." ORDEM-PARTICIPANTE="3" NRO-ID-CNPQ=""/><PARTICIPANTE-BANCA NOME-COMPLETO-DO-PARTICIPANTE-DA-BANCA="Andrea Rego" NOME-PARA-CITACAO-DO-PARTICIPANTE-DA-BANCA="REGO, A." ORDEM-PARTICIPANTE="1" NRO-ID-CNPQ=""/><PARTICIPANTE-BANCA NOME-COMPLETO-DO-PARTICIPANTE-DA-BANCA="Vinicius Ferreira Mattos" NOME-PARA-CITACAO-DO-PARTICIPANTE-DA-BANCA="MATTOS, V. F." ORDEM-PARTICIPANTE="4" NRO-ID-CNPQ="4433693166068438"/></PARTICIPACAO-EM-BANCA-DE-GRADUACAO><PARTICIPACAO-EM-BANCA-DE-GRADUACAO SEQUENCIA-PRODUCAO="60"><DADOS-BASICOS-DA-PARTICIPACAO-EM-BANCA-DE-GRADUACAO NATUREZA="Graduação" TITULO="Reestruturação / Requalificação da Ilha da Madeira - Itaguaí" ANO="2015" PAIS="Brasil" IDIOMA="Português" HOME-PAGE="" DOI="" TITULO-INGLES=""/><DETALHAMENTO-DA-PARTICIPACAO-EM-BANCA-DE-GRADUACAO NOME-DO-CANDIDATO="PABLO ROGÉRIO DE LAS CUEVAS DUARTE" CODIGO-INSTITUICAO="020200000009" NOME-INSTITUICAO="Universidade Federal do Rio de Janeiro" CODIGO-ORGAO="" NOME-ORGAO="" CODIGO-CURSO="60185481" NOME-CURSO="Arquitetura e Urbanismo" NOME-CURSO-INGLES=""/><PARTICIPANTE-BANCA NOME-COMPLETO-DO-PARTICIPANTE-DA-BANCA="Virgínia Vasconcellos" NOME-PARA-CITACAO-DO-PARTICIPANTE-DA-BANCA="VASCONCELLOS, V." ORDEM-PARTICIPANTE="3" NRO-ID-CNPQ=""/><PARTICIPANTE-BANCA NOME-COMPLETO-DO-PARTICIPANTE-DA-BANCA="Ivete Farah" NOME-PARA-CITACAO-DO-PARTICIPANTE-DA-BANCA="FARAH, I." ORDEM-PARTICIPANTE="2" NRO-ID-CNPQ=""/><PARTICIPANTE-BANCA NOME-COMPLETO-DO-PARTICIPANTE-DA-BANCA="Vera Tangari" NOME-PARA-CITACAO-DO-PARTICIPANTE-DA-BANCA="TANGARI, V." ORDEM-PARTICIPANTE="1" NRO-ID-CNPQ=""/><PARTICIPANTE-BANCA NOME-COMPLETO-DO-PARTICIPANTE-DA-BANCA="Vinicius Ferreira Mattos" NOME-PARA-CITACAO-DO-PARTICIPANTE-DA-BANCA="MATTOS, V. F." ORDEM-PARTICIPANTE="4" NRO-ID-CNPQ="4433693166068438"/></PARTICIPACAO-EM-BANCA-DE-GRADUACAO><PARTICIPACAO-EM-BANCA-DE-GRADUACAO SEQUENCIA-PRODUCAO="66"><DADOS-BASICOS-DA-PARTICIPACAO-EM-BANCA-DE-GRADUACAO NATUREZA="Graduação" TITULO="Requalificação da Frente Marítima de São Gonçalo" ANO="2016" PAIS="Brasil" IDIOMA="Português" HOME-PAGE="" DOI="" TITULO-INGLES=""/><DETALHAMENTO-DA-PARTICIPACAO-EM-BANCA-DE-GRADUACAO NOME-DO-CANDIDATO="Fernanda Carvalho Ferreira" CODIGO-INSTITUICAO="020200000009" NOME-INSTITUICAO="Universidade Federal do Rio de Janeiro" CODIGO-ORGAO="" NOME-ORGAO="" CODIGO-CURSO="60185481" NOME-CURSO="Arquitetura e Urbanismo" NOME-CURSO-INGLES=""/><PARTICIPANTE-BANCA NOME-COMPLETO-DO-PARTICIPANTE-DA-BANCA="Eloisa Araújo" NOME-PARA-CITACAO-DO-PARTICIPANTE-DA-BANCA="ARAUJO, E." ORDEM-PARTICIPANTE="2" NRO-ID-CNPQ=""/><PARTICIPANTE-BANCA NOME-COMPLETO-DO-PARTICIPANTE-DA-BANCA="Ione Slveira" NOME-PARA-CITACAO-DO-PARTICIPANTE-DA-BANCA="SLVEIRA, I." ORDEM-PARTICIPANTE="3" NRO-ID-CNPQ=""/><PARTICIPANTE-BANCA NOME-COMPLETO-DO-PARTICIPANTE-DA-BANCA="Marlise Sanchonete" NOME-PARA-CITACAO-DO-PARTICIPANTE-DA-BANCA="SANCHONETE, M." ORDEM-PARTICIPANTE="4" NRO-ID-CNPQ=""/><PARTICIPANTE-BANCA NOME-COMPLETO-DO-PARTICIPANTE-DA-BANCA="Vinicius Ferreira Mattos" NOME-PARA-CITACAO-DO-PARTICIPANTE-DA-BANCA="MATTOS, V. F." ORDEM-PARTICIPANTE="1" NRO-ID-CNPQ="4433693166068438"/></PARTICIPACAO-EM-BANCA-DE-GRADUACAO><PARTICIPACAO-EM-BANCA-DE-GRADUACAO SEQUENCIA-PRODUCAO="67"><DADOS-BASICOS-DA-PARTICIPACAO-EM-BANCA-DE-GRADUACAO NATUREZA="Graduação" TITULO="Limitrofes Verdes: Reforma Urbano-Turística em Xerém" ANO="2016" PAIS="Brasil" IDIOMA="Português" HOME-PAGE="" DOI="" TITULO-INGLES=""/><DETALHAMENTO-DA-PARTICIPACAO-EM-BANCA-DE-GRADUACAO NOME-DO-CANDIDATO="Cintia Silva de Brito" CODIGO-INSTITUICAO="020200000009" NOME-INSTITUICAO="Universidade Federal do Rio de Janeiro" CODIGO-ORGAO="" NOME-ORGAO="" CODIGO-CURSO="60185481" NOME-CURSO="Arquitetura e Urbanismo" NOME-CURSO-INGLES=""/><PARTICIPANTE-BANCA NOME-COMPLETO-DO-PARTICIPANTE-DA-BANCA="Eloisa Araújo" NOME-PARA-CITACAO-DO-PARTICIPANTE-DA-BANCA="ARAUJO, E." ORDEM-PARTICIPANTE="2" NRO-ID-CNPQ=""/><PARTICIPANTE-BANCA NOME-COMPLETO-DO-PARTICIPANTE-DA-BANCA="Ione Slveira" NOME-PARA-CITACAO-DO-PARTICIPANTE-DA-BANCA="SLVEIRA, I." ORDEM-PARTICIPANTE="3" NRO-ID-CNPQ=""/><PARTICIPANTE-BANCA NOME-COMPLETO-DO-PARTICIPANTE-DA-BANCA="Marlise Sanchonete" NOME-PARA-CITACAO-DO-PARTICIPANTE-DA-BANCA="SANCHONETE, M." ORDEM-PARTICIPANTE="4" NRO-ID-CNPQ=""/><PARTICIPANTE-BANCA NOME-COMPLETO-DO-PARTICIPANTE-DA-BANCA="Vinicius Ferreira Mattos" NOME-PARA-CITACAO-DO-PARTICIPANTE-DA-BANCA="MATTOS, V. F." ORDEM-PARTICIPANTE="1" NRO-ID-CNPQ="4433693166068438"/></PARTICIPACAO-EM-BANCA-DE-GRADUACAO><PARTICIPACAO-EM-BANCA-DE-GRADUACAO SEQUENCIA-PRODUCAO="68"><DADOS-BASICOS-DA-PARTICIPACAO-EM-BANCA-DE-GRADUACAO NATUREZA="Graduação" TITULO="Revitalização da Praça São Salvador" ANO="2016" PAIS="Brasil" IDIOMA="Português" HOME-PAGE="" DOI="" TITULO-INGLES=""/><DETALHAMENTO-DA-PARTICIPACAO-EM-BANCA-DE-GRADUACAO NOME-DO-CANDIDATO="Carolna Viana de Souza" CODIGO-INSTITUICAO="020200000009" NOME-INSTITUICAO="Universidade Federal do Rio de Janeiro" CODIGO-ORGAO="" NOME-ORGAO="" CODIGO-CURSO="60185481" NOME-CURSO="Arquitetura e Urbanismo" NOME-CURSO-INGLES=""/><PARTICIPANTE-BANCA NOME-COMPLETO-DO-PARTICIPANTE-DA-BANCA="Cláudio Ribeiro" NOME-PARA-CITACAO-DO-PARTICIPANTE-DA-BANCA="RIBEIRO, C." ORDEM-PARTICIPANTE="2" NRO-ID-CNPQ=""/><PARTICIPANTE-BANCA NOME-COMPLETO-DO-PARTICIPANTE-DA-BANCA="Sergio Fagerlande" NOME-PARA-CITACAO-DO-PARTICIPANTE-DA-BANCA="FAGERLANDE, S." ORDEM-PARTICIPANTE="3" NRO-ID-CNPQ=""/><PARTICIPANTE-BANCA NOME-COMPLETO-DO-PARTICIPANTE-DA-BANCA="Juliana Pavan" NOME-PARA-CITACAO-DO-PARTICIPANTE-DA-BANCA="PAVAN, J." ORDEM-PARTICIPANTE="4" NRO-ID-CNPQ=""/><PARTICIPANTE-BANCA NOME-COMPLETO-DO-PARTICIPANTE-DA-BANCA="Rosina Trevisan" NOME-PARA-CITACAO-DO-PARTICIPANTE-DA-BANCA="TREVISAN, R." ORDEM-PARTICIPANTE="5" NRO-ID-CNPQ=""/><PARTICIPANTE-BANCA NOME-COMPLETO-DO-PARTICIPANTE-DA-BANCA="Vinicius Ferreira Mattos" NOME-PARA-CITACAO-DO-PARTICIPANTE-DA-BANCA="MATTOS, V. F." ORDEM-PARTICIPANTE="1" NRO-ID-CNPQ="4433693166068438"/></PARTICIPACAO-EM-BANCA-DE-GRADUACAO><PARTICIPACAO-EM-BANCA-DE-GRADUACAO SEQUENCIA-PRODUCAO="69"><DADOS-BASICOS-DA-PARTICIPACAO-EM-BANCA-DE-GRADUACAO NATUREZA="Graduação" TITULO="Requalificação Urbana da Cia. Fluminense de Tecidos e seu entorno" ANO="2016" PAIS="Brasil" IDIOMA="Português" HOME-PAGE="" DOI="" TITULO-INGLES=""/><DETALHAMENTO-DA-PARTICIPACAO-EM-BANCA-DE-GRADUACAO NOME-DO-CANDIDATO="Felipe da Costa Franco" CODIGO-INSTITUICAO="020200000009" NOME-INSTITUICAO="Universidade Federal do Rio de Janeiro" CODIGO-ORGAO="" NOME-ORGAO="" CODIGO-CURSO="60185481" NOME-CURSO="Arquitetura e Urbanismo" NOME-CURSO-INGLES=""/><PARTICIPANTE-BANCA NOME-COMPLETO-DO-PARTICIPANTE-DA-BANCA="Patricia Maya" NOME-PARA-CITACAO-DO-PARTICIPANTE-DA-BANCA="MAYA, P." ORDEM-PARTICIPANTE="2" NRO-ID-CNPQ=""/><PARTICIPANTE-BANCA NOME-COMPLETO-DO-PARTICIPANTE-DA-BANCA="Francirose Soares" NOME-PARA-CITACAO-DO-PARTICIPANTE-DA-BANCA="SOARES, F." ORDEM-PARTICIPANTE="3" NRO-ID-CNPQ=""/><PARTICIPANTE-BANCA NOME-COMPLETO-DO-PARTICIPANTE-DA-BANCA="Priscilla Peixoto" NOME-PARA-CITACAO-DO-PARTICIPANTE-DA-BANCA="PEIXOTO, P." ORDEM-PARTICIPANTE="4" NRO-ID-CNPQ=""/><PARTICIPANTE-BANCA NOME-COMPLETO-DO-PARTICIPANTE-DA-BANCA="Vinicius Ferreira Mattos" NOME-PARA-CITACAO-DO-PARTICIPANTE-DA-BANCA="MATTOS, V. F." ORDEM-PARTICIPANTE="1" NRO-ID-CNPQ="4433693166068438"/></PARTICIPACAO-EM-BANCA-DE-GRADUACAO><PARTICIPACAO-EM-BANCA-DE-GRADUACAO SEQUENCIA-PRODUCAO="70"><DADOS-BASICOS-DA-PARTICIPACAO-EM-BANCA-DE-GRADUACAO NATUREZA="Graduação" TITULO="Parque Rio Irajá" ANO="2016" PAIS="Brasil" IDIOMA="Português" HOME-PAGE="" DOI="" TITULO-INGLES=""/><DETALHAMENTO-DA-PARTICIPACAO-EM-BANCA-DE-GRADUACAO NOME-DO-CANDIDATO="Marcus Vinicius Eccard Pimenel Reis" CODIGO-INSTITUICAO="020200000009" NOME-INSTITUICAO="Universidade Federal do Rio de Janeiro" CODIGO-ORGAO="" NOME-ORGAO="" CODIGO-CURSO="60185481" NOME-CURSO="Arquitetura e Urbanismo" NOME-CURSO-INGLES=""/><PARTICIPANTE-BANCA NOME-COMPLETO-DO-PARTICIPANTE-DA-BANCA="Patricia Maya" NOME-PARA-CITACAO-DO-PARTICIPANTE-DA-BANCA="MAYA, P." ORDEM-PARTICIPANTE="2" NRO-ID-CNPQ=""/><PARTICIPANTE-BANCA NOME-COMPLETO-DO-PARTICIPANTE-DA-BANCA="Francirose Soares" NOME-PARA-CITACAO-DO-PARTICIPANTE-DA-BANCA="SOARES, F." ORDEM-PARTICIPANTE="3" NRO-ID-CNPQ=""/><PARTICIPANTE-BANCA NOME-COMPLETO-DO-PARTICIPANTE-DA-BANCA="Priscilla Peixoto" NOME-PARA-CITACAO-DO-PARTICIPANTE-DA-BANCA="PEIXOTO, P." ORDEM-PARTICIPANTE="4" NRO-ID-CNPQ=""/><PARTICIPANTE-BANCA NOME-COMPLETO-DO-PARTICIPANTE-DA-BANCA="Vinicius Ferreira Mattos" NOME-PARA-CITACAO-DO-PARTICIPANTE-DA-BANCA="MATTOS, V. F." ORDEM-PARTICIPANTE="1" NRO-ID-CNPQ="4433693166068438"/></PARTICIPACAO-EM-BANCA-DE-GRADUACAO><PARTICIPACAO-EM-BANCA-DE-GRADUACAO SEQUENCIA-PRODUCAO="71"><DADOS-BASICOS-DA-PARTICIPACAO-EM-BANCA-DE-GRADUACAO NATUREZA="Graduação" TITULO="Eco Parque Piratininga" ANO="2016" PAIS="Brasil" IDIOMA="Português" HOME-PAGE="" DOI="" TITULO-INGLES=""/><DETALHAMENTO-DA-PARTICIPACAO-EM-BANCA-DE-GRADUACAO NOME-DO-CANDIDATO="Simara Guzzo Elias" CODIGO-INSTITUICAO="" NOME-INSTITUICAO="" CODIGO-ORGAO="" NOME-ORGAO="" CODIGO-CURSO="" NOME-CURSO="" NOME-CURSO-INGLES=""/><PARTICIPANTE-BANCA NOME-COMPLETO-DO-PARTICIPANTE-DA-BANCA="Ione Slveira" NOME-PARA-CITACAO-DO-PARTICIPANTE-DA-BANCA="SLVEIRA, I." ORDEM-PARTICIPANTE="2" NRO-ID-CNPQ=""/><PARTICIPANTE-BANCA NOME-COMPLETO-DO-PARTICIPANTE-DA-BANCA="Francirose Soares" NOME-PARA-CITACAO-DO-PARTICIPANTE-DA-BANCA="SOARES, F." ORDEM-PARTICIPANTE="4" NRO-ID-CNPQ=""/><PARTICIPANTE-BANCA NOME-COMPLETO-DO-PARTICIPANTE-DA-BANCA="Priscilla Peixoto" NOME-PARA-CITACAO-DO-PARTICIPANTE-DA-BANCA="PEIXOTO, P." ORDEM-PARTICIPANTE="5" NRO-ID-CNPQ=""/><PARTICIPANTE-BANCA NOME-COMPLETO-DO-PARTICIPANTE-DA-BANCA="Adriano Paiter" NOME-PARA-CITACAO-DO-PARTICIPANTE-DA-BANCA="PAITER, A." ORDEM-PARTICIPANTE="3" NRO-ID-CNPQ=""/><PARTICIPANTE-BANCA NOME-COMPLETO-DO-PARTICIPANTE-DA-BANCA="Vinicius Ferreira Mattos" NOME-PARA-CITACAO-DO-PARTICIPANTE-DA-BANCA="MATTOS, V. F." ORDEM-PARTICIPANTE="1" NRO-ID-CNPQ="4433693166068438"/></PARTICIPACAO-EM-BANCA-DE-GRADUACAO></PARTICIPACAO-EM-BANCA-TRABALHOS-CONCLUSAO><PARTICIPACAO-EM-BANCA-JULGADORA><BANCA-JULGADORA-PARA-AVALIACAO-CURSOS SEQUENCIA-PRODUCAO="7"><DADOS-BASICOS-DA-BANCA-JULGADORA-PARA-AVALIACAO-CURSOS NATUREZA="Avaliação de cursos" TITULO="Banca Final da Disciplina Planejamento e Projeto de Edifícios Educacionais" ANO="2012" PAIS="Brasil" IDIOMA="Português" HOME-PAGE="" DOI="" TITULO-INGLES=""/><DETALHAMENTO-DA-BANCA-JULGADORA-PARA-AVALIACAO-CURSOS CODIGO-INSTITUICAO="000300000995" NOME-INSTITUICAO="Centro Universitário Metodista Bennett"/><PARTICIPANTE-BANCA NOME-COMPLETO-DO-PARTICIPANTE-DA-BANCA="Raul Bueno" NOME-PARA-CITACAO-DO-PARTICIPANTE-DA-BANCA="BUENO, R." ORDEM-PARTICIPANTE="1" NRO-ID-CNPQ=""/><PARTICIPANTE-BANCA NOME-COMPLETO-DO-PARTICIPANTE-DA-BANCA="Vinicius Ferreira Mattos" NOME-PARA-CITACAO-DO-PARTICIPANTE-DA-BANCA="MATTOS, V. F." ORDEM-PARTICIPANTE="2" NRO-ID-CNPQ="4433693166068438"/></BANCA-JULGADORA-PARA-AVALIACAO-CURSOS><OUTRAS-BANCAS-JULGADORAS SEQUENCIA-PRODUCAO="8"><DADOS-BASICOS-DE-OUTRAS-BANCAS-JULGADORAS TIPO="" NATUREZA="Outra" TITULO="Banca de Avaliação do Produto 03 da Turma B do Atelier Integrado I" ANO="2013" PAIS="Brasil" IDIOMA="Português" HOME-PAGE="" DOI="" TITULO-INGLES="" TIPO-INGLES=""/><DETALHAMENTO-DE-OUTRAS-BANCAS-JULGADORAS CODIGO-INSTITUICAO="020200000009" NOME-INSTITUICAO="Universidade Federal do Rio de Janeiro"/><PARTICIPANTE-BANCA NOME-COMPLETO-DO-PARTICIPANTE-DA-BANCA="Adriana Sansão" NOME-PARA-CITACAO-DO-PARTICIPANTE-DA-BANCA="SANSAO, A." ORDEM-PARTICIPANTE="1" NRO-ID-CNPQ=""/><PARTICIPANTE-BANCA NOME-COMPLETO-DO-PARTICIPANTE-DA-BANCA="andrea queiroz rego" NOME-PARA-CITACAO-DO-PARTICIPANTE-DA-BANCA="REGO, A. Q." ORDEM-PARTICIPANTE="2" NRO-ID-CNPQ=""/><PARTICIPANTE-BANCA NOME-COMPLETO-DO-PARTICIPANTE-DA-BANCA="Vinicius Ferreira Mattos" NOME-PARA-CITACAO-DO-PARTICIPANTE-DA-BANCA="MATTOS, V. F." ORDEM-PARTICIPANTE="3" NRO-ID-CNPQ="4433693166068438"/></OUTRAS-BANCAS-JULGADORAS></PARTICIPACAO-EM-BANCA-JULGADORA><PARTICIPACAO-EM-EVENTOS-CONGRESSOS><PARTICIPACAO-EM-SEMINARIO SEQUENCIA-PRODUCAO="3"><PARTICIPANTE-DE-EVENTOS-CONGRESSOS NOME-COMPLETO-DO-PARTICIPANTE-DE-EVENTOS-CONGRESSOS="Vinicius Ferreira Mattos" NOME-PARA-CITACAO-DO-PARTICIPANTE-DE-EVENTOS-CONGRESSOS="MATTOS, V. F." ORDEM-PARTICIPANTE="1" NRO-ID-CNPQ="4433693166068438"/><DADOS-BASICOS-DA-PARTICIPACAO-EM-SEMINARIO NATUREZA="Seminário" TITULO="Doze Décadas de Favela: O processo de favelização do Rio de Janeiro compreendido a partir de seu mapeamento sobre o território." ANO="2010" PAIS="Brasil" IDIOMA="" MEIO-DE-DIVULGACAO="NAO_INFORMADO" HOME-PAGE-DO-TRABALHO="" FLAG-RELEVANCIA="NAO" TIPO-PARTICIPACAO="Apresentação oral" FORMA-PARTICIPACAO="Participante" DOI="" TITULO-INGLES="" FLAG-DIVULGACAO-CIENTIFICA="NAO"/><DETALHAMENTO-DA-PARTICIPACAO-EM-SEMINARIO NOME-DO-EVENTO="xxxii Jornada Giulio Massarani de Iniciação Científica, Artística e Cultural" CODIGO-INSTITUICAO="" NOME-INSTITUICAO="" LOCAL-DO-EVENTO="" CIDADE-DO-EVENTO="Rio de Janeiro" NOME-DO-EVENTO-INGLES=""/></PARTICIPACAO-EM-SEMINARIO><PARTICIPACAO-EM-SEMINARIO SEQUENCIA-PRODUCAO="1"><PARTICIPANTE-DE-EVENTOS-CONGRESSOS NOME-COMPLETO-DO-PARTICIPANTE-DE-EVENTOS-CONGRESSOS="Vinicius Ferreira Mattos" NOME-PARA-CITACAO-DO-PARTICIPANTE-DE-EVENTOS-CONGRESSOS="MATTOS, V. F." ORDEM-PARTICIPANTE="1" NRO-ID-CNPQ="4433693166068438"/><DADOS-BASICOS-DA-PARTICIPACAO-EM-SEMINARIO NATUREZA="Seminário" TITULO="Análise das Centralidades no Rio de Janeiro: As Transformações ocorridas no Século XX no Didtema de Espaços Públicos da Praça Mauá-Cinelândia. Uma Representação com Auxílio da Gráfica Digital" ANO="2007" PAIS="Brasil" IDIOMA="" MEIO-DE-DIVULGACAO="NAO_INFORMADO" HOME-PAGE-DO-TRABALHO="" FLAG-RELEVANCIA="NAO" TIPO-PARTICIPACAO="Apresentação Oral" FORMA-PARTICIPACAO="Participante" DOI="" TITULO-INGLES="" FLAG-DIVULGACAO-CIENTIFICA="NAO"/><DETALHAMENTO-DA-PARTICIPACAO-EM-SEMINARIO NOME-DO-EVENTO="XXIX Jornada Giulio MAssarani de Iniciação Científica, Artistica e Cultural" CODIGO-INSTITUICAO="" NOME-INSTITUICAO="" LOCAL-DO-EVENTO="" CIDADE-DO-EVENTO="Rio de Janeiro" NOME-DO-EVENTO-INGLES=""/></PARTICIPACAO-EM-SEMINARIO><PARTICIPACAO-EM-OFICINA SEQUENCIA-PRODUCAO="4"><PARTICIPANTE-DE-EVENTOS-CONGRESSOS NOME-COMPLETO-DO-PARTICIPANTE-DE-EVENTOS-CONGRESSOS="Vinicius Ferreira Mattos" NOME-PARA-CITACAO-DO-PARTICIPANTE-DE-EVENTOS-CONGRESSOS="MATTOS, V. F." ORDEM-PARTICIPANTE="1" NRO-ID-CNPQ="4433693166068438"/><DADOS-BASICOS-DA-PARTICIPACAO-EM-OFICINA NATUREZA="Oficina" TITULO="" ANO="2010" PAIS="Brasil" IDIOMA="" MEIO-DE-DIVULGACAO="NAO_INFORMADO" HOME-PAGE-DO-TRABALHO="" FLAG-RELEVANCIA="NAO" TIPO-PARTICIPACAO="" FORMA-PARTICIPACAO="Ouvinte" DOI="" TITULO-INGLES="" FLAG-DIVULGACAO-CIENTIFICA="NAO"/><DETALHAMENTO-DA-PARTICIPACAO-EM-OFICINA NOME-DO-EVENTO="V Oficina Arquitetura da Paisagem, II Ofinica Quapa-Selrj, O Arco Metropolitano do Rio de Janeiro - Integração e Fragmentação da Paisagem Metropolitana e dos Sistemas de Espaços Livres de Edificação" CODIGO-INSTITUICAO="" NOME-INSTITUICAO="" LOCAL-DO-EVENTO="" CIDADE-DO-EVENTO="Rio de Janeiro" NOME-DO-EVENTO-INGLES=""/></PARTICIPACAO-EM-OFICINA><PARTICIPACAO-EM-OFICINA SEQUENCIA-PRODUCAO="72"><PARTICIPANTE-DE-EVENTOS-CONGRESSOS NOME-COMPLETO-DO-PARTICIPANTE-DE-EVENTOS-CONGRESSOS="Vinicius Ferreira Mattos" NOME-PARA-CITACAO-DO-PARTICIPANTE-DE-EVENTOS-CONGRESSOS="MATTOS, V. F." ORDEM-PARTICIPANTE="1" NRO-ID-CNPQ="4433693166068438"/><DADOS-BASICOS-DA-PARTICIPACAO-EM-OFICINA NATUREZA="Oficina" TITULO="Workshop PATRIMÔNIO ARQUITETÔNICO" ANO="2015" PAIS="Brasil" IDIOMA="" MEIO-DE-DIVULGACAO="NAO_INFORMADO" HOME-PAGE-DO-TRABALHO="" FLAG-RELEVANCIA="NAO" TIPO-PARTICIPACAO="Outras formas" FORMA-PARTICIPACAO="Participante" DOI="" TITULO-INGLES="" FLAG-DIVULGACAO-CIENTIFICA="NAO"/><DETALHAMENTO-DA-PARTICIPACAO-EM-OFICINA NOME-DO-EVENTO="Fórum Internacional de Arquitetura e Urbanismo" CODIGO-INSTITUICAO="" NOME-INSTITUICAO="" LOCAL-DO-EVENTO="" CIDADE-DO-EVENTO="Rio de Janeiro" NOME-DO-EVENTO-INGLES=""/></PARTICIPACAO-EM-OFICINA><PARTICIPACAO-EM-ENCONTRO SEQUENCIA-PRODUCAO="5"><PARTICIPANTE-DE-EVENTOS-CONGRESSOS NOME-COMPLETO-DO-PARTICIPANTE-DE-EVENTOS-CONGRESSOS="Vinicius Ferreira Mattos" NOME-PARA-CITACAO-DO-PARTICIPANTE-DE-EVENTOS-CONGRESSOS="MATTOS, V. F." ORDEM-PARTICIPANTE="1" NRO-ID-CNPQ="4433693166068438"/><DADOS-BASICOS-DA-PARTICIPACAO-EM-ENCONTRO NATUREZA="Encontro" TITULO="Projeções Urbanas - o Arco Metropolitano do Rio de Janeiro" ANO="2011" PAIS="Brasil" IDIOMA="" MEIO-DE-DIVULGACAO="NAO_INFORMADO" HOME-PAGE-DO-TRABALHO="" FLAG-RELEVANCIA="NAO" TIPO-PARTICIPACAO="Apresentação oral" FORMA-PARTICIPACAO="Participante" DOI="" TITULO-INGLES="" FLAG-DIVULGACAO-CIENTIFICA="NAO"/><DETALHAMENTO-DA-PARTICIPACAO-EM-ENCONTRO NOME-DO-EVENTO="XIV Encontro Nacional da ANPUR" CODIGO-INSTITUICAO="" NOME-INSTITUICAO="" LOCAL-DO-EVENTO="" CIDADE-DO-EVENTO="Rio de Janeiro" NOME-DO-EVENTO-INGLES=""/></PARTICIPACAO-EM-ENCONTRO></PARTICIPACAO-EM-EVENTOS-CONGRESSOS><INFORMACOES-ADICIONAIS-INSTITUICOES><INFORMACAO-ADICIONAL-INSTITUICAO CODIGO-INSTITUICAO="000100000991" SIGLA-INSTITUICAO="HDAA" SIGLA-UF-INSTITUICAO="RJ" SIGLA-PAIS-INSTITUICAO="BRA" NOME-PAIS-INSTITUICAO="Brasil" FLAG-AGENCIA-FOMENTO="NAO" FLAG-INSTITUICAO-DE-ENSINO="NAO"/><INFORMACAO-ADICIONAL-INSTITUICAO CODIGO-INSTITUICAO="000200000993" SIGLA-INSTITUICAO="DEF" SIGLA-UF-INSTITUICAO="RJ" SIGLA-PAIS-INSTITUICAO="BRA" NOME-PAIS-INSTITUICAO="Brasil" FLAG-AGENCIA-FOMENTO="NAO" FLAG-INSTITUICAO-DE-ENSINO="NAO"/><INFORMACAO-ADICIONAL-INSTITUICAO CODIGO-INSTITUICAO="000300000995" SIGLA-INSTITUICAO="CUMB" SIGLA-UF-INSTITUICAO="RJ" SIGLA-PAIS-INSTITUICAO="BRA" NOME-PAIS-INSTITUICAO="Brasil" FLAG-AGENCIA-FOMENTO="NAO" FLAG-INSTITUICAO-DE-ENSINO="NAO"/><INFORMACAO-ADICIONAL-INSTITUICAO CODIGO-INSTITUICAO="011100000008" SIGLA-INSTITUICAO="PUC-Rio" SIGLA-UF-INSTITUICAO="RJ" SIGLA-PAIS-INSTITUICAO="BRA" NOME-PAIS-INSTITUICAO="Brasil" FLAG-AGENCIA-FOMENTO="NAO" FLAG-INSTITUICAO-DE-ENSINO="SIM"/><INFORMACAO-ADICIONAL-INSTITUICAO CODIGO-INSTITUICAO="020200000009" SIGLA-INSTITUICAO="UFRJ" SIGLA-UF-INSTITUICAO="RJ" SIGLA-PAIS-INSTITUICAO="BRA" NOME-PAIS-INSTITUICAO="Brasil" FLAG-AGENCIA-FOMENTO="NAO" FLAG-INSTITUICAO-DE-ENSINO="SIM"/><INFORMACAO-ADICIONAL-INSTITUICAO CODIGO-INSTITUICAO="201900000008" SIGLA-INSTITUICAO="UNISUAM" SIGLA-UF-INSTITUICAO="RJ" SIGLA-PAIS-INSTITUICAO="BRA" NOME-PAIS-INSTITUICAO="Brasil" FLAG-AGENCIA-FOMENTO="NAO" FLAG-INSTITUICAO-DE-ENSINO="SIM"/><INFORMACAO-ADICIONAL-INSTITUICAO CODIGO-INSTITUICAO="IXYO00000003" SIGLA-INSTITUICAO="Crea-RJ" SIGLA-UF-INSTITUICAO="RJ" SIGLA-PAIS-INSTITUICAO="BRA" NOME-PAIS-INSTITUICAO="Brasil" FLAG-AGENCIA-FOMENTO="NAO" FLAG-INSTITUICAO-DE-ENSINO="NAO"/></INFORMACOES-ADICIONAIS-INSTITUICOES><INFORMACOES-ADICIONAIS-CURSOS><INFORMACAO-ADICIONAL-CURSO CODIGO-CURSO="31001033" CODIGO-ORGAO="" NOME-ORGAO="" CODIGO-INSTITUICAO="020200000009" NOME-INSTITUICAO="Universidade Federal do Rio de Janeiro" NOME-GRANDE-AREA-DO-CONHECIMENTO="CIENCIAS_SOCIAIS_APLICADAS" NOME-DA-AREA-DO-CONHECIMENTO="Arquitetura e Urbanismo" NOME-DA-SUB-AREA-DO-CONHECIMENTO="" NOME-DA-ESPECIALIDADE="" NIVEL-CURSO="MESTRADO_DOUTORADO"/><INFORMACAO-ADICIONAL-CURSO CODIGO-CURSO="60185481" CODIGO-ORGAO="" NOME-ORGAO="" CODIGO-INSTITUICAO="020200000009" NOME-INSTITUICAO="Universidade Federal do Rio de Janeiro" NOME-GRANDE-AREA-DO-CONHECIMENTO="OUTROS" NOME-DA-AREA-DO-CONHECIMENTO="" NOME-DA-SUB-AREA-DO-CONHECIMENTO="" NOME-DA-ESPECIALIDADE="" NIVEL-CURSO="GRADUACAO"/><INFORMACAO-ADICIONAL-CURSO CODIGO-CURSO="60332646" CODIGO-ORGAO="" NOME-ORGAO="" CODIGO-INSTITUICAO="011100000008" NOME-INSTITUICAO="Pontifícia Universidade Católica do Rio de Janeiro" NOME-GRANDE-AREA-DO-CONHECIMENTO="OUTROS" NOME-DA-AREA-DO-CONHECIMENTO="" NOME-DA-SUB-AREA-DO-CONHECIMENTO="" NOME-DA-ESPECIALIDADE="" NIVEL-CURSO="GRADUACAO"/><INFORMACAO-ADICIONAL-CURSO CODIGO-CURSO="60771402" CODIGO-ORGAO="" NOME-ORGAO="" CODIGO-INSTITUICAO="020200000009" NOME-INSTITUICAO="Universidade Federal do Rio de Janeiro" NOME-GRANDE-AREA-DO-CONHECIMENTO="CIENCIAS_SOCIAIS_APLICADAS" NOME-DA-AREA-DO-CONHECIMENTO="Arquitetura e Urbanismo" NOME-DA-SUB-AREA-DO-CONHECIMENTO="" NOME-DA-ESPECIALIDADE="" NIVEL-CURSO="OT"/><INFORMACAO-ADICIONAL-CURSO CODIGO-CURSO="90000000" CODIGO-ORGAO="" NOME-ORGAO="" CODIGO-INSTITUICAO="020200000009" NOME-INSTITUICAO="Universidade Federal do Rio de Janeiro" NOME-GRANDE-AREA-DO-CONHECIMENTO="CIENCIAS_SOCIAIS_APLICADAS" NOME-DA-AREA-DO-CONHECIMENTO="Arquitetura e Urbanismo" NOME-DA-SUB-AREA-DO-CONHECIMENTO="" NOME-DA-ESPECIALIDADE="" NIVEL-CURSO="GRADUACAO"/><INFORMACAO-ADICIONAL-CURSO CODIGO-CURSO="90000001" CODIGO-ORGAO="" NOME-ORGAO="" CODIGO-INSTITUICAO="IXYO00000003" NOME-INSTITUICAO="Conselho Regional Engenharia Arquitetura Agronomia" NOME-GRANDE-AREA-DO-CONHECIMENTO="CIENCIAS_SOCIAIS_APLICADAS" NOME-DA-AREA-DO-CONHECIMENTO="Direito" NOME-DA-SUB-AREA-DO-CONHECIMENTO="" NOME-DA-ESPECIALIDADE="" NIVEL-CURSO="CURSO_DE_CURTA_DURACAO"/><INFORMACAO-ADICIONAL-CURSO CODIGO-CURSO="90000002" CODIGO-ORGAO="" NOME-ORGAO="" CODIGO-INSTITUICAO="011100000008" NOME-INSTITUICAO="Pontifícia Universidade Católica do Rio de Janeiro" NOME-GRANDE-AREA-DO-CONHECIMENTO="CIENCIAS_HUMANAS" NOME-DA-AREA-DO-CONHECIMENTO="Geografia" NOME-DA-SUB-AREA-DO-CONHECIMENTO="" NOME-DA-ESPECIALIDADE="" NIVEL-CURSO="EXTENSAO_UNIVERSITARIA"/><INFORMACAO-ADICIONAL-CURSO CODIGO-CURSO="90000003" CODIGO-ORGAO="" NOME-ORGAO="" CODIGO-INSTITUICAO="020200000009" NOME-INSTITUICAO="Universidade Federal do Rio de Janeiro" NOME-GRANDE-AREA-DO-CONHECIMENTO="OUTROS" NOME-DA-AREA-DO-CONHECIMENTO="" NOME-DA-SUB-AREA-DO-CONHECIMENTO="" NOME-DA-ESPECIALIDADE="" NIVEL-CURSO="MESTRADO"/></INFORMACOES-ADICIONAIS-CURSOS></DADOS-COMPLEMENTARES><eventos/></CURRICULO-VITAE>