<CURRICULO-VITAE SISTEMA-ORIGEM-XML="LATTES_OFFLINE" NUMERO-IDENTIFICADOR="1808152829261887" FORMATO-DATA-ATUALIZACAO="DDMMAAAA" DATA-ATUALIZACAO="22032017" FORMATO-HORA-ATUALIZACAO="HHMMSS" HORA-ATUALIZACAO="145640"><DADOS-GERAIS NOME-COMPLETO="Maria Isabel de Noronha Neta" NOME-EM-CITACOES-BIBLIOGRAFICAS="Neta, M.I.N.;NORONHA NETA, MARIA ISABEL" NACIONALIDADE="B" PAIS-DE-NASCIMENTO="Brasil" FORMATO-DATA-DE-NASCIMENTO="DDMMAAAA" FORMATO-DATA-DE-EMISSAO="DDMMAAAA" PERMISSAO-DE-DIVULGACAO="NAO" DATA-FALECIMENTO="" SIGLA-PAIS-NACIONALIDADE="BRA" PAIS-DE-NACIONALIDADE="Brasil"><RESUMO-CV TEXTO-RESUMO-CV-RH="Prof.ª Dr.ª do Curso de Fisioterapia do Centro Universitário Augusto Motta (UNISUAM). Pesquisadora colaboradora da Universidade Federal do Rio de Janeiro." TEXTO-RESUMO-CV-RH-EN="graduate at Fisioterapia from Universidade Federal do Rio Grande do Norte (2006) and master's at Fitness from Universidade Federal do Rio Grande do Norte (2009). Has experience in Physiotherapy and Occupational Therapy, acting on the following subjects: dinamômetro de força muscular, torque, ligamento cruzado anterior, extremidade inferior and avc."/><OUTRAS-INFORMACOES-RELEVANTES OUTRAS-INFORMACOES-RELEVANTES="1. Aprovação em concurso público para professor de Fisioterapia do INSTITUTO FEDERAL DE EDUCAÇÃO, CIÊNCIA E TECNOLOGIA DO RIO DE JANEIRO. Publicado no Diário Oficial: ISSN 1677-7069 3 Nº 24, quarta-feira, 4 de fevereiro de 2009.  2. Estágio de Docência na disciplina Cinesiologia no departamento de Fisioterapia da UFRN no período de 2008.1  3. Palestrante da disciplina Tópicos e Métodos Especiais em Dermatologia para o Programa de Pós-Graduação - Mestrado, Doutorado, Especialização e Residência Médica em Dermatologia. Tema: Avaliando alterações musculoesqueléticas em doenças imunológicas. 1 de Setembro de 2011.  4. Palestrante da disciplina Tópicos e Métodos Especiais em Dermatologia para o Programa de Pós-Graduação - Mestrado, Doutorado, Especialização e Residência Médica em Dermatologia. Tema: Cicatrização de feridas: aspectos fisiológicos e tratamento por meios físicos. 29 de Setembro de 2011."/><ENDERECO FLAG-DE-PREFERENCIA="ENDERECO_RESIDENCIAL"><ENDERECO-PROFISSIONAL CODIGO-INSTITUICAO-EMPRESA="" NOME-INSTITUICAO-EMPRESA="" CODIGO-ORGAO="" NOME-ORGAO="" CODIGO-UNIDADE="" NOME-UNIDADE="" LOGRADOURO-COMPLEMENTO="" PAIS="" UF="" CEP="" CIDADE="" BAIRRO="" DDD="" TELEFONE="" RAMAL="" FAX="" E-MAIL="belnoronha@yahoo.com.br" HOME-PAGE=""/></ENDERECO><FORMACAO-ACADEMICA-TITULACAO><GRADUACAO SEQUENCIA-FORMACAO="1" NIVEL="1" TITULO-DO-TRABALHO-DE-CONCLUSAO-DE-CURSO="Correlação do Estado Cognitivo Inicial e o Desempenho Funcional de Pacientes Pos Acidente Vascular Encefalico" NOME-DO-ORIENTADOR="Vera Maria da Rocha" CODIGO-INSTITUICAO="033700000000" NOME-INSTITUICAO="Universidade Federal do Rio Grande do Norte" CODIGO-ORGAO="" NOME-ORGAO="" CODIGO-CURSO="90000000" NOME-CURSO="Fisioterapia" CODIGO-AREA-CURSO="90000000" STATUS-DO-CURSO="CONCLUIDO" ANO-DE-INICIO="2001" ANO-DE-CONCLUSAO="2006" FLAG-BOLSA="SIM" CODIGO-AGENCIA-FINANCIADORA="002200000000" NOME-AGENCIA="Conselho Nacional de Desenvolvimento Científico e Tecnológico" NUMERO-ID-ORIENTADOR="" CODIGO-CURSO-CAPES="" TITULO-DO-TRABALHO-DE-CONCLUSAO-DE-CURSO-INGLES="" NOME-CURSO-INGLES="" FORMACAO-ACADEMICA-TITULACAO="" TIPO-GRADUACAO="" CODIGO-INSTITUICAO-GRAD="" NOME-INSTITUICAO-GRAD="" CODIGO-INSTITUICAO-OUTRA-GRAD="" NOME-INSTITUICAO-OUTRA-GRAD="" NOME-ORIENTADOR-GRAD=""/><MESTRADO SEQUENCIA-FORMACAO="6" NIVEL="3" CODIGO-INSTITUICAO="033700000000" NOME-INSTITUICAO="Universidade Federal do Rio Grande do Norte" CODIGO-ORGAO="" NOME-ORGAO="" CODIGO-CURSO="60038012" NOME-CURSO="Fisioterapia" CODIGO-AREA-CURSO="40900002" STATUS-DO-CURSO="CONCLUIDO" ANO-DE-INICIO="2007" ANO-DE-CONCLUSAO="2009" FLAG-BOLSA="SIM" CODIGO-AGENCIA-FINANCIADORA="045000000000" NOME-AGENCIA="Coordenação de Aperfeiçoamento de Pessoal de Nível Superior" ANO-DE-OBTENCAO-DO-TITULO="2009" TITULO-DA-DISSERTACAO-TESE="INFLUÊNCIA DO TORQUE E EQUILÍBRIO SOBRE A FUNÇÃO DO JOELHO APÓS RECONSTRUÇÃO DO LCA" NOME-COMPLETO-DO-ORIENTADOR="Jamilson Simões Brasileiro" TIPO-MESTRADO="" NUMERO-ID-ORIENTADOR="2238444079880883" CODIGO-CURSO-CAPES="23001011043P6" TITULO-DA-DISSERTACAO-TESE-INGLES="" NOME-CURSO-INGLES="Fitness" NOME-DO-CO-ORIENTADOR="" CODIGO-INSTITUICAO-DOUT="" NOME-INSTITUICAO-DOUT="" CODIGO-INSTITUICAO-OUTRA-DOUT="" NOME-INSTITUICAO-OUTRA-DOUT="" NOME-ORIENTADOR-DOUT=""><PALAVRAS-CHAVE PALAVRA-CHAVE-1="Ligamento Cruzado Anterior" PALAVRA-CHAVE-2="Equilíbrio Postural" PALAVRA-CHAVE-3="Avaliação Funcional" PALAVRA-CHAVE-4="" PALAVRA-CHAVE-5="" PALAVRA-CHAVE-6=""/><conceitoCapes/></MESTRADO><DOUTORADO SEQUENCIA-FORMACAO="7" NIVEL="4" CODIGO-INSTITUICAO="020200000009" NOME-INSTITUICAO="Universidade Federal do Rio de Janeiro" CODIGO-ORGAO="" NOME-ORGAO="" CODIGO-CURSO="31000487" NOME-CURSO="Clínica Médica" CODIGO-AREA-CURSO="40101002" STATUS-DO-CURSO="CONCLUIDO" ANO-DE-INICIO="2011" ANO-DE-CONCLUSAO="2016" FLAG-BOLSA="SIM" CODIGO-AGENCIA-FINANCIADORA="045000000000" NOME-AGENCIA="Coordenação de Aperfeiçoamento de Pessoal de Nível Superior" ANO-DE-OBTENCAO-DO-TITULO="2016" TITULO-DA-DISSERTACAO-TESE="O Efeito imunomodulatório da fototerapia PUVA e UVB-NB na psoríase em placas" NOME-COMPLETO-DO-ORIENTADOR="Sueli Coelho da Silva Carneiro" TIPO-DOUTORADO="N" CODIGO-INSTITUICAO-DOUT="" NOME-INSTITUICAO-DOUT="" CODIGO-INSTITUICAO-OUTRA-DOUT="" NOME-INSTITUICAO-OUTRA-DOUT="" NOME-ORIENTADOR-DOUT="" NUMERO-ID-ORIENTADOR="2806814483036209" CODIGO-CURSO-CAPES="31001017048P0" TITULO-DA-DISSERTACAO-TESE-INGLES="" NOME-CURSO-INGLES="Clinical Medicine" NOME-DO-ORIENTADOR-CO-TUTELA="" CODIGO-INSTITUICAO-OUTRA-CO-TUTELA="" CODIGO-INSTITUICAO-CO-TUTELA="" NOME-DO-ORIENTADOR-SANDUICHE="" CODIGO-INSTITUICAO-OUTRA-SANDUICHE="" CODIGO-INSTITUICAO-SANDUICHE="" NOME-DO-CO-ORIENTADOR=""><conceitoCapes/></DOUTORADO></FORMACAO-ACADEMICA-TITULACAO><ATUACOES-PROFISSIONAIS><ATUACAO-PROFISSIONAL CODIGO-INSTITUICAO="033700000000" NOME-INSTITUICAO="Universidade Federal do Rio Grande do Norte" SEQUENCIA-ATIVIDADE="1" SEQUENCIA-IMPORTANCIA=""><VINCULOS SEQUENCIA-HISTORICO="1" TIPO-DE-VINCULO="LIVRE" ENQUADRAMENTO-FUNCIONAL="LIVRE" CARGA-HORARIA-SEMANAL="" FLAG-DEDICACAO-EXCLUSIVA="NAO" MES-INICIO="08" ANO-INICIO="2001" MES-FIM="08" ANO-FIM="2006" OUTRAS-INFORMACOES="" FLAG-VINCULO-EMPREGATICIO="NAO" OUTRO-VINCULO-INFORMADO="Graduação" OUTRO-ENQUADRAMENTO-FUNCIONAL-INFORMADO="Graduada" OUTRO-ENQUADRAMENTO-FUNCIONAL-INFORMADO-INGLES="" OUTRAS-INFORMACOES-INGLES=""/><ATIVIDADES-DE-ENSINO><ENSINO SEQUENCIA-FUNCAO-ATIVIDADE="6" FLAG-PERIODO="ANTERIOR" TIPO-ENSINO="GRADUACAO" MES-INICIO="04" ANO-INICIO="2004" MES-FIM="04" ANO-FIM="2006" CODIGO-ORGAO="" NOME-ORGAO="" CODIGO-CURSO="90000008" NOME-CURSO="Atividade de Monitoria (Bolsista)" NOME-CURSO-INGLES=""><DISCIPLINA SEQUENCIA-ESPECIFICACAO="1">Eletroterapia</DISCIPLINA><DISCIPLINA SEQUENCIA-ESPECIFICACAO="2">Fototerapia</DISCIPLINA><DISCIPLINA SEQUENCIA-ESPECIFICACAO="3">Termoterapia</DISCIPLINA></ENSINO></ATIVIDADES-DE-ENSINO><ATIVIDADES-DE-EXTENSAO-UNIVERSITARIA><EXTENSAO-UNIVERSITARIA SEQUENCIA-FUNCAO-ATIVIDADE="2" FLAG-PERIODO="ANTERIOR" MES-INICIO="03" ANO-INICIO="2004" MES-FIM="03" ANO-FIM="2004" CODIGO-ORGAO="033708000009" NOME-ORGAO="Centro de Ciências da Saúde" CODIGO-UNIDADE="" NOME-UNIDADE="" ATIVIDADE-DE-EXTENSAO-REALIZADA="V Seminario de Etica e Pesquisa em Saude"/><EXTENSAO-UNIVERSITARIA SEQUENCIA-FUNCAO-ATIVIDADE="1" FLAG-PERIODO="ANTERIOR" MES-INICIO="01" ANO-INICIO="2002" MES-FIM="12" ANO-FIM="2002" CODIGO-ORGAO="033708000009" NOME-ORGAO="Centro de Ciências da Saúde" CODIGO-UNIDADE="033708001994" NOME-UNIDADE="Departamento de Fisioterapia" ATIVIDADE-DE-EXTENSAO-REALIZADA="PROJETO VIVA A DIFERENÇA"/></ATIVIDADES-DE-EXTENSAO-UNIVERSITARIA><ATIVIDADES-DE-PARTICIPACAO-EM-PROJETO><PARTICIPACAO-EM-PROJETO SEQUENCIA-FUNCAO-ATIVIDADE="3" FLAG-PERIODO="ANTERIOR" MES-INICIO="08" ANO-INICIO="2003" MES-FIM="08" ANO-FIM="2004" CODIGO-ORGAO="033708000009" NOME-ORGAO="Centro de Ciências da Saúde" CODIGO-UNIDADE="" NOME-UNIDADE=""><PROJETO-DE-PESQUISA SEQUENCIA-PROJETO="1" ANO-INICIO="2003" ANO-FIM="2004" NOME-DO-PROJETO="Variação dos hormônios sexuais e percepção dolorosa durante o ciclo menstrual em mulheres eumenorreicas" SITUACAO="CONCLUIDO" NATUREZA="PESQUISA" NUMERO-GRADUACAO="2" NUMERO-ESPECIALIZACAO="" NUMERO-MESTRADO-ACADEMICO="" NUMERO-MESTRADO-PROF="" NUMERO-DOUTORADO="1" DESCRICAO-DO-PROJETO="COLABORAÇÃO NO PROJETO DE PESQUISA DO DEP DE SAÚDE PÚBLICA DA UFRN QUE ANALISA A RELAÇÃO ENTRE A VARIAÇÃO DOS HORMÔNIOS SEXUAIS E A PERCEPÇÃO DOLOROSA EM MULHERES EUMENORRÉICAS DURANTE O CICLO MENSTRUAL" IDENTIFICADOR-PROJETO="" DESCRICAO-DO-PROJETO-INGLES="" NOME-DO-PROJETO-INGLES="" FLAG-POTENCIAL-INOVACAO="NAO" FLAG-PROJETO-CERTIFICADO="nao" NOME-COORDENADOR-CERTIFICACAO="" FORMATO-DATA-CERTIFICACAO="DDMMAAAA" DATA-CERTIFICACAO="" NUMERO_TECNICO_NIVEL_MEDIO=""><EQUIPE-DO-PROJETO><INTEGRANTES-DO-PROJETO NOME-COMPLETO="Maria Isabel de Noronha Neta" NOME-PARA-CITACAO="Neta, M.I.N.;NORONHA NETA, MARIA ISABEL" ORDEM-DE-INTEGRACAO="1" FLAG-RESPONSAVEL="NAO" NRO-ID-CNPQ="1808152829261887"/><INTEGRANTES-DO-PROJETO NOME-COMPLETO="Elizabel de Souza Ramalho Viana" NOME-PARA-CITACAO="VIANA, E. S. R." ORDEM-DE-INTEGRACAO="2" FLAG-RESPONSAVEL="SIM" NRO-ID-CNPQ=""/><INTEGRANTES-DO-PROJETO NOME-COMPLETO="Ana Carolina de Azevedo Lima" NOME-PARA-CITACAO="LIMA, A. C. A." ORDEM-DE-INTEGRACAO="3" FLAG-RESPONSAVEL="NAO" NRO-ID-CNPQ=""/></EQUIPE-DO-PROJETO><FINANCIADORES-DO-PROJETO><FINANCIADOR-DO-PROJETO SEQUENCIA-FINANCIADOR="1" CODIGO-INSTITUICAO="" NOME-INSTITUICAO="" NATUREZA="NAO_INFORMADO"/></FINANCIADORES-DO-PROJETO><PRODUCOES-CT-DO-PROJETO><PRODUCAO-CT-DO-PROJETO SEQUENCIA-PRODUCAO-CT="1" TITULO-DA-PRODUCAO-CT="VARIAÇÃO DS PERCEPÇÃO DOLOROSA DURANTE O CICLO MENSTRUAL EM MULHERES EUMENORREICAS" TIPO-PRODUCAO-CT="Trabalho publicado em anais de eventos(Resumido)" TITULO-DA-PRODUCAO-CT-INGLES=""/></PRODUCOES-CT-DO-PROJETO></PROJETO-DE-PESQUISA></PARTICIPACAO-EM-PROJETO><PARTICIPACAO-EM-PROJETO SEQUENCIA-FUNCAO-ATIVIDADE="4" FLAG-PERIODO="ANTERIOR" MES-INICIO="" ANO-INICIO="2002" MES-FIM="" ANO-FIM="2003" CODIGO-ORGAO="033708000009" NOME-ORGAO="Centro de Ciências da Saúde" CODIGO-UNIDADE="" NOME-UNIDADE=""><PROJETO-DE-PESQUISA SEQUENCIA-PROJETO="1" ANO-INICIO="2002" ANO-FIM="2003" NOME-DO-PROJETO="Influência dos hormônios sexuais femininos sobre a função respiratória em humanos" SITUACAO="CONCLUIDO" NATUREZA="PESQUISA" NUMERO-GRADUACAO="" NUMERO-ESPECIALIZACAO="" NUMERO-MESTRADO-ACADEMICO="" NUMERO-MESTRADO-PROF="" NUMERO-DOUTORADO="" DESCRICAO-DO-PROJETO="PROJETO DE PESQUISA DO DEP DE SAÚDE PÚBLICA DA UFRN QUE ANALISA ANALISA A INFLUÊNCIA DOS HORMÔNIOS SEXUAIS FEMININOS SOBRE A FUNÇÃO RESPIRATÓRIA EM HUMANOS" IDENTIFICADOR-PROJETO="" DESCRICAO-DO-PROJETO-INGLES="" NOME-DO-PROJETO-INGLES="" FLAG-POTENCIAL-INOVACAO="NAO" FLAG-PROJETO-CERTIFICADO="nao" NOME-COORDENADOR-CERTIFICACAO="" FORMATO-DATA-CERTIFICACAO="DDMMAAAA" DATA-CERTIFICACAO="" NUMERO_TECNICO_NIVEL_MEDIO=""><EQUIPE-DO-PROJETO><INTEGRANTES-DO-PROJETO NOME-COMPLETO="Maria Isabel de Noronha Neta" NOME-PARA-CITACAO="Neta, M.I.N.;NORONHA NETA, MARIA ISABEL" ORDEM-DE-INTEGRACAO="1" FLAG-RESPONSAVEL="NAO" NRO-ID-CNPQ="1808152829261887"/><INTEGRANTES-DO-PROJETO NOME-COMPLETO="Selma Bruno da Silva" NOME-PARA-CITACAO="SILVA, S. B." ORDEM-DE-INTEGRACAO="2" FLAG-RESPONSAVEL="SIM" NRO-ID-CNPQ=""/><INTEGRANTES-DO-PROJETO NOME-COMPLETO="Ana Carolina de Azevedo Lima" NOME-PARA-CITACAO="LIMA, A. C. A." ORDEM-DE-INTEGRACAO="3" FLAG-RESPONSAVEL="NAO" NRO-ID-CNPQ=""/></EQUIPE-DO-PROJETO></PROJETO-DE-PESQUISA></PARTICIPACAO-EM-PROJETO><PARTICIPACAO-EM-PROJETO SEQUENCIA-FUNCAO-ATIVIDADE="9" FLAG-PERIODO="ANTERIOR" MES-INICIO="" ANO-INICIO="2005" MES-FIM="" ANO-FIM="2006" CODIGO-ORGAO="033708000009" NOME-ORGAO="Centro de Ciências da Saúde" CODIGO-UNIDADE="033708001994" NOME-UNIDADE="Departamento de Fisioterapia"><PROJETO-DE-PESQUISA SEQUENCIA-PROJETO="1" ANO-INICIO="2005" ANO-FIM="2006" NOME-DO-PROJETO="Avaliação cognitiva e funcional de pacientes portadores de Acidente Vascular Encefálico - AVE atendidos em duas unidades de ensino de Fisioterapia da cidade de Natal/RN - Bolsista de Iniciação Científica - PIBIC/CNPQ" SITUACAO="CONCLUIDO" NATUREZA="PESQUISA" NUMERO-GRADUACAO="4" NUMERO-ESPECIALIZACAO="" NUMERO-MESTRADO-ACADEMICO="" NUMERO-MESTRADO-PROF="" NUMERO-DOUTORADO="1" DESCRICAO-DO-PROJETO="O presente estudo tem por objetivo investigar a correlação entre o desempenho Cognitivo e Funcional de pacientes portadores de AVC atendidos pelo serviço de Fisioterapia do Hospital Universitário Onofre Lopes - HUOL e da Universidade Potiguar- UNP, verificando o desempenho cognitivo e funcional desses pacientes." IDENTIFICADOR-PROJETO="" DESCRICAO-DO-PROJETO-INGLES="" NOME-DO-PROJETO-INGLES="" FLAG-POTENCIAL-INOVACAO="NAO" FLAG-PROJETO-CERTIFICADO="nao" NOME-COORDENADOR-CERTIFICACAO="" FORMATO-DATA-CERTIFICACAO="DDMMAAAA" DATA-CERTIFICACAO="" NUMERO_TECNICO_NIVEL_MEDIO=""><EQUIPE-DO-PROJETO><INTEGRANTES-DO-PROJETO NOME-COMPLETO="Maria Isabel de Noronha Neta" NOME-PARA-CITACAO="Neta, M.I.N.;NORONHA NETA, MARIA ISABEL" ORDEM-DE-INTEGRACAO="1" FLAG-RESPONSAVEL="NAO" NRO-ID-CNPQ="1808152829261887"/><INTEGRANTES-DO-PROJETO NOME-COMPLETO="Vera Maria da Rocha" NOME-PARA-CITACAO="ROCHA, V. M." ORDEM-DE-INTEGRACAO="2" FLAG-RESPONSAVEL="SIM" NRO-ID-CNPQ=""/><INTEGRANTES-DO-PROJETO NOME-COMPLETO="Fabrícia Azevedo da Costa" NOME-PARA-CITACAO="COSTA, F. A." ORDEM-DE-INTEGRACAO="3" FLAG-RESPONSAVEL="NAO" NRO-ID-CNPQ=""/><INTEGRANTES-DO-PROJETO NOME-COMPLETO="Elijane costa alves" NOME-PARA-CITACAO="ALVES, E. C." ORDEM-DE-INTEGRACAO="4" FLAG-RESPONSAVEL="NAO" NRO-ID-CNPQ=""/></EQUIPE-DO-PROJETO><FINANCIADORES-DO-PROJETO><FINANCIADOR-DO-PROJETO SEQUENCIA-FINANCIADOR="1" CODIGO-INSTITUICAO="045000000000" NOME-INSTITUICAO="Coordenação de Aperfeiçoamento de Pessoal de Nível Superior" NATUREZA="BOLSA"/></FINANCIADORES-DO-PROJETO><PRODUCOES-CT-DO-PROJETO><PRODUCAO-CT-DO-PROJETO SEQUENCIA-PRODUCAO-CT="2" TITULO-DA-PRODUCAO-CT="Profile of stroke patients attended at physiotherapy service during 2000-2004 in Natal-RN" TIPO-PRODUCAO-CT="Trabalho publicado em anais de eventos(Resumido)" TITULO-DA-PRODUCAO-CT-INGLES=""/><PRODUCAO-CT-DO-PROJETO SEQUENCIA-PRODUCAO-CT="3" TITULO-DA-PRODUCAO-CT="CLASSIFICAÇÃO INTERNACIONAL DE FUNCIONALIDADE, INCAPACIDADE E SAÚDE (CIF) NA REABILITAÇÃO DE PACIENTES COM ACIDENTE VASCULAR CEREBRAL (AVC)" TIPO-PRODUCAO-CT="Trabalho publicado em anais de eventos(Resumido)" TITULO-DA-PRODUCAO-CT-INGLES=""/><PRODUCAO-CT-DO-PROJETO SEQUENCIA-PRODUCAO-CT="4" TITULO-DA-PRODUCAO-CT="ETIOLOGIA DO ACIDENTE VASCULAR ENCEFÁLICO - AVE E INDEPENDÊNCIA FUNCIONAL" TIPO-PRODUCAO-CT="Trabalho publicado em anais de eventos(Resumido)" TITULO-DA-PRODUCAO-CT-INGLES=""/><PRODUCAO-CT-DO-PROJETO SEQUENCIA-PRODUCAO-CT="20" TITULO-DA-PRODUCAO-CT="Desempenho Cognitivo e Funcional de Pacientes Pós Acidente Vascular Encefálico" TIPO-PRODUCAO-CT="Trabalho publicado em anais de eventos(Resumido)" TITULO-DA-PRODUCAO-CT-INGLES=""/></PRODUCOES-CT-DO-PROJETO></PROJETO-DE-PESQUISA></PARTICIPACAO-EM-PROJETO><PARTICIPACAO-EM-PROJETO SEQUENCIA-FUNCAO-ATIVIDADE="12" FLAG-PERIODO="ANTERIOR" MES-INICIO="" ANO-INICIO="2007" MES-FIM="" ANO-FIM="2009" CODIGO-ORGAO="033708000009" NOME-ORGAO="Centro de Ciências da Saúde" CODIGO-UNIDADE="033708001994" NOME-UNIDADE="Departamento de Fisioterapia"><PROJETO-DE-PESQUISA SEQUENCIA-PROJETO="2" ANO-INICIO="2007" ANO-FIM="2009" NOME-DO-PROJETO="Avaliação após reconstrução do ligamento cruzado anterior" SITUACAO="CONCLUIDO" NATUREZA="PESQUISA" NUMERO-GRADUACAO="" NUMERO-ESPECIALIZACAO="" NUMERO-MESTRADO-ACADEMICO="1" NUMERO-MESTRADO-PROF="" NUMERO-DOUTORADO="" DESCRICAO-DO-PROJETO="Trabalho de Dissertação de Mestrado em Fisioterapia pela UFRN, com o objetivo de avaliar correlação entre o torque e o equilíbrio postural sobre a função do joelho após a reconstrução do LCA" IDENTIFICADOR-PROJETO="" DESCRICAO-DO-PROJETO-INGLES="" NOME-DO-PROJETO-INGLES="" FLAG-POTENCIAL-INOVACAO="NAO" FLAG-PROJETO-CERTIFICADO="nao" NOME-COORDENADOR-CERTIFICACAO="" FORMATO-DATA-CERTIFICACAO="DDMMAAAA" DATA-CERTIFICACAO="" NUMERO_TECNICO_NIVEL_MEDIO=""><EQUIPE-DO-PROJETO><INTEGRANTES-DO-PROJETO NOME-COMPLETO="Maria Isabel de Noronha Neta" NOME-PARA-CITACAO="Neta, M.I.N.;NORONHA NETA, MARIA ISABEL" ORDEM-DE-INTEGRACAO="1" FLAG-RESPONSAVEL="SIM" NRO-ID-CNPQ="1808152829261887"/><INTEGRANTES-DO-PROJETO NOME-COMPLETO="Jamilson Simões Brasileiro" NOME-PARA-CITACAO="BRASILEIRO, J. S." ORDEM-DE-INTEGRACAO="2" FLAG-RESPONSAVEL="NAO" NRO-ID-CNPQ=""/><INTEGRANTES-DO-PROJETO NOME-COMPLETO="NÍCIA FARIAS BRAGA" NOME-PARA-CITACAO="BRAGA, N. F." ORDEM-DE-INTEGRACAO="3" FLAG-RESPONSAVEL="NAO" NRO-ID-CNPQ=""/><INTEGRANTES-DO-PROJETO NOME-COMPLETO="DENISE DAL`AVA AUGUSTO" NOME-PARA-CITACAO="AUGUSTO, D. D." ORDEM-DE-INTEGRACAO="4" FLAG-RESPONSAVEL="NAO" NRO-ID-CNPQ=""/></EQUIPE-DO-PROJETO><FINANCIADORES-DO-PROJETO><FINANCIADOR-DO-PROJETO SEQUENCIA-FINANCIADOR="1" CODIGO-INSTITUICAO="045000000000" NOME-INSTITUICAO="Coordenação de Aperfeiçoamento de Pessoal de Nível Superior" NATUREZA="BOLSA"/></FINANCIADORES-DO-PROJETO><PRODUCOES-CT-DO-PROJETO><PRODUCAO-CT-DO-PROJETO SEQUENCIA-PRODUCAO-CT="31" TITULO-DA-PRODUCAO-CT="CORRELAÇÃO ENTRE TORQUE, EQUILÍBRIO E FUNÇÃO DO JOELHO APÓS RECONSTRUÇÃO DO LCA." TIPO-PRODUCAO-CT="Trabalho publicado em anais de eventos(Resumido)" TITULO-DA-PRODUCAO-CT-INGLES=""/><PRODUCAO-CT-DO-PROJETO SEQUENCIA-PRODUCAO-CT="32" TITULO-DA-PRODUCAO-CT="COMPARAÇÃO ENTRE O MEMBRO DOMINANTE E NÃO DOMINANTE DE SUJEITOS SAUDÁVEIS" TIPO-PRODUCAO-CT="Trabalho publicado em anais de eventos(Resumido)" TITULO-DA-PRODUCAO-CT-INGLES=""/></PRODUCOES-CT-DO-PROJETO></PROJETO-DE-PESQUISA></PARTICIPACAO-EM-PROJETO><PARTICIPACAO-EM-PROJETO SEQUENCIA-FUNCAO-ATIVIDADE="7" FLAG-PERIODO="ANTERIOR" MES-INICIO="" ANO-INICIO="2003" MES-FIM="" ANO-FIM="2004" CODIGO-ORGAO="033708000009" NOME-ORGAO="Centro de Ciências da Saúde" CODIGO-UNIDADE="033708001994" NOME-UNIDADE="Departamento de Fisioterapia"><PROJETO-DE-PESQUISA SEQUENCIA-PROJETO="1" ANO-INICIO="2003" ANO-FIM="2004" NOME-DO-PROJETO="PROJETO VIVA A DIFERENÇA: UM PROGRAMA PARA A INTEGRAÇÃO SOCIAL DA PESSOA PORTADORA DE DEFICIÊNCIA" SITUACAO="CONCLUIDO" NATUREZA="EXTENSAO" NUMERO-GRADUACAO="" NUMERO-ESPECIALIZACAO="" NUMERO-MESTRADO-ACADEMICO="" NUMERO-MESTRADO-PROF="" NUMERO-DOUTORADO="" DESCRICAO-DO-PROJETO="PROJETO DE EXTENSÃO DO DEP FISIOTERAPIA DA UFRN QUE TEM OBJETIVO PROMOVER A INTEGRÇÃO SOCIAL DA PESSOA COM NECESSIDADES ESPECIAIS ATRAVÉS DE ATIVIDADES DE LAZER.." IDENTIFICADOR-PROJETO="" DESCRICAO-DO-PROJETO-INGLES="" NOME-DO-PROJETO-INGLES="" FLAG-POTENCIAL-INOVACAO="NAO" FLAG-PROJETO-CERTIFICADO="nao" NOME-COORDENADOR-CERTIFICACAO="" FORMATO-DATA-CERTIFICACAO="DDMMAAAA" DATA-CERTIFICACAO="" NUMERO_TECNICO_NIVEL_MEDIO=""><EQUIPE-DO-PROJETO><INTEGRANTES-DO-PROJETO NOME-COMPLETO="Maria Isabel de Noronha Neta" NOME-PARA-CITACAO="Neta, M.I.N.;NORONHA NETA, MARIA ISABEL" ORDEM-DE-INTEGRACAO="1" FLAG-RESPONSAVEL="NAO" NRO-ID-CNPQ="1808152829261887"/><INTEGRANTES-DO-PROJETO NOME-COMPLETO="Vera Maria da Rocha" NOME-PARA-CITACAO="ROCHA, V. M." ORDEM-DE-INTEGRACAO="2" FLAG-RESPONSAVEL="NAO" NRO-ID-CNPQ=""/><INTEGRANTES-DO-PROJETO NOME-COMPLETO="Marcia Ortiz" NOME-PARA-CITACAO="ORTIZ, M." ORDEM-DE-INTEGRACAO="3" FLAG-RESPONSAVEL="SIM" NRO-ID-CNPQ=""/></EQUIPE-DO-PROJETO><FINANCIADORES-DO-PROJETO><FINANCIADOR-DO-PROJETO SEQUENCIA-FINANCIADOR="1" CODIGO-INSTITUICAO="" NOME-INSTITUICAO="" NATUREZA="NAO_INFORMADO"/></FINANCIADORES-DO-PROJETO><PRODUCOES-CT-DO-PROJETO><PRODUCAO-CT-DO-PROJETO SEQUENCIA-PRODUCAO-CT="5" TITULO-DA-PRODUCAO-CT="ACESSIBILIDADE DE PESSOAS COM NECESSIDADES ESPECIAS EM ÁREAS DE LAZER DO RIO GRANDE DO NORTE" TIPO-PRODUCAO-CT="Trabalho publicado em anais de eventos(Resumido)" TITULO-DA-PRODUCAO-CT-INGLES=""/><PRODUCAO-CT-DO-PROJETO SEQUENCIA-PRODUCAO-CT="6" TITULO-DA-PRODUCAO-CT="APLICAÇÃO DE ATIVIDADES LÚDICAS E DE LAZER COMO FORMA DE DESENVOLVER E INCLUIR A PARTICIPAÇÃO DE PESSOAS COM NECESSIDADES ESPECIAS (PNEs)" TIPO-PRODUCAO-CT="Trabalho publicado em anais de eventos(Resumido)" TITULO-DA-PRODUCAO-CT-INGLES=""/></PRODUCOES-CT-DO-PROJETO></PROJETO-DE-PESQUISA></PARTICIPACAO-EM-PROJETO></ATIVIDADES-DE-PARTICIPACAO-EM-PROJETO><atividadesProfissionaisPlanificadas/></ATUACAO-PROFISSIONAL><ATUACAO-PROFISSIONAL CODIGO-INSTITUICAO="020200000009" NOME-INSTITUICAO="Universidade Federal do Rio de Janeiro" SEQUENCIA-ATIVIDADE="2" SEQUENCIA-IMPORTANCIA=""><VINCULOS SEQUENCIA-HISTORICO="2" TIPO-DE-VINCULO="LIVRE" ENQUADRAMENTO-FUNCIONAL="LIVRE" CARGA-HORARIA-SEMANAL="" FLAG-DEDICACAO-EXCLUSIVA="NAO" MES-INICIO="" ANO-INICIO="2010" MES-FIM="" ANO-FIM="" OUTRAS-INFORMACOES="" FLAG-VINCULO-EMPREGATICIO="SIM" OUTRO-VINCULO-INFORMADO="Pesquisadora" OUTRO-ENQUADRAMENTO-FUNCIONAL-INFORMADO="Pesquisadora Colaboradora" OUTRO-ENQUADRAMENTO-FUNCIONAL-INFORMADO-INGLES="" OUTRAS-INFORMACOES-INGLES=""/><ATIVIDADES-DE-PESQUISA-E-DESENVOLVIMENTO><PESQUISA-E-DESENVOLVIMENTO SEQUENCIA-FUNCAO-ATIVIDADE="15" FLAG-PERIODO="ATUAL" MES-INICIO="03" ANO-INICIO="2010" MES-FIM="" ANO-FIM="" CODIGO-ORGAO="020202000995" NOME-ORGAO="Serviço de Dermatologia" CODIGO-UNIDADE="" NOME-UNIDADE=""><LINHA-DE-PESQUISA SEQUENCIA-LINHA="1" TITULO-DA-LINHA-DE-PESQUISA="Pesquisa em Psoríase" FLAG-LINHA-DE-PESQUISA-ATIVA="NAO" OBJETIVOS-LINHA-DE-PESQUISA="" TITULO-DA-LINHA-DE-PESQUISA-INGLES="" OBJETIVOS-LINHA-DE-PESQUISA-INGLES=""/></PESQUISA-E-DESENVOLVIMENTO></ATIVIDADES-DE-PESQUISA-E-DESENVOLVIMENTO><ATIVIDADES-DE-PARTICIPACAO-EM-PROJETO><PARTICIPACAO-EM-PROJETO SEQUENCIA-FUNCAO-ATIVIDADE="14" FLAG-PERIODO="ANTERIOR" MES-INICIO="" ANO-INICIO="2010" MES-FIM="" ANO-FIM="2014" CODIGO-ORGAO="020201000991" NOME-ORGAO="Departamento de Pós Graduação em Clínica Médica, Serviço de Dermatologia" CODIGO-UNIDADE="" NOME-UNIDADE=""><PROJETO-DE-PESQUISA SEQUENCIA-PROJETO="4" ANO-INICIO="2010" ANO-FIM="" NOME-DO-PROJETO="Imunopatogia Cutânea" SITUACAO="EM_ANDAMENTO" NATUREZA="PESQUISA" NUMERO-GRADUACAO="" NUMERO-ESPECIALIZACAO="" NUMERO-MESTRADO-ACADEMICO="" NUMERO-MESTRADO-PROF="" NUMERO-DOUTORADO="" DESCRICAO-DO-PROJETO="Estudar os mecanismos de doenças onde estão envolvidos alterações imunológicas - Estabelecer procedimentos diagnósticos avançados no âmbito assistêncial - Capacitar profissionais - Desenvolver teses de mestrado e doutorado" IDENTIFICADOR-PROJETO="" DESCRICAO-DO-PROJETO-INGLES="" NOME-DO-PROJETO-INGLES="" FLAG-POTENCIAL-INOVACAO="NAO" FLAG-PROJETO-CERTIFICADO="nao" NOME-COORDENADOR-CERTIFICACAO="" FORMATO-DATA-CERTIFICACAO="DDMMAAAA" DATA-CERTIFICACAO="" NUMERO_TECNICO_NIVEL_MEDIO=""><EQUIPE-DO-PROJETO><INTEGRANTES-DO-PROJETO NOME-COMPLETO="Maria Isabel de Noronha Neta" NOME-PARA-CITACAO="Neta, M.I.N.;NORONHA NETA, MARIA ISABEL" ORDEM-DE-INTEGRACAO="1" FLAG-RESPONSAVEL="SIM" NRO-ID-CNPQ="1808152829261887"/><INTEGRANTES-DO-PROJETO NOME-COMPLETO="Sueli Carneiro" NOME-PARA-CITACAO="Carneiro S." ORDEM-DE-INTEGRACAO="2" FLAG-RESPONSAVEL="NAO" NRO-ID-CNPQ=""/></EQUIPE-DO-PROJETO><FINANCIADORES-DO-PROJETO><FINANCIADOR-DO-PROJETO SEQUENCIA-FINANCIADOR="1" CODIGO-INSTITUICAO="002200000000" NOME-INSTITUICAO="Conselho Nacional de Desenvolvimento Científico e Tecnológico" NATUREZA="BOLSA"/></FINANCIADORES-DO-PROJETO><PRODUCOES-CT-DO-PROJETO><PRODUCAO-CT-DO-PROJETO SEQUENCIA-PRODUCAO-CT="36" TITULO-DA-PRODUCAO-CT="O Impacto da Psoríase na Qualidade de Vida: Uso dos Questionários PDI e DLQI" TIPO-PRODUCAO-CT="Apresentação de trabalho(Congresso)" TITULO-DA-PRODUCAO-CT-INGLES=""/></PRODUCOES-CT-DO-PROJETO></PROJETO-DE-PESQUISA></PARTICIPACAO-EM-PROJETO><PARTICIPACAO-EM-PROJETO SEQUENCIA-FUNCAO-ATIVIDADE="13" FLAG-PERIODO="ATUAL" MES-INICIO="" ANO-INICIO="2010" MES-FIM="" ANO-FIM="" CODIGO-ORGAO="020201000991" NOME-ORGAO="Departamento de Pós Graduação em Clínica Médica, Serviço de Dermatologia" CODIGO-UNIDADE="" NOME-UNIDADE=""><PROJETO-DE-PESQUISA SEQUENCIA-PROJETO="3" ANO-INICIO="2010" ANO-FIM="" NOME-DO-PROJETO="O Efeito imunomodulatório da fototerapia PUVA e UVB-NB na psoríase em placas" SITUACAO="EM_ANDAMENTO" NATUREZA="PESQUISA" NUMERO-GRADUACAO="" NUMERO-ESPECIALIZACAO="" NUMERO-MESTRADO-ACADEMICO="" NUMERO-MESTRADO-PROF="" NUMERO-DOUTORADO="" DESCRICAO-DO-PROJETO="Projeto de doutorado com objetivo de estudar os efeitos imunomodulatórios da fotoquimioterapia PUVA e UVB-NB na psoríase em placas." IDENTIFICADOR-PROJETO="" DESCRICAO-DO-PROJETO-INGLES="" NOME-DO-PROJETO-INGLES="" FLAG-POTENCIAL-INOVACAO="NAO" FLAG-PROJETO-CERTIFICADO="nao" NOME-COORDENADOR-CERTIFICACAO="" FORMATO-DATA-CERTIFICACAO="DDMMAAAA" DATA-CERTIFICACAO="" NUMERO_TECNICO_NIVEL_MEDIO=""><EQUIPE-DO-PROJETO><INTEGRANTES-DO-PROJETO NOME-COMPLETO="Maria Isabel de Noronha Neta" NOME-PARA-CITACAO="Neta, M.I.N.;NORONHA NETA, MARIA ISABEL" ORDEM-DE-INTEGRACAO="1" FLAG-RESPONSAVEL="SIM" NRO-ID-CNPQ="1808152829261887"/><INTEGRANTES-DO-PROJETO NOME-COMPLETO="Sueli Carneiro" NOME-PARA-CITACAO="Carneiro S." ORDEM-DE-INTEGRACAO="2" FLAG-RESPONSAVEL="NAO" NRO-ID-CNPQ=""/></EQUIPE-DO-PROJETO><FINANCIADORES-DO-PROJETO><FINANCIADOR-DO-PROJETO SEQUENCIA-FINANCIADOR="1" CODIGO-INSTITUICAO="002200000000" NOME-INSTITUICAO="Conselho Nacional de Desenvolvimento Científico e Tecnológico" NATUREZA="BOLSA"/></FINANCIADORES-DO-PROJETO><PRODUCOES-CT-DO-PROJETO><PRODUCAO-CT-DO-PROJETO SEQUENCIA-PRODUCAO-CT="36" TITULO-DA-PRODUCAO-CT="O Impacto da Psoríase na Qualidade de Vida: Uso dos Questionários PDI e DLQI" TIPO-PRODUCAO-CT="Apresentação de trabalho(Congresso)" TITULO-DA-PRODUCAO-CT-INGLES=""/></PRODUCOES-CT-DO-PROJETO></PROJETO-DE-PESQUISA></PARTICIPACAO-EM-PROJETO></ATIVIDADES-DE-PARTICIPACAO-EM-PROJETO><atividadesProfissionaisPlanificadas/></ATUACAO-PROFISSIONAL><ATUACAO-PROFISSIONAL CODIGO-INSTITUICAO="201900000008" NOME-INSTITUICAO="Centro Universitário Augusto Motta" SEQUENCIA-ATIVIDADE="3" SEQUENCIA-IMPORTANCIA=""><VINCULOS SEQUENCIA-HISTORICO="1" TIPO-DE-VINCULO="PROFESSOR_VISITANTE" ENQUADRAMENTO-FUNCIONAL="LIVRE" CARGA-HORARIA-SEMANAL="12" FLAG-DEDICACAO-EXCLUSIVA="NAO" MES-INICIO="02" ANO-INICIO="2012" MES-FIM="" ANO-FIM="" OUTRAS-INFORMACOES="Aulas ministradas nas disciplinas de anatomia, cinesiologia, cinesioterapia, recursos terapêuticos manuais, prática assistida, fisioterapia nas alterações do sistema locomotor, traumato-ortopedia e reumatologia aplicada." FLAG-VINCULO-EMPREGATICIO="SIM" OUTRO-VINCULO-INFORMADO="" OUTRO-ENQUADRAMENTO-FUNCIONAL-INFORMADO="Professor Assistente" OUTRO-ENQUADRAMENTO-FUNCIONAL-INFORMADO-INGLES="" OUTRAS-INFORMACOES-INGLES=""/><atividadesProfissionaisPlanificadas/></ATUACAO-PROFISSIONAL><ATUACAO-PROFISSIONAL CODIGO-INSTITUICAO="000200000993" NOME-INSTITUICAO="Polícia Militar do Estado do Rio de Janeiro" SEQUENCIA-ATIVIDADE="4" SEQUENCIA-IMPORTANCIA="4"><VINCULOS SEQUENCIA-HISTORICO="1" TIPO-DE-VINCULO="LIVRE" ENQUADRAMENTO-FUNCIONAL="LIVRE" CARGA-HORARIA-SEMANAL="24" FLAG-DEDICACAO-EXCLUSIVA="NAO" MES-INICIO="12" ANO-INICIO="2010" MES-FIM="" ANO-FIM="" OUTRAS-INFORMACOES="Capitão fisioterapeuta atuando em ambulatório de traumato-ortopedia e reumatologia." FLAG-VINCULO-EMPREGATICIO="SIM" OUTRO-VINCULO-INFORMADO="" OUTRO-ENQUADRAMENTO-FUNCIONAL-INFORMADO="Oficial Fisioterapêuta" OUTRO-ENQUADRAMENTO-FUNCIONAL-INFORMADO-INGLES="" OUTRAS-INFORMACOES-INGLES=""/><atividadesProfissionaisPlanificadas/></ATUACAO-PROFISSIONAL></ATUACOES-PROFISSIONAIS><AREAS-DE-ATUACAO><AREA-DE-ATUACAO SEQUENCIA-AREA-DE-ATUACAO="1" NOME-GRANDE-AREA-DO-CONHECIMENTO="CIENCIAS_DA_SAUDE" NOME-DA-AREA-DO-CONHECIMENTO="Fisioterapia e Terapia Ocupacional" NOME-DA-SUB-AREA-DO-CONHECIMENTO="Traumatologia" NOME-DA-ESPECIALIDADE="Traumato-ortopedia"/></AREAS-DE-ATUACAO><IDIOMAS><IDIOMA IDIOMA="EN" DESCRICAO-DO-IDIOMA="Inglês" PROFICIENCIA-DE-LEITURA="BEM" PROFICIENCIA-DE-FALA="RAZOAVELMENTE" PROFICIENCIA-DE-ESCRITA="RAZOAVELMENTE" PROFICIENCIA-DE-COMPREENSAO="BEM"/></IDIOMAS><PREMIOS-TITULOS><PREMIO-TITULO NOME-DO-PREMIO-OU-TITULO="MENÇÃO HONROSA" NOME-DA-ENTIDADE-PROMOTORA="COBEC2012 - 2st Brazilian Congress in Electromyography and Kinesiology and 2st National Meeting of M" ANO-DA-PREMIACAO="2012" NOME-DO-PREMIO-OU-TITULO-INGLES=""/></PREMIOS-TITULOS><staValidado/><dataExibicao/><dadosBolsista/></DADOS-GERAIS><PRODUCAO-BIBLIOGRAFICA><TRABALHOS-EM-EVENTOS><TRABALHO-EM-EVENTOS SEQUENCIA-PRODUCAO="1"><DADOS-BASICOS-DO-TRABALHO NATUREZA="RESUMO" TITULO-DO-TRABALHO="VARIAÇÃO DS PERCEPÇÃO DOLOROSA DURANTE O CICLO MENSTRUAL EM MULHERES EUMENORREICAS" ANO-DO-TRABALHO="2003" PAIS-DO-EVENTO="Brasil" IDIOMA="Português" MEIO-DE-DIVULGACAO="IMPRESSO" HOME-PAGE-DO-TRABALHO="" FLAG-RELEVANCIA="NAO" DOI="" TITULO-DO-TRABALHO-INGLES="" FLAG-DIVULGACAO-CIENTIFICA="NAO"/><DETALHAMENTO-DO-TRABALHO CLASSIFICACAO-DO-EVENTO="LOCAL" NOME-DO-EVENTO="XIV Congresso de Iniciação científica" CIDADE-DO-EVENTO="Natal" ANO-DE-REALIZACAO="2003" TITULO-DOS-ANAIS-OU-PROCEEDINGS="XIV Congresso de Iniciação científica" VOLUME="" FASCICULO="" SERIE="" PAGINA-INICIAL="" PAGINA-FINAL="" ISBN="" NOME-DA-EDITORA="" CIDADE-DA-EDITORA="" NOME-DO-EVENTO-INGLES=""/><AUTORES NOME-COMPLETO-DO-AUTOR="Maria Isabel de Noronha Neta" NOME-PARA-CITACAO="Neta, M.I.N.;NORONHA NETA, MARIA ISABEL" ORDEM-DE-AUTORIA="1" NRO-ID-CNPQ="1808152829261887"/><AUTORES NOME-COMPLETO-DO-AUTOR="Ana Carolina de Azevedo Lima" NOME-PARA-CITACAO="LIMA, A. C. A." ORDEM-DE-AUTORIA="2" NRO-ID-CNPQ=""/><AUTORES NOME-COMPLETO-DO-AUTOR="Elizabel de Souza Ramalho Viana" NOME-PARA-CITACAO="VIANA, E. S. R." ORDEM-DE-AUTORIA="3" NRO-ID-CNPQ=""/><AUTORES NOME-COMPLETO-DO-AUTOR="Selma Bruno da Silva" NOME-PARA-CITACAO="SILVA, S. B." ORDEM-DE-AUTORIA="4" NRO-ID-CNPQ=""/><AREAS-DO-CONHECIMENTO><AREA-DO-CONHECIMENTO-1 NOME-GRANDE-AREA-DO-CONHECIMENTO="CIENCIAS_DA_SAUDE" NOME-DA-AREA-DO-CONHECIMENTO="" NOME-DA-SUB-AREA-DO-CONHECIMENTO="Ginecobstetrícia" NOME-DA-ESPECIALIDADE=""/></AREAS-DO-CONHECIMENTO></TRABALHO-EM-EVENTOS><TRABALHO-EM-EVENTOS SEQUENCIA-PRODUCAO="2"><DADOS-BASICOS-DO-TRABALHO NATUREZA="RESUMO" TITULO-DO-TRABALHO="Profile of stroke patients attended at physiotherapy service during 2000-2004 in Natal-RN" ANO-DO-TRABALHO="2004" PAIS-DO-EVENTO="Brasil" IDIOMA="Inglês" MEIO-DE-DIVULGACAO="IMPRESSO" HOME-PAGE-DO-TRABALHO="" FLAG-RELEVANCIA="NAO" DOI="" TITULO-DO-TRABALHO-INGLES="" FLAG-DIVULGACAO-CIENTIFICA="NAO"/><DETALHAMENTO-DO-TRABALHO CLASSIFICACAO-DO-EVENTO="NACIONAL" NOME-DO-EVENTO="XXI Congresso Brasileiro de Neurologia" CIDADE-DO-EVENTO="Brasília" ANO-DE-REALIZACAO="2004" TITULO-DOS-ANAIS-OU-PROCEEDINGS="Arquivos de Neuro-Psiquiatria" VOLUME="62" FASCICULO="" SERIE="" PAGINA-INICIAL="209" PAGINA-FINAL="209" ISBN="000482" NOME-DA-EDITORA="" CIDADE-DA-EDITORA="São Paulo, Brasil" NOME-DO-EVENTO-INGLES=""/><AUTORES NOME-COMPLETO-DO-AUTOR="Maria Isabel de Noronha Neta" NOME-PARA-CITACAO="Neta, M.I.N.;NORONHA NETA, MARIA ISABEL" ORDEM-DE-AUTORIA="1" NRO-ID-CNPQ="1808152829261887"/><AUTORES NOME-COMPLETO-DO-AUTOR="Vera Maria da Rocha" NOME-PARA-CITACAO="ROCHA, V. M." ORDEM-DE-AUTORIA="2" NRO-ID-CNPQ=""/><AUTORES NOME-COMPLETO-DO-AUTOR="Fabrícia Azevedo da Costa" NOME-PARA-CITACAO="COSTA, F. A." ORDEM-DE-AUTORIA="3" NRO-ID-CNPQ=""/><AUTORES NOME-COMPLETO-DO-AUTOR="Elijane costa alves" NOME-PARA-CITACAO="ALVES, E. C." ORDEM-DE-AUTORIA="4" NRO-ID-CNPQ=""/><AUTORES NOME-COMPLETO-DO-AUTOR="Gabriela Cheim Pereeira Galvão" NOME-PARA-CITACAO="GALVAO, G. C. P." ORDEM-DE-AUTORIA="5" NRO-ID-CNPQ=""/><PALAVRAS-CHAVE PALAVRA-CHAVE-1="Pressão Arterial" PALAVRA-CHAVE-2="AVC" PALAVRA-CHAVE-3="" PALAVRA-CHAVE-4="" PALAVRA-CHAVE-5="" PALAVRA-CHAVE-6=""/></TRABALHO-EM-EVENTOS><TRABALHO-EM-EVENTOS SEQUENCIA-PRODUCAO="3"><DADOS-BASICOS-DO-TRABALHO NATUREZA="RESUMO" TITULO-DO-TRABALHO="CLASSIFICAÇÃO INTERNACIONAL DE FUNCIONALIDADE, INCAPACIDADE E SAÚDE (CIF) NA REABILITAÇÃO DE PACIENTES COM ACIDENTE VASCULAR CEREBRAL (AVC)" ANO-DO-TRABALHO="2005" PAIS-DO-EVENTO="Brasil" IDIOMA="Português" MEIO-DE-DIVULGACAO="NAO_INFORMADO" HOME-PAGE-DO-TRABALHO="" FLAG-RELEVANCIA="NAO" DOI="" TITULO-DO-TRABALHO-INGLES="" FLAG-DIVULGACAO-CIENTIFICA="NAO"/><DETALHAMENTO-DO-TRABALHO CLASSIFICACAO-DO-EVENTO="INTERNACIONAL" NOME-DO-EVENTO="2º Congresso Internacional de Fisioterapia" CIDADE-DO-EVENTO="Fortaleza CE." ANO-DE-REALIZACAO="2005" TITULO-DOS-ANAIS-OU-PROCEEDINGS="2º Congresso Internacional de Fisioterapia" VOLUME="" FASCICULO="" SERIE="" PAGINA-INICIAL="" PAGINA-FINAL="" ISBN="" NOME-DA-EDITORA="" CIDADE-DA-EDITORA="" NOME-DO-EVENTO-INGLES=""/><AUTORES NOME-COMPLETO-DO-AUTOR="Maria Isabel de Noronha Neta" NOME-PARA-CITACAO="Neta, M.I.N.;NORONHA NETA, MARIA ISABEL" ORDEM-DE-AUTORIA="1" NRO-ID-CNPQ="1808152829261887"/><AUTORES NOME-COMPLETO-DO-AUTOR="Fabrícia Azevedo da Costa" NOME-PARA-CITACAO="COSTA, F. A." ORDEM-DE-AUTORIA="2" NRO-ID-CNPQ=""/><AUTORES NOME-COMPLETO-DO-AUTOR="Vera Maria da Rocha" NOME-PARA-CITACAO="ROCHA, V. M." ORDEM-DE-AUTORIA="3" NRO-ID-CNPQ=""/></TRABALHO-EM-EVENTOS><TRABALHO-EM-EVENTOS SEQUENCIA-PRODUCAO="4"><DADOS-BASICOS-DO-TRABALHO NATUREZA="RESUMO" TITULO-DO-TRABALHO="ETIOLOGIA DO ACIDENTE VASCULAR ENCEFÁLICO - AVE E INDEPENDÊNCIA FUNCIONAL" ANO-DO-TRABALHO="2005" PAIS-DO-EVENTO="Brasil" IDIOMA="Português" MEIO-DE-DIVULGACAO="NAO_INFORMADO" HOME-PAGE-DO-TRABALHO="" FLAG-RELEVANCIA="NAO" DOI="" TITULO-DO-TRABALHO-INGLES="" FLAG-DIVULGACAO-CIENTIFICA="NAO"/><DETALHAMENTO-DO-TRABALHO CLASSIFICACAO-DO-EVENTO="INTERNACIONAL" NOME-DO-EVENTO="2º Congresso Internacional de Fisioterapia" CIDADE-DO-EVENTO="Fortaleza CE" ANO-DE-REALIZACAO="2005" TITULO-DOS-ANAIS-OU-PROCEEDINGS="2º Congresso Internacional de Fisioterapia" VOLUME="" FASCICULO="" SERIE="" PAGINA-INICIAL="" PAGINA-FINAL="" ISBN="" NOME-DA-EDITORA="" CIDADE-DA-EDITORA="" NOME-DO-EVENTO-INGLES=""/><AUTORES NOME-COMPLETO-DO-AUTOR="Maria Isabel de Noronha Neta" NOME-PARA-CITACAO="Neta, M.I.N.;NORONHA NETA, MARIA ISABEL" ORDEM-DE-AUTORIA="1" NRO-ID-CNPQ="1808152829261887"/><AUTORES NOME-COMPLETO-DO-AUTOR="Vera Maria da Rocha" NOME-PARA-CITACAO="ROCHA, V. M." ORDEM-DE-AUTORIA="2" NRO-ID-CNPQ=""/><AUTORES NOME-COMPLETO-DO-AUTOR="Fabrícia Azevedo da Costa" NOME-PARA-CITACAO="COSTA, F. A." ORDEM-DE-AUTORIA="3" NRO-ID-CNPQ=""/></TRABALHO-EM-EVENTOS><TRABALHO-EM-EVENTOS SEQUENCIA-PRODUCAO="5"><DADOS-BASICOS-DO-TRABALHO NATUREZA="RESUMO" TITULO-DO-TRABALHO="ACESSIBILIDADE DE PESSOAS COM NECESSIDADES ESPECIAS EM ÁREAS DE LAZER DO RIO GRANDE DO NORTE" ANO-DO-TRABALHO="2003" PAIS-DO-EVENTO="Brasil" IDIOMA="Português" MEIO-DE-DIVULGACAO="NAO_INFORMADO" HOME-PAGE-DO-TRABALHO="" FLAG-RELEVANCIA="NAO" DOI="" TITULO-DO-TRABALHO-INGLES="" FLAG-DIVULGACAO-CIENTIFICA="NAO"/><DETALHAMENTO-DO-TRABALHO CLASSIFICACAO-DO-EVENTO="NACIONAL" NOME-DO-EVENTO="55 Reunião Anual da SBPC" CIDADE-DO-EVENTO="Recife-PE" ANO-DE-REALIZACAO="2003" TITULO-DOS-ANAIS-OU-PROCEEDINGS="55 Reunião Anual da SBPC" VOLUME="" FASCICULO="" SERIE="" PAGINA-INICIAL="" PAGINA-FINAL="" ISBN="" NOME-DA-EDITORA="" CIDADE-DA-EDITORA="" NOME-DO-EVENTO-INGLES=""/><AUTORES NOME-COMPLETO-DO-AUTOR="Maria Isabel de Noronha Neta" NOME-PARA-CITACAO="Neta, M.I.N.;NORONHA NETA, MARIA ISABEL" ORDEM-DE-AUTORIA="1" NRO-ID-CNPQ="1808152829261887"/><AUTORES NOME-COMPLETO-DO-AUTOR="Vera Maria da Rocha" NOME-PARA-CITACAO="ROCHA, V. M." ORDEM-DE-AUTORIA="2" NRO-ID-CNPQ=""/><AUTORES NOME-COMPLETO-DO-AUTOR="Priscila de Medeiros Costa" NOME-PARA-CITACAO="COSTA, P. M." ORDEM-DE-AUTORIA="3" NRO-ID-CNPQ=""/></TRABALHO-EM-EVENTOS><TRABALHO-EM-EVENTOS SEQUENCIA-PRODUCAO="6"><DADOS-BASICOS-DO-TRABALHO NATUREZA="RESUMO" TITULO-DO-TRABALHO="APLICAÇÃO DE ATIVIDADES LÚDICAS E DE LAZER COMO FORMA DE DESENVOLVER E INCLUIR A PARTICIPAÇÃO DE PESSOAS COM NECESSIDADES ESPECIAS (PNEs)" ANO-DO-TRABALHO="2003" PAIS-DO-EVENTO="Brasil" IDIOMA="Português" MEIO-DE-DIVULGACAO="NAO_INFORMADO" HOME-PAGE-DO-TRABALHO="" FLAG-RELEVANCIA="NAO" DOI="" TITULO-DO-TRABALHO-INGLES="" FLAG-DIVULGACAO-CIENTIFICA="NAO"/><DETALHAMENTO-DO-TRABALHO CLASSIFICACAO-DO-EVENTO="LOCAL" NOME-DO-EVENTO="IX CIENTEC" CIDADE-DO-EVENTO="Natal-RN" ANO-DE-REALIZACAO="2003" TITULO-DOS-ANAIS-OU-PROCEEDINGS="IX CIENTEC" VOLUME="" FASCICULO="" SERIE="" PAGINA-INICIAL="" PAGINA-FINAL="" ISBN="" NOME-DA-EDITORA="" CIDADE-DA-EDITORA="" NOME-DO-EVENTO-INGLES=""/><AUTORES NOME-COMPLETO-DO-AUTOR="Maria Isabel de Noronha Neta" NOME-PARA-CITACAO="Neta, M.I.N.;NORONHA NETA, MARIA ISABEL" ORDEM-DE-AUTORIA="1" NRO-ID-CNPQ="1808152829261887"/><AUTORES NOME-COMPLETO-DO-AUTOR="Vera Maria da Rocha" NOME-PARA-CITACAO="ROCHA, V. M." ORDEM-DE-AUTORIA="2" NRO-ID-CNPQ=""/></TRABALHO-EM-EVENTOS><TRABALHO-EM-EVENTOS SEQUENCIA-PRODUCAO="8"><DADOS-BASICOS-DO-TRABALHO NATUREZA="RESUMO" TITULO-DO-TRABALHO="RECURSOS FISIOTERAPÊUTICOS: A EXCELÊNCIA DA PRÁTICA" ANO-DO-TRABALHO="2005" PAIS-DO-EVENTO="Brasil" IDIOMA="Português" MEIO-DE-DIVULGACAO="NAO_INFORMADO" HOME-PAGE-DO-TRABALHO="" FLAG-RELEVANCIA="NAO" DOI="" TITULO-DO-TRABALHO-INGLES="" FLAG-DIVULGACAO-CIENTIFICA="NAO"/><DETALHAMENTO-DO-TRABALHO CLASSIFICACAO-DO-EVENTO="LOCAL" NOME-DO-EVENTO="2° SEMINÁRIO DE INICIAÇÃO À DOCÊNCIA" CIDADE-DO-EVENTO="Natal/RN" ANO-DE-REALIZACAO="2005" TITULO-DOS-ANAIS-OU-PROCEEDINGS="2° Seminário de Iniciação à Docência" VOLUME="" FASCICULO="" SERIE="" PAGINA-INICIAL="" PAGINA-FINAL="" ISBN="" NOME-DA-EDITORA="" CIDADE-DA-EDITORA="" NOME-DO-EVENTO-INGLES=""/><AUTORES NOME-COMPLETO-DO-AUTOR="Maria Isabel de Noronha Neta" NOME-PARA-CITACAO="Neta, M.I.N.;NORONHA NETA, MARIA ISABEL" ORDEM-DE-AUTORIA="1" NRO-ID-CNPQ="1808152829261887"/><AUTORES NOME-COMPLETO-DO-AUTOR="Túlio Oliveira de Souza" NOME-PARA-CITACAO="SOUZA, T. O." ORDEM-DE-AUTORIA="2" NRO-ID-CNPQ=""/></TRABALHO-EM-EVENTOS><TRABALHO-EM-EVENTOS SEQUENCIA-PRODUCAO="19"><DADOS-BASICOS-DO-TRABALHO NATUREZA="RESUMO" TITULO-DO-TRABALHO="AMPLIAÇÃO DA PRÁTICA NAS DISCIPLINAS ELETROTERAPIA E TERMOTERAPIA, OFERECIDAS PELO CURSO DE FISIOTERAPIA" ANO-DO-TRABALHO="2004" PAIS-DO-EVENTO="Brasil" IDIOMA="Português" MEIO-DE-DIVULGACAO="NAO_INFORMADO" HOME-PAGE-DO-TRABALHO="" FLAG-RELEVANCIA="NAO" DOI="" TITULO-DO-TRABALHO-INGLES="" FLAG-DIVULGACAO-CIENTIFICA="NAO"/><DETALHAMENTO-DO-TRABALHO CLASSIFICACAO-DO-EVENTO="LOCAL" NOME-DO-EVENTO="1° SEMINÁRIO DE INICIAÇÃO À DOCÊNCIA" CIDADE-DO-EVENTO="Natal" ANO-DE-REALIZACAO="2004" TITULO-DOS-ANAIS-OU-PROCEEDINGS="1° SEMINÁRIO DE INICIAÇÃO À DOCÊNCIA" VOLUME="" FASCICULO="" SERIE="" PAGINA-INICIAL="" PAGINA-FINAL="" ISBN="" NOME-DA-EDITORA="" CIDADE-DA-EDITORA="" NOME-DO-EVENTO-INGLES=""/><AUTORES NOME-COMPLETO-DO-AUTOR="Maria Isabel de Noronha Neta" NOME-PARA-CITACAO="Neta, M.I.N.;NORONHA NETA, MARIA ISABEL" ORDEM-DE-AUTORIA="1" NRO-ID-CNPQ="1808152829261887"/><AUTORES NOME-COMPLETO-DO-AUTOR="Túlio Oliveira de Souza" NOME-PARA-CITACAO="SOUZA, T. O." ORDEM-DE-AUTORIA="2" NRO-ID-CNPQ=""/></TRABALHO-EM-EVENTOS><TRABALHO-EM-EVENTOS SEQUENCIA-PRODUCAO="20"><DADOS-BASICOS-DO-TRABALHO NATUREZA="RESUMO" TITULO-DO-TRABALHO="Desempenho Cognitivo e Funcional de Pacientes Pós Acidente Vascular Encefálico" ANO-DO-TRABALHO="2006" PAIS-DO-EVENTO="Brasil" IDIOMA="Português" MEIO-DE-DIVULGACAO="IMPRESSO" HOME-PAGE-DO-TRABALHO="" FLAG-RELEVANCIA="NAO" DOI="" TITULO-DO-TRABALHO-INGLES="" FLAG-DIVULGACAO-CIENTIFICA="NAO"/><DETALHAMENTO-DO-TRABALHO CLASSIFICACAO-DO-EVENTO="NACIONAL" NOME-DO-EVENTO="XXII Congresso Brasileiro de Neurologia" CIDADE-DO-EVENTO="Recife" ANO-DE-REALIZACAO="2006" TITULO-DOS-ANAIS-OU-PROCEEDINGS="XXII Congresso Brasileiro de Neurologia" VOLUME="" FASCICULO="" SERIE="" PAGINA-INICIAL="" PAGINA-FINAL="" ISBN="" NOME-DA-EDITORA="" CIDADE-DA-EDITORA="" NOME-DO-EVENTO-INGLES=""/><AUTORES NOME-COMPLETO-DO-AUTOR="Maria Isabel de Noronha Neta" NOME-PARA-CITACAO="Neta, M.I.N.;NORONHA NETA, MARIA ISABEL" ORDEM-DE-AUTORIA="1" NRO-ID-CNPQ="1808152829261887"/><AUTORES NOME-COMPLETO-DO-AUTOR="Elijane costa alves" NOME-PARA-CITACAO="ALVES, E. C." ORDEM-DE-AUTORIA="2" NRO-ID-CNPQ=""/><AUTORES NOME-COMPLETO-DO-AUTOR="Vera Maria da Rocha" NOME-PARA-CITACAO="ROCHA, V. M." ORDEM-DE-AUTORIA="3" NRO-ID-CNPQ=""/><AUTORES NOME-COMPLETO-DO-AUTOR="Fabrícia Azevedo da Costa" NOME-PARA-CITACAO="COSTA, F. A." ORDEM-DE-AUTORIA="4" NRO-ID-CNPQ=""/></TRABALHO-EM-EVENTOS><TRABALHO-EM-EVENTOS SEQUENCIA-PRODUCAO="31"><DADOS-BASICOS-DO-TRABALHO NATUREZA="RESUMO" TITULO-DO-TRABALHO="CORRELAÇÃO ENTRE TORQUE, EQUILÍBRIO E FUNÇÃO DO JOELHO APÓS RECONSTRUÇÃO DO LCA." ANO-DO-TRABALHO="2009" PAIS-DO-EVENTO="Brasil" IDIOMA="Português" MEIO-DE-DIVULGACAO="NAO_INFORMADO" HOME-PAGE-DO-TRABALHO="" FLAG-RELEVANCIA="NAO" DOI="" TITULO-DO-TRABALHO-INGLES="" FLAG-DIVULGACAO-CIENTIFICA="NAO"/><DETALHAMENTO-DO-TRABALHO CLASSIFICACAO-DO-EVENTO="NACIONAL" NOME-DO-EVENTO="XVIII Congresso Brasileiro de Fisioterapia" CIDADE-DO-EVENTO="Rio de Janeiro" ANO-DE-REALIZACAO="2009" TITULO-DOS-ANAIS-OU-PROCEEDINGS="CORRELAÇÃO ENTRE TORQUE, EQUILÍBRIO E FUNÇÃO DO JOELHO APÓS RECONSTRUÇÃO DO LCA." VOLUME="" FASCICULO="" SERIE="" PAGINA-INICIAL="" PAGINA-FINAL="" ISBN="" NOME-DA-EDITORA="" CIDADE-DA-EDITORA="" NOME-DO-EVENTO-INGLES=""/><AUTORES NOME-COMPLETO-DO-AUTOR="Maria Isabel de Noronha Neta" NOME-PARA-CITACAO="Neta, M.I.N.;NORONHA NETA, MARIA ISABEL" ORDEM-DE-AUTORIA="1" NRO-ID-CNPQ="1808152829261887"/><AUTORES NOME-COMPLETO-DO-AUTOR="NÍCIA FARIAS BRAGA" NOME-PARA-CITACAO="BRAGA, N. F." ORDEM-DE-AUTORIA="2" NRO-ID-CNPQ=""/><AUTORES NOME-COMPLETO-DO-AUTOR="DENISE DAL`AVA AUGUSTO" NOME-PARA-CITACAO="AUGUSTO, D. D." ORDEM-DE-AUTORIA="3" NRO-ID-CNPQ=""/><AUTORES NOME-COMPLETO-DO-AUTOR="ARIANE EMERENCIANO DA CÂMARA" NOME-PARA-CITACAO="CAMARA, A. E." ORDEM-DE-AUTORIA="4" NRO-ID-CNPQ=""/><AUTORES NOME-COMPLETO-DO-AUTOR="Jamilson Simões Brasileiro" NOME-PARA-CITACAO="BRASILEIRO, J. S." ORDEM-DE-AUTORIA="5" NRO-ID-CNPQ=""/><PALAVRAS-CHAVE PALAVRA-CHAVE-1="Ligamento Cruzado Anterior" PALAVRA-CHAVE-2="Torque" PALAVRA-CHAVE-3="dinamômetro de força muscular" PALAVRA-CHAVE-4="" PALAVRA-CHAVE-5="" PALAVRA-CHAVE-6=""/><AREAS-DO-CONHECIMENTO><AREA-DO-CONHECIMENTO-1 NOME-GRANDE-AREA-DO-CONHECIMENTO="CIENCIAS_DA_SAUDE" NOME-DA-AREA-DO-CONHECIMENTO="" NOME-DA-SUB-AREA-DO-CONHECIMENTO="" NOME-DA-ESPECIALIDADE=""/></AREAS-DO-CONHECIMENTO></TRABALHO-EM-EVENTOS><TRABALHO-EM-EVENTOS SEQUENCIA-PRODUCAO="32"><DADOS-BASICOS-DO-TRABALHO NATUREZA="RESUMO" TITULO-DO-TRABALHO="COMPARAÇÃO ENTRE O MEMBRO DOMINANTE E NÃO DOMINANTE DE SUJEITOS SAUDÁVEIS" ANO-DO-TRABALHO="2009" PAIS-DO-EVENTO="Brasil" IDIOMA="Português" MEIO-DE-DIVULGACAO="NAO_INFORMADO" HOME-PAGE-DO-TRABALHO="" FLAG-RELEVANCIA="NAO" DOI="" TITULO-DO-TRABALHO-INGLES="" FLAG-DIVULGACAO-CIENTIFICA="NAO"/><DETALHAMENTO-DO-TRABALHO CLASSIFICACAO-DO-EVENTO="NACIONAL" NOME-DO-EVENTO="XVIII Congresso Brasileiro de Fisioterapia" CIDADE-DO-EVENTO="Rio de Janeiro" ANO-DE-REALIZACAO="2009" TITULO-DOS-ANAIS-OU-PROCEEDINGS="COMPARAÇÃO ENTRE O MEMBRO DOMINANTE E NÃO DOMINANTE DE SUJEITOS SAUDÁVEIS" VOLUME="" FASCICULO="" SERIE="" PAGINA-INICIAL="" PAGINA-FINAL="" ISBN="" NOME-DA-EDITORA="" CIDADE-DA-EDITORA="" NOME-DO-EVENTO-INGLES=""/><AUTORES NOME-COMPLETO-DO-AUTOR="Maria Isabel de Noronha Neta" NOME-PARA-CITACAO="Neta, M.I.N.;NORONHA NETA, MARIA ISABEL" ORDEM-DE-AUTORIA="1" NRO-ID-CNPQ="1808152829261887"/><AUTORES NOME-COMPLETO-DO-AUTOR="NÍCIA FARIAS BRAGA" NOME-PARA-CITACAO="BRAGA, N. F." ORDEM-DE-AUTORIA="2" NRO-ID-CNPQ=""/><AUTORES NOME-COMPLETO-DO-AUTOR="DENISE DAL`AVA AUGUSTO" NOME-PARA-CITACAO="AUGUSTO, D. D." ORDEM-DE-AUTORIA="3" NRO-ID-CNPQ=""/><AUTORES NOME-COMPLETO-DO-AUTOR="ARIANE EMERENCIANO DA CÂMARA" NOME-PARA-CITACAO="CAMARA, A. E." ORDEM-DE-AUTORIA="4" NRO-ID-CNPQ=""/><AUTORES NOME-COMPLETO-DO-AUTOR="Jamilson Simões Brasileiro" NOME-PARA-CITACAO="BRASILEIRO, J. S." ORDEM-DE-AUTORIA="5" NRO-ID-CNPQ=""/><PALAVRAS-CHAVE PALAVRA-CHAVE-1="Extremidade Inferior" PALAVRA-CHAVE-2="Torque" PALAVRA-CHAVE-3="dinamômetro de força muscular" PALAVRA-CHAVE-4="" PALAVRA-CHAVE-5="" PALAVRA-CHAVE-6=""/></TRABALHO-EM-EVENTOS><TRABALHO-EM-EVENTOS SEQUENCIA-PRODUCAO="38"><DADOS-BASICOS-DO-TRABALHO NATUREZA="RESUMO_EXPANDIDO" TITULO-DO-TRABALHO="EFFECT OF THREE MUSCLE STRETCHING TECHNIQUES ON TORQUE AND ELECTROMYOGRAPHIC ACTIVITY" ANO-DO-TRABALHO="2012" PAIS-DO-EVENTO="Brasil" IDIOMA="Inglês" MEIO-DE-DIVULGACAO="MEIO_DIGITAL" HOME-PAGE-DO-TRABALHO="" FLAG-RELEVANCIA="SIM" DOI="" TITULO-DO-TRABALHO-INGLES="" FLAG-DIVULGACAO-CIENTIFICA="NAO"/><DETALHAMENTO-DO-TRABALHO CLASSIFICACAO-DO-EVENTO="NACIONAL" NOME-DO-EVENTO="COBEC2012 - 2st Brazilian Congress in Electromyography and Kinesiology and 2st National Meeting of Myotherapy Procedures" CIDADE-DO-EVENTO="Piracicaba, São Paulo, Brazil" ANO-DE-REALIZACAO="2012" TITULO-DOS-ANAIS-OU-PROCEEDINGS="Brazilian Journal of Oral Sciences (Online)" VOLUME="11" FASCICULO="2" SERIE="" PAGINA-INICIAL="228" PAGINA-FINAL="228" ISBN="16773225" NOME-DA-EDITORA="" CIDADE-DA-EDITORA="Piracicaba" NOME-DO-EVENTO-INGLES=""/><AUTORES NOME-COMPLETO-DO-AUTOR="Manuele Pimentel" NOME-PARA-CITACAO="PIMENTEL, M." ORDEM-DE-AUTORIA="1" NRO-ID-CNPQ=""/><AUTORES NOME-COMPLETO-DO-AUTOR="FERREIRA, J.O." NOME-PARA-CITACAO="FERREIRA, J.O" ORDEM-DE-AUTORIA="2" NRO-ID-CNPQ=""/><AUTORES NOME-COMPLETO-DO-AUTOR="Maria Isabel de Noronha Neta" NOME-PARA-CITACAO="Neta, M.I.N.;NORONHA NETA, MARIA ISABEL" ORDEM-DE-AUTORIA="3" NRO-ID-CNPQ="1808152829261887"/><AUTORES NOME-COMPLETO-DO-AUTOR="NÍCIA FARIAS BRAGA" NOME-PARA-CITACAO="BRAGA, N. F." ORDEM-DE-AUTORIA="4" NRO-ID-CNPQ=""/><AUTORES NOME-COMPLETO-DO-AUTOR="Jamilson Simões Brasileiro" NOME-PARA-CITACAO="BRASILEIRO, J. S." ORDEM-DE-AUTORIA="5" NRO-ID-CNPQ=""/></TRABALHO-EM-EVENTOS><TRABALHO-EM-EVENTOS SEQUENCIA-PRODUCAO="25"><DADOS-BASICOS-DO-TRABALHO NATUREZA="RESUMO" TITULO-DO-TRABALHO="VARIAÇÃO DA PERCEPÇÃO DOLOROSA DURANTE O CICLO MENSTRUAL EM MULHERES" ANO-DO-TRABALHO="2003" PAIS-DO-EVENTO="Brasil" IDIOMA="Português" MEIO-DE-DIVULGACAO="NAO_INFORMADO" HOME-PAGE-DO-TRABALHO="" FLAG-RELEVANCIA="NAO" DOI="" TITULO-DO-TRABALHO-INGLES="" FLAG-DIVULGACAO-CIENTIFICA="NAO"/><DETALHAMENTO-DO-TRABALHO CLASSIFICACAO-DO-EVENTO="LOCAL" NOME-DO-EVENTO="XIV Congresso de Iniciação Científica da UFRN - CIC/2003" CIDADE-DO-EVENTO="" ANO-DE-REALIZACAO="2003" TITULO-DOS-ANAIS-OU-PROCEEDINGS="XIV CONGRESSO DE INICIAÇÃO CIENTÍFICA DA UFRN - cic/2003" VOLUME="" FASCICULO="" SERIE="" PAGINA-INICIAL="" PAGINA-FINAL="" ISBN="" NOME-DA-EDITORA="" CIDADE-DA-EDITORA="" NOME-DO-EVENTO-INGLES=""/><AUTORES NOME-COMPLETO-DO-AUTOR="Maria Isabel de Noronha Neta" NOME-PARA-CITACAO="Neta, M.I.N.;NORONHA NETA, MARIA ISABEL" ORDEM-DE-AUTORIA="1" NRO-ID-CNPQ="1808152829261887"/><AUTORES NOME-COMPLETO-DO-AUTOR="Ana Carolina de Azevedo Lima" NOME-PARA-CITACAO="LIMA, A. C. A." ORDEM-DE-AUTORIA="2" NRO-ID-CNPQ=""/><AUTORES NOME-COMPLETO-DO-AUTOR="Selma Bruno da Silva" NOME-PARA-CITACAO="SILVA, S. B." ORDEM-DE-AUTORIA="3" NRO-ID-CNPQ=""/><AUTORES NOME-COMPLETO-DO-AUTOR="Elizabel de Souza Ramalho Viana" NOME-PARA-CITACAO="VIANA, E. S. R." ORDEM-DE-AUTORIA="4" NRO-ID-CNPQ=""/></TRABALHO-EM-EVENTOS></TRABALHOS-EM-EVENTOS><ARTIGOS-PUBLICADOS><ARTIGO-PUBLICADO SEQUENCIA-PRODUCAO="47" ORDEM-IMPORTANCIA=""><DADOS-BASICOS-DO-ARTIGO NATUREZA="COMPLETO" TITULO-DO-ARTIGO="Correlation Between Severity Index and Quality of Life Index in Patients With Psoriasis Assessed Before and After Phototherapy" ANO-DO-ARTIGO="2016" PAIS-DE-PUBLICACAO="" IDIOMA="Inglês" MEIO-DE-DIVULGACAO="IMPRESSO" HOME-PAGE-DO-TRABALHO="" FLAG-RELEVANCIA="NAO" DOI="" TITULO-DO-ARTIGO-INGLES="" FLAG-DIVULGACAO-CIENTIFICA="NAO"/><DETALHAMENTO-DO-ARTIGO TITULO-DO-PERIODICO-OU-REVISTA="SKINmed" ISSN="17517125" VOLUME="14" FASCICULO="" SERIE="2" PAGINA-INICIAL="93" PAGINA-FINAL="" LOCAL-DE-PUBLICACAO=""/><AUTORES NOME-COMPLETO-DO-AUTOR="Maria Isabel de Noronha Neta" NOME-PARA-CITACAO="NORONHA NETA, MARIA ISABEL" ORDEM-DE-AUTORIA="1" NRO-ID-CNPQ=""/><AUTORES NOME-COMPLETO-DO-AUTOR="CARNEIRO, SUELI" NOME-PARA-CITACAO="CARNEIRO, SUELI" ORDEM-DE-AUTORIA="2" NRO-ID-CNPQ=""/><AUTORES NOME-COMPLETO-DO-AUTOR="João Paulo Niemeyer-Corbellini," NOME-PARA-CITACAO="Niemeyer-Corbellini JP" ORDEM-DE-AUTORIA="3" NRO-ID-CNPQ=""/><AUTORES NOME-COMPLETO-DO-AUTOR="Márcia Ramos-e-Silva" NOME-PARA-CITACAO="RAMOS-E-SILVA, M." ORDEM-DE-AUTORIA="4" NRO-ID-CNPQ=""/></ARTIGO-PUBLICADO><ARTIGO-PUBLICADO SEQUENCIA-PRODUCAO="43" ORDEM-IMPORTANCIA=""><DADOS-BASICOS-DO-ARTIGO NATUREZA="COMPLETO" TITULO-DO-ARTIGO="Evaluation of treatment with carboxymethylcellulose on chronic venous ulcers" ANO-DO-ARTIGO="2016" PAIS-DE-PUBLICACAO="" IDIOMA="Inglês" MEIO-DE-DIVULGACAO="MEIO_DIGITAL" HOME-PAGE-DO-TRABALHO="[doi:10.1590/abd1806-4841.20163789]" FLAG-RELEVANCIA="NAO" DOI="10.1590/abd1806-4841.20163789" TITULO-DO-ARTIGO-INGLES="" FLAG-DIVULGACAO-CIENTIFICA="NAO"/><DETALHAMENTO-DO-ARTIGO TITULO-DO-PERIODICO-OU-REVISTA="Anais Brasileiros de Dermatologia (Online)" ISSN="18064841" VOLUME="91" FASCICULO="" SERIE="1" PAGINA-INICIAL="17" PAGINA-FINAL="22" LOCAL-DE-PUBLICACAO=""/><AUTORES NOME-COMPLETO-DO-AUTOR="JANUÁRIO, VIRGINIA" NOME-PARA-CITACAO="JANUÁRIO, VIRGINIA" ORDEM-DE-AUTORIA="1" NRO-ID-CNPQ=""/><AUTORES NOME-COMPLETO-DO-AUTOR="ÁVILA, DIONE AUGUSTO DE" NOME-PARA-CITACAO="ÁVILA, DIONE AUGUSTO DE" ORDEM-DE-AUTORIA="2" NRO-ID-CNPQ=""/><AUTORES NOME-COMPLETO-DO-AUTOR="PENETRA, MARIA ALICE" NOME-PARA-CITACAO="PENETRA, MARIA ALICE" ORDEM-DE-AUTORIA="3" NRO-ID-CNPQ=""/><AUTORES NOME-COMPLETO-DO-AUTOR="SAMPAIO, ANA LUISA BITTENCOURT" NOME-PARA-CITACAO="SAMPAIO, ANA LUISA BITTENCOURT" ORDEM-DE-AUTORIA="4" NRO-ID-CNPQ=""/><AUTORES NOME-COMPLETO-DO-AUTOR="Maria Isabel de Noronha Neta" NOME-PARA-CITACAO="NORONHA NETA, MARIA ISABEL" ORDEM-DE-AUTORIA="5" NRO-ID-CNPQ=""/><AUTORES NOME-COMPLETO-DO-AUTOR="CASSIA, FLAVIA DE FREIRE" NOME-PARA-CITACAO="CASSIA, FLAVIA DE FREIRE" ORDEM-DE-AUTORIA="6" NRO-ID-CNPQ=""/><AUTORES NOME-COMPLETO-DO-AUTOR="CARNEIRO, SUELI" NOME-PARA-CITACAO="CARNEIRO, SUELI" ORDEM-DE-AUTORIA="7" NRO-ID-CNPQ=""/></ARTIGO-PUBLICADO><ARTIGO-PUBLICADO SEQUENCIA-PRODUCAO="45" ORDEM-IMPORTANCIA=""><DADOS-BASICOS-DO-ARTIGO NATUREZA="COMPLETO" TITULO-DO-ARTIGO="Úlceras de etiologia venosa: uma forma de expressão dos agravos crônicos de saúde na Sociedade Brasileira (Parte I)" ANO-DO-ARTIGO="2015" PAIS-DE-PUBLICACAO="" IDIOMA="Português" MEIO-DE-DIVULGACAO="IMPRESSO" HOME-PAGE-DO-TRABALHO="[http://reumatorj.com.br/wp-content/uploads/2016/01/Boletim-SRRJ-n%C2%BA-157_site.pdf]" FLAG-RELEVANCIA="NAO" DOI="" TITULO-DO-ARTIGO-INGLES="" FLAG-DIVULGACAO-CIENTIFICA="NAO"/><DETALHAMENTO-DO-ARTIGO TITULO-DO-PERIODICO-OU-REVISTA="Sociedade de Reumatologia do Rio de Janeiro" ISSN="21796459" VOLUME="43" FASCICULO="" SERIE="157" PAGINA-INICIAL="7" PAGINA-FINAL="" LOCAL-DE-PUBLICACAO=""/><AUTORES NOME-COMPLETO-DO-AUTOR="Virginia Januário" NOME-PARA-CITACAO="JANUARIO, V." ORDEM-DE-AUTORIA="1" NRO-ID-CNPQ=""/><AUTORES NOME-COMPLETO-DO-AUTOR="Maria Alice Penetra" NOME-PARA-CITACAO="PENETRA, M. A." ORDEM-DE-AUTORIA="2" NRO-ID-CNPQ=""/><AUTORES NOME-COMPLETO-DO-AUTOR="Maria Isabel de Noronha Neta" NOME-PARA-CITACAO="Neta, M.I.N.;NORONHA NETA, MARIA ISABEL" ORDEM-DE-AUTORIA="3" NRO-ID-CNPQ="1808152829261887"/><AUTORES NOME-COMPLETO-DO-AUTOR="Valdinês Alves" NOME-PARA-CITACAO="ALVES, V." ORDEM-DE-AUTORIA="4" NRO-ID-CNPQ=""/><AUTORES NOME-COMPLETO-DO-AUTOR="Adriano Arnóbio" NOME-PARA-CITACAO="ARNOBIO, A." ORDEM-DE-AUTORIA="5" NRO-ID-CNPQ=""/><AUTORES NOME-COMPLETO-DO-AUTOR="Sueli Carneiro" NOME-PARA-CITACAO="Carneiro S" ORDEM-DE-AUTORIA="6" NRO-ID-CNPQ=""/></ARTIGO-PUBLICADO><ARTIGO-PUBLICADO SEQUENCIA-PRODUCAO="46" ORDEM-IMPORTANCIA=""><DADOS-BASICOS-DO-ARTIGO NATUREZA="COMPLETO" TITULO-DO-ARTIGO="Como desenvolver uma estratégia de busca em bases de dados científicos on-line ? um enfoque em Reumatologia" ANO-DO-ARTIGO="2015" PAIS-DE-PUBLICACAO="" IDIOMA="Português" MEIO-DE-DIVULGACAO="IMPRESSO" HOME-PAGE-DO-TRABALHO="[http://reumatorj.com.br/wp-content/uploads/2016/01/Boletim-SRRJ-n%C2%BA-156_site.pdf]" FLAG-RELEVANCIA="NAO" DOI="" TITULO-DO-ARTIGO-INGLES="" FLAG-DIVULGACAO-CIENTIFICA="NAO"/><DETALHAMENTO-DO-ARTIGO TITULO-DO-PERIODICO-OU-REVISTA="Boletim da Sociedade de Reumatologia do Rio de Janeiro" ISSN="21796459" VOLUME="43" FASCICULO="" SERIE="156" PAGINA-INICIAL="13" PAGINA-FINAL="" LOCAL-DE-PUBLICACAO=""/><AUTORES NOME-COMPLETO-DO-AUTOR="Gabriel de Carvalho Maldonado" NOME-PARA-CITACAO="MALDONADO, G. C." ORDEM-DE-AUTORIA="1" NRO-ID-CNPQ=""/><AUTORES NOME-COMPLETO-DO-AUTOR="Maria Isabel de Noronha Neta" NOME-PARA-CITACAO="Neta, M.I.N.;NORONHA NETA, MARIA ISABEL" ORDEM-DE-AUTORIA="2" NRO-ID-CNPQ="1808152829261887"/><AUTORES NOME-COMPLETO-DO-AUTOR="Valdinês Alves" NOME-PARA-CITACAO="ALVES, V." ORDEM-DE-AUTORIA="3" NRO-ID-CNPQ=""/><AUTORES NOME-COMPLETO-DO-AUTOR="Orlando Nascimento Terra Júnior" NOME-PARA-CITACAO="TERRA JUNIOR, O. N." ORDEM-DE-AUTORIA="4" NRO-ID-CNPQ=""/><AUTORES NOME-COMPLETO-DO-AUTOR="Guilherme Rohem Alfradique" NOME-PARA-CITACAO="ALFRADIQUE, G. R." ORDEM-DE-AUTORIA="5" NRO-ID-CNPQ=""/><AUTORES NOME-COMPLETO-DO-AUTOR="Adriano Arnóbio" NOME-PARA-CITACAO="ARNOBIO, A." ORDEM-DE-AUTORIA="6" NRO-ID-CNPQ=""/><AUTORES NOME-COMPLETO-DO-AUTOR="Sueli Carneiro" NOME-PARA-CITACAO="Carneiro S." ORDEM-DE-AUTORIA="7" NRO-ID-CNPQ=""/></ARTIGO-PUBLICADO><ARTIGO-PUBLICADO SEQUENCIA-PRODUCAO="48" ORDEM-IMPORTANCIA=""><DADOS-BASICOS-DO-ARTIGO NATUREZA="COMPLETO" TITULO-DO-ARTIGO="Úlceras de etiologia venosa: uma forma de expressão dos agravos crônicos de saúde na Sociedade Brasileira (Parte II)" ANO-DO-ARTIGO="2015" PAIS-DE-PUBLICACAO="" IDIOMA="Português" MEIO-DE-DIVULGACAO="IMPRESSO" HOME-PAGE-DO-TRABALHO="" FLAG-RELEVANCIA="NAO" DOI="" TITULO-DO-ARTIGO-INGLES="" FLAG-DIVULGACAO-CIENTIFICA="NAO"/><DETALHAMENTO-DO-ARTIGO TITULO-DO-PERIODICO-OU-REVISTA="Boletim da Sociedade de Reumatologia do Rio de Janeiro" ISSN="21796459" VOLUME="43" FASCICULO="" SERIE="158" PAGINA-INICIAL="7" PAGINA-FINAL="" LOCAL-DE-PUBLICACAO=""/><AUTORES NOME-COMPLETO-DO-AUTOR="JANUÁRIO, VIRGINIA" NOME-PARA-CITACAO="JANUÁRIO, VIRGINIA" ORDEM-DE-AUTORIA="1" NRO-ID-CNPQ=""/><AUTORES NOME-COMPLETO-DO-AUTOR="ÁVILA, DIONE AUGUSTO DE" NOME-PARA-CITACAO="ÁVILA, DIONE AUGUSTO DE" ORDEM-DE-AUTORIA="2" NRO-ID-CNPQ=""/><AUTORES NOME-COMPLETO-DO-AUTOR="Maria Alice Penetra" NOME-PARA-CITACAO="PENETRA, M. A." ORDEM-DE-AUTORIA="3" NRO-ID-CNPQ=""/><AUTORES NOME-COMPLETO-DO-AUTOR="Maria Isabel de Noronha Neta" NOME-PARA-CITACAO="NORONHA NETA, MARIA ISABEL" ORDEM-DE-AUTORIA="4" NRO-ID-CNPQ=""/><AUTORES NOME-COMPLETO-DO-AUTOR="Valdinês Alves" NOME-PARA-CITACAO="ALVES, V." ORDEM-DE-AUTORIA="5" NRO-ID-CNPQ=""/><AUTORES NOME-COMPLETO-DO-AUTOR="Adriano Arnóbio" NOME-PARA-CITACAO="ARNOBIO, A." ORDEM-DE-AUTORIA="6" NRO-ID-CNPQ=""/><AUTORES NOME-COMPLETO-DO-AUTOR="Sueli Carneiro" NOME-PARA-CITACAO="CARNEIRO, S." ORDEM-DE-AUTORIA="7" NRO-ID-CNPQ=""/></ARTIGO-PUBLICADO><ARTIGO-PUBLICADO SEQUENCIA-PRODUCAO="34" ORDEM-IMPORTANCIA=""><DADOS-BASICOS-DO-ARTIGO NATUREZA="COMPLETO" TITULO-DO-ARTIGO="Efeito agudo de três técnicas de alongamento muscular sobre o torque flexor do joelho" ANO-DO-ARTIGO="2010" PAIS-DE-PUBLICACAO="" IDIOMA="Português" MEIO-DE-DIVULGACAO="IMPRESSO" HOME-PAGE-DO-TRABALHO="" FLAG-RELEVANCIA="NAO" DOI="" TITULO-DO-ARTIGO-INGLES="" FLAG-DIVULGACAO-CIENTIFICA="NAO"/><DETALHAMENTO-DO-ARTIGO TITULO-DO-PERIODICO-OU-REVISTA="Terapia Manual" ISSN="16775937" VOLUME="8" FASCICULO="" SERIE="" PAGINA-INICIAL="186" PAGINA-FINAL="191" LOCAL-DE-PUBLICACAO=""/><AUTORES NOME-COMPLETO-DO-AUTOR="Jailson Oliveira Ferreira" NOME-PARA-CITACAO="Ferreira J. O." ORDEM-DE-AUTORIA="1" NRO-ID-CNPQ=""/><AUTORES NOME-COMPLETO-DO-AUTOR="Maria Isabel de Noronha Neta" NOME-PARA-CITACAO="Neta, M.I.N.;NORONHA NETA, MARIA ISABEL" ORDEM-DE-AUTORIA="2" NRO-ID-CNPQ="1808152829261887"/><AUTORES NOME-COMPLETO-DO-AUTOR="Nícia Farias Braga Maciel" NOME-PARA-CITACAO="Maciel, N.F.B." ORDEM-DE-AUTORIA="3" NRO-ID-CNPQ="1878348861518563"/><AUTORES NOME-COMPLETO-DO-AUTOR="Jamilson Simões Brasileiro" NOME-PARA-CITACAO="BRASILEIRO, J. S." ORDEM-DE-AUTORIA="4" NRO-ID-CNPQ=""/><PALAVRAS-CHAVE PALAVRA-CHAVE-1="Flexibilidade" PALAVRA-CHAVE-2="ísquios-tibiais" PALAVRA-CHAVE-3="Torque" PALAVRA-CHAVE-4="Rigidez muscular" PALAVRA-CHAVE-5="" PALAVRA-CHAVE-6=""/></ARTIGO-PUBLICADO><ARTIGO-PUBLICADO SEQUENCIA-PRODUCAO="35" ORDEM-IMPORTANCIA=""><DADOS-BASICOS-DO-ARTIGO NATUREZA="COMPLETO" TITULO-DO-ARTIGO="FUNÇÃO, TORQUE E EQUILÍBRIO NO MEMBRO NÃO ACOMETIDO APÓS RECONSTRUÇÃO DO LCA" ANO-DO-ARTIGO="2010" PAIS-DE-PUBLICACAO="" IDIOMA="Português" MEIO-DE-DIVULGACAO="IMPRESSO" HOME-PAGE-DO-TRABALHO="" FLAG-RELEVANCIA="NAO" DOI="" TITULO-DO-ARTIGO-INGLES="" FLAG-DIVULGACAO-CIENTIFICA="NAO"/><DETALHAMENTO-DO-ARTIGO TITULO-DO-PERIODICO-OU-REVISTA="Fisioterapia e Pesquisa" ISSN="18092950" VOLUME="17" FASCICULO="" SERIE="3" PAGINA-INICIAL="230" PAGINA-FINAL="235" LOCAL-DE-PUBLICACAO=""/><AUTORES NOME-COMPLETO-DO-AUTOR="Maria Isabel de Noronha Neta" NOME-PARA-CITACAO="Neta, M.I.N.;NORONHA NETA, MARIA ISABEL" ORDEM-DE-AUTORIA="1" NRO-ID-CNPQ="1808152829261887"/><AUTORES NOME-COMPLETO-DO-AUTOR="Nícia Farias Braga Maciel" NOME-PARA-CITACAO="Maciel, N.F.B." ORDEM-DE-AUTORIA="2" NRO-ID-CNPQ="1878348861518563"/><AUTORES NOME-COMPLETO-DO-AUTOR="DENISE DALAVA AUGUSTO" NOME-PARA-CITACAO="AUGUSTO, D.D." ORDEM-DE-AUTORIA="3" NRO-ID-CNPQ=""/><AUTORES NOME-COMPLETO-DO-AUTOR="ARIANE EMERENCIANO DA CÂMARA" NOME-PARA-CITACAO="CAMARA, A. E." ORDEM-DE-AUTORIA="4" NRO-ID-CNPQ=""/><AUTORES NOME-COMPLETO-DO-AUTOR="Jamilson Simões Brasileiro" NOME-PARA-CITACAO="BRASILEIRO, J. S." ORDEM-DE-AUTORIA="5" NRO-ID-CNPQ=""/></ARTIGO-PUBLICADO></ARTIGOS-PUBLICADOS></PRODUCAO-BIBLIOGRAFICA><PRODUCAO-TECNICA><DEMAIS-TIPOS-DE-PRODUCAO-TECNICA><APRESENTACAO-DE-TRABALHO SEQUENCIA-PRODUCAO="36"><DADOS-BASICOS-DA-APRESENTACAO-DE-TRABALHO NATUREZA="CONGRESSO" TITULO="O Impacto da Psoríase na Qualidade de Vida: Uso dos Questionários PDI e DLQI" ANO="2011" PAIS="Brasil" IDIOMA="Português" FLAG-RELEVANCIA="SIM" DOI="" TITULO-INGLES="" FLAG-DIVULGACAO-CIENTIFICA="NAO"/><DETALHAMENTO-DA-APRESENTACAO-DE-TRABALHO NOME-DO-EVENTO="XIX Congresso Brasileiro de Fisioterapia" INSTITUICAO-PROMOTORA="Associação Brasileira de Fisioterapia" LOCAL-DA-APRESENTACAO="" CIDADE-DA-APRESENTACAO="Florianópolis" NOME-DO-EVENTO-INGLES=""/><AUTORES NOME-COMPLETO-DO-AUTOR="Maria Isabel de Noronha Neta" NOME-PARA-CITACAO="Neta, M.I.N.;NORONHA NETA, MARIA ISABEL" ORDEM-DE-AUTORIA="1" NRO-ID-CNPQ="1808152829261887"/><AUTORES NOME-COMPLETO-DO-AUTOR="Sueli Carneiro" NOME-PARA-CITACAO="Carneiro S." ORDEM-DE-AUTORIA="2" NRO-ID-CNPQ=""/><AUTORES NOME-COMPLETO-DO-AUTOR="Japiassu M.A." NOME-PARA-CITACAO="Japiassu M.A." ORDEM-DE-AUTORIA="3" NRO-ID-CNPQ=""/></APRESENTACAO-DE-TRABALHO><APRESENTACAO-DE-TRABALHO SEQUENCIA-PRODUCAO="44"><DADOS-BASICOS-DA-APRESENTACAO-DE-TRABALHO NATUREZA="CONGRESSO" TITULO="Correlation Between severity index and quality of life in patients with psoriasis" ANO="2015" PAIS="Suiça" IDIOMA="Inglês" FLAG-RELEVANCIA="NAO" DOI="" TITULO-INGLES="" FLAG-DIVULGACAO-CIENTIFICA="NAO"/><DETALHAMENTO-DA-APRESENTACAO-DE-TRABALHO NOME-DO-EVENTO="GRAPPA 2015, Annual Meeting of the Group for Research and Assessment of Psoriasis and Psoriatric Arthritis i" INSTITUICAO-PROMOTORA="GRAPPA" LOCAL-DA-APRESENTACAO="Suiça" CIDADE-DA-APRESENTACAO="Stockholm" NOME-DO-EVENTO-INGLES=""/><AUTORES NOME-COMPLETO-DO-AUTOR="Maria Isabel Noronha Neta" NOME-PARA-CITACAO="NORONHA NETA, M.I." ORDEM-DE-AUTORIA="1" NRO-ID-CNPQ=""/><AUTORES NOME-COMPLETO-DO-AUTOR="Sueli Carneiro" NOME-PARA-CITACAO="CARNEIRO, S." ORDEM-DE-AUTORIA="2" NRO-ID-CNPQ=""/><AUTORES NOME-COMPLETO-DO-AUTOR="Maria Isabel de Noronha Neta" NOME-PARA-CITACAO="Neta, M.I.N.;NORONHA NETA, MARIA ISABEL" ORDEM-DE-AUTORIA="3" NRO-ID-CNPQ="1808152829261887"/></APRESENTACAO-DE-TRABALHO><ORGANIZACAO-DE-EVENTO SEQUENCIA-PRODUCAO="29"><DADOS-BASICOS-DA-ORGANIZACAO-DE-EVENTO TIPO="CONGRESSO" NATUREZA="ORGANIZACAO" TITULO="10 Encontro Nordestino de Estudantes de Fisioterapia" ANO="2004" PAIS="Brasil" IDIOMA="Português" MEIO-DE-DIVULGACAO="NAO_INFORMADO" HOME-PAGE-DO-TRABALHO="" FLAG-RELEVANCIA="NAO" DOI="" TITULO-INGLES="" FLAG-DIVULGACAO-CIENTIFICA="NAO"/><DETALHAMENTO-DA-ORGANIZACAO-DE-EVENTO INSTITUICAO-PROMOTORA="União Nordestina dos Estudantes de Fisioterapia" DURACAO-EM-SEMANAS="1" FLAG-EVENTO-ITINERANTE="S" FLAG-CATALOGO="" LOCAL="" CIDADE="Natal"/><AUTORES NOME-COMPLETO-DO-AUTOR="Maria Isabel de Noronha Neta" NOME-PARA-CITACAO="Neta, M.I.N.;NORONHA NETA, MARIA ISABEL" ORDEM-DE-AUTORIA="1" NRO-ID-CNPQ="1808152829261887"/><AREAS-DO-CONHECIMENTO><AREA-DO-CONHECIMENTO-1 NOME-GRANDE-AREA-DO-CONHECIMENTO="CIENCIAS_DA_SAUDE" NOME-DA-AREA-DO-CONHECIMENTO="" NOME-DA-SUB-AREA-DO-CONHECIMENTO="" NOME-DA-ESPECIALIDADE=""/></AREAS-DO-CONHECIMENTO><INFORMACOES-ADICIONAIS DESCRICAO-INFORMACOES-ADICIONAIS="Participante da Comissão Organizadora do X ENEEFISIO como Coordenadora da Comissão de Alojamento" DESCRICAO-INFORMACOES-ADICIONAIS-INGLES=""/></ORGANIZACAO-DE-EVENTO></DEMAIS-TIPOS-DE-PRODUCAO-TECNICA></PRODUCAO-TECNICA><DADOS-COMPLEMENTARES><FORMACAO-COMPLEMENTAR><FORMACAO-COMPLEMENTAR-DE-EXTENSAO-UNIVERSITARIA SEQUENCIA-FORMACAO="5" NIVEL="8" CARGA-HORARIA="60" CODIGO-INSTITUICAO="033700000000" NOME-INSTITUICAO="Universidade Federal do Rio Grande do Norte" CODIGO-ORGAO="" NOME-ORGAO="" CODIGO-CURSO="90000009" NOME-CURSO="Curso de Inglês Instrumental" STATUS-DO-CURSO="CONCLUIDO" ANO-DE-INICIO="2002" ANO-DE-CONCLUSAO="2002" NOME-CURSO-INGLES=""/><FORMACAO-COMPLEMENTAR-CURSO-DE-CURTA-DURACAO SEQUENCIA-FORMACAO="3" NIVEL="F" CARGA-HORARIA="30" CODIGO-INSTITUICAO="033700000000" NOME-INSTITUICAO="Universidade Federal do Rio Grande do Norte" CODIGO-ORGAO="" NOME-ORGAO="" CODIGO-CURSO="90000003" NOME-CURSO="Curso de farmacologia para fisioterapeutas" STATUS-DO-CURSO="CONCLUIDO" ANO-DE-INICIO="2001" ANO-DE-CONCLUSAO="2001" NOME-CURSO-INGLES=""/><OUTROS SEQUENCIA-FORMACAO="4" NIVEL="Y" CARGA-HORARIA="" CODIGO-INSTITUICAO="000100000991" NOME-INSTITUICAO="Wizard Brasil Franchising" CODIGO-ORGAO="" NOME-ORGAO="" CODIGO-CURSO="90000007" NOME-CURSO="Curso Básico em Língua Inglesa" STATUS-DO-CURSO="CONCLUIDO" ANO-DE-INICIO="2002" ANO-DE-CONCLUSAO="2004" NOME-CURSO-INGLES=""/><formacoesComplementaresPlana/></FORMACAO-COMPLEMENTAR><PARTICIPACAO-EM-BANCA-TRABALHOS-CONCLUSAO><PARTICIPACAO-EM-BANCA-DE-GRADUACAO SEQUENCIA-PRODUCAO="40"><DADOS-BASICOS-DA-PARTICIPACAO-EM-BANCA-DE-GRADUACAO NATUREZA="Graduação" TITULO="EFEITO AGUDO DA LIBERAÇÃO MIOFASCIAL DO MÚSCULO PEITORAL MAIOR EM MULHERES MASTECTOMIZADAS: UM RELATO DE CASO" ANO="2012" PAIS="Brasil" IDIOMA="Português" HOME-PAGE="" DOI="" TITULO-INGLES=""/><DETALHAMENTO-DA-PARTICIPACAO-EM-BANCA-DE-GRADUACAO NOME-DO-CANDIDATO="RODRIGO TEIXEIRA GOMES DA SILVA" CODIGO-INSTITUICAO="201900000008" NOME-INSTITUICAO="Centro Universitário Augusto Motta" CODIGO-ORGAO="" NOME-ORGAO="" CODIGO-CURSO="60112727" NOME-CURSO="Fisioterapia" NOME-CURSO-INGLES=""/><PARTICIPANTE-BANCA NOME-COMPLETO-DO-PARTICIPANTE-DA-BANCA="Lenita Caetano" NOME-PARA-CITACAO-DO-PARTICIPANTE-DA-BANCA="CAETANO, L." ORDEM-PARTICIPANTE="1" NRO-ID-CNPQ=""/><PARTICIPANTE-BANCA NOME-COMPLETO-DO-PARTICIPANTE-DA-BANCA="Júlio Guilherme Silva" NOME-PARA-CITACAO-DO-PARTICIPANTE-DA-BANCA="SILVA, J. G." ORDEM-PARTICIPANTE="2" NRO-ID-CNPQ=""/><PARTICIPANTE-BANCA NOME-COMPLETO-DO-PARTICIPANTE-DA-BANCA="Maria Isabel de Noronha Neta" NOME-PARA-CITACAO-DO-PARTICIPANTE-DA-BANCA="Neta, M.I.N.;NORONHA NETA, MARIA ISABEL" ORDEM-PARTICIPANTE="3" NRO-ID-CNPQ="1808152829261887"/><PALAVRAS-CHAVE PALAVRA-CHAVE-1="Mastectomia" PALAVRA-CHAVE-2="Liberação Miofascial" PALAVRA-CHAVE-3="Fotometria" PALAVRA-CHAVE-4="" PALAVRA-CHAVE-5="" PALAVRA-CHAVE-6=""/><AREAS-DO-CONHECIMENTO><AREA-DO-CONHECIMENTO-1 NOME-GRANDE-AREA-DO-CONHECIMENTO="CIENCIAS_DA_SAUDE" NOME-DA-AREA-DO-CONHECIMENTO="" NOME-DA-SUB-AREA-DO-CONHECIMENTO="Traumatologia" NOME-DA-ESPECIALIDADE=""/></AREAS-DO-CONHECIMENTO></PARTICIPACAO-EM-BANCA-DE-GRADUACAO><PARTICIPACAO-EM-BANCA-DE-GRADUACAO SEQUENCIA-PRODUCAO="41"><DADOS-BASICOS-DA-PARTICIPACAO-EM-BANCA-DE-GRADUACAO NATUREZA="Graduação" TITULO="EXERCÍCIOS DE FORTALECIMENTO NA SÍNDROME FEMOROPATELAR: UM ESTUDO DE REVISÃO DA LITERATURA." ANO="2012" PAIS="Brasil" IDIOMA="Português" HOME-PAGE="" DOI="" TITULO-INGLES=""/><DETALHAMENTO-DA-PARTICIPACAO-EM-BANCA-DE-GRADUACAO NOME-DO-CANDIDATO="PRISCILA BÁRBARA PEREIRA DOS SANTOS" CODIGO-INSTITUICAO="201900000008" NOME-INSTITUICAO="Centro Universitário Augusto Motta" CODIGO-ORGAO="" NOME-ORGAO="" CODIGO-CURSO="60112727" NOME-CURSO="Fisioterapia" NOME-CURSO-INGLES=""/><PARTICIPANTE-BANCA NOME-COMPLETO-DO-PARTICIPANTE-DA-BANCA="Lenita Caetano" NOME-PARA-CITACAO-DO-PARTICIPANTE-DA-BANCA="CAETANO, L." ORDEM-PARTICIPANTE="2" NRO-ID-CNPQ=""/><PARTICIPANTE-BANCA NOME-COMPLETO-DO-PARTICIPANTE-DA-BANCA="Júlio Guilherme Silva" NOME-PARA-CITACAO-DO-PARTICIPANTE-DA-BANCA="SILVA, J. G." ORDEM-PARTICIPANTE="3" NRO-ID-CNPQ=""/><PARTICIPANTE-BANCA NOME-COMPLETO-DO-PARTICIPANTE-DA-BANCA="Maria Isabel de Noronha Neta" NOME-PARA-CITACAO-DO-PARTICIPANTE-DA-BANCA="Neta, M.I.N.;NORONHA NETA, MARIA ISABEL" ORDEM-PARTICIPANTE="1" NRO-ID-CNPQ="1808152829261887"/><PALAVRAS-CHAVE PALAVRA-CHAVE-1="síndrome da dor femoropatelar" PALAVRA-CHAVE-2="síndrome patelofemo" PALAVRA-CHAVE-3="fortalecimento muscular" PALAVRA-CHAVE-4="" PALAVRA-CHAVE-5="" PALAVRA-CHAVE-6=""/><AREAS-DO-CONHECIMENTO><AREA-DO-CONHECIMENTO-1 NOME-GRANDE-AREA-DO-CONHECIMENTO="CIENCIAS_DA_SAUDE" NOME-DA-AREA-DO-CONHECIMENTO="" NOME-DA-SUB-AREA-DO-CONHECIMENTO="" NOME-DA-ESPECIALIDADE=""/></AREAS-DO-CONHECIMENTO></PARTICIPACAO-EM-BANCA-DE-GRADUACAO></PARTICIPACAO-EM-BANCA-TRABALHOS-CONCLUSAO><PARTICIPACAO-EM-EVENTOS-CONGRESSOS><PARTICIPACAO-EM-CONGRESSO SEQUENCIA-PRODUCAO="21"><PARTICIPANTE-DE-EVENTOS-CONGRESSOS NOME-COMPLETO-DO-PARTICIPANTE-DE-EVENTOS-CONGRESSOS="Maria Isabel de Noronha Neta" NOME-PARA-CITACAO-DO-PARTICIPANTE-DE-EVENTOS-CONGRESSOS="Neta, M.I.N.;NORONHA NETA, MARIA ISABEL" ORDEM-PARTICIPANTE="1" NRO-ID-CNPQ="1808152829261887"/><DADOS-BASICOS-DA-PARTICIPACAO-EM-CONGRESSO NATUREZA="Congresso" TITULO="XXII Congresso Brasileiro de Neurologia" ANO="2006" PAIS="Brasil" IDIOMA="" MEIO-DE-DIVULGACAO="NAO_INFORMADO" HOME-PAGE-DO-TRABALHO="" FLAG-RELEVANCIA="NAO" TIPO-PARTICIPACAO="Poster / Painel" FORMA-PARTICIPACAO="Participante" DOI="" TITULO-INGLES="" FLAG-DIVULGACAO-CIENTIFICA="NAO"/><DETALHAMENTO-DA-PARTICIPACAO-EM-CONGRESSO NOME-DO-EVENTO="XXII Congresso Brasileiro de Neurologia" CODIGO-INSTITUICAO="" NOME-INSTITUICAO="" LOCAL-DO-EVENTO="" CIDADE-DO-EVENTO="Recife" NOME-DO-EVENTO-INGLES=""/></PARTICIPACAO-EM-CONGRESSO><PARTICIPACAO-EM-CONGRESSO SEQUENCIA-PRODUCAO="37"><PARTICIPANTE-DE-EVENTOS-CONGRESSOS NOME-COMPLETO-DO-PARTICIPANTE-DE-EVENTOS-CONGRESSOS="Maria Isabel de Noronha Neta" NOME-PARA-CITACAO-DO-PARTICIPANTE-DE-EVENTOS-CONGRESSOS="Neta, M.I.N.;NORONHA NETA, MARIA ISABEL" ORDEM-PARTICIPANTE="1" NRO-ID-CNPQ="1808152829261887"/><DADOS-BASICOS-DA-PARTICIPACAO-EM-CONGRESSO NATUREZA="Congresso" TITULO="O Impacto da Psoríase na Qualidade de Vida: Uso dos Questionários PDI e DLQI" ANO="2011" PAIS="Brasil" IDIOMA="" MEIO-DE-DIVULGACAO="NAO_INFORMADO" HOME-PAGE-DO-TRABALHO="" FLAG-RELEVANCIA="NAO" TIPO-PARTICIPACAO="Poster / Painel" FORMA-PARTICIPACAO="Participante" DOI="" TITULO-INGLES="" FLAG-DIVULGACAO-CIENTIFICA="NAO"/><DETALHAMENTO-DA-PARTICIPACAO-EM-CONGRESSO NOME-DO-EVENTO="XIX Congresso Brasileiro de Fisioterapia" CODIGO-INSTITUICAO="" NOME-INSTITUICAO="" LOCAL-DO-EVENTO="" CIDADE-DO-EVENTO="Florianópolis" NOME-DO-EVENTO-INGLES=""/></PARTICIPACAO-EM-CONGRESSO><PARTICIPACAO-EM-CONGRESSO SEQUENCIA-PRODUCAO="30"><PARTICIPANTE-DE-EVENTOS-CONGRESSOS NOME-COMPLETO-DO-PARTICIPANTE-DE-EVENTOS-CONGRESSOS="Maria Isabel de Noronha Neta" NOME-PARA-CITACAO-DO-PARTICIPANTE-DE-EVENTOS-CONGRESSOS="Neta, M.I.N.;NORONHA NETA, MARIA ISABEL" ORDEM-PARTICIPANTE="1" NRO-ID-CNPQ="1808152829261887"/><DADOS-BASICOS-DA-PARTICIPACAO-EM-CONGRESSO NATUREZA="Congresso" TITULO="CORRELAÇÃO ENTRE TORQUE, EQUILÍBRIO E FUNÇÃO DO JOELHO APÓS RECONSTRUÇÃO DO LCA." ANO="2009" PAIS="Brasil" IDIOMA="" MEIO-DE-DIVULGACAO="NAO_INFORMADO" HOME-PAGE-DO-TRABALHO="" FLAG-RELEVANCIA="NAO" TIPO-PARTICIPACAO="Poster / Painel" FORMA-PARTICIPACAO="Participante" DOI="" TITULO-INGLES="" FLAG-DIVULGACAO-CIENTIFICA="NAO"/><DETALHAMENTO-DA-PARTICIPACAO-EM-CONGRESSO NOME-DO-EVENTO="XVIII Congresso Brasileiro de Fisioterapia" CODIGO-INSTITUICAO="" NOME-INSTITUICAO="" LOCAL-DO-EVENTO="" CIDADE-DO-EVENTO="Rio de Janeiro" NOME-DO-EVENTO-INGLES=""/></PARTICIPACAO-EM-CONGRESSO><PARTICIPACAO-EM-CONGRESSO SEQUENCIA-PRODUCAO="9"><PARTICIPANTE-DE-EVENTOS-CONGRESSOS NOME-COMPLETO-DO-PARTICIPANTE-DE-EVENTOS-CONGRESSOS="Maria Isabel de Noronha Neta" NOME-PARA-CITACAO-DO-PARTICIPANTE-DE-EVENTOS-CONGRESSOS="Neta, M.I.N.;NORONHA NETA, MARIA ISABEL" ORDEM-PARTICIPANTE="1" NRO-ID-CNPQ="1808152829261887"/><DADOS-BASICOS-DA-PARTICIPACAO-EM-CONGRESSO NATUREZA="Congresso" TITULO="" ANO="2005" PAIS="Brasil" IDIOMA="" MEIO-DE-DIVULGACAO="NAO_INFORMADO" HOME-PAGE-DO-TRABALHO="" FLAG-RELEVANCIA="NAO" TIPO-PARTICIPACAO="" FORMA-PARTICIPACAO="Ouvinte" DOI="" TITULO-INGLES="" FLAG-DIVULGACAO-CIENTIFICA="NAO"/><DETALHAMENTO-DA-PARTICIPACAO-EM-CONGRESSO NOME-DO-EVENTO="XI CONGRESSO BRASILEIRO DE BIOMECÂNICA" CODIGO-INSTITUICAO="" NOME-INSTITUICAO="" LOCAL-DO-EVENTO="" CIDADE-DO-EVENTO="João Pessoa/PB" NOME-DO-EVENTO-INGLES=""/></PARTICIPACAO-EM-CONGRESSO><PARTICIPACAO-EM-CONGRESSO SEQUENCIA-PRODUCAO="11"><PARTICIPANTE-DE-EVENTOS-CONGRESSOS NOME-COMPLETO-DO-PARTICIPANTE-DE-EVENTOS-CONGRESSOS="Maria Isabel de Noronha Neta" NOME-PARA-CITACAO-DO-PARTICIPANTE-DE-EVENTOS-CONGRESSOS="Neta, M.I.N.;NORONHA NETA, MARIA ISABEL" ORDEM-PARTICIPANTE="1" NRO-ID-CNPQ="1808152829261887"/><DADOS-BASICOS-DA-PARTICIPACAO-EM-CONGRESSO NATUREZA="Congresso" TITULO="" ANO="2005" PAIS="Brasil" IDIOMA="" MEIO-DE-DIVULGACAO="NAO_INFORMADO" HOME-PAGE-DO-TRABALHO="" FLAG-RELEVANCIA="NAO" TIPO-PARTICIPACAO="" FORMA-PARTICIPACAO="Ouvinte" DOI="" TITULO-INGLES="" FLAG-DIVULGACAO-CIENTIFICA="NAO"/><DETALHAMENTO-DA-PARTICIPACAO-EM-CONGRESSO NOME-DO-EVENTO="XII CONGRESSO NACIONAL DO DEPARTAMENTO DE ERGOMETRIA E REABILITAÇÃO CARDIOVASCULAR" CODIGO-INSTITUICAO="" NOME-INSTITUICAO="" LOCAL-DO-EVENTO="" CIDADE-DO-EVENTO="Natal/RN" NOME-DO-EVENTO-INGLES=""/></PARTICIPACAO-EM-CONGRESSO><PARTICIPACAO-EM-CONGRESSO SEQUENCIA-PRODUCAO="13"><PARTICIPANTE-DE-EVENTOS-CONGRESSOS NOME-COMPLETO-DO-PARTICIPANTE-DE-EVENTOS-CONGRESSOS="Maria Isabel de Noronha Neta" NOME-PARA-CITACAO-DO-PARTICIPANTE-DE-EVENTOS-CONGRESSOS="Neta, M.I.N.;NORONHA NETA, MARIA ISABEL" ORDEM-PARTICIPANTE="1" NRO-ID-CNPQ="1808152829261887"/><DADOS-BASICOS-DA-PARTICIPACAO-EM-CONGRESSO NATUREZA="Congresso" TITULO="" ANO="2004" PAIS="Brasil" IDIOMA="" MEIO-DE-DIVULGACAO="NAO_INFORMADO" HOME-PAGE-DO-TRABALHO="" FLAG-RELEVANCIA="NAO" TIPO-PARTICIPACAO="" FORMA-PARTICIPACAO="Ouvinte" DOI="" TITULO-INGLES="" FLAG-DIVULGACAO-CIENTIFICA="NAO"/><DETALHAMENTO-DA-PARTICIPACAO-EM-CONGRESSO NOME-DO-EVENTO="II CONGRESSO NORTE-RIOGRANDENSE DE FISIOTERAPIA" CODIGO-INSTITUICAO="" NOME-INSTITUICAO="" LOCAL-DO-EVENTO="" CIDADE-DO-EVENTO="Natal/RN" NOME-DO-EVENTO-INGLES=""/></PARTICIPACAO-EM-CONGRESSO><PARTICIPACAO-EM-SEMINARIO SEQUENCIA-PRODUCAO="18"><PARTICIPANTE-DE-EVENTOS-CONGRESSOS NOME-COMPLETO-DO-PARTICIPANTE-DE-EVENTOS-CONGRESSOS="Maria Isabel de Noronha Neta" NOME-PARA-CITACAO-DO-PARTICIPANTE-DE-EVENTOS-CONGRESSOS="Neta, M.I.N.;NORONHA NETA, MARIA ISABEL" ORDEM-PARTICIPANTE="1" NRO-ID-CNPQ="1808152829261887"/><DADOS-BASICOS-DA-PARTICIPACAO-EM-SEMINARIO NATUREZA="Seminário" TITULO="AMPLIAÇÃO DA PRÁTICA NAS DISCIPLINAS ELETROTERAPIA E TERMOTERAPIA, OFERECIDAS PELO CURSO DE FISIOTERAPIA" ANO="2004" PAIS="Brasil" IDIOMA="" MEIO-DE-DIVULGACAO="NAO_INFORMADO" HOME-PAGE-DO-TRABALHO="" FLAG-RELEVANCIA="NAO" TIPO-PARTICIPACAO="Poster / Painel" FORMA-PARTICIPACAO="Participante" DOI="" TITULO-INGLES="" FLAG-DIVULGACAO-CIENTIFICA="NAO"/><DETALHAMENTO-DA-PARTICIPACAO-EM-SEMINARIO NOME-DO-EVENTO="1° SEMINÁRIO DE INICIAÇÃO À DOCÊNCIA" CODIGO-INSTITUICAO="" NOME-INSTITUICAO="" LOCAL-DO-EVENTO="" CIDADE-DO-EVENTO="" NOME-DO-EVENTO-INGLES=""/></PARTICIPACAO-EM-SEMINARIO><PARTICIPACAO-EM-SEMINARIO SEQUENCIA-PRODUCAO="49"><PARTICIPANTE-DE-EVENTOS-CONGRESSOS NOME-COMPLETO-DO-PARTICIPANTE-DE-EVENTOS-CONGRESSOS="Maria Isabel de Noronha Neta" NOME-PARA-CITACAO-DO-PARTICIPANTE-DE-EVENTOS-CONGRESSOS="Neta, M.I.N.;NORONHA NETA, MARIA ISABEL" ORDEM-PARTICIPANTE="1" NRO-ID-CNPQ="1808152829261887"/><DADOS-BASICOS-DA-PARTICIPACAO-EM-SEMINARIO NATUREZA="Seminário" TITULO="" ANO="2016" PAIS="Brasil" IDIOMA="" MEIO-DE-DIVULGACAO="NAO_INFORMADO" HOME-PAGE-DO-TRABALHO="" FLAG-RELEVANCIA="NAO" TIPO-PARTICIPACAO="" FORMA-PARTICIPACAO="Ouvinte" DOI="" TITULO-INGLES="" FLAG-DIVULGACAO-CIENTIFICA="NAO"/><DETALHAMENTO-DA-PARTICIPACAO-EM-SEMINARIO NOME-DO-EVENTO="Workshop de publicação científica - AJE" CODIGO-INSTITUICAO="" NOME-INSTITUICAO="" LOCAL-DO-EVENTO="" CIDADE-DO-EVENTO="Rio de Janeiro" NOME-DO-EVENTO-INGLES=""/></PARTICIPACAO-EM-SEMINARIO><PARTICIPACAO-EM-SEMINARIO SEQUENCIA-PRODUCAO="12"><PARTICIPANTE-DE-EVENTOS-CONGRESSOS NOME-COMPLETO-DO-PARTICIPANTE-DE-EVENTOS-CONGRESSOS="Maria Isabel de Noronha Neta" NOME-PARA-CITACAO-DO-PARTICIPANTE-DE-EVENTOS-CONGRESSOS="Neta, M.I.N.;NORONHA NETA, MARIA ISABEL" ORDEM-PARTICIPANTE="1" NRO-ID-CNPQ="1808152829261887"/><DADOS-BASICOS-DA-PARTICIPACAO-EM-SEMINARIO NATUREZA="Seminário" TITULO="RECURSOS FISIOTERAPÊUTICOS: A EXCELÊNCIA DA PRÁTICA" ANO="2005" PAIS="Brasil" IDIOMA="" MEIO-DE-DIVULGACAO="NAO_INFORMADO" HOME-PAGE-DO-TRABALHO="" FLAG-RELEVANCIA="NAO" TIPO-PARTICIPACAO="Poster / Painel" FORMA-PARTICIPACAO="Participante" DOI="" TITULO-INGLES="" FLAG-DIVULGACAO-CIENTIFICA="NAO"/><DETALHAMENTO-DA-PARTICIPACAO-EM-SEMINARIO NOME-DO-EVENTO="2° SEMINÁRIO DE INICIAÇÃO À DOCÊNCIA" CODIGO-INSTITUICAO="" NOME-INSTITUICAO="" LOCAL-DO-EVENTO="" CIDADE-DO-EVENTO="Natal/RN" NOME-DO-EVENTO-INGLES=""/></PARTICIPACAO-EM-SEMINARIO><PARTICIPACAO-EM-ENCONTRO SEQUENCIA-PRODUCAO="39"><PARTICIPANTE-DE-EVENTOS-CONGRESSOS NOME-COMPLETO-DO-PARTICIPANTE-DE-EVENTOS-CONGRESSOS="Maria Isabel de Noronha Neta" NOME-PARA-CITACAO-DO-PARTICIPANTE-DE-EVENTOS-CONGRESSOS="Neta, M.I.N.;NORONHA NETA, MARIA ISABEL" ORDEM-PARTICIPANTE="1" NRO-ID-CNPQ="1808152829261887"/><DADOS-BASICOS-DA-PARTICIPACAO-EM-ENCONTRO NATUREZA="Encontro" TITULO="" ANO="2012" PAIS="Brasil" IDIOMA="" MEIO-DE-DIVULGACAO="NAO_INFORMADO" HOME-PAGE-DO-TRABALHO="" FLAG-RELEVANCIA="NAO" TIPO-PARTICIPACAO="" FORMA-PARTICIPACAO="Ouvinte" DOI="" TITULO-INGLES="" FLAG-DIVULGACAO-CIENTIFICA="NAO"/><DETALHAMENTO-DA-PARTICIPACAO-EM-ENCONTRO NOME-DO-EVENTO="III Fórum Regional de Ensino em Fisioterapia" CODIGO-INSTITUICAO="" NOME-INSTITUICAO="" LOCAL-DO-EVENTO="" CIDADE-DO-EVENTO="Rio de Janeiro" NOME-DO-EVENTO-INGLES=""/></PARTICIPACAO-EM-ENCONTRO><PARTICIPACAO-EM-ENCONTRO SEQUENCIA-PRODUCAO="17"><PARTICIPANTE-DE-EVENTOS-CONGRESSOS NOME-COMPLETO-DO-PARTICIPANTE-DE-EVENTOS-CONGRESSOS="Maria Isabel de Noronha Neta" NOME-PARA-CITACAO-DO-PARTICIPANTE-DE-EVENTOS-CONGRESSOS="Neta, M.I.N.;NORONHA NETA, MARIA ISABEL" ORDEM-PARTICIPANTE="1" NRO-ID-CNPQ="1808152829261887"/><DADOS-BASICOS-DA-PARTICIPACAO-EM-ENCONTRO NATUREZA="Encontro" TITULO="VIII ENCONTRO NORDESTINO DOS ESTUDANTES DE FISIOTERAPIA" ANO="2002" PAIS="Brasil" IDIOMA="Português" MEIO-DE-DIVULGACAO="NAO_INFORMADO" HOME-PAGE-DO-TRABALHO="" FLAG-RELEVANCIA="NAO" TIPO-PARTICIPACAO="" FORMA-PARTICIPACAO="" DOI="" TITULO-INGLES="" FLAG-DIVULGACAO-CIENTIFICA="NAO"/><DETALHAMENTO-DA-PARTICIPACAO-EM-ENCONTRO NOME-DO-EVENTO="VIII ENCONTRO NORDESTINO DOS ESTUDANTES DE FISIOTERAPIA" CODIGO-INSTITUICAO="" NOME-INSTITUICAO="" LOCAL-DO-EVENTO="" CIDADE-DO-EVENTO="João Pessoa/PB" NOME-DO-EVENTO-INGLES=""/></PARTICIPACAO-EM-ENCONTRO><PARTICIPACAO-EM-ENCONTRO SEQUENCIA-PRODUCAO="16"><PARTICIPANTE-DE-EVENTOS-CONGRESSOS NOME-COMPLETO-DO-PARTICIPANTE-DE-EVENTOS-CONGRESSOS="Maria Isabel de Noronha Neta" NOME-PARA-CITACAO-DO-PARTICIPANTE-DE-EVENTOS-CONGRESSOS="Neta, M.I.N.;NORONHA NETA, MARIA ISABEL" ORDEM-PARTICIPANTE="1" NRO-ID-CNPQ="1808152829261887"/><DADOS-BASICOS-DA-PARTICIPACAO-EM-ENCONTRO NATUREZA="Encontro" TITULO="IX ENCONTRO NORDESTINO DOS ESTUDANTES DE FISIOTERAPIA" ANO="2003" PAIS="Brasil" IDIOMA="Português" MEIO-DE-DIVULGACAO="NAO_INFORMADO" HOME-PAGE-DO-TRABALHO="" FLAG-RELEVANCIA="NAO" TIPO-PARTICIPACAO="" FORMA-PARTICIPACAO="" DOI="" TITULO-INGLES="" FLAG-DIVULGACAO-CIENTIFICA="NAO"/><DETALHAMENTO-DA-PARTICIPACAO-EM-ENCONTRO NOME-DO-EVENTO="IX ENCONTRO NORDESTINO DOS ESTUDANTES DE FISIOTERAPIA" CODIGO-INSTITUICAO="" NOME-INSTITUICAO="" LOCAL-DO-EVENTO="" CIDADE-DO-EVENTO="Salvador/BH" NOME-DO-EVENTO-INGLES=""/></PARTICIPACAO-EM-ENCONTRO><PARTICIPACAO-EM-ENCONTRO SEQUENCIA-PRODUCAO="50"><PARTICIPANTE-DE-EVENTOS-CONGRESSOS NOME-COMPLETO-DO-PARTICIPANTE-DE-EVENTOS-CONGRESSOS="Maria Isabel de Noronha Neta" NOME-PARA-CITACAO-DO-PARTICIPANTE-DE-EVENTOS-CONGRESSOS="Neta, M.I.N.;NORONHA NETA, MARIA ISABEL" ORDEM-PARTICIPANTE="1" NRO-ID-CNPQ="1808152829261887"/><DADOS-BASICOS-DA-PARTICIPACAO-EM-ENCONTRO NATUREZA="Encontro" TITULO="" ANO="2016" PAIS="Brasil" IDIOMA="" MEIO-DE-DIVULGACAO="NAO_INFORMADO" HOME-PAGE-DO-TRABALHO="" FLAG-RELEVANCIA="NAO" TIPO-PARTICIPACAO="" FORMA-PARTICIPACAO="Ouvinte" DOI="" TITULO-INGLES="" FLAG-DIVULGACAO-CIENTIFICA="NAO"/><DETALHAMENTO-DA-PARTICIPACAO-EM-ENCONTRO NOME-DO-EVENTO="Reunião de investigadores - Estudo Loop" CODIGO-INSTITUICAO="" NOME-INSTITUICAO="" LOCAL-DO-EVENTO="" CIDADE-DO-EVENTO="São Paulo" NOME-DO-EVENTO-INGLES=""/></PARTICIPACAO-EM-ENCONTRO><PARTICIPACAO-EM-ENCONTRO SEQUENCIA-PRODUCAO="42"><PARTICIPANTE-DE-EVENTOS-CONGRESSOS NOME-COMPLETO-DO-PARTICIPANTE-DE-EVENTOS-CONGRESSOS="Maria Isabel de Noronha Neta" NOME-PARA-CITACAO-DO-PARTICIPANTE-DE-EVENTOS-CONGRESSOS="Neta, M.I.N.;NORONHA NETA, MARIA ISABEL" ORDEM-PARTICIPANTE="1" NRO-ID-CNPQ="1808152829261887"/><DADOS-BASICOS-DA-PARTICIPACAO-EM-ENCONTRO NATUREZA="Encontro" TITULO="TEDx UnisuamED" ANO="2014" PAIS="Brasil" IDIOMA="" MEIO-DE-DIVULGACAO="NAO_INFORMADO" HOME-PAGE-DO-TRABALHO="" FLAG-RELEVANCIA="NAO" TIPO-PARTICIPACAO="Simposista" FORMA-PARTICIPACAO="Convidado" DOI="" TITULO-INGLES="" FLAG-DIVULGACAO-CIENTIFICA="NAO"/><DETALHAMENTO-DA-PARTICIPACAO-EM-ENCONTRO NOME-DO-EVENTO="TEDx UnisuamED" CODIGO-INSTITUICAO="" NOME-INSTITUICAO="" LOCAL-DO-EVENTO="" CIDADE-DO-EVENTO="Rio de Janeiro" NOME-DO-EVENTO-INGLES=""/></PARTICIPACAO-EM-ENCONTRO><PARTICIPACAO-EM-ENCONTRO SEQUENCIA-PRODUCAO="14"><PARTICIPANTE-DE-EVENTOS-CONGRESSOS NOME-COMPLETO-DO-PARTICIPANTE-DE-EVENTOS-CONGRESSOS="Maria Isabel de Noronha Neta" NOME-PARA-CITACAO-DO-PARTICIPANTE-DE-EVENTOS-CONGRESSOS="Neta, M.I.N.;NORONHA NETA, MARIA ISABEL" ORDEM-PARTICIPANTE="1" NRO-ID-CNPQ="1808152829261887"/><DADOS-BASICOS-DA-PARTICIPACAO-EM-ENCONTRO NATUREZA="Encontro" TITULO="" ANO="2004" PAIS="Brasil" IDIOMA="" MEIO-DE-DIVULGACAO="NAO_INFORMADO" HOME-PAGE-DO-TRABALHO="" FLAG-RELEVANCIA="NAO" TIPO-PARTICIPACAO="" FORMA-PARTICIPACAO="Ouvinte" DOI="" TITULO-INGLES="" FLAG-DIVULGACAO-CIENTIFICA="NAO"/><DETALHAMENTO-DA-PARTICIPACAO-EM-ENCONTRO NOME-DO-EVENTO="FÓRUM NACIONAL DE ENSINO EM FISIOTERAPIA" CODIGO-INSTITUICAO="" NOME-INSTITUICAO="" LOCAL-DO-EVENTO="" CIDADE-DO-EVENTO="Natal/RN" NOME-DO-EVENTO-INGLES=""/></PARTICIPACAO-EM-ENCONTRO><PARTICIPACAO-EM-ENCONTRO SEQUENCIA-PRODUCAO="10"><PARTICIPANTE-DE-EVENTOS-CONGRESSOS NOME-COMPLETO-DO-PARTICIPANTE-DE-EVENTOS-CONGRESSOS="Maria Isabel de Noronha Neta" NOME-PARA-CITACAO-DO-PARTICIPANTE-DE-EVENTOS-CONGRESSOS="Neta, M.I.N.;NORONHA NETA, MARIA ISABEL" ORDEM-PARTICIPANTE="1" NRO-ID-CNPQ="1808152829261887"/><DADOS-BASICOS-DA-PARTICIPACAO-EM-ENCONTRO NATUREZA="Encontro" TITULO="" ANO="2004" PAIS="Brasil" IDIOMA="" MEIO-DE-DIVULGACAO="NAO_INFORMADO" HOME-PAGE-DO-TRABALHO="" FLAG-RELEVANCIA="NAO" TIPO-PARTICIPACAO="" FORMA-PARTICIPACAO="Ouvinte" DOI="" TITULO-INGLES="" FLAG-DIVULGACAO-CIENTIFICA="NAO"/><DETALHAMENTO-DA-PARTICIPACAO-EM-ENCONTRO NOME-DO-EVENTO="1º SEMANA DA HUMANIZAÇÃO DA SAÚDE, EDUCAÇÃO E SEGURANÇA" CODIGO-INSTITUICAO="" NOME-INSTITUICAO="" LOCAL-DO-EVENTO="" CIDADE-DO-EVENTO="Natal/RN" NOME-DO-EVENTO-INGLES=""/></PARTICIPACAO-EM-ENCONTRO><OUTRAS-PARTICIPACOES-EM-EVENTOS-CONGRESSOS SEQUENCIA-PRODUCAO="15"><PARTICIPANTE-DE-EVENTOS-CONGRESSOS NOME-COMPLETO-DO-PARTICIPANTE-DE-EVENTOS-CONGRESSOS="Maria Isabel de Noronha Neta" NOME-PARA-CITACAO-DO-PARTICIPANTE-DE-EVENTOS-CONGRESSOS="Neta, M.I.N.;NORONHA NETA, MARIA ISABEL" ORDEM-PARTICIPANTE="1" NRO-ID-CNPQ="1808152829261887"/><DADOS-BASICOS-DE-OUTRAS-PARTICIPACOES-EM-EVENTOS-CONGRESSOS NATUREZA="Outra" TITULO="2ª JORNADA DE FISIOTERAPIA EM NEUROLOGIA" ANO="2003" PAIS="Brasil" IDIOMA="Português" MEIO-DE-DIVULGACAO="NAO_INFORMADO" HOME-PAGE-DO-TRABALHO="" FLAG-RELEVANCIA="NAO" TIPO-PARTICIPACAO="" FORMA-PARTICIPACAO="" DOI="" TITULO-INGLES="" FLAG-DIVULGACAO-CIENTIFICA="NAO"/><DETALHAMENTO-DE-OUTRAS-PARTICIPACOES-EM-EVENTOS-CONGRESSOS NOME-DO-EVENTO="2ª JORNADA DE FISIOTERAPIA EM NEUROLOGIA" CODIGO-INSTITUICAO="" NOME-INSTITUICAO="" LOCAL-DO-EVENTO="" CIDADE-DO-EVENTO="Natal/RN" NOME-DO-EVENTO-INGLES=""/></OUTRAS-PARTICIPACOES-EM-EVENTOS-CONGRESSOS></PARTICIPACAO-EM-EVENTOS-CONGRESSOS><INFORMACOES-ADICIONAIS-INSTITUICOES><INFORMACAO-ADICIONAL-INSTITUICAO CODIGO-INSTITUICAO="000100000991" SIGLA-INSTITUICAO="WBF" SIGLA-UF-INSTITUICAO="RN" SIGLA-PAIS-INSTITUICAO="BRA" NOME-PAIS-INSTITUICAO="Brasil" FLAG-AGENCIA-FOMENTO="NAO" FLAG-INSTITUICAO-DE-ENSINO="NAO"/><INFORMACAO-ADICIONAL-INSTITUICAO CODIGO-INSTITUICAO="000200000993" SIGLA-INSTITUICAO="PMERJ" SIGLA-UF-INSTITUICAO="RJ" SIGLA-PAIS-INSTITUICAO="BRA" NOME-PAIS-INSTITUICAO="Brasil" FLAG-AGENCIA-FOMENTO="NAO" FLAG-INSTITUICAO-DE-ENSINO="NAO"/><INFORMACAO-ADICIONAL-INSTITUICAO CODIGO-INSTITUICAO="002200000000" SIGLA-INSTITUICAO="CNPq" SIGLA-UF-INSTITUICAO="DF" SIGLA-PAIS-INSTITUICAO="BRA" NOME-PAIS-INSTITUICAO="Brasil" FLAG-AGENCIA-FOMENTO="SIM" FLAG-INSTITUICAO-DE-ENSINO="SIM"/><INFORMACAO-ADICIONAL-INSTITUICAO CODIGO-INSTITUICAO="020200000009" SIGLA-INSTITUICAO="UFRJ" SIGLA-UF-INSTITUICAO="RJ" SIGLA-PAIS-INSTITUICAO="BRA" NOME-PAIS-INSTITUICAO="Brasil" FLAG-AGENCIA-FOMENTO="NAO" FLAG-INSTITUICAO-DE-ENSINO="SIM"/><INFORMACAO-ADICIONAL-INSTITUICAO CODIGO-INSTITUICAO="020201000991" SIGLA-INSTITUICAO="" SIGLA-UF-INSTITUICAO="RJ" SIGLA-PAIS-INSTITUICAO="BRA" NOME-PAIS-INSTITUICAO="Brasil" FLAG-AGENCIA-FOMENTO="NAO" FLAG-INSTITUICAO-DE-ENSINO="NAO"/><INFORMACAO-ADICIONAL-INSTITUICAO CODIGO-INSTITUICAO="020202000995" SIGLA-INSTITUICAO="" SIGLA-UF-INSTITUICAO="RJ" SIGLA-PAIS-INSTITUICAO="BRA" NOME-PAIS-INSTITUICAO="Brasil" FLAG-AGENCIA-FOMENTO="NAO" FLAG-INSTITUICAO-DE-ENSINO="NAO"/><INFORMACAO-ADICIONAL-INSTITUICAO CODIGO-INSTITUICAO="033700000000" SIGLA-INSTITUICAO="UFRN" SIGLA-UF-INSTITUICAO="RN" SIGLA-PAIS-INSTITUICAO="BRA" NOME-PAIS-INSTITUICAO="Brasil" FLAG-AGENCIA-FOMENTO="NAO" FLAG-INSTITUICAO-DE-ENSINO="SIM"/><INFORMACAO-ADICIONAL-INSTITUICAO CODIGO-INSTITUICAO="033708001994" SIGLA-INSTITUICAO="" SIGLA-UF-INSTITUICAO="RN" SIGLA-PAIS-INSTITUICAO="BRA" NOME-PAIS-INSTITUICAO="Brasil" FLAG-AGENCIA-FOMENTO="NAO" FLAG-INSTITUICAO-DE-ENSINO="NAO"/><INFORMACAO-ADICIONAL-INSTITUICAO CODIGO-INSTITUICAO="033712001995" SIGLA-INSTITUICAO="" SIGLA-UF-INSTITUICAO="RN" SIGLA-PAIS-INSTITUICAO="BRA" NOME-PAIS-INSTITUICAO="Brasil" FLAG-AGENCIA-FOMENTO="NAO" FLAG-INSTITUICAO-DE-ENSINO="NAO"/><INFORMACAO-ADICIONAL-INSTITUICAO CODIGO-INSTITUICAO="033712002991" SIGLA-INSTITUICAO="" SIGLA-UF-INSTITUICAO="RN" SIGLA-PAIS-INSTITUICAO="BRA" NOME-PAIS-INSTITUICAO="Brasil" FLAG-AGENCIA-FOMENTO="NAO" FLAG-INSTITUICAO-DE-ENSINO="NAO"/><INFORMACAO-ADICIONAL-INSTITUICAO CODIGO-INSTITUICAO="033713000992" SIGLA-INSTITUICAO="" SIGLA-UF-INSTITUICAO="RN" SIGLA-PAIS-INSTITUICAO="BRA" NOME-PAIS-INSTITUICAO="Brasil" FLAG-AGENCIA-FOMENTO="NAO" FLAG-INSTITUICAO-DE-ENSINO="NAO"/><INFORMACAO-ADICIONAL-INSTITUICAO CODIGO-INSTITUICAO="045000000000" SIGLA-INSTITUICAO="CAPES" SIGLA-UF-INSTITUICAO="DF" SIGLA-PAIS-INSTITUICAO="BRA" NOME-PAIS-INSTITUICAO="Brasil" FLAG-AGENCIA-FOMENTO="SIM" FLAG-INSTITUICAO-DE-ENSINO="SIM"/><INFORMACAO-ADICIONAL-INSTITUICAO CODIGO-INSTITUICAO="201900000008" SIGLA-INSTITUICAO="UNISUAM" SIGLA-UF-INSTITUICAO="RJ" SIGLA-PAIS-INSTITUICAO="BRA" NOME-PAIS-INSTITUICAO="Brasil" FLAG-AGENCIA-FOMENTO="NAO" FLAG-INSTITUICAO-DE-ENSINO="SIM"/></INFORMACOES-ADICIONAIS-INSTITUICOES><INFORMACOES-ADICIONAIS-CURSOS><INFORMACAO-ADICIONAL-CURSO CODIGO-CURSO="31000487" CODIGO-ORGAO="" NOME-ORGAO="" CODIGO-INSTITUICAO="020200000009" NOME-INSTITUICAO="Universidade Federal do Rio de Janeiro" NOME-GRANDE-AREA-DO-CONHECIMENTO="CIENCIAS_DA_SAUDE" NOME-DA-AREA-DO-CONHECIMENTO="Medicina" NOME-DA-SUB-AREA-DO-CONHECIMENTO="Clínica Médica" NOME-DA-ESPECIALIDADE="" NIVEL-CURSO="MESTRADO_DOUTORADO"/><INFORMACAO-ADICIONAL-CURSO CODIGO-CURSO="60038012" CODIGO-ORGAO="" NOME-ORGAO="" CODIGO-INSTITUICAO="033700000000" NOME-INSTITUICAO="Universidade Federal do Rio Grande do Norte" NOME-GRANDE-AREA-DO-CONHECIMENTO="CIENCIAS_DA_SAUDE" NOME-DA-AREA-DO-CONHECIMENTO="Educação Física" NOME-DA-SUB-AREA-DO-CONHECIMENTO="" NOME-DA-ESPECIALIDADE="" NIVEL-CURSO="MESTRADO_DOUTORADO"/><INFORMACAO-ADICIONAL-CURSO CODIGO-CURSO="60112727" CODIGO-ORGAO="" NOME-ORGAO="" CODIGO-INSTITUICAO="201900000008" NOME-INSTITUICAO="Centro Universitário Augusto Motta" NOME-GRANDE-AREA-DO-CONHECIMENTO="OUTROS" NOME-DA-AREA-DO-CONHECIMENTO="" NOME-DA-SUB-AREA-DO-CONHECIMENTO="" NOME-DA-ESPECIALIDADE="" NIVEL-CURSO="GRADUACAO"/><INFORMACAO-ADICIONAL-CURSO CODIGO-CURSO="90000000" CODIGO-ORGAO="" NOME-ORGAO="" CODIGO-INSTITUICAO="033700000000" NOME-INSTITUICAO="Universidade Federal do Rio Grande do Norte" NOME-GRANDE-AREA-DO-CONHECIMENTO="CIENCIAS_DA_SAUDE" NOME-DA-AREA-DO-CONHECIMENTO="Fisioterapia e Terapia Ocupacional" NOME-DA-SUB-AREA-DO-CONHECIMENTO="" NOME-DA-ESPECIALIDADE="" NIVEL-CURSO="GRADUACAO"/><INFORMACAO-ADICIONAL-CURSO CODIGO-CURSO="90000001" CODIGO-ORGAO="" NOME-ORGAO="" CODIGO-INSTITUICAO="033700000000" NOME-INSTITUICAO="Universidade Federal do Rio Grande do Norte" NOME-GRANDE-AREA-DO-CONHECIMENTO="OUTROS" NOME-DA-AREA-DO-CONHECIMENTO="" NOME-DA-SUB-AREA-DO-CONHECIMENTO="" NOME-DA-ESPECIALIDADE="" NIVEL-CURSO="CURSO_DE_CURTA_DURACAO"/><INFORMACAO-ADICIONAL-CURSO CODIGO-CURSO="90000002" CODIGO-ORGAO="" NOME-ORGAO="" CODIGO-INSTITUICAO="033700000000" NOME-INSTITUICAO="Universidade Federal do Rio Grande do Norte" NOME-GRANDE-AREA-DO-CONHECIMENTO="OUTROS" NOME-DA-AREA-DO-CONHECIMENTO="" NOME-DA-SUB-AREA-DO-CONHECIMENTO="" NOME-DA-ESPECIALIDADE="" NIVEL-CURSO="CURSO_DE_CURTA_DURACAO"/><INFORMACAO-ADICIONAL-CURSO CODIGO-CURSO="90000003" CODIGO-ORGAO="" NOME-ORGAO="" CODIGO-INSTITUICAO="033700000000" NOME-INSTITUICAO="Universidade Federal do Rio Grande do Norte" NOME-GRANDE-AREA-DO-CONHECIMENTO="OUTROS" NOME-DA-AREA-DO-CONHECIMENTO="" NOME-DA-SUB-AREA-DO-CONHECIMENTO="" NOME-DA-ESPECIALIDADE="" NIVEL-CURSO="CURSO_DE_CURTA_DURACAO"/><INFORMACAO-ADICIONAL-CURSO CODIGO-CURSO="90000004" CODIGO-ORGAO="" NOME-ORGAO="" CODIGO-INSTITUICAO="033700000000" NOME-INSTITUICAO="Universidade Federal do Rio Grande do Norte" NOME-GRANDE-AREA-DO-CONHECIMENTO="CIENCIAS_DA_SAUDE" NOME-DA-AREA-DO-CONHECIMENTO="Fisioterapia e Terapia Ocupacional" NOME-DA-SUB-AREA-DO-CONHECIMENTO="" NOME-DA-ESPECIALIDADE="" NIVEL-CURSO="GRADUACAO"/><INFORMACAO-ADICIONAL-CURSO CODIGO-CURSO="90000005" CODIGO-ORGAO="" NOME-ORGAO="" CODIGO-INSTITUICAO="033700000000" NOME-INSTITUICAO="Universidade Federal do Rio Grande do Norte" NOME-GRANDE-AREA-DO-CONHECIMENTO="CIENCIAS_DA_SAUDE" NOME-DA-AREA-DO-CONHECIMENTO="Fisioterapia e Terapia Ocupacional" NOME-DA-SUB-AREA-DO-CONHECIMENTO="" NOME-DA-ESPECIALIDADE="" NIVEL-CURSO="GRADUACAO"/><INFORMACAO-ADICIONAL-CURSO CODIGO-CURSO="90000006" CODIGO-ORGAO="" NOME-ORGAO="" CODIGO-INSTITUICAO="033700000000" NOME-INSTITUICAO="Universidade Federal do Rio Grande do Norte" NOME-GRANDE-AREA-DO-CONHECIMENTO="CIENCIAS_DA_SAUDE" NOME-DA-AREA-DO-CONHECIMENTO="Fisioterapia e Terapia Ocupacional" NOME-DA-SUB-AREA-DO-CONHECIMENTO="" NOME-DA-ESPECIALIDADE="" NIVEL-CURSO="GRADUACAO"/><INFORMACAO-ADICIONAL-CURSO CODIGO-CURSO="90000007" CODIGO-ORGAO="" NOME-ORGAO="" CODIGO-INSTITUICAO="000100000991" NOME-INSTITUICAO="Wizard Brasil Franchising" NOME-GRANDE-AREA-DO-CONHECIMENTO="LINGUISTICA_LETRAS_E_ARTES" NOME-DA-AREA-DO-CONHECIMENTO="Lingüística" NOME-DA-SUB-AREA-DO-CONHECIMENTO="" NOME-DA-ESPECIALIDADE="" NIVEL-CURSO="OT"/><INFORMACAO-ADICIONAL-CURSO CODIGO-CURSO="90000008" CODIGO-ORGAO="" NOME-ORGAO="" CODIGO-INSTITUICAO="033700000000" NOME-INSTITUICAO="Universidade Federal do Rio Grande do Norte" NOME-GRANDE-AREA-DO-CONHECIMENTO="CIENCIAS_DA_SAUDE" NOME-DA-AREA-DO-CONHECIMENTO="Fisioterapia e Terapia Ocupacional" NOME-DA-SUB-AREA-DO-CONHECIMENTO="" NOME-DA-ESPECIALIDADE="" NIVEL-CURSO="GRADUACAO"/><INFORMACAO-ADICIONAL-CURSO CODIGO-CURSO="90000009" CODIGO-ORGAO="" NOME-ORGAO="" CODIGO-INSTITUICAO="033700000000" NOME-INSTITUICAO="Universidade Federal do Rio Grande do Norte" NOME-GRANDE-AREA-DO-CONHECIMENTO="LINGUISTICA_LETRAS_E_ARTES" NOME-DA-AREA-DO-CONHECIMENTO="Lingüística" NOME-DA-SUB-AREA-DO-CONHECIMENTO="" NOME-DA-ESPECIALIDADE="" NIVEL-CURSO="EXTENSAO_UNIVERSITARIA"/><INFORMACAO-ADICIONAL-CURSO CODIGO-CURSO="90000010" CODIGO-ORGAO="" NOME-ORGAO="" CODIGO-INSTITUICAO="020200000009" NOME-INSTITUICAO="Universidade Federal do Rio de Janeiro" NOME-GRANDE-AREA-DO-CONHECIMENTO="CIENCIAS_DA_SAUDE" NOME-DA-AREA-DO-CONHECIMENTO="Medicina" NOME-DA-SUB-AREA-DO-CONHECIMENTO="" NOME-DA-ESPECIALIDADE="" NIVEL-CURSO="DOUTORADO"/><INFORMACAO-ADICIONAL-CURSO CODIGO-CURSO="90000011" CODIGO-ORGAO="" NOME-ORGAO="" CODIGO-INSTITUICAO="020200000009" NOME-INSTITUICAO="Universidade Federal do Rio de Janeiro" NOME-GRANDE-AREA-DO-CONHECIMENTO="CIENCIAS_DA_SAUDE" NOME-DA-AREA-DO-CONHECIMENTO="Medicina" NOME-DA-SUB-AREA-DO-CONHECIMENTO="" NOME-DA-ESPECIALIDADE="" NIVEL-CURSO="DOUTORADO"/><INFORMACAO-ADICIONAL-CURSO CODIGO-CURSO="90000012" CODIGO-ORGAO="" NOME-ORGAO="" CODIGO-INSTITUICAO="020200000009" NOME-INSTITUICAO="Universidade Federal do Rio de Janeiro" NOME-GRANDE-AREA-DO-CONHECIMENTO="CIENCIAS_DA_SAUDE" NOME-DA-AREA-DO-CONHECIMENTO="Medicina" NOME-DA-SUB-AREA-DO-CONHECIMENTO="" NOME-DA-ESPECIALIDADE="" NIVEL-CURSO="DOUTORADO"/><INFORMACAO-ADICIONAL-CURSO CODIGO-CURSO="90000013" CODIGO-ORGAO="" NOME-ORGAO="" CODIGO-INSTITUICAO="020200000009" NOME-INSTITUICAO="Universidade Federal do Rio de Janeiro" NOME-GRANDE-AREA-DO-CONHECIMENTO="CIENCIAS_DA_SAUDE" NOME-DA-AREA-DO-CONHECIMENTO="Medicina" NOME-DA-SUB-AREA-DO-CONHECIMENTO="" NOME-DA-ESPECIALIDADE="" NIVEL-CURSO="DOUTORADO"/></INFORMACOES-ADICIONAIS-CURSOS></DADOS-COMPLEMENTARES><eventos/></CURRICULO-VITAE>