<CURRICULO-VITAE SISTEMA-ORIGEM-XML="LATTES_OFFLINE" NUMERO-IDENTIFICADOR="2490086483576693" FORMATO-DATA-ATUALIZACAO="DDMMAAAA" DATA-ATUALIZACAO="16122013" FORMATO-HORA-ATUALIZACAO="HHMMSS" HORA-ATUALIZACAO="100111"><DADOS-GERAIS NOME-COMPLETO="Antonio Carlos Bernardes Esteves" NOME-EM-CITACOES-BIBLIOGRAFICAS="ESTEVES, A. C. B." NACIONALIDADE="E" PAIS-DE-NASCIMENTO="Portugal" FORMATO-DATA-DE-NASCIMENTO="DDMMAAAA" FORMATO-DATA-DE-EMISSAO="DDMMAAAA" PERMISSAO-DE-DIVULGACAO="NAO" DATA-FALECIMENTO="" SIGLA-PAIS-NACIONALIDADE="POR" PAIS-DE-NACIONALIDADE="Portugal"><RESUMO-CV TEXTO-RESUMO-CV-RH="Possui Graduação em Licenciatura de Educação Física pela Universidade Gama Filho (1981) e Mestrado em Educação Física pela Universidade Gama Filho (2006). Atualmente é professor auxiliar da Sociedade Educacional São Paulo Apóstolo, Professor 1 da  Secretaria de Educação do Estado do Rio de Janeiro e Professor auxiliar do Centro Universitário Augusto Motta. Tem experiência na área de Educação Física, com ênfase em pedagogia do esporte e lazer, atuando principalmente nos seguintes temas: educação física escolar, basquetebol, futsal, pesca submarina, imaginário social." TEXTO-RESUMO-CV-RH-EN="bachelor's at Licenciatura em Educação Física from Universidade Gama Filho (1981) and master's at Fitness from Universidade Gama Filho (2006). Has experience in Fitness, focusing on Fitness, acting on the following subjects: pesca submarina, imaginário social, risco, imaginário and associação de idéias."/><OUTRAS-INFORMACOES-RELEVANTES OUTRAS-INFORMACOES-RELEVANTES=""/><ENDERECO FLAG-DE-PREFERENCIA="ENDERECO_RESIDENCIAL"><ENDERECO-PROFISSIONAL CODIGO-INSTITUICAO-EMPRESA="000100000991" NOME-INSTITUICAO-EMPRESA="Centro Universitário Augusto Motta" CODIGO-ORGAO="000101000995" NOME-ORGAO="Curso de Educação Física" CODIGO-UNIDADE="" NOME-UNIDADE="" LOGRADOURO-COMPLEMENTO="AV. Paris, 72" PAIS="Brasil" UF="RJ" CEP="" CIDADE="Rio de Janeiro" BAIRRO="Bonsucesso" DDD="" TELEFONE="38829772" RAMAL="" FAX="" E-MAIL="antonioesteves@globo.com" HOME-PAGE=""/></ENDERECO><FORMACAO-ACADEMICA-TITULACAO><GRADUACAO SEQUENCIA-FORMACAO="3" NIVEL="1" TITULO-DO-TRABALHO-DE-CONCLUSAO-DE-CURSO="" NOME-DO-ORIENTADOR="" CODIGO-INSTITUICAO="081200000000" NOME-INSTITUICAO="Universidade Gama Filho" CODIGO-CURSO="90000002" NOME-CURSO="Licenciatura em Educação Física" CODIGO-AREA-CURSO="" STATUS-DO-CURSO="CONCLUIDO" ANO-DE-INICIO="1978" ANO-DE-CONCLUSAO="1981" FLAG-BOLSA="" CODIGO-AGENCIA-FINANCIADORA="" NOME-AGENCIA="" NUMERO-ID-ORIENTADOR="" CODIGO-CURSO-CAPES="" TITULO-DO-TRABALHO-DE-CONCLUSAO-DE-CURSO-INGLES="" NOME-CURSO-INGLES="" TIPO-GRADUACAO="" CODIGO-INSTITUICAO-GRAD="" NOME-INSTITUICAO-GRAD="" CODIGO-INSTITUICAO-OUTRA-GRAD="" NOME-INSTITUICAO-OUTRA-GRAD="" NOME-ORIENTADOR-GRAD=""/><ESPECIALIZACAO SEQUENCIA-FORMACAO="1" NIVEL="2" TITULO-DA-MONOGRAFIA="" NOME-DO-ORIENTADOR="" CODIGO-INSTITUICAO="081200000000" NOME-INSTITUICAO="Universidade Gama Filho" CODIGO-CURSO="90000000" NOME-CURSO="Curso de  Ciência do Treinamento Desportivo" STATUS-DO-CURSO="CONCLUIDO" ANO-DE-INICIO="1981" ANO-DE-CONCLUSAO="1983" FLAG-BOLSA="" CODIGO-AGENCIA-FINANCIADORA="" NOME-AGENCIA="" CARGA-HORARIA="360" TITULO-DA-MONOGRAFIA-INGLES="" NOME-CURSO-INGLES=""/><ESPECIALIZACAO SEQUENCIA-FORMACAO="2" NIVEL="2" TITULO-DA-MONOGRAFIA="" NOME-DO-ORIENTADOR="" CODIGO-INSTITUICAO="081200000000" NOME-INSTITUICAO="Universidade Gama Filho" CODIGO-CURSO="90000001" NOME-CURSO="Curso em Ciência e Técnica do Futebol" STATUS-DO-CURSO="CONCLUIDO" ANO-DE-INICIO="1985" ANO-DE-CONCLUSAO="1987" FLAG-BOLSA="NAO" CODIGO-AGENCIA-FINANCIADORA="" NOME-AGENCIA="" CARGA-HORARIA="360" TITULO-DA-MONOGRAFIA-INGLES="" NOME-CURSO-INGLES=""/><MESTRADO SEQUENCIA-FORMACAO="4" NIVEL="3" CODIGO-INSTITUICAO="081200000000" NOME-INSTITUICAO="Universidade Gama Filho" CODIGO-CURSO="31050042" NOME-CURSO="Educação Física" CODIGO-AREA-CURSO="40900002" STATUS-DO-CURSO="CONCLUIDO" ANO-DE-INICIO="2004" ANO-DE-CONCLUSAO="2006" FLAG-BOLSA="NAO" CODIGO-AGENCIA-FINANCIADORA="" NOME-AGENCIA="" ANO-DE-OBTENCAO-DO-TITULO="2006" TITULO-DA-DISSERTACAO-TESE="Pesca Submarina: Um Mergulho no Imaginário de seus Praticantes" NOME-COMPLETO-DO-ORIENTADOR="Vera Lúcia de Menezes Costa" TIPO-MESTRADO="" NUMERO-ID-ORIENTADOR="" CODIGO-CURSO-CAPES="31006019004P5" TITULO-DA-DISSERTACAO-TESE-INGLES="" NOME-CURSO-INGLES="Fitness" NOME-DO-CO-ORIENTADOR="" CODIGO-INSTITUICAO-DOUT="" NOME-INSTITUICAO-DOUT="" CODIGO-INSTITUICAO-OUTRA-DOUT="" NOME-INSTITUICAO-OUTRA-DOUT="" NOME-ORIENTADOR-DOUT=""><PALAVRAS-CHAVE PALAVRA-CHAVE-1="Imaginário, pesca submarina, aventura, risco, vert" PALAVRA-CHAVE-2="" PALAVRA-CHAVE-3="" PALAVRA-CHAVE-4="" PALAVRA-CHAVE-5="" PALAVRA-CHAVE-6=""/><AREAS-DO-CONHECIMENTO><AREA-DO-CONHECIMENTO-1 NOME-GRANDE-AREA-DO-CONHECIMENTO="CIENCIAS_DA_SAUDE" NOME-DA-AREA-DO-CONHECIMENTO="Educação Física" NOME-DA-SUB-AREA-DO-CONHECIMENTO="" NOME-DA-ESPECIALIDADE=""/></AREAS-DO-CONHECIMENTO><SETORES-DE-ATIVIDADE SETOR-DE-ATIVIDADE-1="Educação Superior" SETOR-DE-ATIVIDADE-2="" SETOR-DE-ATIVIDADE-3=""/><conceitoCapes/></MESTRADO></FORMACAO-ACADEMICA-TITULACAO><ATUACOES-PROFISSIONAIS><ATUACAO-PROFISSIONAL CODIGO-INSTITUICAO="000300000995" NOME-INSTITUICAO="Sociedade Educacional São Paulo Apóstolo" SEQUENCIA-ATIVIDADE="1" SEQUENCIA-IMPORTANCIA=""><VINCULOS SEQUENCIA-HISTORICO="1" TIPO-DE-VINCULO="CELETISTA" ENQUADRAMENTO-FUNCIONAL="LIVRE" CARGA-HORARIA-SEMANAL="13" FLAG-DEDICACAO-EXCLUSIVA="NAO" MES-INICIO="09" ANO-INICIO="2001" MES-FIM="" ANO-FIM="" OUTRAS-INFORMACOES="Graduação: Professor da disciplina Esportes de Risco e Aventura em Ambientes Naturais e Urbanos" FLAG-VINCULO-EMPREGATICIO="NAO" OUTRO-VINCULO-INFORMADO="" OUTRO-ENQUADRAMENTO-FUNCIONAL-INFORMADO="Professor Assistente" OUTRO-ENQUADRAMENTO-FUNCIONAL-INFORMADO-INGLES="" OUTRAS-INFORMACOES-INGLES=""/><ATIVIDADES-DE-ENSINO><ENSINO SEQUENCIA-FUNCAO-ATIVIDADE="1" FLAG-PERIODO="ATUAL" TIPO-ENSINO="GRADUACAO" MES-INICIO="09" ANO-INICIO="2001" MES-FIM="" ANO-FIM="" CODIGO-ORGAO="" NOME-ORGAO="" CODIGO-CURSO="90000003" NOME-CURSO="Educação Física" NOME-CURSO-INGLES=""><DISCIPLINA SEQUENCIA-ESPECIFICACAO="1">Handebol</DISCIPLINA><DISCIPLINA SEQUENCIA-ESPECIFICACAO="2">Futsal</DISCIPLINA><DISCIPLINA SEQUENCIA-ESPECIFICACAO="3">Recreação</DISCIPLINA><DISCIPLINA SEQUENCIA-ESPECIFICACAO="4">Basquetebol</DISCIPLINA></ENSINO></ATIVIDADES-DE-ENSINO><atividadesProfissionaisPlanificadas/></ATUACAO-PROFISSIONAL><ATUACAO-PROFISSIONAL CODIGO-INSTITUICAO="000100000991" NOME-INSTITUICAO="Centro Universitário Augusto Motta" SEQUENCIA-ATIVIDADE="2" SEQUENCIA-IMPORTANCIA=""><VINCULOS SEQUENCIA-HISTORICO="1" TIPO-DE-VINCULO="CELETISTA" ENQUADRAMENTO-FUNCIONAL="LIVRE" CARGA-HORARIA-SEMANAL="20" FLAG-DEDICACAO-EXCLUSIVA="NAO" MES-INICIO="04" ANO-INICIO="2002" MES-FIM="" ANO-FIM="" OUTRAS-INFORMACOES="Pós Grduação Lato-Sensu: Professor da disciplina Basquetebol do módulo Pedagogia do Esporte do Curso de Educação Física Escolar." FLAG-VINCULO-EMPREGATICIO="NAO" OUTRO-VINCULO-INFORMADO="" OUTRO-ENQUADRAMENTO-FUNCIONAL-INFORMADO="Professor Assistente" OUTRO-ENQUADRAMENTO-FUNCIONAL-INFORMADO-INGLES="" OUTRAS-INFORMACOES-INGLES=""/><ATIVIDADES-DE-ENSINO><ENSINO SEQUENCIA-FUNCAO-ATIVIDADE="1" FLAG-PERIODO="ATUAL" TIPO-ENSINO="GRADUACAO" MES-INICIO="04" ANO-INICIO="2002" MES-FIM="" ANO-FIM="" CODIGO-ORGAO="" NOME-ORGAO="" CODIGO-CURSO="90000004" NOME-CURSO="Curso de Educação Física" NOME-CURSO-INGLES=""><DISCIPLINA SEQUENCIA-ESPECIFICACAO="1">Ginástica Escolar</DISCIPLINA><DISCIPLINA SEQUENCIA-ESPECIFICACAO="2">Basquetebol</DISCIPLINA></ENSINO></ATIVIDADES-DE-ENSINO><ATIVIDADES-DE-TREINAMENTO-MINISTRADO><TREINAMENTO-MINISTRADO SEQUENCIA-FUNCAO-ATIVIDADE="2" FLAG-PERIODO="ATUAL" MES-INICIO="03" ANO-INICIO="2003" MES-FIM="" ANO-FIM="" CODIGO-ORGAO="000101000995" NOME-ORGAO="Curso de Educação Física" CODIGO-UNIDADE="" NOME-UNIDADE=""><TREINAMENTO SEQUENCIA-ESPECIFICACAO="1">Treinamento das Equipes Universitária Masculina e Femenina de Basquetebol</TREINAMENTO></TREINAMENTO-MINISTRADO></ATIVIDADES-DE-TREINAMENTO-MINISTRADO><atividadesProfissionaisPlanificadas/></ATUACAO-PROFISSIONAL><ATUACAO-PROFISSIONAL CODIGO-INSTITUICAO="000400000997" NOME-INSTITUICAO="Secretaria de Educação do Estado do Rio de Janeiro" SEQUENCIA-ATIVIDADE="3" SEQUENCIA-IMPORTANCIA=""><VINCULOS SEQUENCIA-HISTORICO="1" TIPO-DE-VINCULO="SERVIDOR_PUBLICO" ENQUADRAMENTO-FUNCIONAL="LIVRE" CARGA-HORARIA-SEMANAL="16" FLAG-DEDICACAO-EXCLUSIVA="NAO" MES-INICIO="04" ANO-INICIO="1982" MES-FIM="" ANO-FIM="" OUTRAS-INFORMACOES="" FLAG-VINCULO-EMPREGATICIO="NAO" OUTRO-VINCULO-INFORMADO="" OUTRO-ENQUADRAMENTO-FUNCIONAL-INFORMADO="Professor 1" OUTRO-ENQUADRAMENTO-FUNCIONAL-INFORMADO-INGLES="" OUTRAS-INFORMACOES-INGLES=""/><ATIVIDADES-DE-ENSINO><ENSINO SEQUENCIA-FUNCAO-ATIVIDADE="1" FLAG-PERIODO="ATUAL" TIPO-ENSINO="ENSINO-MEDIO" MES-INICIO="04" ANO-INICIO="1982" MES-FIM="" ANO-FIM="" CODIGO-ORGAO="" NOME-ORGAO="" CODIGO-CURSO="" NOME-CURSO="" NOME-CURSO-INGLES=""><DISCIPLINA SEQUENCIA-ESPECIFICACAO="1">Educação Física</DISCIPLINA></ENSINO><ENSINO SEQUENCIA-FUNCAO-ATIVIDADE="2" FLAG-PERIODO="ATUAL" TIPO-ENSINO="ENSINO-MEDIO" MES-INICIO="05" ANO-INICIO="1985" MES-FIM="" ANO-FIM="" CODIGO-ORGAO="" NOME-ORGAO="" CODIGO-CURSO="" NOME-CURSO="" NOME-CURSO-INGLES=""><DISCIPLINA SEQUENCIA-ESPECIFICACAO="1">Educação Física</DISCIPLINA></ENSINO></ATIVIDADES-DE-ENSINO><atividadesProfissionaisPlanificadas/></ATUACAO-PROFISSIONAL><ATUACAO-PROFISSIONAL CODIGO-INSTITUICAO="000500000999" NOME-INSTITUICAO="Fluminense Futebol Clube" SEQUENCIA-ATIVIDADE="4" SEQUENCIA-IMPORTANCIA=""><VINCULOS SEQUENCIA-HISTORICO="1" TIPO-DE-VINCULO="CELETISTA" ENQUADRAMENTO-FUNCIONAL="LIVRE" CARGA-HORARIA-SEMANAL="12" FLAG-DEDICACAO-EXCLUSIVA="NAO" MES-INICIO="04" ANO-INICIO="1983" MES-FIM="07" ANO-FIM="1989" OUTRAS-INFORMACOES="" FLAG-VINCULO-EMPREGATICIO="NAO" OUTRO-VINCULO-INFORMADO="" OUTRO-ENQUADRAMENTO-FUNCIONAL-INFORMADO="Técnico Esportivo" OUTRO-ENQUADRAMENTO-FUNCIONAL-INFORMADO-INGLES="" OUTRAS-INFORMACOES-INGLES=""/><VINCULOS SEQUENCIA-HISTORICO="2" TIPO-DE-VINCULO="CELETISTA" ENQUADRAMENTO-FUNCIONAL="LIVRE" CARGA-HORARIA-SEMANAL="12" FLAG-DEDICACAO-EXCLUSIVA="NAO" MES-INICIO="04" ANO-INICIO="1983" MES-FIM="07" ANO-FIM="1989" OUTRAS-INFORMACOES="" FLAG-VINCULO-EMPREGATICIO="NAO" OUTRO-VINCULO-INFORMADO="" OUTRO-ENQUADRAMENTO-FUNCIONAL-INFORMADO="Técnico Esportivo" OUTRO-ENQUADRAMENTO-FUNCIONAL-INFORMADO-INGLES="" OUTRAS-INFORMACOES-INGLES=""/><atividadesProfissionaisPlanificadas/></ATUACAO-PROFISSIONAL><ATUACAO-PROFISSIONAL CODIGO-INSTITUICAO="000600000990" NOME-INSTITUICAO="Revista Arquivos em Movimento" SEQUENCIA-ATIVIDADE="5" SEQUENCIA-IMPORTANCIA=""><VINCULOS SEQUENCIA-HISTORICO="1" TIPO-DE-VINCULO="LIVRE" ENQUADRAMENTO-FUNCIONAL="LIVRE" CARGA-HORARIA-SEMANAL="" FLAG-DEDICACAO-EXCLUSIVA="NAO" MES-INICIO="06" ANO-INICIO="2010" MES-FIM="" ANO-FIM="" OUTRAS-INFORMACOES="" FLAG-VINCULO-EMPREGATICIO="SIM" OUTRO-VINCULO-INFORMADO="Revisor de periódico" OUTRO-ENQUADRAMENTO-FUNCIONAL-INFORMADO="" OUTRO-ENQUADRAMENTO-FUNCIONAL-INFORMADO-INGLES="" OUTRAS-INFORMACOES-INGLES=""/><atividadesProfissionaisPlanificadas/></ATUACAO-PROFISSIONAL></ATUACOES-PROFISSIONAIS><AREAS-DE-ATUACAO><AREA-DE-ATUACAO SEQUENCIA-AREA-DE-ATUACAO="1" NOME-GRANDE-AREA-DO-CONHECIMENTO="CIENCIAS_DA_SAUDE" NOME-DA-AREA-DO-CONHECIMENTO="Educação Física" NOME-DA-SUB-AREA-DO-CONHECIMENTO="" NOME-DA-ESPECIALIDADE=""/></AREAS-DE-ATUACAO><IDIOMAS><IDIOMA IDIOMA="ES" DESCRICAO-DO-IDIOMA="Espanhol" PROFICIENCIA-DE-LEITURA="RAZOAVELMENTE" PROFICIENCIA-DE-FALA="NAO_INFORMADO" PROFICIENCIA-DE-ESCRITA="NAO_INFORMADO" PROFICIENCIA-DE-COMPREENSAO="NAO_INFORMADO"/></IDIOMAS><PREMIOS-TITULOS><PREMIO-TITULO NOME-DO-PREMIO-OU-TITULO="Campeão do Campeonato Estadual" NOME-DA-ENTIDADE-PROMOTORA="FBERJ" ANO-DA-PREMIACAO="1988" NOME-DO-PREMIO-OU-TITULO-INGLES=""/><PREMIO-TITULO NOME-DO-PREMIO-OU-TITULO="Campeão do 36º Campeonato Carioca Universitário" NOME-DA-ENTIDADE-PROMOTORA="FEURJ" ANO-DA-PREMIACAO="2005" NOME-DO-PREMIO-OU-TITULO-INGLES=""/><PREMIO-TITULO NOME-DO-PREMIO-OU-TITULO="Terceiro Colocado nas Olímpiadas Universitárias" NOME-DA-ENTIDADE-PROMOTORA="CBDU/Ministério dos Esportes" ANO-DA-PREMIACAO="2006" NOME-DO-PREMIO-OU-TITULO-INGLES=""/></PREMIOS-TITULOS><staValidado/><dataExibicao/><dadosBolsista/></DADOS-GERAIS><PRODUCAO-BIBLIOGRAFICA><TRABALHOS-EM-EVENTOS><TRABALHO-EM-EVENTOS SEQUENCIA-PRODUCAO="1"><DADOS-BASICOS-DO-TRABALHO NATUREZA="COMPLETO" TITULO-DO-TRABALHO="Pesca Submarina: um ensaio sobre o imaginário de seus praticantes" ANO-DO-TRABALHO="2003" PAIS-DO-EVENTO="Brasil" IDIOMA="Português" MEIO-DE-DIVULGACAO="MEIO_DIGITAL" HOME-PAGE-DO-TRABALHO="" FLAG-RELEVANCIA="SIM" DOI="" TITULO-DO-TRABALHO-INGLES="" FLAG-DIVULGACAO-CIENTIFICA="NAO"/><DETALHAMENTO-DO-TRABALHO CLASSIFICACAO-DO-EVENTO="NACIONAL" NOME-DO-EVENTO="II Conferência do Imaginário e das Representações Sociais   em Educação Física, Esporte e Lazer" CIDADE-DO-EVENTO="Rio de Janeiro" ANO-DE-REALIZACAO="2003" TITULO-DOS-ANAIS-OU-PROCEEDINGS="II Conferência do Imaginário e das Representações Sociais   em Educação Física, Esporte e Lazer" VOLUME="" FASCICULO="" SERIE="" PAGINA-INICIAL="" PAGINA-FINAL="" ISBN="" NOME-DA-EDITORA="" CIDADE-DA-EDITORA=""/><AUTORES NOME-COMPLETO-DO-AUTOR="Antonio Carlos Bernardes Esteves" NOME-PARA-CITACAO="ESTEVES, A. C. B." ORDEM-DE-AUTORIA="1"/><PALAVRAS-CHAVE PALAVRA-CHAVE-1="Pesca Submarina" PALAVRA-CHAVE-2="Imaginário Social" PALAVRA-CHAVE-3="" PALAVRA-CHAVE-4="" PALAVRA-CHAVE-5="" PALAVRA-CHAVE-6=""/><AREAS-DO-CONHECIMENTO><AREA-DO-CONHECIMENTO-1 NOME-GRANDE-AREA-DO-CONHECIMENTO="CIENCIAS_DA_SAUDE" NOME-DA-AREA-DO-CONHECIMENTO="Educação Física" NOME-DA-SUB-AREA-DO-CONHECIMENTO="" NOME-DA-ESPECIALIDADE=""/></AREAS-DO-CONHECIMENTO><INFORMACOES-ADICIONAIS DESCRICAO-INFORMACOES-ADICIONAIS="CD Room" DESCRICAO-INFORMACOES-ADICIONAIS-INGLES=""/></TRABALHO-EM-EVENTOS><TRABALHO-EM-EVENTOS SEQUENCIA-PRODUCAO="2"><DADOS-BASICOS-DO-TRABALHO NATUREZA="RESUMO" TITULO-DO-TRABALHO="Pesca Submarina: que jogo é esse?" ANO-DO-TRABALHO="2004" PAIS-DO-EVENTO="Brasil" IDIOMA="Português" MEIO-DE-DIVULGACAO="IMPRESSO" HOME-PAGE-DO-TRABALHO="" FLAG-RELEVANCIA="SIM" DOI="" TITULO-DO-TRABALHO-INGLES="" FLAG-DIVULGACAO-CIENTIFICA="NAO"/><DETALHAMENTO-DO-TRABALHO CLASSIFICACAO-DO-EVENTO="INTERNACIONAL" NOME-DO-EVENTO="19º Congresso Internacional deEducação Física - FIEP 2004" CIDADE-DO-EVENTO="Foz do Iguaçu" ANO-DE-REALIZACAO="2004" TITULO-DOS-ANAIS-OU-PROCEEDINGS="Boletim da Federação internacional de Educação Física" VOLUME="74" FASCICULO="" SERIE="" PAGINA-INICIAL="73" PAGINA-FINAL="73" ISBN="" NOME-DA-EDITORA="Gráfica Planeta" CIDADE-DA-EDITORA="Foz do Iguaçu"/><AUTORES NOME-COMPLETO-DO-AUTOR="Antonio Carlos Bernardes Esteves" NOME-PARA-CITACAO="ESTEVES, A. C. B." ORDEM-DE-AUTORIA="1"/><PALAVRAS-CHAVE PALAVRA-CHAVE-1="Imaginário Social" PALAVRA-CHAVE-2="Jogo" PALAVRA-CHAVE-3="Pesca Submarina" PALAVRA-CHAVE-4="" PALAVRA-CHAVE-5="" PALAVRA-CHAVE-6=""/><AREAS-DO-CONHECIMENTO><AREA-DO-CONHECIMENTO-1 NOME-GRANDE-AREA-DO-CONHECIMENTO="CIENCIAS_DA_SAUDE" NOME-DA-AREA-DO-CONHECIMENTO="Educação Física" NOME-DA-SUB-AREA-DO-CONHECIMENTO="" NOME-DA-ESPECIALIDADE=""/></AREAS-DO-CONHECIMENTO><INFORMACOES-ADICIONAIS DESCRICAO-INFORMACOES-ADICIONAIS="" DESCRICAO-INFORMACOES-ADICIONAIS-INGLES=""/></TRABALHO-EM-EVENTOS><TRABALHO-EM-EVENTOS SEQUENCIA-PRODUCAO="3"><DADOS-BASICOS-DO-TRABALHO NATUREZA="RESUMO" TITULO-DO-TRABALHO="Um Novo Cenário Para as Aulas Noturnas de Educação Física no Ensino Médio" ANO-DO-TRABALHO="2004" PAIS-DO-EVENTO="Brasil" IDIOMA="Português" MEIO-DE-DIVULGACAO="IMPRESSO" HOME-PAGE-DO-TRABALHO="" FLAG-RELEVANCIA="NAO" DOI="" TITULO-DO-TRABALHO-INGLES="" FLAG-DIVULGACAO-CIENTIFICA="NAO"/><DETALHAMENTO-DO-TRABALHO CLASSIFICACAO-DO-EVENTO="INTERNACIONAL" NOME-DO-EVENTO="19º Congresso Internacional de Educação Física - FIEP 2004" CIDADE-DO-EVENTO="Foz do Iguaçu" ANO-DE-REALIZACAO="2004" TITULO-DOS-ANAIS-OU-PROCEEDINGS="Boletim da Federação Internacional de Educação Física" VOLUME="74" FASCICULO="" SERIE="" PAGINA-INICIAL="95" PAGINA-FINAL="95" ISBN="" NOME-DA-EDITORA="Gráfica Planeta" CIDADE-DA-EDITORA="Foz do Iguaçu"/><AUTORES NOME-COMPLETO-DO-AUTOR="Heloisa de Araujo Gonzalez Alonso" NOME-PARA-CITACAO="ALONSO, H. A. G." ORDEM-DE-AUTORIA="2" NRO-ID-CNPQ=""/><AUTORES NOME-COMPLETO-DO-AUTOR="Antonio Carlos Bernardes Esteves" NOME-PARA-CITACAO="ESTEVES, A. C. B." ORDEM-DE-AUTORIA="1"/><PALAVRAS-CHAVE PALAVRA-CHAVE-1="Educação Física" PALAVRA-CHAVE-2="Ensino Médio" PALAVRA-CHAVE-3="" PALAVRA-CHAVE-4="" PALAVRA-CHAVE-5="" PALAVRA-CHAVE-6=""/><AREAS-DO-CONHECIMENTO><AREA-DO-CONHECIMENTO-1 NOME-GRANDE-AREA-DO-CONHECIMENTO="CIENCIAS_DA_SAUDE" NOME-DA-AREA-DO-CONHECIMENTO="Educação Física" NOME-DA-SUB-AREA-DO-CONHECIMENTO="" NOME-DA-ESPECIALIDADE=""/></AREAS-DO-CONHECIMENTO><INFORMACOES-ADICIONAIS DESCRICAO-INFORMACOES-ADICIONAIS="" DESCRICAO-INFORMACOES-ADICIONAIS-INGLES=""/></TRABALHO-EM-EVENTOS><TRABALHO-EM-EVENTOS SEQUENCIA-PRODUCAO="10"><DADOS-BASICOS-DO-TRABALHO NATUREZA="COMPLETO" TITULO-DO-TRABALHO="Pesca Submarina: do prazer na aventura ao risco no mar" ANO-DO-TRABALHO="2005" PAIS-DO-EVENTO="Brasil" IDIOMA="Português" MEIO-DE-DIVULGACAO="IMPRESSO" HOME-PAGE-DO-TRABALHO="" FLAG-RELEVANCIA="SIM" DOI="" TITULO-DO-TRABALHO-INGLES="" FLAG-DIVULGACAO-CIENTIFICA="NAO"/><DETALHAMENTO-DO-TRABALHO CLASSIFICACAO-DO-EVENTO="INTERNACIONAL" NOME-DO-EVENTO="20º Congresso Internacional de Educação Física" CIDADE-DO-EVENTO="Foz do Iguaçu" ANO-DE-REALIZACAO="2005" TITULO-DOS-ANAIS-OU-PROCEEDINGS="The FIEP Bulletin" VOLUME="75" FASCICULO="1" SERIE="" PAGINA-INICIAL="256" PAGINA-FINAL="259" ISBN="02566419" NOME-DA-EDITORA="FIEP" CIDADE-DA-EDITORA=""/><AUTORES NOME-COMPLETO-DO-AUTOR="Antonio Carlos Bernardes Esteves" NOME-PARA-CITACAO="ESTEVES, A. C. B." ORDEM-DE-AUTORIA="1"/><PALAVRAS-CHAVE PALAVRA-CHAVE-1="Pesca Submarina" PALAVRA-CHAVE-2="Associação de Idéias" PALAVRA-CHAVE-3="Imaginário" PALAVRA-CHAVE-4="" PALAVRA-CHAVE-5="" PALAVRA-CHAVE-6=""/><AREAS-DO-CONHECIMENTO><AREA-DO-CONHECIMENTO-1 NOME-GRANDE-AREA-DO-CONHECIMENTO="CIENCIAS_DA_SAUDE" NOME-DA-AREA-DO-CONHECIMENTO="Educação Física" NOME-DA-SUB-AREA-DO-CONHECIMENTO="" NOME-DA-ESPECIALIDADE=""/></AREAS-DO-CONHECIMENTO><SETORES-DE-ATIVIDADE SETOR-DE-ATIVIDADE-1="Educação Superior" SETOR-DE-ATIVIDADE-2="" SETOR-DE-ATIVIDADE-3=""/><INFORMACOES-ADICIONAIS DESCRICAO-INFORMACOES-ADICIONAIS="" DESCRICAO-INFORMACOES-ADICIONAIS-INGLES=""/></TRABALHO-EM-EVENTOS><TRABALHO-EM-EVENTOS SEQUENCIA-PRODUCAO="11"><DADOS-BASICOS-DO-TRABALHO NATUREZA="COMPLETO" TITULO-DO-TRABALHO="O Risco e a Vertigem no Imaginário dos Praticantes de Pesca Submarina" ANO-DO-TRABALHO="2006" PAIS-DO-EVENTO="Brasil" IDIOMA="Português" MEIO-DE-DIVULGACAO="IMPRESSO" HOME-PAGE-DO-TRABALHO="" FLAG-RELEVANCIA="SIM" DOI="" TITULO-DO-TRABALHO-INGLES="" FLAG-DIVULGACAO-CIENTIFICA="NAO"/><DETALHAMENTO-DO-TRABALHO CLASSIFICACAO-DO-EVENTO="INTERNACIONAL" NOME-DO-EVENTO="21º Congresso Internacional de Educação Física" CIDADE-DO-EVENTO="Foz do Iguaçu" ANO-DE-REALIZACAO="2006" TITULO-DOS-ANAIS-OU-PROCEEDINGS="The FIEP Bulletin" VOLUME="76" FASCICULO="" SERIE="" PAGINA-INICIAL="543" PAGINA-FINAL="545" ISBN="02566419" NOME-DA-EDITORA="FIEP" CIDADE-DA-EDITORA=""/><AUTORES NOME-COMPLETO-DO-AUTOR="Antonio Carlos Bernardes Esteves" NOME-PARA-CITACAO="ESTEVES, A. C. B." ORDEM-DE-AUTORIA="1"/><PALAVRAS-CHAVE PALAVRA-CHAVE-1="Risco" PALAVRA-CHAVE-2="Vertigem" PALAVRA-CHAVE-3="Pesca Submarina" PALAVRA-CHAVE-4="" PALAVRA-CHAVE-5="" PALAVRA-CHAVE-6=""/><AREAS-DO-CONHECIMENTO><AREA-DO-CONHECIMENTO-1 NOME-GRANDE-AREA-DO-CONHECIMENTO="CIENCIAS_DA_SAUDE" NOME-DA-AREA-DO-CONHECIMENTO="Educação Física" NOME-DA-SUB-AREA-DO-CONHECIMENTO="" NOME-DA-ESPECIALIDADE=""/></AREAS-DO-CONHECIMENTO><SETORES-DE-ATIVIDADE SETOR-DE-ATIVIDADE-1="Educação" SETOR-DE-ATIVIDADE-2="" SETOR-DE-ATIVIDADE-3=""/><INFORMACOES-ADICIONAIS DESCRICAO-INFORMACOES-ADICIONAIS="" DESCRICAO-INFORMACOES-ADICIONAIS-INGLES=""/></TRABALHO-EM-EVENTOS><TRABALHO-EM-EVENTOS SEQUENCIA-PRODUCAO="17"><DADOS-BASICOS-DO-TRABALHO NATUREZA="RESUMO" TITULO-DO-TRABALHO="Memórias da Pesca Submarina no Brasil" ANO-DO-TRABALHO="2006" PAIS-DO-EVENTO="Brasil" IDIOMA="Português" MEIO-DE-DIVULGACAO="IMPRESSO" HOME-PAGE-DO-TRABALHO="" FLAG-RELEVANCIA="NAO" DOI="" TITULO-DO-TRABALHO-INGLES="" FLAG-DIVULGACAO-CIENTIFICA="NAO"/><DETALHAMENTO-DO-TRABALHO CLASSIFICACAO-DO-EVENTO="NACIONAL" NOME-DO-EVENTO="X Congresso Nacional de História do Esporte, Lazer, Educação Física" CIDADE-DO-EVENTO="Curitiba/Paraná" ANO-DE-REALIZACAO="2006" TITULO-DOS-ANAIS-OU-PROCEEDINGS="II Congresso Latinoamericano de História de la Educación Física" VOLUME="" FASCICULO="" SERIE="" PAGINA-INICIAL="32" PAGINA-FINAL="32" ISBN="" NOME-DA-EDITORA="UFRP" CIDADE-DA-EDITORA=""/><AUTORES NOME-COMPLETO-DO-AUTOR="Antonio Carlos Bernardes Esteves" NOME-PARA-CITACAO="ESTEVES, A. C. B." ORDEM-DE-AUTORIA="1"/><PALAVRAS-CHAVE PALAVRA-CHAVE-1="História, Pesca Submarina, Lazer" PALAVRA-CHAVE-2="" PALAVRA-CHAVE-3="" PALAVRA-CHAVE-4="" PALAVRA-CHAVE-5="" PALAVRA-CHAVE-6=""/><AREAS-DO-CONHECIMENTO><AREA-DO-CONHECIMENTO-1 NOME-GRANDE-AREA-DO-CONHECIMENTO="CIENCIAS_DA_SAUDE" NOME-DA-AREA-DO-CONHECIMENTO="Educação Física" NOME-DA-SUB-AREA-DO-CONHECIMENTO="" NOME-DA-ESPECIALIDADE=""/></AREAS-DO-CONHECIMENTO><SETORES-DE-ATIVIDADE SETOR-DE-ATIVIDADE-1="Educação Superior" SETOR-DE-ATIVIDADE-2="" SETOR-DE-ATIVIDADE-3=""/><INFORMACOES-ADICIONAIS DESCRICAO-INFORMACOES-ADICIONAIS="" DESCRICAO-INFORMACOES-ADICIONAIS-INGLES=""/></TRABALHO-EM-EVENTOS><TRABALHO-EM-EVENTOS SEQUENCIA-PRODUCAO="21"><DADOS-BASICOS-DO-TRABALHO NATUREZA="RESUMO_EXPANDIDO" TITULO-DO-TRABALHO="Aventura, Risco, Vertigem e a Consciência no Discurso dos Praticantes de Pesca Submarina" ANO-DO-TRABALHO="2007" PAIS-DO-EVENTO="Brasil" IDIOMA="Português" MEIO-DE-DIVULGACAO="NAO_INFORMADO" HOME-PAGE-DO-TRABALHO="" FLAG-RELEVANCIA="NAO" DOI="" TITULO-DO-TRABALHO-INGLES="" FLAG-DIVULGACAO-CIENTIFICA="NAO"/><DETALHAMENTO-DO-TRABALHO CLASSIFICACAO-DO-EVENTO="NACIONAL" NOME-DO-EVENTO="II Congresso Brasileiro de Atividades de Aventura" CIDADE-DO-EVENTO="Governador Valadares" ANO-DE-REALIZACAO="2007" TITULO-DOS-ANAIS-OU-PROCEEDINGS="II Congresso Brasileiro de Atividades de Aventura" VOLUME="01" FASCICULO="" SERIE="" PAGINA-INICIAL="22" PAGINA-FINAL="25" ISBN="" NOME-DA-EDITORA="" CIDADE-DA-EDITORA=""/><AUTORES NOME-COMPLETO-DO-AUTOR="Antonio Carlos Bernardes Esteves" NOME-PARA-CITACAO="ESTEVES, A. C. B." ORDEM-DE-AUTORIA="1"/><PALAVRAS-CHAVE PALAVRA-CHAVE-1="Aventura" PALAVRA-CHAVE-2="Consciência Presevacionista" PALAVRA-CHAVE-3="Risco" PALAVRA-CHAVE-4="" PALAVRA-CHAVE-5="" PALAVRA-CHAVE-6=""/><AREAS-DO-CONHECIMENTO><AREA-DO-CONHECIMENTO-1 NOME-GRANDE-AREA-DO-CONHECIMENTO="CIENCIAS_DA_SAUDE" NOME-DA-AREA-DO-CONHECIMENTO="Educação Física" NOME-DA-SUB-AREA-DO-CONHECIMENTO="" NOME-DA-ESPECIALIDADE=""/></AREAS-DO-CONHECIMENTO><SETORES-DE-ATIVIDADE SETOR-DE-ATIVIDADE-1="Outros Serviços Coletivos, Sociais e Pessoais" SETOR-DE-ATIVIDADE-2="" SETOR-DE-ATIVIDADE-3=""/><INFORMACOES-ADICIONAIS DESCRICAO-INFORMACOES-ADICIONAIS="" DESCRICAO-INFORMACOES-ADICIONAIS-INGLES=""/></TRABALHO-EM-EVENTOS></TRABALHOS-EM-EVENTOS><ARTIGOS-PUBLICADOS><ARTIGO-PUBLICADO SEQUENCIA-PRODUCAO="18" ORDEM-IMPORTANCIA=""><DADOS-BASICOS-DO-ARTIGO NATUREZA="COMPLETO" TITULO-DO-ARTIGO="O Risco e a Vertigem no Imaginário dos Praticantes de Pesca Submarina" ANO-DO-ARTIGO="2006" PAIS-DE-PUBLICACAO="Brasil" IDIOMA="Inglês" MEIO-DE-DIVULGACAO="IMPRESSO" HOME-PAGE-DO-TRABALHO="" FLAG-RELEVANCIA="NAO" DOI="" TITULO-DO-ARTIGO-INGLES="" FLAG-DIVULGACAO-CIENTIFICA="NAO"/><DETALHAMENTO-DO-ARTIGO TITULO-DO-PERIODICO-OU-REVISTA="The FIEP Bulletin" ISSN="02566419" VOLUME="76" FASCICULO="" SERIE="" PAGINA-INICIAL="543" PAGINA-FINAL="545" LOCAL-DE-PUBLICACAO="Foz do Iguaçu/PR"/><AUTORES NOME-COMPLETO-DO-AUTOR="Antonio Carlos Bernardes Esteves" NOME-PARA-CITACAO="ESTEVES, A. C. B." ORDEM-DE-AUTORIA="1"/><PALAVRAS-CHAVE PALAVRA-CHAVE-1="Risco" PALAVRA-CHAVE-2="Vertigem" PALAVRA-CHAVE-3="Pesca Submarina" PALAVRA-CHAVE-4="" PALAVRA-CHAVE-5="" PALAVRA-CHAVE-6=""/><AREAS-DO-CONHECIMENTO><AREA-DO-CONHECIMENTO-1 NOME-GRANDE-AREA-DO-CONHECIMENTO="CIENCIAS_DA_SAUDE" NOME-DA-AREA-DO-CONHECIMENTO="Educação Física" NOME-DA-SUB-AREA-DO-CONHECIMENTO="" NOME-DA-ESPECIALIDADE=""/></AREAS-DO-CONHECIMENTO><SETORES-DE-ATIVIDADE SETOR-DE-ATIVIDADE-1="Educação Superior" SETOR-DE-ATIVIDADE-2="" SETOR-DE-ATIVIDADE-3=""/><INFORMACOES-ADICIONAIS DESCRICAO-INFORMACOES-ADICIONAIS="" DESCRICAO-INFORMACOES-ADICIONAIS-INGLES=""/></ARTIGO-PUBLICADO><ARTIGO-PUBLICADO SEQUENCIA-PRODUCAO="16" ORDEM-IMPORTANCIA=""><DADOS-BASICOS-DO-ARTIGO NATUREZA="COMPLETO" TITULO-DO-ARTIGO="Pesca Submarina: do prazer na aventura ao risco no mar" ANO-DO-ARTIGO="2005" PAIS-DE-PUBLICACAO="Brasil" IDIOMA="Inglês" MEIO-DE-DIVULGACAO="IMPRESSO" HOME-PAGE-DO-TRABALHO="" FLAG-RELEVANCIA="SIM" DOI="" TITULO-DO-ARTIGO-INGLES="" FLAG-DIVULGACAO-CIENTIFICA="NAO"/><DETALHAMENTO-DO-ARTIGO TITULO-DO-PERIODICO-OU-REVISTA="The FIEP Bulletin" ISSN="02566419" VOLUME="75" FASCICULO="" SERIE="" PAGINA-INICIAL="256" PAGINA-FINAL="259" LOCAL-DE-PUBLICACAO="Foz do Iguaçu/PR"/><AUTORES NOME-COMPLETO-DO-AUTOR="Antonio Carlos Bernardes Esteves" NOME-PARA-CITACAO="ESTEVES, A. C. B." ORDEM-DE-AUTORIA="1"/><PALAVRAS-CHAVE PALAVRA-CHAVE-1="Pesca Submarina" PALAVRA-CHAVE-2="Associação de Idéias" PALAVRA-CHAVE-3="Imaginário" PALAVRA-CHAVE-4="" PALAVRA-CHAVE-5="" PALAVRA-CHAVE-6=""/><AREAS-DO-CONHECIMENTO><AREA-DO-CONHECIMENTO-1 NOME-GRANDE-AREA-DO-CONHECIMENTO="CIENCIAS_DA_SAUDE" NOME-DA-AREA-DO-CONHECIMENTO="Educação Física" NOME-DA-SUB-AREA-DO-CONHECIMENTO="" NOME-DA-ESPECIALIDADE=""/></AREAS-DO-CONHECIMENTO><SETORES-DE-ATIVIDADE SETOR-DE-ATIVIDADE-1="Educação Superior" SETOR-DE-ATIVIDADE-2="" SETOR-DE-ATIVIDADE-3=""/><INFORMACOES-ADICIONAIS DESCRICAO-INFORMACOES-ADICIONAIS="" DESCRICAO-INFORMACOES-ADICIONAIS-INGLES=""/></ARTIGO-PUBLICADO><ARTIGO-PUBLICADO SEQUENCIA-PRODUCAO="15" ORDEM-IMPORTANCIA=""><DADOS-BASICOS-DO-ARTIGO NATUREZA="RESUMO" TITULO-DO-ARTIGO="Pesca Submarina: que jogo é esse?" ANO-DO-ARTIGO="2004" PAIS-DE-PUBLICACAO="Brasil" IDIOMA="Português" MEIO-DE-DIVULGACAO="IMPRESSO" HOME-PAGE-DO-TRABALHO="" FLAG-RELEVANCIA="NAO" DOI="" TITULO-DO-ARTIGO-INGLES="" FLAG-DIVULGACAO-CIENTIFICA="NAO"/><DETALHAMENTO-DO-ARTIGO TITULO-DO-PERIODICO-OU-REVISTA="The FIEP bulletin" ISSN="02566419" VOLUME="74" FASCICULO="" SERIE="" PAGINA-INICIAL="73" PAGINA-FINAL="73" LOCAL-DE-PUBLICACAO="Foz do Iguaçu/Paraná"/><AUTORES NOME-COMPLETO-DO-AUTOR="Antonio Carlos Bernardes Esteves" NOME-PARA-CITACAO="ESTEVES, A. C. B." ORDEM-DE-AUTORIA="1"/><PALAVRAS-CHAVE PALAVRA-CHAVE-1="Pesca Submarina" PALAVRA-CHAVE-2="Imaginário Social" PALAVRA-CHAVE-3="Jogo" PALAVRA-CHAVE-4="" PALAVRA-CHAVE-5="" PALAVRA-CHAVE-6=""/><AREAS-DO-CONHECIMENTO><AREA-DO-CONHECIMENTO-1 NOME-GRANDE-AREA-DO-CONHECIMENTO="CIENCIAS_DA_SAUDE" NOME-DA-AREA-DO-CONHECIMENTO="Educação Física" NOME-DA-SUB-AREA-DO-CONHECIMENTO="" NOME-DA-ESPECIALIDADE=""/></AREAS-DO-CONHECIMENTO><SETORES-DE-ATIVIDADE SETOR-DE-ATIVIDADE-1="Educação Superior" SETOR-DE-ATIVIDADE-2="" SETOR-DE-ATIVIDADE-3=""/><INFORMACOES-ADICIONAIS DESCRICAO-INFORMACOES-ADICIONAIS="" DESCRICAO-INFORMACOES-ADICIONAIS-INGLES=""/></ARTIGO-PUBLICADO></ARTIGOS-PUBLICADOS><LIVROS-E-CAPITULOS><CAPITULOS-DE-LIVROS-PUBLICADOS><CAPITULO-DE-LIVRO-PUBLICADO SEQUENCIA-PRODUCAO="12"><DADOS-BASICOS-DO-CAPITULO TIPO="Capítulo de livro publicado" TITULO-DO-CAPITULO-DO-LIVRO="Educação Física" ANO="2004" PAIS-DE-PUBLICACAO="Brasil" IDIOMA="Português" MEIO-DE-DIVULGACAO="IMPRESSO" HOME-PAGE-DO-TRABALHO="" FLAG-RELEVANCIA="NAO" DOI="" TITULO-DO-CAPITULO-DO-LIVRO-INGLES="" FLAG-DIVULGACAO-CIENTIFICA="NAO"/><DETALHAMENTO-DO-CAPITULO TITULO-DO-LIVRO="Sucesso Escolar: linguagens e códigos" NUMERO-DE-VOLUMES="1" PAGINA-INICIAL="01" PAGINA-FINAL="23" ISBN="" ORGANIZADORES="Governo do Estado do Rio de Janeiro" NUMERO-DA-EDICAO-REVISAO="01" NUMERO-DA-SERIE="" CIDADE-DA-EDITORA="Rio de Janeiro" NOME-DA-EDITORA="Secretaria de Estado de Educação"/><AUTORES NOME-COMPLETO-DO-AUTOR="Antonio Carlos Bernardes Esteves" NOME-PARA-CITACAO="ESTEVES, A. C. B." ORDEM-DE-AUTORIA="1"/><AREAS-DO-CONHECIMENTO><AREA-DO-CONHECIMENTO-1 NOME-GRANDE-AREA-DO-CONHECIMENTO="CIENCIAS_DA_SAUDE" NOME-DA-AREA-DO-CONHECIMENTO="Educação Física" NOME-DA-SUB-AREA-DO-CONHECIMENTO="" NOME-DA-ESPECIALIDADE=""/></AREAS-DO-CONHECIMENTO><SETORES-DE-ATIVIDADE SETOR-DE-ATIVIDADE-1="Educação" SETOR-DE-ATIVIDADE-2="" SETOR-DE-ATIVIDADE-3=""/><INFORMACOES-ADICIONAIS DESCRICAO-INFORMACOES-ADICIONAIS="" DESCRICAO-INFORMACOES-ADICIONAIS-INGLES=""/></CAPITULO-DE-LIVRO-PUBLICADO><CAPITULO-DE-LIVRO-PUBLICADO SEQUENCIA-PRODUCAO="13"><DADOS-BASICOS-DO-CAPITULO TIPO="Capítulo de livro publicado" TITULO-DO-CAPITULO-DO-LIVRO="Pesca Submarina: que jogo é esse?" ANO="2004" PAIS-DE-PUBLICACAO="Brasil" IDIOMA="Português" MEIO-DE-DIVULGACAO="MEIO_DIGITAL" HOME-PAGE-DO-TRABALHO="" FLAG-RELEVANCIA="NAO" DOI="" TITULO-DO-CAPITULO-DO-LIVRO-INGLES="" FLAG-DIVULGACAO-CIENTIFICA="NAO"/><DETALHAMENTO-DO-CAPITULO TITULO-DO-LIVRO="Aventura, Risco e Imaginário em educação Física, Esportes e Lazer" NUMERO-DE-VOLUMES="01" PAGINA-INICIAL="183" PAGINA-FINAL="196" ISBN="" ORGANIZADORES="Maria Auxiliadora Terra Cunha; Vera Lúcia de Menezes Costa" NUMERO-DA-EDICAO-REVISAO="01" NUMERO-DA-SERIE="" CIDADE-DA-EDITORA="Rio de Janeiro" NOME-DA-EDITORA="UGF - LIRES"/><AUTORES NOME-COMPLETO-DO-AUTOR="Antonio Carlos Bernardes Esteves" NOME-PARA-CITACAO="ESTEVES, A. C. B." ORDEM-DE-AUTORIA="1"/><AREAS-DO-CONHECIMENTO><AREA-DO-CONHECIMENTO-1 NOME-GRANDE-AREA-DO-CONHECIMENTO="CIENCIAS_DA_SAUDE" NOME-DA-AREA-DO-CONHECIMENTO="Educação Física" NOME-DA-SUB-AREA-DO-CONHECIMENTO="" NOME-DA-ESPECIALIDADE=""/></AREAS-DO-CONHECIMENTO><SETORES-DE-ATIVIDADE SETOR-DE-ATIVIDADE-1="Educação" SETOR-DE-ATIVIDADE-2="" SETOR-DE-ATIVIDADE-3=""/><INFORMACOES-ADICIONAIS DESCRICAO-INFORMACOES-ADICIONAIS="" DESCRICAO-INFORMACOES-ADICIONAIS-INGLES=""/></CAPITULO-DE-LIVRO-PUBLICADO><CAPITULO-DE-LIVRO-PUBLICADO SEQUENCIA-PRODUCAO="19"><DADOS-BASICOS-DO-CAPITULO TIPO="Capítulo de livro publicado" TITULO-DO-CAPITULO-DO-LIVRO="Reorientação Curricular" ANO="2006" PAIS-DE-PUBLICACAO="Brasil" IDIOMA="Português" MEIO-DE-DIVULGACAO="HIPERTEXTO" HOME-PAGE-DO-TRABALHO="" FLAG-RELEVANCIA="NAO" DOI="" TITULO-DO-CAPITULO-DO-LIVRO-INGLES="" FLAG-DIVULGACAO-CIENTIFICA="NAO"/><DETALHAMENTO-DO-CAPITULO TITULO-DO-LIVRO="Reorientação Curricular" NUMERO-DE-VOLUMES="1" PAGINA-INICIAL="180" PAGINA-FINAL="202" ISBN="" ORGANIZADORES="Marta Feijó Barroso, Mônica Mandarino" NUMERO-DA-EDICAO-REVISAO="1" NUMERO-DA-SERIE="" CIDADE-DA-EDITORA="Rio de Janeiro" NOME-DA-EDITORA="Governo do Estado do Rio de Janeiro"/><AUTORES NOME-COMPLETO-DO-AUTOR="Heloisa de Araujo Gonzalez Alonso" NOME-PARA-CITACAO="ALONSO, H. A. G." ORDEM-DE-AUTORIA="1" NRO-ID-CNPQ=""/><AUTORES NOME-COMPLETO-DO-AUTOR="Antonio Carlos Bernardes Esteves" NOME-PARA-CITACAO="ESTEVES, A. C. B." ORDEM-DE-AUTORIA="2"/><INFORMACOES-ADICIONAIS DESCRICAO-INFORMACOES-ADICIONAIS="" DESCRICAO-INFORMACOES-ADICIONAIS-INGLES=""/></CAPITULO-DE-LIVRO-PUBLICADO></CAPITULOS-DE-LIVROS-PUBLICADOS></LIVROS-E-CAPITULOS></PRODUCAO-BIBLIOGRAFICA><PRODUCAO-TECNICA><DEMAIS-TIPOS-DE-PRODUCAO-TECNICA><APRESENTACAO-DE-TRABALHO SEQUENCIA-PRODUCAO="20"><DADOS-BASICOS-DA-APRESENTACAO-DE-TRABALHO NATUREZA="CONGRESSO" TITULO="A Aventura, Risco, Vertigem e a Consciência no Discurso dos Praticantes de Pesca Submarina" ANO="2007" PAIS="Brasil" IDIOMA="Português" FLAG-RELEVANCIA="NAO" TITULO-INGLES="" FLAG-DIVULGACAO-CIENTIFICA="NAO"/><DETALHAMENTO-DA-APRESENTACAO-DE-TRABALHO NOME-DO-EVENTO="II Congresso Brasileiro de Atividades de Aventura" INSTITUICAO-PROMOTORA="Universidade do Vale do Rio Doce (UNIVALE)" LOCAL-DA-APRESENTACAO="UNIVALE" CIDADE-DA-APRESENTACAO="Governador Valadares" NOME-DO-EVENTO-INGLES=""/><AUTORES NOME-COMPLETO-DO-AUTOR="Antonio Carlos Bernardes Esteves" NOME-PARA-CITACAO="ESTEVES, A. C. B." ORDEM-DE-AUTORIA="1"/><PALAVRAS-CHAVE PALAVRA-CHAVE-1="Consciência Presevacionista" PALAVRA-CHAVE-2="Risco" PALAVRA-CHAVE-3="Aventura" PALAVRA-CHAVE-4="" PALAVRA-CHAVE-5="" PALAVRA-CHAVE-6=""/><AREAS-DO-CONHECIMENTO><AREA-DO-CONHECIMENTO-1 NOME-GRANDE-AREA-DO-CONHECIMENTO="CIENCIAS_DA_SAUDE" NOME-DA-AREA-DO-CONHECIMENTO="Educação Física" NOME-DA-SUB-AREA-DO-CONHECIMENTO="" NOME-DA-ESPECIALIDADE=""/></AREAS-DO-CONHECIMENTO><SETORES-DE-ATIVIDADE SETOR-DE-ATIVIDADE-1="Outros Serviços Coletivos, Sociais e Pessoais" SETOR-DE-ATIVIDADE-2="" SETOR-DE-ATIVIDADE-3=""/><INFORMACOES-ADICIONAIS DESCRICAO-INFORMACOES-ADICIONAIS="Comunicação Oral" DESCRICAO-INFORMACOES-ADICIONAIS-INGLES=""/></APRESENTACAO-DE-TRABALHO><APRESENTACAO-DE-TRABALHO SEQUENCIA-PRODUCAO="22"><DADOS-BASICOS-DA-APRESENTACAO-DE-TRABALHO NATUREZA="COMUNICACAO" TITULO="Memórias da Pesca Submarina no Brasil" ANO="2006" PAIS="Brasil" IDIOMA="Português" FLAG-RELEVANCIA="NAO" TITULO-INGLES="" FLAG-DIVULGACAO-CIENTIFICA="NAO"/><DETALHAMENTO-DA-APRESENTACAO-DE-TRABALHO NOME-DO-EVENTO="X Congresso Nacional de História do Esporte, Lazer, Educação Física" INSTITUICAO-PROMOTORA="UFRP" LOCAL-DA-APRESENTACAO="Curitiba/Paraná" CIDADE-DA-APRESENTACAO="Curitiba" NOME-DO-EVENTO-INGLES=""/><AUTORES NOME-COMPLETO-DO-AUTOR="Antonio Carlos Bernardes Esteves" NOME-PARA-CITACAO="ESTEVES, A. C. B." ORDEM-DE-AUTORIA="1"/><PALAVRAS-CHAVE PALAVRA-CHAVE-1="História, Pesca Submarina, Lazer" PALAVRA-CHAVE-2="" PALAVRA-CHAVE-3="" PALAVRA-CHAVE-4="" PALAVRA-CHAVE-5="" PALAVRA-CHAVE-6=""/><AREAS-DO-CONHECIMENTO><AREA-DO-CONHECIMENTO-1 NOME-GRANDE-AREA-DO-CONHECIMENTO="CIENCIAS_DA_SAUDE" NOME-DA-AREA-DO-CONHECIMENTO="Educação Física" NOME-DA-SUB-AREA-DO-CONHECIMENTO="" NOME-DA-ESPECIALIDADE=""/></AREAS-DO-CONHECIMENTO><SETORES-DE-ATIVIDADE SETOR-DE-ATIVIDADE-1="Educação" SETOR-DE-ATIVIDADE-2="" SETOR-DE-ATIVIDADE-3=""/><INFORMACOES-ADICIONAIS DESCRICAO-INFORMACOES-ADICIONAIS="" DESCRICAO-INFORMACOES-ADICIONAIS-INGLES=""/></APRESENTACAO-DE-TRABALHO><APRESENTACAO-DE-TRABALHO SEQUENCIA-PRODUCAO="23"><DADOS-BASICOS-DA-APRESENTACAO-DE-TRABALHO NATUREZA="COMUNICACAO" TITULO="O Risco e a Vertigem no Imaginário dos Praticantes de Pesca Submarina" ANO="2006" PAIS="Brasil" IDIOMA="Português" FLAG-RELEVANCIA="NAO" TITULO-INGLES="" FLAG-DIVULGACAO-CIENTIFICA="NAO"/><DETALHAMENTO-DA-APRESENTACAO-DE-TRABALHO NOME-DO-EVENTO="21º Congresso Internacional de Educação Física" INSTITUICAO-PROMOTORA="Federação Internacional de Educação Física" LOCAL-DA-APRESENTACAO="Colégio Educação Dinâmica" CIDADE-DA-APRESENTACAO="Foz do Iguaçu" NOME-DO-EVENTO-INGLES=""/><AUTORES NOME-COMPLETO-DO-AUTOR="Antonio Carlos Bernardes Esteves" NOME-PARA-CITACAO="ESTEVES, A. C. B." ORDEM-DE-AUTORIA="1"/><PALAVRAS-CHAVE PALAVRA-CHAVE-1="Risco" PALAVRA-CHAVE-2="Vertigem" PALAVRA-CHAVE-3="Pesca Submarina" PALAVRA-CHAVE-4="" PALAVRA-CHAVE-5="" PALAVRA-CHAVE-6=""/><AREAS-DO-CONHECIMENTO><AREA-DO-CONHECIMENTO-1 NOME-GRANDE-AREA-DO-CONHECIMENTO="CIENCIAS_DA_SAUDE" NOME-DA-AREA-DO-CONHECIMENTO="Educação Física" NOME-DA-SUB-AREA-DO-CONHECIMENTO="" NOME-DA-ESPECIALIDADE=""/></AREAS-DO-CONHECIMENTO><SETORES-DE-ATIVIDADE SETOR-DE-ATIVIDADE-1="Educação" SETOR-DE-ATIVIDADE-2="" SETOR-DE-ATIVIDADE-3=""/><INFORMACOES-ADICIONAIS DESCRICAO-INFORMACOES-ADICIONAIS="" DESCRICAO-INFORMACOES-ADICIONAIS-INGLES=""/></APRESENTACAO-DE-TRABALHO><APRESENTACAO-DE-TRABALHO SEQUENCIA-PRODUCAO="24"><DADOS-BASICOS-DA-APRESENTACAO-DE-TRABALHO NATUREZA="COMUNICACAO" TITULO="Pesca Submarina: do prazer na aventura ao risco no mar" ANO="2005" PAIS="Brasil" IDIOMA="Português" FLAG-RELEVANCIA="NAO" TITULO-INGLES="" FLAG-DIVULGACAO-CIENTIFICA="NAO"/><DETALHAMENTO-DA-APRESENTACAO-DE-TRABALHO NOME-DO-EVENTO="20º Congresso Internacional de Educação Física" INSTITUICAO-PROMOTORA="Federação Internacional de Educação Física" LOCAL-DA-APRESENTACAO="Colégio Educação Dinâmica" CIDADE-DA-APRESENTACAO="Foz do Iguaçu" NOME-DO-EVENTO-INGLES=""/><AUTORES NOME-COMPLETO-DO-AUTOR="Antonio Carlos Bernardes Esteves" NOME-PARA-CITACAO="ESTEVES, A. C. B." ORDEM-DE-AUTORIA="1"/><PALAVRAS-CHAVE PALAVRA-CHAVE-1="Associação de Idéias" PALAVRA-CHAVE-2="Pesca Submarina" PALAVRA-CHAVE-3="Imaginário Social" PALAVRA-CHAVE-4="" PALAVRA-CHAVE-5="" PALAVRA-CHAVE-6=""/><AREAS-DO-CONHECIMENTO><AREA-DO-CONHECIMENTO-1 NOME-GRANDE-AREA-DO-CONHECIMENTO="CIENCIAS_DA_SAUDE" NOME-DA-AREA-DO-CONHECIMENTO="Educação Física" NOME-DA-SUB-AREA-DO-CONHECIMENTO="" NOME-DA-ESPECIALIDADE=""/></AREAS-DO-CONHECIMENTO><SETORES-DE-ATIVIDADE SETOR-DE-ATIVIDADE-1="Educação" SETOR-DE-ATIVIDADE-2="" SETOR-DE-ATIVIDADE-3=""/><INFORMACOES-ADICIONAIS DESCRICAO-INFORMACOES-ADICIONAIS="" DESCRICAO-INFORMACOES-ADICIONAIS-INGLES=""/></APRESENTACAO-DE-TRABALHO><APRESENTACAO-DE-TRABALHO SEQUENCIA-PRODUCAO="25"><DADOS-BASICOS-DA-APRESENTACAO-DE-TRABALHO NATUREZA="COMUNICACAO" TITULO="Pesca Submarina: que jogo é esse?" ANO="2004" PAIS="Brasil" IDIOMA="Português" FLAG-RELEVANCIA="NAO" TITULO-INGLES="" FLAG-DIVULGACAO-CIENTIFICA="NAO"/><DETALHAMENTO-DA-APRESENTACAO-DE-TRABALHO NOME-DO-EVENTO="19º Congresso Internacional deEducação Física - FIEP 2004" INSTITUICAO-PROMOTORA="Federação Internacional de Educação Física" LOCAL-DA-APRESENTACAO="Colégio Educação Dinâmica" CIDADE-DA-APRESENTACAO="Foz do Iguaçu" NOME-DO-EVENTO-INGLES=""/><AUTORES NOME-COMPLETO-DO-AUTOR="Antonio Carlos Bernardes Esteves" NOME-PARA-CITACAO="ESTEVES, A. C. B." ORDEM-DE-AUTORIA="1"/><PALAVRAS-CHAVE PALAVRA-CHAVE-1="Imaginário" PALAVRA-CHAVE-2="Jogo" PALAVRA-CHAVE-3="Pesca Submarina" PALAVRA-CHAVE-4="" PALAVRA-CHAVE-5="" PALAVRA-CHAVE-6=""/><AREAS-DO-CONHECIMENTO><AREA-DO-CONHECIMENTO-1 NOME-GRANDE-AREA-DO-CONHECIMENTO="CIENCIAS_DA_SAUDE" NOME-DA-AREA-DO-CONHECIMENTO="Educação Física" NOME-DA-SUB-AREA-DO-CONHECIMENTO="" NOME-DA-ESPECIALIDADE=""/></AREAS-DO-CONHECIMENTO><SETORES-DE-ATIVIDADE SETOR-DE-ATIVIDADE-1="Educação" SETOR-DE-ATIVIDADE-2="" SETOR-DE-ATIVIDADE-3=""/><INFORMACOES-ADICIONAIS DESCRICAO-INFORMACOES-ADICIONAIS="" DESCRICAO-INFORMACOES-ADICIONAIS-INGLES=""/></APRESENTACAO-DE-TRABALHO><APRESENTACAO-DE-TRABALHO SEQUENCIA-PRODUCAO="26"><DADOS-BASICOS-DA-APRESENTACAO-DE-TRABALHO NATUREZA="COMUNICACAO" TITULO="Pesca Submarina: um ensaio sobre o imaginário de seus praticantes" ANO="2003" PAIS="Brasil" IDIOMA="Português" FLAG-RELEVANCIA="NAO" TITULO-INGLES="" FLAG-DIVULGACAO-CIENTIFICA="NAO"/><DETALHAMENTO-DA-APRESENTACAO-DE-TRABALHO NOME-DO-EVENTO="II Conferência do Imaginário e das Representações Sociais   em Educação Física, Esporte e Lazer" INSTITUICAO-PROMOTORA="Universidade Gama Filho" LOCAL-DA-APRESENTACAO="Universidade Gama Filho" CIDADE-DA-APRESENTACAO="Rio de Janeiro" NOME-DO-EVENTO-INGLES=""/><AUTORES NOME-COMPLETO-DO-AUTOR="Antonio Carlos Bernardes Esteves" NOME-PARA-CITACAO="ESTEVES, A. C. B." ORDEM-DE-AUTORIA="1"/><PALAVRAS-CHAVE PALAVRA-CHAVE-1="Imaginário Social" PALAVRA-CHAVE-2="Pesca Submarina" PALAVRA-CHAVE-3="" PALAVRA-CHAVE-4="" PALAVRA-CHAVE-5="" PALAVRA-CHAVE-6=""/><AREAS-DO-CONHECIMENTO><AREA-DO-CONHECIMENTO-1 NOME-GRANDE-AREA-DO-CONHECIMENTO="CIENCIAS_DA_SAUDE" NOME-DA-AREA-DO-CONHECIMENTO="Educação Física" NOME-DA-SUB-AREA-DO-CONHECIMENTO="" NOME-DA-ESPECIALIDADE=""/></AREAS-DO-CONHECIMENTO><SETORES-DE-ATIVIDADE SETOR-DE-ATIVIDADE-1="Educação" SETOR-DE-ATIVIDADE-2="" SETOR-DE-ATIVIDADE-3=""/><INFORMACOES-ADICIONAIS DESCRICAO-INFORMACOES-ADICIONAIS="" DESCRICAO-INFORMACOES-ADICIONAIS-INGLES=""/></APRESENTACAO-DE-TRABALHO></DEMAIS-TIPOS-DE-PRODUCAO-TECNICA></PRODUCAO-TECNICA><DADOS-COMPLEMENTARES><FORMACAO-COMPLEMENTAR><OUTROS SEQUENCIA-FORMACAO="5" NIVEL="Y" CARGA-HORARIA="16" CODIGO-INSTITUICAO="033700000000" NOME-INSTITUICAO="Universidade Federal do Rio Grande do Norte" CODIGO-CURSO="90000005" NOME-CURSO="Educaçaõ Física Desenvolvimentista" STATUS-DO-CURSO="CONCLUIDO" ANO-DE-INICIO="2009" ANO-DE-CONCLUSAO="2009" NOME-CURSO-INGLES=""/><OUTROS SEQUENCIA-FORMACAO="6" NIVEL="Y" CARGA-HORARIA="32" CODIGO-INSTITUICAO="" NOME-INSTITUICAO="Confederação Brasileira de Basquetebol" CODIGO-CURSO="90000006" NOME-CURSO="Curso de Formação de Treinadores do Nível I" STATUS-DO-CURSO="CONCLUIDO" ANO-DE-INICIO="2011" ANO-DE-CONCLUSAO="2011" NOME-CURSO-INGLES=""/><formacoesComplementaresPlana/></FORMACAO-COMPLEMENTAR><PARTICIPACAO-EM-EVENTOS-CONGRESSOS><PARTICIPACAO-EM-CONGRESSO SEQUENCIA-PRODUCAO="5"><PARTICIPANTE-DE-EVENTOS-CONGRESSOS NOME-COMPLETO-DO-PARTICIPANTE-DE-EVENTOS-CONGRESSOS="Antonio Carlos Bernardes Esteves" NOME-PARA-CITACAO-DO-PARTICIPANTE-DE-EVENTOS-CONGRESSOS="ESTEVES, A. C. B." ORDEM-PARTICIPANTE="1"/><PALAVRAS-CHAVE PALAVRA-CHAVE-1="Educação Física" PALAVRA-CHAVE-2="" PALAVRA-CHAVE-3="" PALAVRA-CHAVE-4="" PALAVRA-CHAVE-5="" PALAVRA-CHAVE-6=""/><AREAS-DO-CONHECIMENTO><AREA-DO-CONHECIMENTO-1 NOME-GRANDE-AREA-DO-CONHECIMENTO="CIENCIAS_DA_SAUDE" NOME-DA-AREA-DO-CONHECIMENTO="Educação Física" NOME-DA-SUB-AREA-DO-CONHECIMENTO="" NOME-DA-ESPECIALIDADE=""/></AREAS-DO-CONHECIMENTO><INFORMACOES-ADICIONAIS DESCRICAO-INFORMACOES-ADICIONAIS="" DESCRICAO-INFORMACOES-ADICIONAIS-INGLES=""/><DADOS-BASICOS-DA-PARTICIPACAO-EM-CONGRESSO NATUREZA="Congresso" TITULO="19º Congresso Internaiconal de Educação Física - FIEP 2004" ANO="2004" PAIS="Brasil" IDIOMA="Português" MEIO-DE-DIVULGACAO="IMPRESSO" HOME-PAGE-DO-TRABALHO="" FLAG-RELEVANCIA="NAO" TIPO-PARTICIPACAO="" FORMA-PARTICIPACAO="" DOI="" TITULO-INGLES="" FLAG-DIVULGACAO-CIENTIFICA="NAO"/><DETALHAMENTO-DA-PARTICIPACAO-EM-CONGRESSO NOME-DO-EVENTO="19º Congresso Internaiconal de Educação Física - FIEP 2004" NOME-INSTITUICAO="FIEP" LOCAL-DO-EVENTO="Paraná" CIDADE-DO-EVENTO="Foz do Iguaçú" NOME-DO-EVENTO-INGLES=""/></PARTICIPACAO-EM-CONGRESSO><PARTICIPACAO-EM-CONGRESSO SEQUENCIA-PRODUCAO="6"><PARTICIPANTE-DE-EVENTOS-CONGRESSOS NOME-COMPLETO-DO-PARTICIPANTE-DE-EVENTOS-CONGRESSOS="Antonio Carlos Bernardes Esteves" NOME-PARA-CITACAO-DO-PARTICIPANTE-DE-EVENTOS-CONGRESSOS="ESTEVES, A. C. B." ORDEM-PARTICIPANTE="1"/><PALAVRAS-CHAVE PALAVRA-CHAVE-1="Educação Física" PALAVRA-CHAVE-2="Avaliação" PALAVRA-CHAVE-3="" PALAVRA-CHAVE-4="" PALAVRA-CHAVE-5="" PALAVRA-CHAVE-6=""/><AREAS-DO-CONHECIMENTO><AREA-DO-CONHECIMENTO-1 NOME-GRANDE-AREA-DO-CONHECIMENTO="CIENCIAS_DA_SAUDE" NOME-DA-AREA-DO-CONHECIMENTO="Educação Física" NOME-DA-SUB-AREA-DO-CONHECIMENTO="" NOME-DA-ESPECIALIDADE=""/></AREAS-DO-CONHECIMENTO><INFORMACOES-ADICIONAIS DESCRICAO-INFORMACOES-ADICIONAIS="" DESCRICAO-INFORMACOES-ADICIONAIS-INGLES=""/><DADOS-BASICOS-DA-PARTICIPACAO-EM-CONGRESSO NATUREZA="Congresso" TITULO="Congresso Mundial de Educação Física" ANO="1981" PAIS="Brasil" IDIOMA="Português" MEIO-DE-DIVULGACAO="IMPRESSO" HOME-PAGE-DO-TRABALHO="" FLAG-RELEVANCIA="NAO" TIPO-PARTICIPACAO="" FORMA-PARTICIPACAO="" DOI="" TITULO-INGLES="" FLAG-DIVULGACAO-CIENTIFICA="NAO"/><DETALHAMENTO-DA-PARTICIPACAO-EM-CONGRESSO NOME-DO-EVENTO="Congresso Mundial de Educação Física: Avaliação no Ensino de Educação Física" NOME-INSTITUICAO="UGF" LOCAL-DO-EVENTO="Rio de Janeiro" CIDADE-DO-EVENTO="Rio de Janeiro" NOME-DO-EVENTO-INGLES=""/></PARTICIPACAO-EM-CONGRESSO><PARTICIPACAO-EM-CONGRESSO SEQUENCIA-PRODUCAO="7"><PARTICIPANTE-DE-EVENTOS-CONGRESSOS NOME-COMPLETO-DO-PARTICIPANTE-DE-EVENTOS-CONGRESSOS="Antonio Carlos Bernardes Esteves" NOME-PARA-CITACAO-DO-PARTICIPANTE-DE-EVENTOS-CONGRESSOS="ESTEVES, A. C. B." ORDEM-PARTICIPANTE="1"/><PALAVRAS-CHAVE PALAVRA-CHAVE-1="Psicologia do Esporte" PALAVRA-CHAVE-2="" PALAVRA-CHAVE-3="" PALAVRA-CHAVE-4="" PALAVRA-CHAVE-5="" PALAVRA-CHAVE-6=""/><AREAS-DO-CONHECIMENTO><AREA-DO-CONHECIMENTO-1 NOME-GRANDE-AREA-DO-CONHECIMENTO="CIENCIAS_DA_SAUDE" NOME-DA-AREA-DO-CONHECIMENTO="Educação Física" NOME-DA-SUB-AREA-DO-CONHECIMENTO="" NOME-DA-ESPECIALIDADE=""/></AREAS-DO-CONHECIMENTO><INFORMACOES-ADICIONAIS DESCRICAO-INFORMACOES-ADICIONAIS="" DESCRICAO-INFORMACOES-ADICIONAIS-INGLES=""/><DADOS-BASICOS-DA-PARTICIPACAO-EM-CONGRESSO NATUREZA="Congresso" TITULO="II Congresso Brasileiro de Psicologia do Esporte e II Jornada Internacional de Psicologia da Atividade Física e da Recreação" ANO="1983" PAIS="Brasil" IDIOMA="Português" MEIO-DE-DIVULGACAO="IMPRESSO" HOME-PAGE-DO-TRABALHO="" FLAG-RELEVANCIA="NAO" TIPO-PARTICIPACAO="" FORMA-PARTICIPACAO="" DOI="" TITULO-INGLES="" FLAG-DIVULGACAO-CIENTIFICA="NAO"/><DETALHAMENTO-DA-PARTICIPACAO-EM-CONGRESSO NOME-DO-EVENTO="II Congresso Brasileiro de Psicologia do Esporte e II Jornada Internacional de Psicologia da Atividade Física e da Recreação" NOME-INSTITUICAO="Sociedade de Psicologia do Esporte do Rio de Janeiro" LOCAL-DO-EVENTO="Rio de Janeiro" CIDADE-DO-EVENTO="Rio de Janeiro" NOME-DO-EVENTO-INGLES=""/></PARTICIPACAO-EM-CONGRESSO><PARTICIPACAO-EM-CONGRESSO SEQUENCIA-PRODUCAO="9"><PARTICIPANTE-DE-EVENTOS-CONGRESSOS NOME-COMPLETO-DO-PARTICIPANTE-DE-EVENTOS-CONGRESSOS="Antonio Carlos Bernardes Esteves" NOME-PARA-CITACAO-DO-PARTICIPANTE-DE-EVENTOS-CONGRESSOS="ESTEVES, A. C. B." ORDEM-PARTICIPANTE="1"/><PALAVRAS-CHAVE PALAVRA-CHAVE-1="Educação Física e Saúde" PALAVRA-CHAVE-2="" PALAVRA-CHAVE-3="" PALAVRA-CHAVE-4="" PALAVRA-CHAVE-5="" PALAVRA-CHAVE-6=""/><AREAS-DO-CONHECIMENTO><AREA-DO-CONHECIMENTO-1 NOME-GRANDE-AREA-DO-CONHECIMENTO="CIENCIAS_DA_SAUDE" NOME-DA-AREA-DO-CONHECIMENTO="Educação Física" NOME-DA-SUB-AREA-DO-CONHECIMENTO="" NOME-DA-ESPECIALIDADE=""/></AREAS-DO-CONHECIMENTO><INFORMACOES-ADICIONAIS DESCRICAO-INFORMACOES-ADICIONAIS="" DESCRICAO-INFORMACOES-ADICIONAIS-INGLES=""/><DADOS-BASICOS-DA-PARTICIPACAO-EM-CONGRESSO NATUREZA="Congresso" TITULO="I Congresso Brasileiro de Educação Física e Saúde" ANO="1984" PAIS="Brasil" IDIOMA="Português" MEIO-DE-DIVULGACAO="IMPRESSO" HOME-PAGE-DO-TRABALHO="" FLAG-RELEVANCIA="NAO" TIPO-PARTICIPACAO="" FORMA-PARTICIPACAO="" DOI="" TITULO-INGLES="" FLAG-DIVULGACAO-CIENTIFICA="NAO"/><DETALHAMENTO-DA-PARTICIPACAO-EM-CONGRESSO NOME-DO-EVENTO="I Congresso Brasileiro de Educação Física e Saúde -Musculação" NOME-INSTITUICAO="SPRINT" LOCAL-DO-EVENTO="Rio de Janeiro" CIDADE-DO-EVENTO="Rio de Janeiro" NOME-DO-EVENTO-INGLES=""/></PARTICIPACAO-EM-CONGRESSO><PARTICIPACAO-EM-SIMPOSIO SEQUENCIA-PRODUCAO="8"><PARTICIPANTE-DE-EVENTOS-CONGRESSOS NOME-COMPLETO-DO-PARTICIPANTE-DE-EVENTOS-CONGRESSOS="Antonio Carlos Bernardes Esteves" NOME-PARA-CITACAO-DO-PARTICIPANTE-DE-EVENTOS-CONGRESSOS="ESTEVES, A. C. B." ORDEM-PARTICIPANTE="1"/><PALAVRAS-CHAVE PALAVRA-CHAVE-1="Ciência do esporte" PALAVRA-CHAVE-2="Basquetebol" PALAVRA-CHAVE-3="" PALAVRA-CHAVE-4="" PALAVRA-CHAVE-5="" PALAVRA-CHAVE-6=""/><AREAS-DO-CONHECIMENTO><AREA-DO-CONHECIMENTO-1 NOME-GRANDE-AREA-DO-CONHECIMENTO="CIENCIAS_DA_SAUDE" NOME-DA-AREA-DO-CONHECIMENTO="Educação Física" NOME-DA-SUB-AREA-DO-CONHECIMENTO="" NOME-DA-ESPECIALIDADE=""/></AREAS-DO-CONHECIMENTO><INFORMACOES-ADICIONAIS DESCRICAO-INFORMACOES-ADICIONAIS="" DESCRICAO-INFORMACOES-ADICIONAIS-INGLES=""/><DADOS-BASICOS-DA-PARTICIPACAO-EM-SIMPOSIO NATUREZA="Simpósio" TITULO="XI  Simpósio de Ciências do esporte" ANO="1983" PAIS="Brasil" IDIOMA="Português" MEIO-DE-DIVULGACAO="IMPRESSO" HOME-PAGE-DO-TRABALHO="" FLAG-RELEVANCIA="NAO" TIPO-PARTICIPACAO="" FORMA-PARTICIPACAO="" DOI="" TITULO-INGLES="" FLAG-DIVULGACAO-CIENTIFICA="NAO"/><DETALHAMENTO-DA-PARTICIPACAO-EM-SIMPOSIO NOME-DO-EVENTO="XI Simpósio de Ciências do Esporte- &amp;quot;Toda Ciência do Basquetebol&amp;quot;" NOME-INSTITUICAO="CELAFISCS" LOCAL-DO-EVENTO="São Paulo" CIDADE-DO-EVENTO="São Caetano do Sul" NOME-DO-EVENTO-INGLES=""/></PARTICIPACAO-EM-SIMPOSIO><OUTRAS-PARTICIPACOES-EM-EVENTOS-CONGRESSOS SEQUENCIA-PRODUCAO="4"><PARTICIPANTE-DE-EVENTOS-CONGRESSOS NOME-COMPLETO-DO-PARTICIPANTE-DE-EVENTOS-CONGRESSOS="Antonio Carlos Bernardes Esteves" NOME-PARA-CITACAO-DO-PARTICIPANTE-DE-EVENTOS-CONGRESSOS="ESTEVES, A. C. B." ORDEM-PARTICIPANTE="1"/><PALAVRAS-CHAVE PALAVRA-CHAVE-1="Imaginário Social" PALAVRA-CHAVE-2="Pesca Submarina" PALAVRA-CHAVE-3="" PALAVRA-CHAVE-4="" PALAVRA-CHAVE-5="" PALAVRA-CHAVE-6=""/><AREAS-DO-CONHECIMENTO><AREA-DO-CONHECIMENTO-1 NOME-GRANDE-AREA-DO-CONHECIMENTO="CIENCIAS_DA_SAUDE" NOME-DA-AREA-DO-CONHECIMENTO="Educação Física" NOME-DA-SUB-AREA-DO-CONHECIMENTO="" NOME-DA-ESPECIALIDADE=""/></AREAS-DO-CONHECIMENTO><INFORMACOES-ADICIONAIS DESCRICAO-INFORMACOES-ADICIONAIS="" DESCRICAO-INFORMACOES-ADICIONAIS-INGLES=""/><DADOS-BASICOS-DE-OUTRAS-PARTICIPACOES-EM-EVENTOS-CONGRESSOS NATUREZA="Outra" TITULO="II Conferência do Imaginário e das Representações Sociais em Educação Física, Esporte e Lazer" ANO="2003" PAIS="Brasil" IDIOMA="Português" MEIO-DE-DIVULGACAO="MEIO_DIGITAL" HOME-PAGE-DO-TRABALHO="" FLAG-RELEVANCIA="NAO" TIPO-PARTICIPACAO="" FORMA-PARTICIPACAO="" DOI="" TITULO-INGLES="" FLAG-DIVULGACAO-CIENTIFICA="NAO"/><DETALHAMENTO-DE-OUTRAS-PARTICIPACOES-EM-EVENTOS-CONGRESSOS NOME-DO-EVENTO="II Conferência do Imaginário e das Representações Sociais em Educação Física, Esporte e Lazer" NOME-INSTITUICAO="UGF" LOCAL-DO-EVENTO="Rio de Janeiro" CIDADE-DO-EVENTO="Rio de Janeiro" NOME-DO-EVENTO-INGLES=""/></OUTRAS-PARTICIPACOES-EM-EVENTOS-CONGRESSOS><OUTRAS-PARTICIPACOES-EM-EVENTOS-CONGRESSOS SEQUENCIA-PRODUCAO="27"><PARTICIPANTE-DE-EVENTOS-CONGRESSOS NOME-COMPLETO-DO-PARTICIPANTE-DE-EVENTOS-CONGRESSOS="Antonio Carlos Bernardes Esteves" NOME-PARA-CITACAO-DO-PARTICIPANTE-DE-EVENTOS-CONGRESSOS="ESTEVES, A. C. B." ORDEM-PARTICIPANTE="1"/><INFORMACOES-ADICIONAIS DESCRICAO-INFORMACOES-ADICIONAIS="" DESCRICAO-INFORMACOES-ADICIONAIS-INGLES=""/><DADOS-BASICOS-DE-OUTRAS-PARTICIPACOES-EM-EVENTOS-CONGRESSOS NATUREZA="Outra" TITULO="" ANO="2009" PAIS="Brasil" IDIOMA="" MEIO-DE-DIVULGACAO="NAO_INFORMADO" HOME-PAGE-DO-TRABALHO="" FLAG-RELEVANCIA="NAO" TIPO-PARTICIPACAO="" FORMA-PARTICIPACAO="Ouvinte" DOI="" TITULO-INGLES="" FLAG-DIVULGACAO-CIENTIFICA="NAO"/><DETALHAMENTO-DE-OUTRAS-PARTICIPACOES-EM-EVENTOS-CONGRESSOS NOME-DO-EVENTO="Educação Física Desenvolvimentista" NOME-INSTITUICAO="" LOCAL-DO-EVENTO="" CIDADE-DO-EVENTO="Rio Grande do Norte" NOME-DO-EVENTO-INGLES=""/></OUTRAS-PARTICIPACOES-EM-EVENTOS-CONGRESSOS><OUTRAS-PARTICIPACOES-EM-EVENTOS-CONGRESSOS SEQUENCIA-PRODUCAO="28"><PARTICIPANTE-DE-EVENTOS-CONGRESSOS NOME-COMPLETO-DO-PARTICIPANTE-DE-EVENTOS-CONGRESSOS="Antonio Carlos Bernardes Esteves" NOME-PARA-CITACAO-DO-PARTICIPANTE-DE-EVENTOS-CONGRESSOS="ESTEVES, A. C. B." ORDEM-PARTICIPANTE="1"/><INFORMACOES-ADICIONAIS DESCRICAO-INFORMACOES-ADICIONAIS="" DESCRICAO-INFORMACOES-ADICIONAIS-INGLES=""/><DADOS-BASICOS-DE-OUTRAS-PARTICIPACOES-EM-EVENTOS-CONGRESSOS NATUREZA="Outra" TITULO="" ANO="2011" PAIS="Brasil" IDIOMA="" MEIO-DE-DIVULGACAO="NAO_INFORMADO" HOME-PAGE-DO-TRABALHO="" FLAG-RELEVANCIA="NAO" TIPO-PARTICIPACAO="" FORMA-PARTICIPACAO="Ouvinte" DOI="" TITULO-INGLES="" FLAG-DIVULGACAO-CIENTIFICA="NAO"/><DETALHAMENTO-DE-OUTRAS-PARTICIPACOES-EM-EVENTOS-CONGRESSOS NOME-DO-EVENTO="Curso de Formação de treinadores Nível I" NOME-INSTITUICAO="" LOCAL-DO-EVENTO="" CIDADE-DO-EVENTO="Rio de Janeiro" NOME-DO-EVENTO-INGLES=""/></OUTRAS-PARTICIPACOES-EM-EVENTOS-CONGRESSOS></PARTICIPACAO-EM-EVENTOS-CONGRESSOS><INFORMACOES-ADICIONAIS-INSTITUICOES><INFORMACAO-ADICIONAL-INSTITUICAO CODIGO-INSTITUICAO="" SIGLA-INSTITUICAO="" SIGLA-UF-INSTITUICAO="" SIGLA-PAIS-INSTITUICAO="" NOME-PAIS-INSTITUICAO="" FLAG-AGENCIA-FOMENTO="NAO" FLAG-INSTITUICAO-DE-ENSINO="NAO"/><INFORMACAO-ADICIONAL-INSTITUICAO CODIGO-INSTITUICAO="000100000991" SIGLA-INSTITUICAO="UNISUAM" SIGLA-UF-INSTITUICAO="RJ" SIGLA-PAIS-INSTITUICAO="BRA" NOME-PAIS-INSTITUICAO="Brasil" FLAG-AGENCIA-FOMENTO="NAO" FLAG-INSTITUICAO-DE-ENSINO="NAO"/><INFORMACAO-ADICIONAL-INSTITUICAO CODIGO-INSTITUICAO="000300000995" SIGLA-INSTITUICAO="UNIVERCIDADE" SIGLA-UF-INSTITUICAO="RJ" SIGLA-PAIS-INSTITUICAO="BRA" NOME-PAIS-INSTITUICAO="Brasil" FLAG-AGENCIA-FOMENTO="NAO" FLAG-INSTITUICAO-DE-ENSINO="NAO"/><INFORMACAO-ADICIONAL-INSTITUICAO CODIGO-INSTITUICAO="000400000997" SIGLA-INSTITUICAO="SEERJ" SIGLA-UF-INSTITUICAO="RJ" SIGLA-PAIS-INSTITUICAO="BRA" NOME-PAIS-INSTITUICAO="Brasil" FLAG-AGENCIA-FOMENTO="NAO" FLAG-INSTITUICAO-DE-ENSINO="NAO"/><INFORMACAO-ADICIONAL-INSTITUICAO CODIGO-INSTITUICAO="000500000999" SIGLA-INSTITUICAO="FLUMINENSE" SIGLA-UF-INSTITUICAO="RJ" SIGLA-PAIS-INSTITUICAO="BRA" NOME-PAIS-INSTITUICAO="Brasil" FLAG-AGENCIA-FOMENTO="NAO" FLAG-INSTITUICAO-DE-ENSINO="NAO"/><INFORMACAO-ADICIONAL-INSTITUICAO CODIGO-INSTITUICAO="081200000000" SIGLA-INSTITUICAO="UGF" SIGLA-UF-INSTITUICAO="RJ" SIGLA-PAIS-INSTITUICAO="BRA" NOME-PAIS-INSTITUICAO="Brasil" FLAG-AGENCIA-FOMENTO="NAO" FLAG-INSTITUICAO-DE-ENSINO="SIM"/></INFORMACOES-ADICIONAIS-INSTITUICOES><INFORMACOES-ADICIONAIS-CURSOS><INFORMACAO-ADICIONAL-CURSO CODIGO-CURSO="31050042" CODIGO-ORGAO="" NOME-ORGAO="" CODIGO-INSTITUICAO="081200000000" NOME-INSTITUICAO="Universidade Gama Filho" NOME-GRANDE-AREA-DO-CONHECIMENTO="CIENCIAS_DA_SAUDE" NOME-DA-AREA-DO-CONHECIMENTO="Educação Física" NOME-DA-SUB-AREA-DO-CONHECIMENTO="" NOME-DA-ESPECIALIDADE="" NIVEL-CURSO="MESTRADO_DOUTORADO"/><INFORMACAO-ADICIONAL-CURSO CODIGO-CURSO="90000000" CODIGO-ORGAO="" NOME-ORGAO="" CODIGO-INSTITUICAO="081200000000" NOME-INSTITUICAO="Universidade Gama Filho" NOME-GRANDE-AREA-DO-CONHECIMENTO="CIENCIAS_DA_SAUDE" NOME-DA-AREA-DO-CONHECIMENTO="Educação Física" NOME-DA-SUB-AREA-DO-CONHECIMENTO="" NOME-DA-ESPECIALIDADE="" NIVEL-CURSO="APERFEICOAMENTO"/><INFORMACAO-ADICIONAL-CURSO CODIGO-CURSO="90000001" CODIGO-ORGAO="" NOME-ORGAO="" CODIGO-INSTITUICAO="081200000000" NOME-INSTITUICAO="Universidade Gama Filho" NOME-GRANDE-AREA-DO-CONHECIMENTO="CIENCIAS_DA_SAUDE" NOME-DA-AREA-DO-CONHECIMENTO="Educação Física" NOME-DA-SUB-AREA-DO-CONHECIMENTO="" NOME-DA-ESPECIALIDADE="" NIVEL-CURSO="APERFEICOAMENTO"/><INFORMACAO-ADICIONAL-CURSO CODIGO-CURSO="90000002" CODIGO-ORGAO="" NOME-ORGAO="" CODIGO-INSTITUICAO="081200000000" NOME-INSTITUICAO="Universidade Gama Filho" NOME-GRANDE-AREA-DO-CONHECIMENTO="CIENCIAS_DA_SAUDE" NOME-DA-AREA-DO-CONHECIMENTO="Educação Física" NOME-DA-SUB-AREA-DO-CONHECIMENTO="" NOME-DA-ESPECIALIDADE="" NIVEL-CURSO="GRADUACAO"/><INFORMACAO-ADICIONAL-CURSO CODIGO-CURSO="90000003" CODIGO-ORGAO="" NOME-ORGAO="" CODIGO-INSTITUICAO="000300000995" NOME-INSTITUICAO="Sociedade Educacional São Paulo Apóstolo" NOME-GRANDE-AREA-DO-CONHECIMENTO="CIENCIAS_DA_SAUDE" NOME-DA-AREA-DO-CONHECIMENTO="Educação Física" NOME-DA-SUB-AREA-DO-CONHECIMENTO="" NOME-DA-ESPECIALIDADE="" NIVEL-CURSO="GRADUACAO"/><INFORMACAO-ADICIONAL-CURSO CODIGO-CURSO="90000004" CODIGO-ORGAO="" NOME-ORGAO="" CODIGO-INSTITUICAO="000100000991" NOME-INSTITUICAO="Centro Universitário Augusto Motta" NOME-GRANDE-AREA-DO-CONHECIMENTO="CIENCIAS_DA_SAUDE" NOME-DA-AREA-DO-CONHECIMENTO="Educação Física" NOME-DA-SUB-AREA-DO-CONHECIMENTO="" NOME-DA-ESPECIALIDADE="" NIVEL-CURSO="GRADUACAO"/></INFORMACOES-ADICIONAIS-CURSOS></DADOS-COMPLEMENTARES><eventos/></CURRICULO-VITAE>