<CURRICULO-VITAE SISTEMA-ORIGEM-XML="LATTES_OFFLINE" NUMERO-IDENTIFICADOR="1060672513722848" FORMATO-DATA-ATUALIZACAO="DDMMAAAA" DATA-ATUALIZACAO="31032017" FORMATO-HORA-ATUALIZACAO="HHMMSS" HORA-ATUALIZACAO="213520"><DADOS-GERAIS NOME-COMPLETO="Nivea Cristina Vieira Lemos" NOME-EM-CITACOES-BIBLIOGRAFICAS="LEMOS, N. C. V." NACIONALIDADE="B" PAIS-DE-NASCIMENTO="Brasil" FORMATO-DATA-DE-NASCIMENTO="DDMMAAAA" FORMATO-DATA-DE-EMISSAO="DDMMAAAA" PERMISSAO-DE-DIVULGACAO="NAO" DATA-FALECIMENTO="" SIGLA-PAIS-NACIONALIDADE="BRA" PAIS-DE-NACIONALIDADE="Brasil"><RESUMO-CV TEXTO-RESUMO-CV-RH="Mestranda em Novas Tecnologias Digitais na Educação, possui graduação em História (2003), é especialista em Psicopedagogia e Orientadora Educacional pela UFRRJ (2007) e Design Instrucional para EaD pela Universidade Federal de Itajubá -UNIFEI/MG (2014). Já atuou com formação de professores na área de Mídias Digitais no consórcio de universidades CEDERJ, foi docente na rede FAETEC (presencial e a distância), atuou por 4 anos como produtora e revisora de material didático para uma plataforma digital colaborativa, chamada Educopédia, junto a SME/RJ que é reconhecida pela UNESCO como patrimônio da humanidade em Recurso Educacional Aberto. Foi consultora para implementação de SGA também na SME/RJ, foi conteudista para a plataforma transmídia Conecturma, que está disponível em dezenas de prefeituras no Brasil. Hoje é professora tutora no SENAC e na UNISUAM, além de integrante do grupo de pesquisa em EaD nesta última instituição citada." TEXTO-RESUMO-CV-RH-EN="bachelor's at HISTÓRIA from Instituo Tecnológico Simonsen (2003). Has experience in Administration, focusing on Business Administration"/><ENDERECO FLAG-DE-PREFERENCIA="ENDERECO_RESIDENCIAL"><ENDERECO-PROFISSIONAL CODIGO-INSTITUICAO-EMPRESA="" NOME-INSTITUICAO-EMPRESA="" CODIGO-ORGAO="" NOME-ORGAO="" CODIGO-UNIDADE="" NOME-UNIDADE="" LOGRADOURO-COMPLEMENTO="" PAIS="" UF="" CEP="" CIDADE="" BAIRRO="" DDD="" TELEFONE="" RAMAL="" FAX="" E-MAIL="nivealemos@gmail.com" HOME-PAGE=""/></ENDERECO><FORMACAO-ACADEMICA-TITULACAO><GRADUACAO SEQUENCIA-FORMACAO="1" NIVEL="1" TITULO-DO-TRABALHO-DE-CONCLUSAO-DE-CURSO="Balanço historiográfico sobre queda do Império Romano" NOME-DO-ORIENTADOR="Marcos Cruz" CODIGO-INSTITUICAO="JDEK00000002" NOME-INSTITUICAO="Instituo Tecnológico Simonsen" CODIGO-ORGAO="" NOME-ORGAO="" CODIGO-CURSO="90000000" NOME-CURSO="HISTÓRIA" CODIGO-AREA-CURSO="90000000" STATUS-DO-CURSO="CONCLUIDO" ANO-DE-INICIO="2000" ANO-DE-CONCLUSAO="2003" FLAG-BOLSA="NAO" CODIGO-AGENCIA-FINANCIADORA="" NOME-AGENCIA="" NUMERO-ID-ORIENTADOR="" CODIGO-CURSO-CAPES="" TITULO-DO-TRABALHO-DE-CONCLUSAO-DE-CURSO-INGLES="" NOME-CURSO-INGLES="" FORMACAO-ACADEMICA-TITULACAO="" TIPO-GRADUACAO="N" CODIGO-INSTITUICAO-GRAD="" NOME-INSTITUICAO-GRAD="" CODIGO-INSTITUICAO-OUTRA-GRAD="" NOME-INSTITUICAO-OUTRA-GRAD="" NOME-ORIENTADOR-GRAD=""/><ESPECIALIZACAO SEQUENCIA-FORMACAO="2" NIVEL="2" TITULO-DA-MONOGRAFIA="Os desdobramentos do uso de TIC´s na sala de aula, ontem e hoje." NOME-DO-ORIENTADOR="Suely Schustoff" CODIGO-INSTITUICAO="021100000005" NOME-INSTITUICAO="Universidade Federal Rural do Rio de Janeiro" CODIGO-ORGAO="" NOME-ORGAO="" CODIGO-CURSO="90000001" NOME-CURSO="Psicopedagogia e Orientação Educacional" STATUS-DO-CURSO="CONCLUIDO" ANO-DE-INICIO="2005" ANO-DE-CONCLUSAO="2007" FLAG-BOLSA="NAO" CODIGO-AGENCIA-FINANCIADORA="" NOME-AGENCIA="" CARGA-HORARIA="860" TITULO-DA-MONOGRAFIA-INGLES="" NOME-CURSO-INGLES=""/><ESPECIALIZACAO SEQUENCIA-FORMACAO="3" NIVEL="2" TITULO-DA-MONOGRAFIA="FORMAÇÃO DE PROFESSORES PARA UMA EDUCAÇÃO TECNOLÓGICA NO BRASIL" NOME-DO-ORIENTADOR="José Hamilton Chaves Gorgulho Júnior" CODIGO-INSTITUICAO="059100000002" NOME-INSTITUICAO="Universidade Federal de Itajubá" CODIGO-ORGAO="" NOME-ORGAO="" CODIGO-CURSO="90000002" NOME-CURSO="Design Instrucional para EaD" STATUS-DO-CURSO="CONCLUIDO" ANO-DE-INICIO="2012" ANO-DE-CONCLUSAO="2014" FLAG-BOLSA="SIM" CODIGO-AGENCIA-FINANCIADORA="002200000000" NOME-AGENCIA="Conselho Nacional de Desenvolvimento Científico e Tecnológico" CARGA-HORARIA="1200" TITULO-DA-MONOGRAFIA-INGLES="" NOME-CURSO-INGLES=""/><MESTRADO-PROFISSIONALIZANTE SEQUENCIA-FORMACAO="12" NIVEL="9" CODIGO-INSTITUICAO="985600043211" NOME-INSTITUICAO="Centro Universitário Carioca" CODIGO-ORGAO="" NOME-ORGAO="" CODIGO-CURSO="90000010" NOME-CURSO="Novas Tecnologias Digitais na Educação" CODIGO-AREA-CURSO="90000010" STATUS-DO-CURSO="EM_ANDAMENTO" ANO-DE-INICIO="2017" ANO-DE-CONCLUSAO="" FLAG-BOLSA="NAO" CODIGO-AGENCIA-FINANCIADORA="" NOME-AGENCIA="" ANO-DE-OBTENCAO-DO-TITULO="" TITULO-DA-DISSERTACAO-TESE="" NOME-COMPLETO-DO-ORIENTADOR="Leonardo Trotta" NUMERO-ID-ORIENTADOR="" CODIGO-CURSO-CAPES="" TITULO-DA-DISSERTACAO-TESE-INGLES="" NOME-CURSO-INGLES="" NOME-DO-CO-ORIENTADOR=""><conceitoCapes/></MESTRADO-PROFISSIONALIZANTE></FORMACAO-ACADEMICA-TITULACAO><ATUACOES-PROFISSIONAIS><ATUACAO-PROFISSIONAL CODIGO-INSTITUICAO="JCPM00000007" NOME-INSTITUICAO="Fundação de Apoio à Escola Técnica do Estado do Rio de Janeiro" SEQUENCIA-ATIVIDADE="1" SEQUENCIA-IMPORTANCIA=""><VINCULOS SEQUENCIA-HISTORICO="1" TIPO-DE-VINCULO="SERVIDOR_PUBLICO" ENQUADRAMENTO-FUNCIONAL="LIVRE" CARGA-HORARIA-SEMANAL="30" FLAG-DEDICACAO-EXCLUSIVA="NAO" MES-INICIO="04" ANO-INICIO="2012" MES-FIM="07" ANO-FIM="2013" OUTRAS-INFORMACOES="Instrutora de disciplinas profissionalizantes presencial e a distância." FLAG-VINCULO-EMPREGATICIO="NAO" OUTRO-VINCULO-INFORMADO="" OUTRO-ENQUADRAMENTO-FUNCIONAL-INFORMADO="Contrato Temporário" OUTRO-ENQUADRAMENTO-FUNCIONAL-INFORMADO-INGLES="" OUTRAS-INFORMACOES-INGLES=""/><atividadesProfissionaisPlanificadas/></ATUACAO-PROFISSIONAL><ATUACAO-PROFISSIONAL CODIGO-INSTITUICAO="985606880727" NOME-INSTITUICAO="Fundação Centro de Ciências e Educação Superior à Distância do Estado do RJ" SEQUENCIA-ATIVIDADE="2" SEQUENCIA-IMPORTANCIA=""><VINCULOS SEQUENCIA-HISTORICO="1" TIPO-DE-VINCULO="LIVRE" ENQUADRAMENTO-FUNCIONAL="LIVRE" CARGA-HORARIA-SEMANAL="20" FLAG-DEDICACAO-EXCLUSIVA="NAO" MES-INICIO="09" ANO-INICIO="2011" MES-FIM="01" ANO-FIM="2013" OUTRAS-INFORMACOES="Tutoria para construção de sala de aulas virtuais. Público: Professores titulares das universidades do consórcio." FLAG-VINCULO-EMPREGATICIO="SIM" OUTRO-VINCULO-INFORMADO="Bolsista" OUTRO-ENQUADRAMENTO-FUNCIONAL-INFORMADO="Tutor de Apoio" OUTRO-ENQUADRAMENTO-FUNCIONAL-INFORMADO-INGLES="" OUTRAS-INFORMACOES-INGLES=""/><atividadesProfissionaisPlanificadas/></ATUACAO-PROFISSIONAL><ATUACAO-PROFISSIONAL CODIGO-INSTITUICAO="J7BX00000002" NOME-INSTITUICAO="SECRETARIA MUNICIPAL DE EDUCAÇÃO - PMVR" SEQUENCIA-ATIVIDADE="3" SEQUENCIA-IMPORTANCIA=""><VINCULOS SEQUENCIA-HISTORICO="1" TIPO-DE-VINCULO="LIVRE" ENQUADRAMENTO-FUNCIONAL="LIVRE" CARGA-HORARIA-SEMANAL="20" FLAG-DEDICACAO-EXCLUSIVA="NAO" MES-INICIO="10" ANO-INICIO="2010" MES-FIM="12" ANO-FIM="2013" OUTRAS-INFORMACOES="Atuei como produtora, revisora de material de didático para plataforma digital e como coordenadora de disciplina, em uma equipe com 13 integrantes." FLAG-VINCULO-EMPREGATICIO="SIM" OUTRO-VINCULO-INFORMADO="Bolsista" OUTRO-ENQUADRAMENTO-FUNCIONAL-INFORMADO="Bolsa de Formação MEC" OUTRO-ENQUADRAMENTO-FUNCIONAL-INFORMADO-INGLES="" OUTRAS-INFORMACOES-INGLES=""/><atividadesProfissionaisPlanificadas/></ATUACAO-PROFISSIONAL><ATUACAO-PROFISSIONAL CODIGO-INSTITUICAO="000400000997" NOME-INSTITUICAO="NET RIO S/A" SEQUENCIA-ATIVIDADE="4" SEQUENCIA-IMPORTANCIA=""><VINCULOS SEQUENCIA-HISTORICO="1" TIPO-DE-VINCULO="CELETISTA" ENQUADRAMENTO-FUNCIONAL="LIVRE" CARGA-HORARIA-SEMANAL="44" FLAG-DEDICACAO-EXCLUSIVA="SIM" MES-INICIO="02" ANO-INICIO="2007" MES-FIM="12" ANO-FIM="2013" OUTRAS-INFORMACOES="Atuei nas áreas operacionais e de gestão." FLAG-VINCULO-EMPREGATICIO="NAO" OUTRO-VINCULO-INFORMADO="" OUTRO-ENQUADRAMENTO-FUNCIONAL-INFORMADO="Backoffice, Gestão de Clientes" OUTRO-ENQUADRAMENTO-FUNCIONAL-INFORMADO-INGLES="" OUTRAS-INFORMACOES-INGLES=""/><atividadesProfissionaisPlanificadas/></ATUACAO-PROFISSIONAL><ATUACAO-PROFISSIONAL CODIGO-INSTITUICAO="JGPW00000006" NOME-INSTITUICAO="MSTECH Educação e Tecnologia" SEQUENCIA-ATIVIDADE="5" SEQUENCIA-IMPORTANCIA=""><VINCULOS SEQUENCIA-HISTORICO="1" TIPO-DE-VINCULO="PROFESSOR_VISITANTE" ENQUADRAMENTO-FUNCIONAL="LIVRE" CARGA-HORARIA-SEMANAL="44" FLAG-DEDICACAO-EXCLUSIVA="NAO" MES-INICIO="02" ANO-INICIO="2012" MES-FIM="06" ANO-FIM="2012" OUTRAS-INFORMACOES="Ministrei capacitação para professores, gestores e profissionais de apoio das escolas da SME-RJ, a cerca do sistema de Gestão Acadêmica (processo de implementação)." FLAG-VINCULO-EMPREGATICIO="SIM" OUTRO-VINCULO-INFORMADO="" OUTRO-ENQUADRAMENTO-FUNCIONAL-INFORMADO="Consultora" OUTRO-ENQUADRAMENTO-FUNCIONAL-INFORMADO-INGLES="" OUTRAS-INFORMACOES-INGLES=""/><atividadesProfissionaisPlanificadas/></ATUACAO-PROFISSIONAL><ATUACAO-PROFISSIONAL CODIGO-INSTITUICAO="000500000999" NOME-INSTITUICAO="Centro Universitário Augusto Mota" SEQUENCIA-ATIVIDADE="6" SEQUENCIA-IMPORTANCIA=""><VINCULOS SEQUENCIA-HISTORICO="1" TIPO-DE-VINCULO="CELETISTA" ENQUADRAMENTO-FUNCIONAL="LIVRE" CARGA-HORARIA-SEMANAL="20" FLAG-DEDICACAO-EXCLUSIVA="NAO" MES-INICIO="03" ANO-INICIO="2014" MES-FIM="" ANO-FIM="" OUTRAS-INFORMACOES="" FLAG-VINCULO-EMPREGATICIO="NAO" OUTRO-VINCULO-INFORMADO="" OUTRO-ENQUADRAMENTO-FUNCIONAL-INFORMADO="Professor Auxiliar" OUTRO-ENQUADRAMENTO-FUNCIONAL-INFORMADO-INGLES="" OUTRAS-INFORMACOES-INGLES=""/><ATIVIDADES-DE-PARTICIPACAO-EM-PROJETO><PARTICIPACAO-EM-PROJETO SEQUENCIA-FUNCAO-ATIVIDADE="1" FLAG-PERIODO="ATUAL" MES-INICIO="" ANO-INICIO="2015" MES-FIM="" ANO-FIM="" CODIGO-ORGAO="000501000992" NOME-ORGAO="EXTENSÃO" CODIGO-UNIDADE="" NOME-UNIDADE=""><PROJETO-DE-PESQUISA SEQUENCIA-PROJETO="1" ANO-INICIO="2015" ANO-FIM="" NOME-DO-PROJETO="GEPEAD" SITUACAO="EM_ANDAMENTO" NATUREZA="PESQUISA" NUMERO-GRADUACAO="3" NUMERO-ESPECIALIZACAO="" NUMERO-MESTRADO-ACADEMICO="" NUMERO-MESTRADO-PROF="" NUMERO-DOUTORADO="" DESCRICAO-DO-PROJETO="GRUPO DE PESQUISAS EM EAD" IDENTIFICADOR-PROJETO="" DESCRICAO-DO-PROJETO-INGLES="" NOME-DO-PROJETO-INGLES="" FLAG-POTENCIAL-INOVACAO="NAO" FLAG-PROJETO-CERTIFICADO="nao" NOME-COORDENADOR-CERTIFICACAO="" FORMATO-DATA-CERTIFICACAO="DDMMAAAA" DATA-CERTIFICACAO="" NUMERO_TECNICO_NIVEL_MEDIO=""><EQUIPE-DO-PROJETO><INTEGRANTES-DO-PROJETO NOME-COMPLETO="Nivea Cristina Vieira Lemos" NOME-PARA-CITACAO="LEMOS, N. C. V." ORDEM-DE-INTEGRACAO="1" FLAG-RESPONSAVEL="SIM" NRO-ID-CNPQ="1060672513722848"/><INTEGRANTES-DO-PROJETO NOME-COMPLETO="ANA CECÍLIA DIAS" NOME-PARA-CITACAO="ANA CECÍLIA MACHADO" ORDEM-DE-INTEGRACAO="2" FLAG-RESPONSAVEL="NAO" NRO-ID-CNPQ=""/><INTEGRANTES-DO-PROJETO NOME-COMPLETO="HELOÍSA HARGENTO" NOME-PARA-CITACAO="ANA LÚCIA GUIMARAES" ORDEM-DE-INTEGRACAO="3" FLAG-RESPONSAVEL="NAO" NRO-ID-CNPQ=""/><INTEGRANTES-DO-PROJETO NOME-COMPLETO="HELOISA ARGENTO" NOME-PARA-CITACAO="ARGENTO, H." ORDEM-DE-INTEGRACAO="4" FLAG-RESPONSAVEL="NAO" NRO-ID-CNPQ=""/></EQUIPE-DO-PROJETO></PROJETO-DE-PESQUISA></PARTICIPACAO-EM-PROJETO></ATIVIDADES-DE-PARTICIPACAO-EM-PROJETO><atividadesProfissionaisPlanificadas/></ATUACAO-PROFISSIONAL><ATUACAO-PROFISSIONAL CODIGO-INSTITUICAO="JIR500000002" NOME-INSTITUICAO="SENAC" SEQUENCIA-ATIVIDADE="7" SEQUENCIA-IMPORTANCIA="7"><VINCULOS SEQUENCIA-HISTORICO="1" TIPO-DE-VINCULO="CELETISTA" ENQUADRAMENTO-FUNCIONAL="LIVRE" CARGA-HORARIA-SEMANAL="20" FLAG-DEDICACAO-EXCLUSIVA="NAO" MES-INICIO="02" ANO-INICIO="2013" MES-FIM="" ANO-FIM="" OUTRAS-INFORMACOES="Docente presencial e a distância" FLAG-VINCULO-EMPREGATICIO="NAO" OUTRO-VINCULO-INFORMADO="" OUTRO-ENQUADRAMENTO-FUNCIONAL-INFORMADO="Instrutor" OUTRO-ENQUADRAMENTO-FUNCIONAL-INFORMADO-INGLES="" OUTRAS-INFORMACOES-INGLES=""/><atividadesProfissionaisPlanificadas/></ATUACAO-PROFISSIONAL></ATUACOES-PROFISSIONAIS><AREAS-DE-ATUACAO><AREA-DE-ATUACAO SEQUENCIA-AREA-DE-ATUACAO="1" NOME-GRANDE-AREA-DO-CONHECIMENTO="CIENCIAS_SOCIAIS_APLICADAS" NOME-DA-AREA-DO-CONHECIMENTO="Administração" NOME-DA-SUB-AREA-DO-CONHECIMENTO="Administração de Empresas" NOME-DA-ESPECIALIDADE=""/><AREA-DE-ATUACAO SEQUENCIA-AREA-DE-ATUACAO="2" NOME-GRANDE-AREA-DO-CONHECIMENTO="CIENCIAS_HUMANAS" NOME-DA-AREA-DO-CONHECIMENTO="História" NOME-DA-SUB-AREA-DO-CONHECIMENTO="história" NOME-DA-ESPECIALIDADE=""/><AREA-DE-ATUACAO SEQUENCIA-AREA-DE-ATUACAO="3" NOME-GRANDE-AREA-DO-CONHECIMENTO="CIENCIAS_HUMANAS" NOME-DA-AREA-DO-CONHECIMENTO="Educação" NOME-DA-SUB-AREA-DO-CONHECIMENTO="Educação a Distancia" NOME-DA-ESPECIALIDADE=""/><AREA-DE-ATUACAO SEQUENCIA-AREA-DE-ATUACAO="4" NOME-GRANDE-AREA-DO-CONHECIMENTO="CIENCIAS_HUMANAS" NOME-DA-AREA-DO-CONHECIMENTO="Educação" NOME-DA-SUB-AREA-DO-CONHECIMENTO="Treinamento de Pessoal" NOME-DA-ESPECIALIDADE=""/><AREA-DE-ATUACAO SEQUENCIA-AREA-DE-ATUACAO="5" NOME-GRANDE-AREA-DO-CONHECIMENTO="CIENCIAS_HUMANAS" NOME-DA-AREA-DO-CONHECIMENTO="História" NOME-DA-SUB-AREA-DO-CONHECIMENTO="Tutoria" NOME-DA-ESPECIALIDADE=""/></AREAS-DE-ATUACAO><IDIOMAS><IDIOMA IDIOMA="EN" DESCRICAO-DO-IDIOMA="Inglês" PROFICIENCIA-DE-LEITURA="RAZOAVELMENTE" PROFICIENCIA-DE-FALA="POUCO" PROFICIENCIA-DE-ESCRITA="POUCO" PROFICIENCIA-DE-COMPREENSAO="RAZOAVELMENTE"/></IDIOMAS><staValidado/><dataExibicao/><dadosBolsista/></DADOS-GERAIS><PRODUCAO-TECNICA><DEMAIS-TIPOS-DE-PRODUCAO-TECNICA><APRESENTACAO-DE-TRABALHO SEQUENCIA-PRODUCAO="3"><DADOS-BASICOS-DA-APRESENTACAO-DE-TRABALHO NATUREZA="COMUNICACAO" TITULO="FORMAÇÃO DOCENTE: AS ESPECIFICIDADES DO ENSINO ONLINE, INTELIGENCIA SOCIOAFETIVA NO PROCESSO DE APRENDIZAGEM EM EAD" ANO="2016" PAIS="Brasil" IDIOMA="Português" FLAG-RELEVANCIA="SIM" DOI="" TITULO-INGLES="" FLAG-DIVULGACAO-CIENTIFICA="NAO"/><DETALHAMENTO-DA-APRESENTACAO-DE-TRABALHO NOME-DO-EVENTO="SIMPÓSIO INTERNACIONAL DE EDUCAÇÃO A DISTÂNCIA" INSTITUICAO-PROMOTORA="UFSCAR - UNIVERSIDADE FEDERAL DE SÃO CARLOS" LOCAL-DA-APRESENTACAO="SÃO PAULO" CIDADE-DA-APRESENTACAO="SÃO CARLOS" NOME-DO-EVENTO-INGLES=""/><AUTORES NOME-COMPLETO-DO-AUTOR="ANA CECÍLIA DIAS" NOME-PARA-CITACAO="ANA CECÍLIA MACHADO" ORDEM-DE-AUTORIA="1" NRO-ID-CNPQ=""/><AUTORES NOME-COMPLETO-DO-AUTOR="Nivea Cristina Vieira Lemos" NOME-PARA-CITACAO="LEMOS, N. C. V." ORDEM-DE-AUTORIA="2" NRO-ID-CNPQ="1060672513722848"/></APRESENTACAO-DE-TRABALHO><APRESENTACAO-DE-TRABALHO SEQUENCIA-PRODUCAO="5"><DADOS-BASICOS-DA-APRESENTACAO-DE-TRABALHO NATUREZA="SEMINARIO" TITULO="Jogos digitais em EaD" ANO="2015" PAIS="Brasil" IDIOMA="Português" FLAG-RELEVANCIA="NAO" DOI="" TITULO-INGLES="Jogos digitais em EaD" FLAG-DIVULGACAO-CIENTIFICA="NAO"/><DETALHAMENTO-DA-APRESENTACAO-DE-TRABALHO NOME-DO-EVENTO="I SEMINÁRIO GEPEAD" INSTITUICAO-PROMOTORA="UNISUAM" LOCAL-DA-APRESENTACAO="RIO DE JANEIRO" CIDADE-DA-APRESENTACAO="RIO DE JANEIRO" NOME-DO-EVENTO-INGLES=""/><AUTORES NOME-COMPLETO-DO-AUTOR="Nivea Cristina Vieira Lemos" NOME-PARA-CITACAO="LEMOS, N. C. V." ORDEM-DE-AUTORIA="1" NRO-ID-CNPQ="1060672513722848"/></APRESENTACAO-DE-TRABALHO><APRESENTACAO-DE-TRABALHO SEQUENCIA-PRODUCAO="6"><DADOS-BASICOS-DA-APRESENTACAO-DE-TRABALHO NATUREZA="CONFERENCIA" TITULO="Oficina Google Educação" ANO="2016" PAIS="Brasil" IDIOMA="Português" FLAG-RELEVANCIA="NAO" DOI="" TITULO-INGLES="" FLAG-DIVULGACAO-CIENTIFICA="NAO"/><DETALHAMENTO-DA-APRESENTACAO-DE-TRABALHO NOME-DO-EVENTO="Google Educação" INSTITUICAO-PROMOTORA="UNISUAM" LOCAL-DA-APRESENTACAO="RIO DE JANEIRO" CIDADE-DA-APRESENTACAO="RIO DE JANEIRO" NOME-DO-EVENTO-INGLES=""/><AUTORES NOME-COMPLETO-DO-AUTOR="Nivea Cristina Vieira Lemos" NOME-PARA-CITACAO="LEMOS, N. C. V." ORDEM-DE-AUTORIA="1" NRO-ID-CNPQ="1060672513722848"/></APRESENTACAO-DE-TRABALHO><APRESENTACAO-DE-TRABALHO SEQUENCIA-PRODUCAO="7"><DADOS-BASICOS-DA-APRESENTACAO-DE-TRABALHO NATUREZA="COMUNICACAO" TITULO="A sala de aula também é o Facebook e Whatsapp" ANO="2016" PAIS="Brasil" IDIOMA="Português" FLAG-RELEVANCIA="NAO" DOI="" TITULO-INGLES="" FLAG-DIVULGACAO-CIENTIFICA="NAO"/><DETALHAMENTO-DA-APRESENTACAO-DE-TRABALHO NOME-DO-EVENTO="VIII CONGRESSO DE PRÁTICAS DE SALA DE AULA" INSTITUICAO-PROMOTORA="ICLOC" LOCAL-DA-APRESENTACAO="SÃO PAULO" CIDADE-DA-APRESENTACAO="SÃO PAULO" NOME-DO-EVENTO-INGLES=""/><AUTORES NOME-COMPLETO-DO-AUTOR="Nivea Cristina Vieira Lemos" NOME-PARA-CITACAO="LEMOS, N. C. V." ORDEM-DE-AUTORIA="1" NRO-ID-CNPQ="1060672513722848"/></APRESENTACAO-DE-TRABALHO><APRESENTACAO-DE-TRABALHO SEQUENCIA-PRODUCAO="2"><DADOS-BASICOS-DA-APRESENTACAO-DE-TRABALHO NATUREZA="COMUNICACAO" TITULO="Uma reflexão sobre aprendizagem baseada em e jogos digitais em EaD" ANO="2016" PAIS="Brasil" IDIOMA="Português" FLAG-RELEVANCIA="SIM" DOI="" TITULO-INGLES="Uma reflexão sobre aprendizagem baseada em e jogos digitais em EaD" FLAG-DIVULGACAO-CIENTIFICA="NAO"/><DETALHAMENTO-DA-APRESENTACAO-DE-TRABALHO NOME-DO-EVENTO="SIMPÓSIO INTERNACIONAL DE EDUCAÇÃO A DISTÂNCIA - SIED" INSTITUICAO-PROMOTORA="UFSCAR - UNIVERSIDADE FEDERAL DE SÃO CARLOS" LOCAL-DA-APRESENTACAO="" CIDADE-DA-APRESENTACAO="SÃO PAULO" NOME-DO-EVENTO-INGLES=""/><AUTORES NOME-COMPLETO-DO-AUTOR="Nivea Cristina Vieira Lemos" NOME-PARA-CITACAO="LEMOS, N. C. V." ORDEM-DE-AUTORIA="1" NRO-ID-CNPQ="1060672513722848"/></APRESENTACAO-DE-TRABALHO><DESENVOLVIMENTO-DE-MATERIAL-DIDATICO-OU-INSTRUCIONAL SEQUENCIA-PRODUCAO="1"><DADOS-BASICOS-DO-MATERIAL-DIDATICO-OU-INSTRUCIONAL NATUREZA="EDUCACIONAL" TITULO="EDUCOPEDIA" ANO="2013" PAIS="Brasil" IDIOMA="Português" MEIO-DE-DIVULGACAO="NAO_INFORMADO" HOME-PAGE-DO-TRABALHO="EDUCOPEDIA.COM.BR" FLAG-RELEVANCIA="NAO" DOI="" TITULO-INGLES="EDUCOPEDIA" NATUREZA-INGLES="" FLAG-DIVULGACAO-CIENTIFICA="SIM"/><DETALHAMENTO-DO-MATERIAL-DIDATICO-OU-INSTRUCIONAL FINALIDADE="Material de Suporte a professores" FINALIDADE-INGLES=""/><AUTORES NOME-COMPLETO-DO-AUTOR="NIVEA CRISTINA VIEIRA LEMOS" NOME-PARA-CITACAO="LEMOS, N. C. V." ORDEM-DE-AUTORIA="1" NRO-ID-CNPQ="1060672513722848"/><AUTORES NOME-COMPLETO-DO-AUTOR="Nivea Cristina Vieira Lemos" NOME-PARA-CITACAO="LEMOS, N. C. V." ORDEM-DE-AUTORIA="2" NRO-ID-CNPQ="1060672513722848"/></DESENVOLVIMENTO-DE-MATERIAL-DIDATICO-OU-INSTRUCIONAL><MIDIA-SOCIAL-WEBSITE-BLOG SEQUENCIA-PRODUCAO="4"><DADOS-BASICOS-DA-MIDIA-SOCIAL-WEBSITE-BLOG NATUREZA="REDE_SOCIAL" NATUREZA-INGLES="" TITULO="SOU TUTOR E DESIGN INSTRUCIONAL" TITULO-INGLES="SOU TUTOR E DESIGN INSTRUCIONAL" ANO="2014" PAIS="Brasil" IDIOMA="Português" HOME-PAGE="https://www.facebook.com/groups/1621728521382733/" FLAG-RELEVANCIA="NAO" FLAG-DIVULGACAO-CIENTIFICA="NAO"/><DETALHAMENTO-DA-MIDIA-SOCIAL-WEBSITE-BLOG TEMA="TECNOLOGIA NA EDUCAÇÃO"/><AUTORES NOME-COMPLETO-DO-AUTOR="Nivea Cristina Vieira Lemos" NOME-PARA-CITACAO="LEMOS, N. C. V." ORDEM-DE-AUTORIA="1" NRO-ID-CNPQ="1060672513722848"/></MIDIA-SOCIAL-WEBSITE-BLOG></DEMAIS-TIPOS-DE-PRODUCAO-TECNICA></PRODUCAO-TECNICA><DADOS-COMPLEMENTARES><FORMACAO-COMPLEMENTAR><FORMACAO-COMPLEMENTAR-CURSO-DE-CURTA-DURACAO SEQUENCIA-FORMACAO="6" NIVEL="F" CARGA-HORARIA="60" CODIGO-INSTITUICAO="000200000993" NOME-INSTITUICAO="Artesanato Educacional" CODIGO-ORGAO="" NOME-ORGAO="" CODIGO-CURSO="90000004" NOME-CURSO="Metodologia Científica na era da Informática" STATUS-DO-CURSO="CONCLUIDO" ANO-DE-INICIO="2011" ANO-DE-CONCLUSAO="2011" NOME-CURSO-INGLES=""/><FORMACAO-COMPLEMENTAR-CURSO-DE-CURTA-DURACAO SEQUENCIA-FORMACAO="10" NIVEL="F" CARGA-HORARIA="2012" CODIGO-INSTITUICAO="985606880727" NOME-INSTITUICAO="Fundação Centro de Ciências e Educação Superior à Distância do Estado do RJ" CODIGO-ORGAO="" NOME-ORGAO="" CODIGO-CURSO="90000008" NOME-CURSO="Construção da sala de aula na plataforma Moodle" STATUS-DO-CURSO="CONCLUIDO" ANO-DE-INICIO="2012" ANO-DE-CONCLUSAO="2013" NOME-CURSO-INGLES=""/><FORMACAO-COMPLEMENTAR-CURSO-DE-CURTA-DURACAO SEQUENCIA-FORMACAO="8" NIVEL="F" CARGA-HORARIA="33" CODIGO-INSTITUICAO="J52V00000002" NOME-INSTITUICAO="Fundação Telefônica" CODIGO-ORGAO="" NOME-ORGAO="" CODIGO-CURSO="90000006" NOME-CURSO="Relacíon entre educacíon, sociedad y trabajo" STATUS-DO-CURSO="CONCLUIDO" ANO-DE-INICIO="2012" ANO-DE-CONCLUSAO="2012" NOME-CURSO-INGLES=""/><FORMACAO-COMPLEMENTAR-CURSO-DE-CURTA-DURACAO SEQUENCIA-FORMACAO="11" NIVEL="F" CARGA-HORARIA="60" CODIGO-INSTITUICAO="000200000993" NOME-INSTITUICAO="Artesanato Educacional" CODIGO-ORGAO="" NOME-ORGAO="" CODIGO-CURSO="90000009" NOME-CURSO="Tutoria e Interação em EaD" STATUS-DO-CURSO="CONCLUIDO" ANO-DE-INICIO="2011" ANO-DE-CONCLUSAO="2011" NOME-CURSO-INGLES=""/><FORMACAO-COMPLEMENTAR-CURSO-DE-CURTA-DURACAO SEQUENCIA-FORMACAO="5" NIVEL="F" CARGA-HORARIA="8" CODIGO-INSTITUICAO="000100000991" NOME-INSTITUICAO="DSRH - Diferencial Soluções em RH" CODIGO-ORGAO="" NOME-ORGAO="" CODIGO-CURSO="90000003" NOME-CURSO="Negociação e Assertividade" STATUS-DO-CURSO="CONCLUIDO" ANO-DE-INICIO="2005" ANO-DE-CONCLUSAO="2005" NOME-CURSO-INGLES=""/><FORMACAO-COMPLEMENTAR-CURSO-DE-CURTA-DURACAO SEQUENCIA-FORMACAO="9" NIVEL="F" CARGA-HORARIA="8" CODIGO-INSTITUICAO="000300000995" NOME-INSTITUICAO="Projetos Pedagógicos Dinamicos" CODIGO-ORGAO="" NOME-ORGAO="" CODIGO-CURSO="90000007" NOME-CURSO="ENEDU" STATUS-DO-CURSO="CONCLUIDO" ANO-DE-INICIO="2012" ANO-DE-CONCLUSAO="2012" NOME-CURSO-INGLES=""/><FORMACAO-COMPLEMENTAR-CURSO-DE-CURTA-DURACAO SEQUENCIA-FORMACAO="7" NIVEL="F" CARGA-HORARIA="30" CODIGO-INSTITUICAO="J52V00000002" NOME-INSTITUICAO="Fundação Telefônica" CODIGO-ORGAO="" NOME-ORGAO="" CODIGO-CURSO="90000005" NOME-CURSO="Tecnología e Calidad educativa" STATUS-DO-CURSO="CONCLUIDO" ANO-DE-INICIO="2012" ANO-DE-CONCLUSAO="2012" NOME-CURSO-INGLES=""/><formacoesComplementaresPlana/></FORMACAO-COMPLEMENTAR><INFORMACOES-ADICIONAIS-INSTITUICOES><INFORMACAO-ADICIONAL-INSTITUICAO CODIGO-INSTITUICAO="000100000991" SIGLA-INSTITUICAO="DSRH" SIGLA-UF-INSTITUICAO="RJ" SIGLA-PAIS-INSTITUICAO="BRA" NOME-PAIS-INSTITUICAO="Brasil" FLAG-AGENCIA-FOMENTO="NAO" FLAG-INSTITUICAO-DE-ENSINO="NAO"/><INFORMACAO-ADICIONAL-INSTITUICAO CODIGO-INSTITUICAO="000200000993" SIGLA-INSTITUICAO="ARTESANATO EDUCA" SIGLA-UF-INSTITUICAO="RJ" SIGLA-PAIS-INSTITUICAO="BRA" NOME-PAIS-INSTITUICAO="Brasil" FLAG-AGENCIA-FOMENTO="NAO" FLAG-INSTITUICAO-DE-ENSINO="NAO"/><INFORMACAO-ADICIONAL-INSTITUICAO CODIGO-INSTITUICAO="000300000995" SIGLA-INSTITUICAO="PPD" SIGLA-UF-INSTITUICAO="RJ" SIGLA-PAIS-INSTITUICAO="BRA" NOME-PAIS-INSTITUICAO="Brasil" FLAG-AGENCIA-FOMENTO="NAO" FLAG-INSTITUICAO-DE-ENSINO="NAO"/><INFORMACAO-ADICIONAL-INSTITUICAO CODIGO-INSTITUICAO="000400000997" SIGLA-INSTITUICAO="NET" SIGLA-UF-INSTITUICAO="RJ" SIGLA-PAIS-INSTITUICAO="BRA" NOME-PAIS-INSTITUICAO="Brasil" FLAG-AGENCIA-FOMENTO="NAO" FLAG-INSTITUICAO-DE-ENSINO="NAO"/><INFORMACAO-ADICIONAL-INSTITUICAO CODIGO-INSTITUICAO="000500000999" SIGLA-INSTITUICAO="UNISUAM" SIGLA-UF-INSTITUICAO="RJ" SIGLA-PAIS-INSTITUICAO="BRA" NOME-PAIS-INSTITUICAO="Brasil" FLAG-AGENCIA-FOMENTO="NAO" FLAG-INSTITUICAO-DE-ENSINO="NAO"/><INFORMACAO-ADICIONAL-INSTITUICAO CODIGO-INSTITUICAO="000501000992" SIGLA-INSTITUICAO="" SIGLA-UF-INSTITUICAO="RJ" SIGLA-PAIS-INSTITUICAO="BRA" NOME-PAIS-INSTITUICAO="Brasil" FLAG-AGENCIA-FOMENTO="NAO" FLAG-INSTITUICAO-DE-ENSINO="NAO"/><INFORMACAO-ADICIONAL-INSTITUICAO CODIGO-INSTITUICAO="002200000000" SIGLA-INSTITUICAO="CNPq" SIGLA-UF-INSTITUICAO="DF" SIGLA-PAIS-INSTITUICAO="BRA" NOME-PAIS-INSTITUICAO="Brasil" FLAG-AGENCIA-FOMENTO="SIM" FLAG-INSTITUICAO-DE-ENSINO="SIM"/><INFORMACAO-ADICIONAL-INSTITUICAO CODIGO-INSTITUICAO="021100000005" SIGLA-INSTITUICAO="UFRRJ" SIGLA-UF-INSTITUICAO="RJ" SIGLA-PAIS-INSTITUICAO="BRA" NOME-PAIS-INSTITUICAO="Brasil" FLAG-AGENCIA-FOMENTO="NAO" FLAG-INSTITUICAO-DE-ENSINO="SIM"/><INFORMACAO-ADICIONAL-INSTITUICAO CODIGO-INSTITUICAO="059100000002" SIGLA-INSTITUICAO="UNIFEI" SIGLA-UF-INSTITUICAO="MG" SIGLA-PAIS-INSTITUICAO="BRA" NOME-PAIS-INSTITUICAO="Brasil" FLAG-AGENCIA-FOMENTO="NAO" FLAG-INSTITUICAO-DE-ENSINO="SIM"/><INFORMACAO-ADICIONAL-INSTITUICAO CODIGO-INSTITUICAO="985600043211" SIGLA-INSTITUICAO="UNICARIOCA" SIGLA-UF-INSTITUICAO="RJ" SIGLA-PAIS-INSTITUICAO="BRA" NOME-PAIS-INSTITUICAO="Brasil" FLAG-AGENCIA-FOMENTO="NAO" FLAG-INSTITUICAO-DE-ENSINO="SIM"/><INFORMACAO-ADICIONAL-INSTITUICAO CODIGO-INSTITUICAO="985606880727" SIGLA-INSTITUICAO="CECIERJ" SIGLA-UF-INSTITUICAO="RJ" SIGLA-PAIS-INSTITUICAO="BRA" NOME-PAIS-INSTITUICAO="Brasil" FLAG-AGENCIA-FOMENTO="NAO" FLAG-INSTITUICAO-DE-ENSINO="SIM"/><INFORMACAO-ADICIONAL-INSTITUICAO CODIGO-INSTITUICAO="J52V00000002" SIGLA-INSTITUICAO="TELEFONICA" SIGLA-UF-INSTITUICAO="SP" SIGLA-PAIS-INSTITUICAO="BRA" NOME-PAIS-INSTITUICAO="Brasil" FLAG-AGENCIA-FOMENTO="NAO" FLAG-INSTITUICAO-DE-ENSINO="NAO"/><INFORMACAO-ADICIONAL-INSTITUICAO CODIGO-INSTITUICAO="J7BX00000002" SIGLA-INSTITUICAO="SME-PMVR" SIGLA-UF-INSTITUICAO="RJ" SIGLA-PAIS-INSTITUICAO="BRA" NOME-PAIS-INSTITUICAO="Brasil" FLAG-AGENCIA-FOMENTO="NAO" FLAG-INSTITUICAO-DE-ENSINO="NAO"/><INFORMACAO-ADICIONAL-INSTITUICAO CODIGO-INSTITUICAO="JCPM00000007" SIGLA-INSTITUICAO="FAETEC" SIGLA-UF-INSTITUICAO="RJ" SIGLA-PAIS-INSTITUICAO="BRA" NOME-PAIS-INSTITUICAO="Brasil" FLAG-AGENCIA-FOMENTO="NAO" FLAG-INSTITUICAO-DE-ENSINO="SIM"/><INFORMACAO-ADICIONAL-INSTITUICAO CODIGO-INSTITUICAO="JDEK00000002" SIGLA-INSTITUICAO="ITS" SIGLA-UF-INSTITUICAO="RJ" SIGLA-PAIS-INSTITUICAO="BRA" NOME-PAIS-INSTITUICAO="Brasil" FLAG-AGENCIA-FOMENTO="NAO" FLAG-INSTITUICAO-DE-ENSINO="SIM"/><INFORMACAO-ADICIONAL-INSTITUICAO CODIGO-INSTITUICAO="JGPW00000006" SIGLA-INSTITUICAO="MSTECH" SIGLA-UF-INSTITUICAO="SP" SIGLA-PAIS-INSTITUICAO="BRA" NOME-PAIS-INSTITUICAO="Brasil" FLAG-AGENCIA-FOMENTO="NAO" FLAG-INSTITUICAO-DE-ENSINO="NAO"/><INFORMACAO-ADICIONAL-INSTITUICAO CODIGO-INSTITUICAO="JIR500000002" SIGLA-INSTITUICAO="S_FORN" SIGLA-UF-INSTITUICAO="RJ" SIGLA-PAIS-INSTITUICAO="BRA" NOME-PAIS-INSTITUICAO="Brasil" FLAG-AGENCIA-FOMENTO="NAO" FLAG-INSTITUICAO-DE-ENSINO="NAO"/></INFORMACOES-ADICIONAIS-INSTITUICOES><INFORMACOES-ADICIONAIS-CURSOS><INFORMACAO-ADICIONAL-CURSO CODIGO-CURSO="90000000" CODIGO-ORGAO="" NOME-ORGAO="" CODIGO-INSTITUICAO="JDEK00000002" NOME-INSTITUICAO="Instituo Tecnológico Simonsen" NOME-GRANDE-AREA-DO-CONHECIMENTO="CIENCIAS_HUMANAS" NOME-DA-AREA-DO-CONHECIMENTO="História" NOME-DA-SUB-AREA-DO-CONHECIMENTO="" NOME-DA-ESPECIALIDADE="" NIVEL-CURSO="GRADUACAO"/><INFORMACAO-ADICIONAL-CURSO CODIGO-CURSO="90000001" CODIGO-ORGAO="" NOME-ORGAO="" CODIGO-INSTITUICAO="021100000005" NOME-INSTITUICAO="Universidade Federal Rural do Rio de Janeiro" NOME-GRANDE-AREA-DO-CONHECIMENTO="OUTROS" NOME-DA-AREA-DO-CONHECIMENTO="" NOME-DA-SUB-AREA-DO-CONHECIMENTO="" NOME-DA-ESPECIALIDADE="" NIVEL-CURSO="APERFEICOAMENTO"/><INFORMACAO-ADICIONAL-CURSO CODIGO-CURSO="90000002" CODIGO-ORGAO="" NOME-ORGAO="" CODIGO-INSTITUICAO="059100000002" NOME-INSTITUICAO="Universidade Federal de Itajubá" NOME-GRANDE-AREA-DO-CONHECIMENTO="OUTROS" NOME-DA-AREA-DO-CONHECIMENTO="Multidisciplinar" NOME-DA-SUB-AREA-DO-CONHECIMENTO="" NOME-DA-ESPECIALIDADE="" NIVEL-CURSO="APERFEICOAMENTO"/><INFORMACAO-ADICIONAL-CURSO CODIGO-CURSO="90000003" CODIGO-ORGAO="" NOME-ORGAO="" CODIGO-INSTITUICAO="000100000991" NOME-INSTITUICAO="DSRH - Diferencial Soluções em RH" NOME-GRANDE-AREA-DO-CONHECIMENTO="OUTROS" NOME-DA-AREA-DO-CONHECIMENTO="Multidisciplinar" NOME-DA-SUB-AREA-DO-CONHECIMENTO="" NOME-DA-ESPECIALIDADE="" NIVEL-CURSO="CURSO_DE_CURTA_DURACAO"/><INFORMACAO-ADICIONAL-CURSO CODIGO-CURSO="90000004" CODIGO-ORGAO="" NOME-ORGAO="" CODIGO-INSTITUICAO="000200000993" NOME-INSTITUICAO="Artesanato Educacional" NOME-GRANDE-AREA-DO-CONHECIMENTO="CIENCIAS_HUMANAS" NOME-DA-AREA-DO-CONHECIMENTO="Educação" NOME-DA-SUB-AREA-DO-CONHECIMENTO="Administração Educacional" NOME-DA-ESPECIALIDADE="" NIVEL-CURSO="CURSO_DE_CURTA_DURACAO"/><INFORMACAO-ADICIONAL-CURSO CODIGO-CURSO="90000005" CODIGO-ORGAO="" NOME-ORGAO="" CODIGO-INSTITUICAO="J52V00000002" NOME-INSTITUICAO="Fundação Telefônica" NOME-GRANDE-AREA-DO-CONHECIMENTO="CIENCIAS_HUMANAS" NOME-DA-AREA-DO-CONHECIMENTO="Educação" NOME-DA-SUB-AREA-DO-CONHECIMENTO="Ensino-Aprendizagem" NOME-DA-ESPECIALIDADE="" NIVEL-CURSO="CURSO_DE_CURTA_DURACAO"/><INFORMACAO-ADICIONAL-CURSO CODIGO-CURSO="90000006" CODIGO-ORGAO="" NOME-ORGAO="" CODIGO-INSTITUICAO="J52V00000002" NOME-INSTITUICAO="Fundação Telefônica" NOME-GRANDE-AREA-DO-CONHECIMENTO="OUTROS" NOME-DA-AREA-DO-CONHECIMENTO="" NOME-DA-SUB-AREA-DO-CONHECIMENTO="" NOME-DA-ESPECIALIDADE="" NIVEL-CURSO="CURSO_DE_CURTA_DURACAO"/><INFORMACAO-ADICIONAL-CURSO CODIGO-CURSO="90000007" CODIGO-ORGAO="" NOME-ORGAO="" CODIGO-INSTITUICAO="000300000995" NOME-INSTITUICAO="Projetos Pedagógicos Dinamicos" NOME-GRANDE-AREA-DO-CONHECIMENTO="CIENCIAS_HUMANAS" NOME-DA-AREA-DO-CONHECIMENTO="Educação" NOME-DA-SUB-AREA-DO-CONHECIMENTO="" NOME-DA-ESPECIALIDADE="" NIVEL-CURSO="CURSO_DE_CURTA_DURACAO"/><INFORMACAO-ADICIONAL-CURSO CODIGO-CURSO="90000008" CODIGO-ORGAO="" NOME-ORGAO="" CODIGO-INSTITUICAO="985606880727" NOME-INSTITUICAO="Fundação Centro de Ciências e Educação Superior à Distância do Estado do RJ" NOME-GRANDE-AREA-DO-CONHECIMENTO="CIENCIAS_HUMANAS" NOME-DA-AREA-DO-CONHECIMENTO="Educação" NOME-DA-SUB-AREA-DO-CONHECIMENTO="Administração Educacional" NOME-DA-ESPECIALIDADE="" NIVEL-CURSO="CURSO_DE_CURTA_DURACAO"/><INFORMACAO-ADICIONAL-CURSO CODIGO-CURSO="90000009" CODIGO-ORGAO="" NOME-ORGAO="" CODIGO-INSTITUICAO="000200000993" NOME-INSTITUICAO="Artesanato Educacional" NOME-GRANDE-AREA-DO-CONHECIMENTO="OUTROS" NOME-DA-AREA-DO-CONHECIMENTO="" NOME-DA-SUB-AREA-DO-CONHECIMENTO="" NOME-DA-ESPECIALIDADE="" NIVEL-CURSO="CURSO_DE_CURTA_DURACAO"/><INFORMACAO-ADICIONAL-CURSO CODIGO-CURSO="90000010" CODIGO-ORGAO="" NOME-ORGAO="" CODIGO-INSTITUICAO="985600043211" NOME-INSTITUICAO="Centro Universitário Carioca" NOME-GRANDE-AREA-DO-CONHECIMENTO="OUTROS" NOME-DA-AREA-DO-CONHECIMENTO="Multidisciplinar" NOME-DA-SUB-AREA-DO-CONHECIMENTO="NEUROCIÊNCIA E TECNOLOGIA" NOME-DA-ESPECIALIDADE="" NIVEL-CURSO="MESTRADO"/></INFORMACOES-ADICIONAIS-CURSOS></DADOS-COMPLEMENTARES><eventos/></CURRICULO-VITAE>