<CURRICULO-VITAE SISTEMA-ORIGEM-XML="LATTES_OFFLINE" NUMERO-IDENTIFICADOR="6535997534850566" FORMATO-DATA-ATUALIZACAO="DDMMAAAA" DATA-ATUALIZACAO="27062015" FORMATO-HORA-ATUALIZACAO="HHMMSS" HORA-ATUALIZACAO="133613"><DADOS-GERAIS NOME-COMPLETO="Carlos Alberto de Araujo Pinto" NOME-EM-CITACOES-BIBLIOGRAFICAS="PINTO, C. A. A." NACIONALIDADE="B" PAIS-DE-NASCIMENTO="Brasil" FORMATO-DATA-DE-NASCIMENTO="DDMMAAAA" FORMATO-DATA-DE-EMISSAO="DDMMAAAA" PERMISSAO-DE-DIVULGACAO="NAO" DATA-FALECIMENTO="" SIGLA-PAIS-NACIONALIDADE="BRA" PAIS-DE-NACIONALIDADE="Brasil"><RESUMO-CV TEXTO-RESUMO-CV-RH="Atualmente é Defensor Público do Estado do Rio de Janeiro. Mestre em Direito pela Universidade Gama Filho. Pós graduado em Direito Processual Civil pela Universidade Estácio de Sá. Professor de Direito Processual Civil e de Direito Civil da UNISUAM." TEXTO-RESUMO-CV-RH-EN="master's at Law from Universidade Gama Filho (2005)."/><OUTRAS-INFORMACOES-RELEVANTES OUTRAS-INFORMACOES-RELEVANTES=""/><ENDERECO FLAG-DE-PREFERENCIA="ENDERECO_RESIDENCIAL"><ENDERECO-PROFISSIONAL CODIGO-INSTITUICAO-EMPRESA="AT0600000007" NOME-INSTITUICAO-EMPRESA="Defensoria Publica Geral do Estado do Rio de Janeiro" CODIGO-ORGAO="" NOME-ORGAO="" CODIGO-UNIDADE="" NOME-UNIDADE="" LOGRADOURO-COMPLEMENTO="Av. Marechal Câmara 214" PAIS="Brasil" UF="RJ" CEP="20020000" CIDADE="Rio de Janeiro" BAIRRO="Centro" DDD="21" TELEFONE="28682100" RAMAL="236" FAX="" E-MAIL="caap@superig.com.br" HOME-PAGE=""/></ENDERECO><FORMACAO-ACADEMICA-TITULACAO><ESPECIALIZACAO SEQUENCIA-FORMACAO="2" NIVEL="2" TITULO-DA-MONOGRAFIA="Poder geral de Cautela" NOME-DO-ORIENTADOR="" CODIGO-INSTITUICAO="294800000006" NOME-INSTITUICAO="Universidade Estácio de Sá" CODIGO-CURSO="90000000" NOME-CURSO="Pós graduação Latu Sensu" STATUS-DO-CURSO="CONCLUIDO" ANO-DE-INICIO="1988" ANO-DE-CONCLUSAO="1989" FLAG-BOLSA="NAO" CODIGO-AGENCIA-FINANCIADORA="" NOME-AGENCIA="" CARGA-HORARIA="360" TITULO-DA-MONOGRAFIA-INGLES="" NOME-CURSO-INGLES=""/><MESTRADO SEQUENCIA-FORMACAO="1" NIVEL="3" CODIGO-INSTITUICAO="081200000000" NOME-INSTITUICAO="Universidade Gama Filho" CODIGO-CURSO="31050034" NOME-CURSO="Direito" CODIGO-AREA-CURSO="60100001" STATUS-DO-CURSO="CONCLUIDO" ANO-DE-INICIO="2003" ANO-DE-CONCLUSAO="2005" FLAG-BOLSA="NAO" CODIGO-AGENCIA-FINANCIADORA="" NOME-AGENCIA="" ANO-DE-OBTENCAO-DO-TITULO="2006" TITULO-DA-DISSERTACAO-TESE="A Tutela antecipada nos procediementos cíveis do ECA" NOME-COMPLETO-DO-ORIENTADOR="Leonardo Greco" TIPO-MESTRADO="" NUMERO-ID-ORIENTADOR="3750883476226971" CODIGO-CURSO-CAPES="31006019003P9" TITULO-DA-DISSERTACAO-TESE-INGLES="" NOME-CURSO-INGLES="Law" NOME-DO-CO-ORIENTADOR="" CODIGO-INSTITUICAO-DOUT="" NOME-INSTITUICAO-DOUT="" CODIGO-INSTITUICAO-OUTRA-DOUT="" NOME-INSTITUICAO-OUTRA-DOUT="" NOME-ORIENTADOR-DOUT=""><conceitoCapes/></MESTRADO></FORMACAO-ACADEMICA-TITULACAO><ATUACOES-PROFISSIONAIS><ATUACAO-PROFISSIONAL CODIGO-INSTITUICAO="081200000000" NOME-INSTITUICAO="Universidade Gama Filho" SEQUENCIA-ATIVIDADE="1" SEQUENCIA-IMPORTANCIA="2"><VINCULOS SEQUENCIA-HISTORICO="1" TIPO-DE-VINCULO="CELETISTA" ENQUADRAMENTO-FUNCIONAL="LIVRE" CARGA-HORARIA-SEMANAL="8" FLAG-DEDICACAO-EXCLUSIVA="NAO" MES-INICIO="08" ANO-INICIO="2005" MES-FIM="12" ANO-FIM="2008" OUTRAS-INFORMACOES="" FLAG-VINCULO-EMPREGATICIO="NAO" OUTRO-VINCULO-INFORMADO="" OUTRO-ENQUADRAMENTO-FUNCIONAL-INFORMADO="professor" OUTRO-ENQUADRAMENTO-FUNCIONAL-INFORMADO-INGLES="" OUTRAS-INFORMACOES-INGLES=""/><atividadesProfissionaisPlanificadas/></ATUACAO-PROFISSIONAL><ATUACAO-PROFISSIONAL CODIGO-INSTITUICAO="AT0600000007" NOME-INSTITUICAO="Defensoria Publica Geral do Estado do Rio de Janeiro" SEQUENCIA-ATIVIDADE="2" SEQUENCIA-IMPORTANCIA="1"><VINCULOS SEQUENCIA-HISTORICO="1" TIPO-DE-VINCULO="SERVIDOR_PUBLICO" ENQUADRAMENTO-FUNCIONAL="LIVRE" CARGA-HORARIA-SEMANAL="" FLAG-DEDICACAO-EXCLUSIVA="SIM" MES-INICIO="12" ANO-INICIO="1994" MES-FIM="" ANO-FIM="" OUTRAS-INFORMACOES="" FLAG-VINCULO-EMPREGATICIO="NAO" OUTRO-VINCULO-INFORMADO="" OUTRO-ENQUADRAMENTO-FUNCIONAL-INFORMADO="Defensor Público" OUTRO-ENQUADRAMENTO-FUNCIONAL-INFORMADO-INGLES="" OUTRAS-INFORMACOES-INGLES=""/><atividadesProfissionaisPlanificadas/></ATUACAO-PROFISSIONAL><ATUACAO-PROFISSIONAL CODIGO-INSTITUICAO="201900000008" NOME-INSTITUICAO="Centro Universitário Augusto Motta" SEQUENCIA-ATIVIDADE="3" SEQUENCIA-IMPORTANCIA="3"><VINCULOS SEQUENCIA-HISTORICO="1" TIPO-DE-VINCULO="CELETISTA" ENQUADRAMENTO-FUNCIONAL="LIVRE" CARGA-HORARIA-SEMANAL="12" FLAG-DEDICACAO-EXCLUSIVA="NAO" MES-INICIO="02" ANO-INICIO="2012" MES-FIM="" ANO-FIM="" OUTRAS-INFORMACOES="" FLAG-VINCULO-EMPREGATICIO="NAO" OUTRO-VINCULO-INFORMADO="" OUTRO-ENQUADRAMENTO-FUNCIONAL-INFORMADO="Professor Assistente" OUTRO-ENQUADRAMENTO-FUNCIONAL-INFORMADO-INGLES="" OUTRAS-INFORMACOES-INGLES=""/><atividadesProfissionaisPlanificadas/></ATUACAO-PROFISSIONAL></ATUACOES-PROFISSIONAIS><IDIOMAS><IDIOMA IDIOMA="IT" DESCRICAO-DO-IDIOMA="Italiano" PROFICIENCIA-DE-LEITURA="BEM" PROFICIENCIA-DE-FALA="RAZOAVELMENTE" PROFICIENCIA-DE-ESCRITA="RAZOAVELMENTE" PROFICIENCIA-DE-COMPREENSAO="BEM"/><IDIOMA IDIOMA="EN" DESCRICAO-DO-IDIOMA="Inglês" PROFICIENCIA-DE-LEITURA="BEM" PROFICIENCIA-DE-FALA="RAZOAVELMENTE" PROFICIENCIA-DE-ESCRITA="RAZOAVELMENTE" PROFICIENCIA-DE-COMPREENSAO="BEM"/></IDIOMAS><PREMIOS-TITULOS><PREMIO-TITULO NOME-DO-PREMIO-OU-TITULO="Moção de congratulação e agradecimento por serviços prestados" NOME-DA-ENTIDADE-PROMOTORA="Camara de Vereadores de São João de Meriti" ANO-DA-PREMIACAO="2001" NOME-DO-PREMIO-OU-TITULO-INGLES=""/></PREMIOS-TITULOS><staValidado/><dataExibicao/><dadosBolsista/></DADOS-GERAIS><PRODUCAO-BIBLIOGRAFICA><LIVROS-E-CAPITULOS><CAPITULOS-DE-LIVROS-PUBLICADOS><CAPITULO-DE-LIVRO-PUBLICADO SEQUENCIA-PRODUCAO="1"><DADOS-BASICOS-DO-CAPITULO TIPO="Capítulo de livro publicado" TITULO-DO-CAPITULO-DO-LIVRO="Celeridade judicial" ANO="2006" PAIS-DE-PUBLICACAO="Brasil" IDIOMA="Português" MEIO-DE-DIVULGACAO="IMPRESSO" HOME-PAGE-DO-TRABALHO="" FLAG-RELEVANCIA="SIM" DOI="" TITULO-DO-CAPITULO-DO-LIVRO-INGLES="" FLAG-DIVULGACAO-CIENTIFICA="NAO"/><DETALHAMENTO-DO-CAPITULO TITULO-DO-LIVRO="Direito Notarial e Registral" NUMERO-DE-VOLUMES="" PAGINA-INICIAL="17" PAGINA-FINAL="28" ISBN="" ORGANIZADORES="Vania Mara Nascimento Gonçalves" NUMERO-DA-EDICAO-REVISAO="" NUMERO-DA-SERIE="" CIDADE-DA-EDITORA="rio de janeiro" NOME-DA-EDITORA="Forense"/><AUTORES NOME-COMPLETO-DO-AUTOR="Carlos Alberto de Araujo Pinto" NOME-PARA-CITACAO="PINTO, C. A. A." ORDEM-DE-AUTORIA="1"/><INFORMACOES-ADICIONAIS DESCRICAO-INFORMACOES-ADICIONAIS="" DESCRICAO-INFORMACOES-ADICIONAIS-INGLES=""/></CAPITULO-DE-LIVRO-PUBLICADO><CAPITULO-DE-LIVRO-PUBLICADO SEQUENCIA-PRODUCAO="2"><DADOS-BASICOS-DO-CAPITULO TIPO="Capítulo de livro publicado" TITULO-DO-CAPITULO-DO-LIVRO="Responsabilidade civil das partes por dano processual" ANO="1998" PAIS-DE-PUBLICACAO="Brasil" IDIOMA="Português" MEIO-DE-DIVULGACAO="IMPRESSO" HOME-PAGE-DO-TRABALHO="" FLAG-RELEVANCIA="SIM" DOI="" TITULO-DO-CAPITULO-DO-LIVRO-INGLES="" FLAG-DIVULGACAO-CIENTIFICA="NAO"/><DETALHAMENTO-DO-CAPITULO TITULO-DO-LIVRO="Revista de Direito da Defnsoria Pública do Estado do Rio de Janeiro" NUMERO-DE-VOLUMES="13" PAGINA-INICIAL="167" PAGINA-FINAL="182" ISBN="" ORGANIZADORES="Defensoria Pública" NUMERO-DA-EDICAO-REVISAO="" NUMERO-DA-SERIE="" CIDADE-DA-EDITORA="" NOME-DA-EDITORA=""/><AUTORES NOME-COMPLETO-DO-AUTOR="Carlos Alberto de Araujo Pinto" NOME-PARA-CITACAO="PINTO, C. A. A." ORDEM-DE-AUTORIA="1"/><INFORMACOES-ADICIONAIS DESCRICAO-INFORMACOES-ADICIONAIS="" DESCRICAO-INFORMACOES-ADICIONAIS-INGLES=""/></CAPITULO-DE-LIVRO-PUBLICADO><CAPITULO-DE-LIVRO-PUBLICADO SEQUENCIA-PRODUCAO="3"><DADOS-BASICOS-DO-CAPITULO TIPO="Capítulo de livro publicado" TITULO-DO-CAPITULO-DO-LIVRO="Responsabilidade civil do empregador na ação de alimentos" ANO="1999" PAIS-DE-PUBLICACAO="Brasil" IDIOMA="Português" MEIO-DE-DIVULGACAO="IMPRESSO" HOME-PAGE-DO-TRABALHO="" FLAG-RELEVANCIA="SIM" DOI="" TITULO-DO-CAPITULO-DO-LIVRO-INGLES="" FLAG-DIVULGACAO-CIENTIFICA="NAO"/><DETALHAMENTO-DO-CAPITULO TITULO-DO-LIVRO="Revista de Direito do Tribunal de Justiça do Estado do Rio de Janeiro" NUMERO-DE-VOLUMES="40" PAGINA-INICIAL="59" PAGINA-FINAL="65" ISBN="" ORGANIZADORES="Tribunal de Justiça" NUMERO-DA-EDICAO-REVISAO="" NUMERO-DA-SERIE="" CIDADE-DA-EDITORA="Rio de Janeiro" NOME-DA-EDITORA="Espaço Jurídico"/><AUTORES NOME-COMPLETO-DO-AUTOR="Carlos Alberto de Araujo Pinto" NOME-PARA-CITACAO="PINTO, C. A. A." ORDEM-DE-AUTORIA="1"/><INFORMACOES-ADICIONAIS DESCRICAO-INFORMACOES-ADICIONAIS="" DESCRICAO-INFORMACOES-ADICIONAIS-INGLES=""/></CAPITULO-DE-LIVRO-PUBLICADO></CAPITULOS-DE-LIVROS-PUBLICADOS></LIVROS-E-CAPITULOS></PRODUCAO-BIBLIOGRAFICA><PRODUCAO-TECNICA><DEMAIS-TIPOS-DE-PRODUCAO-TECNICA><APRESENTACAO-DE-TRABALHO SEQUENCIA-PRODUCAO="10"><DADOS-BASICOS-DA-APRESENTACAO-DE-TRABALHO NATUREZA="CONFERENCIA" TITULO="A livre iciativa e a atividade econômica como garantia constitucional" ANO="2014" PAIS="Brasil" IDIOMA="Português" FLAG-RELEVANCIA="NAO" TITULO-INGLES="" FLAG-DIVULGACAO-CIENTIFICA="NAO"/><DETALHAMENTO-DA-APRESENTACAO-DE-TRABALHO NOME-DO-EVENTO="40 anos de ensino jurídico na Unisuam: O direito como meio da construção da cidadania e reafirmação dos direitos fundamentais" INSTITUICAO-PROMOTORA="Unisuam" LOCAL-DA-APRESENTACAO="Rio de Janeiro" CIDADE-DA-APRESENTACAO="Rio de Janeiro" NOME-DO-EVENTO-INGLES=""/><AUTORES NOME-COMPLETO-DO-AUTOR="Carlos Alberto de Araujo Pinto" NOME-PARA-CITACAO="PINTO, C. A. A." ORDEM-DE-AUTORIA="1"/><AREAS-DO-CONHECIMENTO><AREA-DO-CONHECIMENTO-1 NOME-GRANDE-AREA-DO-CONHECIMENTO="CIENCIAS_SOCIAIS_APLICADAS" NOME-DA-AREA-DO-CONHECIMENTO="Direito" NOME-DA-SUB-AREA-DO-CONHECIMENTO="Direito Público" NOME-DA-ESPECIALIDADE="Direito Constitucional"/></AREAS-DO-CONHECIMENTO><SETORES-DE-ATIVIDADE SETOR-DE-ATIVIDADE-1="Atividades jurídicas, de contabilidade e de auditoria" SETOR-DE-ATIVIDADE-2="" SETOR-DE-ATIVIDADE-3=""/><INFORMACOES-ADICIONAIS DESCRICAO-INFORMACOES-ADICIONAIS="" DESCRICAO-INFORMACOES-ADICIONAIS-INGLES=""/></APRESENTACAO-DE-TRABALHO><APRESENTACAO-DE-TRABALHO SEQUENCIA-PRODUCAO="11"><DADOS-BASICOS-DA-APRESENTACAO-DE-TRABALHO NATUREZA="CONFERENCIA" TITULO="A Aplicação do Código de Defesa do Consumidor na prestação de serviço público" ANO="2015" PAIS="Brasil" IDIOMA="Português" FLAG-RELEVANCIA="NAO" TITULO-INGLES="" FLAG-DIVULGACAO-CIENTIFICA="NAO"/><DETALHAMENTO-DA-APRESENTACAO-DE-TRABALHO NOME-DO-EVENTO="" INSTITUICAO-PROMOTORA="" LOCAL-DA-APRESENTACAO="" CIDADE-DA-APRESENTACAO="" NOME-DO-EVENTO-INGLES=""/><AUTORES NOME-COMPLETO-DO-AUTOR="Carlos Alberto de Araujo Pinto" NOME-PARA-CITACAO="PINTO, C. A. A." ORDEM-DE-AUTORIA="1"/><AREAS-DO-CONHECIMENTO><AREA-DO-CONHECIMENTO-1 NOME-GRANDE-AREA-DO-CONHECIMENTO="CIENCIAS_SOCIAIS_APLICADAS" NOME-DA-AREA-DO-CONHECIMENTO="Direito" NOME-DA-SUB-AREA-DO-CONHECIMENTO="Direitos Especiais" NOME-DA-ESPECIALIDADE=""/></AREAS-DO-CONHECIMENTO><INFORMACOES-ADICIONAIS DESCRICAO-INFORMACOES-ADICIONAIS="" DESCRICAO-INFORMACOES-ADICIONAIS-INGLES=""/></APRESENTACAO-DE-TRABALHO></DEMAIS-TIPOS-DE-PRODUCAO-TECNICA></PRODUCAO-TECNICA><DADOS-COMPLEMENTARES><PARTICIPACAO-EM-BANCA-TRABALHOS-CONCLUSAO><PARTICIPACAO-EM-BANCA-DE-GRADUACAO SEQUENCIA-PRODUCAO="4"><DADOS-BASICOS-DA-PARTICIPACAO-EM-BANCA-DE-GRADUACAO NATUREZA="Graduação" TITULO="Responsabilidade civil por abandono afetivo" ANO="2012" PAIS="Brasil" IDIOMA="Português" HOME-PAGE="" DOI="" TITULO-INGLES=""/><DETALHAMENTO-DA-PARTICIPACAO-EM-BANCA-DE-GRADUACAO NOME-DO-CANDIDATO="Vivian Cassiano Machado" CODIGO-INSTITUICAO="201900000008" NOME-INSTITUICAO="Centro Universitário Augusto Motta" CODIGO-CURSO="60244720" NOME-CURSO="Direito" NOME-CURSO-INGLES=""/><PARTICIPANTE-BANCA NOME-COMPLETO-DO-PARTICIPANTE-DA-BANCA="Francisco A. L. Moura" NOME-PARA-CITACAO-DO-PARTICIPANTE-DA-BANCA="MOURA, F. A. L." ORDEM-PARTICIPANTE="2" NRO-ID-CNPQ=""/><PARTICIPANTE-BANCA NOME-COMPLETO-DO-PARTICIPANTE-DA-BANCA="Lidia Caldeira Lustosa" NOME-PARA-CITACAO-DO-PARTICIPANTE-DA-BANCA="LUSTOSA, L. C." ORDEM-PARTICIPANTE="3" NRO-ID-CNPQ=""/><PARTICIPANTE-BANCA NOME-COMPLETO-DO-PARTICIPANTE-DA-BANCA="Carlos Alberto de Araujo Pinto" NOME-PARA-CITACAO-DO-PARTICIPANTE-DA-BANCA="PINTO, C. A. A." ORDEM-PARTICIPANTE="1"/><INFORMACOES-ADICIONAIS DESCRICAO-INFORMACOES-ADICIONAIS="" DESCRICAO-INFORMACOES-ADICIONAIS-INGLES=""/></PARTICIPACAO-EM-BANCA-DE-GRADUACAO><PARTICIPACAO-EM-BANCA-DE-GRADUACAO SEQUENCIA-PRODUCAO="5"><DADOS-BASICOS-DA-PARTICIPACAO-EM-BANCA-DE-GRADUACAO NATUREZA="Graduação" TITULO="Da responsabilidade civil das operadoras de saúde" ANO="2012" PAIS="Brasil" IDIOMA="Português" HOME-PAGE="" DOI="" TITULO-INGLES=""/><DETALHAMENTO-DA-PARTICIPACAO-EM-BANCA-DE-GRADUACAO NOME-DO-CANDIDATO="Anderson Rocha da Silva" CODIGO-INSTITUICAO="201900000008" NOME-INSTITUICAO="Centro Universitário Augusto Motta" CODIGO-CURSO="60244720" NOME-CURSO="Direito" NOME-CURSO-INGLES=""/><PARTICIPANTE-BANCA NOME-COMPLETO-DO-PARTICIPANTE-DA-BANCA="LUSTOSA, L. C." NOME-PARA-CITACAO-DO-PARTICIPANTE-DA-BANCA="Lidia Caldeira Lustosa" ORDEM-PARTICIPANTE="1" NRO-ID-CNPQ=""/><PARTICIPANTE-BANCA NOME-COMPLETO-DO-PARTICIPANTE-DA-BANCA="LUIZ, Ana Maria Cerqueira" NOME-PARA-CITACAO-DO-PARTICIPANTE-DA-BANCA="Ana Maria Cerqueira Luiz" ORDEM-PARTICIPANTE="2" NRO-ID-CNPQ=""/><PARTICIPANTE-BANCA NOME-COMPLETO-DO-PARTICIPANTE-DA-BANCA="Carlos Alberto de Araujo Pinto" NOME-PARA-CITACAO-DO-PARTICIPANTE-DA-BANCA="PINTO, C. A. A." ORDEM-PARTICIPANTE="3"/><INFORMACOES-ADICIONAIS DESCRICAO-INFORMACOES-ADICIONAIS="" DESCRICAO-INFORMACOES-ADICIONAIS-INGLES=""/></PARTICIPACAO-EM-BANCA-DE-GRADUACAO><PARTICIPACAO-EM-BANCA-DE-GRADUACAO SEQUENCIA-PRODUCAO="6"><DADOS-BASICOS-DA-PARTICIPACAO-EM-BANCA-DE-GRADUACAO NATUREZA="Graduação" TITULO="Alienação Parental versus guarda compartilhada" ANO="2012" PAIS="Brasil" IDIOMA="Português" HOME-PAGE="" DOI="" TITULO-INGLES=""/><DETALHAMENTO-DA-PARTICIPACAO-EM-BANCA-DE-GRADUACAO NOME-DO-CANDIDATO="Fabiana Matos Ximenes Albuquerque" CODIGO-INSTITUICAO="201900000008" NOME-INSTITUICAO="Centro Universitário Augusto Motta" CODIGO-CURSO="60244720" NOME-CURSO="Direito" NOME-CURSO-INGLES=""/><PARTICIPANTE-BANCA NOME-COMPLETO-DO-PARTICIPANTE-DA-BANCA="LUSTOSA, L. C." NOME-PARA-CITACAO-DO-PARTICIPANTE-DA-BANCA="Lidia Caldeira Lustosa" ORDEM-PARTICIPANTE="2" NRO-ID-CNPQ=""/><PARTICIPANTE-BANCA NOME-COMPLETO-DO-PARTICIPANTE-DA-BANCA="LUIZ, Ana Maria Cerqueira" NOME-PARA-CITACAO-DO-PARTICIPANTE-DA-BANCA="Ana Maria Cerqueira Luiz" ORDEM-PARTICIPANTE="3" NRO-ID-CNPQ=""/><PARTICIPANTE-BANCA NOME-COMPLETO-DO-PARTICIPANTE-DA-BANCA="Carlos Alberto de Araujo Pinto" NOME-PARA-CITACAO-DO-PARTICIPANTE-DA-BANCA="PINTO, C. A. A." ORDEM-PARTICIPANTE="1"/><INFORMACOES-ADICIONAIS DESCRICAO-INFORMACOES-ADICIONAIS="" DESCRICAO-INFORMACOES-ADICIONAIS-INGLES=""/></PARTICIPACAO-EM-BANCA-DE-GRADUACAO><PARTICIPACAO-EM-BANCA-DE-GRADUACAO SEQUENCIA-PRODUCAO="7"><DADOS-BASICOS-DA-PARTICIPACAO-EM-BANCA-DE-GRADUACAO NATUREZA="Graduação" TITULO="O poder familiar sob tutela dfo Estatuto da Criança e do Adolescente" ANO="2012" PAIS="Brasil" IDIOMA="Português" HOME-PAGE="" DOI="" TITULO-INGLES=""/><DETALHAMENTO-DA-PARTICIPACAO-EM-BANCA-DE-GRADUACAO NOME-DO-CANDIDATO="Marco Antonio Miranda Emilio" CODIGO-INSTITUICAO="201900000008" NOME-INSTITUICAO="Centro Universitário Augusto Motta" CODIGO-CURSO="60244720" NOME-CURSO="Direito" NOME-CURSO-INGLES=""/><PARTICIPANTE-BANCA NOME-COMPLETO-DO-PARTICIPANTE-DA-BANCA="LUSTOSA, Lidia Caldeira" NOME-PARA-CITACAO-DO-PARTICIPANTE-DA-BANCA="Lidia Caldeira" ORDEM-PARTICIPANTE="1" NRO-ID-CNPQ=""/><PARTICIPANTE-BANCA NOME-COMPLETO-DO-PARTICIPANTE-DA-BANCA="LUIZ, Ana Maria Cerqueira" NOME-PARA-CITACAO-DO-PARTICIPANTE-DA-BANCA="Ana Maria Cerqueira Luiz" ORDEM-PARTICIPANTE="3" NRO-ID-CNPQ=""/><PARTICIPANTE-BANCA NOME-COMPLETO-DO-PARTICIPANTE-DA-BANCA="Carlos Alberto de Araujo Pinto" NOME-PARA-CITACAO-DO-PARTICIPANTE-DA-BANCA="PINTO, C. A. A." ORDEM-PARTICIPANTE="2"/><INFORMACOES-ADICIONAIS DESCRICAO-INFORMACOES-ADICIONAIS="" DESCRICAO-INFORMACOES-ADICIONAIS-INGLES=""/></PARTICIPACAO-EM-BANCA-DE-GRADUACAO><PARTICIPACAO-EM-BANCA-DE-GRADUACAO SEQUENCIA-PRODUCAO="8"><DADOS-BASICOS-DA-PARTICIPACAO-EM-BANCA-DE-GRADUACAO NATUREZA="Graduação" TITULO="A constitucionalidade da internação compulsória para usuarios de crack" ANO="2014" PAIS="Brasil" IDIOMA="Português" HOME-PAGE="" DOI="" TITULO-INGLES=""/><DETALHAMENTO-DA-PARTICIPACAO-EM-BANCA-DE-GRADUACAO NOME-DO-CANDIDATO="Vanderlei Marques da silva" CODIGO-INSTITUICAO="201900000008" NOME-INSTITUICAO="Centro Universitário Augusto Motta" CODIGO-CURSO="60244720" NOME-CURSO="Direito" NOME-CURSO-INGLES=""/><PARTICIPANTE-BANCA NOME-COMPLETO-DO-PARTICIPANTE-DA-BANCA="Marcio Rodrigues de Oliveira" NOME-PARA-CITACAO-DO-PARTICIPANTE-DA-BANCA="OLIVEIRA, M. R." ORDEM-PARTICIPANTE="2" NRO-ID-CNPQ=""/><PARTICIPANTE-BANCA NOME-COMPLETO-DO-PARTICIPANTE-DA-BANCA="João Ricardo de Oliveira" NOME-PARA-CITACAO-DO-PARTICIPANTE-DA-BANCA="OLIVEIRA, J. R." ORDEM-PARTICIPANTE="3" NRO-ID-CNPQ=""/><PARTICIPANTE-BANCA NOME-COMPLETO-DO-PARTICIPANTE-DA-BANCA="Carlos Alberto de Araujo Pinto" NOME-PARA-CITACAO-DO-PARTICIPANTE-DA-BANCA="PINTO, C. A. A." ORDEM-PARTICIPANTE="1"/><AREAS-DO-CONHECIMENTO><AREA-DO-CONHECIMENTO-1 NOME-GRANDE-AREA-DO-CONHECIMENTO="CIENCIAS_SOCIAIS_APLICADAS" NOME-DA-AREA-DO-CONHECIMENTO="Direito" NOME-DA-SUB-AREA-DO-CONHECIMENTO="Direito Público" NOME-DA-ESPECIALIDADE="Direito Constitucional"/></AREAS-DO-CONHECIMENTO><SETORES-DE-ATIVIDADE SETOR-DE-ATIVIDADE-1="Atividades jurídicas, de contabilidade e de auditoria" SETOR-DE-ATIVIDADE-2="" SETOR-DE-ATIVIDADE-3=""/><INFORMACOES-ADICIONAIS DESCRICAO-INFORMACOES-ADICIONAIS="" DESCRICAO-INFORMACOES-ADICIONAIS-INGLES=""/></PARTICIPACAO-EM-BANCA-DE-GRADUACAO><PARTICIPACAO-EM-BANCA-DE-GRADUACAO SEQUENCIA-PRODUCAO="9"><DADOS-BASICOS-DA-PARTICIPACAO-EM-BANCA-DE-GRADUACAO NATUREZA="Graduação" TITULO="Tombamento como instituto de proteção do patrimônio histórico, artístico e cultural" ANO="2014" PAIS="Brasil" IDIOMA="Português" HOME-PAGE="" DOI="" TITULO-INGLES=""/><DETALHAMENTO-DA-PARTICIPACAO-EM-BANCA-DE-GRADUACAO NOME-DO-CANDIDATO="Tarcia de Fátima Esteves Baddauy" CODIGO-INSTITUICAO="201900000008" NOME-INSTITUICAO="Centro Universitário Augusto Motta" CODIGO-CURSO="60244720" NOME-CURSO="Direito" NOME-CURSO-INGLES=""/><PARTICIPANTE-BANCA NOME-COMPLETO-DO-PARTICIPANTE-DA-BANCA="Francisco A. L. Moura" NOME-PARA-CITACAO-DO-PARTICIPANTE-DA-BANCA="MOURA, F. A. L." ORDEM-PARTICIPANTE="2" NRO-ID-CNPQ=""/><PARTICIPANTE-BANCA NOME-COMPLETO-DO-PARTICIPANTE-DA-BANCA="LUIZ, Ana Maria Cerqueira" NOME-PARA-CITACAO-DO-PARTICIPANTE-DA-BANCA="Ana Maria Cerqueira Luiz" ORDEM-PARTICIPANTE="3" NRO-ID-CNPQ=""/><PARTICIPANTE-BANCA NOME-COMPLETO-DO-PARTICIPANTE-DA-BANCA="Carlos Alberto de Araujo Pinto" NOME-PARA-CITACAO-DO-PARTICIPANTE-DA-BANCA="PINTO, C. A. A." ORDEM-PARTICIPANTE="1"/><AREAS-DO-CONHECIMENTO><AREA-DO-CONHECIMENTO-1 NOME-GRANDE-AREA-DO-CONHECIMENTO="CIENCIAS_SOCIAIS_APLICADAS" NOME-DA-AREA-DO-CONHECIMENTO="Direito" NOME-DA-SUB-AREA-DO-CONHECIMENTO="Direito Público" NOME-DA-ESPECIALIDADE="Direito Administrativo"/></AREAS-DO-CONHECIMENTO><SETORES-DE-ATIVIDADE SETOR-DE-ATIVIDADE-1="Atividades jurídicas, de contabilidade e de auditoria" SETOR-DE-ATIVIDADE-2="" SETOR-DE-ATIVIDADE-3=""/><INFORMACOES-ADICIONAIS DESCRICAO-INFORMACOES-ADICIONAIS="" DESCRICAO-INFORMACOES-ADICIONAIS-INGLES=""/></PARTICIPACAO-EM-BANCA-DE-GRADUACAO></PARTICIPACAO-EM-BANCA-TRABALHOS-CONCLUSAO><INFORMACOES-ADICIONAIS-INSTITUICOES><INFORMACAO-ADICIONAL-INSTITUICAO CODIGO-INSTITUICAO="081200000000" SIGLA-INSTITUICAO="UGF" SIGLA-UF-INSTITUICAO="RJ" SIGLA-PAIS-INSTITUICAO="BRA" NOME-PAIS-INSTITUICAO="Brasil" FLAG-AGENCIA-FOMENTO="NAO" FLAG-INSTITUICAO-DE-ENSINO="SIM"/><INFORMACAO-ADICIONAL-INSTITUICAO CODIGO-INSTITUICAO="201900000008" SIGLA-INSTITUICAO="UNISUAM" SIGLA-UF-INSTITUICAO="RJ" SIGLA-PAIS-INSTITUICAO="BRA" NOME-PAIS-INSTITUICAO="Brasil" FLAG-AGENCIA-FOMENTO="NAO" FLAG-INSTITUICAO-DE-ENSINO="SIM"/><INFORMACAO-ADICIONAL-INSTITUICAO CODIGO-INSTITUICAO="294800000006" SIGLA-INSTITUICAO="UNESA" SIGLA-UF-INSTITUICAO="RJ" SIGLA-PAIS-INSTITUICAO="BRA" NOME-PAIS-INSTITUICAO="Brasil" FLAG-AGENCIA-FOMENTO="NAO" FLAG-INSTITUICAO-DE-ENSINO="SIM"/><INFORMACAO-ADICIONAL-INSTITUICAO CODIGO-INSTITUICAO="AT0600000007" SIGLA-INSTITUICAO="DPGERJ" SIGLA-UF-INSTITUICAO="RJ" SIGLA-PAIS-INSTITUICAO="BRA" NOME-PAIS-INSTITUICAO="Brasil" FLAG-AGENCIA-FOMENTO="NAO" FLAG-INSTITUICAO-DE-ENSINO="SIM"/></INFORMACOES-ADICIONAIS-INSTITUICOES><INFORMACOES-ADICIONAIS-CURSOS><INFORMACAO-ADICIONAL-CURSO CODIGO-CURSO="31050034" CODIGO-ORGAO="" NOME-ORGAO="" CODIGO-INSTITUICAO="081200000000" NOME-INSTITUICAO="Universidade Gama Filho" NOME-GRANDE-AREA-DO-CONHECIMENTO="CIENCIAS_SOCIAIS_APLICADAS" NOME-DA-AREA-DO-CONHECIMENTO="Direito" NOME-DA-SUB-AREA-DO-CONHECIMENTO="" NOME-DA-ESPECIALIDADE="" NIVEL-CURSO="MESTRADO_DOUTORADO"/><INFORMACAO-ADICIONAL-CURSO CODIGO-CURSO="60244720" CODIGO-ORGAO="" NOME-ORGAO="" CODIGO-INSTITUICAO="201900000008" NOME-INSTITUICAO="Centro Universitário Augusto Motta" NOME-GRANDE-AREA-DO-CONHECIMENTO="OUTROS" NOME-DA-AREA-DO-CONHECIMENTO="" NOME-DA-SUB-AREA-DO-CONHECIMENTO="" NOME-DA-ESPECIALIDADE="" NIVEL-CURSO="GRADUACAO"/><INFORMACAO-ADICIONAL-CURSO CODIGO-CURSO="90000000" CODIGO-ORGAO="" NOME-ORGAO="" CODIGO-INSTITUICAO="294800000006" NOME-INSTITUICAO="Universidade Estácio de Sá" NOME-GRANDE-AREA-DO-CONHECIMENTO="CIENCIAS_SOCIAIS_APLICADAS" NOME-DA-AREA-DO-CONHECIMENTO="Direito" NOME-DA-SUB-AREA-DO-CONHECIMENTO="Direito Público" NOME-DA-ESPECIALIDADE="Direito Processual Civil" NIVEL-CURSO="APERFEICOAMENTO"/></INFORMACOES-ADICIONAIS-CURSOS></DADOS-COMPLEMENTARES><eventos/></CURRICULO-VITAE>