<CURRICULO-VITAE SISTEMA-ORIGEM-XML="LATTES_OFFLINE" NUMERO-IDENTIFICADOR="8830057861752585" FORMATO-DATA-ATUALIZACAO="DDMMAAAA" DATA-ATUALIZACAO="18122016" FORMATO-HORA-ATUALIZACAO="HHMMSS" HORA-ATUALIZACAO="211241"><DADOS-GERAIS NOME-COMPLETO="Roberto Cruz da Silva" NOME-EM-CITACOES-BIBLIOGRAFICAS="SILVA, R. C." NACIONALIDADE="B" PAIS-DE-NASCIMENTO="Brasil" FORMATO-DATA-DE-NASCIMENTO="DDMMAAAA" FORMATO-DATA-DE-EMISSAO="DDMMAAAA" PERMISSAO-DE-DIVULGACAO="NAO" DATA-FALECIMENTO="" SIGLA-PAIS-NACIONALIDADE="BRA" PAIS-DE-NACIONALIDADE="Brasil"><RESUMO-CV TEXTO-RESUMO-CV-RH="Mestrando em Engenharia Nuclear (UFRJ), Graduado em História pelo Centro Universitário Augusto Motta, Física e Matemática pela Universidade do Sul de Minas. Pós Graduado em Física, Matemática e Gestão e Formação Pedagógica em: Administração, Inspeção, Orientação e Supervisão, Curso Técnico em Mecânica e Eletrotécnica. experiência 20 anos na área e no ensino em: usinagem, Metrologia, Física I, Eletrotécnica e laboratório de eletrotécnica /eletricidade." TEXTO-RESUMO-CV-RH-EN=""/><ENDERECO FLAG-DE-PREFERENCIA="ENDERECO_RESIDENCIAL"><ENDERECO-PROFISSIONAL CODIGO-INSTITUICAO-EMPRESA="" NOME-INSTITUICAO-EMPRESA="" CODIGO-ORGAO="" NOME-ORGAO="" CODIGO-UNIDADE="" NOME-UNIDADE="" LOGRADOURO-COMPLEMENTO="" PAIS="" UF="" CEP="" CIDADE="" BAIRRO="" DDD="" TELEFONE="" RAMAL="" FAX="" E-MAIL="robertofisica2012@hotmail.com" HOME-PAGE=""/></ENDERECO><FORMACAO-ACADEMICA-TITULACAO><GRADUACAO SEQUENCIA-FORMACAO="1" NIVEL="1" TITULO-DO-TRABALHO-DE-CONCLUSAO-DE-CURSO="A Importância do Marquês de Tamandaré na Consolidação do Império" NOME-DO-ORIENTADOR="Rubenita Vieira Martins" CODIGO-INSTITUICAO="201900000008" NOME-INSTITUICAO="Centro Universitário Augusto Motta" CODIGO-ORGAO="" NOME-ORGAO="" CODIGO-CURSO="90000000" NOME-CURSO="História" CODIGO-AREA-CURSO="90000000" STATUS-DO-CURSO="CONCLUIDO" ANO-DE-INICIO="2006" ANO-DE-CONCLUSAO="2008" FLAG-BOLSA="NAO" CODIGO-AGENCIA-FINANCIADORA="" NOME-AGENCIA="" NUMERO-ID-ORIENTADOR="" CODIGO-CURSO-CAPES="" TITULO-DO-TRABALHO-DE-CONCLUSAO-DE-CURSO-INGLES="" NOME-CURSO-INGLES="" FORMACAO-ACADEMICA-TITULACAO="" TIPO-GRADUACAO="" CODIGO-INSTITUICAO-GRAD="" NOME-INSTITUICAO-GRAD="" CODIGO-INSTITUICAO-OUTRA-GRAD="" NOME-INSTITUICAO-OUTRA-GRAD="" NOME-ORIENTADOR-GRAD=""/><GRADUACAO SEQUENCIA-FORMACAO="3" NIVEL="1" TITULO-DO-TRABALHO-DE-CONCLUSAO-DE-CURSO="" NOME-DO-ORIENTADOR="" CODIGO-INSTITUICAO="451000000000" NOME-INSTITUICAO="Centro Universitário do Sul de Minas" CODIGO-ORGAO="" NOME-ORGAO="" CODIGO-CURSO="60426241" NOME-CURSO="Matemática" CODIGO-AREA-CURSO="" STATUS-DO-CURSO="CONCLUIDO" ANO-DE-INICIO="2010" ANO-DE-CONCLUSAO="2013" FLAG-BOLSA="NAO" CODIGO-AGENCIA-FINANCIADORA="" NOME-AGENCIA="" NUMERO-ID-ORIENTADOR="" CODIGO-CURSO-CAPES="100620" TITULO-DO-TRABALHO-DE-CONCLUSAO-DE-CURSO-INGLES="" NOME-CURSO-INGLES="" FORMACAO-ACADEMICA-TITULACAO="" TIPO-GRADUACAO="N" CODIGO-INSTITUICAO-GRAD="" NOME-INSTITUICAO-GRAD="" CODIGO-INSTITUICAO-OUTRA-GRAD="" NOME-INSTITUICAO-OUTRA-GRAD="" NOME-ORIENTADOR-GRAD=""/><GRADUACAO SEQUENCIA-FORMACAO="2" NIVEL="1" TITULO-DO-TRABALHO-DE-CONCLUSAO-DE-CURSO="" NOME-DO-ORIENTADOR="" CODIGO-INSTITUICAO="451000000000" NOME-INSTITUICAO="Centro Universitário do Sul de Minas" CODIGO-ORGAO="" NOME-ORGAO="" CODIGO-CURSO="60376570" NOME-CURSO="Física" CODIGO-AREA-CURSO="" STATUS-DO-CURSO="CONCLUIDO" ANO-DE-INICIO="2010" ANO-DE-CONCLUSAO="2012" FLAG-BOLSA="NAO" CODIGO-AGENCIA-FINANCIADORA="" NOME-AGENCIA="" NUMERO-ID-ORIENTADOR="" CODIGO-CURSO-CAPES="100674" TITULO-DO-TRABALHO-DE-CONCLUSAO-DE-CURSO-INGLES="" NOME-CURSO-INGLES="" FORMACAO-ACADEMICA-TITULACAO="" TIPO-GRADUACAO="N" CODIGO-INSTITUICAO-GRAD="" NOME-INSTITUICAO-GRAD="" CODIGO-INSTITUICAO-OUTRA-GRAD="" NOME-INSTITUICAO-OUTRA-GRAD="" NOME-ORIENTADOR-GRAD=""/><ESPECIALIZACAO SEQUENCIA-FORMACAO="8" NIVEL="2" TITULO-DA-MONOGRAFIA="Aplicações práticas do diodo a Laser" NOME-DO-ORIENTADOR="Sarah Aparecida da Cruz." CODIGO-INSTITUICAO="451000000000" NOME-INSTITUICAO="Centro Universitário do Sul de Minas" CODIGO-ORGAO="" NOME-ORGAO="" CODIGO-CURSO="90000006" NOME-CURSO="Ensino de Matemática e Física" STATUS-DO-CURSO="CONCLUIDO" ANO-DE-INICIO="2013" ANO-DE-CONCLUSAO="2014" FLAG-BOLSA="NAO" CODIGO-AGENCIA-FINANCIADORA="" NOME-AGENCIA="" CARGA-HORARIA="460" TITULO-DA-MONOGRAFIA-INGLES="" NOME-CURSO-INGLES=""/><ESPECIALIZACAO SEQUENCIA-FORMACAO="7" NIVEL="2" TITULO-DA-MONOGRAFIA="EDUCAÇÃO SEXUAL E SUA IMPOTÂNCIA NA VIDA DO ADOLESCENTE" NOME-DO-ORIENTADOR="Sarah Aparecida da Cruz" CODIGO-INSTITUICAO="451000000000" NOME-INSTITUICAO="Centro Universitário do Sul de Minas" CODIGO-ORGAO="" NOME-ORGAO="" CODIGO-CURSO="90000002" NOME-CURSO="Gestao e Formação Pedagógica em: Administração, In" STATUS-DO-CURSO="CONCLUIDO" ANO-DE-INICIO="2014" ANO-DE-CONCLUSAO="2015" FLAG-BOLSA="NAO" CODIGO-AGENCIA-FINANCIADORA="" NOME-AGENCIA="" CARGA-HORARIA="720" TITULO-DA-MONOGRAFIA-INGLES="" NOME-CURSO-INGLES=""/><MESTRADO SEQUENCIA-FORMACAO="9" NIVEL="3" CODIGO-INSTITUICAO="020200000009" NOME-INSTITUICAO="Universidade Federal do Rio de Janeiro" CODIGO-ORGAO="" NOME-ORGAO="" CODIGO-CURSO="60033703" NOME-CURSO="Engenharia Nuclear" CODIGO-AREA-CURSO="" STATUS-DO-CURSO="EM_ANDAMENTO" ANO-DE-INICIO="2016" ANO-DE-CONCLUSAO="" FLAG-BOLSA="NAO" CODIGO-AGENCIA-FINANCIADORA="" NOME-AGENCIA="" ANO-DE-OBTENCAO-DO-TITULO="" TITULO-DA-DISSERTACAO-TESE="" NOME-COMPLETO-DO-ORIENTADOR="Ademir Xavier da Silva" TIPO-MESTRADO="N" NUMERO-ID-ORIENTADOR="" CODIGO-CURSO-CAPES="" TITULO-DA-DISSERTACAO-TESE-INGLES="" NOME-CURSO-INGLES="Engineering" NOME-DO-CO-ORIENTADOR="" CODIGO-INSTITUICAO-DOUT="" NOME-INSTITUICAO-DOUT="" CODIGO-INSTITUICAO-OUTRA-DOUT="" NOME-INSTITUICAO-OUTRA-DOUT="" NOME-ORIENTADOR-DOUT=""><AREAS-DO-CONHECIMENTO><AREA-DO-CONHECIMENTO-1 NOME-GRANDE-AREA-DO-CONHECIMENTO="ENGENHARIAS" NOME-DA-AREA-DO-CONHECIMENTO="" NOME-DA-SUB-AREA-DO-CONHECIMENTO="" NOME-DA-ESPECIALIDADE=""/></AREAS-DO-CONHECIMENTO><conceitoCapes/></MESTRADO><CURSO-TECNICO-PROFISSIONALIZANTE SEQUENCIA-FORMACAO="5" NIVEL="7" CODIGO-INSTITUICAO="000200000993" NOME-INSTITUICAO="Colégio Metalurgico" CODIGO-ORGAO="" NOME-ORGAO="" CODIGO-CURSO="90000003" NOME-CURSO="Técnico em Eletrotécnica" STATUS-DO-CURSO="CONCLUIDO" ANO-DE-INICIO="1995" ANO-DE-CONCLUSAO="1996" FLAG-BOLSA="NAO" CODIGO-AGENCIA-FINANCIADORA="" NOME-AGENCIA="" NOME-CURSO-INGLES=""/><CURSO-TECNICO-PROFISSIONALIZANTE SEQUENCIA-FORMACAO="6" NIVEL="7" CODIGO-INSTITUICAO="000300000995" NOME-INSTITUICAO="ESCOLA TÉCNICA E DO PETRÓLEO" CODIGO-ORGAO="" NOME-ORGAO="" CODIGO-CURSO="90000004" NOME-CURSO="Técnico em Mecânica" STATUS-DO-CURSO="CONCLUIDO" ANO-DE-INICIO="2012" ANO-DE-CONCLUSAO="2014" FLAG-BOLSA="NAO" CODIGO-AGENCIA-FINANCIADORA="" NOME-AGENCIA="" NOME-CURSO-INGLES=""/></FORMACAO-ACADEMICA-TITULACAO><ATUACOES-PROFISSIONAIS><ATUACAO-PROFISSIONAL CODIGO-INSTITUICAO="451000000000" NOME-INSTITUICAO="Centro Universitário do Sul de Minas" SEQUENCIA-ATIVIDADE="1" SEQUENCIA-IMPORTANCIA="1"><atividadesProfissionaisPlanificadas/></ATUACAO-PROFISSIONAL><ATUACAO-PROFISSIONAL CODIGO-INSTITUICAO="000400000997" NOME-INSTITUICAO="ESCOLA TÉCNICA FRATEC" SEQUENCIA-ATIVIDADE="2" SEQUENCIA-IMPORTANCIA="2"><VINCULOS SEQUENCIA-HISTORICO="1" TIPO-DE-VINCULO="LIVRE" ENQUADRAMENTO-FUNCIONAL="LIVRE" CARGA-HORARIA-SEMANAL="20" FLAG-DEDICACAO-EXCLUSIVA="NAO" MES-INICIO="02" ANO-INICIO="2011" MES-FIM="07" ANO-FIM="2015" OUTRAS-INFORMACOES="Professor de Eletrotécnica, Materiais, Metrologia, Usinagem, Medidas elétricas, Matemática e Física. RPA" FLAG-VINCULO-EMPREGATICIO="SIM" OUTRO-VINCULO-INFORMADO="Outros" OUTRO-ENQUADRAMENTO-FUNCIONAL-INFORMADO="Professor" OUTRO-ENQUADRAMENTO-FUNCIONAL-INFORMADO-INGLES="" OUTRAS-INFORMACOES-INGLES=""/><atividadesProfissionaisPlanificadas/></ATUACAO-PROFISSIONAL><ATUACAO-PROFISSIONAL CODIGO-INSTITUICAO="000500000999" NOME-INSTITUICAO="Escola de Capacitação e do Petroleo" SEQUENCIA-ATIVIDADE="3" SEQUENCIA-IMPORTANCIA="3"><VINCULOS SEQUENCIA-HISTORICO="1" TIPO-DE-VINCULO="LIVRE" ENQUADRAMENTO-FUNCIONAL="LIVRE" CARGA-HORARIA-SEMANAL="8" FLAG-DEDICACAO-EXCLUSIVA="NAO" MES-INICIO="02" ANO-INICIO="2011" MES-FIM="07" ANO-FIM="2015" OUTRAS-INFORMACOES="Professor de Eletrotécnica, Materiais, Metrologia, Usinagem, Medidas elétricas, Matemática e Física. Vínculo por RPA." FLAG-VINCULO-EMPREGATICIO="SIM" OUTRO-VINCULO-INFORMADO="Outros" OUTRO-ENQUADRAMENTO-FUNCIONAL-INFORMADO="Professor" OUTRO-ENQUADRAMENTO-FUNCIONAL-INFORMADO-INGLES="" OUTRAS-INFORMACOES-INGLES=""/><atividadesProfissionaisPlanificadas/></ATUACAO-PROFISSIONAL><ATUACAO-PROFISSIONAL CODIGO-INSTITUICAO="201900000008" NOME-INSTITUICAO="Centro Universitário Augusto Motta" SEQUENCIA-ATIVIDADE="4" SEQUENCIA-IMPORTANCIA="4"><VINCULOS SEQUENCIA-HISTORICO="1" TIPO-DE-VINCULO="LIVRE" ENQUADRAMENTO-FUNCIONAL="LIVRE" CARGA-HORARIA-SEMANAL="40" FLAG-DEDICACAO-EXCLUSIVA="SIM" MES-INICIO="02" ANO-INICIO="2015" MES-FIM="" ANO-FIM="" OUTRAS-INFORMACOES="Professor de Física III, Materiais Elétricos, Medidas Elétricas, Máquinas Elétricas, Laboratório de Máquinas e Acionamentos Elétricos e Eletrotécnica." FLAG-VINCULO-EMPREGATICIO="SIM" OUTRO-VINCULO-INFORMADO="" OUTRO-ENQUADRAMENTO-FUNCIONAL-INFORMADO="Professor" OUTRO-ENQUADRAMENTO-FUNCIONAL-INFORMADO-INGLES="" OUTRAS-INFORMACOES-INGLES=""/><ATIVIDADES-DE-PARTICIPACAO-EM-PROJETO><PARTICIPACAO-EM-PROJETO SEQUENCIA-FUNCAO-ATIVIDADE="1" FLAG-PERIODO="ATUAL" MES-INICIO="" ANO-INICIO="2015" MES-FIM="" ANO-FIM="" CODIGO-ORGAO="201901000990" NOME-ORGAO="UNISUAM" CODIGO-UNIDADE="" NOME-UNIDADE=""><PROJETO-DE-PESQUISA SEQUENCIA-PROJETO="1" ANO-INICIO="2015" ANO-FIM="" NOME-DO-PROJETO="Projeto e Desenvolvimento de Laboratórios para Ensino de Engenharia" SITUACAO="EM_ANDAMENTO" NATUREZA="EXTENSAO" NUMERO-GRADUACAO="10" NUMERO-ESPECIALIZACAO="" NUMERO-MESTRADO-ACADEMICO="" NUMERO-MESTRADO-PROF="" NUMERO-DOUTORADO="" DESCRICAO-DO-PROJETO="Desenvolvimento de Modelos de Ambientes de Atividades Práticas (Laboratórios), visando um melhor conhecimento no Estudo de Engenharia. Construção de Modelos de Laboratórios de Engenharia Elétrica, objetivando uma maior interseção entre as fundamentações teóricas e a realidade de mercado, de modo a proporcionar ao aluno uma visão mais ampla dessa interação, incentivando-os a participarem das Práticas Extensionistas. Uma proposta de aprimoramento das aulas laboratoriais no ensino das Engenharias, de modo a proporcionar uma melhor aplicação das Metodologias Ativas na relação Docente/Discente.. Situação: Em andamento; Natureza: Extensão. Alunos envolvidos: Graduação: (10) ." IDENTIFICADOR-PROJETO="" DESCRICAO-DO-PROJETO-INGLES="" NOME-DO-PROJETO-INGLES="Projeto e Desenvolvimento de Laboratórios para Ensino de Engenharia" FLAG-POTENCIAL-INOVACAO="NAO" FLAG-PROJETO-CERTIFICADO="nao" NOME-COORDENADOR-CERTIFICACAO="" FORMATO-DATA-CERTIFICACAO="DDMMAAAA" DATA-CERTIFICACAO="" NUMERO_TECNICO_NIVEL_MEDIO=""><EQUIPE-DO-PROJETO><INTEGRANTES-DO-PROJETO NOME-COMPLETO="Roberto Cruz da Silva" NOME-PARA-CITACAO="SILVA, R. C." ORDEM-DE-INTEGRACAO="1" FLAG-RESPONSAVEL="NAO" NRO-ID-CNPQ="8830057861752585"/><INTEGRANTES-DO-PROJETO NOME-COMPLETO="MARCELO DE JESUS NÓBREGA" NOME-PARA-CITACAO="NOBREGA, M. J." ORDEM-DE-INTEGRACAO="2" FLAG-RESPONSAVEL="SIM" NRO-ID-CNPQ=""/><INTEGRANTES-DO-PROJETO NOME-COMPLETO="Geraldo Motta Azevedo Junior" NOME-PARA-CITACAO="AZEVEDO JUNIOR, G. M." ORDEM-DE-INTEGRACAO="3" FLAG-RESPONSAVEL="NAO" NRO-ID-CNPQ=""/><INTEGRANTES-DO-PROJETO NOME-COMPLETO="jose lopes raed" NOME-PARA-CITACAO="RAED, J. L." ORDEM-DE-INTEGRACAO="4" FLAG-RESPONSAVEL="NAO" NRO-ID-CNPQ=""/><INTEGRANTES-DO-PROJETO NOME-COMPLETO="Antônio José Dias da Silva" NOME-PARA-CITACAO="SILVA, Antônio José Dias da" ORDEM-DE-INTEGRACAO="5" FLAG-RESPONSAVEL="NAO" NRO-ID-CNPQ=""/><INTEGRANTES-DO-PROJETO NOME-COMPLETO="Flávio Maldonado Bentes" NOME-PARA-CITACAO="BENTES, F. M." ORDEM-DE-INTEGRACAO="6" FLAG-RESPONSAVEL="NAO" NRO-ID-CNPQ=""/><INTEGRANTES-DO-PROJETO NOME-COMPLETO="Jurandyr de Souza Cunha Filho" NOME-PARA-CITACAO="CUNHA FILHO, JURANDYR S." ORDEM-DE-INTEGRACAO="7" FLAG-RESPONSAVEL="NAO" NRO-ID-CNPQ=""/></EQUIPE-DO-PROJETO></PROJETO-DE-PESQUISA></PARTICIPACAO-EM-PROJETO></ATIVIDADES-DE-PARTICIPACAO-EM-PROJETO><atividadesProfissionaisPlanificadas/></ATUACAO-PROFISSIONAL><ATUACAO-PROFISSIONAL CODIGO-INSTITUICAO="000600000990" NOME-INSTITUICAO="MARINHA DO BRASIL" SEQUENCIA-ATIVIDADE="5" SEQUENCIA-IMPORTANCIA="5"><VINCULOS SEQUENCIA-HISTORICO="1" TIPO-DE-VINCULO="LIVRE" ENQUADRAMENTO-FUNCIONAL="LIVRE" CARGA-HORARIA-SEMANAL="" FLAG-DEDICACAO-EXCLUSIVA="NAO" MES-INICIO="01" ANO-INICIO="1993" MES-FIM="" ANO-FIM="" OUTRAS-INFORMACOES="Encarregado da seção de Elétrica do Departamento Industrial de 1998 a janeiro de 2003. De março de 2004 aos dias atuais Supervisor da seção de Elétrica e da seção de Geradores do Departamento Industrial." FLAG-VINCULO-EMPREGATICIO="SIM" OUTRO-VINCULO-INFORMADO="" OUTRO-ENQUADRAMENTO-FUNCIONAL-INFORMADO="MILITAR" OUTRO-ENQUADRAMENTO-FUNCIONAL-INFORMADO-INGLES="" OUTRAS-INFORMACOES-INGLES=""/><atividadesProfissionaisPlanificadas/></ATUACAO-PROFISSIONAL><ATUACAO-PROFISSIONAL CODIGO-INSTITUICAO="000700000992" NOME-INSTITUICAO="Escola Técnica Rezende Rammel" SEQUENCIA-ATIVIDADE="6" SEQUENCIA-IMPORTANCIA="6"><VINCULOS SEQUENCIA-HISTORICO="1" TIPO-DE-VINCULO="LIVRE" ENQUADRAMENTO-FUNCIONAL="LIVRE" CARGA-HORARIA-SEMANAL="20" FLAG-DEDICACAO-EXCLUSIVA="NAO" MES-INICIO="07" ANO-INICIO="2009" MES-FIM="07" ANO-FIM="2011" OUTRAS-INFORMACOES="Professor de Processo de Fabricação, Metrologia e Sociologia. RPA" FLAG-VINCULO-EMPREGATICIO="SIM" OUTRO-VINCULO-INFORMADO="Outros" OUTRO-ENQUADRAMENTO-FUNCIONAL-INFORMADO="Tempo parcial" OUTRO-ENQUADRAMENTO-FUNCIONAL-INFORMADO-INGLES="" OUTRAS-INFORMACOES-INGLES=""/><atividadesProfissionaisPlanificadas/></ATUACAO-PROFISSIONAL><ATUACAO-PROFISSIONAL CODIGO-INSTITUICAO="020200000009" NOME-INSTITUICAO="Universidade Federal do Rio de Janeiro" SEQUENCIA-ATIVIDADE="7" SEQUENCIA-IMPORTANCIA="7"><VINCULOS SEQUENCIA-HISTORICO="1" TIPO-DE-VINCULO="LIVRE" ENQUADRAMENTO-FUNCIONAL="LIVRE" CARGA-HORARIA-SEMANAL="20" FLAG-DEDICACAO-EXCLUSIVA="NAO" MES-INICIO="02" ANO-INICIO="2016" MES-FIM="" ANO-FIM="" OUTRAS-INFORMACOES="Estudante no grupo de pesquisa Modelagem e Simulação Computacional em Radioterapia e Medicina Nuclear, e Radioproteção Ambiental, do(a) Universidade Federal do Rio de Janeiro." FLAG-VINCULO-EMPREGATICIO="SIM" OUTRO-VINCULO-INFORMADO="Aluno de Pós-Graduação" OUTRO-ENQUADRAMENTO-FUNCIONAL-INFORMADO="Bolsista" OUTRO-ENQUADRAMENTO-FUNCIONAL-INFORMADO-INGLES="" OUTRAS-INFORMACOES-INGLES=""/><atividadesProfissionaisPlanificadas/></ATUACAO-PROFISSIONAL></ATUACOES-PROFISSIONAIS><IDIOMAS><IDIOMA IDIOMA="EN" DESCRICAO-DO-IDIOMA="Inglês" PROFICIENCIA-DE-LEITURA="RAZOAVELMENTE" PROFICIENCIA-DE-FALA="NAO_INFORMADO" PROFICIENCIA-DE-ESCRITA="NAO_INFORMADO" PROFICIENCIA-DE-COMPREENSAO="NAO_INFORMADO"/></IDIOMAS><staValidado/><dataExibicao/><dadosBolsista/></DADOS-GERAIS><PRODUCAO-BIBLIOGRAFICA><TRABALHOS-EM-EVENTOS><TRABALHO-EM-EVENTOS SEQUENCIA-PRODUCAO="12"><DADOS-BASICOS-DO-TRABALHO NATUREZA="RESUMO" TITULO-DO-TRABALHO="Aplicação da Metodologia Ativa no Processo Ensino-Aprendizagem nos Cursos de Engenharia Elétrica e Mecânica da UNISUAM: Projeto e Desenvolvimento de Bancadas e Painéis Didáticos." ANO-DO-TRABALHO="2016" PAIS-DO-EVENTO="Portugal" IDIOMA="Português" MEIO-DE-DIVULGACAO="IMPRESSO" HOME-PAGE-DO-TRABALHO="" FLAG-RELEVANCIA="SIM" DOI="" TITULO-DO-TRABALHO-INGLES="" FLAG-DIVULGACAO-CIENTIFICA="SIM"/><DETALHAMENTO-DO-TRABALHO CLASSIFICACAO-DO-EVENTO="INTERNACIONAL" NOME-DO-EVENTO="In: International Conference on Occupational Safety and Hygiene 2016" CIDADE-DO-EVENTO="Braga" ANO-DE-REALIZACAO="2016" TITULO-DOS-ANAIS-OU-PROCEEDINGS="Aplicação da Metodologia Ativa no Processo Ensino-Aprendizagem nos Cursos de Engenharia Elétrica e Mecânica da UNISUAM" VOLUME="v.2016" FASCICULO="" SERIE="" PAGINA-INICIAL="" PAGINA-FINAL="" ISBN="" NOME-DA-EDITORA="" CIDADE-DA-EDITORA="" NOME-DO-EVENTO-INGLES=""/><AUTORES NOME-COMPLETO-DO-AUTOR="LUCAS MANHÃES VILLACA" NOME-PARA-CITACAO="VILLACA, L. M." ORDEM-DE-AUTORIA="1" NRO-ID-CNPQ=""/><AUTORES NOME-COMPLETO-DO-AUTOR="Roberto Cruz da Silva" NOME-PARA-CITACAO="SILVA, R. C." ORDEM-DE-AUTORIA="2" NRO-ID-CNPQ="8830057861752585"/><AUTORES NOME-COMPLETO-DO-AUTOR="José Marques Lopes" NOME-PARA-CITACAO="LOPES, J. M." ORDEM-DE-AUTORIA="3" NRO-ID-CNPQ=""/><AUTORES NOME-COMPLETO-DO-AUTOR="MARCELO DE JESUS NÓBREGA" NOME-PARA-CITACAO="NOBREGA, M. J." ORDEM-DE-AUTORIA="4" NRO-ID-CNPQ=""/><AUTORES NOME-COMPLETO-DO-AUTOR="Geraldo Motta Azevedo Junior" NOME-PARA-CITACAO="AZEVEDO JUNIOR, G. M." ORDEM-DE-AUTORIA="5" NRO-ID-CNPQ=""/><AUTORES NOME-COMPLETO-DO-AUTOR="Roberto Cruz da Silva" NOME-PARA-CITACAO="SILVA, R. C." ORDEM-DE-AUTORIA="6" NRO-ID-CNPQ="8830057861752585"/></TRABALHO-EM-EVENTOS></TRABALHOS-EM-EVENTOS><ARTIGOS-PUBLICADOS><ARTIGO-PUBLICADO SEQUENCIA-PRODUCAO="4" ORDEM-IMPORTANCIA=""><DADOS-BASICOS-DO-ARTIGO NATUREZA="COMPLETO" TITULO-DO-ARTIGO="Programa de Gerenciamento de Resíduos Quimicos: Como Começar?" ANO-DO-ARTIGO="2015" PAIS-DE-PUBLICACAO="" IDIOMA="Português" MEIO-DE-DIVULGACAO="IMPRESSO" HOME-PAGE-DO-TRABALHO="" FLAG-RELEVANCIA="SIM" DOI="" TITULO-DO-ARTIGO-INGLES="Chemical Waste Management Program: How to Start?" FLAG-DIVULGACAO-CIENTIFICA="SIM"/><DETALHAMENTO-DO-ARTIGO TITULO-DO-PERIODICO-OU-REVISTA="Arquivos Brasileiros de Medicina Naval" ISSN="0365074X" VOLUME="76" FASCICULO="" SERIE="1" PAGINA-INICIAL="25" PAGINA-FINAL="32" LOCAL-DE-PUBLICACAO=""/><AUTORES NOME-COMPLETO-DO-AUTOR="Victor Hugo Pella Legramandi" NOME-PARA-CITACAO="LEGRAMANDI, V. H. P." ORDEM-DE-AUTORIA="1" NRO-ID-CNPQ=""/><AUTORES NOME-COMPLETO-DO-AUTOR="André Avelino de Oliveira Mendes" NOME-PARA-CITACAO="MENDES, A. A. O." ORDEM-DE-AUTORIA="2" NRO-ID-CNPQ=""/><AUTORES NOME-COMPLETO-DO-AUTOR="Roberto Cruz da Silva" NOME-PARA-CITACAO="SILVA, R. C." ORDEM-DE-AUTORIA="3" NRO-ID-CNPQ="8830057861752585"/><AUTORES NOME-COMPLETO-DO-AUTOR="Leonardo Amorim do Amaral" NOME-PARA-CITACAO="AMARAL, L. A." ORDEM-DE-AUTORIA="4" NRO-ID-CNPQ=""/><PALAVRAS-CHAVE PALAVRA-CHAVE-1="Resíduos Quimicos" PALAVRA-CHAVE-2="Gerenciamento de Residuos" PALAVRA-CHAVE-3="Ecossistema" PALAVRA-CHAVE-4="" PALAVRA-CHAVE-5="" PALAVRA-CHAVE-6=""/><AREAS-DO-CONHECIMENTO><AREA-DO-CONHECIMENTO-1 NOME-GRANDE-AREA-DO-CONHECIMENTO="ENGENHARIAS" NOME-DA-AREA-DO-CONHECIMENTO="" NOME-DA-SUB-AREA-DO-CONHECIMENTO="Tecnologia Química" NOME-DA-ESPECIALIDADE="Tratamentos e Aproveitamento de Rejeitos"/></AREAS-DO-CONHECIMENTO><SETORES-DE-ATIVIDADE SETOR-DE-ATIVIDADE-1="Administração pública, defesa e seguridade social" SETOR-DE-ATIVIDADE-2="" SETOR-DE-ATIVIDADE-3=""/></ARTIGO-PUBLICADO></ARTIGOS-PUBLICADOS><ARTIGOS-ACEITOS-PARA-PUBLICACAO><ARTIGO-ACEITO-PARA-PUBLICACAO SEQUENCIA-PRODUCAO="15"><DADOS-BASICOS-DO-ARTIGO NATUREZA="NAO_INFORMADO" TITULO-DO-ARTIGO="DESENVOLVIMENTO DE UM RECURSO INTERDISCIPLINAR CAPAZ DE COLOCAR EM CONFLITO AS CONCEPÇÕES ALTERNATIVAS DE PESO E MASSA" ANO-DO-ARTIGO="2016" PAIS-DE-PUBLICACAO="" IDIOMA="Português" MEIO-DE-DIVULGACAO="NAO_INFORMADO" HOME-PAGE-DO-TRABALHO="" FLAG-RELEVANCIA="NAO" DOI="" TITULO-DO-ARTIGO-INGLES="" FLAG-DIVULGACAO-CIENTIFICA="NAO"/><DETALHAMENTO-DO-ARTIGO TITULO-DO-PERIODICO-OU-REVISTA="Projectus UNISUAM" ISSN="25254146" VOLUME="" FASCICULO="" SERIE="" PAGINA-INICIAL="" PAGINA-FINAL="" LOCAL-DE-PUBLICACAO=""/><AUTORES NOME-COMPLETO-DO-AUTOR="Celso Marcelo Ribeiro" NOME-PARA-CITACAO="RIBEIRO, C. M." ORDEM-DE-AUTORIA="1" NRO-ID-CNPQ=""/><AUTORES NOME-COMPLETO-DO-AUTOR="José Marques Lopes" NOME-PARA-CITACAO="LOPES, J. M." ORDEM-DE-AUTORIA="2" NRO-ID-CNPQ=""/><AUTORES NOME-COMPLETO-DO-AUTOR="Roberto Cruz da Silva" NOME-PARA-CITACAO="SILVA, R. C." ORDEM-DE-AUTORIA="3" NRO-ID-CNPQ="8830057861752585"/><PALAVRAS-CHAVE PALAVRA-CHAVE-1="Interdisciplinaridade." PALAVRA-CHAVE-2="" PALAVRA-CHAVE-3="" PALAVRA-CHAVE-4="" PALAVRA-CHAVE-5="" PALAVRA-CHAVE-6=""/><AREAS-DO-CONHECIMENTO><AREA-DO-CONHECIMENTO-1 NOME-GRANDE-AREA-DO-CONHECIMENTO="ENGENHARIAS" NOME-DA-AREA-DO-CONHECIMENTO="" NOME-DA-SUB-AREA-DO-CONHECIMENTO="" NOME-DA-ESPECIALIDADE=""/></AREAS-DO-CONHECIMENTO><SETORES-DE-ATIVIDADE SETOR-DE-ATIVIDADE-1="Educação" SETOR-DE-ATIVIDADE-2="" SETOR-DE-ATIVIDADE-3=""/></ARTIGO-ACEITO-PARA-PUBLICACAO></ARTIGOS-ACEITOS-PARA-PUBLICACAO></PRODUCAO-BIBLIOGRAFICA><PRODUCAO-TECNICA><DEMAIS-TIPOS-DE-PRODUCAO-TECNICA><APRESENTACAO-DE-TRABALHO SEQUENCIA-PRODUCAO="7"><DADOS-BASICOS-DA-APRESENTACAO-DE-TRABALHO NATUREZA="SIMPOSIO" TITULO="Desenvolvimento de um Recurso Interdisciplinar Capaz de Colocar em Conflito as Concepções Alternativas de Peso e Massa" ANO="2015" PAIS="Brasil" IDIOMA="Português" FLAG-RELEVANCIA="NAO" DOI="" TITULO-INGLES="" FLAG-DIVULGACAO-CIENTIFICA="SIM"/><DETALHAMENTO-DA-APRESENTACAO-DE-TRABALHO NOME-DO-EVENTO="Simpósio de Estudantes e Profissionais da Engenharia Contemporânea (II SIMEPEC)" INSTITUICAO-PROMOTORA="UNISUAM" LOCAL-DA-APRESENTACAO="Av. Paris, 72 Bonsucesso" CIDADE-DA-APRESENTACAO="Rio de Janeiro - RJ" NOME-DO-EVENTO-INGLES=""/><AUTORES NOME-COMPLETO-DO-AUTOR="Roberto Cruz da Silva" NOME-PARA-CITACAO="SILVA, R. C." ORDEM-DE-AUTORIA="1" NRO-ID-CNPQ="8830057861752585"/><AUTORES NOME-COMPLETO-DO-AUTOR="Celso Marcelo Ribeiro" NOME-PARA-CITACAO="RIBEIRO, C. M." ORDEM-DE-AUTORIA="2" NRO-ID-CNPQ=""/><AUTORES NOME-COMPLETO-DO-AUTOR="José Marques Lopes" NOME-PARA-CITACAO="LOPES, J. M." ORDEM-DE-AUTORIA="3" NRO-ID-CNPQ=""/><PALAVRAS-CHAVE PALAVRA-CHAVE-1="Concepções alternativas" PALAVRA-CHAVE-2="Massa" PALAVRA-CHAVE-3="Peso" PALAVRA-CHAVE-4="Interdisciplinaridade." PALAVRA-CHAVE-5="" PALAVRA-CHAVE-6=""/><AREAS-DO-CONHECIMENTO><AREA-DO-CONHECIMENTO-1 NOME-GRANDE-AREA-DO-CONHECIMENTO="ENGENHARIAS" NOME-DA-AREA-DO-CONHECIMENTO="" NOME-DA-SUB-AREA-DO-CONHECIMENTO="Circuitos Elétricos, Magnéticos e Eletrônicos" NOME-DA-ESPECIALIDADE=""/></AREAS-DO-CONHECIMENTO><SETORES-DE-ATIVIDADE SETOR-DE-ATIVIDADE-1="Educação" SETOR-DE-ATIVIDADE-2="" SETOR-DE-ATIVIDADE-3=""/></APRESENTACAO-DE-TRABALHO><CURSO-DE-CURTA-DURACAO-MINISTRADO SEQUENCIA-PRODUCAO="11"><DADOS-BASICOS-DE-CURSOS-CURTA-DURACAO-MINISTRADO NIVEL-DO-CURSO="EXTENSAO" TITULO="Instalações elétricas" ANO="2016" PAIS="Brasil" IDIOMA="Português" MEIO-DE-DIVULGACAO="IMPRESSO" HOME-PAGE-DO-TRABALHO="" FLAG-RELEVANCIA="NAO" DOI="" TITULO-INGLES="" FLAG-DIVULGACAO-CIENTIFICA="NAO"/><DETALHAMENTO-DE-CURSOS-CURTA-DURACAO-MINISTRADO PARTICIPACAO-DOS-AUTORES="DOCENTE" INSTITUICAO-PROMOTORA-DO-CURSO="UNISUAM" LOCAL-DO-CURSO="BONSUCESSO" CIDADE="Rio de Janeiro" DURACAO="12" UNIDADE="horas" UNIDADE-INGLES=""/><AUTORES NOME-COMPLETO-DO-AUTOR="Roberto Cruz da Silva" NOME-PARA-CITACAO="SILVA, R. C." ORDEM-DE-AUTORIA="1" NRO-ID-CNPQ="8830057861752585"/><AREAS-DO-CONHECIMENTO><AREA-DO-CONHECIMENTO-1 NOME-GRANDE-AREA-DO-CONHECIMENTO="ENGENHARIAS" NOME-DA-AREA-DO-CONHECIMENTO="" NOME-DA-SUB-AREA-DO-CONHECIMENTO="Circuitos Elétricos, Magnéticos e Eletrônicos" NOME-DA-ESPECIALIDADE=""/></AREAS-DO-CONHECIMENTO></CURSO-DE-CURTA-DURACAO-MINISTRADO><CURSO-DE-CURTA-DURACAO-MINISTRADO SEQUENCIA-PRODUCAO="2"><DADOS-BASICOS-DE-CURSOS-CURTA-DURACAO-MINISTRADO NIVEL-DO-CURSO="EXTENSAO" TITULO="Instalações Elétricas Prediais" ANO="2011" PAIS="Brasil" IDIOMA="Português" MEIO-DE-DIVULGACAO="IMPRESSO" HOME-PAGE-DO-TRABALHO="" FLAG-RELEVANCIA="NAO" DOI="" TITULO-INGLES="" FLAG-DIVULGACAO-CIENTIFICA="SIM"/><DETALHAMENTO-DE-CURSOS-CURTA-DURACAO-MINISTRADO PARTICIPACAO-DOS-AUTORES="DOCENTE" INSTITUICAO-PROMOTORA-DO-CURSO="Escola Técnica Rezende Rammel" LOCAL-DO-CURSO="Av. Pres. Vargas, 120, Duque de Caxias, RJ, 25070-330, Brasil." CIDADE="Duque de Caxias-RJ" DURACAO="20" UNIDADE="horas" UNIDADE-INGLES=""/><AUTORES NOME-COMPLETO-DO-AUTOR="Roberto Cruz da Silva" NOME-PARA-CITACAO="SILVA, R. C." ORDEM-DE-AUTORIA="1" NRO-ID-CNPQ="8830057861752585"/></CURSO-DE-CURTA-DURACAO-MINISTRADO><CURSO-DE-CURTA-DURACAO-MINISTRADO SEQUENCIA-PRODUCAO="3"><DADOS-BASICOS-DE-CURSOS-CURTA-DURACAO-MINISTRADO NIVEL-DO-CURSO="EXTENSAO" TITULO="Metrologia" ANO="2010" PAIS="Brasil" IDIOMA="Português" MEIO-DE-DIVULGACAO="IMPRESSO" HOME-PAGE-DO-TRABALHO="" FLAG-RELEVANCIA="NAO" DOI="" TITULO-INGLES="" FLAG-DIVULGACAO-CIENTIFICA="SIM"/><DETALHAMENTO-DE-CURSOS-CURTA-DURACAO-MINISTRADO PARTICIPACAO-DOS-AUTORES="DOCENTE" INSTITUICAO-PROMOTORA-DO-CURSO="Escola Técnica Rezende Rammel" LOCAL-DO-CURSO="Av. Pres. Vargas, 120, Duque de Caxias, RJ, 25070-330, Brasil." CIDADE="Duque de Caxias- RJ" DURACAO="20" UNIDADE="horas" UNIDADE-INGLES=""/><AUTORES NOME-COMPLETO-DO-AUTOR="Roberto Cruz da Silva" NOME-PARA-CITACAO="SILVA, R. C." ORDEM-DE-AUTORIA="1" NRO-ID-CNPQ="8830057861752585"/></CURSO-DE-CURTA-DURACAO-MINISTRADO><CURSO-DE-CURTA-DURACAO-MINISTRADO SEQUENCIA-PRODUCAO="8"><DADOS-BASICOS-DE-CURSOS-CURTA-DURACAO-MINISTRADO NIVEL-DO-CURSO="EXTENSAO" TITULO="Análise de Vibrações para Técnicos e Mecânicos" ANO="2013" PAIS="Brasil" IDIOMA="Português" MEIO-DE-DIVULGACAO="IMPRESSO" HOME-PAGE-DO-TRABALHO="" FLAG-RELEVANCIA="NAO" DOI="" TITULO-INGLES="" FLAG-DIVULGACAO-CIENTIFICA="SIM"/><DETALHAMENTO-DE-CURSOS-CURTA-DURACAO-MINISTRADO PARTICIPACAO-DOS-AUTORES="DOCENTE" INSTITUICAO-PROMOTORA-DO-CURSO="FRATEC" LOCAL-DO-CURSO="Av. Amélia Saraiva, 248 - Centro" CIDADE="Itaboraí - RJ" DURACAO="40" UNIDADE="horas" UNIDADE-INGLES=""/><AUTORES NOME-COMPLETO-DO-AUTOR="Roberto Cruz da Silva" NOME-PARA-CITACAO="SILVA, R. C." ORDEM-DE-AUTORIA="1" NRO-ID-CNPQ="8830057861752585"/><AREAS-DO-CONHECIMENTO><AREA-DO-CONHECIMENTO-1 NOME-GRANDE-AREA-DO-CONHECIMENTO="ENGENHARIAS" NOME-DA-AREA-DO-CONHECIMENTO="" NOME-DA-SUB-AREA-DO-CONHECIMENTO="" NOME-DA-ESPECIALIDADE=""/><AREA-DO-CONHECIMENTO-2 NOME-GRANDE-AREA-DO-CONHECIMENTO="ENGENHARIAS" NOME-DA-AREA-DO-CONHECIMENTO="Engenharia Elétrica" NOME-DA-SUB-AREA-DO-CONHECIMENTO="" NOME-DA-ESPECIALIDADE=""/></AREAS-DO-CONHECIMENTO></CURSO-DE-CURTA-DURACAO-MINISTRADO><DESENVOLVIMENTO-DE-MATERIAL-DIDATICO-OU-INSTRUCIONAL SEQUENCIA-PRODUCAO="13"><DADOS-BASICOS-DO-MATERIAL-DIDATICO-OU-INSTRUCIONAL NATUREZA="Manual" TITULO="Manuais de atividades esperimentais dos laboratórios do Curso de bacharelado em Engenharia Elétrica" ANO="2016" PAIS="Brasil" IDIOMA="Português" MEIO-DE-DIVULGACAO="IMPRESSO" HOME-PAGE-DO-TRABALHO="" FLAG-RELEVANCIA="NAO" DOI="" TITULO-INGLES="" NATUREZA-INGLES="" FLAG-DIVULGACAO-CIENTIFICA="NAO"/><DETALHAMENTO-DO-MATERIAL-DIDATICO-OU-INSTRUCIONAL FINALIDADE="Atividades Experimentais de Laboratórios" FINALIDADE-INGLES=""/><AUTORES NOME-COMPLETO-DO-AUTOR="Antônio José Dias da Silva" NOME-PARA-CITACAO="SILVA, Antônio José Dias da" ORDEM-DE-AUTORIA="1" NRO-ID-CNPQ=""/><AUTORES NOME-COMPLETO-DO-AUTOR="Elisandra Cananea de Sá Elias" NOME-PARA-CITACAO="ELIAS, E. C. S." ORDEM-DE-AUTORIA="10" NRO-ID-CNPQ=""/><AUTORES NOME-COMPLETO-DO-AUTOR="Luis Andre Subtil Machado" NOME-PARA-CITACAO="MACHADO, L. A. S." ORDEM-DE-AUTORIA="11" NRO-ID-CNPQ=""/><AUTORES NOME-COMPLETO-DO-AUTOR="Antonio Carnevale Neto" NOME-PARA-CITACAO="CARNEVALE NETO, A." ORDEM-DE-AUTORIA="12" NRO-ID-CNPQ=""/><AUTORES NOME-COMPLETO-DO-AUTOR="Aída Pereira Baeta" NOME-PARA-CITACAO="BAETA, A. P." ORDEM-DE-AUTORIA="13" NRO-ID-CNPQ=""/><AUTORES NOME-COMPLETO-DO-AUTOR="Flávio Maldonado Bentes" NOME-PARA-CITACAO="BENTES, F. M." ORDEM-DE-AUTORIA="2" NRO-ID-CNPQ=""/><AUTORES NOME-COMPLETO-DO-AUTOR="Jurandyr de Souza Cunha Filho" NOME-PARA-CITACAO="CUNHA FILHO, JURANDYR S." ORDEM-DE-AUTORIA="3" NRO-ID-CNPQ=""/><AUTORES NOME-COMPLETO-DO-AUTOR="Roberto Cruz da Silva" NOME-PARA-CITACAO="SILVA, R. C." ORDEM-DE-AUTORIA="4" NRO-ID-CNPQ="8830057861752585"/><AUTORES NOME-COMPLETO-DO-AUTOR="Josiel Gonçalves dos Sntos" NOME-PARA-CITACAO="SNTOS, J. G." ORDEM-DE-AUTORIA="5" NRO-ID-CNPQ=""/><AUTORES NOME-COMPLETO-DO-AUTOR="Gladson Silva Fontes" NOME-PARA-CITACAO="FONTES, G. S." ORDEM-DE-AUTORIA="6" NRO-ID-CNPQ=""/><AUTORES NOME-COMPLETO-DO-AUTOR="Alex de Lima Silva" NOME-PARA-CITACAO="SILVA, A. L." ORDEM-DE-AUTORIA="7" NRO-ID-CNPQ=""/><AUTORES NOME-COMPLETO-DO-AUTOR="Daniel da Silva" NOME-PARA-CITACAO="SILVA, D." ORDEM-DE-AUTORIA="8" NRO-ID-CNPQ=""/><AUTORES NOME-COMPLETO-DO-AUTOR="Marlon Feereira Corsi" NOME-PARA-CITACAO="CORSI, M. F." ORDEM-DE-AUTORIA="9" NRO-ID-CNPQ=""/><AREAS-DO-CONHECIMENTO><AREA-DO-CONHECIMENTO-1 NOME-GRANDE-AREA-DO-CONHECIMENTO="ENGENHARIAS" NOME-DA-AREA-DO-CONHECIMENTO="" NOME-DA-SUB-AREA-DO-CONHECIMENTO="Circuitos Elétricos, Magnéticos e Eletrônicos" NOME-DA-ESPECIALIDADE=""/></AREAS-DO-CONHECIMENTO><SETORES-DE-ATIVIDADE SETOR-DE-ATIVIDADE-1="Educação" SETOR-DE-ATIVIDADE-2="" SETOR-DE-ATIVIDADE-3=""/><INFORMACOES-ADICIONAIS DESCRICAO-INFORMACOES-ADICIONAIS="Manuais para atende os laboratórios de: Química, Física, Circuitos Elétricos, Máquinas Elétricas, Eletrônica e Circuitos Digitais." DESCRICAO-INFORMACOES-ADICIONAIS-INGLES=""/></DESENVOLVIMENTO-DE-MATERIAL-DIDATICO-OU-INSTRUCIONAL><DESENVOLVIMENTO-DE-MATERIAL-DIDATICO-OU-INSTRUCIONAL SEQUENCIA-PRODUCAO="5"><DADOS-BASICOS-DO-MATERIAL-DIDATICO-OU-INSTRUCIONAL NATUREZA="Apostila" TITULO="Apostila de Metrologia" ANO="2015" PAIS="Brasil" IDIOMA="Português" MEIO-DE-DIVULGACAO="IMPRESSO" HOME-PAGE-DO-TRABALHO="" FLAG-RELEVANCIA="NAO" DOI="" TITULO-INGLES="" NATUREZA-INGLES="" FLAG-DIVULGACAO-CIENTIFICA="SIM"/><DETALHAMENTO-DO-MATERIAL-DIDATICO-OU-INSTRUCIONAL FINALIDADE="Apostila para os cursos Técnicos em Mecânica e Metalurgia" FINALIDADE-INGLES=""/><AUTORES NOME-COMPLETO-DO-AUTOR="Roberto Cruz da Silva" NOME-PARA-CITACAO="SILVA, R. C." ORDEM-DE-AUTORIA="1" NRO-ID-CNPQ="8830057861752585"/><AREAS-DO-CONHECIMENTO><AREA-DO-CONHECIMENTO-1 NOME-GRANDE-AREA-DO-CONHECIMENTO="ENGENHARIAS" NOME-DA-AREA-DO-CONHECIMENTO="" NOME-DA-SUB-AREA-DO-CONHECIMENTO="Processos de Fabricação" NOME-DA-ESPECIALIDADE="Maquinas de Usinagem e Conformação"/></AREAS-DO-CONHECIMENTO><SETORES-DE-ATIVIDADE SETOR-DE-ATIVIDADE-1="Educação" SETOR-DE-ATIVIDADE-2="" SETOR-DE-ATIVIDADE-3=""/><INFORMACOES-ADICIONAIS DESCRICAO-INFORMACOES-ADICIONAIS="Apostila de Metrologia para os cursos Técnicos em Mecânica e Metalurgia." DESCRICAO-INFORMACOES-ADICIONAIS-INGLES=""/></DESENVOLVIMENTO-DE-MATERIAL-DIDATICO-OU-INSTRUCIONAL><DESENVOLVIMENTO-DE-MATERIAL-DIDATICO-OU-INSTRUCIONAL SEQUENCIA-PRODUCAO="6"><DADOS-BASICOS-DO-MATERIAL-DIDATICO-OU-INSTRUCIONAL NATUREZA="Apostila" TITULO="Apostila de Matemática e Física aplicada" ANO="2015" PAIS="Brasil" IDIOMA="Português" MEIO-DE-DIVULGACAO="IMPRESSO" HOME-PAGE-DO-TRABALHO="" FLAG-RELEVANCIA="NAO" DOI="" TITULO-INGLES="" NATUREZA-INGLES="" FLAG-DIVULGACAO-CIENTIFICA="SIM"/><DETALHAMENTO-DO-MATERIAL-DIDATICO-OU-INSTRUCIONAL FINALIDADE="Apostila para os cursos Técnicos em Mecânica e Metalurgiar" FINALIDADE-INGLES=""/><AUTORES NOME-COMPLETO-DO-AUTOR="Roberto Cruz da Silva" NOME-PARA-CITACAO="SILVA, R. C." ORDEM-DE-AUTORIA="1" NRO-ID-CNPQ="8830057861752585"/><AREAS-DO-CONHECIMENTO><AREA-DO-CONHECIMENTO-1 NOME-GRANDE-AREA-DO-CONHECIMENTO="ENGENHARIAS" NOME-DA-AREA-DO-CONHECIMENTO="" NOME-DA-SUB-AREA-DO-CONHECIMENTO="Processos de Fabricação" NOME-DA-ESPECIALIDADE="Maquinas de Usinagem e Conformação"/></AREAS-DO-CONHECIMENTO><INFORMACOES-ADICIONAIS DESCRICAO-INFORMACOES-ADICIONAIS="Apostila para os cursos técnicos em Mecânica e Metalurgia." DESCRICAO-INFORMACOES-ADICIONAIS-INGLES=""/></DESENVOLVIMENTO-DE-MATERIAL-DIDATICO-OU-INSTRUCIONAL><DESENVOLVIMENTO-DE-MATERIAL-DIDATICO-OU-INSTRUCIONAL SEQUENCIA-PRODUCAO="14"><DADOS-BASICOS-DO-MATERIAL-DIDATICO-OU-INSTRUCIONAL NATUREZA="Apostila" TITULO="Apostila de Processos de Fabricação Mecânica" ANO="2015" PAIS="Brasil" IDIOMA="Português" MEIO-DE-DIVULGACAO="IMPRESSO" HOME-PAGE-DO-TRABALHO="" FLAG-RELEVANCIA="NAO" DOI="" TITULO-INGLES="xxx" NATUREZA-INGLES="" FLAG-DIVULGACAO-CIENTIFICA="NAO"/><DETALHAMENTO-DO-MATERIAL-DIDATICO-OU-INSTRUCIONAL FINALIDADE="Material Didático para os Cursos Técnicoe em Mecânica e Metalurgia" FINALIDADE-INGLES=""/><AUTORES NOME-COMPLETO-DO-AUTOR="Roberto Cruz da Silva" NOME-PARA-CITACAO="SILVA, R. C." ORDEM-DE-AUTORIA="1" NRO-ID-CNPQ="8830057861752585"/><AUTORES NOME-COMPLETO-DO-AUTOR="Roberto Cruz da Silva" NOME-PARA-CITACAO="SILVA, R. C." ORDEM-DE-AUTORIA="2" NRO-ID-CNPQ="8830057861752585"/><PALAVRAS-CHAVE PALAVRA-CHAVE-1="Interdisciplinaridade." PALAVRA-CHAVE-2="" PALAVRA-CHAVE-3="" PALAVRA-CHAVE-4="" PALAVRA-CHAVE-5="" PALAVRA-CHAVE-6=""/><AREAS-DO-CONHECIMENTO><AREA-DO-CONHECIMENTO-1 NOME-GRANDE-AREA-DO-CONHECIMENTO="ENGENHARIAS" NOME-DA-AREA-DO-CONHECIMENTO="" NOME-DA-SUB-AREA-DO-CONHECIMENTO="Processos de Fabricação" NOME-DA-ESPECIALIDADE=""/></AREAS-DO-CONHECIMENTO><SETORES-DE-ATIVIDADE SETOR-DE-ATIVIDADE-1="Educação" SETOR-DE-ATIVIDADE-2="" SETOR-DE-ATIVIDADE-3=""/><INFORMACOES-ADICIONAIS DESCRICAO-INFORMACOES-ADICIONAIS="Material Didático para os Cursos Técnicos em Mecânica e Metalurgia" DESCRICAO-INFORMACOES-ADICIONAIS-INGLES="xxxx"/></DESENVOLVIMENTO-DE-MATERIAL-DIDATICO-OU-INSTRUCIONAL></DEMAIS-TIPOS-DE-PRODUCAO-TECNICA></PRODUCAO-TECNICA><DADOS-COMPLEMENTARES><PARTICIPACAO-EM-BANCA-TRABALHOS-CONCLUSAO><PARTICIPACAO-EM-BANCA-DE-GRADUACAO SEQUENCIA-PRODUCAO="9"><DADOS-BASICOS-DA-PARTICIPACAO-EM-BANCA-DE-GRADUACAO NATUREZA="Graduação" TITULO="A importância da FMEA para Analisar Falhas do Gargalo de uma Empresa" ANO="2015" PAIS="Brasil" IDIOMA="Português" HOME-PAGE="" DOI="" TITULO-INGLES=""/><DETALHAMENTO-DA-PARTICIPACAO-EM-BANCA-DE-GRADUACAO NOME-DO-CANDIDATO="VINICIUS DE SÁ LIMA" CODIGO-INSTITUICAO="201900000008" NOME-INSTITUICAO="Centro Universitário Augusto Motta" CODIGO-ORGAO="" NOME-ORGAO="" CODIGO-CURSO="60279583" NOME-CURSO="Engenharia de Produção" NOME-CURSO-INGLES=""/><PARTICIPANTE-BANCA NOME-COMPLETO-DO-PARTICIPANTE-DA-BANCA="Claudia Pinto de Carvalho" NOME-PARA-CITACAO-DO-PARTICIPANTE-DA-BANCA="CARVALHO, C. P." ORDEM-PARTICIPANTE="1" NRO-ID-CNPQ=""/><PARTICIPANTE-BANCA NOME-COMPLETO-DO-PARTICIPANTE-DA-BANCA="Nilton José Ferro" NOME-PARA-CITACAO-DO-PARTICIPANTE-DA-BANCA="FERRO, N. J." ORDEM-PARTICIPANTE="2" NRO-ID-CNPQ=""/><PARTICIPANTE-BANCA NOME-COMPLETO-DO-PARTICIPANTE-DA-BANCA="Roberto Cruz da Silva" NOME-PARA-CITACAO-DO-PARTICIPANTE-DA-BANCA="SILVA, R. C." ORDEM-PARTICIPANTE="3" NRO-ID-CNPQ="8830057861752585"/><PALAVRAS-CHAVE PALAVRA-CHAVE-1="FMEA" PALAVRA-CHAVE-2="Otimização do processo" PALAVRA-CHAVE-3="Gargalo" PALAVRA-CHAVE-4="" PALAVRA-CHAVE-5="" PALAVRA-CHAVE-6=""/><AREAS-DO-CONHECIMENTO><AREA-DO-CONHECIMENTO-1 NOME-GRANDE-AREA-DO-CONHECIMENTO="ENGENHARIAS" NOME-DA-AREA-DO-CONHECIMENTO="" NOME-DA-SUB-AREA-DO-CONHECIMENTO="" NOME-DA-ESPECIALIDADE=""/></AREAS-DO-CONHECIMENTO><SETORES-DE-ATIVIDADE SETOR-DE-ATIVIDADE-1="Educação" SETOR-DE-ATIVIDADE-2="" SETOR-DE-ATIVIDADE-3=""/></PARTICIPACAO-EM-BANCA-DE-GRADUACAO></PARTICIPACAO-EM-BANCA-TRABALHOS-CONCLUSAO><PARTICIPACAO-EM-EVENTOS-CONGRESSOS><PARTICIPACAO-EM-SEMINARIO SEQUENCIA-PRODUCAO="1"><PARTICIPANTE-DE-EVENTOS-CONGRESSOS NOME-COMPLETO-DO-PARTICIPANTE-DE-EVENTOS-CONGRESSOS="Roberto Cruz da Silva" NOME-PARA-CITACAO-DO-PARTICIPANTE-DE-EVENTOS-CONGRESSOS="SILVA, R. C." ORDEM-PARTICIPANTE="1" NRO-ID-CNPQ="8830057861752585"/><DADOS-BASICOS-DA-PARTICIPACAO-EM-SEMINARIO NATUREZA="Seminário" TITULO="Defesa Nuclear, Biológica, Química e Radiológica." ANO="2014" PAIS="Brasil" IDIOMA="" MEIO-DE-DIVULGACAO="NAO_INFORMADO" HOME-PAGE-DO-TRABALHO="https://www.mar.mil.br/crepsupespcfn/" FLAG-RELEVANCIA="NAO" TIPO-PARTICIPACAO="Outras Formas" FORMA-PARTICIPACAO="Participante" DOI="" TITULO-INGLES="" FLAG-DIVULGACAO-CIENTIFICA="NAO"/><DETALHAMENTO-DA-PARTICIPACAO-EM-SEMINARIO NOME-DO-EVENTO="Workshop" CODIGO-INSTITUICAO="" NOME-INSTITUICAO="" LOCAL-DO-EVENTO="" CIDADE-DO-EVENTO="Rio de Janeiro" NOME-DO-EVENTO-INGLES=""/></PARTICIPACAO-EM-SEMINARIO><PARTICIPACAO-EM-SIMPOSIO SEQUENCIA-PRODUCAO="10"><PARTICIPANTE-DE-EVENTOS-CONGRESSOS NOME-COMPLETO-DO-PARTICIPANTE-DE-EVENTOS-CONGRESSOS="Roberto Cruz da Silva" NOME-PARA-CITACAO-DO-PARTICIPANTE-DE-EVENTOS-CONGRESSOS="SILVA, R. C." ORDEM-PARTICIPANTE="1" NRO-ID-CNPQ="8830057861752585"/><DADOS-BASICOS-DA-PARTICIPACAO-EM-SIMPOSIO NATUREZA="Simpósio" TITULO="Simpósio de Estudantes e Profissionais da Engenharia Contemporânea (II SIMEPEC)" ANO="2015" PAIS="Brasil" IDIOMA="" MEIO-DE-DIVULGACAO="NAO_INFORMADO" HOME-PAGE-DO-TRABALHO="" FLAG-RELEVANCIA="NAO" TIPO-PARTICIPACAO="Outras formas" FORMA-PARTICIPACAO="Participante" DOI="" TITULO-INGLES="" FLAG-DIVULGACAO-CIENTIFICA="NAO"/><DETALHAMENTO-DA-PARTICIPACAO-EM-SIMPOSIO NOME-DO-EVENTO="Simpósio" CODIGO-INSTITUICAO="" NOME-INSTITUICAO="" LOCAL-DO-EVENTO="" CIDADE-DO-EVENTO="Rio de Janeiro" NOME-DO-EVENTO-INGLES=""/></PARTICIPACAO-EM-SIMPOSIO></PARTICIPACAO-EM-EVENTOS-CONGRESSOS><INFORMACOES-ADICIONAIS-INSTITUICOES><INFORMACAO-ADICIONAL-INSTITUICAO CODIGO-INSTITUICAO="000100000991" SIGLA-INSTITUICAO="CM" SIGLA-UF-INSTITUICAO="RJ" SIGLA-PAIS-INSTITUICAO="BRA" NOME-PAIS-INSTITUICAO="Brasil" FLAG-AGENCIA-FOMENTO="NAO" FLAG-INSTITUICAO-DE-ENSINO="NAO"/><INFORMACAO-ADICIONAL-INSTITUICAO CODIGO-INSTITUICAO="000200000993" SIGLA-INSTITUICAO="CM" SIGLA-UF-INSTITUICAO="RJ" SIGLA-PAIS-INSTITUICAO="BRA" NOME-PAIS-INSTITUICAO="Brasil" FLAG-AGENCIA-FOMENTO="NAO" FLAG-INSTITUICAO-DE-ENSINO="NAO"/><INFORMACAO-ADICIONAL-INSTITUICAO CODIGO-INSTITUICAO="000300000995" SIGLA-INSTITUICAO="EFONAPE" SIGLA-UF-INSTITUICAO="RJ" SIGLA-PAIS-INSTITUICAO="BRA" NOME-PAIS-INSTITUICAO="Brasil" FLAG-AGENCIA-FOMENTO="NAO" FLAG-INSTITUICAO-DE-ENSINO="NAO"/><INFORMACAO-ADICIONAL-INSTITUICAO CODIGO-INSTITUICAO="000400000997" SIGLA-INSTITUICAO="FRATEC" SIGLA-UF-INSTITUICAO="RJ" SIGLA-PAIS-INSTITUICAO="BRA" NOME-PAIS-INSTITUICAO="Brasil" FLAG-AGENCIA-FOMENTO="NAO" FLAG-INSTITUICAO-DE-ENSINO="NAO"/><INFORMACAO-ADICIONAL-INSTITUICAO CODIGO-INSTITUICAO="000500000999" SIGLA-INSTITUICAO="EFONAPE" SIGLA-UF-INSTITUICAO="RJ" SIGLA-PAIS-INSTITUICAO="BRA" NOME-PAIS-INSTITUICAO="Brasil" FLAG-AGENCIA-FOMENTO="NAO" FLAG-INSTITUICAO-DE-ENSINO="NAO"/><INFORMACAO-ADICIONAL-INSTITUICAO CODIGO-INSTITUICAO="000600000990" SIGLA-INSTITUICAO="MB" SIGLA-UF-INSTITUICAO="RJ" SIGLA-PAIS-INSTITUICAO="BRA" NOME-PAIS-INSTITUICAO="Brasil" FLAG-AGENCIA-FOMENTO="NAO" FLAG-INSTITUICAO-DE-ENSINO="NAO"/><INFORMACAO-ADICIONAL-INSTITUICAO CODIGO-INSTITUICAO="000700000992" SIGLA-INSTITUICAO="ETRR" SIGLA-UF-INSTITUICAO="RJ" SIGLA-PAIS-INSTITUICAO="BRA" NOME-PAIS-INSTITUICAO="Brasil" FLAG-AGENCIA-FOMENTO="NAO" FLAG-INSTITUICAO-DE-ENSINO="NAO"/><INFORMACAO-ADICIONAL-INSTITUICAO CODIGO-INSTITUICAO="020200000009" SIGLA-INSTITUICAO="UFRJ" SIGLA-UF-INSTITUICAO="RJ" SIGLA-PAIS-INSTITUICAO="BRA" NOME-PAIS-INSTITUICAO="Brasil" FLAG-AGENCIA-FOMENTO="NAO" FLAG-INSTITUICAO-DE-ENSINO="SIM"/><INFORMACAO-ADICIONAL-INSTITUICAO CODIGO-INSTITUICAO="201900000008" SIGLA-INSTITUICAO="UNISUAM" SIGLA-UF-INSTITUICAO="RJ" SIGLA-PAIS-INSTITUICAO="BRA" NOME-PAIS-INSTITUICAO="Brasil" FLAG-AGENCIA-FOMENTO="NAO" FLAG-INSTITUICAO-DE-ENSINO="SIM"/><INFORMACAO-ADICIONAL-INSTITUICAO CODIGO-INSTITUICAO="201901000990" SIGLA-INSTITUICAO="" SIGLA-UF-INSTITUICAO="RJ" SIGLA-PAIS-INSTITUICAO="BRA" NOME-PAIS-INSTITUICAO="Brasil" FLAG-AGENCIA-FOMENTO="NAO" FLAG-INSTITUICAO-DE-ENSINO="NAO"/><INFORMACAO-ADICIONAL-INSTITUICAO CODIGO-INSTITUICAO="451000000000" SIGLA-INSTITUICAO="UNIS/MG" SIGLA-UF-INSTITUICAO="MG" SIGLA-PAIS-INSTITUICAO="BRA" NOME-PAIS-INSTITUICAO="Brasil" FLAG-AGENCIA-FOMENTO="NAO" FLAG-INSTITUICAO-DE-ENSINO="SIM"/></INFORMACOES-ADICIONAIS-INSTITUICOES><INFORMACOES-ADICIONAIS-CURSOS><INFORMACAO-ADICIONAL-CURSO CODIGO-CURSO="60033703" CODIGO-ORGAO="" NOME-ORGAO="" CODIGO-INSTITUICAO="020200000009" NOME-INSTITUICAO="Universidade Federal do Rio de Janeiro" NOME-GRANDE-AREA-DO-CONHECIMENTO="OUTROS" NOME-DA-AREA-DO-CONHECIMENTO="" NOME-DA-SUB-AREA-DO-CONHECIMENTO="" NOME-DA-ESPECIALIDADE="" NIVEL-CURSO="MESTRADO_DOUTORADO"/><INFORMACAO-ADICIONAL-CURSO CODIGO-CURSO="60279583" CODIGO-ORGAO="" NOME-ORGAO="" CODIGO-INSTITUICAO="201900000008" NOME-INSTITUICAO="Centro Universitário Augusto Motta" NOME-GRANDE-AREA-DO-CONHECIMENTO="OUTROS" NOME-DA-AREA-DO-CONHECIMENTO="" NOME-DA-SUB-AREA-DO-CONHECIMENTO="" NOME-DA-ESPECIALIDADE="" NIVEL-CURSO="GRADUACAO"/><INFORMACAO-ADICIONAL-CURSO CODIGO-CURSO="60376570" CODIGO-ORGAO="" NOME-ORGAO="" CODIGO-INSTITUICAO="451000000000" NOME-INSTITUICAO="Centro Universitário do Sul de Minas" NOME-GRANDE-AREA-DO-CONHECIMENTO="OUTROS" NOME-DA-AREA-DO-CONHECIMENTO="" NOME-DA-SUB-AREA-DO-CONHECIMENTO="" NOME-DA-ESPECIALIDADE="" NIVEL-CURSO="GRADUACAO"/><INFORMACAO-ADICIONAL-CURSO CODIGO-CURSO="60426241" CODIGO-ORGAO="" NOME-ORGAO="" CODIGO-INSTITUICAO="451000000000" NOME-INSTITUICAO="Centro Universitário do Sul de Minas" NOME-GRANDE-AREA-DO-CONHECIMENTO="OUTROS" NOME-DA-AREA-DO-CONHECIMENTO="" NOME-DA-SUB-AREA-DO-CONHECIMENTO="" NOME-DA-ESPECIALIDADE="" NIVEL-CURSO="GRADUACAO"/><INFORMACAO-ADICIONAL-CURSO CODIGO-CURSO="90000000" CODIGO-ORGAO="" NOME-ORGAO="" CODIGO-INSTITUICAO="201900000008" NOME-INSTITUICAO="Centro Universitário Augusto Motta" NOME-GRANDE-AREA-DO-CONHECIMENTO="CIENCIAS_HUMANAS" NOME-DA-AREA-DO-CONHECIMENTO="História" NOME-DA-SUB-AREA-DO-CONHECIMENTO="" NOME-DA-ESPECIALIDADE="" NIVEL-CURSO="GRADUACAO"/><INFORMACAO-ADICIONAL-CURSO CODIGO-CURSO="90000001" CODIGO-ORGAO="" NOME-ORGAO="" CODIGO-INSTITUICAO="451000000000" NOME-INSTITUICAO="Centro Universitário do Sul de Minas" NOME-GRANDE-AREA-DO-CONHECIMENTO="CIENCIAS_EXATAS_E_DA_TERRA" NOME-DA-AREA-DO-CONHECIMENTO="Física" NOME-DA-SUB-AREA-DO-CONHECIMENTO="Física Geral" NOME-DA-ESPECIALIDADE="" NIVEL-CURSO="APERFEICOAMENTO"/><INFORMACAO-ADICIONAL-CURSO CODIGO-CURSO="90000002" CODIGO-ORGAO="" NOME-ORGAO="" CODIGO-INSTITUICAO="451000000000" NOME-INSTITUICAO="Centro Universitário do Sul de Minas" NOME-GRANDE-AREA-DO-CONHECIMENTO="OUTROS" NOME-DA-AREA-DO-CONHECIMENTO="" NOME-DA-SUB-AREA-DO-CONHECIMENTO="" NOME-DA-ESPECIALIDADE="" NIVEL-CURSO="APERFEICOAMENTO"/><INFORMACAO-ADICIONAL-CURSO CODIGO-CURSO="90000003" CODIGO-ORGAO="" NOME-ORGAO="" CODIGO-INSTITUICAO="000200000993" NOME-INSTITUICAO="Colégio Metalurgico" NOME-GRANDE-AREA-DO-CONHECIMENTO="ENGENHARIAS" NOME-DA-AREA-DO-CONHECIMENTO="Engenharia Elétrica" NOME-DA-SUB-AREA-DO-CONHECIMENTO="" NOME-DA-ESPECIALIDADE="" NIVEL-CURSO="OT"/><INFORMACAO-ADICIONAL-CURSO CODIGO-CURSO="90000004" CODIGO-ORGAO="" NOME-ORGAO="" CODIGO-INSTITUICAO="000300000995" NOME-INSTITUICAO="ESCOLA TÉCNICA E DO PETRÓLEO" NOME-GRANDE-AREA-DO-CONHECIMENTO="ENGENHARIAS" NOME-DA-AREA-DO-CONHECIMENTO="Engenharia Mecânica" NOME-DA-SUB-AREA-DO-CONHECIMENTO="" NOME-DA-ESPECIALIDADE="" NIVEL-CURSO="OT"/><INFORMACAO-ADICIONAL-CURSO CODIGO-CURSO="90000005" CODIGO-ORGAO="" NOME-ORGAO="" CODIGO-INSTITUICAO="451000000000" NOME-INSTITUICAO="Centro Universitário do Sul de Minas" NOME-GRANDE-AREA-DO-CONHECIMENTO="OUTROS" NOME-DA-AREA-DO-CONHECIMENTO="Multidisciplinar" NOME-DA-SUB-AREA-DO-CONHECIMENTO="" NOME-DA-ESPECIALIDADE="" NIVEL-CURSO="APERFEICOAMENTO"/><INFORMACAO-ADICIONAL-CURSO CODIGO-CURSO="90000006" CODIGO-ORGAO="" NOME-ORGAO="" CODIGO-INSTITUICAO="451000000000" NOME-INSTITUICAO="Centro Universitário do Sul de Minas" NOME-GRANDE-AREA-DO-CONHECIMENTO="OUTROS" NOME-DA-AREA-DO-CONHECIMENTO="Multidisciplinar" NOME-DA-SUB-AREA-DO-CONHECIMENTO="" NOME-DA-ESPECIALIDADE="" NIVEL-CURSO="APERFEICOAMENTO"/></INFORMACOES-ADICIONAIS-CURSOS></DADOS-COMPLEMENTARES><eventos/><DADOS-GERAIS-COMPLEMENTO><DATA-VALIDACAO>1482102761000</DATA-VALIDACAO><DATA-ATUALIZACAO-CURRICULO>1482102761000</DATA-ATUALIZACAO-CURRICULO><IDIOMA-CURRICULO>PT</IDIOMA-CURRICULO><VERSAO-INGLES>N</VERSAO-INGLES></DADOS-GERAIS-COMPLEMENTO></CURRICULO-VITAE>