<CURRICULO-VITAE SISTEMA-ORIGEM-XML="LATTES_OFFLINE" NUMERO-IDENTIFICADOR="4361840482376714" FORMATO-DATA-ATUALIZACAO="DDMMAAAA" DATA-ATUALIZACAO="27122016" FORMATO-HORA-ATUALIZACAO="HHMMSS" HORA-ATUALIZACAO="092154"><DADOS-GERAIS NOME-COMPLETO="José Marques Lopes" NOME-EM-CITACOES-BIBLIOGRAFICAS="LOPES, J. M." NACIONALIDADE="B" PAIS-DE-NASCIMENTO="Brasil" FORMATO-DATA-DE-NASCIMENTO="DDMMAAAA" FORMATO-DATA-DE-EMISSAO="DDMMAAAA" PERMISSAO-DE-DIVULGACAO="NAO" DATA-FALECIMENTO="" SIGLA-PAIS-NACIONALIDADE="BRA" PAIS-DE-NACIONALIDADE="Brasil"><RESUMO-CV TEXTO-RESUMO-CV-RH="Possui graduação em Licenciatura em Física pelo Instituto Federal de Educação, Ciência e Tecnologia do Rio de Janeiro (2010) e graduação em Bacharelado em Física pela FTESM (2013). Mestrado em Engenharia Nuclear realizado na COPPE / UFRJ (2013). Atualmente é aluno de doutorado na COPPE / UFRJ, onde atua na área de análise ambiental utilizando espectrometria gama." TEXTO-RESUMO-CV-RH-EN="Undergraduate Degree in Physics from the Instituto Federal de Educação, Ciência e Tecnologia do Rio de Janeiro (2010) and Bachelor Degree in Physics from FTESM (2013). Masters in Nuclear Engineering developed at COPPE / UFRJ (2013)."/><OUTRAS-INFORMACOES-RELEVANTES OUTRAS-INFORMACOES-RELEVANTES="O artigo &amp;quot;CÁLCULO DE DOSE DEVIDO A INGESTÃO DE 40K EM AMOSTRAS DE FEIJÃO UTILIZANDO ESPECTROMETRIA GAMA E MCNP.&amp;quot; apresentado no congresso Brasileiro de Metrologia das Radiações Ionizantes, foi selecionado para ser publicado na Revista Brasileira de Pesquisa e Desenvolvimento. Processo em andamento."/><ENDERECO FLAG-DE-PREFERENCIA="ENDERECO_RESIDENCIAL"><ENDERECO-PROFISSIONAL CODIGO-INSTITUICAO-EMPRESA="" NOME-INSTITUICAO-EMPRESA="" CODIGO-ORGAO="" NOME-ORGAO="" CODIGO-UNIDADE="" NOME-UNIDADE="" LOGRADOURO-COMPLEMENTO="" PAIS="Brasil" UF="RJ" CEP="" CIDADE="Rio de Janeiro" BAIRRO="" DDD="" TELEFONE="" RAMAL="" FAX="" E-MAIL="marqueslopez@yahoo.com.br" HOME-PAGE=""/></ENDERECO><FORMACAO-ACADEMICA-TITULACAO><GRADUACAO SEQUENCIA-FORMACAO="3" NIVEL="1" TITULO-DO-TRABALHO-DE-CONCLUSAO-DE-CURSO="O Funk e o Ensino de Física: Mapeando Percepções de Professores, Alunos e Gestores Escolares" NOME-DO-ORIENTADOR="Fábio Soares da Silva" CODIGO-INSTITUICAO="410300000009" NOME-INSTITUICAO="Instituto Federal de Educação, Ciência e Tecnologia do Rio de Janeiro" CODIGO-ORGAO="" NOME-ORGAO="" CODIGO-CURSO="90000001" NOME-CURSO="Licenciatura em Física" CODIGO-AREA-CURSO="90000001" STATUS-DO-CURSO="CONCLUIDO" ANO-DE-INICIO="2006" ANO-DE-CONCLUSAO="2010" FLAG-BOLSA="NAO" CODIGO-AGENCIA-FINANCIADORA="" NOME-AGENCIA="" NUMERO-ID-ORIENTADOR="" CODIGO-CURSO-CAPES="" TITULO-DO-TRABALHO-DE-CONCLUSAO-DE-CURSO-INGLES="" NOME-CURSO-INGLES="" FORMACAO-ACADEMICA-TITULACAO="" TIPO-GRADUACAO="" CODIGO-INSTITUICAO-GRAD="" NOME-INSTITUICAO-GRAD="" CODIGO-INSTITUICAO-OUTRA-GRAD="" NOME-INSTITUICAO-OUTRA-GRAD="" NOME-ORIENTADOR-GRAD=""/><GRADUACAO SEQUENCIA-FORMACAO="5" NIVEL="1" TITULO-DO-TRABALHO-DE-CONCLUSAO-DE-CURSO="Reorganização dos Arquivos de Estrutura Repetida dos Fantomas em Voxel da ICRP 110 para Utilização em Código de Monte Carlo MCNPX" NOME-DO-ORIENTADOR="Walsan Wagner Pereira" CODIGO-INSTITUICAO="J8M600000003" NOME-INSTITUICAO="Faculdade Souza Marques" CODIGO-ORGAO="" NOME-ORGAO="" CODIGO-CURSO="60449551" NOME-CURSO="Física" CODIGO-AREA-CURSO="" STATUS-DO-CURSO="CONCLUIDO" ANO-DE-INICIO="2012" ANO-DE-CONCLUSAO="2013" FLAG-BOLSA="NAO" CODIGO-AGENCIA-FINANCIADORA="" NOME-AGENCIA="" NUMERO-ID-ORIENTADOR="" CODIGO-CURSO-CAPES="305351" TITULO-DO-TRABALHO-DE-CONCLUSAO-DE-CURSO-INGLES="" NOME-CURSO-INGLES="" FORMACAO-ACADEMICA-TITULACAO="" TIPO-GRADUACAO="N" CODIGO-INSTITUICAO-GRAD="" NOME-INSTITUICAO-GRAD="" CODIGO-INSTITUICAO-OUTRA-GRAD="" NOME-INSTITUICAO-OUTRA-GRAD="" NOME-ORIENTADOR-GRAD=""/><MESTRADO SEQUENCIA-FORMACAO="4" NIVEL="3" CODIGO-INSTITUICAO="020200000009" NOME-INSTITUICAO="Universidade Federal do Rio de Janeiro" CODIGO-ORGAO="" NOME-ORGAO="" CODIGO-CURSO="60033711" NOME-CURSO="Engenharia Nuclear" CODIGO-AREA-CURSO="" STATUS-DO-CURSO="CONCLUIDO" ANO-DE-INICIO="2011" ANO-DE-CONCLUSAO="2013" FLAG-BOLSA="SIM" CODIGO-AGENCIA-FINANCIADORA="002200000000" NOME-AGENCIA="Conselho Nacional de Desenvolvimento Científico e Tecnológico" ANO-DE-OBTENCAO-DO-TITULO="2013" TITULO-DA-DISSERTACAO-TESE="AVALIAÇÃO DE FILTROS FÍSICOS MODIFICADORES DE CURVAS DE ISODOSE USADOS EM ACELERADORES RADIOTERÁPICOS" NOME-COMPLETO-DO-ORIENTADOR="Ademir Xavier da Silva" TIPO-MESTRADO="N" NUMERO-ID-ORIENTADOR="5706200091973418" CODIGO-CURSO-CAPES="" TITULO-DA-DISSERTACAO-TESE-INGLES="" NOME-CURSO-INGLES="Engineering" NOME-DO-CO-ORIENTADOR="" CODIGO-INSTITUICAO-DOUT="" NOME-INSTITUICAO-DOUT="" CODIGO-INSTITUICAO-OUTRA-DOUT="" NOME-INSTITUICAO-OUTRA-DOUT="" NOME-ORIENTADOR-DOUT=""><AREAS-DO-CONHECIMENTO><AREA-DO-CONHECIMENTO-1 NOME-GRANDE-AREA-DO-CONHECIMENTO="ENGENHARIAS" NOME-DA-AREA-DO-CONHECIMENTO="" NOME-DA-SUB-AREA-DO-CONHECIMENTO="" NOME-DA-ESPECIALIDADE=""/><AREA-DO-CONHECIMENTO-2 NOME-GRANDE-AREA-DO-CONHECIMENTO="ENGENHARIAS" NOME-DA-AREA-DO-CONHECIMENTO="Engenharia Nuclear" NOME-DA-SUB-AREA-DO-CONHECIMENTO="Física Nuclear Aplicada" NOME-DA-ESPECIALIDADE=""/><AREA-DO-CONHECIMENTO-3 NOME-GRANDE-AREA-DO-CONHECIMENTO="ENGENHARIAS" NOME-DA-AREA-DO-CONHECIMENTO="Engenharia Nuclear" NOME-DA-SUB-AREA-DO-CONHECIMENTO="Radioterapia" NOME-DA-ESPECIALIDADE=""/></AREAS-DO-CONHECIMENTO><conceitoCapes/></MESTRADO><DOUTORADO SEQUENCIA-FORMACAO="6" NIVEL="4" CODIGO-INSTITUICAO="020200000009" NOME-INSTITUICAO="Universidade Federal do Rio de Janeiro" CODIGO-ORGAO="" NOME-ORGAO="" CODIGO-CURSO="31000339" NOME-CURSO="Engenharia Nuclear" CODIGO-AREA-CURSO="30900000" STATUS-DO-CURSO="EM_ANDAMENTO" ANO-DE-INICIO="2014" ANO-DE-CONCLUSAO="" FLAG-BOLSA="SIM" CODIGO-AGENCIA-FINANCIADORA="002200000000" NOME-AGENCIA="Conselho Nacional de Desenvolvimento Científico e Tecnológico" ANO-DE-OBTENCAO-DO-TITULO="" TITULO-DA-DISSERTACAO-TESE="Avaliação da Dose Efetiva devido à ingestão de radionuclídeos contidos nos alimentos da dieta da população do Estado do Rio de Janeiro." NOME-COMPLETO-DO-ORIENTADOR="Ademir Xavier da Silva" TIPO-DOUTORADO="N" CODIGO-INSTITUICAO-DOUT="" NOME-INSTITUICAO-DOUT="" CODIGO-INSTITUICAO-OUTRA-DOUT="" NOME-INSTITUICAO-OUTRA-DOUT="" NOME-ORIENTADOR-DOUT="" NUMERO-ID-ORIENTADOR="5706200091973418" CODIGO-CURSO-CAPES="31001017033P3" TITULO-DA-DISSERTACAO-TESE-INGLES="" NOME-CURSO-INGLES="Nuclear Engineering" NOME-DO-ORIENTADOR-CO-TUTELA="" CODIGO-INSTITUICAO-OUTRA-CO-TUTELA="" CODIGO-INSTITUICAO-CO-TUTELA="" NOME-DO-ORIENTADOR-SANDUICHE="" CODIGO-INSTITUICAO-OUTRA-SANDUICHE="" CODIGO-INSTITUICAO-SANDUICHE="" NOME-DO-CO-ORIENTADOR=""><AREAS-DO-CONHECIMENTO><AREA-DO-CONHECIMENTO-1 NOME-GRANDE-AREA-DO-CONHECIMENTO="ENGENHARIAS" NOME-DA-AREA-DO-CONHECIMENTO="" NOME-DA-SUB-AREA-DO-CONHECIMENTO="Física Nuclear Aplicada" NOME-DA-ESPECIALIDADE=""/><AREA-DO-CONHECIMENTO-2 NOME-GRANDE-AREA-DO-CONHECIMENTO="ENGENHARIAS" NOME-DA-AREA-DO-CONHECIMENTO="Engenharia Nuclear" NOME-DA-SUB-AREA-DO-CONHECIMENTO="Aplicações de Radioisótopos" NOME-DA-ESPECIALIDADE="Instrumentação para Medida e Controle de Radiação"/></AREAS-DO-CONHECIMENTO><conceitoCapes/></DOUTORADO></FORMACAO-ACADEMICA-TITULACAO><ATUACOES-PROFISSIONAIS><ATUACAO-PROFISSIONAL CODIGO-INSTITUICAO="410300000009" NOME-INSTITUICAO="Instituto Federal de Educação, Ciência e Tecnologia do Rio de Janeiro" SEQUENCIA-ATIVIDADE="1" SEQUENCIA-IMPORTANCIA="1"><VINCULOS SEQUENCIA-HISTORICO="1" TIPO-DE-VINCULO="LIVRE" ENQUADRAMENTO-FUNCIONAL="LIVRE" CARGA-HORARIA-SEMANAL="20" FLAG-DEDICACAO-EXCLUSIVA="SIM" MES-INICIO="04" ANO-INICIO="2009" MES-FIM="06" ANO-FIM="2010" OUTRAS-INFORMACOES="Elaboração de experimentos com materiais de baixo custo. Ministração de aulas experimentais para alunos de ensino médio." FLAG-VINCULO-EMPREGATICIO="SIM" OUTRO-VINCULO-INFORMADO="Bolsista PIBID" OUTRO-ENQUADRAMENTO-FUNCIONAL-INFORMADO="cooperador" OUTRO-ENQUADRAMENTO-FUNCIONAL-INFORMADO-INGLES="" OUTRAS-INFORMACOES-INGLES=""/><VINCULOS SEQUENCIA-HISTORICO="2" TIPO-DE-VINCULO="COLABORADOR" ENQUADRAMENTO-FUNCIONAL="LIVRE" CARGA-HORARIA-SEMANAL="10" FLAG-DEDICACAO-EXCLUSIVA="NAO" MES-INICIO="08" ANO-INICIO="2008" MES-FIM="04" ANO-FIM="2009" OUTRAS-INFORMACOES="" FLAG-VINCULO-EMPREGATICIO="SIM" OUTRO-VINCULO-INFORMADO="" OUTRO-ENQUADRAMENTO-FUNCIONAL-INFORMADO="Monitor Cálculo 1" OUTRO-ENQUADRAMENTO-FUNCIONAL-INFORMADO-INGLES="" OUTRAS-INFORMACOES-INGLES=""/><atividadesProfissionaisPlanificadas/></ATUACAO-PROFISSIONAL><ATUACAO-PROFISSIONAL CODIGO-INSTITUICAO="201900000008" NOME-INSTITUICAO="Centro Universitário Augusto Motta" SEQUENCIA-ATIVIDADE="2" SEQUENCIA-IMPORTANCIA="3"><VINCULOS SEQUENCIA-HISTORICO="1" TIPO-DE-VINCULO="CELETISTA" ENQUADRAMENTO-FUNCIONAL="LIVRE" CARGA-HORARIA-SEMANAL="20" FLAG-DEDICACAO-EXCLUSIVA="NAO" MES-INICIO="02" ANO-INICIO="2015" MES-FIM="" ANO-FIM="" OUTRAS-INFORMACOES="Professor de Física dos cursos de engenharia." FLAG-VINCULO-EMPREGATICIO="NAO" OUTRO-VINCULO-INFORMADO="" OUTRO-ENQUADRAMENTO-FUNCIONAL-INFORMADO="Professor Auxiliar" OUTRO-ENQUADRAMENTO-FUNCIONAL-INFORMADO-INGLES="" OUTRAS-INFORMACOES-INGLES=""/><ATIVIDADES-DE-ENSINO><ENSINO SEQUENCIA-FUNCAO-ATIVIDADE="1" FLAG-PERIODO="ANTERIOR" TIPO-ENSINO="GRADUACAO" MES-INICIO="02" ANO-INICIO="2015" MES-FIM="07" ANO-FIM="2015" CODIGO-ORGAO="" NOME-ORGAO="" CODIGO-CURSO="60067403" NOME-CURSO="Engenharia Civil" NOME-CURSO-INGLES=""><DISCIPLINA SEQUENCIA-ESPECIFICACAO="1">Fisica II</DISCIPLINA><DISCIPLINA SEQUENCIA-ESPECIFICACAO="2">Física III</DISCIPLINA></ENSINO><ENSINO SEQUENCIA-FUNCAO-ATIVIDADE="2" FLAG-PERIODO="ANTERIOR" TIPO-ENSINO="GRADUACAO" MES-INICIO="07" ANO-INICIO="2015" MES-FIM="12" ANO-FIM="2015" CODIGO-ORGAO="" NOME-ORGAO="" CODIGO-CURSO="60067403" NOME-CURSO="Engenharia Civil" NOME-CURSO-INGLES=""><DISCIPLINA SEQUENCIA-ESPECIFICACAO="1">Laboratório de Física Básica</DISCIPLINA><DISCIPLINA SEQUENCIA-ESPECIFICACAO="2">Física II</DISCIPLINA></ENSINO><ENSINO SEQUENCIA-FUNCAO-ATIVIDADE="3" FLAG-PERIODO="ANTERIOR" TIPO-ENSINO="GRADUACAO" MES-INICIO="02" ANO-INICIO="2016" MES-FIM="07" ANO-FIM="2016" CODIGO-ORGAO="" NOME-ORGAO="" CODIGO-CURSO="60067403" NOME-CURSO="Engenharia Civil" NOME-CURSO-INGLES=""><DISCIPLINA SEQUENCIA-ESPECIFICACAO="1">Laboratório de Física Básica</DISCIPLINA><DISCIPLINA SEQUENCIA-ESPECIFICACAO="2">Física I</DISCIPLINA><DISCIPLINA SEQUENCIA-ESPECIFICACAO="3">Física III</DISCIPLINA></ENSINO><ENSINO SEQUENCIA-FUNCAO-ATIVIDADE="4" FLAG-PERIODO="ANTERIOR" TIPO-ENSINO="GRADUACAO" MES-INICIO="07" ANO-INICIO="2016" MES-FIM="12" ANO-FIM="2016" CODIGO-ORGAO="" NOME-ORGAO="" CODIGO-CURSO="60067403" NOME-CURSO="Engenharia Civil" NOME-CURSO-INGLES=""><DISCIPLINA SEQUENCIA-ESPECIFICACAO="1">Eletrotécnica</DISCIPLINA><DISCIPLINA SEQUENCIA-ESPECIFICACAO="2">Física I</DISCIPLINA><DISCIPLINA SEQUENCIA-ESPECIFICACAO="3">Física II</DISCIPLINA></ENSINO></ATIVIDADES-DE-ENSINO><ATIVIDADES-DE-EXTENSAO-UNIVERSITARIA><EXTENSAO-UNIVERSITARIA SEQUENCIA-FUNCAO-ATIVIDADE="5" FLAG-PERIODO="ATUAL" MES-INICIO="02" ANO-INICIO="2016" MES-FIM="" ANO-FIM="" CODIGO-ORGAO="201901000990" NOME-ORGAO="Núcleo de Apoio Psicopedagógico" CODIGO-UNIDADE="" NOME-UNIDADE="" ATIVIDADE-DE-EXTENSAO-REALIZADA="Criar condições para aluno de engenharia superar possíveis defasagens de conteúdos relacionados ao ensino básico."/></ATIVIDADES-DE-EXTENSAO-UNIVERSITARIA><atividadesProfissionaisPlanificadas/></ATUACAO-PROFISSIONAL><ATUACAO-PROFISSIONAL CODIGO-INSTITUICAO="000200000993" NOME-INSTITUICAO="Centro Educacional Rakel Rechem" SEQUENCIA-ATIVIDADE="3" SEQUENCIA-IMPORTANCIA="2"><VINCULOS SEQUENCIA-HISTORICO="1" TIPO-DE-VINCULO="CELETISTA" ENQUADRAMENTO-FUNCIONAL="LIVRE" CARGA-HORARIA-SEMANAL="12" FLAG-DEDICACAO-EXCLUSIVA="NAO" MES-INICIO="06" ANO-INICIO="2013" MES-FIM="06" ANO-FIM="2014" OUTRAS-INFORMACOES="Professor de física do ensino básico" FLAG-VINCULO-EMPREGATICIO="NAO" OUTRO-VINCULO-INFORMADO="" OUTRO-ENQUADRAMENTO-FUNCIONAL-INFORMADO="Professor" OUTRO-ENQUADRAMENTO-FUNCIONAL-INFORMADO-INGLES="" OUTRAS-INFORMACOES-INGLES=""/><atividadesProfissionaisPlanificadas/></ATUACAO-PROFISSIONAL></ATUACOES-PROFISSIONAIS><AREAS-DE-ATUACAO><AREA-DE-ATUACAO SEQUENCIA-AREA-DE-ATUACAO="1" NOME-GRANDE-AREA-DO-CONHECIMENTO="ENGENHARIAS" NOME-DA-AREA-DO-CONHECIMENTO="Engenharia Nuclear" NOME-DA-SUB-AREA-DO-CONHECIMENTO="" NOME-DA-ESPECIALIDADE=""/><AREA-DE-ATUACAO SEQUENCIA-AREA-DE-ATUACAO="2" NOME-GRANDE-AREA-DO-CONHECIMENTO="ENGENHARIAS" NOME-DA-AREA-DO-CONHECIMENTO="Engenharia Nuclear" NOME-DA-SUB-AREA-DO-CONHECIMENTO="Física Nuclear Aplicada" NOME-DA-ESPECIALIDADE=""/><AREA-DE-ATUACAO SEQUENCIA-AREA-DE-ATUACAO="3" NOME-GRANDE-AREA-DO-CONHECIMENTO="ENGENHARIAS" NOME-DA-AREA-DO-CONHECIMENTO="Engenharia Nuclear" NOME-DA-SUB-AREA-DO-CONHECIMENTO="Radioterapia" NOME-DA-ESPECIALIDADE=""/><AREA-DE-ATUACAO SEQUENCIA-AREA-DE-ATUACAO="4" NOME-GRANDE-AREA-DO-CONHECIMENTO="ENGENHARIAS" NOME-DA-AREA-DO-CONHECIMENTO="Engenharia Nuclear" NOME-DA-SUB-AREA-DO-CONHECIMENTO="MCNPX" NOME-DA-ESPECIALIDADE=""/></AREAS-DE-ATUACAO><IDIOMAS><IDIOMA IDIOMA="EN" DESCRICAO-DO-IDIOMA="Inglês" PROFICIENCIA-DE-LEITURA="RAZOAVELMENTE" PROFICIENCIA-DE-FALA="RAZOAVELMENTE" PROFICIENCIA-DE-ESCRITA="RAZOAVELMENTE" PROFICIENCIA-DE-COMPREENSAO="RAZOAVELMENTE"/></IDIOMAS><staValidado/><dataExibicao/><dadosBolsista/></DADOS-GERAIS><PRODUCAO-BIBLIOGRAFICA><TRABALHOS-EM-EVENTOS><TRABALHO-EM-EVENTOS SEQUENCIA-PRODUCAO="2"><DADOS-BASICOS-DO-TRABALHO NATUREZA="COMPLETO" TITULO-DO-TRABALHO="CÁLCULO DE DOSE DEVIDO A INGESTÃO DE 40K CONTIDO EM AMOSTRAS DE FEIJÃO UTILIZANDO ESPECTROMETRIA GAMA E SIMULAÇÃO DE MONTE CARLO." ANO-DO-TRABALHO="2014" PAIS-DO-EVENTO="Brasil" IDIOMA="Português" MEIO-DE-DIVULGACAO="MEIO_DIGITAL" HOME-PAGE-DO-TRABALHO="" FLAG-RELEVANCIA="SIM" DOI="" TITULO-DO-TRABALHO-INGLES="" FLAG-DIVULGACAO-CIENTIFICA="SIM"/><DETALHAMENTO-DO-TRABALHO CLASSIFICACAO-DO-EVENTO="NACIONAL" NOME-DO-EVENTO="17º Encontro Nacional de Modelagem Computacional" CIDADE-DO-EVENTO="Petrópolis" ANO-DE-REALIZACAO="" TITULO-DOS-ANAIS-OU-PROCEEDINGS="17º Encontro Nacional de Modelagem Computacional e 5º Encontro de Ciencias e Tecnologia de Materiais" VOLUME="" FASCICULO="" SERIE="" PAGINA-INICIAL="" PAGINA-FINAL="" ISBN="" NOME-DA-EDITORA="" CIDADE-DA-EDITORA="" NOME-DO-EVENTO-INGLES=""/><AUTORES NOME-COMPLETO-DO-AUTOR="José Marques Lopes" NOME-PARA-CITACAO="LOPES, J. M." ORDEM-DE-AUTORIA="1" NRO-ID-CNPQ="4361840482376714"/><AUTORES NOME-COMPLETO-DO-AUTOR="Ricardo Dutra Garcez" NOME-PARA-CITACAO="Garcêz, R. D." ORDEM-DE-AUTORIA="2" NRO-ID-CNPQ="7974623465997026"/><AUTORES NOME-COMPLETO-DO-AUTOR="Alessandro Mariano Domingues" NOME-PARA-CITACAO="Domingues, A. M." ORDEM-DE-AUTORIA="3" NRO-ID-CNPQ="2989587235847034"/><AUTORES NOME-COMPLETO-DO-AUTOR="Ademir Xavier da Silva" NOME-PARA-CITACAO="Silva, A. X." ORDEM-DE-AUTORIA="4" NRO-ID-CNPQ="5706200091973418"/><AUTORES NOME-COMPLETO-DO-AUTOR="Marco Frota Lima" NOME-PARA-CITACAO="Lima, M. F." ORDEM-DE-AUTORIA="5" NRO-ID-CNPQ="8650134043546975"/><PALAVRAS-CHAVE PALAVRA-CHAVE-1="HPGe, MCNPX, Fantomas em Voxel, Radioatividade Nat" PALAVRA-CHAVE-2="" PALAVRA-CHAVE-3="" PALAVRA-CHAVE-4="" PALAVRA-CHAVE-5="" PALAVRA-CHAVE-6=""/><AREAS-DO-CONHECIMENTO><AREA-DO-CONHECIMENTO-1 NOME-GRANDE-AREA-DO-CONHECIMENTO="ENGENHARIAS" NOME-DA-AREA-DO-CONHECIMENTO="" NOME-DA-SUB-AREA-DO-CONHECIMENTO="MCNPX" NOME-DA-ESPECIALIDADE=""/><AREA-DO-CONHECIMENTO-2 NOME-GRANDE-AREA-DO-CONHECIMENTO="ENGENHARIAS" NOME-DA-AREA-DO-CONHECIMENTO="Engenharia Nuclear" NOME-DA-SUB-AREA-DO-CONHECIMENTO="Física Nuclear Aplicada" NOME-DA-ESPECIALIDADE=""/><AREA-DO-CONHECIMENTO-3 NOME-GRANDE-AREA-DO-CONHECIMENTO="ENGENHARIAS" NOME-DA-AREA-DO-CONHECIMENTO="Engenharia Nuclear" NOME-DA-SUB-AREA-DO-CONHECIMENTO="Aplicações de Radioisótopos" NOME-DA-ESPECIALIDADE="Instrumentação para Medida e Controle de Radiação"/></AREAS-DO-CONHECIMENTO><SETORES-DE-ATIVIDADE SETOR-DE-ATIVIDADE-1="Pesquisa e desenvolvimento científico" SETOR-DE-ATIVIDADE-2="Alimentação" SETOR-DE-ATIVIDADE-3=""/></TRABALHO-EM-EVENTOS><TRABALHO-EM-EVENTOS SEQUENCIA-PRODUCAO="6"><DADOS-BASICOS-DO-TRABALHO NATUREZA="COMPLETO" TITULO-DO-TRABALHO="Relative Efficiency Calculation of a HPGe detector Using MCNPX Code" ANO-DO-TRABALHO="2015" PAIS-DO-EVENTO="Brasil" IDIOMA="Inglês" MEIO-DE-DIVULGACAO="MEIO_DIGITAL" HOME-PAGE-DO-TRABALHO="" FLAG-RELEVANCIA="SIM" DOI="" TITULO-DO-TRABALHO-INGLES="" FLAG-DIVULGACAO-CIENTIFICA="SIM"/><DETALHAMENTO-DO-TRABALHO CLASSIFICACAO-DO-EVENTO="INTERNACIONAL" NOME-DO-EVENTO="International Nuclear Atlantic Conference" CIDADE-DO-EVENTO="São Paulo" ANO-DE-REALIZACAO="2015" TITULO-DOS-ANAIS-OU-PROCEEDINGS="INAC 2015" VOLUME="" FASCICULO="" SERIE="" PAGINA-INICIAL="" PAGINA-FINAL="" ISBN="" NOME-DA-EDITORA="" CIDADE-DA-EDITORA="" NOME-DO-EVENTO-INGLES=""/><AUTORES NOME-COMPLETO-DO-AUTOR="Marcos Paulo Cavaliere Medeiros" NOME-PARA-CITACAO="MEDEIROS, M. P. C." ORDEM-DE-AUTORIA="1" NRO-ID-CNPQ="2847914110054839"/><AUTORES NOME-COMPLETO-DO-AUTOR="Wilson Freitas Rebello da Silva Junior" NOME-PARA-CITACAO="SILVA JUNIOR, W. F. R." ORDEM-DE-AUTORIA="2" NRO-ID-CNPQ="5388048554531038"/><AUTORES NOME-COMPLETO-DO-AUTOR="José Marques Lopes" NOME-PARA-CITACAO="LOPES, J. M." ORDEM-DE-AUTORIA="3" NRO-ID-CNPQ="4361840482376714"/><AUTORES NOME-COMPLETO-DO-AUTOR="Ademir Xavier da Silva" NOME-PARA-CITACAO="Silva, A. X." ORDEM-DE-AUTORIA="4" NRO-ID-CNPQ="5706200091973418"/><AREAS-DO-CONHECIMENTO><AREA-DO-CONHECIMENTO-1 NOME-GRANDE-AREA-DO-CONHECIMENTO="ENGENHARIAS" NOME-DA-AREA-DO-CONHECIMENTO="" NOME-DA-SUB-AREA-DO-CONHECIMENTO="Aplicações de Radioisótopos" NOME-DA-ESPECIALIDADE="Instrumentação para Medida e Controle de Radiação"/><AREA-DO-CONHECIMENTO-2 NOME-GRANDE-AREA-DO-CONHECIMENTO="ENGENHARIAS" NOME-DA-AREA-DO-CONHECIMENTO="Engenharia Nuclear" NOME-DA-SUB-AREA-DO-CONHECIMENTO="MCNPX" NOME-DA-ESPECIALIDADE=""/></AREAS-DO-CONHECIMENTO></TRABALHO-EM-EVENTOS><TRABALHO-EM-EVENTOS SEQUENCIA-PRODUCAO="7"><DADOS-BASICOS-DO-TRABALHO NATUREZA="COMPLETO" TITULO-DO-TRABALHO="Determination of specific concentrations of 40K, 238U and 232Th in mineral fertilizer samples" ANO-DO-TRABALHO="2015" PAIS-DO-EVENTO="Brasil" IDIOMA="Inglês" MEIO-DE-DIVULGACAO="MEIO_DIGITAL" HOME-PAGE-DO-TRABALHO="" FLAG-RELEVANCIA="SIM" DOI="" TITULO-DO-TRABALHO-INGLES="" FLAG-DIVULGACAO-CIENTIFICA="NAO"/><DETALHAMENTO-DO-TRABALHO CLASSIFICACAO-DO-EVENTO="INTERNACIONAL" NOME-DO-EVENTO="2015 International Nuclear Atlantic Conference" CIDADE-DO-EVENTO="São Paulo" ANO-DE-REALIZACAO="2015" TITULO-DOS-ANAIS-OU-PROCEEDINGS="INAC 2015" VOLUME="" FASCICULO="" SERIE="" PAGINA-INICIAL="" PAGINA-FINAL="" ISBN="" NOME-DA-EDITORA="" CIDADE-DA-EDITORA="" NOME-DO-EVENTO-INGLES=""/><AUTORES NOME-COMPLETO-DO-AUTOR="Ricardo Dutra Garcez" NOME-PARA-CITACAO="Garcêz, R. D." ORDEM-DE-AUTORIA="1" NRO-ID-CNPQ="7974623465997026"/><AUTORES NOME-COMPLETO-DO-AUTOR="José Marques Lopes" NOME-PARA-CITACAO="LOPES, J. M." ORDEM-DE-AUTORIA="2" NRO-ID-CNPQ="4361840482376714"/><AUTORES NOME-COMPLETO-DO-AUTOR="Alessandro Mariano Domingues" NOME-PARA-CITACAO="Domingues, A. M." ORDEM-DE-AUTORIA="3" NRO-ID-CNPQ="2989587235847034"/><AUTORES NOME-COMPLETO-DO-AUTOR="Marco Frota Lima" NOME-PARA-CITACAO="Lima, M. F." ORDEM-DE-AUTORIA="4" NRO-ID-CNPQ="8650134043546975"/><AUTORES NOME-COMPLETO-DO-AUTOR="Ademir Xavier da Silva" NOME-PARA-CITACAO="Silva, A. X." ORDEM-DE-AUTORIA="5" NRO-ID-CNPQ="5706200091973418"/></TRABALHO-EM-EVENTOS><TRABALHO-EM-EVENTOS SEQUENCIA-PRODUCAO="10"><DADOS-BASICOS-DO-TRABALHO NATUREZA="COMPLETO" TITULO-DO-TRABALHO="Determinação da eficiência relativa de um detector usando método de Monte Carlo" ANO-DO-TRABALHO="2015" PAIS-DO-EVENTO="Brasil" IDIOMA="Português" MEIO-DE-DIVULGACAO="MEIO_DIGITAL" HOME-PAGE-DO-TRABALHO="" FLAG-RELEVANCIA="NAO" DOI="" TITULO-DO-TRABALHO-INGLES="" FLAG-DIVULGACAO-CIENTIFICA="NAO"/><DETALHAMENTO-DO-TRABALHO CLASSIFICACAO-DO-EVENTO="NACIONAL" NOME-DO-EVENTO="XVIII ENMC e VI ECTM" CIDADE-DO-EVENTO="Salvador - Ba" ANO-DE-REALIZACAO="2015" TITULO-DOS-ANAIS-OU-PROCEEDINGS="XVIII Encontro Nacional de Modelagem Computacional e VI Encontro de Ciencia e Tecnologia de Materiais 2015" VOLUME="" FASCICULO="" SERIE="" PAGINA-INICIAL="" PAGINA-FINAL="" ISBN="" NOME-DA-EDITORA="" CIDADE-DA-EDITORA="" NOME-DO-EVENTO-INGLES=""/><AUTORES NOME-COMPLETO-DO-AUTOR="Marcos Paulo Cavaliere Medeiros" NOME-PARA-CITACAO="MEDEIROS, M. P. C." ORDEM-DE-AUTORIA="1" NRO-ID-CNPQ="2847914110054839"/><AUTORES NOME-COMPLETO-DO-AUTOR="Wilson Freitas Rebello da Silva Junior" NOME-PARA-CITACAO="SILVA JUNIOR, W. F. R." ORDEM-DE-AUTORIA="2" NRO-ID-CNPQ="5388048554531038"/><AUTORES NOME-COMPLETO-DO-AUTOR="José Marques Lopes" NOME-PARA-CITACAO="LOPES, J. M." ORDEM-DE-AUTORIA="3" NRO-ID-CNPQ="4361840482376714"/><AUTORES NOME-COMPLETO-DO-AUTOR="Ademir Xavier da Silva" NOME-PARA-CITACAO="Silva, A. X." ORDEM-DE-AUTORIA="4" NRO-ID-CNPQ="5706200091973418"/></TRABALHO-EM-EVENTOS><TRABALHO-EM-EVENTOS SEQUENCIA-PRODUCAO="13"><DADOS-BASICOS-DO-TRABALHO NATUREZA="COMPLETO" TITULO-DO-TRABALHO="DETERMINATION OF THE SPECIFIC ACTIVITIES OF RA-226, RA-228 AND K-40 IN SAMPLES OF MINERAL NITROGEN, POTASSIUM AND PHOSPHATE FERTILIZERS" ANO-DO-TRABALHO="2016" PAIS-DO-EVENTO="Brasil" IDIOMA="Inglês" MEIO-DE-DIVULGACAO="MEIO_DIGITAL" HOME-PAGE-DO-TRABALHO="" FLAG-RELEVANCIA="NAO" DOI="" TITULO-DO-TRABALHO-INGLES="" FLAG-DIVULGACAO-CIENTIFICA="SIM"/><DETALHAMENTO-DO-TRABALHO CLASSIFICACAO-DO-EVENTO="INTERNACIONAL" NOME-DO-EVENTO="Eigth International Symposium on Naturally Occurring Radioactive Material ? NORM VIII" CIDADE-DO-EVENTO="Rio de Janeiro" ANO-DE-REALIZACAO="2016" TITULO-DOS-ANAIS-OU-PROCEEDINGS="NORM VIII" VOLUME="" FASCICULO="" SERIE="" PAGINA-INICIAL="" PAGINA-FINAL="" ISBN="" NOME-DA-EDITORA="" CIDADE-DA-EDITORA="" NOME-DO-EVENTO-INGLES=""/><AUTORES NOME-COMPLETO-DO-AUTOR="Ricardo Dutra Garcez" NOME-PARA-CITACAO="Garcêz, R. D." ORDEM-DE-AUTORIA="1" NRO-ID-CNPQ="7974623465997026"/><AUTORES NOME-COMPLETO-DO-AUTOR="José Marques Lopes" NOME-PARA-CITACAO="LOPES, J. M." ORDEM-DE-AUTORIA="2" NRO-ID-CNPQ="4361840482376714"/><AUTORES NOME-COMPLETO-DO-AUTOR="Alessandro Mariano Domingues" NOME-PARA-CITACAO="Domingues, A. M." ORDEM-DE-AUTORIA="3" NRO-ID-CNPQ="2989587235847034"/><AUTORES NOME-COMPLETO-DO-AUTOR="Ademir Xavier da Silva" NOME-PARA-CITACAO="Silva, A. X." ORDEM-DE-AUTORIA="4" NRO-ID-CNPQ="5706200091973418"/><AUTORES NOME-COMPLETO-DO-AUTOR="Marco Frota Lima" NOME-PARA-CITACAO="Lima, M. F." ORDEM-DE-AUTORIA="5" NRO-ID-CNPQ="8650134043546975"/><PALAVRAS-CHAVE PALAVRA-CHAVE-1="Fertilizantes" PALAVRA-CHAVE-2="Radiatividade Natural" PALAVRA-CHAVE-3="HPGe" PALAVRA-CHAVE-4="" PALAVRA-CHAVE-5="" PALAVRA-CHAVE-6=""/><AREAS-DO-CONHECIMENTO><AREA-DO-CONHECIMENTO-1 NOME-GRANDE-AREA-DO-CONHECIMENTO="ENGENHARIAS" NOME-DA-AREA-DO-CONHECIMENTO="" NOME-DA-SUB-AREA-DO-CONHECIMENTO="Aplicações de Radioisótopos" NOME-DA-ESPECIALIDADE="Instrumentação para Medida e Controle de Radiação"/></AREAS-DO-CONHECIMENTO></TRABALHO-EM-EVENTOS><TRABALHO-EM-EVENTOS SEQUENCIA-PRODUCAO="12"><DADOS-BASICOS-DO-TRABALHO NATUREZA="COMPLETO" TITULO-DO-TRABALHO="DETERMINATION OF RA-226, RA-228 AND E K-40 SPECIFIC ACTIVITIES IN SAMPLES OF MINERAL NPK COMPOUND FERTILIZER" ANO-DO-TRABALHO="2016" PAIS-DO-EVENTO="Brasil" IDIOMA="Inglês" MEIO-DE-DIVULGACAO="MEIO_DIGITAL" HOME-PAGE-DO-TRABALHO="" FLAG-RELEVANCIA="SIM" DOI="" TITULO-DO-TRABALHO-INGLES="" FLAG-DIVULGACAO-CIENTIFICA="NAO"/><DETALHAMENTO-DO-TRABALHO CLASSIFICACAO-DO-EVENTO="INTERNACIONAL" NOME-DO-EVENTO="Eigth International Symposium on Naturally Occurring Radioactive Material ? NORM VIII" CIDADE-DO-EVENTO="Rio de Janeiro" ANO-DE-REALIZACAO="2016" TITULO-DOS-ANAIS-OU-PROCEEDINGS="NORM VIII" VOLUME="" FASCICULO="" SERIE="" PAGINA-INICIAL="" PAGINA-FINAL="" ISBN="" NOME-DA-EDITORA="" CIDADE-DA-EDITORA="" NOME-DO-EVENTO-INGLES=""/><AUTORES NOME-COMPLETO-DO-AUTOR="Ricardo Dutra Garcez" NOME-PARA-CITACAO="Garcêz, R. D." ORDEM-DE-AUTORIA="1" NRO-ID-CNPQ="7974623465997026"/><AUTORES NOME-COMPLETO-DO-AUTOR="José Marques Lopes" NOME-PARA-CITACAO="LOPES, J. M." ORDEM-DE-AUTORIA="2" NRO-ID-CNPQ="4361840482376714"/><AUTORES NOME-COMPLETO-DO-AUTOR="Alessandro Mariano Domingues" NOME-PARA-CITACAO="Domingues, A. M." ORDEM-DE-AUTORIA="3" NRO-ID-CNPQ="2989587235847034"/><AUTORES NOME-COMPLETO-DO-AUTOR="Ademir Xavier da Silva" NOME-PARA-CITACAO="Silva, A. X." ORDEM-DE-AUTORIA="4" NRO-ID-CNPQ="5706200091973418"/><AUTORES NOME-COMPLETO-DO-AUTOR="Marco Frota Lima" NOME-PARA-CITACAO="Lima, M. F." ORDEM-DE-AUTORIA="5" NRO-ID-CNPQ="8650134043546975"/><PALAVRAS-CHAVE PALAVRA-CHAVE-1="Radiatividade Natural" PALAVRA-CHAVE-2="Fertilizantes" PALAVRA-CHAVE-3="HPGe" PALAVRA-CHAVE-4="" PALAVRA-CHAVE-5="" PALAVRA-CHAVE-6=""/><AREAS-DO-CONHECIMENTO><AREA-DO-CONHECIMENTO-1 NOME-GRANDE-AREA-DO-CONHECIMENTO="ENGENHARIAS" NOME-DA-AREA-DO-CONHECIMENTO="" NOME-DA-SUB-AREA-DO-CONHECIMENTO="Aplicações de Radioisótopos" NOME-DA-ESPECIALIDADE="Instrumentação para Medida e Controle de Radiação"/></AREAS-DO-CONHECIMENTO></TRABALHO-EM-EVENTOS></TRABALHOS-EM-EVENTOS></PRODUCAO-BIBLIOGRAFICA><PRODUCAO-TECNICA><DEMAIS-TIPOS-DE-PRODUCAO-TECNICA><APRESENTACAO-DE-TRABALHO SEQUENCIA-PRODUCAO="4"><DADOS-BASICOS-DA-APRESENTACAO-DE-TRABALHO NATUREZA="CONGRESSO" TITULO="CÁLCULO DE DOSE DEVIDO A INGESTÃO DE 40K EM AMOSTRAS DE FEIJÃO UTILIZANDO ESPECTROMETRIA GAMA E MCNP" ANO="2014" PAIS="Brasil" IDIOMA="Português" FLAG-RELEVANCIA="NAO" DOI="" TITULO-INGLES="" FLAG-DIVULGACAO-CIENTIFICA="SIM"/><DETALHAMENTO-DA-APRESENTACAO-DE-TRABALHO NOME-DO-EVENTO="Congresso Brasileiro de Metrologia das Radiações Ionizantes." INSTITUICAO-PROMOTORA="IRD, INMETRO e Sociedade Brasileira de Metrologia" LOCAL-DA-APRESENTACAO="Instituto de Radioproteção e Dosimetria" CIDADE-DA-APRESENTACAO="Rio de Janeiro" NOME-DO-EVENTO-INGLES=""/><AUTORES NOME-COMPLETO-DO-AUTOR="José Marques Lopes" NOME-PARA-CITACAO="LOPES, J. M." ORDEM-DE-AUTORIA="1" NRO-ID-CNPQ="4361840482376714"/><AUTORES NOME-COMPLETO-DO-AUTOR="Ricardo Dutra Garcez" NOME-PARA-CITACAO="Garcêz, R. D." ORDEM-DE-AUTORIA="2" NRO-ID-CNPQ="7974623465997026"/><AUTORES NOME-COMPLETO-DO-AUTOR="Alessandro Mariano Domingues" NOME-PARA-CITACAO="Domingues, A. M." ORDEM-DE-AUTORIA="3" NRO-ID-CNPQ="2989587235847034"/><AUTORES NOME-COMPLETO-DO-AUTOR="Ademir Xavier da Silva" NOME-PARA-CITACAO="Silva, A. X." ORDEM-DE-AUTORIA="4" NRO-ID-CNPQ="5706200091973418"/><AUTORES NOME-COMPLETO-DO-AUTOR="Marco Frota Lima" NOME-PARA-CITACAO="Lima, M. F." ORDEM-DE-AUTORIA="5" NRO-ID-CNPQ="8650134043546975"/><PALAVRAS-CHAVE PALAVRA-CHAVE-1="HPGe, MCNPX, Fantomas em Voxel, Radioatividade Nat" PALAVRA-CHAVE-2="" PALAVRA-CHAVE-3="" PALAVRA-CHAVE-4="" PALAVRA-CHAVE-5="" PALAVRA-CHAVE-6=""/><AREAS-DO-CONHECIMENTO><AREA-DO-CONHECIMENTO-1 NOME-GRANDE-AREA-DO-CONHECIMENTO="ENGENHARIAS" NOME-DA-AREA-DO-CONHECIMENTO="" NOME-DA-SUB-AREA-DO-CONHECIMENTO="Física Nuclear Aplicada" NOME-DA-ESPECIALIDADE=""/><AREA-DO-CONHECIMENTO-2 NOME-GRANDE-AREA-DO-CONHECIMENTO="ENGENHARIAS" NOME-DA-AREA-DO-CONHECIMENTO="Engenharia Nuclear" NOME-DA-SUB-AREA-DO-CONHECIMENTO="MCNPX" NOME-DA-ESPECIALIDADE=""/><AREA-DO-CONHECIMENTO-3 NOME-GRANDE-AREA-DO-CONHECIMENTO="ENGENHARIAS" NOME-DA-AREA-DO-CONHECIMENTO="Engenharia Nuclear" NOME-DA-SUB-AREA-DO-CONHECIMENTO="Aplicações de Radioisótopos" NOME-DA-ESPECIALIDADE="Instrumentação para Medida e Controle de Radiação"/></AREAS-DO-CONHECIMENTO></APRESENTACAO-DE-TRABALHO><DESENVOLVIMENTO-DE-MATERIAL-DIDATICO-OU-INSTRUCIONAL SEQUENCIA-PRODUCAO="11"><DADOS-BASICOS-DO-MATERIAL-DIDATICO-OU-INSTRUCIONAL NATUREZA="Vídeoaulas" TITULO="Física Básica" ANO="2016" PAIS="Brasil" IDIOMA="Português" MEIO-DE-DIVULGACAO="MEIO_DIGITAL" HOME-PAGE-DO-TRABALHO="http://professor.unisuam.edu.br" FLAG-RELEVANCIA="SIM" DOI="" TITULO-INGLES="Física Básica" NATUREZA-INGLES="" FLAG-DIVULGACAO-CIENTIFICA="SIM"/><DETALHAMENTO-DO-MATERIAL-DIDATICO-OU-INSTRUCIONAL FINALIDADE="Vídeoaulas de apoio didático para cursos de engenharia" FINALIDADE-INGLES=""/><AUTORES NOME-COMPLETO-DO-AUTOR="José Marques Lopes" NOME-PARA-CITACAO="LOPES, J. M." ORDEM-DE-AUTORIA="1" NRO-ID-CNPQ="4361840482376714"/><PALAVRAS-CHAVE PALAVRA-CHAVE-1="Física 1" PALAVRA-CHAVE-2="Mecânica" PALAVRA-CHAVE-3="" PALAVRA-CHAVE-4="" PALAVRA-CHAVE-5="" PALAVRA-CHAVE-6=""/><AREAS-DO-CONHECIMENTO><AREA-DO-CONHECIMENTO-1 NOME-GRANDE-AREA-DO-CONHECIMENTO="OUTROS" NOME-DA-AREA-DO-CONHECIMENTO="" NOME-DA-SUB-AREA-DO-CONHECIMENTO="Ensino de física" NOME-DA-ESPECIALIDADE=""/></AREAS-DO-CONHECIMENTO><SETORES-DE-ATIVIDADE SETOR-DE-ATIVIDADE-1="Atividades cinematográficas, produção de vídeos e de programas de televisão; gravação de som e edição de música" SETOR-DE-ATIVIDADE-2="Educação" SETOR-DE-ATIVIDADE-3=""/><INFORMACOES-ADICIONAIS DESCRICAO-INFORMACOES-ADICIONAIS="Videoaulas de interesse didático para serem usadas como ferramentas no processo de aprendizagem dos alunos de engenharia da UNISUAM.  Os temas abordados são: vetores e suas projeções, aplicações da 2ª lei de Newton, trabalho e potência, conservação de energia." DESCRICAO-INFORMACOES-ADICIONAIS-INGLES="Videoaulas de interesse didático para serem usadas como ferramentas no processo de aprendizagem dos alunos de engenharia da UNISUAM.  Os temas abordados são: vetores e suas projeções, aplicações da 2ª lei de Newton, trabalho e potência, conservação de energia."/></DESENVOLVIMENTO-DE-MATERIAL-DIDATICO-OU-INSTRUCIONAL></DEMAIS-TIPOS-DE-PRODUCAO-TECNICA></PRODUCAO-TECNICA><DADOS-COMPLEMENTARES><FORMACAO-COMPLEMENTAR><FORMACAO-COMPLEMENTAR-CURSO-DE-CURTA-DURACAO SEQUENCIA-FORMACAO="2" NIVEL="F" CARGA-HORARIA="" CODIGO-INSTITUICAO="011100000008" NOME-INSTITUICAO="Pontifícia Universidade Católica do Rio de Janeiro" CODIGO-ORGAO="" NOME-ORGAO="" CODIGO-CURSO="90000002" NOME-CURSO="Espectroscopia de Elétrons" STATUS-DO-CURSO="CONCLUIDO" ANO-DE-INICIO="2009" ANO-DE-CONCLUSAO="2009" NOME-CURSO-INGLES=""/><formacoesComplementaresPlana/></FORMACAO-COMPLEMENTAR><PARTICIPACAO-EM-EVENTOS-CONGRESSOS><PARTICIPACAO-EM-CONGRESSO SEQUENCIA-PRODUCAO="1"><PARTICIPANTE-DE-EVENTOS-CONGRESSOS NOME-COMPLETO-DO-PARTICIPANTE-DE-EVENTOS-CONGRESSOS="José Marques Lopes" NOME-PARA-CITACAO-DO-PARTICIPANTE-DE-EVENTOS-CONGRESSOS="LOPES, J. M." ORDEM-PARTICIPANTE="1" NRO-ID-CNPQ="4361840482376714"/><DADOS-BASICOS-DA-PARTICIPACAO-EM-CONGRESSO NATUREZA="Congresso" TITULO="" ANO="2012" PAIS="Brasil" IDIOMA="" MEIO-DE-DIVULGACAO="NAO_INFORMADO" HOME-PAGE-DO-TRABALHO="" FLAG-RELEVANCIA="NAO" TIPO-PARTICIPACAO="" FORMA-PARTICIPACAO="Ouvinte" DOI="" TITULO-INGLES="" FLAG-DIVULGACAO-CIENTIFICA="NAO"/><DETALHAMENTO-DA-PARTICIPACAO-EM-CONGRESSO NOME-DO-EVENTO="II semana de Eng. Nuclear" CODIGO-INSTITUICAO="" NOME-INSTITUICAO="" LOCAL-DO-EVENTO="" CIDADE-DO-EVENTO="Rio de Janeiro" NOME-DO-EVENTO-INGLES=""/></PARTICIPACAO-EM-CONGRESSO><PARTICIPACAO-EM-CONGRESSO SEQUENCIA-PRODUCAO="5"><PARTICIPANTE-DE-EVENTOS-CONGRESSOS NOME-COMPLETO-DO-PARTICIPANTE-DE-EVENTOS-CONGRESSOS="José Marques Lopes" NOME-PARA-CITACAO-DO-PARTICIPANTE-DE-EVENTOS-CONGRESSOS="LOPES, J. M." ORDEM-PARTICIPANTE="1" NRO-ID-CNPQ="4361840482376714"/><DADOS-BASICOS-DA-PARTICIPACAO-EM-CONGRESSO NATUREZA="Congresso" TITULO="CÁLCULO DE DOSE DEVIDO A INGESTÃO DE 40K EM AMOSTRAS DE FEIJÃO UTILIZANDO ESPECTROMETRIA GAMA E MCNP" ANO="2014" PAIS="Brasil" IDIOMA="" MEIO-DE-DIVULGACAO="NAO_INFORMADO" HOME-PAGE-DO-TRABALHO="" FLAG-RELEVANCIA="NAO" TIPO-PARTICIPACAO="Apresentação oral" FORMA-PARTICIPACAO="Participante" DOI="" TITULO-INGLES="" FLAG-DIVULGACAO-CIENTIFICA="SIM"/><DETALHAMENTO-DA-PARTICIPACAO-EM-CONGRESSO NOME-DO-EVENTO="Congresso Brasileiro de Metrologia das Radiações Ionizantes." CODIGO-INSTITUICAO="" NOME-INSTITUICAO="" LOCAL-DO-EVENTO="" CIDADE-DO-EVENTO="Rio de Janeiro" NOME-DO-EVENTO-INGLES=""/></PARTICIPACAO-EM-CONGRESSO><PARTICIPACAO-EM-CONGRESSO SEQUENCIA-PRODUCAO="8"><PARTICIPANTE-DE-EVENTOS-CONGRESSOS NOME-COMPLETO-DO-PARTICIPANTE-DE-EVENTOS-CONGRESSOS="José Marques Lopes" NOME-PARA-CITACAO-DO-PARTICIPANTE-DE-EVENTOS-CONGRESSOS="LOPES, J. M." ORDEM-PARTICIPANTE="1" NRO-ID-CNPQ="4361840482376714"/><DADOS-BASICOS-DA-PARTICIPACAO-EM-CONGRESSO NATUREZA="Congresso" TITULO="Determination of specific concentrations of 40K, 238U and 232Th in mineral fertilizer samples" ANO="2015" PAIS="Brasil" IDIOMA="" MEIO-DE-DIVULGACAO="NAO_INFORMADO" HOME-PAGE-DO-TRABALHO="" FLAG-RELEVANCIA="NAO" TIPO-PARTICIPACAO="Poster / Painel" FORMA-PARTICIPACAO="Participante" DOI="" TITULO-INGLES="" FLAG-DIVULGACAO-CIENTIFICA="NAO"/><DETALHAMENTO-DA-PARTICIPACAO-EM-CONGRESSO NOME-DO-EVENTO="2015 International Nuclear Atlantic Conference" CODIGO-INSTITUICAO="" NOME-INSTITUICAO="" LOCAL-DO-EVENTO="" CIDADE-DO-EVENTO="São Paulo" NOME-DO-EVENTO-INGLES=""/></PARTICIPACAO-EM-CONGRESSO><PARTICIPACAO-EM-CONGRESSO SEQUENCIA-PRODUCAO="9"><PARTICIPANTE-DE-EVENTOS-CONGRESSOS NOME-COMPLETO-DO-PARTICIPANTE-DE-EVENTOS-CONGRESSOS="José Marques Lopes" NOME-PARA-CITACAO-DO-PARTICIPANTE-DE-EVENTOS-CONGRESSOS="LOPES, J. M." ORDEM-PARTICIPANTE="1" NRO-ID-CNPQ="4361840482376714"/><DADOS-BASICOS-DA-PARTICIPACAO-EM-CONGRESSO NATUREZA="Congresso" TITULO="RELATIVE EFFICIENCY CALCULATION OF A HPGe DETECTOR USING MCNPX CODE" ANO="2015" PAIS="Brasil" IDIOMA="" MEIO-DE-DIVULGACAO="NAO_INFORMADO" HOME-PAGE-DO-TRABALHO="" FLAG-RELEVANCIA="NAO" TIPO-PARTICIPACAO="Poster / Painel" FORMA-PARTICIPACAO="Participante" DOI="" TITULO-INGLES="" FLAG-DIVULGACAO-CIENTIFICA="NAO"/><DETALHAMENTO-DA-PARTICIPACAO-EM-CONGRESSO NOME-DO-EVENTO="2015 International Nuclear Atlantic Conference" CODIGO-INSTITUICAO="" NOME-INSTITUICAO="" LOCAL-DO-EVENTO="" CIDADE-DO-EVENTO="São Paulo" NOME-DO-EVENTO-INGLES=""/></PARTICIPACAO-EM-CONGRESSO><PARTICIPACAO-EM-ENCONTRO SEQUENCIA-PRODUCAO="3"><PARTICIPANTE-DE-EVENTOS-CONGRESSOS NOME-COMPLETO-DO-PARTICIPANTE-DE-EVENTOS-CONGRESSOS="José Marques Lopes" NOME-PARA-CITACAO-DO-PARTICIPANTE-DE-EVENTOS-CONGRESSOS="LOPES, J. M." ORDEM-PARTICIPANTE="1" NRO-ID-CNPQ="4361840482376714"/><DADOS-BASICOS-DA-PARTICIPACAO-EM-ENCONTRO NATUREZA="Encontro" TITULO="CÁLCULO DE DOSE DEVIDO A INGESTÃO DE 40K CONTIDO EM AMOSTRAS DE FEIJÃO UTILIZANDO ESPECTROMETRIA GAMA E SIMULAÇÃO DE MONTE CARLO" ANO="2014" PAIS="Brasil" IDIOMA="" MEIO-DE-DIVULGACAO="NAO_INFORMADO" HOME-PAGE-DO-TRABALHO="" FLAG-RELEVANCIA="NAO" TIPO-PARTICIPACAO="Apresentação oral" FORMA-PARTICIPACAO="Participante" DOI="" TITULO-INGLES="" FLAG-DIVULGACAO-CIENTIFICA="NAO"/><DETALHAMENTO-DA-PARTICIPACAO-EM-ENCONTRO NOME-DO-EVENTO="17º Encontro Nacional de Modelagem Computacional e 5º Encontro de Ciencias e Tecnologia de Materiais" CODIGO-INSTITUICAO="" NOME-INSTITUICAO="" LOCAL-DO-EVENTO="" CIDADE-DO-EVENTO="Petrópolis" NOME-DO-EVENTO-INGLES=""/></PARTICIPACAO-EM-ENCONTRO></PARTICIPACAO-EM-EVENTOS-CONGRESSOS><INFORMACOES-ADICIONAIS-INSTITUICOES><INFORMACAO-ADICIONAL-INSTITUICAO CODIGO-INSTITUICAO="000100000991" SIGLA-INSTITUICAO="D W" SIGLA-UF-INSTITUICAO="RJ" SIGLA-PAIS-INSTITUICAO="BRA" NOME-PAIS-INSTITUICAO="Brasil" FLAG-AGENCIA-FOMENTO="NAO" FLAG-INSTITUICAO-DE-ENSINO="NAO"/><INFORMACAO-ADICIONAL-INSTITUICAO CODIGO-INSTITUICAO="000200000993" SIGLA-INSTITUICAO="CERR" SIGLA-UF-INSTITUICAO="RJ" SIGLA-PAIS-INSTITUICAO="BRA" NOME-PAIS-INSTITUICAO="Brasil" FLAG-AGENCIA-FOMENTO="NAO" FLAG-INSTITUICAO-DE-ENSINO="NAO"/><INFORMACAO-ADICIONAL-INSTITUICAO CODIGO-INSTITUICAO="002200000000" SIGLA-INSTITUICAO="CNPq" SIGLA-UF-INSTITUICAO="DF" SIGLA-PAIS-INSTITUICAO="BRA" NOME-PAIS-INSTITUICAO="Brasil" FLAG-AGENCIA-FOMENTO="SIM" FLAG-INSTITUICAO-DE-ENSINO="SIM"/><INFORMACAO-ADICIONAL-INSTITUICAO CODIGO-INSTITUICAO="011100000008" SIGLA-INSTITUICAO="PUC-Rio" SIGLA-UF-INSTITUICAO="RJ" SIGLA-PAIS-INSTITUICAO="BRA" NOME-PAIS-INSTITUICAO="Brasil" FLAG-AGENCIA-FOMENTO="NAO" FLAG-INSTITUICAO-DE-ENSINO="SIM"/><INFORMACAO-ADICIONAL-INSTITUICAO CODIGO-INSTITUICAO="020200000009" SIGLA-INSTITUICAO="UFRJ" SIGLA-UF-INSTITUICAO="RJ" SIGLA-PAIS-INSTITUICAO="BRA" NOME-PAIS-INSTITUICAO="Brasil" FLAG-AGENCIA-FOMENTO="NAO" FLAG-INSTITUICAO-DE-ENSINO="SIM"/><INFORMACAO-ADICIONAL-INSTITUICAO CODIGO-INSTITUICAO="201900000008" SIGLA-INSTITUICAO="UNISUAM" SIGLA-UF-INSTITUICAO="RJ" SIGLA-PAIS-INSTITUICAO="BRA" NOME-PAIS-INSTITUICAO="Brasil" FLAG-AGENCIA-FOMENTO="NAO" FLAG-INSTITUICAO-DE-ENSINO="SIM"/><INFORMACAO-ADICIONAL-INSTITUICAO CODIGO-INSTITUICAO="201901000990" SIGLA-INSTITUICAO="" SIGLA-UF-INSTITUICAO="RJ" SIGLA-PAIS-INSTITUICAO="BRA" NOME-PAIS-INSTITUICAO="Brasil" FLAG-AGENCIA-FOMENTO="NAO" FLAG-INSTITUICAO-DE-ENSINO="NAO"/><INFORMACAO-ADICIONAL-INSTITUICAO CODIGO-INSTITUICAO="410300000009" SIGLA-INSTITUICAO="IFRJ" SIGLA-UF-INSTITUICAO="RJ" SIGLA-PAIS-INSTITUICAO="BRA" NOME-PAIS-INSTITUICAO="Brasil" FLAG-AGENCIA-FOMENTO="NAO" FLAG-INSTITUICAO-DE-ENSINO="SIM"/><INFORMACAO-ADICIONAL-INSTITUICAO CODIGO-INSTITUICAO="J8M600000003" SIGLA-INSTITUICAO="FTESM" SIGLA-UF-INSTITUICAO="RJ" SIGLA-PAIS-INSTITUICAO="BRA" NOME-PAIS-INSTITUICAO="Brasil" FLAG-AGENCIA-FOMENTO="NAO" FLAG-INSTITUICAO-DE-ENSINO="SIM"/></INFORMACOES-ADICIONAIS-INSTITUICOES><INFORMACOES-ADICIONAIS-CURSOS><INFORMACAO-ADICIONAL-CURSO CODIGO-CURSO="31000339" CODIGO-ORGAO="" NOME-ORGAO="" CODIGO-INSTITUICAO="020200000009" NOME-INSTITUICAO="Universidade Federal do Rio de Janeiro" NOME-GRANDE-AREA-DO-CONHECIMENTO="ENGENHARIAS" NOME-DA-AREA-DO-CONHECIMENTO="Engenharia Nuclear" NOME-DA-SUB-AREA-DO-CONHECIMENTO="" NOME-DA-ESPECIALIDADE="" NIVEL-CURSO="MESTRADO_DOUTORADO"/><INFORMACAO-ADICIONAL-CURSO CODIGO-CURSO="60033711" CODIGO-ORGAO="" NOME-ORGAO="" CODIGO-INSTITUICAO="020200000009" NOME-INSTITUICAO="Universidade Federal do Rio de Janeiro" NOME-GRANDE-AREA-DO-CONHECIMENTO="OUTROS" NOME-DA-AREA-DO-CONHECIMENTO="" NOME-DA-SUB-AREA-DO-CONHECIMENTO="" NOME-DA-ESPECIALIDADE="" NIVEL-CURSO="MESTRADO_DOUTORADO"/><INFORMACAO-ADICIONAL-CURSO CODIGO-CURSO="60067403" CODIGO-ORGAO="" NOME-ORGAO="" CODIGO-INSTITUICAO="201900000008" NOME-INSTITUICAO="Centro Universitário Augusto Motta" NOME-GRANDE-AREA-DO-CONHECIMENTO="OUTROS" NOME-DA-AREA-DO-CONHECIMENTO="" NOME-DA-SUB-AREA-DO-CONHECIMENTO="" NOME-DA-ESPECIALIDADE="" NIVEL-CURSO="GRADUACAO"/><INFORMACAO-ADICIONAL-CURSO CODIGO-CURSO="60449551" CODIGO-ORGAO="" NOME-ORGAO="" CODIGO-INSTITUICAO="J8M600000003" NOME-INSTITUICAO="Faculdade Souza Marques" NOME-GRANDE-AREA-DO-CONHECIMENTO="OUTROS" NOME-DA-AREA-DO-CONHECIMENTO="" NOME-DA-SUB-AREA-DO-CONHECIMENTO="" NOME-DA-ESPECIALIDADE="" NIVEL-CURSO="GRADUACAO"/><INFORMACAO-ADICIONAL-CURSO CODIGO-CURSO="90000000" CODIGO-ORGAO="" NOME-ORGAO="" CODIGO-INSTITUICAO="410300000009" NOME-INSTITUICAO="Instituto Federal de Educação, Ciência e Tecnologia do Rio de Janeiro" NOME-GRANDE-AREA-DO-CONHECIMENTO="CIENCIAS_EXATAS_E_DA_TERRA" NOME-DA-AREA-DO-CONHECIMENTO="Física" NOME-DA-SUB-AREA-DO-CONHECIMENTO="" NOME-DA-ESPECIALIDADE="" NIVEL-CURSO="EXTENSAO_UNIVERSITARIA"/><INFORMACAO-ADICIONAL-CURSO CODIGO-CURSO="90000001" CODIGO-ORGAO="" NOME-ORGAO="" CODIGO-INSTITUICAO="410300000009" NOME-INSTITUICAO="Instituto Federal de Educação, Ciência e Tecnologia do Rio de Janeiro" NOME-GRANDE-AREA-DO-CONHECIMENTO="CIENCIAS_EXATAS_E_DA_TERRA" NOME-DA-AREA-DO-CONHECIMENTO="Física" NOME-DA-SUB-AREA-DO-CONHECIMENTO="" NOME-DA-ESPECIALIDADE="" NIVEL-CURSO="GRADUACAO"/><INFORMACAO-ADICIONAL-CURSO CODIGO-CURSO="90000002" CODIGO-ORGAO="" NOME-ORGAO="" CODIGO-INSTITUICAO="011100000008" NOME-INSTITUICAO="Pontifícia Universidade Católica do Rio de Janeiro" NOME-GRANDE-AREA-DO-CONHECIMENTO="CIENCIAS_EXATAS_E_DA_TERRA" NOME-DA-AREA-DO-CONHECIMENTO="Física" NOME-DA-SUB-AREA-DO-CONHECIMENTO="Física Atômica e Molecular" NOME-DA-ESPECIALIDADE="Estrutura Eletrônica de Átomos e Moléculas; Teoria" NIVEL-CURSO="CURSO_DE_CURTA_DURACAO"/></INFORMACOES-ADICIONAIS-CURSOS></DADOS-COMPLEMENTARES><eventos/></CURRICULO-VITAE>