<CURRICULO-VITAE SISTEMA-ORIGEM-XML="LATTES_OFFLINE" NUMERO-IDENTIFICADOR="1477529535162564" FORMATO-DATA-ATUALIZACAO="DDMMAAAA" DATA-ATUALIZACAO="20122016" FORMATO-HORA-ATUALIZACAO="HHMMSS" HORA-ATUALIZACAO="162445"><DADOS-GERAIS NOME-COMPLETO="Kátia Alessandra Mendes da Silva" NOME-EM-CITACOES-BIBLIOGRAFICAS="SILVA, K. A. M., MENDES, K.A" NACIONALIDADE="B" PAIS-DE-NASCIMENTO="Brasil" FORMATO-DATA-DE-NASCIMENTO="DDMMAAAA" FORMATO-DATA-DE-EMISSAO="DDMMAAAA" PERMISSAO-DE-DIVULGACAO="NAO" DATA-FALECIMENTO="" SIGLA-PAIS-NACIONALIDADE="BRA" PAIS-DE-NACIONALIDADE="Brasil"><RESUMO-CV TEXTO-RESUMO-CV-RH="Doutoranda e Mestre em Ciência e Tecnologia de Alimentos pela UFRRJ (2015), possui graduação em Nutrição pela Universidade Estácio de Sá (2008), especialização em Gestão da Qualidade em Alimentação para Coletividade (2011).  Servidora Federal no cargo de Técnica em Nutrição e Dietética da Universidade Federal do Estado do Rio de Janeiro (UNIRIO).  Tem experiência na área de Nutrição, atuando principalmente nas seguintes linhas: Técnica Dietética, Alimentação Coletiva, Saúde e Segurança do Trabalho, Gestão da Qualidade e Segurança na Produção de Alimentos, Aquicultura e Pesca.  Membro da Comissão de Estudos Especiais (CEE) 192 para Aquicultura da ABNT  Membro do Núcleo de Segurança do Paciente do Hospital Universitário Gaffrée e Guinle (HUGG) da Universidade Federal do Estado do Rio de Janeiro (UNIRIO)(Portaria nº1.144, de 16 de dezembro de 2014). Docente de Graduação e Pós-Graduação na área de Nutrição." TEXTO-RESUMO-CV-RH-EN="bachelor's at Nutrição from Universidade Estácio de Sá (2008) and master's at Science and Technology of the Food from Universidade Federal Rural do Rio de Janeiro (2012). Has experience in Nutrition, focusing on Nutrition, acting on the following subjects: uan, epc, epi, dta/dva, alimento seguro, coleta de alimentos and ferramentas."/><OUTRAS-INFORMACOES-RELEVANTES OUTRAS-INFORMACOES-RELEVANTES="Membro do Núcleo de Segurança do Paciente do Hospital Universitário Gaffrée e Guinle (HUGG) da Universidade Federal po Estado do Rio de Janeiro (UNIRIO) (Portaria nº1.144, de 16 de dezembro de 2014)."/><ENDERECO FLAG-DE-PREFERENCIA="ENDERECO_RESIDENCIAL"><ENDERECO-PROFISSIONAL CODIGO-INSTITUICAO-EMPRESA="169700000007" NOME-INSTITUICAO-EMPRESA="Universidade Federal do Estado do Rio de Janeiro" CODIGO-ORGAO="169701000990" NOME-ORGAO="Nutrição" CODIGO-UNIDADE="" NOME-UNIDADE="" LOGRADOURO-COMPLEMENTO="Rua : Mariz e Barros - 775" PAIS="Brasil" UF="RJ" CEP="20270002" CIDADE="Rio de Janeiro" BAIRRO="Tijuca" DDD="21" TELEFONE="22644437" RAMAL="" FAX="" E-MAIL="kanutmendes@gmail.com" HOME-PAGE=""/></ENDERECO><FORMACAO-ACADEMICA-TITULACAO><GRADUACAO SEQUENCIA-FORMACAO="1" NIVEL="1" TITULO-DO-TRABALHO-DE-CONCLUSAO-DE-CURSO="Gestão em Segurança, Meio Ambiente e Saúde (SMS) em Unidades de Alimentação e Nutrição (UANs)" NOME-DO-ORIENTADOR="Jorge Ignacio da Roza" CODIGO-INSTITUICAO="294800000006" NOME-INSTITUICAO="Universidade Estácio de Sá" CODIGO-ORGAO="" NOME-ORGAO="" CODIGO-CURSO="90000000" NOME-CURSO="Nutrição" CODIGO-AREA-CURSO="90000000" STATUS-DO-CURSO="CONCLUIDO" ANO-DE-INICIO="2005" ANO-DE-CONCLUSAO="2008" FLAG-BOLSA="SIM" CODIGO-AGENCIA-FINANCIADORA="169700000007" NOME-AGENCIA="Universidade Federal do Estado do Rio de Janeiro" NUMERO-ID-ORIENTADOR="" CODIGO-CURSO-CAPES="" TITULO-DO-TRABALHO-DE-CONCLUSAO-DE-CURSO-INGLES="" NOME-CURSO-INGLES="" FORMACAO-ACADEMICA-TITULACAO="" TIPO-GRADUACAO="" CODIGO-INSTITUICAO-GRAD="" NOME-INSTITUICAO-GRAD="" CODIGO-INSTITUICAO-OUTRA-GRAD="" NOME-INSTITUICAO-OUTRA-GRAD="" NOME-ORIENTADOR-GRAD=""/><ESPECIALIZACAO SEQUENCIA-FORMACAO="8" NIVEL="2" TITULO-DA-MONOGRAFIA="Avaliação da Segurança do Manipulador de Alimentos em Unidaes de Alimentação e Nutrição (UAN)" NOME-DO-ORIENTADOR="" CODIGO-INSTITUICAO="000500000000" NOME-INSTITUICAO="Universidade Federal Fluminense" CODIGO-ORGAO="" NOME-ORGAO="" CODIGO-CURSO="90000010" NOME-CURSO="Gestão da Qualidade em Alimentação para Coletivida" STATUS-DO-CURSO="CONCLUIDO" ANO-DE-INICIO="2009" ANO-DE-CONCLUSAO="2011" FLAG-BOLSA="NAO" CODIGO-AGENCIA-FINANCIADORA="" NOME-AGENCIA="" CARGA-HORARIA="360" TITULO-DA-MONOGRAFIA-INGLES="" NOME-CURSO-INGLES=""/><MESTRADO SEQUENCIA-FORMACAO="11" NIVEL="3" CODIGO-INSTITUICAO="021100000005" NOME-INSTITUICAO="Universidade Federal Rural do Rio de Janeiro" CODIGO-ORGAO="" NOME-ORGAO="" CODIGO-CURSO="31010067" NOME-CURSO="Ciência e Tecnologia de Alimentos" CODIGO-AREA-CURSO="50700006" STATUS-DO-CURSO="CONCLUIDO" ANO-DE-INICIO="2011" ANO-DE-CONCLUSAO="2012" FLAG-BOLSA="NAO" CODIGO-AGENCIA-FINANCIADORA="" NOME-AGENCIA="" ANO-DE-OBTENCAO-DO-TITULO="2012" TITULO-DA-DISSERTACAO-TESE="Análise de Risco como Ferramenta para a Segurança do Alimento e da Sustentabilidade: Estudo de Caso na Tilapicultura" NOME-COMPLETO-DO-ORIENTADOR="Stella Regina Reis da Costa" TIPO-MESTRADO="N" NUMERO-ID-ORIENTADOR="9365621716036199" CODIGO-CURSO-CAPES="31002013006P2" TITULO-DA-DISSERTACAO-TESE-INGLES="" NOME-CURSO-INGLES="Science and Technology of the Food" NOME-DO-CO-ORIENTADOR="Alessandra Julião Weyandt" CODIGO-INSTITUICAO-DOUT="" NOME-INSTITUICAO-DOUT="" CODIGO-INSTITUICAO-OUTRA-DOUT="" NOME-INSTITUICAO-OUTRA-DOUT="" NOME-ORIENTADOR-DOUT=""><AREAS-DO-CONHECIMENTO><AREA-DO-CONHECIMENTO-1 NOME-GRANDE-AREA-DO-CONHECIMENTO="CIENCIAS_AGRARIAS" NOME-DA-AREA-DO-CONHECIMENTO="" NOME-DA-SUB-AREA-DO-CONHECIMENTO="Ciência de Alimentos" NOME-DA-ESPECIALIDADE="Avaliação e Controle de Qualidade de Alimentos"/><AREA-DO-CONHECIMENTO-2 NOME-GRANDE-AREA-DO-CONHECIMENTO="CIENCIAS_AGRARIAS" NOME-DA-AREA-DO-CONHECIMENTO="Ciência e Tecnologia de Alimentos" NOME-DA-SUB-AREA-DO-CONHECIMENTO="Ciência de Alimentos" NOME-DA-ESPECIALIDADE=""/><AREA-DO-CONHECIMENTO-3 NOME-GRANDE-AREA-DO-CONHECIMENTO="CIENCIAS_AGRARIAS" NOME-DA-AREA-DO-CONHECIMENTO="Ciência e Tecnologia de Alimentos" NOME-DA-SUB-AREA-DO-CONHECIMENTO="Ciência de Alimentos" NOME-DA-ESPECIALIDADE="Padrões, Legislação e Fiscalização de Alimentos"/></AREAS-DO-CONHECIMENTO><SETORES-DE-ATIVIDADE SETOR-DE-ATIVIDADE-1="Pesca e Aqüicultura" SETOR-DE-ATIVIDADE-2="Alimentação" SETOR-DE-ATIVIDADE-3=""/><conceitoCapes/></MESTRADO><DOUTORADO SEQUENCIA-FORMACAO="23" NIVEL="4" CODIGO-INSTITUICAO="021100000005" NOME-INSTITUICAO="Universidade Federal Rural do Rio de Janeiro" CODIGO-ORGAO="" NOME-ORGAO="" CODIGO-CURSO="31010067" NOME-CURSO="Ciência e Tecnologia de Alimentos" CODIGO-AREA-CURSO="50700006" STATUS-DO-CURSO="EM_ANDAMENTO" ANO-DE-INICIO="2015" ANO-DE-CONCLUSAO="" FLAG-BOLSA="NAO" CODIGO-AGENCIA-FINANCIADORA="" NOME-AGENCIA="" ANO-DE-OBTENCAO-DO-TITULO="" TITULO-DA-DISSERTACAO-TESE="" NOME-COMPLETO-DO-ORIENTADOR="Gesilene Mendonça de Oliveira" TIPO-DOUTORADO="N" CODIGO-INSTITUICAO-DOUT="" NOME-INSTITUICAO-DOUT="" CODIGO-INSTITUICAO-OUTRA-DOUT="" NOME-INSTITUICAO-OUTRA-DOUT="" NOME-ORIENTADOR-DOUT="" NUMERO-ID-ORIENTADOR="8045925494960939" CODIGO-CURSO-CAPES="31002013006P2" TITULO-DA-DISSERTACAO-TESE-INGLES="" NOME-CURSO-INGLES="Science and Technology of the Food" NOME-DO-ORIENTADOR-CO-TUTELA="" CODIGO-INSTITUICAO-OUTRA-CO-TUTELA="" CODIGO-INSTITUICAO-CO-TUTELA="" NOME-DO-ORIENTADOR-SANDUICHE="" CODIGO-INSTITUICAO-OUTRA-SANDUICHE="" CODIGO-INSTITUICAO-SANDUICHE="" NOME-DO-CO-ORIENTADOR=""><AREAS-DO-CONHECIMENTO><AREA-DO-CONHECIMENTO-1 NOME-GRANDE-AREA-DO-CONHECIMENTO="CIENCIAS_AGRARIAS" NOME-DA-AREA-DO-CONHECIMENTO="" NOME-DA-SUB-AREA-DO-CONHECIMENTO="" NOME-DA-ESPECIALIDADE=""/><AREA-DO-CONHECIMENTO-2 NOME-GRANDE-AREA-DO-CONHECIMENTO="CIENCIAS_AGRARIAS" NOME-DA-AREA-DO-CONHECIMENTO="Ciência e Tecnologia de Alimentos" NOME-DA-SUB-AREA-DO-CONHECIMENTO="Ciência de Alimentos" NOME-DA-ESPECIALIDADE="Avaliação e Controle de Qualidade de Alimentos"/><AREA-DO-CONHECIMENTO-3 NOME-GRANDE-AREA-DO-CONHECIMENTO="CIENCIAS_AGRARIAS" NOME-DA-AREA-DO-CONHECIMENTO="Ciência e Tecnologia de Alimentos" NOME-DA-SUB-AREA-DO-CONHECIMENTO="Ciência de Alimentos" NOME-DA-ESPECIALIDADE="Padrões, Legislação e Fiscalização de Alimentos"/></AREAS-DO-CONHECIMENTO><conceitoCapes/></DOUTORADO></FORMACAO-ACADEMICA-TITULACAO><ATUACOES-PROFISSIONAIS><ATUACAO-PROFISSIONAL CODIGO-INSTITUICAO="169700000007" NOME-INSTITUICAO="Universidade Federal do Estado do Rio de Janeiro" SEQUENCIA-ATIVIDADE="1" SEQUENCIA-IMPORTANCIA="1"><VINCULOS SEQUENCIA-HISTORICO="1" TIPO-DE-VINCULO="SERVIDOR_PUBLICO" ENQUADRAMENTO-FUNCIONAL="LIVRE" CARGA-HORARIA-SEMANAL="40" FLAG-DEDICACAO-EXCLUSIVA="NAO" MES-INICIO="03" ANO-INICIO="2004" MES-FIM="" ANO-FIM="" OUTRAS-INFORMACOES="" FLAG-VINCULO-EMPREGATICIO="NAO" OUTRO-VINCULO-INFORMADO="" OUTRO-ENQUADRAMENTO-FUNCIONAL-INFORMADO="Técnica em Nutrição Dietética" OUTRO-ENQUADRAMENTO-FUNCIONAL-INFORMADO-INGLES="" OUTRAS-INFORMACOES-INGLES=""/><ATIVIDADES-DE-PARTICIPACAO-EM-PROJETO><PARTICIPACAO-EM-PROJETO SEQUENCIA-FUNCAO-ATIVIDADE="1" FLAG-PERIODO="ATUAL" MES-INICIO="" ANO-INICIO="2014" MES-FIM="" ANO-FIM="" CODIGO-ORGAO="169701000990" NOME-ORGAO="Nutrição" CODIGO-UNIDADE="169701001996" NOME-UNIDADE="Departamento de Nutrição Fundamental"><PROJETO-DE-PESQUISA SEQUENCIA-PROJETO="1" ANO-INICIO="2014" ANO-FIM="" NOME-DO-PROJETO="Ações dietéticas a serem implementadas no Serviço de Planejamento e Produção de Nutrição do Hospital Universitário Gaffrée e Guinle (HUGG)" SITUACAO="EM_ANDAMENTO" NATUREZA="EXTENSAO" NUMERO-GRADUACAO="2" NUMERO-ESPECIALIZACAO="" NUMERO-MESTRADO-ACADEMICO="" NUMERO-MESTRADO-PROF="" NUMERO-DOUTORADO="" DESCRICAO-DO-PROJETO="Avaliar fatores que influenciam na aceitação dos pacientes usuários do Serviço de Nutrição do HUGG; Propror implementação de técnicas dietéticas no Serviço de Nutrição a fim de se obter melhor aceitação das dietas hospitalares; Avaliar se as ações implementadas refletiram na melhora da aceitação das dietas oferecidas." IDENTIFICADOR-PROJETO="" DESCRICAO-DO-PROJETO-INGLES="" NOME-DO-PROJETO-INGLES="Ações dietéticas a serem implementadas no Serviço de Planejamento e Produção de Nutrição do Hospital Universitário Gaffrée e Guinle (HUGG)" FLAG-POTENCIAL-INOVACAO="NAO" FLAG-PROJETO-CERTIFICADO="nao" NOME-COORDENADOR-CERTIFICACAO="" FORMATO-DATA-CERTIFICACAO="DDMMAAAA" DATA-CERTIFICACAO="" NUMERO_TECNICO_NIVEL_MEDIO=""><EQUIPE-DO-PROJETO><INTEGRANTES-DO-PROJETO NOME-COMPLETO="Kátia Alessandra Mendes da Silva" NOME-PARA-CITACAO="SILVA, K. A. M., MENDES, K.A" ORDEM-DE-INTEGRACAO="1" FLAG-RESPONSAVEL="NAO" NRO-ID-CNPQ="1477529535162564"/><INTEGRANTES-DO-PROJETO NOME-COMPLETO="Andréa Villardo" NOME-PARA-CITACAO="Andréa Villardo" ORDEM-DE-INTEGRACAO="2" FLAG-RESPONSAVEL="NAO" NRO-ID-CNPQ="2569513266626201"/><INTEGRANTES-DO-PROJETO NOME-COMPLETO="Hilda Azevedo da Silva" NOME-PARA-CITACAO="Hilda Azevedo da Silva" ORDEM-DE-INTEGRACAO="3" FLAG-RESPONSAVEL="NAO" NRO-ID-CNPQ=""/><INTEGRANTES-DO-PROJETO NOME-COMPLETO="Luciana Ribeiro Trajano Manhães" NOME-PARA-CITACAO="Luciana Ribeiro Trajano Manhães" ORDEM-DE-INTEGRACAO="4" FLAG-RESPONSAVEL="SIM" NRO-ID-CNPQ=""/><INTEGRANTES-DO-PROJETO NOME-COMPLETO="Elizabeth Oliveira" NOME-PARA-CITACAO="Elizabeth Oliveira" ORDEM-DE-INTEGRACAO="5" FLAG-RESPONSAVEL="NAO" NRO-ID-CNPQ=""/><INTEGRANTES-DO-PROJETO NOME-COMPLETO="Juliana Florêncio" NOME-PARA-CITACAO="Juliana Florêncio" ORDEM-DE-INTEGRACAO="6" FLAG-RESPONSAVEL="NAO" NRO-ID-CNPQ=""/></EQUIPE-DO-PROJETO></PROJETO-DE-PESQUISA></PARTICIPACAO-EM-PROJETO></ATIVIDADES-DE-PARTICIPACAO-EM-PROJETO><atividadesProfissionaisPlanificadas/></ATUACAO-PROFISSIONAL><ATUACAO-PROFISSIONAL CODIGO-INSTITUICAO="201900000008" NOME-INSTITUICAO="Centro Universitário Augusto Motta" SEQUENCIA-ATIVIDADE="2" SEQUENCIA-IMPORTANCIA="3"><VINCULOS SEQUENCIA-HISTORICO="1" TIPO-DE-VINCULO="CELETISTA" ENQUADRAMENTO-FUNCIONAL="LIVRE" CARGA-HORARIA-SEMANAL="8" FLAG-DEDICACAO-EXCLUSIVA="NAO" MES-INICIO="08" ANO-INICIO="2013" MES-FIM="12" ANO-FIM="2013" OUTRAS-INFORMACOES="Professor Auxilar por tempo determinado nas Disciplinas de Organização de Serviços de Alimentação e Marketing e em Técnica Dietética." FLAG-VINCULO-EMPREGATICIO="NAO" OUTRO-VINCULO-INFORMADO="" OUTRO-ENQUADRAMENTO-FUNCIONAL-INFORMADO="Professor Auxiliar" OUTRO-ENQUADRAMENTO-FUNCIONAL-INFORMADO-INGLES="" OUTRAS-INFORMACOES-INGLES=""/><VINCULOS SEQUENCIA-HISTORICO="2" TIPO-DE-VINCULO="LIVRE" ENQUADRAMENTO-FUNCIONAL="LIVRE" CARGA-HORARIA-SEMANAL="12" FLAG-DEDICACAO-EXCLUSIVA="NAO" MES-INICIO="08" ANO-INICIO="2016" MES-FIM="" ANO-FIM="" OUTRAS-INFORMACOES="" FLAG-VINCULO-EMPREGATICIO="SIM" OUTRO-VINCULO-INFORMADO="" OUTRO-ENQUADRAMENTO-FUNCIONAL-INFORMADO="Professor Auxilar" OUTRO-ENQUADRAMENTO-FUNCIONAL-INFORMADO-INGLES="" OUTRAS-INFORMACOES-INGLES=""/><atividadesProfissionaisPlanificadas/></ATUACAO-PROFISSIONAL><ATUACAO-PROFISSIONAL CODIGO-INSTITUICAO="020200000009" NOME-INSTITUICAO="Universidade Federal do Rio de Janeiro" SEQUENCIA-ATIVIDADE="3" SEQUENCIA-IMPORTANCIA="2"><VINCULOS SEQUENCIA-HISTORICO="1" TIPO-DE-VINCULO="LIVRE" ENQUADRAMENTO-FUNCIONAL="LIVRE" CARGA-HORARIA-SEMANAL="20" FLAG-DEDICACAO-EXCLUSIVA="NAO" MES-INICIO="11" ANO-INICIO="2015" MES-FIM="05" ANO-FIM="2016" OUTRAS-INFORMACOES="" FLAG-VINCULO-EMPREGATICIO="SIM" OUTRO-VINCULO-INFORMADO="Professor" OUTRO-ENQUADRAMENTO-FUNCIONAL-INFORMADO="Substituto" OUTRO-ENQUADRAMENTO-FUNCIONAL-INFORMADO-INGLES="" OUTRAS-INFORMACOES-INGLES=""/><atividadesProfissionaisPlanificadas/></ATUACAO-PROFISSIONAL></ATUACOES-PROFISSIONAIS><AREAS-DE-ATUACAO><AREA-DE-ATUACAO SEQUENCIA-AREA-DE-ATUACAO="1" NOME-GRANDE-AREA-DO-CONHECIMENTO="CIENCIAS_DA_SAUDE" NOME-DA-AREA-DO-CONHECIMENTO="Nutrição" NOME-DA-SUB-AREA-DO-CONHECIMENTO="" NOME-DA-ESPECIALIDADE=""/><AREA-DE-ATUACAO SEQUENCIA-AREA-DE-ATUACAO="2" NOME-GRANDE-AREA-DO-CONHECIMENTO="CIENCIAS_DA_SAUDE" NOME-DA-AREA-DO-CONHECIMENTO="Nutrição" NOME-DA-SUB-AREA-DO-CONHECIMENTO="Alimentação Coletiva" NOME-DA-ESPECIALIDADE=""/><AREA-DE-ATUACAO SEQUENCIA-AREA-DE-ATUACAO="3" NOME-GRANDE-AREA-DO-CONHECIMENTO="CIENCIAS_AGRARIAS" NOME-DA-AREA-DO-CONHECIMENTO="Recursos Pesqueiros e Engenharia de Pesca" NOME-DA-SUB-AREA-DO-CONHECIMENTO="Ciência de Alimentos" NOME-DA-ESPECIALIDADE=""/><AREA-DE-ATUACAO SEQUENCIA-AREA-DE-ATUACAO="4" NOME-GRANDE-AREA-DO-CONHECIMENTO="CIENCIAS_DA_SAUDE" NOME-DA-AREA-DO-CONHECIMENTO="Nutrição" NOME-DA-SUB-AREA-DO-CONHECIMENTO="Técnica Dietética" NOME-DA-ESPECIALIDADE=""/><AREA-DE-ATUACAO SEQUENCIA-AREA-DE-ATUACAO="5" NOME-GRANDE-AREA-DO-CONHECIMENTO="CIENCIAS_DA_SAUDE" NOME-DA-AREA-DO-CONHECIMENTO="Nutrição" NOME-DA-SUB-AREA-DO-CONHECIMENTO="Higiene e Segurança do Trabalho" NOME-DA-ESPECIALIDADE=""/><AREA-DE-ATUACAO SEQUENCIA-AREA-DE-ATUACAO="6" NOME-GRANDE-AREA-DO-CONHECIMENTO="CIENCIAS_DA_SAUDE" NOME-DA-AREA-DO-CONHECIMENTO="Nutrição" NOME-DA-SUB-AREA-DO-CONHECIMENTO="Aquicultura" NOME-DA-ESPECIALIDADE=""/></AREAS-DE-ATUACAO><IDIOMAS><IDIOMA IDIOMA="DE" DESCRICAO-DO-IDIOMA="Alemão" PROFICIENCIA-DE-LEITURA="POUCO" PROFICIENCIA-DE-FALA="POUCO" PROFICIENCIA-DE-ESCRITA="POUCO" PROFICIENCIA-DE-COMPREENSAO="POUCO"/><IDIOMA IDIOMA="EN" DESCRICAO-DO-IDIOMA="Inglês" PROFICIENCIA-DE-LEITURA="BEM" PROFICIENCIA-DE-FALA="BEM" PROFICIENCIA-DE-ESCRITA="BEM" PROFICIENCIA-DE-COMPREENSAO="BEM"/><IDIOMA IDIOMA="OU" DESCRICAO-DO-IDIOMA="Outros" PROFICIENCIA-DE-LEITURA="RAZOAVELMENTE" PROFICIENCIA-DE-FALA="RAZOAVELMENTE" PROFICIENCIA-DE-ESCRITA="NAO_INFORMADO" PROFICIENCIA-DE-COMPREENSAO="RAZOAVELMENTE"/></IDIOMAS><staValidado/><dataExibicao/><dadosBolsista/></DADOS-GERAIS><PRODUCAO-BIBLIOGRAFICA><TRABALHOS-EM-EVENTOS><TRABALHO-EM-EVENTOS SEQUENCIA-PRODUCAO="1"><DADOS-BASICOS-DO-TRABALHO NATUREZA="RESUMO" TITULO-DO-TRABALHO="AVALIAÇÃO DA EXISTÊNCIA, DO USO E DAS CONDIÇÕES HIGIÊNICO SANITÁRIAS DOS EQUIPAMENTOS DE PROTEÇÃO INDIVIDUAL(EPIs) NAS ÁREAS DE PRÉ-PREPARO E PREPARO EM UNIDADE DE ALIMENTAÇÃO E NUTRIÇÃO (UANs)" ANO-DO-TRABALHO="2008" PAIS-DO-EVENTO="Brasil" IDIOMA="Português" MEIO-DE-DIVULGACAO="IMPRESSO" HOME-PAGE-DO-TRABALHO="" FLAG-RELEVANCIA="SIM" DOI="" TITULO-DO-TRABALHO-INGLES="" FLAG-DIVULGACAO-CIENTIFICA="NAO"/><DETALHAMENTO-DO-TRABALHO CLASSIFICACAO-DO-EVENTO="NACIONAL" NOME-DO-EVENTO="CONGRESSO BRASILEIRO DE NUTRIÇÃO (CONBRAN)" CIDADE-DO-EVENTO="RIO DE JANEIRO" ANO-DE-REALIZACAO="2008" TITULO-DOS-ANAIS-OU-PROCEEDINGS="ANAIS DO XX CONGRESSO BRASILEIRO DE NUTRIÇÃO" VOLUME="1" FASCICULO="1" SERIE="1" PAGINA-INICIAL="111" PAGINA-FINAL="111" ISBN="" NOME-DA-EDITORA="Indexa" CIDADE-DA-EDITORA="Rio de Janeiro" NOME-DO-EVENTO-INGLES=""/><AUTORES NOME-COMPLETO-DO-AUTOR="Aline de Souza Paiva" NOME-PARA-CITACAO="Aline de Souza Paiva" ORDEM-DE-AUTORIA="1" NRO-ID-CNPQ=""/><AUTORES NOME-COMPLETO-DO-AUTOR="Bárbara Branquinho de Medeiros" NOME-PARA-CITACAO="MEDEIROS, B. B." ORDEM-DE-AUTORIA="2" NRO-ID-CNPQ=""/><AUTORES NOME-COMPLETO-DO-AUTOR="Kátia Alessandra Mendes da Silva" NOME-PARA-CITACAO="SILVA, K. A. M., MENDES, K.A" ORDEM-DE-AUTORIA="3" NRO-ID-CNPQ="1477529535162564"/><AUTORES NOME-COMPLETO-DO-AUTOR="Roberta Romaguera Barbieri" NOME-PARA-CITACAO="BARBIERI, R. R." ORDEM-DE-AUTORIA="4" NRO-ID-CNPQ=""/></TRABALHO-EM-EVENTOS><TRABALHO-EM-EVENTOS SEQUENCIA-PRODUCAO="40"><DADOS-BASICOS-DO-TRABALHO NATUREZA="RESUMO" TITULO-DO-TRABALHO="AVALIAÇÃO DE CARDÁPIO: UMA FERRAMENTA PARA TOMADA DE DECISÃO" ANO-DO-TRABALHO="2016" PAIS-DO-EVENTO="Brasil" IDIOMA="Português" MEIO-DE-DIVULGACAO="NAO_INFORMADO" HOME-PAGE-DO-TRABALHO="" FLAG-RELEVANCIA="NAO" DOI="" TITULO-DO-TRABALHO-INGLES="" FLAG-DIVULGACAO-CIENTIFICA="NAO"/><DETALHAMENTO-DO-TRABALHO CLASSIFICACAO-DO-EVENTO="NAO_INFORMADO" NOME-DO-EVENTO="CONBRAN 2016 - XXIV CONGRESSO BRASILEIRO DE NUTRIÇÃO" CIDADE-DO-EVENTO="Gramado/RS" ANO-DE-REALIZACAO="2016" TITULO-DOS-ANAIS-OU-PROCEEDINGS="CONBRAN 2016 - XXIV CONGRESSO BRASILEIRO DE NUTRIÇÃO" VOLUME="" FASCICULO="" SERIE="" PAGINA-INICIAL="" PAGINA-FINAL="" ISBN="" NOME-DA-EDITORA="" CIDADE-DA-EDITORA="" NOME-DO-EVENTO-INGLES=""/><AUTORES NOME-COMPLETO-DO-AUTOR="Kátia Alessandra Mendes da Silva" NOME-PARA-CITACAO="SILVA, K. A. M., MENDES, K.A" ORDEM-DE-AUTORIA="1" NRO-ID-CNPQ="1477529535162564"/><AUTORES NOME-COMPLETO-DO-AUTOR="Dirlaine Alves Furtado" NOME-PARA-CITACAO="FURTADO, D. A." ORDEM-DE-AUTORIA="2" NRO-ID-CNPQ="3144491218354308"/><AUTORES NOME-COMPLETO-DO-AUTOR="Luciana Ribeiro Trajano Manhães" NOME-PARA-CITACAO="Luciana Ribeiro Trajano Manhães" ORDEM-DE-AUTORIA="3" NRO-ID-CNPQ=""/><AUTORES NOME-COMPLETO-DO-AUTOR="Marta Moeckel Amaral Lustosa" NOME-PARA-CITACAO="LUSTOSA, M. M. A." ORDEM-DE-AUTORIA="4" NRO-ID-CNPQ=""/></TRABALHO-EM-EVENTOS><TRABALHO-EM-EVENTOS SEQUENCIA-PRODUCAO="39"><DADOS-BASICOS-DO-TRABALHO NATUREZA="RESUMO" TITULO-DO-TRABALHO="HIGIENIZAÇÃO DE FOLHOSOS E OS NOVOS PARADIGMAS DA GESTÃO DA ÁGUA EM SERVIÇOS DE ALIMENTAÇÃO" ANO-DO-TRABALHO="2016" PAIS-DO-EVENTO="Brasil" IDIOMA="Português" MEIO-DE-DIVULGACAO="IMPRESSO" HOME-PAGE-DO-TRABALHO="" FLAG-RELEVANCIA="NAO" DOI="" TITULO-DO-TRABALHO-INGLES="" FLAG-DIVULGACAO-CIENTIFICA="NAO"/><DETALHAMENTO-DO-TRABALHO CLASSIFICACAO-DO-EVENTO="NACIONAL" NOME-DO-EVENTO="XXV Congresso Brasileiro de Ciência e Tecnologia de Alimentos e o X CIGR Section VI International Techical Symposium" CIDADE-DO-EVENTO="Gramado/RS" ANO-DE-REALIZACAO="2016" TITULO-DOS-ANAIS-OU-PROCEEDINGS="XXV Congresso Brasileiro de Ciência e Tecnologia de Alimentos e o X CIGR Section VI International Techical Symposium" VOLUME="" FASCICULO="" SERIE="" PAGINA-INICIAL="" PAGINA-FINAL="" ISBN="" NOME-DA-EDITORA="" CIDADE-DA-EDITORA="" NOME-DO-EVENTO-INGLES=""/><AUTORES NOME-COMPLETO-DO-AUTOR="Marta Moeckel Amaral Lustosa" NOME-PARA-CITACAO="LUSTOSA, M. M. A." ORDEM-DE-AUTORIA="1" NRO-ID-CNPQ=""/><AUTORES NOME-COMPLETO-DO-AUTOR="Kátia Alessandra Mendes da Silva" NOME-PARA-CITACAO="SILVA, K. A. M., MENDES, K.A" ORDEM-DE-AUTORIA="2" NRO-ID-CNPQ="1477529535162564"/></TRABALHO-EM-EVENTOS></TRABALHOS-EM-EVENTOS><ARTIGOS-PUBLICADOS><ARTIGO-PUBLICADO SEQUENCIA-PRODUCAO="33" ORDEM-IMPORTANCIA=""><DADOS-BASICOS-DO-ARTIGO NATUREZA="COMPLETO" TITULO-DO-ARTIGO="Visão dopaciente hospitalizado em um hospital público no município do Rio de Janeiro -RJ, em relação a dieta oferecida." ANO-DO-ARTIGO="2015" PAIS-DE-PUBLICACAO="" IDIOMA="Português" MEIO-DE-DIVULGACAO="IMPRESSO" HOME-PAGE-DO-TRABALHO="" FLAG-RELEVANCIA="NAO" DOI="" TITULO-DO-ARTIGO-INGLES="" FLAG-DIVULGACAO-CIENTIFICA="NAO"/><DETALHAMENTO-DO-ARTIGO TITULO-DO-PERIODICO-OU-REVISTA="Higiene Alimentar" ISSN="01019171" VOLUME="29" FASCICULO="" SERIE="242/243" PAGINA-INICIAL="552" PAGINA-FINAL="556" LOCAL-DE-PUBLICACAO=""/><AUTORES NOME-COMPLETO-DO-AUTOR="Danielle Silva de Almeida" NOME-PARA-CITACAO="ALMEIDA, D. S." ORDEM-DE-AUTORIA="1" NRO-ID-CNPQ="6027463112240198"/><AUTORES NOME-COMPLETO-DO-AUTOR="Kátia Alessandra Mendes da Silva" NOME-PARA-CITACAO="SILVA, K. A. M., MENDES, K.A" ORDEM-DE-AUTORIA="2" NRO-ID-CNPQ="1477529535162564"/><AUTORES NOME-COMPLETO-DO-AUTOR="Luciana Ribeiro Trajano Manhães" NOME-PARA-CITACAO="Luciana Ribeiro Trajano Manhães" ORDEM-DE-AUTORIA="3" NRO-ID-CNPQ=""/><PALAVRAS-CHAVE PALAVRA-CHAVE-1="Expectativa do consumidor" PALAVRA-CHAVE-2="Qualidade" PALAVRA-CHAVE-3="Dietas hospitalares" PALAVRA-CHAVE-4="" PALAVRA-CHAVE-5="" PALAVRA-CHAVE-6=""/><AREAS-DO-CONHECIMENTO><AREA-DO-CONHECIMENTO-1 NOME-GRANDE-AREA-DO-CONHECIMENTO="CIENCIAS_DA_SAUDE" NOME-DA-AREA-DO-CONHECIMENTO="" NOME-DA-SUB-AREA-DO-CONHECIMENTO="Alimentação Coletiva" NOME-DA-ESPECIALIDADE=""/></AREAS-DO-CONHECIMENTO></ARTIGO-PUBLICADO><ARTIGO-PUBLICADO SEQUENCIA-PRODUCAO="34" ORDEM-IMPORTANCIA=""><DADOS-BASICOS-DO-ARTIGO NATUREZA="COMPLETO" TITULO-DO-ARTIGO="O CONSUMIDOR COMO PRINCIPAL ELEMENTO DE CONTRIBUIÇÃO PARA O DESENVOLVIMENTO DE UM PROGRAMA DE AVALIAÇÃO DA CONFORMIDADE PARA CAMARÃO" ANO-DO-ARTIGO="2015" PAIS-DE-PUBLICACAO="" IDIOMA="Português" MEIO-DE-DIVULGACAO="IMPRESSO" HOME-PAGE-DO-TRABALHO="" FLAG-RELEVANCIA="NAO" DOI="" TITULO-DO-ARTIGO-INGLES="" FLAG-DIVULGACAO-CIENTIFICA="NAO"/><DETALHAMENTO-DO-ARTIGO TITULO-DO-PERIODICO-OU-REVISTA="Higiene Alimentar" ISSN="01019171" VOLUME="29" FASCICULO="" SERIE="242/243" PAGINA-INICIAL="1152" PAGINA-FINAL="1156" LOCAL-DE-PUBLICACAO=""/><AUTORES NOME-COMPLETO-DO-AUTOR="Kátia Alessandra Mendes da Silva" NOME-PARA-CITACAO="SILVA, K. A. M., MENDES, K.A" ORDEM-DE-AUTORIA="1" NRO-ID-CNPQ="1477529535162564"/><AUTORES NOME-COMPLETO-DO-AUTOR="Alessandra Julião Weyantd" NOME-PARA-CITACAO="WEYANTD, A. J." ORDEM-DE-AUTORIA="2" NRO-ID-CNPQ="8045925494960939"/><AUTORES NOME-COMPLETO-DO-AUTOR="Márcia Rocha Silva" NOME-PARA-CITACAO="SILVA, M. R." ORDEM-DE-AUTORIA="3" NRO-ID-CNPQ=""/><AUTORES NOME-COMPLETO-DO-AUTOR="Gesilene Mendonça de Oliveira" NOME-PARA-CITACAO="Oliveira, G M" ORDEM-DE-AUTORIA="4" NRO-ID-CNPQ=""/><AUTORES NOME-COMPLETO-DO-AUTOR="Stella Regina Reis da Costa" NOME-PARA-CITACAO="COSTA, S. R. R." ORDEM-DE-AUTORIA="5" NRO-ID-CNPQ=""/><PALAVRAS-CHAVE PALAVRA-CHAVE-1="Aquicultura" PALAVRA-CHAVE-2="Pescado" PALAVRA-CHAVE-3="Qualidade" PALAVRA-CHAVE-4="" PALAVRA-CHAVE-5="" PALAVRA-CHAVE-6=""/><AREAS-DO-CONHECIMENTO><AREA-DO-CONHECIMENTO-1 NOME-GRANDE-AREA-DO-CONHECIMENTO="CIENCIAS_AGRARIAS" NOME-DA-AREA-DO-CONHECIMENTO="" NOME-DA-SUB-AREA-DO-CONHECIMENTO="Ciência de Alimentos" NOME-DA-ESPECIALIDADE="Avaliação e Controle de Qualidade de Alimentos"/><AREA-DO-CONHECIMENTO-2 NOME-GRANDE-AREA-DO-CONHECIMENTO="CIENCIAS_AGRARIAS" NOME-DA-AREA-DO-CONHECIMENTO="Recursos Pesqueiros e Engenharia de Pesca" NOME-DA-SUB-AREA-DO-CONHECIMENTO="Aqüicultura" NOME-DA-ESPECIALIDADE="Carcinocultura"/><AREA-DO-CONHECIMENTO-3 NOME-GRANDE-AREA-DO-CONHECIMENTO="CIENCIAS_AGRARIAS" NOME-DA-AREA-DO-CONHECIMENTO="Recursos Pesqueiros e Engenharia de Pesca" NOME-DA-SUB-AREA-DO-CONHECIMENTO="Aquicultura" NOME-DA-ESPECIALIDADE=""/></AREAS-DO-CONHECIMENTO></ARTIGO-PUBLICADO><ARTIGO-PUBLICADO SEQUENCIA-PRODUCAO="30" ORDEM-IMPORTANCIA=""><DADOS-BASICOS-DO-ARTIGO NATUREZA="COMPLETO" TITULO-DO-ARTIGO="Análise da eficácia do program de controle dos vetores e pragas urbanas em serviços de alimentação" ANO-DO-ARTIGO="2014" PAIS-DE-PUBLICACAO="" IDIOMA="Português" MEIO-DE-DIVULGACAO="IMPRESSO" HOME-PAGE-DO-TRABALHO="" FLAG-RELEVANCIA="NAO" DOI="" TITULO-DO-ARTIGO-INGLES="" FLAG-DIVULGACAO-CIENTIFICA="NAO"/><DETALHAMENTO-DO-ARTIGO TITULO-DO-PERIODICO-OU-REVISTA="Higiene Alimentar" ISSN="01019171" VOLUME="28" FASCICULO="" SERIE="" PAGINA-INICIAL="107" PAGINA-FINAL="111" LOCAL-DE-PUBLICACAO=""/><AUTORES NOME-COMPLETO-DO-AUTOR="Kátia Alessandra Mendes da Silva" NOME-PARA-CITACAO="SILVA, K. A. M., MENDES, K.A" ORDEM-DE-AUTORIA="1" NRO-ID-CNPQ="1477529535162564"/><AUTORES NOME-COMPLETO-DO-AUTOR="Cyllene Correa Souza" NOME-PARA-CITACAO="SOUZA, C. C." ORDEM-DE-AUTORIA="2" NRO-ID-CNPQ=""/><AREAS-DO-CONHECIMENTO><AREA-DO-CONHECIMENTO-1 NOME-GRANDE-AREA-DO-CONHECIMENTO="CIENCIAS_DA_SAUDE" NOME-DA-AREA-DO-CONHECIMENTO="" NOME-DA-SUB-AREA-DO-CONHECIMENTO="" NOME-DA-ESPECIALIDADE=""/><AREA-DO-CONHECIMENTO-2 NOME-GRANDE-AREA-DO-CONHECIMENTO="CIENCIAS_DA_SAUDE" NOME-DA-AREA-DO-CONHECIMENTO="Nutrição" NOME-DA-SUB-AREA-DO-CONHECIMENTO="Alimentação Coletiva" NOME-DA-ESPECIALIDADE=""/></AREAS-DO-CONHECIMENTO></ARTIGO-PUBLICADO><ARTIGO-PUBLICADO SEQUENCIA-PRODUCAO="32" ORDEM-IMPORTANCIA=""><DADOS-BASICOS-DO-ARTIGO NATUREZA="COMPLETO" TITULO-DO-ARTIGO="Rastreabilidade na Cadeia de Pescado: Uma Ferramenta para a Segurança do Alimento" ANO-DO-ARTIGO="2014" PAIS-DE-PUBLICACAO="" IDIOMA="Português" MEIO-DE-DIVULGACAO="IMPRESSO" HOME-PAGE-DO-TRABALHO="" FLAG-RELEVANCIA="NAO" DOI="" TITULO-DO-ARTIGO-INGLES="" FLAG-DIVULGACAO-CIENTIFICA="NAO"/><DETALHAMENTO-DO-ARTIGO TITULO-DO-PERIODICO-OU-REVISTA="Higiene Alimentar" ISSN="01019171" VOLUME="28" FASCICULO="" SERIE="234/235" PAGINA-INICIAL="48" PAGINA-FINAL="52" LOCAL-DE-PUBLICACAO=""/><AUTORES NOME-COMPLETO-DO-AUTOR="Kátia Alessandra Mendes da Silva" NOME-PARA-CITACAO="SILVA, K. A. M., MENDES, K.A" ORDEM-DE-AUTORIA="1" NRO-ID-CNPQ="1477529535162564"/><AUTORES NOME-COMPLETO-DO-AUTOR="Márcia Rocha Silva" NOME-PARA-CITACAO="SILVA, M. R." ORDEM-DE-AUTORIA="2" NRO-ID-CNPQ=""/><AUTORES NOME-COMPLETO-DO-AUTOR="Gesilene Mendonça de Oliveira" NOME-PARA-CITACAO="OLIVEIRA, G. M." ORDEM-DE-AUTORIA="3" NRO-ID-CNPQ="8045925494960939"/><AUTORES NOME-COMPLETO-DO-AUTOR="Stella Regina Reis da Costa" NOME-PARA-CITACAO="COSTA, S. R. R." ORDEM-DE-AUTORIA="4" NRO-ID-CNPQ=""/><AUTORES NOME-COMPLETO-DO-AUTOR="Alessandra Julião Weyandt" NOME-PARA-CITACAO="WEYANDT, A. J." ORDEM-DE-AUTORIA="5" NRO-ID-CNPQ="5787476762575921"/></ARTIGO-PUBLICADO><ARTIGO-PUBLICADO SEQUENCIA-PRODUCAO="15" ORDEM-IMPORTANCIA=""><DADOS-BASICOS-DO-ARTIGO NATUREZA="COMPLETO" TITULO-DO-ARTIGO="Pescado Aquícola na Complementação da Oferta Proteica" ANO-DO-ARTIGO="2013" PAIS-DE-PUBLICACAO="" IDIOMA="Português" MEIO-DE-DIVULGACAO="IMPRESSO" HOME-PAGE-DO-TRABALHO="[http://www.nutricaoempauta.com.br/layout_impressao2.php?cod=2270]" FLAG-RELEVANCIA="NAO" DOI="" TITULO-DO-ARTIGO-INGLES="" FLAG-DIVULGACAO-CIENTIFICA="NAO"/><DETALHAMENTO-DO-ARTIGO TITULO-DO-PERIODICO-OU-REVISTA="Nutrição em Pauta" ISSN="16762274" VOLUME="121" FASCICULO="" SERIE="jul/ago" PAGINA-INICIAL="1" PAGINA-FINAL="6" LOCAL-DE-PUBLICACAO=""/><AUTORES NOME-COMPLETO-DO-AUTOR="Kátia Alessandra Mendes da Silva" NOME-PARA-CITACAO="SILVA, K. A. M., MENDES, K.A" ORDEM-DE-AUTORIA="1" NRO-ID-CNPQ="1477529535162564"/><AUTORES NOME-COMPLETO-DO-AUTOR="Alessandra Julião Weyandt" NOME-PARA-CITACAO="WEYANDT, A. J." ORDEM-DE-AUTORIA="2" NRO-ID-CNPQ="5787476762575921"/><AUTORES NOME-COMPLETO-DO-AUTOR="Márcia Rocha Silva" NOME-PARA-CITACAO="SILVA, M. R." ORDEM-DE-AUTORIA="3" NRO-ID-CNPQ=""/></ARTIGO-PUBLICADO><ARTIGO-PUBLICADO SEQUENCIA-PRODUCAO="13" ORDEM-IMPORTANCIA=""><DADOS-BASICOS-DO-ARTIGO NATUREZA="COMPLETO" TITULO-DO-ARTIGO="Amostra Alimentar: procedimenetos das coletas alimentares realizadas por concessionária atuante em hospital universitário" ANO-DO-ARTIGO="2012" PAIS-DE-PUBLICACAO="" IDIOMA="Português" MEIO-DE-DIVULGACAO="IMPRESSO" HOME-PAGE-DO-TRABALHO="" FLAG-RELEVANCIA="SIM" DOI="" TITULO-DO-ARTIGO-INGLES="" FLAG-DIVULGACAO-CIENTIFICA="NAO"/><DETALHAMENTO-DO-ARTIGO TITULO-DO-PERIODICO-OU-REVISTA="Higiene Alimentar" ISSN="01019171" VOLUME="26" FASCICULO="" SERIE="212-213" PAGINA-INICIAL="182" PAGINA-FINAL="186" LOCAL-DE-PUBLICACAO=""/><AUTORES NOME-COMPLETO-DO-AUTOR="Kátia Alessandra Mendes da Silva" NOME-PARA-CITACAO="SILVA, K. A. M., MENDES, K.A" ORDEM-DE-AUTORIA="1" NRO-ID-CNPQ="1477529535162564"/><AUTORES NOME-COMPLETO-DO-AUTOR="Aline de Souza Paiva" NOME-PARA-CITACAO="Aline de Souza Paiva" ORDEM-DE-AUTORIA="2" NRO-ID-CNPQ=""/><AUTORES NOME-COMPLETO-DO-AUTOR="Andréa Villardo" NOME-PARA-CITACAO="Andréa Villardo" ORDEM-DE-AUTORIA="3" NRO-ID-CNPQ="2569513266626201"/><AUTORES NOME-COMPLETO-DO-AUTOR="Hilda Azevedo da Silva" NOME-PARA-CITACAO="Hilda Azevedo da Silva" ORDEM-DE-AUTORIA="4" NRO-ID-CNPQ=""/><PALAVRAS-CHAVE PALAVRA-CHAVE-1="Coleta de Alimentos" PALAVRA-CHAVE-2="Manipulação de Alimentos" PALAVRA-CHAVE-3="Intoxicações" PALAVRA-CHAVE-4="DTA/DVA" PALAVRA-CHAVE-5="UAN" PALAVRA-CHAVE-6=""/></ARTIGO-PUBLICADO></ARTIGOS-PUBLICADOS></PRODUCAO-BIBLIOGRAFICA><PRODUCAO-TECNICA><DEMAIS-TIPOS-DE-PRODUCAO-TECNICA><APRESENTACAO-DE-TRABALHO SEQUENCIA-PRODUCAO="4"><DADOS-BASICOS-DA-APRESENTACAO-DE-TRABALHO NATUREZA="OUTRA" TITULO="Pôster: Avaliação da Existência , do uso e das condições Higiênico dos equipamentos de proteção Individual ( EPis) nas áreas de pré-preparo e preparo em unidades de alimentação e nutrição ( UANs)" ANO="2008" PAIS="Brasil" IDIOMA="Português" FLAG-RELEVANCIA="NAO" DOI="" TITULO-INGLES="" FLAG-DIVULGACAO-CIENTIFICA="NAO"/><DETALHAMENTO-DA-APRESENTACAO-DE-TRABALHO NOME-DO-EVENTO="XX Congresso Brasileiro de Nutrição - Conbran 2008" INSTITUICAO-PROMOTORA="" LOCAL-DA-APRESENTACAO="" CIDADE-DA-APRESENTACAO="Rio de Janeiro" NOME-DO-EVENTO-INGLES=""/><AUTORES NOME-COMPLETO-DO-AUTOR="Alice de Souza Paiva." NOME-PARA-CITACAO="PAIVA., A. S." ORDEM-DE-AUTORIA="1" NRO-ID-CNPQ=""/><AUTORES NOME-COMPLETO-DO-AUTOR="Bárbara Branquinho de Medeiros." NOME-PARA-CITACAO="MEDEIROS., B. B." ORDEM-DE-AUTORIA="2" NRO-ID-CNPQ=""/><AUTORES NOME-COMPLETO-DO-AUTOR="Kátia Alessandra Mendes da Silva" NOME-PARA-CITACAO="SILVA, K. A. M., MENDES, K.A" ORDEM-DE-AUTORIA="3" NRO-ID-CNPQ="1477529535162564"/><AUTORES NOME-COMPLETO-DO-AUTOR="Roberta Romaguera Barbieri" NOME-PARA-CITACAO="BARBIERI, R. R." ORDEM-DE-AUTORIA="4" NRO-ID-CNPQ=""/></APRESENTACAO-DE-TRABALHO><APRESENTACAO-DE-TRABALHO SEQUENCIA-PRODUCAO="10"><DADOS-BASICOS-DA-APRESENTACAO-DE-TRABALHO NATUREZA="SEMINARIO" TITULO="Determinação dos Equipamentos de Proteção Coletiva e Individual em uma Unidade de Alimentatação e Nutrição em um hospital público na cidade do Rio de Janeiro" ANO="2010" PAIS="Brasil" IDIOMA="Português" FLAG-RELEVANCIA="SIM" DOI="" TITULO-INGLES="" FLAG-DIVULGACAO-CIENTIFICA="NAO"/><DETALHAMENTO-DA-APRESENTACAO-DE-TRABALHO NOME-DO-EVENTO="I Seminário do Programa de Incentivo à Qulaificação do Servidor - PRIQ" INSTITUICAO-PROMOTORA="Universidade Federal do Estado do Ro de Janeiro - UNI-RIO" LOCAL-DA-APRESENTACAO="Universidade Federal do Estado do Rio de Janeiro - UNI-RIO" CIDADE-DA-APRESENTACAO="Rio de Janeiro" NOME-DO-EVENTO-INGLES=""/><AUTORES NOME-COMPLETO-DO-AUTOR="Kátia Alessandra Mendes da Silva" NOME-PARA-CITACAO="SILVA, K. A. M., MENDES, K.A" ORDEM-DE-AUTORIA="1" NRO-ID-CNPQ="1477529535162564"/><PALAVRAS-CHAVE PALAVRA-CHAVE-1="UAN, EPC, EPI" PALAVRA-CHAVE-2="" PALAVRA-CHAVE-3="" PALAVRA-CHAVE-4="" PALAVRA-CHAVE-5="" PALAVRA-CHAVE-6=""/><AREAS-DO-CONHECIMENTO><AREA-DO-CONHECIMENTO-1 NOME-GRANDE-AREA-DO-CONHECIMENTO="CIENCIAS_DA_SAUDE" NOME-DA-AREA-DO-CONHECIMENTO="" NOME-DA-SUB-AREA-DO-CONHECIMENTO="" NOME-DA-ESPECIALIDADE=""/></AREAS-DO-CONHECIMENTO><SETORES-DE-ATIVIDADE SETOR-DE-ATIVIDADE-1="Alimentação" SETOR-DE-ATIVIDADE-2="Educação" SETOR-DE-ATIVIDADE-3="Atividades de atenção à saúde humana"/></APRESENTACAO-DE-TRABALHO><APRESENTACAO-DE-TRABALHO SEQUENCIA-PRODUCAO="11"><DADOS-BASICOS-DA-APRESENTACAO-DE-TRABALHO NATUREZA="OUTRA" TITULO="Desenvolvimento do Programa de Certificação do Pescado Brasileiro como Garantia do Alimento Seguro: Estudo de Impacto e Viabilidade" ANO="2011" PAIS="Brasil" IDIOMA="Português" FLAG-RELEVANCIA="SIM" DOI="" TITULO-INGLES="Desenvolvimento do Programa de Certificação do Pescado Brasileiro como Garantia do Alimento Seguro: Estudo de Impacto e Viabilidade" FLAG-DIVULGACAO-CIENTIFICA="NAO"/><DETALHAMENTO-DA-APRESENTACAO-DE-TRABALHO NOME-DO-EVENTO="VI Fórum da Pós-Graduação da UFRRJ" INSTITUICAO-PROMOTORA="Universidade Federal Rural do Rio de Janeiro - UFRRJ" LOCAL-DA-APRESENTACAO="Universidade Federal Rural do rio de Janeiro - UFRRJ" CIDADE-DA-APRESENTACAO="Seropédica, RJ - bTASIL" NOME-DO-EVENTO-INGLES=""/><AUTORES NOME-COMPLETO-DO-AUTOR="Kátia Alessandra Mendes da Silva" NOME-PARA-CITACAO="SILVA, K. A. M., MENDES, K.A" ORDEM-DE-AUTORIA="1" NRO-ID-CNPQ="1477529535162564"/><AUTORES NOME-COMPLETO-DO-AUTOR="Stella Regina da Costa Reis" NOME-PARA-CITACAO="Reis S. R. C" ORDEM-DE-AUTORIA="2" NRO-ID-CNPQ=""/><AUTORES NOME-COMPLETO-DO-AUTOR="Alessandra Julião Weyantd" NOME-PARA-CITACAO="WEYANTD, A. J." ORDEM-DE-AUTORIA="3" NRO-ID-CNPQ="8045925494960939"/><AREAS-DO-CONHECIMENTO><AREA-DO-CONHECIMENTO-1 NOME-GRANDE-AREA-DO-CONHECIMENTO="CIENCIAS_DA_SAUDE" NOME-DA-AREA-DO-CONHECIMENTO="" NOME-DA-SUB-AREA-DO-CONHECIMENTO="" NOME-DA-ESPECIALIDADE=""/></AREAS-DO-CONHECIMENTO><SETORES-DE-ATIVIDADE SETOR-DE-ATIVIDADE-1="Agricultura, Pecuária, Produção Florestal, Pesca e Aqüicultura" SETOR-DE-ATIVIDADE-2="" SETOR-DE-ATIVIDADE-3=""/></APRESENTACAO-DE-TRABALHO><APRESENTACAO-DE-TRABALHO SEQUENCIA-PRODUCAO="12"><DADOS-BASICOS-DA-APRESENTACAO-DE-TRABALHO NATUREZA="SEMINARIO" TITULO="O que é Segurança Alimentar?" ANO="2012" PAIS="Brasil" IDIOMA="Português" FLAG-RELEVANCIA="NAO" DOI="" TITULO-INGLES="" FLAG-DIVULGACAO-CIENTIFICA="NAO"/><DETALHAMENTO-DA-APRESENTACAO-DE-TRABALHO NOME-DO-EVENTO="V Semináruo de Nutrição UNISUAM" INSTITUICAO-PROMOTORA="Centro Universitário Augusto Motta" LOCAL-DA-APRESENTACAO="Bonsucesso" CIDADE-DA-APRESENTACAO="Rio de Janeiro" NOME-DO-EVENTO-INGLES=""/><AUTORES NOME-COMPLETO-DO-AUTOR="Kátia Alessandra Mendes da Silva" NOME-PARA-CITACAO="SILVA, K. A. M., MENDES, K.A" ORDEM-DE-AUTORIA="1" NRO-ID-CNPQ="1477529535162564"/><AREAS-DO-CONHECIMENTO><AREA-DO-CONHECIMENTO-1 NOME-GRANDE-AREA-DO-CONHECIMENTO="CIENCIAS_DA_SAUDE" NOME-DA-AREA-DO-CONHECIMENTO="" NOME-DA-SUB-AREA-DO-CONHECIMENTO="" NOME-DA-ESPECIALIDADE=""/></AREAS-DO-CONHECIMENTO></APRESENTACAO-DE-TRABALHO><APRESENTACAO-DE-TRABALHO SEQUENCIA-PRODUCAO="18"><DADOS-BASICOS-DA-APRESENTACAO-DE-TRABALHO NATUREZA="CONFERENCIA" TITULO="Saúde e Segurança do Trabalho em Serviços de Alimentação" ANO="2013" PAIS="Brasil" IDIOMA="Português" FLAG-RELEVANCIA="NAO" DOI="" TITULO-INGLES="" FLAG-DIVULGACAO-CIENTIFICA="SIM"/><DETALHAMENTO-DA-APRESENTACAO-DE-TRABALHO NOME-DO-EVENTO="Reunião" INSTITUICAO-PROMOTORA="Grupo Executivo de Nutrição-GEN" LOCAL-DA-APRESENTACAO="Conselho Regional de Nutrição (CRN) 4" CIDADE-DA-APRESENTACAO="Rio de Janeiro" NOME-DO-EVENTO-INGLES=""/><AUTORES NOME-COMPLETO-DO-AUTOR="Kátia Alessandra Mendes da Silva" NOME-PARA-CITACAO="SILVA, K. A. M., MENDES, K.A" ORDEM-DE-AUTORIA="1" NRO-ID-CNPQ="1477529535162564"/></APRESENTACAO-DE-TRABALHO><APRESENTACAO-DE-TRABALHO SEQUENCIA-PRODUCAO="19"><DADOS-BASICOS-DA-APRESENTACAO-DE-TRABALHO NATUREZA="SEMINARIO" TITULO="Segurança do Trabalho em Serviços de Alimentação" ANO="2013" PAIS="Brasil" IDIOMA="Português" FLAG-RELEVANCIA="NAO" DOI="" TITULO-INGLES="" FLAG-DIVULGACAO-CIENTIFICA="NAO"/><DETALHAMENTO-DA-APRESENTACAO-DE-TRABALHO NOME-DO-EVENTO="I Seminário de Segurança dos Alimentos" INSTITUICAO-PROMOTORA="Alimentação Legal" LOCAL-DA-APRESENTACAO="Faculdade Metropolitana" CIDADE-DA-APRESENTACAO="Marabá/PA" NOME-DO-EVENTO-INGLES=""/><AUTORES NOME-COMPLETO-DO-AUTOR="Kátia Alessandra Mendes da Silva" NOME-PARA-CITACAO="SILVA, K. A. M., MENDES, K.A" ORDEM-DE-AUTORIA="1" NRO-ID-CNPQ="1477529535162564"/></APRESENTACAO-DE-TRABALHO><APRESENTACAO-DE-TRABALHO SEQUENCIA-PRODUCAO="20"><DADOS-BASICOS-DA-APRESENTACAO-DE-TRABALHO NATUREZA="SEMINARIO" TITULO="VII Seminário Acadêmico de Nutrição da UNISUAM" ANO="2014" PAIS="Brasil" IDIOMA="Português" FLAG-RELEVANCIA="NAO" DOI="" TITULO-INGLES="" FLAG-DIVULGACAO-CIENTIFICA="NAO"/><DETALHAMENTO-DA-APRESENTACAO-DE-TRABALHO NOME-DO-EVENTO="VII Seminário Acadêmico de Nutrição" INSTITUICAO-PROMOTORA="Centro Universitário Augusto Motta" LOCAL-DA-APRESENTACAO="Bonsucesso" CIDADE-DA-APRESENTACAO="Rio de Janeiro" NOME-DO-EVENTO-INGLES=""/><AUTORES NOME-COMPLETO-DO-AUTOR="Kátia Alessandra Mendes da Silva" NOME-PARA-CITACAO="SILVA, K. A. M., MENDES, K.A" ORDEM-DE-AUTORIA="1" NRO-ID-CNPQ="1477529535162564"/></APRESENTACAO-DE-TRABALHO><APRESENTACAO-DE-TRABALHO SEQUENCIA-PRODUCAO="26"><DADOS-BASICOS-DA-APRESENTACAO-DE-TRABALHO NATUREZA="OUTRA" TITULO="Café com Ciência" ANO="2014" PAIS="Brasil" IDIOMA="Português" FLAG-RELEVANCIA="NAO" DOI="" TITULO-INGLES="" FLAG-DIVULGACAO-CIENTIFICA="NAO"/><DETALHAMENTO-DA-APRESENTACAO-DE-TRABALHO NOME-DO-EVENTO="Café com Ciência" INSTITUICAO-PROMOTORA="Centro Universitário Augusto Motta" LOCAL-DA-APRESENTACAO="Bonsucesso" CIDADE-DA-APRESENTACAO="Rio de Janeiro" NOME-DO-EVENTO-INGLES=""/><AUTORES NOME-COMPLETO-DO-AUTOR="Kátia Alessandra Mendes da Silva" NOME-PARA-CITACAO="SILVA, K. A. M., MENDES, K.A" ORDEM-DE-AUTORIA="1" NRO-ID-CNPQ="1477529535162564"/><AREAS-DO-CONHECIMENTO><AREA-DO-CONHECIMENTO-1 NOME-GRANDE-AREA-DO-CONHECIMENTO="CIENCIAS_DA_SAUDE" NOME-DA-AREA-DO-CONHECIMENTO="" NOME-DA-SUB-AREA-DO-CONHECIMENTO="" NOME-DA-ESPECIALIDADE=""/><AREA-DO-CONHECIMENTO-2 NOME-GRANDE-AREA-DO-CONHECIMENTO="CIENCIAS_DA_SAUDE" NOME-DA-AREA-DO-CONHECIMENTO="Nutrição" NOME-DA-SUB-AREA-DO-CONHECIMENTO="Alimentação Coletiva" NOME-DA-ESPECIALIDADE=""/></AREAS-DO-CONHECIMENTO></APRESENTACAO-DE-TRABALHO><APRESENTACAO-DE-TRABALHO SEQUENCIA-PRODUCAO="35"><DADOS-BASICOS-DA-APRESENTACAO-DE-TRABALHO NATUREZA="OUTRA" TITULO="Análise quantitativa das pequenas refeições oferecidas numa Unidade Hospitlar no Rio de Janeiro-RJ" ANO="2015" PAIS="Brasil" IDIOMA="Português" FLAG-RELEVANCIA="NAO" DOI="" TITULO-INGLES="" FLAG-DIVULGACAO-CIENTIFICA="NAO"/><DETALHAMENTO-DA-APRESENTACAO-DE-TRABALHO NOME-DO-EVENTO="XIV Jornada de Nutrição" INSTITUICAO-PROMOTORA="Instituto Nacional de Traumatologia e Ortopedia -Jamil Haddad - INTO/MS" LOCAL-DA-APRESENTACAO="Rio de Janeiro" CIDADE-DA-APRESENTACAO="Rio de Janeiro" NOME-DO-EVENTO-INGLES=""/><AUTORES NOME-COMPLETO-DO-AUTOR="Dirlaine Alves Furtado" NOME-PARA-CITACAO="FURTADO, D. A." ORDEM-DE-AUTORIA="1" NRO-ID-CNPQ="3144491218354308"/><AUTORES NOME-COMPLETO-DO-AUTOR="Kátia Alessandra Mendes da Silva" NOME-PARA-CITACAO="SILVA, K. A. M., MENDES, K.A" ORDEM-DE-AUTORIA="2" NRO-ID-CNPQ="1477529535162564"/><AUTORES NOME-COMPLETO-DO-AUTOR="Luciana Ribeiro Trajano Manhães" NOME-PARA-CITACAO="Luciana Ribeiro Trajano Manhães" ORDEM-DE-AUTORIA="3" NRO-ID-CNPQ=""/></APRESENTACAO-DE-TRABALHO><APRESENTACAO-DE-TRABALHO SEQUENCIA-PRODUCAO="38"><DADOS-BASICOS-DA-APRESENTACAO-DE-TRABALHO NATUREZA="CONGRESSO" TITULO="Projeto CuliAfro: a culinária afro-brasileira como promotora da alimentação saudável no ambiente escolar" ANO="2016" PAIS="Brasil" IDIOMA="Português" FLAG-RELEVANCIA="NAO" DOI="" TITULO-INGLES="" FLAG-DIVULGACAO-CIENTIFICA="NAO"/><DETALHAMENTO-DA-APRESENTACAO-DE-TRABALHO NOME-DO-EVENTO="Congresso Brasileiro de Extensão Universitária" INSTITUICAO-PROMOTORA="Universidade Federal de Ouro Preto" LOCAL-DA-APRESENTACAO="Universidade Federal de Ouro Preto" CIDADE-DA-APRESENTACAO="Ouro Preto-MG" NOME-DO-EVENTO-INGLES=""/><AUTORES NOME-COMPLETO-DO-AUTOR="Paula Santos" NOME-PARA-CITACAO="SANTOS, P." ORDEM-DE-AUTORIA="1" NRO-ID-CNPQ=""/><AUTORES NOME-COMPLETO-DO-AUTOR="Tamiris Pereira Rizzo" NOME-PARA-CITACAO="RIZZO, T. P." ORDEM-DE-AUTORIA="10" NRO-ID-CNPQ=""/><AUTORES NOME-COMPLETO-DO-AUTOR="Gabriela Rangel" NOME-PARA-CITACAO="RANGEL, G." ORDEM-DE-AUTORIA="2" NRO-ID-CNPQ=""/><AUTORES NOME-COMPLETO-DO-AUTOR="Débora Silva do Nascimento Lima" NOME-PARA-CITACAO="LIMA, D. S. N." ORDEM-DE-AUTORIA="3" NRO-ID-CNPQ=""/><AUTORES NOME-COMPLETO-DO-AUTOR="Pamela Carla Assunção" NOME-PARA-CITACAO="ASSUNCAO, P. C." ORDEM-DE-AUTORIA="4" NRO-ID-CNPQ=""/><AUTORES NOME-COMPLETO-DO-AUTOR="Gisele Maria da Silva" NOME-PARA-CITACAO="SILVA, G. M." ORDEM-DE-AUTORIA="5" NRO-ID-CNPQ=""/><AUTORES NOME-COMPLETO-DO-AUTOR="Kátia Alessandra Mendes da Silva" NOME-PARA-CITACAO="SILVA, K. A. M., MENDES, K.A" ORDEM-DE-AUTORIA="6" NRO-ID-CNPQ="1477529535162564"/><AUTORES NOME-COMPLETO-DO-AUTOR="Rute Ramos da Silva Costa" NOME-PARA-CITACAO="COSTA, R. R. S." ORDEM-DE-AUTORIA="7" NRO-ID-CNPQ=""/><AUTORES NOME-COMPLETO-DO-AUTOR="Mariana Fernandes Brito Oliveira" NOME-PARA-CITACAO="OLIVEIRA, M. F. B." ORDEM-DE-AUTORIA="8" NRO-ID-CNPQ=""/><AUTORES NOME-COMPLETO-DO-AUTOR="Márcia Regina Viana" NOME-PARA-CITACAO="VIANA, M. R." ORDEM-DE-AUTORIA="9" NRO-ID-CNPQ=""/></APRESENTACAO-DE-TRABALHO><APRESENTACAO-DE-TRABALHO SEQUENCIA-PRODUCAO="37"><DADOS-BASICOS-DA-APRESENTACAO-DE-TRABALHO NATUREZA="CONGRESSO" TITULO="Avaliação de cardápio: uma ferramenta para tomada de decisão" ANO="2016" PAIS="Brasil" IDIOMA="Português" FLAG-RELEVANCIA="NAO" DOI="" TITULO-INGLES="" FLAG-DIVULGACAO-CIENTIFICA="NAO"/><DETALHAMENTO-DA-APRESENTACAO-DE-TRABALHO NOME-DO-EVENTO="XXIV Congresso Brasileiro de Nutrição" INSTITUICAO-PROMOTORA="" LOCAL-DA-APRESENTACAO="FIERGS" CIDADE-DA-APRESENTACAO="Porto Alegre" NOME-DO-EVENTO-INGLES=""/><AUTORES NOME-COMPLETO-DO-AUTOR="Kátia Alessandra Mendes da Silva" NOME-PARA-CITACAO="SILVA, K. A. M., MENDES, K.A" ORDEM-DE-AUTORIA="1" NRO-ID-CNPQ="1477529535162564"/><AUTORES NOME-COMPLETO-DO-AUTOR="Dirlaine Alves Furtado" NOME-PARA-CITACAO="FURTADO, D. A." ORDEM-DE-AUTORIA="2" NRO-ID-CNPQ="3144491218354308"/><AUTORES NOME-COMPLETO-DO-AUTOR="Luciana Ribeiro Trajano Manhães" NOME-PARA-CITACAO="Luciana Ribeiro Trajano Manhães" ORDEM-DE-AUTORIA="3" NRO-ID-CNPQ=""/><AUTORES NOME-COMPLETO-DO-AUTOR="Marta Moeckel Amaral Lustosa" NOME-PARA-CITACAO="LUSTOSA, M. M. A." ORDEM-DE-AUTORIA="4" NRO-ID-CNPQ=""/></APRESENTACAO-DE-TRABALHO><CURSO-DE-CURTA-DURACAO-MINISTRADO SEQUENCIA-PRODUCAO="21"><DADOS-BASICOS-DE-CURSOS-CURTA-DURACAO-MINISTRADO NIVEL-DO-CURSO="APERFEICOAMENTO" TITULO="Elaboração de cardápios e dietas hospitalares" ANO="2014" PAIS="Brasil" IDIOMA="Português" MEIO-DE-DIVULGACAO="NAO_INFORMADO" HOME-PAGE-DO-TRABALHO="" FLAG-RELEVANCIA="NAO" DOI="" TITULO-INGLES="" FLAG-DIVULGACAO-CIENTIFICA="NAO"/><DETALHAMENTO-DE-CURSOS-CURTA-DURACAO-MINISTRADO PARTICIPACAO-DOS-AUTORES="DOCENTE" INSTITUICAO-PROMOTORA-DO-CURSO="Centro Universitário Augusto Motta" LOCAL-DO-CURSO="Bonsucesso" CIDADE="Rio de Janeiro" DURACAO="16" UNIDADE="horas" UNIDADE-INGLES=""/><AUTORES NOME-COMPLETO-DO-AUTOR="Kátia Alessandra Mendes da Silva" NOME-PARA-CITACAO="SILVA, K. A. M., MENDES, K.A" ORDEM-DE-AUTORIA="1" NRO-ID-CNPQ="1477529535162564"/></CURSO-DE-CURTA-DURACAO-MINISTRADO><CURSO-DE-CURTA-DURACAO-MINISTRADO SEQUENCIA-PRODUCAO="22"><DADOS-BASICOS-DE-CURSOS-CURTA-DURACAO-MINISTRADO NIVEL-DO-CURSO="APERFEICOAMENTO" TITULO="Alimentos novos: principios e preparações culinárias" ANO="2014" PAIS="Brasil" IDIOMA="Português" MEIO-DE-DIVULGACAO="OUTRO" HOME-PAGE-DO-TRABALHO="" FLAG-RELEVANCIA="NAO" DOI="" TITULO-INGLES="" FLAG-DIVULGACAO-CIENTIFICA="NAO"/><DETALHAMENTO-DE-CURSOS-CURTA-DURACAO-MINISTRADO PARTICIPACAO-DOS-AUTORES="DOCENTE" INSTITUICAO-PROMOTORA-DO-CURSO="Centro Universitário Augusto Motta" LOCAL-DO-CURSO="Bonsucesso" CIDADE="Rio de Janeiro" DURACAO="10" UNIDADE="horas" UNIDADE-INGLES=""/><AUTORES NOME-COMPLETO-DO-AUTOR="Kátia Alessandra Mendes da Silva" NOME-PARA-CITACAO="SILVA, K. A. M., MENDES, K.A" ORDEM-DE-AUTORIA="1" NRO-ID-CNPQ="1477529535162564"/></CURSO-DE-CURTA-DURACAO-MINISTRADO><CURSO-DE-CURTA-DURACAO-MINISTRADO SEQUENCIA-PRODUCAO="28"><DADOS-BASICOS-DE-CURSOS-CURTA-DURACAO-MINISTRADO NIVEL-DO-CURSO="APERFEICOAMENTO" TITULO="Elaboração de Ficha Técnica" ANO="2014" PAIS="Brasil" IDIOMA="Português" MEIO-DE-DIVULGACAO="NAO_INFORMADO" HOME-PAGE-DO-TRABALHO="" FLAG-RELEVANCIA="NAO" DOI="" TITULO-INGLES="" FLAG-DIVULGACAO-CIENTIFICA="NAO"/><DETALHAMENTO-DE-CURSOS-CURTA-DURACAO-MINISTRADO PARTICIPACAO-DOS-AUTORES="DOCENTE" INSTITUICAO-PROMOTORA-DO-CURSO="Centro Universitário Augusto Motta" LOCAL-DO-CURSO="Bonsucesso" CIDADE="Rio de Janeiro" DURACAO="8" UNIDADE="horas" UNIDADE-INGLES=""/><AUTORES NOME-COMPLETO-DO-AUTOR="Kátia Alessandra Mendes da Silva" NOME-PARA-CITACAO="SILVA, K. A. M., MENDES, K.A" ORDEM-DE-AUTORIA="1" NRO-ID-CNPQ="1477529535162564"/></CURSO-DE-CURTA-DURACAO-MINISTRADO></DEMAIS-TIPOS-DE-PRODUCAO-TECNICA></PRODUCAO-TECNICA><OUTRA-PRODUCAO><ORIENTACOES-CONCLUIDAS><OUTRAS-ORIENTACOES-CONCLUIDAS SEQUENCIA-PRODUCAO="14"><DADOS-BASICOS-DE-OUTRAS-ORIENTACOES-CONCLUIDAS NATUREZA="TRABALHO_DE_CONCLUSAO_DE_CURSO_GRADUACAO" TIPO="" TITULO="Alimento irradiado: uma revisão bibliográfica" ANO="2013" PAIS="Brasil" IDIOMA="Português" HOME-PAGE="" FLAG-RELEVANCIA="NAO" DOI="" TITULO-INGLES="" TIPO-INGLES=""/><DETALHAMENTO-DE-OUTRAS-ORIENTACOES-CONCLUIDAS NOME-DO-ORIENTADO="Pamela Abreu" CODIGO-INSTITUICAO="201900000008" NOME-DA-INSTITUICAO="Centro Universitário Augusto Motta" CODIGO-CURSO="60108428" NOME-DO-CURSO="Nutrição" FLAG-BOLSA="NAO" CODIGO-AGENCIA-FINANCIADORA="" NOME-DA-AGENCIA="" TIPO-DE-ORIENTACAO-CONCLUIDA="CO_ORIENTADOR" NUMERO-DE-PAGINAS="" NUMERO-ID-ORIENTADO="" NOME-DO-CURSO-INGLES=""/><AREAS-DO-CONHECIMENTO><AREA-DO-CONHECIMENTO-1 NOME-GRANDE-AREA-DO-CONHECIMENTO="CIENCIAS_DA_SAUDE" NOME-DA-AREA-DO-CONHECIMENTO="" NOME-DA-SUB-AREA-DO-CONHECIMENTO="" NOME-DA-ESPECIALIDADE=""/><AREA-DO-CONHECIMENTO-2 NOME-GRANDE-AREA-DO-CONHECIMENTO="CIENCIAS_AGRARIAS" NOME-DA-AREA-DO-CONHECIMENTO="Ciência e Tecnologia de Alimentos" NOME-DA-SUB-AREA-DO-CONHECIMENTO="Ciência de Alimentos" NOME-DA-ESPECIALIDADE=""/><AREA-DO-CONHECIMENTO-3 NOME-GRANDE-AREA-DO-CONHECIMENTO="CIENCIAS_AGRARIAS" NOME-DA-AREA-DO-CONHECIMENTO="Ciência e Tecnologia de Alimentos" NOME-DA-SUB-AREA-DO-CONHECIMENTO="Tecnologia de Alimentos" NOME-DA-ESPECIALIDADE=""/></AREAS-DO-CONHECIMENTO></OUTRAS-ORIENTACOES-CONCLUIDAS></ORIENTACOES-CONCLUIDAS></OUTRA-PRODUCAO><DADOS-COMPLEMENTARES><FORMACAO-COMPLEMENTAR><FORMACAO-COMPLEMENTAR-CURSO-DE-CURTA-DURACAO SEQUENCIA-FORMACAO="3" NIVEL="F" CARGA-HORARIA="8" CODIGO-INSTITUICAO="000200000993" NOME-INSTITUICAO="Instituto Racine" CODIGO-ORGAO="" NOME-ORGAO="" CODIGO-CURSO="90000008" NOME-CURSO="Atualização Sanitária e Principios da Garantia" STATUS-DO-CURSO="CONCLUIDO" ANO-DE-INICIO="2006" ANO-DE-CONCLUSAO="2006" NOME-CURSO-INGLES=""/><FORMACAO-COMPLEMENTAR-CURSO-DE-CURTA-DURACAO SEQUENCIA-FORMACAO="5" NIVEL="F" CARGA-HORARIA="12" CODIGO-INSTITUICAO="359400000007" NOME-INSTITUICAO="Sociedade Brasileira de Ciência e Tecnologia de Alimentos" CODIGO-ORGAO="" NOME-ORGAO="" CODIGO-CURSO="90000009" NOME-CURSO="Qualidade e Segurança dos Alimentos" STATUS-DO-CURSO="CONCLUIDO" ANO-DE-INICIO="1999" ANO-DE-CONCLUSAO="1999" NOME-CURSO-INGLES=""/><FORMACAO-COMPLEMENTAR-CURSO-DE-CURTA-DURACAO SEQUENCIA-FORMACAO="22" NIVEL="F" CARGA-HORARIA="3" CODIGO-INSTITUICAO="001700000990" NOME-INSTITUICAO="Universidade Fderal do Estado do Rio de Janeiro" CODIGO-ORGAO="" NOME-ORGAO="" CODIGO-CURSO="90000033" NOME-CURSO="Uso das Normas ABNT" STATUS-DO-CURSO="CONCLUIDO" ANO-DE-INICIO="2011" ANO-DE-CONCLUSAO="2015" NOME-CURSO-INGLES=""/><FORMACAO-COMPLEMENTAR-CURSO-DE-CURTA-DURACAO SEQUENCIA-FORMACAO="20" NIVEL="F" CARGA-HORARIA="8" CODIGO-INSTITUICAO="IX6X00000008" NOME-INSTITUICAO="Colégio Brasileiro de Médicos Veterinários Higienistas de Alimentos" CODIGO-ORGAO="" NOME-ORGAO="" CODIGO-CURSO="90000031" NOME-CURSO="MC04 - Qualidade do Pescado: Captura a Industriali" STATUS-DO-CURSO="CONCLUIDO" ANO-DE-INICIO="2015" ANO-DE-CONCLUSAO="2015" NOME-CURSO-INGLES=""/><FORMACAO-COMPLEMENTAR-CURSO-DE-CURTA-DURACAO SEQUENCIA-FORMACAO="21" NIVEL="F" CARGA-HORARIA="8" CODIGO-INSTITUICAO="IX6X00000008" NOME-INSTITUICAO="Colégio Brasileiro de Médicos Veterinários Higienistas de Alimentos" CODIGO-ORGAO="" NOME-ORGAO="" CODIGO-CURSO="90000032" NOME-CURSO="MC04- Qualidade do pescado: captura a inddustriali" STATUS-DO-CURSO="CONCLUIDO" ANO-DE-INICIO="2015" ANO-DE-CONCLUSAO="2015" NOME-CURSO-INGLES=""/><FORMACAO-COMPLEMENTAR-CURSO-DE-CURTA-DURACAO SEQUENCIA-FORMACAO="16" NIVEL="F" CARGA-HORARIA="12" CODIGO-INSTITUICAO="001300000993" NOME-INSTITUICAO="Instituto Lenus" CODIGO-ORGAO="" NOME-ORGAO="" CODIGO-CURSO="90000026" NOME-CURSO="Capacitação para Elaboração de Rótulos de Alimento" STATUS-DO-CURSO="CONCLUIDO" ANO-DE-INICIO="2012" ANO-DE-CONCLUSAO="2012" NOME-CURSO-INGLES=""/><FORMACAO-COMPLEMENTAR-CURSO-DE-CURTA-DURACAO SEQUENCIA-FORMACAO="10" NIVEL="F" CARGA-HORARIA="16" CODIGO-INSTITUICAO="000600000990" NOME-INSTITUICAO="NutriSaúde" CODIGO-ORGAO="" NOME-ORGAO="" CODIGO-CURSO="90000012" NOME-CURSO="Personal diet, gatronomia especializada e marketin" STATUS-DO-CURSO="CONCLUIDO" ANO-DE-INICIO="2009" ANO-DE-CONCLUSAO="2009" NOME-CURSO-INGLES=""/><FORMACAO-COMPLEMENTAR-CURSO-DE-CURTA-DURACAO SEQUENCIA-FORMACAO="9" NIVEL="F" CARGA-HORARIA="183" CODIGO-INSTITUICAO="000300000995" NOME-INSTITUICAO="Associação de Nutrição do Estado de Rio de Janeiro" CODIGO-ORGAO="" NOME-ORGAO="" CODIGO-CURSO="90000013" NOME-CURSO="Curso de Aperfeiçoamento em NUtrição e Saúde" STATUS-DO-CURSO="CONCLUIDO" ANO-DE-INICIO="2009" ANO-DE-CONCLUSAO="2009" NOME-CURSO-INGLES=""/><FORMACAO-COMPLEMENTAR-CURSO-DE-CURTA-DURACAO SEQUENCIA-FORMACAO="4" NIVEL="F" CARGA-HORARIA="16" CODIGO-INSTITUICAO="000300000995" NOME-INSTITUICAO="Associação de Nutrição do Estado de Rio de Janeiro" CODIGO-ORGAO="" NOME-ORGAO="" CODIGO-CURSO="90000007" NOME-CURSO="Rotulagem de Alimentos" STATUS-DO-CURSO="CONCLUIDO" ANO-DE-INICIO="2007" ANO-DE-CONCLUSAO="2007" NOME-CURSO-INGLES=""/><FORMACAO-COMPLEMENTAR-CURSO-DE-CURTA-DURACAO SEQUENCIA-FORMACAO="6" NIVEL="F" CARGA-HORARIA="16" CODIGO-INSTITUICAO="593700000005" NOME-INSTITUICAO="Instituto de Hospitalidade" CODIGO-ORGAO="" NOME-ORGAO="" CODIGO-CURSO="90000006" NOME-CURSO="Bioqualitas" STATUS-DO-CURSO="CONCLUIDO" ANO-DE-INICIO="2006" ANO-DE-CONCLUSAO="2006" NOME-CURSO-INGLES=""/><FORMACAO-COMPLEMENTAR-CURSO-DE-CURTA-DURACAO SEQUENCIA-FORMACAO="15" NIVEL="F" CARGA-HORARIA="16" CODIGO-INSTITUICAO="001100000990" NOME-INSTITUICAO="Alimentação Legal - Treinamento em Segurança Alimentar" CODIGO-ORGAO="" NOME-ORGAO="" CODIGO-CURSO="90000025" NOME-CURSO="Supervisor Segurança de Alimentos ABNT NBR 15048" STATUS-DO-CURSO="CONCLUIDO" ANO-DE-INICIO="2012" ANO-DE-CONCLUSAO="2012" NOME-CURSO-INGLES=""/><FORMACAO-COMPLEMENTAR-CURSO-DE-CURTA-DURACAO SEQUENCIA-FORMACAO="14" NIVEL="F" CARGA-HORARIA="9" CODIGO-INSTITUICAO="001000000998" NOME-INSTITUICAO="Alimentação Legal - Treinamento em Segurança Alimentar" CODIGO-ORGAO="" NOME-ORGAO="" CODIGO-CURSO="90000023" NOME-CURSO="Higiene de alimentos e Vigilância Sanitária" STATUS-DO-CURSO="CONCLUIDO" ANO-DE-INICIO="2012" ANO-DE-CONCLUSAO="2012" NOME-CURSO-INGLES=""/><FORMACAO-COMPLEMENTAR-CURSO-DE-CURTA-DURACAO SEQUENCIA-FORMACAO="19" NIVEL="F" CARGA-HORARIA="10" CODIGO-INSTITUICAO="000900000996" NOME-INSTITUICAO="Alimentação Legal" CODIGO-ORGAO="" NOME-ORGAO="" CODIGO-CURSO="90000030" NOME-CURSO="Consultoria e Assessoria em Serviços de Alimentaçã" STATUS-DO-CURSO="CONCLUIDO" ANO-DE-INICIO="2013" ANO-DE-CONCLUSAO="2013" NOME-CURSO-INGLES=""/><FORMACAO-COMPLEMENTAR-CURSO-DE-CURTA-DURACAO SEQUENCIA-FORMACAO="12" NIVEL="F" CARGA-HORARIA="16" CODIGO-INSTITUICAO="000800000994" NOME-INSTITUICAO="Dzetta Projetos, Consusltoria e Treinamentos" CODIGO-ORGAO="" NOME-ORGAO="" CODIGO-CURSO="90000022" NOME-CURSO="Interpretação da Norma ABNT NBR 15635" STATUS-DO-CURSO="CONCLUIDO" ANO-DE-INICIO="2012" ANO-DE-CONCLUSAO="2012" NOME-CURSO-INGLES=""/><OUTROS SEQUENCIA-FORMACAO="18" NIVEL="Y" CARGA-HORARIA="" CODIGO-INSTITUICAO="025400000003" NOME-INSTITUICAO="Fundação de Apoio ao Cefet" CODIGO-ORGAO="" NOME-ORGAO="" CODIGO-CURSO="90000028" NOME-CURSO="Técnico em Segurança do Trabalho" STATUS-DO-CURSO="EM_ANDAMENTO" ANO-DE-INICIO="2013" ANO-DE-CONCLUSAO="" NOME-CURSO-INGLES=""/><OUTROS SEQUENCIA-FORMACAO="2" NIVEL="Y" CARGA-HORARIA="1660" CODIGO-INSTITUICAO="000100000991" NOME-INSTITUICAO="Colégio Bezerra de Araújo" CODIGO-ORGAO="" NOME-ORGAO="" CODIGO-CURSO="90000001" NOME-CURSO="Técnico em Nutrição e Dietética" STATUS-DO-CURSO="CONCLUIDO" ANO-DE-INICIO="1995" ANO-DE-CONCLUSAO="1997" NOME-CURSO-INGLES=""/><OUTROS SEQUENCIA-FORMACAO="17" NIVEL="Y" CARGA-HORARIA="100" CODIGO-INSTITUICAO="001400000995" NOME-INSTITUICAO="Portal Educação" CODIGO-ORGAO="" NOME-ORGAO="" CODIGO-CURSO="90000027" NOME-CURSO="Higiene e Vigilância Sanitária de Alimentos" STATUS-DO-CURSO="CONCLUIDO" ANO-DE-INICIO="2012" ANO-DE-CONCLUSAO="2012" NOME-CURSO-INGLES=""/><formacoesComplementaresPlana/></FORMACAO-COMPLEMENTAR><PARTICIPACAO-EM-BANCA-JULGADORA><OUTRAS-BANCAS-JULGADORAS SEQUENCIA-PRODUCAO="27"><DADOS-BASICOS-DE-OUTRAS-BANCAS-JULGADORAS TIPO="" NATUREZA="Outra" TITULO="Trabalhos de Conclusão de Cursos" ANO="2014" PAIS="Brasil" IDIOMA="Português" HOME-PAGE="" DOI="" TITULO-INGLES="" TIPO-INGLES=""/><DETALHAMENTO-DE-OUTRAS-BANCAS-JULGADORAS CODIGO-INSTITUICAO="201900000008" NOME-INSTITUICAO="Centro Universitário Augusto Motta"/><PARTICIPANTE-BANCA NOME-COMPLETO-DO-PARTICIPANTE-DA-BANCA="Kátia Alessandra Mendes da Silva" NOME-PARA-CITACAO-DO-PARTICIPANTE-DA-BANCA="SILVA, K. A. M., MENDES, K.A" ORDEM-PARTICIPANTE="1" NRO-ID-CNPQ="1477529535162564"/></OUTRAS-BANCAS-JULGADORAS></PARTICIPACAO-EM-BANCA-JULGADORA><PARTICIPACAO-EM-EVENTOS-CONGRESSOS><PARTICIPACAO-EM-CONGRESSO SEQUENCIA-PRODUCAO="6"><PARTICIPANTE-DE-EVENTOS-CONGRESSOS NOME-COMPLETO-DO-PARTICIPANTE-DE-EVENTOS-CONGRESSOS="Kátia Alessandra Mendes da Silva" NOME-PARA-CITACAO-DO-PARTICIPANTE-DE-EVENTOS-CONGRESSOS="SILVA, K. A. M., MENDES, K.A" ORDEM-PARTICIPANTE="1" NRO-ID-CNPQ="1477529535162564"/><DADOS-BASICOS-DA-PARTICIPACAO-EM-CONGRESSO NATUREZA="Congresso" TITULO="" ANO="2009" PAIS="Brasil" IDIOMA="" MEIO-DE-DIVULGACAO="NAO_INFORMADO" HOME-PAGE-DO-TRABALHO="" FLAG-RELEVANCIA="NAO" TIPO-PARTICIPACAO="" FORMA-PARTICIPACAO="Ouvinte" DOI="" TITULO-INGLES="" FLAG-DIVULGACAO-CIENTIFICA="NAO"/><DETALHAMENTO-DA-PARTICIPACAO-EM-CONGRESSO NOME-DO-EVENTO="I Congresso Brasileiro de Alimentação Coletiva" CODIGO-INSTITUICAO="" NOME-INSTITUICAO="" LOCAL-DO-EVENTO="" CIDADE-DO-EVENTO="Porto Alegre" NOME-DO-EVENTO-INGLES=""/></PARTICIPACAO-EM-CONGRESSO><PARTICIPACAO-EM-CONGRESSO SEQUENCIA-PRODUCAO="42"><PARTICIPANTE-DE-EVENTOS-CONGRESSOS NOME-COMPLETO-DO-PARTICIPANTE-DE-EVENTOS-CONGRESSOS="Kátia Alessandra Mendes da Silva" NOME-PARA-CITACAO-DO-PARTICIPANTE-DE-EVENTOS-CONGRESSOS="SILVA, K. A. M., MENDES, K.A" ORDEM-PARTICIPANTE="1" NRO-ID-CNPQ="1477529535162564"/><DADOS-BASICOS-DA-PARTICIPACAO-EM-CONGRESSO NATUREZA="Congresso" TITULO="DE FOLHOSOS E OS NOVOS PARADIGMAS DA GESTÃO DA ÁGUA EM SERVIÇOS DE ALIMENTAÇÃO" ANO="2016" PAIS="Brasil" IDIOMA="" MEIO-DE-DIVULGACAO="NAO_INFORMADO" HOME-PAGE-DO-TRABALHO="" FLAG-RELEVANCIA="NAO" TIPO-PARTICIPACAO="Poster / Painel" FORMA-PARTICIPACAO="Participante" DOI="" TITULO-INGLES="" FLAG-DIVULGACAO-CIENTIFICA="NAO"/><DETALHAMENTO-DA-PARTICIPACAO-EM-CONGRESSO NOME-DO-EVENTO="XXV Congresso Brasileiro de Ciência e Tecnologia de Alimentos (CBCTA) E 10º Simpósio Internacional de Alimentos da CIGR (Comissão Internacional de Engenharia Agrícola e de Alimentos)" CODIGO-INSTITUICAO="" NOME-INSTITUICAO="" LOCAL-DO-EVENTO="" CIDADE-DO-EVENTO="Gramado/RS" NOME-DO-EVENTO-INGLES=""/></PARTICIPACAO-EM-CONGRESSO><PARTICIPACAO-EM-CONGRESSO SEQUENCIA-PRODUCAO="31"><PARTICIPANTE-DE-EVENTOS-CONGRESSOS NOME-COMPLETO-DO-PARTICIPANTE-DE-EVENTOS-CONGRESSOS="Kátia Alessandra Mendes da Silva" NOME-PARA-CITACAO-DO-PARTICIPANTE-DE-EVENTOS-CONGRESSOS="SILVA, K. A. M., MENDES, K.A" ORDEM-PARTICIPANTE="1" NRO-ID-CNPQ="1477529535162564"/><DADOS-BASICOS-DA-PARTICIPACAO-EM-CONGRESSO NATUREZA="Congresso" TITULO="O CONSUMIDOR COMO PRINCIPAL ELEMENTO DE CONTRIBUIÇÃO PARA O DESENVOLVIMENTO DE UM PROGRAMA DE AVALIAÇÃO DA CONFORMIDADE PARA CAMARÃO" ANO="2015" PAIS="Brasil" IDIOMA="" MEIO-DE-DIVULGACAO="NAO_INFORMADO" HOME-PAGE-DO-TRABALHO="" FLAG-RELEVANCIA="NAO" TIPO-PARTICIPACAO="Poster / Painel" FORMA-PARTICIPACAO="Participante" DOI="" TITULO-INGLES="" FLAG-DIVULGACAO-CIENTIFICA="NAO"/><DETALHAMENTO-DA-PARTICIPACAO-EM-CONGRESSO NOME-DO-EVENTO="VII CONGRESSO LATINOAMERICANO E XIII CONGRESSO BRASILEIRO DE HIGIENISTAS DE ALIMENTOS, III ENCONTRO NACIONAL DE VIGILÂNCIA DE ZOONOSES E V ENCONTRO DO SISTEMA BRASILEIRO DE INSPEÇÃO DE PRODUTOS DE ORIGEM ANIMAL" CODIGO-INSTITUICAO="" NOME-INSTITUICAO="" LOCAL-DO-EVENTO="" CIDADE-DO-EVENTO="Búzios" NOME-DO-EVENTO-INGLES=""/></PARTICIPACAO-EM-CONGRESSO><PARTICIPACAO-EM-CONGRESSO SEQUENCIA-PRODUCAO="3"><PARTICIPANTE-DE-EVENTOS-CONGRESSOS NOME-COMPLETO-DO-PARTICIPANTE-DE-EVENTOS-CONGRESSOS="Kátia Alessandra Mendes da Silva" NOME-PARA-CITACAO-DO-PARTICIPANTE-DE-EVENTOS-CONGRESSOS="SILVA, K. A. M., MENDES, K.A" ORDEM-PARTICIPANTE="1" NRO-ID-CNPQ="1477529535162564"/><DADOS-BASICOS-DA-PARTICIPACAO-EM-CONGRESSO NATUREZA="Congresso" TITULO="Pôster: Avaliação da Existência , do uso e das condições Higiênico dos equipamentos de proteção Individual ( EPis) nas áreas de pré-preparo e preparo em unidades de alimentação e nutrição ( UANs)" ANO="2008" PAIS="Brasil" IDIOMA="" MEIO-DE-DIVULGACAO="NAO_INFORMADO" HOME-PAGE-DO-TRABALHO="" FLAG-RELEVANCIA="NAO" TIPO-PARTICIPACAO="Poster / Painel" FORMA-PARTICIPACAO="Participante" DOI="" TITULO-INGLES="" FLAG-DIVULGACAO-CIENTIFICA="NAO"/><DETALHAMENTO-DA-PARTICIPACAO-EM-CONGRESSO NOME-DO-EVENTO="XX Congresso Brasileiro de Nutrição - Conbran 2008" CODIGO-INSTITUICAO="" NOME-INSTITUICAO="" LOCAL-DO-EVENTO="" CIDADE-DO-EVENTO="Rio de Janeiro" NOME-DO-EVENTO-INGLES=""/></PARTICIPACAO-EM-CONGRESSO><PARTICIPACAO-EM-CONGRESSO SEQUENCIA-PRODUCAO="41"><PARTICIPANTE-DE-EVENTOS-CONGRESSOS NOME-COMPLETO-DO-PARTICIPANTE-DE-EVENTOS-CONGRESSOS="Kátia Alessandra Mendes da Silva" NOME-PARA-CITACAO-DO-PARTICIPANTE-DE-EVENTOS-CONGRESSOS="SILVA, K. A. M., MENDES, K.A" ORDEM-PARTICIPANTE="1" NRO-ID-CNPQ="1477529535162564"/><DADOS-BASICOS-DA-PARTICIPACAO-EM-CONGRESSO NATUREZA="Congresso" TITULO="AVALIAÇÃO DE CARDÁPIO: UMA FERRAMENTA PARA TOMADA DE DECISÃO" ANO="2016" PAIS="Brasil" IDIOMA="" MEIO-DE-DIVULGACAO="NAO_INFORMADO" HOME-PAGE-DO-TRABALHO="" FLAG-RELEVANCIA="NAO" TIPO-PARTICIPACAO="Poster / Painel" FORMA-PARTICIPACAO="Participante" DOI="" TITULO-INGLES="AVALIAÇÃO DE CARDÁPIO: UMA FERRAMENTA PARA TOMADA DE DECISÃO" FLAG-DIVULGACAO-CIENTIFICA="NAO"/><DETALHAMENTO-DA-PARTICIPACAO-EM-CONGRESSO NOME-DO-EVENTO="CONBRAN 2016 - XXIV CONGRESSO BRASILEIRO DE NUTRIÇÃO" CODIGO-INSTITUICAO="" NOME-INSTITUICAO="" LOCAL-DO-EVENTO="" CIDADE-DO-EVENTO="Gramado/RS" NOME-DO-EVENTO-INGLES=""/></PARTICIPACAO-EM-CONGRESSO><PARTICIPACAO-EM-FEIRA SEQUENCIA-PRODUCAO="17"><PARTICIPANTE-DE-EVENTOS-CONGRESSOS NOME-COMPLETO-DO-PARTICIPANTE-DE-EVENTOS-CONGRESSOS="Kátia Alessandra Mendes da Silva" NOME-PARA-CITACAO-DO-PARTICIPANTE-DE-EVENTOS-CONGRESSOS="SILVA, K. A. M., MENDES, K.A" ORDEM-PARTICIPANTE="1" NRO-ID-CNPQ="1477529535162564"/><DADOS-BASICOS-DA-PARTICIPACAO-EM-FEIRA NATUREZA="Feira" TITULO="Sistemas de Certificação para Aquicultura Sustentável: Análises e Perspectivas." ANO="2012" PAIS="Brasil" IDIOMA="" MEIO-DE-DIVULGACAO="NAO_INFORMADO" HOME-PAGE-DO-TRABALHO="" FLAG-RELEVANCIA="NAO" TIPO-PARTICIPACAO="Apresentação oral" FORMA-PARTICIPACAO="Participante" DOI="" TITULO-INGLES="" FLAG-DIVULGACAO-CIENTIFICA="SIM"/><DETALHAMENTO-DA-PARTICIPACAO-EM-FEIRA NOME-DO-EVENTO="Feira Nacional do Camarão- FENACAM" CODIGO-INSTITUICAO="" NOME-INSTITUICAO="" LOCAL-DO-EVENTO="" CIDADE-DO-EVENTO="Natal/RN" NOME-DO-EVENTO-INGLES=""/></PARTICIPACAO-EM-FEIRA><PARTICIPACAO-EM-SEMINARIO SEQUENCIA-PRODUCAO="24"><PARTICIPANTE-DE-EVENTOS-CONGRESSOS NOME-COMPLETO-DO-PARTICIPANTE-DE-EVENTOS-CONGRESSOS="Kátia Alessandra Mendes da Silva" NOME-PARA-CITACAO-DO-PARTICIPANTE-DE-EVENTOS-CONGRESSOS="SILVA, K. A. M., MENDES, K.A" ORDEM-PARTICIPANTE="1" NRO-ID-CNPQ="1477529535162564"/><DADOS-BASICOS-DA-PARTICIPACAO-EM-SEMINARIO NATUREZA="Seminário" TITULO="Palestrante" ANO="2014" PAIS="Brasil" IDIOMA="" MEIO-DE-DIVULGACAO="NAO_INFORMADO" HOME-PAGE-DO-TRABALHO="" FLAG-RELEVANCIA="NAO" TIPO-PARTICIPACAO="Apresentação Oral" FORMA-PARTICIPACAO="Participante" DOI="" TITULO-INGLES="" FLAG-DIVULGACAO-CIENTIFICA="NAO"/><DETALHAMENTO-DA-PARTICIPACAO-EM-SEMINARIO NOME-DO-EVENTO="VIII Seminário Acadêmico de Nutrição" CODIGO-INSTITUICAO="" NOME-INSTITUICAO="" LOCAL-DO-EVENTO="" CIDADE-DO-EVENTO="Rio de Janeiro" NOME-DO-EVENTO-INGLES=""/></PARTICIPACAO-EM-SEMINARIO><PARTICIPACAO-EM-SEMINARIO SEQUENCIA-PRODUCAO="9"><PARTICIPANTE-DE-EVENTOS-CONGRESSOS NOME-COMPLETO-DO-PARTICIPANTE-DE-EVENTOS-CONGRESSOS="Kátia Alessandra Mendes da Silva" NOME-PARA-CITACAO-DO-PARTICIPANTE-DE-EVENTOS-CONGRESSOS="SILVA, K. A. M., MENDES, K.A" ORDEM-PARTICIPANTE="1" NRO-ID-CNPQ="1477529535162564"/><DADOS-BASICOS-DA-PARTICIPACAO-EM-SEMINARIO NATUREZA="Seminário" TITULO="Determinação dos Equipamentos de Proteção Coletiva e Individual em uma Unidade de Alimentação e Nutrição de um hospital púlico na cidade do Rio de Janeiro" ANO="2010" PAIS="Brasil" IDIOMA="" MEIO-DE-DIVULGACAO="NAO_INFORMADO" HOME-PAGE-DO-TRABALHO="" FLAG-RELEVANCIA="NAO" TIPO-PARTICIPACAO="Poster / Painel" FORMA-PARTICIPACAO="Participante" DOI="" TITULO-INGLES="" FLAG-DIVULGACAO-CIENTIFICA="NAO"/><DETALHAMENTO-DA-PARTICIPACAO-EM-SEMINARIO NOME-DO-EVENTO="I Seminário do Programa de Incentivo à Qulaificação do Servidor - PRIQ" CODIGO-INSTITUICAO="" NOME-INSTITUICAO="" LOCAL-DO-EVENTO="" CIDADE-DO-EVENTO="Rio de Janeiro" NOME-DO-EVENTO-INGLES=""/></PARTICIPACAO-EM-SEMINARIO><PARTICIPACAO-EM-SIMPOSIO SEQUENCIA-PRODUCAO="8"><PARTICIPANTE-DE-EVENTOS-CONGRESSOS NOME-COMPLETO-DO-PARTICIPANTE-DE-EVENTOS-CONGRESSOS="Kátia Alessandra Mendes da Silva" NOME-PARA-CITACAO-DO-PARTICIPANTE-DE-EVENTOS-CONGRESSOS="SILVA, K. A. M., MENDES, K.A" ORDEM-PARTICIPANTE="1" NRO-ID-CNPQ="1477529535162564"/><DADOS-BASICOS-DA-PARTICIPACAO-EM-SIMPOSIO NATUREZA="Simpósio" TITULO="" ANO="2010" PAIS="Brasil" IDIOMA="" MEIO-DE-DIVULGACAO="NAO_INFORMADO" HOME-PAGE-DO-TRABALHO="" FLAG-RELEVANCIA="NAO" TIPO-PARTICIPACAO="" FORMA-PARTICIPACAO="Ouvinte" DOI="" TITULO-INGLES="" FLAG-DIVULGACAO-CIENTIFICA="NAO"/><DETALHAMENTO-DA-PARTICIPACAO-EM-SIMPOSIO NOME-DO-EVENTO="II Simpósio de Alimentação e Cultura" CODIGO-INSTITUICAO="" NOME-INSTITUICAO="" LOCAL-DO-EVENTO="" CIDADE-DO-EVENTO="Rio de Janeiro" NOME-DO-EVENTO-INGLES=""/></PARTICIPACAO-EM-SIMPOSIO><PARTICIPACAO-EM-ENCONTRO SEQUENCIA-PRODUCAO="7"><PARTICIPANTE-DE-EVENTOS-CONGRESSOS NOME-COMPLETO-DO-PARTICIPANTE-DE-EVENTOS-CONGRESSOS="Kátia Alessandra Mendes da Silva" NOME-PARA-CITACAO-DO-PARTICIPANTE-DE-EVENTOS-CONGRESSOS="SILVA, K. A. M., MENDES, K.A" ORDEM-PARTICIPANTE="1" NRO-ID-CNPQ="1477529535162564"/><DADOS-BASICOS-DA-PARTICIPACAO-EM-ENCONTRO NATUREZA="Encontro" TITULO="" ANO="2009" PAIS="Brasil" IDIOMA="" MEIO-DE-DIVULGACAO="NAO_INFORMADO" HOME-PAGE-DO-TRABALHO="" FLAG-RELEVANCIA="NAO" TIPO-PARTICIPACAO="" FORMA-PARTICIPACAO="Ouvinte" DOI="" TITULO-INGLES="" FLAG-DIVULGACAO-CIENTIFICA="NAO"/><DETALHAMENTO-DA-PARTICIPACAO-EM-ENCONTRO NOME-DO-EVENTO="I Encontro sobre Nutrição em Hipertensão e Doença Renal Crônica" CODIGO-INSTITUICAO="" NOME-INSTITUICAO="" LOCAL-DO-EVENTO="" CIDADE-DO-EVENTO="Rio de Janeiro" NOME-DO-EVENTO-INGLES=""/></PARTICIPACAO-EM-ENCONTRO><PARTICIPACAO-EM-ENCONTRO SEQUENCIA-PRODUCAO="25"><PARTICIPANTE-DE-EVENTOS-CONGRESSOS NOME-COMPLETO-DO-PARTICIPANTE-DE-EVENTOS-CONGRESSOS="Kátia Alessandra Mendes da Silva" NOME-PARA-CITACAO-DO-PARTICIPANTE-DE-EVENTOS-CONGRESSOS="SILVA, K. A. M., MENDES, K.A" ORDEM-PARTICIPANTE="1" NRO-ID-CNPQ="1477529535162564"/><DADOS-BASICOS-DA-PARTICIPACAO-EM-ENCONTRO NATUREZA="Encontro" TITULO="Controle Higienicossanitário: uma abordagem prática" ANO="2014" PAIS="Brasil" IDIOMA="" MEIO-DE-DIVULGACAO="NAO_INFORMADO" HOME-PAGE-DO-TRABALHO="" FLAG-RELEVANCIA="NAO" TIPO-PARTICIPACAO="Apresentação Oral" FORMA-PARTICIPACAO="Participante" DOI="" TITULO-INGLES="" FLAG-DIVULGACAO-CIENTIFICA="NAO"/><DETALHAMENTO-DA-PARTICIPACAO-EM-ENCONTRO NOME-DO-EVENTO="Café com Ciência" CODIGO-INSTITUICAO="" NOME-INSTITUICAO="" LOCAL-DO-EVENTO="" CIDADE-DO-EVENTO="Rio de Janeiro" NOME-DO-EVENTO-INGLES=""/></PARTICIPACAO-EM-ENCONTRO><OUTRAS-PARTICIPACOES-EM-EVENTOS-CONGRESSOS SEQUENCIA-PRODUCAO="36"><PARTICIPANTE-DE-EVENTOS-CONGRESSOS NOME-COMPLETO-DO-PARTICIPANTE-DE-EVENTOS-CONGRESSOS="Kátia Alessandra Mendes da Silva" NOME-PARA-CITACAO-DO-PARTICIPANTE-DE-EVENTOS-CONGRESSOS="SILVA, K. A. M., MENDES, K.A" ORDEM-PARTICIPANTE="1" NRO-ID-CNPQ="1477529535162564"/><DADOS-BASICOS-DE-OUTRAS-PARTICIPACOES-EM-EVENTOS-CONGRESSOS NATUREZA="Outra" TITULO="" ANO="2015" PAIS="Brasil" IDIOMA="" MEIO-DE-DIVULGACAO="NAO_INFORMADO" HOME-PAGE-DO-TRABALHO="" FLAG-RELEVANCIA="NAO" TIPO-PARTICIPACAO="" FORMA-PARTICIPACAO="Ouvinte" DOI="" TITULO-INGLES="" FLAG-DIVULGACAO-CIENTIFICA="NAO"/><DETALHAMENTO-DE-OUTRAS-PARTICIPACOES-EM-EVENTOS-CONGRESSOS NOME-DO-EVENTO="76ª Semana Brasileira de Enfermagem" CODIGO-INSTITUICAO="" NOME-INSTITUICAO="" LOCAL-DO-EVENTO="" CIDADE-DO-EVENTO="Rio de Janeiro" NOME-DO-EVENTO-INGLES=""/></OUTRAS-PARTICIPACOES-EM-EVENTOS-CONGRESSOS><OUTRAS-PARTICIPACOES-EM-EVENTOS-CONGRESSOS SEQUENCIA-PRODUCAO="5"><PARTICIPANTE-DE-EVENTOS-CONGRESSOS NOME-COMPLETO-DO-PARTICIPANTE-DE-EVENTOS-CONGRESSOS="Kátia Alessandra Mendes da Silva" NOME-PARA-CITACAO-DO-PARTICIPANTE-DE-EVENTOS-CONGRESSOS="SILVA, K. A. M., MENDES, K.A" ORDEM-PARTICIPANTE="1" NRO-ID-CNPQ="1477529535162564"/><DADOS-BASICOS-DE-OUTRAS-PARTICIPACOES-EM-EVENTOS-CONGRESSOS NATUREZA="Outra" TITULO="" ANO="2002" PAIS="Brasil" IDIOMA="" MEIO-DE-DIVULGACAO="NAO_INFORMADO" HOME-PAGE-DO-TRABALHO="" FLAG-RELEVANCIA="NAO" TIPO-PARTICIPACAO="" FORMA-PARTICIPACAO="Ouvinte" DOI="" TITULO-INGLES="" FLAG-DIVULGACAO-CIENTIFICA="NAO"/><DETALHAMENTO-DE-OUTRAS-PARTICIPACOES-EM-EVENTOS-CONGRESSOS NOME-DO-EVENTO="IV Treinamento para Manipuladores de Dietas Enterais - PROCEP" CODIGO-INSTITUICAO="" NOME-INSTITUICAO="" LOCAL-DO-EVENTO="" CIDADE-DO-EVENTO="Rio de Janeiro" NOME-DO-EVENTO-INGLES=""/></OUTRAS-PARTICIPACOES-EM-EVENTOS-CONGRESSOS></PARTICIPACAO-EM-EVENTOS-CONGRESSOS><INFORMACOES-ADICIONAIS-INSTITUICOES><INFORMACAO-ADICIONAL-INSTITUICAO CODIGO-INSTITUICAO="000100000991" SIGLA-INSTITUICAO="CBA" SIGLA-UF-INSTITUICAO="RJ" SIGLA-PAIS-INSTITUICAO="BRA" NOME-PAIS-INSTITUICAO="Brasil" FLAG-AGENCIA-FOMENTO="NAO" FLAG-INSTITUICAO-DE-ENSINO="NAO"/><INFORMACAO-ADICIONAL-INSTITUICAO CODIGO-INSTITUICAO="000200000993" SIGLA-INSTITUICAO="IR" SIGLA-UF-INSTITUICAO="RJ" SIGLA-PAIS-INSTITUICAO="BRA" NOME-PAIS-INSTITUICAO="Brasil" FLAG-AGENCIA-FOMENTO="SIM" FLAG-INSTITUICAO-DE-ENSINO="NAO"/><INFORMACAO-ADICIONAL-INSTITUICAO CODIGO-INSTITUICAO="000300000995" SIGLA-INSTITUICAO="ANERJ" SIGLA-UF-INSTITUICAO="RJ" SIGLA-PAIS-INSTITUICAO="BRA" NOME-PAIS-INSTITUICAO="Brasil" FLAG-AGENCIA-FOMENTO="NAO" FLAG-INSTITUICAO-DE-ENSINO="NAO"/><INFORMACAO-ADICIONAL-INSTITUICAO CODIGO-INSTITUICAO="000400000997" SIGLA-INSTITUICAO="SBCTA" SIGLA-UF-INSTITUICAO="RJ" SIGLA-PAIS-INSTITUICAO="BRA" NOME-PAIS-INSTITUICAO="Brasil" FLAG-AGENCIA-FOMENTO="NAO" FLAG-INSTITUICAO-DE-ENSINO="NAO"/><INFORMACAO-ADICIONAL-INSTITUICAO CODIGO-INSTITUICAO="000500000000" SIGLA-INSTITUICAO="UFF" SIGLA-UF-INSTITUICAO="RJ" SIGLA-PAIS-INSTITUICAO="BRA" NOME-PAIS-INSTITUICAO="Brasil" FLAG-AGENCIA-FOMENTO="NAO" FLAG-INSTITUICAO-DE-ENSINO="SIM"/><INFORMACAO-ADICIONAL-INSTITUICAO CODIGO-INSTITUICAO="000500000999" SIGLA-INSTITUICAO="SBCTA" SIGLA-UF-INSTITUICAO="RJ" SIGLA-PAIS-INSTITUICAO="BRA" NOME-PAIS-INSTITUICAO="Brasil" FLAG-AGENCIA-FOMENTO="NAO" FLAG-INSTITUICAO-DE-ENSINO="NAO"/><INFORMACAO-ADICIONAL-INSTITUICAO CODIGO-INSTITUICAO="000600000990" SIGLA-INSTITUICAO="NUTRISAÚDE" SIGLA-UF-INSTITUICAO="SC" SIGLA-PAIS-INSTITUICAO="BRA" NOME-PAIS-INSTITUICAO="Brasil" FLAG-AGENCIA-FOMENTO="NAO" FLAG-INSTITUICAO-DE-ENSINO="NAO"/><INFORMACAO-ADICIONAL-INSTITUICAO CODIGO-INSTITUICAO="000700000992" SIGLA-INSTITUICAO="PRÓ-CARDÍACO" SIGLA-UF-INSTITUICAO="RJ" SIGLA-PAIS-INSTITUICAO="BRA" NOME-PAIS-INSTITUICAO="Brasil" FLAG-AGENCIA-FOMENTO="NAO" FLAG-INSTITUICAO-DE-ENSINO="NAO"/><INFORMACAO-ADICIONAL-INSTITUICAO CODIGO-INSTITUICAO="000800000994" SIGLA-INSTITUICAO="DZETTA" SIGLA-UF-INSTITUICAO="RJ" SIGLA-PAIS-INSTITUICAO="BRA" NOME-PAIS-INSTITUICAO="Brasil" FLAG-AGENCIA-FOMENTO="NAO" FLAG-INSTITUICAO-DE-ENSINO="NAO"/><INFORMACAO-ADICIONAL-INSTITUICAO CODIGO-INSTITUICAO="000900000996" SIGLA-INSTITUICAO="ALIMENTAÇÃO LEGA" SIGLA-UF-INSTITUICAO="RJ" SIGLA-PAIS-INSTITUICAO="BRA" NOME-PAIS-INSTITUICAO="Brasil" FLAG-AGENCIA-FOMENTO="SIM" FLAG-INSTITUICAO-DE-ENSINO="NAO"/><INFORMACAO-ADICIONAL-INSTITUICAO CODIGO-INSTITUICAO="001000000998" SIGLA-INSTITUICAO="A L" SIGLA-UF-INSTITUICAO="RJ" SIGLA-PAIS-INSTITUICAO="BRA" NOME-PAIS-INSTITUICAO="Brasil" FLAG-AGENCIA-FOMENTO="SIM" FLAG-INSTITUICAO-DE-ENSINO="NAO"/><INFORMACAO-ADICIONAL-INSTITUICAO CODIGO-INSTITUICAO="001100000990" SIGLA-INSTITUICAO="AL" SIGLA-UF-INSTITUICAO="RJ" SIGLA-PAIS-INSTITUICAO="BRA" NOME-PAIS-INSTITUICAO="Brasil" FLAG-AGENCIA-FOMENTO="NAO" FLAG-INSTITUICAO-DE-ENSINO="NAO"/><INFORMACAO-ADICIONAL-INSTITUICAO CODIGO-INSTITUICAO="001200000991" SIGLA-INSTITUICAO="LENUS" SIGLA-UF-INSTITUICAO="RJ" SIGLA-PAIS-INSTITUICAO="BRA" NOME-PAIS-INSTITUICAO="Brasil" FLAG-AGENCIA-FOMENTO="NAO" FLAG-INSTITUICAO-DE-ENSINO="NAO"/><INFORMACAO-ADICIONAL-INSTITUICAO CODIGO-INSTITUICAO="001300000993" SIGLA-INSTITUICAO="LENUS" SIGLA-UF-INSTITUICAO="RJ" SIGLA-PAIS-INSTITUICAO="BRA" NOME-PAIS-INSTITUICAO="Brasil" FLAG-AGENCIA-FOMENTO="NAO" FLAG-INSTITUICAO-DE-ENSINO="NAO"/><INFORMACAO-ADICIONAL-INSTITUICAO CODIGO-INSTITUICAO="001400000995" SIGLA-INSTITUICAO="PORTAL EDUCAÇÃO" SIGLA-UF-INSTITUICAO="RJ" SIGLA-PAIS-INSTITUICAO="BRA" NOME-PAIS-INSTITUICAO="Brasil" FLAG-AGENCIA-FOMENTO="NAO" FLAG-INSTITUICAO-DE-ENSINO="NAO"/><INFORMACAO-ADICIONAL-INSTITUICAO CODIGO-INSTITUICAO="001500000997" SIGLA-INSTITUICAO="CNPQ" SIGLA-UF-INSTITUICAO="RJ" SIGLA-PAIS-INSTITUICAO="BRA" NOME-PAIS-INSTITUICAO="Brasil" FLAG-AGENCIA-FOMENTO="NAO" FLAG-INSTITUICAO-DE-ENSINO="NAO"/><INFORMACAO-ADICIONAL-INSTITUICAO CODIGO-INSTITUICAO="001600000999" SIGLA-INSTITUICAO="CNPQ" SIGLA-UF-INSTITUICAO="RJ" SIGLA-PAIS-INSTITUICAO="BRA" NOME-PAIS-INSTITUICAO="Brasil" FLAG-AGENCIA-FOMENTO="NAO" FLAG-INSTITUICAO-DE-ENSINO="NAO"/><INFORMACAO-ADICIONAL-INSTITUICAO CODIGO-INSTITUICAO="001700000990" SIGLA-INSTITUICAO="UNIRIO" SIGLA-UF-INSTITUICAO="RJ" SIGLA-PAIS-INSTITUICAO="BRA" NOME-PAIS-INSTITUICAO="Brasil" FLAG-AGENCIA-FOMENTO="NAO" FLAG-INSTITUICAO-DE-ENSINO="NAO"/><INFORMACAO-ADICIONAL-INSTITUICAO CODIGO-INSTITUICAO="020200000009" SIGLA-INSTITUICAO="UFRJ" SIGLA-UF-INSTITUICAO="RJ" SIGLA-PAIS-INSTITUICAO="BRA" NOME-PAIS-INSTITUICAO="Brasil" FLAG-AGENCIA-FOMENTO="NAO" FLAG-INSTITUICAO-DE-ENSINO="SIM"/><INFORMACAO-ADICIONAL-INSTITUICAO CODIGO-INSTITUICAO="021100000005" SIGLA-INSTITUICAO="UFRRJ" SIGLA-UF-INSTITUICAO="RJ" SIGLA-PAIS-INSTITUICAO="BRA" NOME-PAIS-INSTITUICAO="Brasil" FLAG-AGENCIA-FOMENTO="NAO" FLAG-INSTITUICAO-DE-ENSINO="SIM"/><INFORMACAO-ADICIONAL-INSTITUICAO CODIGO-INSTITUICAO="025400000003" SIGLA-INSTITUICAO="FUNCEFET/RJ" SIGLA-UF-INSTITUICAO="RJ" SIGLA-PAIS-INSTITUICAO="BRA" NOME-PAIS-INSTITUICAO="Brasil" FLAG-AGENCIA-FOMENTO="NAO" FLAG-INSTITUICAO-DE-ENSINO="NAO"/><INFORMACAO-ADICIONAL-INSTITUICAO CODIGO-INSTITUICAO="169700000007" SIGLA-INSTITUICAO="UNIRIO" SIGLA-UF-INSTITUICAO="RJ" SIGLA-PAIS-INSTITUICAO="BRA" NOME-PAIS-INSTITUICAO="Brasil" FLAG-AGENCIA-FOMENTO="NAO" FLAG-INSTITUICAO-DE-ENSINO="SIM"/><INFORMACAO-ADICIONAL-INSTITUICAO CODIGO-INSTITUICAO="169701000990" SIGLA-INSTITUICAO="" SIGLA-UF-INSTITUICAO="RJ" SIGLA-PAIS-INSTITUICAO="BRA" NOME-PAIS-INSTITUICAO="Brasil" FLAG-AGENCIA-FOMENTO="NAO" FLAG-INSTITUICAO-DE-ENSINO="NAO"/><INFORMACAO-ADICIONAL-INSTITUICAO CODIGO-INSTITUICAO="169701001996" SIGLA-INSTITUICAO="" SIGLA-UF-INSTITUICAO="RJ" SIGLA-PAIS-INSTITUICAO="BRA" NOME-PAIS-INSTITUICAO="Brasil" FLAG-AGENCIA-FOMENTO="NAO" FLAG-INSTITUICAO-DE-ENSINO="NAO"/><INFORMACAO-ADICIONAL-INSTITUICAO CODIGO-INSTITUICAO="201900000008" SIGLA-INSTITUICAO="UNISUAM" SIGLA-UF-INSTITUICAO="RJ" SIGLA-PAIS-INSTITUICAO="BRA" NOME-PAIS-INSTITUICAO="Brasil" FLAG-AGENCIA-FOMENTO="NAO" FLAG-INSTITUICAO-DE-ENSINO="SIM"/><INFORMACAO-ADICIONAL-INSTITUICAO CODIGO-INSTITUICAO="294800000006" SIGLA-INSTITUICAO="UNESA" SIGLA-UF-INSTITUICAO="RJ" SIGLA-PAIS-INSTITUICAO="BRA" NOME-PAIS-INSTITUICAO="Brasil" FLAG-AGENCIA-FOMENTO="NAO" FLAG-INSTITUICAO-DE-ENSINO="SIM"/><INFORMACAO-ADICIONAL-INSTITUICAO CODIGO-INSTITUICAO="359400000007" SIGLA-INSTITUICAO="SBCTA" SIGLA-UF-INSTITUICAO="SP" SIGLA-PAIS-INSTITUICAO="BRA" NOME-PAIS-INSTITUICAO="Brasil" FLAG-AGENCIA-FOMENTO="NAO" FLAG-INSTITUICAO-DE-ENSINO="NAO"/><INFORMACAO-ADICIONAL-INSTITUICAO CODIGO-INSTITUICAO="593700000005" SIGLA-INSTITUICAO="IH" SIGLA-UF-INSTITUICAO="BA" SIGLA-PAIS-INSTITUICAO="BRA" NOME-PAIS-INSTITUICAO="Brasil" FLAG-AGENCIA-FOMENTO="NAO" FLAG-INSTITUICAO-DE-ENSINO="NAO"/><INFORMACAO-ADICIONAL-INSTITUICAO CODIGO-INSTITUICAO="IX6X00000008" SIGLA-INSTITUICAO="CBMVHA" SIGLA-UF-INSTITUICAO="RJ" SIGLA-PAIS-INSTITUICAO="BRA" NOME-PAIS-INSTITUICAO="Brasil" FLAG-AGENCIA-FOMENTO="NAO" FLAG-INSTITUICAO-DE-ENSINO="NAO"/></INFORMACOES-ADICIONAIS-INSTITUICOES><INFORMACOES-ADICIONAIS-CURSOS><INFORMACAO-ADICIONAL-CURSO CODIGO-CURSO="31010067" CODIGO-ORGAO="" NOME-ORGAO="" CODIGO-INSTITUICAO="021100000005" NOME-INSTITUICAO="Universidade Federal Rural do Rio de Janeiro" NOME-GRANDE-AREA-DO-CONHECIMENTO="CIENCIAS_AGRARIAS" NOME-DA-AREA-DO-CONHECIMENTO="Ciência e Tecnologia de Alimentos" NOME-DA-SUB-AREA-DO-CONHECIMENTO="" NOME-DA-ESPECIALIDADE="" NIVEL-CURSO="MESTRADO_DOUTORADO"/><INFORMACAO-ADICIONAL-CURSO CODIGO-CURSO="31010067" CODIGO-ORGAO="" NOME-ORGAO="" CODIGO-INSTITUICAO="021100000005" NOME-INSTITUICAO="Universidade Federal Rural do Rio de Janeiro" NOME-GRANDE-AREA-DO-CONHECIMENTO="CIENCIAS_AGRARIAS" NOME-DA-AREA-DO-CONHECIMENTO="Ciência e Tecnologia de Alimentos" NOME-DA-SUB-AREA-DO-CONHECIMENTO="" NOME-DA-ESPECIALIDADE="" NIVEL-CURSO="MESTRADO_DOUTORADO"/><INFORMACAO-ADICIONAL-CURSO CODIGO-CURSO="60108428" CODIGO-ORGAO="" NOME-ORGAO="" CODIGO-INSTITUICAO="201900000008" NOME-INSTITUICAO="Centro Universitário Augusto Motta" NOME-GRANDE-AREA-DO-CONHECIMENTO="OUTROS" NOME-DA-AREA-DO-CONHECIMENTO="" NOME-DA-SUB-AREA-DO-CONHECIMENTO="" NOME-DA-ESPECIALIDADE="" NIVEL-CURSO="GRADUACAO"/><INFORMACAO-ADICIONAL-CURSO CODIGO-CURSO="90000000" CODIGO-ORGAO="" NOME-ORGAO="" CODIGO-INSTITUICAO="294800000006" NOME-INSTITUICAO="Universidade Estácio de Sá" NOME-GRANDE-AREA-DO-CONHECIMENTO="CIENCIAS_DA_SAUDE" NOME-DA-AREA-DO-CONHECIMENTO="Nutrição" NOME-DA-SUB-AREA-DO-CONHECIMENTO="" NOME-DA-ESPECIALIDADE="" NIVEL-CURSO="GRADUACAO"/><INFORMACAO-ADICIONAL-CURSO CODIGO-CURSO="90000001" CODIGO-ORGAO="" NOME-ORGAO="" CODIGO-INSTITUICAO="000100000991" NOME-INSTITUICAO="Colégio Bezerra de Araújo" NOME-GRANDE-AREA-DO-CONHECIMENTO="CIENCIAS_DA_SAUDE" NOME-DA-AREA-DO-CONHECIMENTO="Nutrição" NOME-DA-SUB-AREA-DO-CONHECIMENTO="" NOME-DA-ESPECIALIDADE="" NIVEL-CURSO="OT"/><INFORMACAO-ADICIONAL-CURSO CODIGO-CURSO="90000002" CODIGO-ORGAO="" NOME-ORGAO="" CODIGO-INSTITUICAO="000200000993" NOME-INSTITUICAO="Instituto Racine" NOME-GRANDE-AREA-DO-CONHECIMENTO="OUTROS" NOME-DA-AREA-DO-CONHECIMENTO="Multidisciplinar" NOME-DA-SUB-AREA-DO-CONHECIMENTO="" NOME-DA-ESPECIALIDADE="" NIVEL-CURSO="EXTENSAO_UNIVERSITARIA"/><INFORMACAO-ADICIONAL-CURSO CODIGO-CURSO="90000003" CODIGO-ORGAO="" NOME-ORGAO="" CODIGO-INSTITUICAO="000300000995" NOME-INSTITUICAO="Associação de Nutrição do Estado de Rio de Janeiro" NOME-GRANDE-AREA-DO-CONHECIMENTO="CIENCIAS_DA_SAUDE" NOME-DA-AREA-DO-CONHECIMENTO="Nutrição" NOME-DA-SUB-AREA-DO-CONHECIMENTO="" NOME-DA-ESPECIALIDADE="" NIVEL-CURSO="OT"/><INFORMACAO-ADICIONAL-CURSO CODIGO-CURSO="90000004" CODIGO-ORGAO="" NOME-ORGAO="" CODIGO-INSTITUICAO="000400000997" NOME-INSTITUICAO="Sociedade Brasileira de Ciência Tecnilogia de Alimentos" NOME-GRANDE-AREA-DO-CONHECIMENTO="CIENCIAS_DA_SAUDE" NOME-DA-AREA-DO-CONHECIMENTO="Nutrição" NOME-DA-SUB-AREA-DO-CONHECIMENTO="" NOME-DA-ESPECIALIDADE="" NIVEL-CURSO="OT"/><INFORMACAO-ADICIONAL-CURSO CODIGO-CURSO="90000005" CODIGO-ORGAO="" NOME-ORGAO="" CODIGO-INSTITUICAO="359400000007" NOME-INSTITUICAO="Sociedade Brasileira de Ciência e Tecnologia de Alimentos" NOME-GRANDE-AREA-DO-CONHECIMENTO="OUTROS" NOME-DA-AREA-DO-CONHECIMENTO="Multidisciplinar" NOME-DA-SUB-AREA-DO-CONHECIMENTO="" NOME-DA-ESPECIALIDADE="" NIVEL-CURSO="OT"/><INFORMACAO-ADICIONAL-CURSO CODIGO-CURSO="90000006" CODIGO-ORGAO="" NOME-ORGAO="" CODIGO-INSTITUICAO="593700000005" NOME-INSTITUICAO="Instituto de Hospitalidade" NOME-GRANDE-AREA-DO-CONHECIMENTO="CIENCIAS_DA_SAUDE" NOME-DA-AREA-DO-CONHECIMENTO="Nutrição" NOME-DA-SUB-AREA-DO-CONHECIMENTO="" NOME-DA-ESPECIALIDADE="" NIVEL-CURSO="CURSO_DE_CURTA_DURACAO"/><INFORMACAO-ADICIONAL-CURSO CODIGO-CURSO="90000007" CODIGO-ORGAO="" NOME-ORGAO="" CODIGO-INSTITUICAO="000300000995" NOME-INSTITUICAO="Associação de Nutrição do Estado de Rio de Janeiro" NOME-GRANDE-AREA-DO-CONHECIMENTO="CIENCIAS_DA_SAUDE" NOME-DA-AREA-DO-CONHECIMENTO="Nutrição" NOME-DA-SUB-AREA-DO-CONHECIMENTO="" NOME-DA-ESPECIALIDADE="" NIVEL-CURSO="CURSO_DE_CURTA_DURACAO"/><INFORMACAO-ADICIONAL-CURSO CODIGO-CURSO="90000008" CODIGO-ORGAO="" NOME-ORGAO="" CODIGO-INSTITUICAO="000200000993" NOME-INSTITUICAO="Instituto Racine" NOME-GRANDE-AREA-DO-CONHECIMENTO="CIENCIAS_DA_SAUDE" NOME-DA-AREA-DO-CONHECIMENTO="Nutrição" NOME-DA-SUB-AREA-DO-CONHECIMENTO="" NOME-DA-ESPECIALIDADE="" NIVEL-CURSO="CURSO_DE_CURTA_DURACAO"/><INFORMACAO-ADICIONAL-CURSO CODIGO-CURSO="90000009" CODIGO-ORGAO="" NOME-ORGAO="" CODIGO-INSTITUICAO="359400000007" NOME-INSTITUICAO="Sociedade Brasileira de Ciência e Tecnologia de Alimentos" NOME-GRANDE-AREA-DO-CONHECIMENTO="CIENCIAS_DA_SAUDE" NOME-DA-AREA-DO-CONHECIMENTO="Nutrição" NOME-DA-SUB-AREA-DO-CONHECIMENTO="" NOME-DA-ESPECIALIDADE="" NIVEL-CURSO="CURSO_DE_CURTA_DURACAO"/><INFORMACAO-ADICIONAL-CURSO CODIGO-CURSO="90000010" CODIGO-ORGAO="" NOME-ORGAO="" CODIGO-INSTITUICAO="000500000000" NOME-INSTITUICAO="Universidade Federal Fluminense" NOME-GRANDE-AREA-DO-CONHECIMENTO="CIENCIAS_DA_SAUDE" NOME-DA-AREA-DO-CONHECIMENTO="Nutrição" NOME-DA-SUB-AREA-DO-CONHECIMENTO="" NOME-DA-ESPECIALIDADE="" NIVEL-CURSO="APERFEICOAMENTO"/><INFORMACAO-ADICIONAL-CURSO CODIGO-CURSO="90000011" CODIGO-ORGAO="" NOME-ORGAO="" CODIGO-INSTITUICAO="000300000995" NOME-INSTITUICAO="Associação de Nutrição do Estado de Rio de Janeiro" NOME-GRANDE-AREA-DO-CONHECIMENTO="CIENCIAS_DA_SAUDE" NOME-DA-AREA-DO-CONHECIMENTO="Nutrição" NOME-DA-SUB-AREA-DO-CONHECIMENTO="" NOME-DA-ESPECIALIDADE="" NIVEL-CURSO="OT"/><INFORMACAO-ADICIONAL-CURSO CODIGO-CURSO="90000012" CODIGO-ORGAO="" NOME-ORGAO="" CODIGO-INSTITUICAO="000600000990" NOME-INSTITUICAO="NutriSaúde" NOME-GRANDE-AREA-DO-CONHECIMENTO="CIENCIAS_DA_SAUDE" NOME-DA-AREA-DO-CONHECIMENTO="Nutrição" NOME-DA-SUB-AREA-DO-CONHECIMENTO="" NOME-DA-ESPECIALIDADE="" NIVEL-CURSO="CURSO_DE_CURTA_DURACAO"/><INFORMACAO-ADICIONAL-CURSO CODIGO-CURSO="90000013" CODIGO-ORGAO="" NOME-ORGAO="" CODIGO-INSTITUICAO="000300000995" NOME-INSTITUICAO="Associação de Nutrição do Estado de Rio de Janeiro" NOME-GRANDE-AREA-DO-CONHECIMENTO="CIENCIAS_DA_SAUDE" NOME-DA-AREA-DO-CONHECIMENTO="Nutrição" NOME-DA-SUB-AREA-DO-CONHECIMENTO="" NOME-DA-ESPECIALIDADE="" NIVEL-CURSO="CURSO_DE_CURTA_DURACAO"/><INFORMACAO-ADICIONAL-CURSO CODIGO-CURSO="90000014" CODIGO-ORGAO="" NOME-ORGAO="" CODIGO-INSTITUICAO="000800000994" NOME-INSTITUICAO="Dzetta Projetos, Consusltoria e Treinamentos" NOME-GRANDE-AREA-DO-CONHECIMENTO="OUTROS" NOME-DA-AREA-DO-CONHECIMENTO="Multidisciplinar" NOME-DA-SUB-AREA-DO-CONHECIMENTO="" NOME-DA-ESPECIALIDADE="" NIVEL-CURSO="CURSO_DE_CURTA_DURACAO"/><INFORMACAO-ADICIONAL-CURSO CODIGO-CURSO="90000015" CODIGO-ORGAO="" NOME-ORGAO="" CODIGO-INSTITUICAO="000900000996" NOME-INSTITUICAO="Alimentação Legal" NOME-GRANDE-AREA-DO-CONHECIMENTO="CIENCIAS_DA_SAUDE" NOME-DA-AREA-DO-CONHECIMENTO="Nutrição" NOME-DA-SUB-AREA-DO-CONHECIMENTO="" NOME-DA-ESPECIALIDADE="" NIVEL-CURSO="CURSO_DE_CURTA_DURACAO"/><INFORMACAO-ADICIONAL-CURSO CODIGO-CURSO="90000016" CODIGO-ORGAO="" NOME-ORGAO="" CODIGO-INSTITUICAO="000900000996" NOME-INSTITUICAO="Alimentação Legal" NOME-GRANDE-AREA-DO-CONHECIMENTO="CIENCIAS_DA_SAUDE" NOME-DA-AREA-DO-CONHECIMENTO="Nutrição" NOME-DA-SUB-AREA-DO-CONHECIMENTO="" NOME-DA-ESPECIALIDADE="" NIVEL-CURSO="OT"/><INFORMACAO-ADICIONAL-CURSO CODIGO-CURSO="90000017" CODIGO-ORGAO="" NOME-ORGAO="" CODIGO-INSTITUICAO="000900000996" NOME-INSTITUICAO="Alimentação Legal" NOME-GRANDE-AREA-DO-CONHECIMENTO="OUTROS" NOME-DA-AREA-DO-CONHECIMENTO="Multidisciplinar" NOME-DA-SUB-AREA-DO-CONHECIMENTO="" NOME-DA-ESPECIALIDADE="" NIVEL-CURSO="OT"/><INFORMACAO-ADICIONAL-CURSO CODIGO-CURSO="90000018" CODIGO-ORGAO="" NOME-ORGAO="" CODIGO-INSTITUICAO="000900000996" NOME-INSTITUICAO="Alimentação Legal" NOME-GRANDE-AREA-DO-CONHECIMENTO="OUTROS" NOME-DA-AREA-DO-CONHECIMENTO="Multidisciplinar" NOME-DA-SUB-AREA-DO-CONHECIMENTO="" NOME-DA-ESPECIALIDADE="" NIVEL-CURSO="OT"/><INFORMACAO-ADICIONAL-CURSO CODIGO-CURSO="90000019" CODIGO-ORGAO="" NOME-ORGAO="" CODIGO-INSTITUICAO="000900000996" NOME-INSTITUICAO="Alimentação Legal" NOME-GRANDE-AREA-DO-CONHECIMENTO="OUTROS" NOME-DA-AREA-DO-CONHECIMENTO="Multidisciplinar" NOME-DA-SUB-AREA-DO-CONHECIMENTO="" NOME-DA-ESPECIALIDADE="" NIVEL-CURSO="OT"/><INFORMACAO-ADICIONAL-CURSO CODIGO-CURSO="90000020" CODIGO-ORGAO="" NOME-ORGAO="" CODIGO-INSTITUICAO="000900000996" NOME-INSTITUICAO="Alimentação Legal" NOME-GRANDE-AREA-DO-CONHECIMENTO="OUTROS" NOME-DA-AREA-DO-CONHECIMENTO="Multidisciplinar" NOME-DA-SUB-AREA-DO-CONHECIMENTO="" NOME-DA-ESPECIALIDADE="" NIVEL-CURSO="OT"/><INFORMACAO-ADICIONAL-CURSO CODIGO-CURSO="90000021" CODIGO-ORGAO="" NOME-ORGAO="" CODIGO-INSTITUICAO="000900000996" NOME-INSTITUICAO="Alimentação Legal" NOME-GRANDE-AREA-DO-CONHECIMENTO="OUTROS" NOME-DA-AREA-DO-CONHECIMENTO="Multidisciplinar" NOME-DA-SUB-AREA-DO-CONHECIMENTO="" NOME-DA-ESPECIALIDADE="" NIVEL-CURSO="OT"/><INFORMACAO-ADICIONAL-CURSO CODIGO-CURSO="90000022" CODIGO-ORGAO="" NOME-ORGAO="" CODIGO-INSTITUICAO="000800000994" NOME-INSTITUICAO="Dzetta Projetos, Consusltoria e Treinamentos" NOME-GRANDE-AREA-DO-CONHECIMENTO="CIENCIAS_DA_SAUDE" NOME-DA-AREA-DO-CONHECIMENTO="Nutrição" NOME-DA-SUB-AREA-DO-CONHECIMENTO="" NOME-DA-ESPECIALIDADE="" NIVEL-CURSO="CURSO_DE_CURTA_DURACAO"/><INFORMACAO-ADICIONAL-CURSO CODIGO-CURSO="90000023" CODIGO-ORGAO="" NOME-ORGAO="" CODIGO-INSTITUICAO="001000000998" NOME-INSTITUICAO="Alimentação Legal - Treinamento em Segurança Alimentar" NOME-GRANDE-AREA-DO-CONHECIMENTO="OUTROS" NOME-DA-AREA-DO-CONHECIMENTO="Multidisciplinar" NOME-DA-SUB-AREA-DO-CONHECIMENTO="" NOME-DA-ESPECIALIDADE="" NIVEL-CURSO="CURSO_DE_CURTA_DURACAO"/><INFORMACAO-ADICIONAL-CURSO CODIGO-CURSO="90000024" CODIGO-ORGAO="" NOME-ORGAO="" CODIGO-INSTITUICAO="001000000998" NOME-INSTITUICAO="Alimentação Legal - Treinamento em Segurança Alimentar" NOME-GRANDE-AREA-DO-CONHECIMENTO="CIENCIAS_DA_SAUDE" NOME-DA-AREA-DO-CONHECIMENTO="Nutrição" NOME-DA-SUB-AREA-DO-CONHECIMENTO="" NOME-DA-ESPECIALIDADE="" NIVEL-CURSO="CURSO_DE_CURTA_DURACAO"/><INFORMACAO-ADICIONAL-CURSO CODIGO-CURSO="90000025" CODIGO-ORGAO="" NOME-ORGAO="" CODIGO-INSTITUICAO="001100000990" NOME-INSTITUICAO="Alimentação Legal - Treinamento em Segurança Alimentar" NOME-GRANDE-AREA-DO-CONHECIMENTO="CIENCIAS_DA_SAUDE" NOME-DA-AREA-DO-CONHECIMENTO="Nutrição" NOME-DA-SUB-AREA-DO-CONHECIMENTO="" NOME-DA-ESPECIALIDADE="" NIVEL-CURSO="CURSO_DE_CURTA_DURACAO"/><INFORMACAO-ADICIONAL-CURSO CODIGO-CURSO="90000026" CODIGO-ORGAO="" NOME-ORGAO="" CODIGO-INSTITUICAO="001300000993" NOME-INSTITUICAO="Instituto Lenus" NOME-GRANDE-AREA-DO-CONHECIMENTO="CIENCIAS_DA_SAUDE" NOME-DA-AREA-DO-CONHECIMENTO="Nutrição" NOME-DA-SUB-AREA-DO-CONHECIMENTO="" NOME-DA-ESPECIALIDADE="" NIVEL-CURSO="CURSO_DE_CURTA_DURACAO"/><INFORMACAO-ADICIONAL-CURSO CODIGO-CURSO="90000027" CODIGO-ORGAO="" NOME-ORGAO="" CODIGO-INSTITUICAO="001400000995" NOME-INSTITUICAO="Portal Educação" NOME-GRANDE-AREA-DO-CONHECIMENTO="CIENCIAS_DA_SAUDE" NOME-DA-AREA-DO-CONHECIMENTO="Nutrição" NOME-DA-SUB-AREA-DO-CONHECIMENTO="" NOME-DA-ESPECIALIDADE="" NIVEL-CURSO="OT"/><INFORMACAO-ADICIONAL-CURSO CODIGO-CURSO="90000028" CODIGO-ORGAO="" NOME-ORGAO="" CODIGO-INSTITUICAO="025400000003" NOME-INSTITUICAO="Fundação de Apoio ao Cefet" NOME-GRANDE-AREA-DO-CONHECIMENTO="CIENCIAS_DA_SAUDE" NOME-DA-AREA-DO-CONHECIMENTO="Multidisciplinar" NOME-DA-SUB-AREA-DO-CONHECIMENTO="SEGURANÇA DOO TRABALHO" NOME-DA-ESPECIALIDADE="" NIVEL-CURSO="OT"/><INFORMACAO-ADICIONAL-CURSO CODIGO-CURSO="90000029" CODIGO-ORGAO="" NOME-ORGAO="" CODIGO-INSTITUICAO="000900000996" NOME-INSTITUICAO="Alimentação Legal" NOME-GRANDE-AREA-DO-CONHECIMENTO="CIENCIAS_DA_SAUDE" NOME-DA-AREA-DO-CONHECIMENTO="Nutrição" NOME-DA-SUB-AREA-DO-CONHECIMENTO="" NOME-DA-ESPECIALIDADE="" NIVEL-CURSO="CURSO_DE_CURTA_DURACAO"/><INFORMACAO-ADICIONAL-CURSO CODIGO-CURSO="90000030" CODIGO-ORGAO="" NOME-ORGAO="" CODIGO-INSTITUICAO="000900000996" NOME-INSTITUICAO="Alimentação Legal" NOME-GRANDE-AREA-DO-CONHECIMENTO="OUTROS" NOME-DA-AREA-DO-CONHECIMENTO="Multidisciplinar" NOME-DA-SUB-AREA-DO-CONHECIMENTO="" NOME-DA-ESPECIALIDADE="" NIVEL-CURSO="CURSO_DE_CURTA_DURACAO"/><INFORMACAO-ADICIONAL-CURSO CODIGO-CURSO="90000031" CODIGO-ORGAO="" NOME-ORGAO="" CODIGO-INSTITUICAO="IX6X00000008" NOME-INSTITUICAO="Colégio Brasileiro de Médicos Veterinários Higienistas de Alimentos" NOME-GRANDE-AREA-DO-CONHECIMENTO="CIENCIAS_AGRARIAS" NOME-DA-AREA-DO-CONHECIMENTO="Ciência e Tecnologia de Alimentos" NOME-DA-SUB-AREA-DO-CONHECIMENTO="" NOME-DA-ESPECIALIDADE="" NIVEL-CURSO="CURSO_DE_CURTA_DURACAO"/><INFORMACAO-ADICIONAL-CURSO CODIGO-CURSO="90000032" CODIGO-ORGAO="" NOME-ORGAO="" CODIGO-INSTITUICAO="IX6X00000008" NOME-INSTITUICAO="Colégio Brasileiro de Médicos Veterinários Higienistas de Alimentos" NOME-GRANDE-AREA-DO-CONHECIMENTO="OUTROS" NOME-DA-AREA-DO-CONHECIMENTO="" NOME-DA-SUB-AREA-DO-CONHECIMENTO="" NOME-DA-ESPECIALIDADE="" NIVEL-CURSO="CURSO_DE_CURTA_DURACAO"/><INFORMACAO-ADICIONAL-CURSO CODIGO-CURSO="90000033" CODIGO-ORGAO="" NOME-ORGAO="" CODIGO-INSTITUICAO="001700000990" NOME-INSTITUICAO="Universidade Fderal do Estado do Rio de Janeiro" NOME-GRANDE-AREA-DO-CONHECIMENTO="OUTROS" NOME-DA-AREA-DO-CONHECIMENTO="Divulgação Científica" NOME-DA-SUB-AREA-DO-CONHECIMENTO="" NOME-DA-ESPECIALIDADE="" NIVEL-CURSO="CURSO_DE_CURTA_DURACAO"/></INFORMACOES-ADICIONAIS-CURSOS></DADOS-COMPLEMENTARES><eventos/></CURRICULO-VITAE>