<CURRICULO-VITAE SISTEMA-ORIGEM-XML="LATTES_OFFLINE" NUMERO-IDENTIFICADOR="7048789914255469" FORMATO-DATA-ATUALIZACAO="DDMMAAAA" DATA-ATUALIZACAO="19032017" FORMATO-HORA-ATUALIZACAO="HHMMSS" HORA-ATUALIZACAO="161417"><DADOS-GERAIS NOME-COMPLETO="Laura Kiyoko Ide" NOME-EM-CITACOES-BIBLIOGRAFICAS="Laura Kiyoko Ide" NACIONALIDADE="B" PAIS-DE-NASCIMENTO="Brasil" FORMATO-DATA-DE-NASCIMENTO="DDMMAAAA" FORMATO-DATA-DE-EMISSAO="DDMMAAAA" PERMISSAO-DE-DIVULGACAO="NAO" DATA-FALECIMENTO="" SIGLA-PAIS-NACIONALIDADE="BRA" PAIS-DE-NACIONALIDADE="Brasil"><RESUMO-CV TEXTO-RESUMO-CV-RH="Professora auxiliar da Universidade Estácio de Sá,  Professora auxiliar do Centro Universitário Augusto Motta -.  Professora efetiva do Instituto de Nutrição Josué de Castro" TEXTO-RESUMO-CV-RH-EN="bachelor's at Gastronomia from Universidade Estácio de Sá (2007)."/><ENDERECO FLAG-DE-PREFERENCIA="ENDERECO_RESIDENCIAL"><ENDERECO-PROFISSIONAL CODIGO-INSTITUICAO-EMPRESA="" NOME-INSTITUICAO-EMPRESA="" CODIGO-ORGAO="" NOME-ORGAO="" CODIGO-UNIDADE="" NOME-UNIDADE="" LOGRADOURO-COMPLEMENTO="" PAIS="" UF="" CEP="" CIDADE="" BAIRRO="" DDD="" TELEFONE="" RAMAL="" FAX="" E-MAIL="laura.kiyoko@gmail.com" HOME-PAGE=""/></ENDERECO><FORMACAO-ACADEMICA-TITULACAO><GRADUACAO SEQUENCIA-FORMACAO="1" NIVEL="1" TITULO-DO-TRABALHO-DE-CONCLUSAO-DE-CURSO="" NOME-DO-ORIENTADOR="" CODIGO-INSTITUICAO="294800000006" NOME-INSTITUICAO="Universidade Estácio de Sá" CODIGO-ORGAO="" NOME-ORGAO="" CODIGO-CURSO="90000000" NOME-CURSO="Gastronomia" CODIGO-AREA-CURSO="90000000" STATUS-DO-CURSO="CONCLUIDO" ANO-DE-INICIO="2005" ANO-DE-CONCLUSAO="2007" FLAG-BOLSA="NAO" CODIGO-AGENCIA-FINANCIADORA="" NOME-AGENCIA="" NUMERO-ID-ORIENTADOR="" CODIGO-CURSO-CAPES="" TITULO-DO-TRABALHO-DE-CONCLUSAO-DE-CURSO-INGLES="" NOME-CURSO-INGLES="" FORMACAO-ACADEMICA-TITULACAO="" TIPO-GRADUACAO="" CODIGO-INSTITUICAO-GRAD="" NOME-INSTITUICAO-GRAD="" CODIGO-INSTITUICAO-OUTRA-GRAD="" NOME-INSTITUICAO-OUTRA-GRAD="" NOME-ORIENTADOR-GRAD=""/><ESPECIALIZACAO SEQUENCIA-FORMACAO="8" NIVEL="2" TITULO-DA-MONOGRAFIA="PLANO DE NEGÓCIOS- IMPLANTAÇÃO DO RESTURANTE E DELIVERY BENTO-BOX(MARMITA JAPONESA)" NOME-DO-ORIENTADOR="PROFª LETÍCIA BEZERRA DE MELLO" CODIGO-INSTITUICAO="001200000991" NOME-INSTITUICAO="Universidade Estacio de Sá" CODIGO-ORGAO="" NOME-ORGAO="" CODIGO-CURSO="90000009" NOME-CURSO="PLANEJAMENTO E GESTÃO DE RESTAURANTES" STATUS-DO-CURSO="CONCLUIDO" ANO-DE-INICIO="2009" ANO-DE-CONCLUSAO="2011" FLAG-BOLSA="NAO" CODIGO-AGENCIA-FINANCIADORA="" NOME-AGENCIA="" CARGA-HORARIA="391" TITULO-DA-MONOGRAFIA-INGLES="" NOME-CURSO-INGLES=""/><MESTRADO SEQUENCIA-FORMACAO="25" NIVEL="3" CODIGO-INSTITUICAO="201900000008" NOME-INSTITUICAO="Centro Universitário Augusto Motta" CODIGO-ORGAO="" NOME-ORGAO="" CODIGO-CURSO="90000029" NOME-CURSO="Mestrado Profissionalizante em desenvolvimento local" CODIGO-AREA-CURSO="90000029" STATUS-DO-CURSO="CONCLUIDO" ANO-DE-INICIO="2015" ANO-DE-CONCLUSAO="2017" FLAG-BOLSA="NAO" CODIGO-AGENCIA-FINANCIADORA="" NOME-AGENCIA="" ANO-DE-OBTENCAO-DO-TITULO="2017" TITULO-DA-DISSERTACAO-TESE="aMPLIAÇÃO DA UTILIZAÇÃO DA CARCAÇA DE RÃ TOURO COM INTRODUÇÃO NA CULINÁRIA ASIÁTICA" NOME-COMPLETO-DO-ORIENTADOR="JOSÉ TEIXEIRA DE SEIXAS FILHO" TIPO-MESTRADO="N" NUMERO-ID-ORIENTADOR="9968278659539945" CODIGO-CURSO-CAPES="" TITULO-DA-DISSERTACAO-TESE-INGLES="" NOME-CURSO-INGLES="" NOME-DO-CO-ORIENTADOR="SILVIA C. R. PEREIRA MELLO" CODIGO-INSTITUICAO-DOUT="" NOME-INSTITUICAO-DOUT="" CODIGO-INSTITUICAO-OUTRA-DOUT="" NOME-INSTITUICAO-OUTRA-DOUT="" NOME-ORIENTADOR-DOUT=""><PALAVRAS-CHAVE PALAVRA-CHAVE-1="Análise sensorial" PALAVRA-CHAVE-2="Boas práticas de fabricação" PALAVRA-CHAVE-3="desenvolvimento Local" PALAVRA-CHAVE-4="Culinária asiática" PALAVRA-CHAVE-5="Carne de rã" PALAVRA-CHAVE-6="Mapeamento da carcaça da rã"/><AREAS-DO-CONHECIMENTO><AREA-DO-CONHECIMENTO-1 NOME-GRANDE-AREA-DO-CONHECIMENTO="CIENCIAS_DA_SAUDE" NOME-DA-AREA-DO-CONHECIMENTO="" NOME-DA-SUB-AREA-DO-CONHECIMENTO="Dietética" NOME-DA-ESPECIALIDADE=""/><AREA-DO-CONHECIMENTO-2 NOME-GRANDE-AREA-DO-CONHECIMENTO="CIENCIAS_DA_SAUDE" NOME-DA-AREA-DO-CONHECIMENTO="Nutrição" NOME-DA-SUB-AREA-DO-CONHECIMENTO="reeducação alimentar" NOME-DA-ESPECIALIDADE=""/><AREA-DO-CONHECIMENTO-3 NOME-GRANDE-AREA-DO-CONHECIMENTO="CIENCIAS_DA_SAUDE" NOME-DA-AREA-DO-CONHECIMENTO="Nutrição" NOME-DA-SUB-AREA-DO-CONHECIMENTO="Economia do consumidor" NOME-DA-ESPECIALIDADE=""/></AREAS-DO-CONHECIMENTO><SETORES-DE-ATIVIDADE SETOR-DE-ATIVIDADE-1="Agricultura, Pecuária e Serviços Relacionados" SETOR-DE-ATIVIDADE-2="Alimentação" SETOR-DE-ATIVIDADE-3="Atividades de atenção à saúde humana"/><conceitoCapes/></MESTRADO></FORMACAO-ACADEMICA-TITULACAO><ATUACOES-PROFISSIONAIS><ATUACAO-PROFISSIONAL CODIGO-INSTITUICAO="000200000993" NOME-INSTITUICAO="Varig S.A." SEQUENCIA-ATIVIDADE="1" SEQUENCIA-IMPORTANCIA=""><VINCULOS SEQUENCIA-HISTORICO="1" TIPO-DE-VINCULO="COLABORADOR" ENQUADRAMENTO-FUNCIONAL="LIVRE" CARGA-HORARIA-SEMANAL="20" FLAG-DEDICACAO-EXCLUSIVA="SIM" MES-INICIO="03" ANO-INICIO="1984" MES-FIM="12" ANO-FIM="2006" OUTRAS-INFORMACOES="" FLAG-VINCULO-EMPREGATICIO="SIM" OUTRO-VINCULO-INFORMADO="" OUTRO-ENQUADRAMENTO-FUNCIONAL-INFORMADO="Comissária de Bordo" OUTRO-ENQUADRAMENTO-FUNCIONAL-INFORMADO-INGLES="" OUTRAS-INFORMACOES-INGLES=""/><atividadesProfissionaisPlanificadas/></ATUACAO-PROFISSIONAL><ATUACAO-PROFISSIONAL CODIGO-INSTITUICAO="000300000995" NOME-INSTITUICAO="Banco Itaú S.A." SEQUENCIA-ATIVIDADE="2" SEQUENCIA-IMPORTANCIA=""><VINCULOS SEQUENCIA-HISTORICO="1" TIPO-DE-VINCULO="COLABORADOR" ENQUADRAMENTO-FUNCIONAL="LIVRE" CARGA-HORARIA-SEMANAL="40" FLAG-DEDICACAO-EXCLUSIVA="SIM" MES-INICIO="09" ANO-INICIO="1981" MES-FIM="02" ANO-FIM="1984" OUTRAS-INFORMACOES="" FLAG-VINCULO-EMPREGATICIO="SIM" OUTRO-VINCULO-INFORMADO="" OUTRO-ENQUADRAMENTO-FUNCIONAL-INFORMADO="auxiliar de CPD" OUTRO-ENQUADRAMENTO-FUNCIONAL-INFORMADO-INGLES="" OUTRAS-INFORMACOES-INGLES=""/><atividadesProfissionaisPlanificadas/></ATUACAO-PROFISSIONAL><ATUACAO-PROFISSIONAL CODIGO-INSTITUICAO="000400000997" NOME-INSTITUICAO="Centro Integrado de Eventos, Turismo e Hotelaria" SEQUENCIA-ATIVIDADE="3" SEQUENCIA-IMPORTANCIA=""><atividadesProfissionaisPlanificadas/></ATUACAO-PROFISSIONAL><ATUACAO-PROFISSIONAL CODIGO-INSTITUICAO="000500000999" NOME-INSTITUICAO="Tunibra Agência de Viagens e Turismo" SEQUENCIA-ATIVIDADE="4" SEQUENCIA-IMPORTANCIA=""><VINCULOS SEQUENCIA-HISTORICO="1" TIPO-DE-VINCULO="LIVRE" ENQUADRAMENTO-FUNCIONAL="LIVRE" CARGA-HORARIA-SEMANAL="40" FLAG-DEDICACAO-EXCLUSIVA="NAO" MES-INICIO="06" ANO-INICIO="2008" MES-FIM="01" ANO-FIM="2009" OUTRAS-INFORMACOES="Sem vinculo trabalhista" FLAG-VINCULO-EMPREGATICIO="SIM" OUTRO-VINCULO-INFORMADO="trabalho temporário" OUTRO-ENQUADRAMENTO-FUNCIONAL-INFORMADO="Intérprete portugues - japonês" OUTRO-ENQUADRAMENTO-FUNCIONAL-INFORMADO-INGLES="" OUTRAS-INFORMACOES-INGLES=""/><atividadesProfissionaisPlanificadas/></ATUACAO-PROFISSIONAL><ATUACAO-PROFISSIONAL CODIGO-INSTITUICAO="294800000006" NOME-INSTITUICAO="Universidade Estácio de Sá" SEQUENCIA-ATIVIDADE="5" SEQUENCIA-IMPORTANCIA=""><VINCULOS SEQUENCIA-HISTORICO="1" TIPO-DE-VINCULO="COLABORADOR" ENQUADRAMENTO-FUNCIONAL="LIVRE" CARGA-HORARIA-SEMANAL="32" FLAG-DEDICACAO-EXCLUSIVA="NAO" MES-INICIO="03" ANO-INICIO="2009" MES-FIM="" ANO-FIM="" OUTRAS-INFORMACOES="" FLAG-VINCULO-EMPREGATICIO="SIM" OUTRO-VINCULO-INFORMADO="" OUTRO-ENQUADRAMENTO-FUNCIONAL-INFORMADO="Professora auxiliar I" OUTRO-ENQUADRAMENTO-FUNCIONAL-INFORMADO-INGLES="" OUTRAS-INFORMACOES-INGLES=""/><atividadesProfissionaisPlanificadas/></ATUACAO-PROFISSIONAL><ATUACAO-PROFISSIONAL CODIGO-INSTITUICAO="000800000994" NOME-INSTITUICAO="Centro Universitário Augusto Motta -" SEQUENCIA-ATIVIDADE="6" SEQUENCIA-IMPORTANCIA=""><VINCULOS SEQUENCIA-HISTORICO="1" TIPO-DE-VINCULO="LIVRE" ENQUADRAMENTO-FUNCIONAL="LIVRE" CARGA-HORARIA-SEMANAL="8" FLAG-DEDICACAO-EXCLUSIVA="NAO" MES-INICIO="08" ANO-INICIO="2011" MES-FIM="" ANO-FIM="" OUTRAS-INFORMACOES="" FLAG-VINCULO-EMPREGATICIO="SIM" OUTRO-VINCULO-INFORMADO="Professora" OUTRO-ENQUADRAMENTO-FUNCIONAL-INFORMADO="professora auxiliar" OUTRO-ENQUADRAMENTO-FUNCIONAL-INFORMADO-INGLES="" OUTRAS-INFORMACOES-INGLES=""/><ATIVIDADES-DE-PARTICIPACAO-EM-PROJETO><PARTICIPACAO-EM-PROJETO SEQUENCIA-FUNCAO-ATIVIDADE="3" FLAG-PERIODO="ATUAL" MES-INICIO="" ANO-INICIO="2015" MES-FIM="" ANO-FIM="" CODIGO-ORGAO="000801000998" NOME-ORGAO="Programa de Pós-graduação em Desenvolvimento Local" CODIGO-UNIDADE="" NOME-UNIDADE=""><PROJETO-DE-PESQUISA SEQUENCIA-PROJETO="3" ANO-INICIO="2015" ANO-FIM="" NOME-DO-PROJETO="A Carne de rã na Culinária Asiática: Aproveitamento integral do alimento" SITUACAO="EM_ANDAMENTO" NATUREZA="PESQUISA" NUMERO-GRADUACAO="8" NUMERO-ESPECIALIZACAO="" NUMERO-MESTRADO-ACADEMICO="" NUMERO-MESTRADO-PROF="1" NUMERO-DOUTORADO="2" DESCRICAO-DO-PROJETO="A carne de rã é considerada uma carne exótica e, aos poucos, ganha espaço na alimentação dos brasileiros. Possui baixa quantidade de calorias. Além disso, a carne de rã possui características organolépticas, como cor, aroma, sabor e textura, que a caracteriza como excelente alimento para ser utilizado como terapia alternativa. É recomendada para o tratamento de doenças gastrointestinais, alergias de diversas origens. Possui proteína de alta digestibilidade. Contém 10 aminoácidos essenciais à saúde. O presente projeto terá por objetivo a introdução da carne de rã na culinária asiática, visando ampliar a sua degustação, principalmente para as pessoas portadores de alergias alimentares com proteínas de origem animal, oferecendo uma dieta saudável com baixo teor de colesterol. Será confeccionado um livro de receitas gastronômicas e terapêuticas, visando o aproveitamento integral da carcaça da rã comercializada no varejo. Neste sentido, ainda será elaborada a farinha de carne e osso de rã, visando obter um complemento alimentar favorável aos portadores de problemas de fixação de Cálcio ao organismo, como a Osteoporose, e aumentando o percentual de utilização da carne adquirida no comércio. Os experimentos serão realizados no Laboratório de Gastronomia, da Universidade Augusto Motta, em Bonsucesso; as análises centesimais serão realizadas no Centro de Ciência e da Saúde da UFRJ e na estação Experimental de Guaratiba da FIPERJ." IDENTIFICADOR-PROJETO="" DESCRICAO-DO-PROJETO-INGLES="" NOME-DO-PROJETO-INGLES="" FLAG-POTENCIAL-INOVACAO="SIM" FLAG-PROJETO-CERTIFICADO="nao" NOME-COORDENADOR-CERTIFICACAO="" FORMATO-DATA-CERTIFICACAO="DDMMAAAA" DATA-CERTIFICACAO="" NUMERO_TECNICO_NIVEL_MEDIO=""><EQUIPE-DO-PROJETO><INTEGRANTES-DO-PROJETO NOME-COMPLETO="Laura Kiyoko Ide" NOME-PARA-CITACAO="Laura Kiyoko Ide" ORDEM-DE-INTEGRACAO="1" FLAG-RESPONSAVEL="SIM" NRO-ID-CNPQ="7048789914255469"/><INTEGRANTES-DO-PROJETO NOME-COMPLETO="Sílvia Conceição Reis Pereira Mello" NOME-PARA-CITACAO="MELLO, S. C. R. P." ORDEM-DE-INTEGRACAO="2" FLAG-RESPONSAVEL="NAO" NRO-ID-CNPQ=""/><INTEGRANTES-DO-PROJETO NOME-COMPLETO="José Teixeira de Seixas Filho" NOME-PARA-CITACAO="SEIXAS FILHO, J. T." ORDEM-DE-INTEGRACAO="3" FLAG-RESPONSAVEL="NAO" NRO-ID-CNPQ=""/></EQUIPE-DO-PROJETO><PRODUCOES-CT-DO-PROJETO><PRODUCAO-CT-DO-PROJETO SEQUENCIA-PRODUCAO-CT="17" TITULO-DA-PRODUCAO-CT="A Importância da introdução da carne de rã-touro na Culinária Asiática" TIPO-PRODUCAO-CT="Participações em eventos(Seminário)" TITULO-DA-PRODUCAO-CT-INGLES=""/></PRODUCOES-CT-DO-PROJETO></PROJETO-DE-PESQUISA><PROJETO-DE-PESQUISA SEQUENCIA-PROJETO="4" ANO-INICIO="2015" ANO-FIM="" NOME-DO-PROJETO="A CARNE DE RÃ NA CULINARIA ASIÁTICA: APROVEITAMENTO INTEGRAL DO ALIMENTO" SITUACAO="EM_ANDAMENTO" NATUREZA="EXTENSAO" NUMERO-GRADUACAO="8" NUMERO-ESPECIALIZACAO="" NUMERO-MESTRADO-ACADEMICO="" NUMERO-MESTRADO-PROF="1" NUMERO-DOUTORADO="2" DESCRICAO-DO-PROJETO="A carne de rã é considerada uma carne exótica e, aos poucos, ganha espaço na alimentação dos brasileiros. Possui baixa quantidade de calorias. Além disso, a carne de rã possui características organolépticas, como cor, aroma, sabor e textura, que a caracteriza como excelente alimento para ser utilizado como terapia alternativa. É recomendada para o tratamento de doenças gastrointestinais, alergias de diversas origens. Possui proteína de alta digestibilidade. Contém 10 aminoácidos essenciais à saúde. O presente projeto terá por objetivo a introdução da carne de rã na culinária asiática, visando ampliar a sua degustação, principalmente para as pessoas portadores de alergias alimentares com proteínas de origem animal, oferecendo uma dieta saudável com baixo teor de colesterol. Será confeccionado um livro de receitas gastronômicas e terapêuticas, visando o aproveitamento integral da carcaça da rã comercializada no varejo. Neste sentido, ainda será elaborada a farinha de carne e osso de rã, visando obter um complemento alimentar favorável aos portadores de problemas de fixação de Cálcio ao organismo, como a Osteoporose, e aumentando o percentual de utilização da carne adquirida no comércio. Os experimentos serão realizados no Laboratório de Gastronomia, da Universidade Augusto Motta, em Bonsucesso; as análises centesimais serão realizadas no Centro de Ciência e da Saúde da UFRJ e na estação Experimental de Guaratiba da FIPERJ." IDENTIFICADOR-PROJETO="" DESCRICAO-DO-PROJETO-INGLES="" NOME-DO-PROJETO-INGLES="" FLAG-POTENCIAL-INOVACAO="SIM" FLAG-PROJETO-CERTIFICADO="nao" NOME-COORDENADOR-CERTIFICACAO="" FORMATO-DATA-CERTIFICACAO="DDMMAAAA" DATA-CERTIFICACAO="" NUMERO_TECNICO_NIVEL_MEDIO=""><EQUIPE-DO-PROJETO><INTEGRANTES-DO-PROJETO NOME-COMPLETO="Laura Kiyoko Ide" NOME-PARA-CITACAO="Laura Kiyoko Ide" ORDEM-DE-INTEGRACAO="1" FLAG-RESPONSAVEL="SIM" NRO-ID-CNPQ="7048789914255469"/></EQUIPE-DO-PROJETO></PROJETO-DE-PESQUISA></PARTICIPACAO-EM-PROJETO></ATIVIDADES-DE-PARTICIPACAO-EM-PROJETO><atividadesProfissionaisPlanificadas/></ATUACAO-PROFISSIONAL><ATUACAO-PROFISSIONAL CODIGO-INSTITUICAO="000900000996" NOME-INSTITUICAO="INSTITUTO BRASILEIRO DE MEDICINA DE REABILITAÇÃO" SEQUENCIA-ATIVIDADE="7" SEQUENCIA-IMPORTANCIA=""><VINCULOS SEQUENCIA-HISTORICO="2" TIPO-DE-VINCULO="COLABORADOR" ENQUADRAMENTO-FUNCIONAL="LIVRE" CARGA-HORARIA-SEMANAL="4" FLAG-DEDICACAO-EXCLUSIVA="NAO" MES-INICIO="02" ANO-INICIO="2012" MES-FIM="07" ANO-FIM="2012" OUTRAS-INFORMACOES="" FLAG-VINCULO-EMPREGATICIO="SIM" OUTRO-VINCULO-INFORMADO="" OUTRO-ENQUADRAMENTO-FUNCIONAL-INFORMADO="Professor auxiliar" OUTRO-ENQUADRAMENTO-FUNCIONAL-INFORMADO-INGLES="" OUTRAS-INFORMACOES-INGLES=""/><atividadesProfissionaisPlanificadas/></ATUACAO-PROFISSIONAL><ATUACAO-PROFISSIONAL CODIGO-INSTITUICAO="001500000997" NOME-INSTITUICAO="INSTITUTO DE NUTRIÇÃO JOSUÉ DE CASTRO" SEQUENCIA-ATIVIDADE="8" SEQUENCIA-IMPORTANCIA=""><VINCULOS SEQUENCIA-HISTORICO="1" TIPO-DE-VINCULO="SERVIDOR_PUBLICO" ENQUADRAMENTO-FUNCIONAL="LIVRE" CARGA-HORARIA-SEMANAL="20" FLAG-DEDICACAO-EXCLUSIVA="NAO" MES-INICIO="08" ANO-INICIO="2013" MES-FIM="" ANO-FIM="" OUTRAS-INFORMACOES="" FLAG-VINCULO-EMPREGATICIO="NAO" OUTRO-VINCULO-INFORMADO="" OUTRO-ENQUADRAMENTO-FUNCIONAL-INFORMADO="PROFESSORA SUBSTITUTA" OUTRO-ENQUADRAMENTO-FUNCIONAL-INFORMADO-INGLES="" OUTRAS-INFORMACOES-INGLES=""/><atividadesProfissionaisPlanificadas/></ATUACAO-PROFISSIONAL><ATUACAO-PROFISSIONAL CODIGO-INSTITUICAO="020200000009" NOME-INSTITUICAO="Universidade Federal do Rio de Janeiro" SEQUENCIA-ATIVIDADE="9" SEQUENCIA-IMPORTANCIA=""><VINCULOS SEQUENCIA-HISTORICO="3" TIPO-DE-VINCULO="LIVRE" ENQUADRAMENTO-FUNCIONAL="LIVRE" CARGA-HORARIA-SEMANAL="" FLAG-DEDICACAO-EXCLUSIVA="NAO" MES-INICIO="" ANO-INICIO="2014" MES-FIM="" ANO-FIM="" OUTRAS-INFORMACOES="" FLAG-VINCULO-EMPREGATICIO="NAO" OUTRO-VINCULO-INFORMADO="" OUTRO-ENQUADRAMENTO-FUNCIONAL-INFORMADO="" OUTRO-ENQUADRAMENTO-FUNCIONAL-INFORMADO-INGLES="" OUTRAS-INFORMACOES-INGLES=""/><ATIVIDADES-DE-PARTICIPACAO-EM-PROJETO><PARTICIPACAO-EM-PROJETO SEQUENCIA-FUNCAO-ATIVIDADE="2" FLAG-PERIODO="ATUAL" MES-INICIO="" ANO-INICIO="2014" MES-FIM="" ANO-FIM="" CODIGO-ORGAO="020257000997" NOME-ORGAO="CCS- Centro de Ciências e Saúde" CODIGO-UNIDADE="" NOME-UNIDADE=""><PROJETO-DE-PESQUISA SEQUENCIA-PROJETO="2" ANO-INICIO="2014" ANO-FIM="" NOME-DO-PROJETO="Saberes e Práticas Gastronomicas em Diferentes Contextos Comunitários" SITUACAO="EM_ANDAMENTO" NATUREZA="EXTENSAO" NUMERO-GRADUACAO="3" NUMERO-ESPECIALIZACAO="" NUMERO-MESTRADO-ACADEMICO="" NUMERO-MESTRADO-PROF="" NUMERO-DOUTORADO="" DESCRICAO-DO-PROJETO="Oficinas culinárias em diferentes contextos comunitários, por meio de atividades teórico-práticas, realizadas por docentes e discentes dos cursos de Graduação em Gastronomia e Nutrição do INJC/UFRJ. As oficinas, enquanto estratégias de promoção da Segurança Alimentar e Nutricional, visam: capacitar os indivíduos para o preparo de alimentos sob o referencial da alimentação saudável, com vistas a contribuir para a melhoria da sua qualidade de vida e saúde e para geração de emprego e renda e; agregar informações que possam qualificar a formação de profissionais que trabalham diretamente na manufatura de alimentos, como merendeiras e cozinheiros. A aproximação da Universidade, especialmente de professores e estudantes dos cursos de Graduação em Gastronomia e Nutrição, com comunidades de diferentes contextos socioeconômicos, contribui com a democratização dos saberes e fazeres gastronômico e nutricional. O incentivo da prática da arte culinária vai ao encontro do referencial da humanização e do princípio da integralidade em saúde, bem como fortalece as diretrizes das Políticas no campo da Alimentação e Nutrição. As oficinas vêm atender às motivações e expectativas do público alvo. A integração de bolsistas ao projeto é uma necessidade para promover a interação dos estudantes com a comunidade e otimizar os resultados. Os bolsistas terão papel de instrutores no processo ensino-aprendizagem e apoiadores dos professores no planejamento e realização das atividades. A avaliação será realizada por meio de questionário, visando a avaliar as condições socioeconômicas dos participantes, a opinião destes sobre a oficina e, também, sobre o(s) tema(s) que gostariam de sugerir para a próxima oficina." IDENTIFICADOR-PROJETO="" DESCRICAO-DO-PROJETO-INGLES="" NOME-DO-PROJETO-INGLES="" FLAG-POTENCIAL-INOVACAO="NAO" FLAG-PROJETO-CERTIFICADO="nao" NOME-COORDENADOR-CERTIFICACAO="" FORMATO-DATA-CERTIFICACAO="DDMMAAAA" DATA-CERTIFICACAO="" NUMERO_TECNICO_NIVEL_MEDIO=""><EQUIPE-DO-PROJETO><INTEGRANTES-DO-PROJETO NOME-COMPLETO="Laura Kiyoko Ide" NOME-PARA-CITACAO="Laura Kiyoko Ide" ORDEM-DE-INTEGRACAO="1" FLAG-RESPONSAVEL="SIM" NRO-ID-CNPQ="7048789914255469"/><INTEGRANTES-DO-PROJETO NOME-COMPLETO="Marta Maria Antonieta de Souza Santos" NOME-PARA-CITACAO="SANTOS, M. M. A. S." ORDEM-DE-INTEGRACAO="2" FLAG-RESPONSAVEL="NAO" NRO-ID-CNPQ="7048789914255469"/><INTEGRANTES-DO-PROJETO NOME-COMPLETO="Camila Coura" NOME-PARA-CITACAO="COURA, C." ORDEM-DE-INTEGRACAO="3" FLAG-RESPONSAVEL="NAO" NRO-ID-CNPQ=""/><INTEGRANTES-DO-PROJETO NOME-COMPLETO="Marcella Sulis" NOME-PARA-CITACAO="SULIS, M." ORDEM-DE-INTEGRACAO="4" FLAG-RESPONSAVEL="NAO" NRO-ID-CNPQ=""/><INTEGRANTES-DO-PROJETO NOME-COMPLETO="Miriam Baiao" NOME-PARA-CITACAO="BAIAO, M." ORDEM-DE-INTEGRACAO="5" FLAG-RESPONSAVEL="NAO" NRO-ID-CNPQ=""/><INTEGRANTES-DO-PROJETO NOME-COMPLETO="Joyce Tarsia Garcia Cafiero" NOME-PARA-CITACAO="CAFIERO, J. T. G." ORDEM-DE-INTEGRACAO="6" FLAG-RESPONSAVEL="NAO" NRO-ID-CNPQ=""/><INTEGRANTES-DO-PROJETO NOME-COMPLETO="Daniela Minuzzo" NOME-PARA-CITACAO="MINUZZO, D." ORDEM-DE-INTEGRACAO="7" FLAG-RESPONSAVEL="NAO" NRO-ID-CNPQ=""/></EQUIPE-DO-PROJETO></PROJETO-DE-PESQUISA></PARTICIPACAO-EM-PROJETO><PARTICIPACAO-EM-PROJETO SEQUENCIA-FUNCAO-ATIVIDADE="1" FLAG-PERIODO="ATUAL" MES-INICIO="" ANO-INICIO="2015" MES-FIM="" ANO-FIM="" CODIGO-ORGAO="020257000997" NOME-ORGAO="CCS- Centro de Ciências e Saúde" CODIGO-UNIDADE="" NOME-UNIDADE=""><PROJETO-DE-PESQUISA SEQUENCIA-PROJETO="1" ANO-INICIO="2015" ANO-FIM="" NOME-DO-PROJETO="Projeto de Extensão Gastronomia na Promoção da Saúde" SITUACAO="EM_ANDAMENTO" NATUREZA="EXTENSAO" NUMERO-GRADUACAO="5" NUMERO-ESPECIALIZACAO="" NUMERO-MESTRADO-ACADEMICO="" NUMERO-MESTRADO-PROF="" NUMERO-DOUTORADO="" DESCRICAO-DO-PROJETO="" IDENTIFICADOR-PROJETO="" DESCRICAO-DO-PROJETO-INGLES="" NOME-DO-PROJETO-INGLES="Projeto de Extensão Gastronomia na Promoção da Saúde" FLAG-POTENCIAL-INOVACAO="NAO" FLAG-PROJETO-CERTIFICADO="nao" NOME-COORDENADOR-CERTIFICACAO="" FORMATO-DATA-CERTIFICACAO="DDMMAAAA" DATA-CERTIFICACAO="" NUMERO_TECNICO_NIVEL_MEDIO=""><EQUIPE-DO-PROJETO><INTEGRANTES-DO-PROJETO NOME-COMPLETO="Laura Kiyoko Ide" NOME-PARA-CITACAO="Laura Kiyoko Ide" ORDEM-DE-INTEGRACAO="1" FLAG-RESPONSAVEL="NAO" NRO-ID-CNPQ="7048789914255469"/><INTEGRANTES-DO-PROJETO NOME-COMPLETO="Leticia Tavares" NOME-PARA-CITACAO="TAVARES, L." ORDEM-DE-INTEGRACAO="2" FLAG-RESPONSAVEL="SIM" NRO-ID-CNPQ=""/><INTEGRANTES-DO-PROJETO NOME-COMPLETO="Mara Cnop" NOME-PARA-CITACAO="CNOP, M." ORDEM-DE-INTEGRACAO="3" FLAG-RESPONSAVEL="NAO" NRO-ID-CNPQ=""/><INTEGRANTES-DO-PROJETO NOME-COMPLETO="Joyce Tarsia Garcia Cafiero" NOME-PARA-CITACAO="CAFIERO, J. T. G." ORDEM-DE-INTEGRACAO="4" FLAG-RESPONSAVEL="NAO" NRO-ID-CNPQ=""/></EQUIPE-DO-PROJETO></PROJETO-DE-PESQUISA></PARTICIPACAO-EM-PROJETO></ATIVIDADES-DE-PARTICIPACAO-EM-PROJETO><atividadesProfissionaisPlanificadas/></ATUACAO-PROFISSIONAL></ATUACOES-PROFISSIONAIS><IDIOMAS><IDIOMA IDIOMA="ES" DESCRICAO-DO-IDIOMA="Espanhol" PROFICIENCIA-DE-LEITURA="RAZOAVELMENTE" PROFICIENCIA-DE-FALA="RAZOAVELMENTE" PROFICIENCIA-DE-ESCRITA="RAZOAVELMENTE" PROFICIENCIA-DE-COMPREENSAO="RAZOAVELMENTE"/><IDIOMA IDIOMA="JA" DESCRICAO-DO-IDIOMA="Japonês" PROFICIENCIA-DE-LEITURA="BEM" PROFICIENCIA-DE-FALA="BEM" PROFICIENCIA-DE-ESCRITA="RAZOAVELMENTE" PROFICIENCIA-DE-COMPREENSAO="BEM"/><IDIOMA IDIOMA="EN" DESCRICAO-DO-IDIOMA="Inglês" PROFICIENCIA-DE-LEITURA="RAZOAVELMENTE" PROFICIENCIA-DE-FALA="RAZOAVELMENTE" PROFICIENCIA-DE-ESCRITA="RAZOAVELMENTE" PROFICIENCIA-DE-COMPREENSAO="RAZOAVELMENTE"/></IDIOMAS><staValidado/><dataExibicao/><dadosBolsista/></DADOS-GERAIS><PRODUCAO-TECNICA><PATENTE SEQUENCIA-PRODUCAO="26"><DADOS-BASICOS-DA-PATENTE TITULO="PROCESSO DE OBTENÇÃO DE FARINHA DE CARNE E OSSO DE RÃ-TOURO PARA USO COMO ALIMENTO ALTERNATIVO DE BAIXO CUSTO" ANO-DESENVOLVIMENTO="2016" PAIS="Brasil" HOME-PAGE="" MEIO-DE-DIVULGACAO="NAO_INFORMADO" FLAG-RELEVANCIA="NAO" TITULO-INGLES="" FLAG-POTENCIAL-INOVACAO="NAO"/><DETALHAMENTO-DA-PATENTE FINALIDADE="" INSTITUICAO-FINANCIADORA="" FINALIDADE-INGLES="" CATEGORIA="Processo"><REGISTRO-OU-PATENTE TIPO-PATENTE="PRIVILEGIO_DE_INOVACAO_PI" CODIGO-DO-REGISTRO-OU-PATENTE="BR1020160302285" TITULO-PATENTE="PROCESSO DE OBTENÇÃO DE FARINHA DE CARNE E OSSO DE RÃ-TOURO PARA USO COMO ALIMENTO ALTERNATIVO DE BAIXO CUSTO" FORMATO-DATA-PEDIDO="DDMMAAAA" DATA-PEDIDO-DE-DEPOSITO="22122016" DATA-DE-PEDIDO-DE-EXAME="" DATA-DE-CONCESSAO="" INSTITUICAO-DEPOSITO-REGISTRO="INPI - Instituto Nacional da Propriedade Industrial" NUMERO-DEPOSITO-PCT="20160007828" FORMATO-DATA-DEPOSITO-PCT="DDMMAAAA" DATA-DEPOSITO-PCT="" NOME-DO-TITULAR=""/><HISTORICO-SITUACOES-PATENTE DESCRICAO-SITUACAO-PATENTE="Depósito" DATA-SITUACAO-PATENTE="22122016" STATUS-SITUACAO-PATENTE="SIM"/></DETALHAMENTO-DA-PATENTE><AUTORES NOME-COMPLETO-DO-AUTOR="José Teixeira de Seixas Filho" NOME-PARA-CITACAO="SEIXAS FILHO, J. T." ORDEM-DE-AUTORIA="1" NRO-ID-CNPQ=""/><AUTORES NOME-COMPLETO-DO-AUTOR="Laura Kiyoko Ide" NOME-PARA-CITACAO="IDE, L. K." ORDEM-DE-AUTORIA="2" NRO-ID-CNPQ=""/><AUTORES NOME-COMPLETO-DO-AUTOR="Sílvia Conceição Reis Pereira Mello" NOME-PARA-CITACAO="MELLO, S. C. R. P." ORDEM-DE-AUTORIA="3" NRO-ID-CNPQ=""/><AUTORES NOME-COMPLETO-DO-AUTOR="ELIANE RODRIGUES" NOME-PARA-CITACAO="RODRIGUES, E." ORDEM-DE-AUTORIA="4" NRO-ID-CNPQ=""/><AUTORES NOME-COMPLETO-DO-AUTOR="Laura Kiyoko Ide" NOME-PARA-CITACAO="Laura Kiyoko Ide" ORDEM-DE-AUTORIA="5" NRO-ID-CNPQ="7048789914255469"/><validadaINPI>false</validadaINPI></PATENTE><PROCESSOS-OU-TECNICAS SEQUENCIA-PRODUCAO="27"><DADOS-BASICOS-DO-PROCESSOS-OU-TECNICAS NATUREZA="OUTRA" TITULO-DO-PROCESSO="PROCESSO DE OBTENÇÃO DE FARINHA DE CARNE E OSSO DE RÃ-TOURO PARA USO COMO ALIMENTO ALTERNATIVO DE BAIXO CUSTO" ANO="2016" PAIS="Brasil" IDIOMA="Português" MEIO-DE-DIVULGACAO="IMPRESSO" HOME-PAGE-DO-TRABALHO="www.unisuam.edu.br" FLAG-RELEVANCIA="NAO" DOI="" TITULO-DO-PROCESSO-INGLES="" FLAG-POTENCIAL-INOVACAO="SIM"/><DETALHAMENTO-DO-PROCESSOS-OU-TECNICAS FINALIDADE="aproveitamento integral da carcaça de rã-touro e utilização como alimento funcional de baixo custo" DISPONIBILIDADE="RESTRITA" INSTITUICAO-FINANCIADORA="Unisuam" CIDADE-DO-PROCESSO="Rio de Janeiro" FINALIDADE-INGLES=""/><AUTORES NOME-COMPLETO-DO-AUTOR="José Teixeira de Seixas Filho" NOME-PARA-CITACAO="SEIXAS FILHO, J. T." ORDEM-DE-AUTORIA="1" NRO-ID-CNPQ=""/><AUTORES NOME-COMPLETO-DO-AUTOR="Laura Kiyoko Ide" NOME-PARA-CITACAO="Laura Kiyoko Ide" ORDEM-DE-AUTORIA="2" NRO-ID-CNPQ="7048789914255469"/><AUTORES NOME-COMPLETO-DO-AUTOR="Sílvia Conceição Reis Pereira Mello" NOME-PARA-CITACAO="MELLO, S. C. R. P." ORDEM-DE-AUTORIA="3" NRO-ID-CNPQ=""/><AUTORES NOME-COMPLETO-DO-AUTOR="ELIANE RODRIGUES" NOME-PARA-CITACAO="RODRIGUES, E." ORDEM-DE-AUTORIA="4" NRO-ID-CNPQ=""/><PALAVRAS-CHAVE PALAVRA-CHAVE-1="Carne de rã" PALAVRA-CHAVE-2="dieta" PALAVRA-CHAVE-3="alimento funcional" PALAVRA-CHAVE-4="gastronomia" PALAVRA-CHAVE-5="Boas práticas de fabricação" PALAVRA-CHAVE-6=""/><AREAS-DO-CONHECIMENTO><AREA-DO-CONHECIMENTO-1 NOME-GRANDE-AREA-DO-CONHECIMENTO="CIENCIAS_DA_SAUDE" NOME-DA-AREA-DO-CONHECIMENTO="" NOME-DA-SUB-AREA-DO-CONHECIMENTO="" NOME-DA-ESPECIALIDADE=""/><AREA-DO-CONHECIMENTO-2 NOME-GRANDE-AREA-DO-CONHECIMENTO="CIENCIAS_DA_SAUDE" NOME-DA-AREA-DO-CONHECIMENTO="Nutrição" NOME-DA-SUB-AREA-DO-CONHECIMENTO="Desnutrição e Desenvolvimento Fisiológico" NOME-DA-ESPECIALIDADE=""/><AREA-DO-CONHECIMENTO-3 NOME-GRANDE-AREA-DO-CONHECIMENTO="CIENCIAS_DA_SAUDE" NOME-DA-AREA-DO-CONHECIMENTO="Nutrição" NOME-DA-SUB-AREA-DO-CONHECIMENTO="Gastronomia" NOME-DA-ESPECIALIDADE=""/></AREAS-DO-CONHECIMENTO><SETORES-DE-ATIVIDADE SETOR-DE-ATIVIDADE-1="Alimentação" SETOR-DE-ATIVIDADE-2="Fabricação de Produtos Alimentícios" SETOR-DE-ATIVIDADE-3="Pesquisa e desenvolvimento científico"/></PROCESSOS-OU-TECNICAS><DEMAIS-TIPOS-DE-PRODUCAO-TECNICA><APRESENTACAO-DE-TRABALHO SEQUENCIA-PRODUCAO="24"><DADOS-BASICOS-DA-APRESENTACAO-DE-TRABALHO NATUREZA="COMUNICACAO" TITULO="TÉCNICAS DE DESOSSA DA CARCAÇA DE RÃ-TOURO PARA ELABORAÇÃO DE FARINHA DE CARNE E OSSO" ANO="2016" PAIS="Brasil" IDIOMA="Português" FLAG-RELEVANCIA="SIM" DOI="" TITULO-INGLES="" FLAG-DIVULGACAO-CIENTIFICA="NAO"/><DETALHAMENTO-DA-APRESENTACAO-DE-TRABALHO NOME-DO-EVENTO="XIII SEMANA DE PESQUISA, EXTENSÃO, PÓS GRADUAÇÃO e INOVAÇÃO" INSTITUICAO-PROMOTORA="Centro Universitário Augusto Motta" LOCAL-DA-APRESENTACAO="Bonsucesso" CIDADE-DA-APRESENTACAO="Rio de Janeiro" NOME-DO-EVENTO-INGLES=""/><AUTORES NOME-COMPLETO-DO-AUTOR="Laura Kiyoko Ide" NOME-PARA-CITACAO="Laura Kiyoko Ide" ORDEM-DE-AUTORIA="1" NRO-ID-CNPQ="7048789914255469"/><AUTORES NOME-COMPLETO-DO-AUTOR="Taina Munan Romeiro Moreira" NOME-PARA-CITACAO="MOREIRA, T. M. R." ORDEM-DE-AUTORIA="2" NRO-ID-CNPQ=""/><AUTORES NOME-COMPLETO-DO-AUTOR="Samuel Henrique Am orim da Silva" NOME-PARA-CITACAO="SILVA, S. H. A. O." ORDEM-DE-AUTORIA="3" NRO-ID-CNPQ=""/><AUTORES NOME-COMPLETO-DO-AUTOR="Sílvia Conceição Reis Pereira Mello" NOME-PARA-CITACAO="MELLO, S. C. R. P." ORDEM-DE-AUTORIA="4" NRO-ID-CNPQ=""/><AUTORES NOME-COMPLETO-DO-AUTOR="José Teixeira de Seixas Filho" NOME-PARA-CITACAO="SEIXAS FILHO, J. T." ORDEM-DE-AUTORIA="5" NRO-ID-CNPQ=""/><PALAVRAS-CHAVE PALAVRA-CHAVE-1="Análise sensorial" PALAVRA-CHAVE-2="Boas práticas de fabricação" PALAVRA-CHAVE-3="desenvolvimento Local" PALAVRA-CHAVE-4="Culinária asiática" PALAVRA-CHAVE-5="Carne de rã" PALAVRA-CHAVE-6="Mapeamento da carcaça da rã"/><AREAS-DO-CONHECIMENTO><AREA-DO-CONHECIMENTO-1 NOME-GRANDE-AREA-DO-CONHECIMENTO="CIENCIAS_DA_SAUDE" NOME-DA-AREA-DO-CONHECIMENTO="" NOME-DA-SUB-AREA-DO-CONHECIMENTO="Dietética" NOME-DA-ESPECIALIDADE=""/><AREA-DO-CONHECIMENTO-2 NOME-GRANDE-AREA-DO-CONHECIMENTO="CIENCIAS_DA_SAUDE" NOME-DA-AREA-DO-CONHECIMENTO="Nutrição" NOME-DA-SUB-AREA-DO-CONHECIMENTO="reeducação alimentar" NOME-DA-ESPECIALIDADE=""/><AREA-DO-CONHECIMENTO-3 NOME-GRANDE-AREA-DO-CONHECIMENTO="CIENCIAS_DA_SAUDE" NOME-DA-AREA-DO-CONHECIMENTO="Nutrição" NOME-DA-SUB-AREA-DO-CONHECIMENTO="Economia do consumidor" NOME-DA-ESPECIALIDADE=""/></AREAS-DO-CONHECIMENTO><SETORES-DE-ATIVIDADE SETOR-DE-ATIVIDADE-1="Agricultura, Pecuária e Serviços Relacionados" SETOR-DE-ATIVIDADE-2="Alimentação" SETOR-DE-ATIVIDADE-3="Atividades de atenção à saúde humana"/></APRESENTACAO-DE-TRABALHO><APRESENTACAO-DE-TRABALHO SEQUENCIA-PRODUCAO="23"><DADOS-BASICOS-DA-APRESENTACAO-DE-TRABALHO NATUREZA="COMUNICACAO" TITULO="A carne de rã na culinária asiática: aproveitamento integral do alimento" ANO="2016" PAIS="Brasil" IDIOMA="Português" FLAG-RELEVANCIA="SIM" DOI="" TITULO-INGLES="" FLAG-DIVULGACAO-CIENTIFICA="SIM"/><DETALHAMENTO-DA-APRESENTACAO-DE-TRABALHO NOME-DO-EVENTO="XIII SEMANA DE PESQUISA, EXTENSÃO, PÓS GRADUAÇÃO e INOVAÇÃO" INSTITUICAO-PROMOTORA="Centro Universitário Augusto Motta" LOCAL-DA-APRESENTACAO="Bonsucesso" CIDADE-DA-APRESENTACAO="Rio de Janeiro" NOME-DO-EVENTO-INGLES=""/><AUTORES NOME-COMPLETO-DO-AUTOR="Laura Kiyoko Ide" NOME-PARA-CITACAO="Laura Kiyoko Ide" ORDEM-DE-AUTORIA="1" NRO-ID-CNPQ="7048789914255469"/><AUTORES NOME-COMPLETO-DO-AUTOR="José Teixeira de Seixas Filho" NOME-PARA-CITACAO="SEIXAS FILHO, J. T." ORDEM-DE-AUTORIA="2" NRO-ID-CNPQ=""/><AUTORES NOME-COMPLETO-DO-AUTOR="Sílvia Conceição Reis Pereira Mello" NOME-PARA-CITACAO="MELLO, S. C. R. P." ORDEM-DE-AUTORIA="3" NRO-ID-CNPQ=""/><PALAVRAS-CHAVE PALAVRA-CHAVE-1="Análise sensorial" PALAVRA-CHAVE-2="Boas práticas de fabricação" PALAVRA-CHAVE-3="desenvolvimento Local" PALAVRA-CHAVE-4="Culinária asiática" PALAVRA-CHAVE-5="Carne de rã" PALAVRA-CHAVE-6="Mapeamento da carcaça da rã"/><AREAS-DO-CONHECIMENTO><AREA-DO-CONHECIMENTO-1 NOME-GRANDE-AREA-DO-CONHECIMENTO="CIENCIAS_DA_SAUDE" NOME-DA-AREA-DO-CONHECIMENTO="" NOME-DA-SUB-AREA-DO-CONHECIMENTO="Dietética" NOME-DA-ESPECIALIDADE=""/><AREA-DO-CONHECIMENTO-2 NOME-GRANDE-AREA-DO-CONHECIMENTO="CIENCIAS_DA_SAUDE" NOME-DA-AREA-DO-CONHECIMENTO="Nutrição" NOME-DA-SUB-AREA-DO-CONHECIMENTO="reeducação alimentar" NOME-DA-ESPECIALIDADE=""/><AREA-DO-CONHECIMENTO-3 NOME-GRANDE-AREA-DO-CONHECIMENTO="CIENCIAS_DA_SAUDE" NOME-DA-AREA-DO-CONHECIMENTO="Nutrição" NOME-DA-SUB-AREA-DO-CONHECIMENTO="Economia do consumidor" NOME-DA-ESPECIALIDADE=""/></AREAS-DO-CONHECIMENTO><SETORES-DE-ATIVIDADE SETOR-DE-ATIVIDADE-1="Agricultura, Pecuária e Serviços Relacionados" SETOR-DE-ATIVIDADE-2="Alimentação" SETOR-DE-ATIVIDADE-3="Atividades de atenção à saúde humana"/></APRESENTACAO-DE-TRABALHO><PROGRAMA-DE-RADIO-OU-TV SEQUENCIA-PRODUCAO="25"><DADOS-BASICOS-DO-PROGRAMA-DE-RADIO-OU-TV NATUREZA="ENTREVISTA" TITULO="Brasil é o segundo maior criador de rãs do mundo" ANO="2016" PAIS="Brasil" IDIOMA="Português" FLAG-RELEVANCIA="SIM" DOI="" TITULO-INGLES="" HOME-PAGE="http://g1.globo.com/economia/agronegocios/globo-rural/noticia/2016/11/brasil-e-segundo-maior-criador-de-ras-do-mundo.html" MEIO-DE-DIVULGACAO="NAO_INFORMADO" FLAG-DIVULGACAO-CIENTIFICA="NAO"/><DETALHAMENTO-DO-PROGRAMA-DE-RADIO-OU-TV EMISSORA="mídia" TEMA="Carne de rã na gastronomia asiática" FORMATO-DATA-DA-APRESENTACAO="DDMMAAAA" DATA-DA-APRESENTACAO="06112016" DURACAO-EM-MINUTOS="13" CIDADE=""/><AUTORES NOME-COMPLETO-DO-AUTOR="Laura Kiyoko Ide" NOME-PARA-CITACAO="Laura Kiyoko Ide" ORDEM-DE-AUTORIA="1" NRO-ID-CNPQ="7048789914255469"/><AUTORES NOME-COMPLETO-DO-AUTOR="Sílvia Conceição Reis Pereira Mello" NOME-PARA-CITACAO="MELLO, S. C. R. P." ORDEM-DE-AUTORIA="2" NRO-ID-CNPQ=""/><AUTORES NOME-COMPLETO-DO-AUTOR="José Teixeira de Seixas Filho" NOME-PARA-CITACAO="SEIXAS FILHO, J. T." ORDEM-DE-AUTORIA="3" NRO-ID-CNPQ=""/><PALAVRAS-CHAVE PALAVRA-CHAVE-1="Análise sensorial" PALAVRA-CHAVE-2="Boas práticas de fabricação" PALAVRA-CHAVE-3="desenvolvimento Local" PALAVRA-CHAVE-4="Culinária asiática" PALAVRA-CHAVE-5="Carne de rã" PALAVRA-CHAVE-6="Mapeamento da carcaça da rã"/><AREAS-DO-CONHECIMENTO><AREA-DO-CONHECIMENTO-1 NOME-GRANDE-AREA-DO-CONHECIMENTO="CIENCIAS_DA_SAUDE" NOME-DA-AREA-DO-CONHECIMENTO="" NOME-DA-SUB-AREA-DO-CONHECIMENTO="Dietética" NOME-DA-ESPECIALIDADE=""/><AREA-DO-CONHECIMENTO-2 NOME-GRANDE-AREA-DO-CONHECIMENTO="CIENCIAS_DA_SAUDE" NOME-DA-AREA-DO-CONHECIMENTO="Nutrição" NOME-DA-SUB-AREA-DO-CONHECIMENTO="reeducação alimentar" NOME-DA-ESPECIALIDADE=""/><AREA-DO-CONHECIMENTO-3 NOME-GRANDE-AREA-DO-CONHECIMENTO="CIENCIAS_DA_SAUDE" NOME-DA-AREA-DO-CONHECIMENTO="Nutrição" NOME-DA-SUB-AREA-DO-CONHECIMENTO="Economia do consumidor" NOME-DA-ESPECIALIDADE=""/></AREAS-DO-CONHECIMENTO><SETORES-DE-ATIVIDADE SETOR-DE-ATIVIDADE-1="Agricultura, Pecuária e Serviços Relacionados" SETOR-DE-ATIVIDADE-2="Alimentação" SETOR-DE-ATIVIDADE-3="Atividades de atenção à saúde humana"/></PROGRAMA-DE-RADIO-OU-TV></DEMAIS-TIPOS-DE-PRODUCAO-TECNICA></PRODUCAO-TECNICA><DADOS-COMPLEMENTARES><FORMACAO-COMPLEMENTAR><FORMACAO-COMPLEMENTAR-DE-EXTENSAO-UNIVERSITARIA SEQUENCIA-FORMACAO="18" NIVEL="8" CARGA-HORARIA="35" CODIGO-INSTITUICAO="001400000995" NOME-INSTITUICAO="ALAIN DUCASSE FORMATION &amp;amp; CONSEIL" CODIGO-ORGAO="" NOME-ORGAO="" CODIGO-CURSO="90000020" NOME-CURSO="CUISINE ASIATIQUE" STATUS-DO-CURSO="CONCLUIDO" ANO-DE-INICIO="2010" ANO-DE-CONCLUSAO="2010" NOME-CURSO-INGLES=""/><FORMACAO-COMPLEMENTAR-DE-EXTENSAO-UNIVERSITARIA SEQUENCIA-FORMACAO="23" NIVEL="8" CARGA-HORARIA="24" CODIGO-INSTITUICAO="001400000995" NOME-INSTITUICAO="ALAIN DUCASSE FORMATION &amp;amp; CONSEIL" CODIGO-ORGAO="" NOME-ORGAO="" CODIGO-CURSO="90000025" NOME-CURSO="NATURE" STATUS-DO-CURSO="CONCLUIDO" ANO-DE-INICIO="2015" ANO-DE-CONCLUSAO="2015" NOME-CURSO-INGLES=""/><FORMACAO-COMPLEMENTAR-CURSO-DE-CURTA-DURACAO SEQUENCIA-FORMACAO="3" NIVEL="F" CARGA-HORARIA="22" CODIGO-INSTITUICAO="001000000998" NOME-INSTITUICAO="UNIVERSIDAD NACIONAL DE ROSÁRIO" CODIGO-ORGAO="" NOME-ORGAO="" CODIGO-CURSO="90000011" NOME-CURSO="SEMINARIOS DE LA COHORTE INTENSIVA DE DOCTORADO" STATUS-DO-CURSO="CONCLUIDO" ANO-DE-INICIO="2012" ANO-DE-CONCLUSAO="2012" NOME-CURSO-INGLES=""/><FORMACAO-COMPLEMENTAR-CURSO-DE-CURTA-DURACAO SEQUENCIA-FORMACAO="6" NIVEL="F" CARGA-HORARIA="30" CODIGO-INSTITUICAO="001100000990" NOME-INSTITUICAO="UNIVERSIDAD NACIONAL DE ROSÁRIO" CODIGO-ORGAO="" NOME-ORGAO="" CODIGO-CURSO="90000006" NOME-CURSO="TALLER DE TESIS I" STATUS-DO-CURSO="CONCLUIDO" ANO-DE-INICIO="2012" ANO-DE-CONCLUSAO="2012" NOME-CURSO-INGLES=""/><FORMACAO-COMPLEMENTAR-CURSO-DE-CURTA-DURACAO SEQUENCIA-FORMACAO="22" NIVEL="F" CARGA-HORARIA="12" CODIGO-INSTITUICAO="985600151383" NOME-INSTITUICAO="Agência Nacional de Vigilância Sanitária" CODIGO-ORGAO="" NOME-ORGAO="" CODIGO-CURSO="90000024" NOME-CURSO="Boas Práticas em Serviço de Alimentação" STATUS-DO-CURSO="CONCLUIDO" ANO-DE-INICIO="2014" ANO-DE-CONCLUSAO="2014" NOME-CURSO-INGLES=""/><FORMACAO-COMPLEMENTAR-CURSO-DE-CURTA-DURACAO SEQUENCIA-FORMACAO="24" NIVEL="F" CARGA-HORARIA="10" CODIGO-INSTITUICAO="001600000999" NOME-INSTITUICAO="ALAIN DUCASSE EDUCATION" CODIGO-ORGAO="" NOME-ORGAO="" CODIGO-CURSO="90000027" NOME-CURSO="ALAIN DUCASSE EDUCATION" STATUS-DO-CURSO="CONCLUIDO" ANO-DE-INICIO="2015" ANO-DE-CONCLUSAO="2015" NOME-CURSO-INGLES=""/><FORMACAO-COMPLEMENTAR-CURSO-DE-CURTA-DURACAO SEQUENCIA-FORMACAO="13" NIVEL="F" CARGA-HORARIA="30" CODIGO-INSTITUICAO="001000000998" NOME-INSTITUICAO="UNIVERSIDAD NACIONAL DE ROSÁRIO" CODIGO-ORGAO="" NOME-ORGAO="" CODIGO-CURSO="90000016" NOME-CURSO="TALLER DE TESIS I" STATUS-DO-CURSO="CONCLUIDO" ANO-DE-INICIO="2013" ANO-DE-CONCLUSAO="2013" NOME-CURSO-INGLES=""/><FORMACAO-COMPLEMENTAR-CURSO-DE-CURTA-DURACAO SEQUENCIA-FORMACAO="17" NIVEL="F" CARGA-HORARIA="30" CODIGO-INSTITUICAO="001000000998" NOME-INSTITUICAO="UNIVERSIDAD NACIONAL DE ROSÁRIO" CODIGO-ORGAO="" NOME-ORGAO="" CODIGO-CURSO="90000019" NOME-CURSO="HISTORIA SOCIAL DE LA EDUCACIÓN" STATUS-DO-CURSO="CONCLUIDO" ANO-DE-INICIO="2013" ANO-DE-CONCLUSAO="2013" NOME-CURSO-INGLES=""/><FORMACAO-COMPLEMENTAR-CURSO-DE-CURTA-DURACAO SEQUENCIA-FORMACAO="21" NIVEL="F" CARGA-HORARIA="30" CODIGO-INSTITUICAO="001000000998" NOME-INSTITUICAO="UNIVERSIDAD NACIONAL DE ROSÁRIO" CODIGO-ORGAO="" NOME-ORGAO="" CODIGO-CURSO="90000023" NOME-CURSO="CURRICULUM UNIVERSITARIO" STATUS-DO-CURSO="CONCLUIDO" ANO-DE-INICIO="2014" ANO-DE-CONCLUSAO="2014" NOME-CURSO-INGLES=""/><FORMACAO-COMPLEMENTAR-CURSO-DE-CURTA-DURACAO SEQUENCIA-FORMACAO="7" NIVEL="F" CARGA-HORARIA="30" CODIGO-INSTITUICAO="001000000998" NOME-INSTITUICAO="UNIVERSIDAD NACIONAL DE ROSÁRIO" CODIGO-ORGAO="" NOME-ORGAO="" CODIGO-CURSO="90000008" NOME-CURSO="METODOLOGIA DELA INVESTIGACIÓN" STATUS-DO-CURSO="CONCLUIDO" ANO-DE-INICIO="2012" ANO-DE-CONCLUSAO="2012" NOME-CURSO-INGLES=""/><FORMACAO-COMPLEMENTAR-CURSO-DE-CURTA-DURACAO SEQUENCIA-FORMACAO="4" NIVEL="F" CARGA-HORARIA="30" CODIGO-INSTITUICAO="001000000998" NOME-INSTITUICAO="UNIVERSIDAD NACIONAL DE ROSÁRIO" CODIGO-ORGAO="" NOME-ORGAO="" CODIGO-CURSO="90000004" NOME-CURSO="EPISTEMOLOGIA" STATUS-DO-CURSO="CONCLUIDO" ANO-DE-INICIO="2012" ANO-DE-CONCLUSAO="2012" NOME-CURSO-INGLES=""/><FORMACAO-COMPLEMENTAR-CURSO-DE-CURTA-DURACAO SEQUENCIA-FORMACAO="10" NIVEL="F" CARGA-HORARIA="12" CODIGO-INSTITUICAO="001200000991" NOME-INSTITUICAO="Universidade Estacio de Sá" CODIGO-ORGAO="" NOME-ORGAO="" CODIGO-CURSO="90000013" NOME-CURSO="IV FORUM GASTRONOMIA, SAÚDE E SOCIEDADE" STATUS-DO-CURSO="CONCLUIDO" ANO-DE-INICIO="2013" ANO-DE-CONCLUSAO="2013" NOME-CURSO-INGLES=""/><FORMACAO-COMPLEMENTAR-CURSO-DE-CURTA-DURACAO SEQUENCIA-FORMACAO="12" NIVEL="F" CARGA-HORARIA="22" CODIGO-INSTITUICAO="001000000998" NOME-INSTITUICAO="UNIVERSIDAD NACIONAL DE ROSÁRIO" CODIGO-ORGAO="" NOME-ORGAO="" CODIGO-CURSO="90000015" NOME-CURSO="CURSO DE ESPAÑOL - NIVEL UNO" STATUS-DO-CURSO="CONCLUIDO" ANO-DE-INICIO="2012" ANO-DE-CONCLUSAO="2012" NOME-CURSO-INGLES=""/><FORMACAO-COMPLEMENTAR-CURSO-DE-CURTA-DURACAO SEQUENCIA-FORMACAO="9" NIVEL="F" CARGA-HORARIA="22" CODIGO-INSTITUICAO="201900000008" NOME-INSTITUICAO="Centro Universitário Augusto Motta" CODIGO-ORGAO="" NOME-ORGAO="" CODIGO-CURSO="90000012" NOME-CURSO="SIMPÓSIO DOCENTE SUPERIOR UNISUAM" STATUS-DO-CURSO="CONCLUIDO" ANO-DE-INICIO="2012" ANO-DE-CONCLUSAO="2012" NOME-CURSO-INGLES=""/><FORMACAO-COMPLEMENTAR-CURSO-DE-CURTA-DURACAO SEQUENCIA-FORMACAO="14" NIVEL="F" CARGA-HORARIA="30" CODIGO-INSTITUICAO="001000000998" NOME-INSTITUICAO="UNIVERSIDAD NACIONAL DE ROSÁRIO" CODIGO-ORGAO="" NOME-ORGAO="" CODIGO-CURSO="90000017" NOME-CURSO="ELABORACIÓN DE TEXTOS CIENTÍFICOS" STATUS-DO-CURSO="CONCLUIDO" ANO-DE-INICIO="2013" ANO-DE-CONCLUSAO="2013" NOME-CURSO-INGLES=""/><FORMACAO-COMPLEMENTAR-CURSO-DE-CURTA-DURACAO SEQUENCIA-FORMACAO="15" NIVEL="F" CARGA-HORARIA="22" CODIGO-INSTITUICAO="001000000998" NOME-INSTITUICAO="UNIVERSIDAD NACIONAL DE ROSÁRIO" CODIGO-ORGAO="" NOME-ORGAO="" CODIGO-CURSO="90000018" NOME-CURSO="CURSO DE ESPAÑOL - NIVEL DOS" STATUS-DO-CURSO="CONCLUIDO" ANO-DE-INICIO="2013" ANO-DE-CONCLUSAO="2013" NOME-CURSO-INGLES=""/><FORMACAO-COMPLEMENTAR-CURSO-DE-CURTA-DURACAO SEQUENCIA-FORMACAO="16" NIVEL="F" CARGA-HORARIA="30" CODIGO-INSTITUICAO="001000000998" NOME-INSTITUICAO="UNIVERSIDAD NACIONAL DE ROSÁRIO" CODIGO-ORGAO="" NOME-ORGAO="" CODIGO-CURSO="90000011" NOME-CURSO="SEMINARIOS DE LA COHORTE INTENSIVA DE DOCTORADO" STATUS-DO-CURSO="CONCLUIDO" ANO-DE-INICIO="2013" ANO-DE-CONCLUSAO="2013" NOME-CURSO-INGLES=""/><FORMACAO-COMPLEMENTAR-CURSO-DE-CURTA-DURACAO SEQUENCIA-FORMACAO="2" NIVEL="F" CARGA-HORARIA="590" CODIGO-INSTITUICAO="000400000997" NOME-INSTITUICAO="Centro Integrado de Eventos, Turismo e Hotelaria" CODIGO-ORGAO="" NOME-ORGAO="" CODIGO-CURSO="90000001" NOME-CURSO="Guia de Turismo" STATUS-DO-CURSO="CONCLUIDO" ANO-DE-INICIO="2007" ANO-DE-CONCLUSAO="2008" NOME-CURSO-INGLES=""/><FORMACAO-COMPLEMENTAR-CURSO-DE-CURTA-DURACAO SEQUENCIA-FORMACAO="20" NIVEL="F" CARGA-HORARIA="30" CODIGO-INSTITUICAO="001000000998" NOME-INSTITUICAO="UNIVERSIDAD NACIONAL DE ROSÁRIO" CODIGO-ORGAO="" NOME-ORGAO="" CODIGO-CURSO="90000022" NOME-CURSO="NUEVAS CORRIENTES EDUCATIVA" STATUS-DO-CURSO="CONCLUIDO" ANO-DE-INICIO="2014" ANO-DE-CONCLUSAO="2014" NOME-CURSO-INGLES=""/><FORMACAO-COMPLEMENTAR-CURSO-DE-CURTA-DURACAO SEQUENCIA-FORMACAO="19" NIVEL="F" CARGA-HORARIA="30" CODIGO-INSTITUICAO="001000000998" NOME-INSTITUICAO="UNIVERSIDAD NACIONAL DE ROSÁRIO" CODIGO-ORGAO="" NOME-ORGAO="" CODIGO-CURSO="90000021" NOME-CURSO="EPISTEMOLOGIA II" STATUS-DO-CURSO="CONCLUIDO" ANO-DE-INICIO="2014" ANO-DE-CONCLUSAO="2014" NOME-CURSO-INGLES=""/><OUTROS SEQUENCIA-FORMACAO="11" NIVEL="Y" CARGA-HORARIA="4" CODIGO-INSTITUICAO="001300000993" NOME-INSTITUICAO="INSTITUTO CULTURAL BRASIL JAPÃO" CODIGO-ORGAO="" NOME-ORGAO="" CODIGO-CURSO="90000014" NOME-CURSO="PROFICIÊNCIA EM LÍNGUA JAPONESA" STATUS-DO-CURSO="CONCLUIDO" ANO-DE-INICIO="2008" ANO-DE-CONCLUSAO="2008" NOME-CURSO-INGLES=""/><formacoesComplementaresPlana/></FORMACAO-COMPLEMENTAR><PARTICIPACAO-EM-BANCA-JULGADORA><OUTRAS-BANCAS-JULGADORAS SEQUENCIA-PRODUCAO="5"><DADOS-BASICOS-DE-OUTRAS-BANCAS-JULGADORAS TIPO="" NATUREZA="Outra" TITULO="V Fórum Gastronomia, Saúde e Sociedade" ANO="2015" PAIS="Brasil" IDIOMA="Português" HOME-PAGE="" DOI="" TITULO-INGLES="" TIPO-INGLES=""/><DETALHAMENTO-DE-OUTRAS-BANCAS-JULGADORAS CODIGO-INSTITUICAO="020200000009" NOME-INSTITUICAO="Universidade Federal do Rio de Janeiro"/><PARTICIPANTE-BANCA NOME-COMPLETO-DO-PARTICIPANTE-DA-BANCA="Laura Kiyoko Ide" NOME-PARA-CITACAO-DO-PARTICIPANTE-DA-BANCA="Laura Kiyoko Ide" ORDEM-PARTICIPANTE="1" NRO-ID-CNPQ="7048789914255469"/></OUTRAS-BANCAS-JULGADORAS></PARTICIPACAO-EM-BANCA-JULGADORA><PARTICIPACAO-EM-EVENTOS-CONGRESSOS><PARTICIPACAO-EM-CONGRESSO SEQUENCIA-PRODUCAO="15"><PARTICIPANTE-DE-EVENTOS-CONGRESSOS NOME-COMPLETO-DO-PARTICIPANTE-DE-EVENTOS-CONGRESSOS="Laura Kiyoko Ide" NOME-PARA-CITACAO-DO-PARTICIPANTE-DE-EVENTOS-CONGRESSOS="Laura Kiyoko Ide" ORDEM-PARTICIPANTE="1" NRO-ID-CNPQ="7048789914255469"/><DADOS-BASICOS-DA-PARTICIPACAO-EM-CONGRESSO NATUREZA="Congresso" TITULO="Saberes e Práticas Gastronomicas em Diferentes Contextos Comunitários" ANO="2015" PAIS="Brasil" IDIOMA="" MEIO-DE-DIVULGACAO="NAO_INFORMADO" HOME-PAGE-DO-TRABALHO="" FLAG-RELEVANCIA="NAO" TIPO-PARTICIPACAO="Apresentação oral" FORMA-PARTICIPACAO="Participante" DOI="" TITULO-INGLES="Saberes e Práticas Gastronomicas em Diferentes Contextos Comunitários" FLAG-DIVULGACAO-CIENTIFICA="NAO"/><DETALHAMENTO-DA-PARTICIPACAO-EM-CONGRESSO NOME-DO-EVENTO="V Semana de Integração Acadêmica da UFRJ" CODIGO-INSTITUICAO="" NOME-INSTITUICAO="" LOCAL-DO-EVENTO="" CIDADE-DO-EVENTO="Rio de Janeiro" NOME-DO-EVENTO-INGLES=""/></PARTICIPACAO-EM-CONGRESSO><PARTICIPACAO-EM-FEIRA SEQUENCIA-PRODUCAO="14"><PARTICIPANTE-DE-EVENTOS-CONGRESSOS NOME-COMPLETO-DO-PARTICIPANTE-DE-EVENTOS-CONGRESSOS="Laura Kiyoko Ide" NOME-PARA-CITACAO-DO-PARTICIPANTE-DE-EVENTOS-CONGRESSOS="Laura Kiyoko Ide" ORDEM-PARTICIPANTE="1" NRO-ID-CNPQ="7048789914255469"/><DADOS-BASICOS-DA-PARTICIPACAO-EM-FEIRA NATUREZA="Feira" TITULO="FESTA DO JAPÃO" ANO="2015" PAIS="Brasil" IDIOMA="" MEIO-DE-DIVULGACAO="NAO_INFORMADO" HOME-PAGE-DO-TRABALHO="" FLAG-RELEVANCIA="NAO" TIPO-PARTICIPACAO="Outras formas" FORMA-PARTICIPACAO="Participante" DOI="" TITULO-INGLES="" FLAG-DIVULGACAO-CIENTIFICA="SIM"/><DETALHAMENTO-DA-PARTICIPACAO-EM-FEIRA NOME-DO-EVENTO="FESTA DO JAPÃO" CODIGO-INSTITUICAO="" NOME-INSTITUICAO="" LOCAL-DO-EVENTO="" CIDADE-DO-EVENTO="Rio de Janeiro" NOME-DO-EVENTO-INGLES=""/></PARTICIPACAO-EM-FEIRA><PARTICIPACAO-EM-FEIRA SEQUENCIA-PRODUCAO="13"><PARTICIPANTE-DE-EVENTOS-CONGRESSOS NOME-COMPLETO-DO-PARTICIPANTE-DE-EVENTOS-CONGRESSOS="Laura Kiyoko Ide" NOME-PARA-CITACAO-DO-PARTICIPANTE-DE-EVENTOS-CONGRESSOS="Laura Kiyoko Ide" ORDEM-PARTICIPANTE="1" NRO-ID-CNPQ="7048789914255469"/><DADOS-BASICOS-DA-PARTICIPACAO-EM-FEIRA NATUREZA="Feira" TITULO="Tanabata Matsuri" ANO="2015" PAIS="Brasil" IDIOMA="" MEIO-DE-DIVULGACAO="NAO_INFORMADO" HOME-PAGE-DO-TRABALHO="" FLAG-RELEVANCIA="NAO" TIPO-PARTICIPACAO="Outras formas" FORMA-PARTICIPACAO="Participante" DOI="" TITULO-INGLES="" FLAG-DIVULGACAO-CIENTIFICA="NAO"/><DETALHAMENTO-DA-PARTICIPACAO-EM-FEIRA NOME-DO-EVENTO="TANABATA MATSURI" CODIGO-INSTITUICAO="" NOME-INSTITUICAO="" LOCAL-DO-EVENTO="" CIDADE-DO-EVENTO="Rio de Janeiro" NOME-DO-EVENTO-INGLES=""/></PARTICIPACAO-EM-FEIRA><PARTICIPACAO-EM-FEIRA SEQUENCIA-PRODUCAO="6"><PARTICIPANTE-DE-EVENTOS-CONGRESSOS NOME-COMPLETO-DO-PARTICIPANTE-DE-EVENTOS-CONGRESSOS="Laura Kiyoko Ide" NOME-PARA-CITACAO-DO-PARTICIPANTE-DE-EVENTOS-CONGRESSOS="Laura Kiyoko Ide" ORDEM-PARTICIPANTE="1" NRO-ID-CNPQ="7048789914255469"/><DADOS-BASICOS-DA-PARTICIPACAO-EM-FEIRA NATUREZA="Feira" TITULO="" ANO="2015" PAIS="Brasil" IDIOMA="" MEIO-DE-DIVULGACAO="NAO_INFORMADO" HOME-PAGE-DO-TRABALHO="" FLAG-RELEVANCIA="NAO" TIPO-PARTICIPACAO="" FORMA-PARTICIPACAO="Ouvinte" DOI="" TITULO-INGLES="Fórum Brasileiro da Indústria de Pescados" FLAG-DIVULGACAO-CIENTIFICA="SIM"/><DETALHAMENTO-DA-PARTICIPACAO-EM-FEIRA NOME-DO-EVENTO="Fórum Brasileiro da Indústria de Pescados" CODIGO-INSTITUICAO="" NOME-INSTITUICAO="" LOCAL-DO-EVENTO="" CIDADE-DO-EVENTO="São Paulo" NOME-DO-EVENTO-INGLES=""/></PARTICIPACAO-EM-FEIRA><PARTICIPACAO-EM-FEIRA SEQUENCIA-PRODUCAO="12"><PARTICIPANTE-DE-EVENTOS-CONGRESSOS NOME-COMPLETO-DO-PARTICIPANTE-DE-EVENTOS-CONGRESSOS="Laura Kiyoko Ide" NOME-PARA-CITACAO-DO-PARTICIPANTE-DE-EVENTOS-CONGRESSOS="Laura Kiyoko Ide" ORDEM-PARTICIPANTE="1" NRO-ID-CNPQ="7048789914255469"/><DADOS-BASICOS-DA-PARTICIPACAO-EM-FEIRA NATUREZA="Feira" TITULO="Festa Junina" ANO="2015" PAIS="Brasil" IDIOMA="" MEIO-DE-DIVULGACAO="NAO_INFORMADO" HOME-PAGE-DO-TRABALHO="" FLAG-RELEVANCIA="NAO" TIPO-PARTICIPACAO="Outras Formas" FORMA-PARTICIPACAO="Participante" DOI="" TITULO-INGLES="" FLAG-DIVULGACAO-CIENTIFICA="SIM"/><DETALHAMENTO-DA-PARTICIPACAO-EM-FEIRA NOME-DO-EVENTO="FESTA JUNINA" CODIGO-INSTITUICAO="" NOME-INSTITUICAO="" LOCAL-DO-EVENTO="" CIDADE-DO-EVENTO="Rio de Janeiro" NOME-DO-EVENTO-INGLES=""/></PARTICIPACAO-EM-FEIRA><PARTICIPACAO-EM-FEIRA SEQUENCIA-PRODUCAO="2"><PARTICIPANTE-DE-EVENTOS-CONGRESSOS NOME-COMPLETO-DO-PARTICIPANTE-DE-EVENTOS-CONGRESSOS="Laura Kiyoko Ide" NOME-PARA-CITACAO-DO-PARTICIPANTE-DE-EVENTOS-CONGRESSOS="Laura Kiyoko Ide" ORDEM-PARTICIPANTE="1" NRO-ID-CNPQ="7048789914255469"/><DADOS-BASICOS-DA-PARTICIPACAO-EM-FEIRA NATUREZA="Feira" TITULO="PRATOS TÍPICOS JAPONESES NO SABORES DO JAPÃO" ANO="2013" PAIS="Brasil" IDIOMA="" MEIO-DE-DIVULGACAO="NAO_INFORMADO" HOME-PAGE-DO-TRABALHO="ASSOCIAÇÃO NIKKEI DO RIO DE JANEIRO" FLAG-RELEVANCIA="NAO" TIPO-PARTICIPACAO="Outras formas" FORMA-PARTICIPACAO="Participante" DOI="" TITULO-INGLES="PRATOS TÍPICOS JAPONESES NO SABORES DO JAPÃO" FLAG-DIVULGACAO-CIENTIFICA="SIM"/><DETALHAMENTO-DA-PARTICIPACAO-EM-FEIRA NOME-DO-EVENTO="SABORES DO JAPÃO" CODIGO-INSTITUICAO="" NOME-INSTITUICAO="" LOCAL-DO-EVENTO="" CIDADE-DO-EVENTO="RIO DE JANEIRO" NOME-DO-EVENTO-INGLES=""/></PARTICIPACAO-EM-FEIRA><PARTICIPACAO-EM-FEIRA SEQUENCIA-PRODUCAO="11"><PARTICIPANTE-DE-EVENTOS-CONGRESSOS NOME-COMPLETO-DO-PARTICIPANTE-DE-EVENTOS-CONGRESSOS="Laura Kiyoko Ide" NOME-PARA-CITACAO-DO-PARTICIPANTE-DE-EVENTOS-CONGRESSOS="Laura Kiyoko Ide" ORDEM-PARTICIPANTE="1" NRO-ID-CNPQ="7048789914255469"/><DADOS-BASICOS-DA-PARTICIPACAO-EM-FEIRA NATUREZA="Feira" TITULO="Noite do Japão" ANO="2015" PAIS="Brasil" IDIOMA="" MEIO-DE-DIVULGACAO="NAO_INFORMADO" HOME-PAGE-DO-TRABALHO="" FLAG-RELEVANCIA="NAO" TIPO-PARTICIPACAO="Outras formas" FORMA-PARTICIPACAO="Participante" DOI="" TITULO-INGLES="" FLAG-DIVULGACAO-CIENTIFICA="NAO"/><DETALHAMENTO-DA-PARTICIPACAO-EM-FEIRA NOME-DO-EVENTO="NOITE DO JAPÃO" CODIGO-INSTITUICAO="" NOME-INSTITUICAO="" LOCAL-DO-EVENTO="" CIDADE-DO-EVENTO="Rio de Janeiro" NOME-DO-EVENTO-INGLES=""/></PARTICIPACAO-EM-FEIRA><PARTICIPACAO-EM-SEMINARIO SEQUENCIA-PRODUCAO="17"><PARTICIPANTE-DE-EVENTOS-CONGRESSOS NOME-COMPLETO-DO-PARTICIPANTE-DE-EVENTOS-CONGRESSOS="Laura Kiyoko Ide" NOME-PARA-CITACAO-DO-PARTICIPANTE-DE-EVENTOS-CONGRESSOS="Laura Kiyoko Ide" ORDEM-PARTICIPANTE="1" NRO-ID-CNPQ="7048789914255469"/><DADOS-BASICOS-DA-PARTICIPACAO-EM-SEMINARIO NATUREZA="Seminário" TITULO="A Importância da introdução da carne de rã-touro na Culinária Asiática" ANO="2015" PAIS="Brasil" IDIOMA="" MEIO-DE-DIVULGACAO="NAO_INFORMADO" HOME-PAGE-DO-TRABALHO="" FLAG-RELEVANCIA="NAO" TIPO-PARTICIPACAO="Apresentação oral" FORMA-PARTICIPACAO="Participante" DOI="" TITULO-INGLES="" FLAG-DIVULGACAO-CIENTIFICA="NAO"/><DETALHAMENTO-DA-PARTICIPACAO-EM-SEMINARIO NOME-DO-EVENTO="IIISeminário de Educação Ambiental: Repensar a Escola e o Ensino- aprendizagem/IV Ciclo de debates sobre Desenvolvimento Local" CODIGO-INSTITUICAO="" NOME-INSTITUICAO="" LOCAL-DO-EVENTO="" CIDADE-DO-EVENTO="Rio de Janeiro" NOME-DO-EVENTO-INGLES=""/></PARTICIPACAO-EM-SEMINARIO><PARTICIPACAO-EM-SEMINARIO SEQUENCIA-PRODUCAO="3"><PARTICIPANTE-DE-EVENTOS-CONGRESSOS NOME-COMPLETO-DO-PARTICIPANTE-DE-EVENTOS-CONGRESSOS="Laura Kiyoko Ide" NOME-PARA-CITACAO-DO-PARTICIPANTE-DE-EVENTOS-CONGRESSOS="Laura Kiyoko Ide" ORDEM-PARTICIPANTE="1" NRO-ID-CNPQ="7048789914255469"/><DADOS-BASICOS-DA-PARTICIPACAO-EM-SEMINARIO NATUREZA="Seminário" TITULO="" ANO="2014" PAIS="Brasil" IDIOMA="" MEIO-DE-DIVULGACAO="NAO_INFORMADO" HOME-PAGE-DO-TRABALHO="" FLAG-RELEVANCIA="NAO" TIPO-PARTICIPACAO="" FORMA-PARTICIPACAO="Ouvinte" DOI="" TITULO-INGLES="" FLAG-DIVULGACAO-CIENTIFICA="NAO"/><DETALHAMENTO-DA-PARTICIPACAO-EM-SEMINARIO NOME-DO-EVENTO="V Fórum Gastronomia, Saúde e sociedade- Gastronomia e Comunicação" CODIGO-INSTITUICAO="" NOME-INSTITUICAO="" LOCAL-DO-EVENTO="" CIDADE-DO-EVENTO="Rio de janeiro" NOME-DO-EVENTO-INGLES=""/></PARTICIPACAO-EM-SEMINARIO><PARTICIPACAO-EM-SEMINARIO SEQUENCIA-PRODUCAO="10"><PARTICIPANTE-DE-EVENTOS-CONGRESSOS NOME-COMPLETO-DO-PARTICIPANTE-DE-EVENTOS-CONGRESSOS="Laura Kiyoko Ide" NOME-PARA-CITACAO-DO-PARTICIPANTE-DE-EVENTOS-CONGRESSOS="Laura Kiyoko Ide" ORDEM-PARTICIPANTE="1" NRO-ID-CNPQ="7048789914255469"/><DADOS-BASICOS-DA-PARTICIPACAO-EM-SEMINARIO NATUREZA="Seminário" TITULO="Dia Mundial da Alimentação" ANO="2015" PAIS="Brasil" IDIOMA="" MEIO-DE-DIVULGACAO="NAO_INFORMADO" HOME-PAGE-DO-TRABALHO="" FLAG-RELEVANCIA="NAO" TIPO-PARTICIPACAO="Outras formas" FORMA-PARTICIPACAO="Participante" DOI="" TITULO-INGLES="" FLAG-DIVULGACAO-CIENTIFICA="SIM"/><DETALHAMENTO-DA-PARTICIPACAO-EM-SEMINARIO NOME-DO-EVENTO="VII Encontro Sabores e Saberes" CODIGO-INSTITUICAO="" NOME-INSTITUICAO="" LOCAL-DO-EVENTO="" CIDADE-DO-EVENTO="Rio de Janeiro" NOME-DO-EVENTO-INGLES=""/></PARTICIPACAO-EM-SEMINARIO><PARTICIPACAO-EM-OFICINA SEQUENCIA-PRODUCAO="8"><PARTICIPANTE-DE-EVENTOS-CONGRESSOS NOME-COMPLETO-DO-PARTICIPANTE-DE-EVENTOS-CONGRESSOS="Laura Kiyoko Ide" NOME-PARA-CITACAO-DO-PARTICIPANTE-DE-EVENTOS-CONGRESSOS="Laura Kiyoko Ide" ORDEM-PARTICIPANTE="1" NRO-ID-CNPQ="7048789914255469"/><DADOS-BASICOS-DA-PARTICIPACAO-EM-OFICINA NATUREZA="Oficina" TITULO="RESPONSABILIDADE SOCIAL E CONSUMO ÉTICO" ANO="2013" PAIS="Brasil" IDIOMA="" MEIO-DE-DIVULGACAO="NAO_INFORMADO" HOME-PAGE-DO-TRABALHO="" FLAG-RELEVANCIA="NAO" TIPO-PARTICIPACAO="Outras formas" FORMA-PARTICIPACAO="Participante" DOI="" TITULO-INGLES="RESPONSABILIDADE SOCIAL E CONSUMO ÉTICO" FLAG-DIVULGACAO-CIENTIFICA="NAO"/><DETALHAMENTO-DA-PARTICIPACAO-EM-OFICINA NOME-DO-EVENTO="IV FORUM DE GASTRONOMIA, SAÚDE E SOCIEDADE" CODIGO-INSTITUICAO="" NOME-INSTITUICAO="" LOCAL-DO-EVENTO="" CIDADE-DO-EVENTO="RIO DE JANEIRO" NOME-DO-EVENTO-INGLES=""/></PARTICIPACAO-EM-OFICINA><PARTICIPACAO-EM-OFICINA SEQUENCIA-PRODUCAO="4"><PARTICIPANTE-DE-EVENTOS-CONGRESSOS NOME-COMPLETO-DO-PARTICIPANTE-DE-EVENTOS-CONGRESSOS="Laura Kiyoko Ide" NOME-PARA-CITACAO-DO-PARTICIPANTE-DE-EVENTOS-CONGRESSOS="Laura Kiyoko Ide" ORDEM-PARTICIPANTE="1" NRO-ID-CNPQ="7048789914255469"/><DADOS-BASICOS-DA-PARTICIPACAO-EM-OFICINA NATUREZA="Oficina" TITULO="sabores do Japão" ANO="2014" PAIS="Brasil" IDIOMA="" MEIO-DE-DIVULGACAO="NAO_INFORMADO" HOME-PAGE-DO-TRABALHO="www.nikkeirj.com.br" FLAG-RELEVANCIA="NAO" TIPO-PARTICIPACAO="Poster / Painel" FORMA-PARTICIPACAO="Participante" DOI="" TITULO-INGLES="" FLAG-DIVULGACAO-CIENTIFICA="NAO"/><DETALHAMENTO-DA-PARTICIPACAO-EM-OFICINA NOME-DO-EVENTO="SABORES DO JAPÃO" CODIGO-INSTITUICAO="" NOME-INSTITUICAO="" LOCAL-DO-EVENTO="" CIDADE-DO-EVENTO="RIO DE JANEIRO" NOME-DO-EVENTO-INGLES=""/></PARTICIPACAO-EM-OFICINA><PARTICIPACAO-EM-OFICINA SEQUENCIA-PRODUCAO="7"><PARTICIPANTE-DE-EVENTOS-CONGRESSOS NOME-COMPLETO-DO-PARTICIPANTE-DE-EVENTOS-CONGRESSOS="Laura Kiyoko Ide" NOME-PARA-CITACAO-DO-PARTICIPANTE-DE-EVENTOS-CONGRESSOS="Laura Kiyoko Ide" ORDEM-PARTICIPANTE="1" NRO-ID-CNPQ="7048789914255469"/><DADOS-BASICOS-DA-PARTICIPACAO-EM-OFICINA NATUREZA="Oficina" TITULO="MEMBRO DA COMISSÃO ORGANIZADORA" ANO="2015" PAIS="Brasil" IDIOMA="" MEIO-DE-DIVULGACAO="NAO_INFORMADO" HOME-PAGE-DO-TRABALHO="" FLAG-RELEVANCIA="NAO" TIPO-PARTICIPACAO="Outras formas" FORMA-PARTICIPACAO="Participante" DOI="" TITULO-INGLES="MEMBRO DA COMISSÃO ORGANIZADORA" FLAG-DIVULGACAO-CIENTIFICA="NAO"/><DETALHAMENTO-DA-PARTICIPACAO-EM-OFICINA NOME-DO-EVENTO="SABORES E SABERES" CODIGO-INSTITUICAO="" NOME-INSTITUICAO="" LOCAL-DO-EVENTO="" CIDADE-DO-EVENTO="RIO DE JANEIRO" NOME-DO-EVENTO-INGLES=""/></PARTICIPACAO-EM-OFICINA><PARTICIPACAO-EM-OFICINA SEQUENCIA-PRODUCAO="9"><PARTICIPANTE-DE-EVENTOS-CONGRESSOS NOME-COMPLETO-DO-PARTICIPANTE-DE-EVENTOS-CONGRESSOS="Laura Kiyoko Ide" NOME-PARA-CITACAO-DO-PARTICIPANTE-DE-EVENTOS-CONGRESSOS="Laura Kiyoko Ide" ORDEM-PARTICIPANTE="1" NRO-ID-CNPQ="7048789914255469"/><DADOS-BASICOS-DA-PARTICIPACAO-EM-OFICINA NATUREZA="Oficina" TITULO="Workshop de Cutelaria" ANO="2013" PAIS="Brasil" IDIOMA="" MEIO-DE-DIVULGACAO="NAO_INFORMADO" HOME-PAGE-DO-TRABALHO="" FLAG-RELEVANCIA="NAO" TIPO-PARTICIPACAO="Outras formas" FORMA-PARTICIPACAO="Participante" DOI="" TITULO-INGLES="" FLAG-DIVULGACAO-CIENTIFICA="SIM"/><DETALHAMENTO-DA-PARTICIPACAO-EM-OFICINA NOME-DO-EVENTO="Workshop de Cutelaria" CODIGO-INSTITUICAO="" NOME-INSTITUICAO="" LOCAL-DO-EVENTO="" CIDADE-DO-EVENTO="Rio de Janeiro" NOME-DO-EVENTO-INGLES=""/></PARTICIPACAO-EM-OFICINA><OUTRAS-PARTICIPACOES-EM-EVENTOS-CONGRESSOS SEQUENCIA-PRODUCAO="1"><PARTICIPANTE-DE-EVENTOS-CONGRESSOS NOME-COMPLETO-DO-PARTICIPANTE-DE-EVENTOS-CONGRESSOS="Laura Kiyoko Ide" NOME-PARA-CITACAO-DO-PARTICIPANTE-DE-EVENTOS-CONGRESSOS="Laura Kiyoko Ide" ORDEM-PARTICIPANTE="1" NRO-ID-CNPQ="7048789914255469"/><DADOS-BASICOS-DE-OUTRAS-PARTICIPACOES-EM-EVENTOS-CONGRESSOS NATUREZA="Outra" TITULO="Coquetel montado para 800 pessoas" ANO="2011" PAIS="Brasil" IDIOMA="" MEIO-DE-DIVULGACAO="NAO_INFORMADO" HOME-PAGE-DO-TRABALHO="" FLAG-RELEVANCIA="NAO" TIPO-PARTICIPACAO="Outras Formas" FORMA-PARTICIPACAO="Participante" DOI="" TITULO-INGLES="" FLAG-DIVULGACAO-CIENTIFICA="NAO"/><DETALHAMENTO-DE-OUTRAS-PARTICIPACOES-EM-EVENTOS-CONGRESSOS NOME-DO-EVENTO="Inauguração do curso de Gastronomia Estácio de Sá/ Alain Ducasse Formation" CODIGO-INSTITUICAO="" NOME-INSTITUICAO="" LOCAL-DO-EVENTO="" CIDADE-DO-EVENTO="São Paulo" NOME-DO-EVENTO-INGLES=""/></OUTRAS-PARTICIPACOES-EM-EVENTOS-CONGRESSOS><OUTRAS-PARTICIPACOES-EM-EVENTOS-CONGRESSOS SEQUENCIA-PRODUCAO="16"><PARTICIPANTE-DE-EVENTOS-CONGRESSOS NOME-COMPLETO-DO-PARTICIPANTE-DE-EVENTOS-CONGRESSOS="Laura Kiyoko Ide" NOME-PARA-CITACAO-DO-PARTICIPANTE-DE-EVENTOS-CONGRESSOS="Laura Kiyoko Ide" ORDEM-PARTICIPANTE="1" NRO-ID-CNPQ="7048789914255469"/><DADOS-BASICOS-DE-OUTRAS-PARTICIPACOES-EM-EVENTOS-CONGRESSOS NATUREZA="Outra" TITULO="VI FÓRUM Gastronomia, Saúde e Sociedade- RIO 450" ANO="2015" PAIS="Brasil" IDIOMA="" MEIO-DE-DIVULGACAO="NAO_INFORMADO" HOME-PAGE-DO-TRABALHO="" FLAG-RELEVANCIA="NAO" TIPO-PARTICIPACAO="Outras formas" FORMA-PARTICIPACAO="Participante" DOI="" TITULO-INGLES="" FLAG-DIVULGACAO-CIENTIFICA="NAO"/><DETALHAMENTO-DE-OUTRAS-PARTICIPACOES-EM-EVENTOS-CONGRESSOS NOME-DO-EVENTO="VI FÓRUM Gastronomia, Saúde e Sociedade- RIO 450" CODIGO-INSTITUICAO="" NOME-INSTITUICAO="" LOCAL-DO-EVENTO="" CIDADE-DO-EVENTO="Rio de Janeiro" NOME-DO-EVENTO-INGLES=""/></OUTRAS-PARTICIPACOES-EM-EVENTOS-CONGRESSOS></PARTICIPACAO-EM-EVENTOS-CONGRESSOS><ORIENTACOES-EM-ANDAMENTO><ORIENTACAO-EM-ANDAMENTO-DE-INICIACAO-CIENTIFICA SEQUENCIA-PRODUCAO="20"><DADOS-BASICOS-DA-ORIENTACAO-EM-ANDAMENTO-DE-INICIACAO-CIENTIFICA NATUREZA="Iniciação Científica" TITULO-DO-TRABALHO="TÉCNICAS DE DESOSSA DA CARCAÇA DE RÃ-TOURO PARA ELABORAÇÃO DE FARINHA DE CARNE E OSSO" ANO="2016" PAIS="Brasil" IDIOMA="Português" HOME-PAGE="www.unisuam.edu.br" DOI="" TITULO-DO-TRABALHO-INGLES=""/><DETALHAMENTO-DA-ORIENTACAO-EM-ANDAMENTO-DE-INICIACAO-CIENTIFICA NOME-DO-ORIENTANDO="Evellyn Martins Scotts Ramos" CODIGO-INSTITUICAO="201900000008" NOME-INSTITUICAO="Centro Universitário Augusto Motta" CODIGO-ORGAO="" NOME-ORGAO="" CODIGO-CURSO="60159316" NOME-CURSO="Gastronomia" FLAG-BOLSA="NAO" CODIGO-AGENCIA-FINANCIADORA="" NOME-DA-AGENCIA="" NUMERO-ID-ORIENTANDO="" NOME-CURSO-INGLES=""/><PALAVRAS-CHAVE PALAVRA-CHAVE-1="Análise sensorial" PALAVRA-CHAVE-2="Boas práticas de fabricação" PALAVRA-CHAVE-3="desenvolvimento Local" PALAVRA-CHAVE-4="Culinária asiática" PALAVRA-CHAVE-5="Carne de rã" PALAVRA-CHAVE-6="Mapeamento da carcaça da rã"/><AREAS-DO-CONHECIMENTO><AREA-DO-CONHECIMENTO-1 NOME-GRANDE-AREA-DO-CONHECIMENTO="CIENCIAS_DA_SAUDE" NOME-DA-AREA-DO-CONHECIMENTO="" NOME-DA-SUB-AREA-DO-CONHECIMENTO="Dietética" NOME-DA-ESPECIALIDADE=""/><AREA-DO-CONHECIMENTO-2 NOME-GRANDE-AREA-DO-CONHECIMENTO="CIENCIAS_DA_SAUDE" NOME-DA-AREA-DO-CONHECIMENTO="Nutrição" NOME-DA-SUB-AREA-DO-CONHECIMENTO="reeducação alimentar" NOME-DA-ESPECIALIDADE=""/><AREA-DO-CONHECIMENTO-3 NOME-GRANDE-AREA-DO-CONHECIMENTO="CIENCIAS_DA_SAUDE" NOME-DA-AREA-DO-CONHECIMENTO="Nutrição" NOME-DA-SUB-AREA-DO-CONHECIMENTO="Economia do consumidor" NOME-DA-ESPECIALIDADE=""/></AREAS-DO-CONHECIMENTO><SETORES-DE-ATIVIDADE SETOR-DE-ATIVIDADE-1="Agricultura, Pecuária e Serviços Relacionados" SETOR-DE-ATIVIDADE-2="Alimentação" SETOR-DE-ATIVIDADE-3="Atividades de atenção à saúde humana"/></ORIENTACAO-EM-ANDAMENTO-DE-INICIACAO-CIENTIFICA><ORIENTACAO-EM-ANDAMENTO-DE-INICIACAO-CIENTIFICA SEQUENCIA-PRODUCAO="18"><DADOS-BASICOS-DA-ORIENTACAO-EM-ANDAMENTO-DE-INICIACAO-CIENTIFICA NATUREZA="Iniciação Científica" TITULO-DO-TRABALHO="TÉCNICAS DE DESOSSA DA CARCAÇA DE RÃ-TOURO PARA ELABORAÇÃO DE FARINHA DE CARNE E OSSO" ANO="2016" PAIS="Brasil" IDIOMA="Português" HOME-PAGE="www.unisuam.edu.br" DOI="" TITULO-DO-TRABALHO-INGLES=""/><DETALHAMENTO-DA-ORIENTACAO-EM-ANDAMENTO-DE-INICIACAO-CIENTIFICA NOME-DO-ORIENTANDO="Taina Munan Romeiro Moreira" CODIGO-INSTITUICAO="201900000008" NOME-INSTITUICAO="Centro Universitário Augusto Motta" CODIGO-ORGAO="" NOME-ORGAO="" CODIGO-CURSO="60159316" NOME-CURSO="Gastronomia" FLAG-BOLSA="NAO" CODIGO-AGENCIA-FINANCIADORA="" NOME-DA-AGENCIA="" NUMERO-ID-ORIENTANDO="" NOME-CURSO-INGLES=""/><PALAVRAS-CHAVE PALAVRA-CHAVE-1="Análise sensorial" PALAVRA-CHAVE-2="Boas práticas de fabricação" PALAVRA-CHAVE-3="desenvolvimento Local" PALAVRA-CHAVE-4="Culinária asiática" PALAVRA-CHAVE-5="Carne de rã" PALAVRA-CHAVE-6="Mapeamento da carcaça da rã"/><AREAS-DO-CONHECIMENTO><AREA-DO-CONHECIMENTO-1 NOME-GRANDE-AREA-DO-CONHECIMENTO="CIENCIAS_DA_SAUDE" NOME-DA-AREA-DO-CONHECIMENTO="" NOME-DA-SUB-AREA-DO-CONHECIMENTO="Dietética" NOME-DA-ESPECIALIDADE=""/><AREA-DO-CONHECIMENTO-2 NOME-GRANDE-AREA-DO-CONHECIMENTO="CIENCIAS_DA_SAUDE" NOME-DA-AREA-DO-CONHECIMENTO="Nutrição" NOME-DA-SUB-AREA-DO-CONHECIMENTO="reeducação alimentar" NOME-DA-ESPECIALIDADE=""/><AREA-DO-CONHECIMENTO-3 NOME-GRANDE-AREA-DO-CONHECIMENTO="CIENCIAS_DA_SAUDE" NOME-DA-AREA-DO-CONHECIMENTO="Nutrição" NOME-DA-SUB-AREA-DO-CONHECIMENTO="Economia do consumidor" NOME-DA-ESPECIALIDADE=""/></AREAS-DO-CONHECIMENTO><SETORES-DE-ATIVIDADE SETOR-DE-ATIVIDADE-1="Agricultura, Pecuária e Serviços Relacionados" SETOR-DE-ATIVIDADE-2="Alimentação" SETOR-DE-ATIVIDADE-3="Atividades de atenção à saúde humana"/></ORIENTACAO-EM-ANDAMENTO-DE-INICIACAO-CIENTIFICA><ORIENTACAO-EM-ANDAMENTO-DE-INICIACAO-CIENTIFICA SEQUENCIA-PRODUCAO="22"><DADOS-BASICOS-DA-ORIENTACAO-EM-ANDAMENTO-DE-INICIACAO-CIENTIFICA NATUREZA="Iniciação Científica" TITULO-DO-TRABALHO="TÉCNICAS DE DESOSSA DA CARCAÇA DE RÃ-TOURO PARA ELABORAÇÃO DE FARINHA DE CARNE E OSSO" ANO="2016" PAIS="Brasil" IDIOMA="Português" HOME-PAGE="www.unisuam.edu.br" DOI="" TITULO-DO-TRABALHO-INGLES=""/><DETALHAMENTO-DA-ORIENTACAO-EM-ANDAMENTO-DE-INICIACAO-CIENTIFICA NOME-DO-ORIENTANDO="Lídia da silva Ferreira" CODIGO-INSTITUICAO="201900000008" NOME-INSTITUICAO="Centro Universitário Augusto Motta" CODIGO-ORGAO="" NOME-ORGAO="" CODIGO-CURSO="60159316" NOME-CURSO="Gastronomia" FLAG-BOLSA="NAO" CODIGO-AGENCIA-FINANCIADORA="" NOME-DA-AGENCIA="" NUMERO-ID-ORIENTANDO="" NOME-CURSO-INGLES=""/><PALAVRAS-CHAVE PALAVRA-CHAVE-1="Análise sensorial" PALAVRA-CHAVE-2="Boas práticas de fabricação" PALAVRA-CHAVE-3="desenvolvimento Local" PALAVRA-CHAVE-4="Culinária asiática" PALAVRA-CHAVE-5="Carne de rã" PALAVRA-CHAVE-6="Mapeamento da carcaça da rã"/><AREAS-DO-CONHECIMENTO><AREA-DO-CONHECIMENTO-1 NOME-GRANDE-AREA-DO-CONHECIMENTO="CIENCIAS_DA_SAUDE" NOME-DA-AREA-DO-CONHECIMENTO="" NOME-DA-SUB-AREA-DO-CONHECIMENTO="Dietética" NOME-DA-ESPECIALIDADE=""/><AREA-DO-CONHECIMENTO-2 NOME-GRANDE-AREA-DO-CONHECIMENTO="CIENCIAS_DA_SAUDE" NOME-DA-AREA-DO-CONHECIMENTO="Nutrição" NOME-DA-SUB-AREA-DO-CONHECIMENTO="reeducação alimentar" NOME-DA-ESPECIALIDADE=""/><AREA-DO-CONHECIMENTO-3 NOME-GRANDE-AREA-DO-CONHECIMENTO="CIENCIAS_DA_SAUDE" NOME-DA-AREA-DO-CONHECIMENTO="Nutrição" NOME-DA-SUB-AREA-DO-CONHECIMENTO="Economia do consumidor" NOME-DA-ESPECIALIDADE=""/></AREAS-DO-CONHECIMENTO><SETORES-DE-ATIVIDADE SETOR-DE-ATIVIDADE-1="Agricultura, Pecuária e Serviços Relacionados" SETOR-DE-ATIVIDADE-2="Alimentação" SETOR-DE-ATIVIDADE-3="Atividades de atenção à saúde humana"/></ORIENTACAO-EM-ANDAMENTO-DE-INICIACAO-CIENTIFICA><ORIENTACAO-EM-ANDAMENTO-DE-INICIACAO-CIENTIFICA SEQUENCIA-PRODUCAO="21"><DADOS-BASICOS-DA-ORIENTACAO-EM-ANDAMENTO-DE-INICIACAO-CIENTIFICA NATUREZA="Iniciação Científica" TITULO-DO-TRABALHO="TÉCNICAS DE DESOSSA DA CARCAÇA DE RÃ-TOURO PARA ELABORAÇÃO DE FARINHA DE CARNE E OSSO" ANO="2016" PAIS="Brasil" IDIOMA="Português" HOME-PAGE="www.unisuam.edu.br" DOI="" TITULO-DO-TRABALHO-INGLES=""/><DETALHAMENTO-DA-ORIENTACAO-EM-ANDAMENTO-DE-INICIACAO-CIENTIFICA NOME-DO-ORIENTANDO="Rosana da Silva Menezes" CODIGO-INSTITUICAO="201900000008" NOME-INSTITUICAO="Centro Universitário Augusto Motta" CODIGO-ORGAO="" NOME-ORGAO="" CODIGO-CURSO="60159316" NOME-CURSO="Gastronomia" FLAG-BOLSA="NAO" CODIGO-AGENCIA-FINANCIADORA="" NOME-DA-AGENCIA="" NUMERO-ID-ORIENTANDO="" NOME-CURSO-INGLES=""/><PALAVRAS-CHAVE PALAVRA-CHAVE-1="Análise sensorial" PALAVRA-CHAVE-2="Boas práticas de fabricação" PALAVRA-CHAVE-3="desenvolvimento Local" PALAVRA-CHAVE-4="Culinária asiática" PALAVRA-CHAVE-5="Carne de rã" PALAVRA-CHAVE-6="Mapeamento da carcaça da rã"/><AREAS-DO-CONHECIMENTO><AREA-DO-CONHECIMENTO-1 NOME-GRANDE-AREA-DO-CONHECIMENTO="CIENCIAS_DA_SAUDE" NOME-DA-AREA-DO-CONHECIMENTO="" NOME-DA-SUB-AREA-DO-CONHECIMENTO="Dietética" NOME-DA-ESPECIALIDADE=""/><AREA-DO-CONHECIMENTO-2 NOME-GRANDE-AREA-DO-CONHECIMENTO="CIENCIAS_DA_SAUDE" NOME-DA-AREA-DO-CONHECIMENTO="Nutrição" NOME-DA-SUB-AREA-DO-CONHECIMENTO="reeducação alimentar" NOME-DA-ESPECIALIDADE=""/><AREA-DO-CONHECIMENTO-3 NOME-GRANDE-AREA-DO-CONHECIMENTO="CIENCIAS_DA_SAUDE" NOME-DA-AREA-DO-CONHECIMENTO="Nutrição" NOME-DA-SUB-AREA-DO-CONHECIMENTO="Economia do consumidor" NOME-DA-ESPECIALIDADE=""/></AREAS-DO-CONHECIMENTO><SETORES-DE-ATIVIDADE SETOR-DE-ATIVIDADE-1="Agricultura, Pecuária e Serviços Relacionados" SETOR-DE-ATIVIDADE-2="Alimentação" SETOR-DE-ATIVIDADE-3="Atividades de atenção à saúde humana"/></ORIENTACAO-EM-ANDAMENTO-DE-INICIACAO-CIENTIFICA><ORIENTACAO-EM-ANDAMENTO-DE-INICIACAO-CIENTIFICA SEQUENCIA-PRODUCAO="19"><DADOS-BASICOS-DA-ORIENTACAO-EM-ANDAMENTO-DE-INICIACAO-CIENTIFICA NATUREZA="Iniciação Científica" TITULO-DO-TRABALHO="TÉCNICAS DE DESOSSA DA CARCAÇA DE RÃ-TOURO PARA ELABORAÇÃO DE FARINHA DE CARNE E OSSO" ANO="2016" PAIS="Brasil" IDIOMA="Português" HOME-PAGE="www.unisuam.edu.br" DOI="" TITULO-DO-TRABALHO-INGLES=""/><DETALHAMENTO-DA-ORIENTACAO-EM-ANDAMENTO-DE-INICIACAO-CIENTIFICA NOME-DO-ORIENTANDO="Samuel Henrique Amorim da Silva" CODIGO-INSTITUICAO="201900000008" NOME-INSTITUICAO="Centro Universitário Augusto Motta" CODIGO-ORGAO="" NOME-ORGAO="" CODIGO-CURSO="60159316" NOME-CURSO="Gastronomia" FLAG-BOLSA="NAO" CODIGO-AGENCIA-FINANCIADORA="" NOME-DA-AGENCIA="" NUMERO-ID-ORIENTANDO="" NOME-CURSO-INGLES=""/><PALAVRAS-CHAVE PALAVRA-CHAVE-1="Análise sensorial" PALAVRA-CHAVE-2="Boas práticas de fabricação" PALAVRA-CHAVE-3="desenvolvimento Local" PALAVRA-CHAVE-4="Culinária asiática" PALAVRA-CHAVE-5="Carne de rã" PALAVRA-CHAVE-6="Mapeamento da carcaça da rã"/><AREAS-DO-CONHECIMENTO><AREA-DO-CONHECIMENTO-1 NOME-GRANDE-AREA-DO-CONHECIMENTO="CIENCIAS_DA_SAUDE" NOME-DA-AREA-DO-CONHECIMENTO="" NOME-DA-SUB-AREA-DO-CONHECIMENTO="Dietética" NOME-DA-ESPECIALIDADE=""/><AREA-DO-CONHECIMENTO-2 NOME-GRANDE-AREA-DO-CONHECIMENTO="CIENCIAS_DA_SAUDE" NOME-DA-AREA-DO-CONHECIMENTO="Nutrição" NOME-DA-SUB-AREA-DO-CONHECIMENTO="reeducação alimentar" NOME-DA-ESPECIALIDADE=""/><AREA-DO-CONHECIMENTO-3 NOME-GRANDE-AREA-DO-CONHECIMENTO="CIENCIAS_DA_SAUDE" NOME-DA-AREA-DO-CONHECIMENTO="Nutrição" NOME-DA-SUB-AREA-DO-CONHECIMENTO="Economia do consumidor" NOME-DA-ESPECIALIDADE=""/></AREAS-DO-CONHECIMENTO><SETORES-DE-ATIVIDADE SETOR-DE-ATIVIDADE-1="Agricultura, Pecuária e Serviços Relacionados" SETOR-DE-ATIVIDADE-2="Alimentação" SETOR-DE-ATIVIDADE-3="Atividades de atenção à saúde humana"/></ORIENTACAO-EM-ANDAMENTO-DE-INICIACAO-CIENTIFICA></ORIENTACOES-EM-ANDAMENTO><INFORMACOES-ADICIONAIS-INSTITUICOES><INFORMACAO-ADICIONAL-INSTITUICAO CODIGO-INSTITUICAO="000100000991" SIGLA-INSTITUICAO="CIETH" SIGLA-UF-INSTITUICAO="RJ" SIGLA-PAIS-INSTITUICAO="BRA" NOME-PAIS-INSTITUICAO="Brasil" FLAG-AGENCIA-FOMENTO="NAO" FLAG-INSTITUICAO-DE-ENSINO="NAO"/><INFORMACAO-ADICIONAL-INSTITUICAO CODIGO-INSTITUICAO="000200000993" SIGLA-INSTITUICAO="RG" SIGLA-UF-INSTITUICAO="RJ" SIGLA-PAIS-INSTITUICAO="BRA" NOME-PAIS-INSTITUICAO="Brasil" FLAG-AGENCIA-FOMENTO="NAO" FLAG-INSTITUICAO-DE-ENSINO="NAO"/><INFORMACAO-ADICIONAL-INSTITUICAO CODIGO-INSTITUICAO="000300000995" SIGLA-INSTITUICAO="ITAÚ" SIGLA-UF-INSTITUICAO="RJ" SIGLA-PAIS-INSTITUICAO="BRA" NOME-PAIS-INSTITUICAO="Brasil" FLAG-AGENCIA-FOMENTO="NAO" FLAG-INSTITUICAO-DE-ENSINO="NAO"/><INFORMACAO-ADICIONAL-INSTITUICAO CODIGO-INSTITUICAO="000400000997" SIGLA-INSTITUICAO="CIETH" SIGLA-UF-INSTITUICAO="RJ" SIGLA-PAIS-INSTITUICAO="BRA" NOME-PAIS-INSTITUICAO="Brasil" FLAG-AGENCIA-FOMENTO="SIM" FLAG-INSTITUICAO-DE-ENSINO="NAO"/><INFORMACAO-ADICIONAL-INSTITUICAO CODIGO-INSTITUICAO="000500000999" SIGLA-INSTITUICAO="TUNIBRA" SIGLA-UF-INSTITUICAO="RJ" SIGLA-PAIS-INSTITUICAO="BRA" NOME-PAIS-INSTITUICAO="Brasil" FLAG-AGENCIA-FOMENTO="NAO" FLAG-INSTITUICAO-DE-ENSINO="NAO"/><INFORMACAO-ADICIONAL-INSTITUICAO CODIGO-INSTITUICAO="000600000990" SIGLA-INSTITUICAO="CIETH" SIGLA-UF-INSTITUICAO="RJ" SIGLA-PAIS-INSTITUICAO="BRA" NOME-PAIS-INSTITUICAO="Brasil" FLAG-AGENCIA-FOMENTO="NAO" FLAG-INSTITUICAO-DE-ENSINO="NAO"/><INFORMACAO-ADICIONAL-INSTITUICAO CODIGO-INSTITUICAO="000700000992" SIGLA-INSTITUICAO="ESTÁCIO" SIGLA-UF-INSTITUICAO="RJ" SIGLA-PAIS-INSTITUICAO="BRA" NOME-PAIS-INSTITUICAO="Brasil" FLAG-AGENCIA-FOMENTO="SIM" FLAG-INSTITUICAO-DE-ENSINO="NAO"/><INFORMACAO-ADICIONAL-INSTITUICAO CODIGO-INSTITUICAO="000800000994" SIGLA-INSTITUICAO="UNISUAM" SIGLA-UF-INSTITUICAO="RJ" SIGLA-PAIS-INSTITUICAO="BRA" NOME-PAIS-INSTITUICAO="Brasil" FLAG-AGENCIA-FOMENTO="NAO" FLAG-INSTITUICAO-DE-ENSINO="NAO"/><INFORMACAO-ADICIONAL-INSTITUICAO CODIGO-INSTITUICAO="000801000998" SIGLA-INSTITUICAO="" SIGLA-UF-INSTITUICAO="RJ" SIGLA-PAIS-INSTITUICAO="BRA" NOME-PAIS-INSTITUICAO="Brasil" FLAG-AGENCIA-FOMENTO="NAO" FLAG-INSTITUICAO-DE-ENSINO="NAO"/><INFORMACAO-ADICIONAL-INSTITUICAO CODIGO-INSTITUICAO="000900000996" SIGLA-INSTITUICAO="IBMR" SIGLA-UF-INSTITUICAO="RJ" SIGLA-PAIS-INSTITUICAO="BRA" NOME-PAIS-INSTITUICAO="Brasil" FLAG-AGENCIA-FOMENTO="NAO" FLAG-INSTITUICAO-DE-ENSINO="NAO"/><INFORMACAO-ADICIONAL-INSTITUICAO CODIGO-INSTITUICAO="001000000998" SIGLA-INSTITUICAO="UNR" SIGLA-UF-INSTITUICAO="" SIGLA-PAIS-INSTITUICAO="ARG" NOME-PAIS-INSTITUICAO="Argentina" FLAG-AGENCIA-FOMENTO="NAO" FLAG-INSTITUICAO-DE-ENSINO="NAO"/><INFORMACAO-ADICIONAL-INSTITUICAO CODIGO-INSTITUICAO="001100000990" SIGLA-INSTITUICAO="UNR" SIGLA-UF-INSTITUICAO="" SIGLA-PAIS-INSTITUICAO="ARG" NOME-PAIS-INSTITUICAO="Argentina" FLAG-AGENCIA-FOMENTO="NAO" FLAG-INSTITUICAO-DE-ENSINO="NAO"/><INFORMACAO-ADICIONAL-INSTITUICAO CODIGO-INSTITUICAO="001200000991" SIGLA-INSTITUICAO="RJ" SIGLA-UF-INSTITUICAO="RJ" SIGLA-PAIS-INSTITUICAO="BRA" NOME-PAIS-INSTITUICAO="Brasil" FLAG-AGENCIA-FOMENTO="NAO" FLAG-INSTITUICAO-DE-ENSINO="NAO"/><INFORMACAO-ADICIONAL-INSTITUICAO CODIGO-INSTITUICAO="001300000993" SIGLA-INSTITUICAO="ICBJ" SIGLA-UF-INSTITUICAO="RJ" SIGLA-PAIS-INSTITUICAO="BRA" NOME-PAIS-INSTITUICAO="Brasil" FLAG-AGENCIA-FOMENTO="NAO" FLAG-INSTITUICAO-DE-ENSINO="NAO"/><INFORMACAO-ADICIONAL-INSTITUICAO CODIGO-INSTITUICAO="001400000995" SIGLA-INSTITUICAO="ADF" SIGLA-UF-INSTITUICAO="" SIGLA-PAIS-INSTITUICAO="FRA" NOME-PAIS-INSTITUICAO="França" FLAG-AGENCIA-FOMENTO="NAO" FLAG-INSTITUICAO-DE-ENSINO="NAO"/><INFORMACAO-ADICIONAL-INSTITUICAO CODIGO-INSTITUICAO="001500000997" SIGLA-INSTITUICAO="CCS" SIGLA-UF-INSTITUICAO="RJ" SIGLA-PAIS-INSTITUICAO="BRA" NOME-PAIS-INSTITUICAO="Brasil" FLAG-AGENCIA-FOMENTO="NAO" FLAG-INSTITUICAO-DE-ENSINO="NAO"/><INFORMACAO-ADICIONAL-INSTITUICAO CODIGO-INSTITUICAO="001501000990" SIGLA-INSTITUICAO="" SIGLA-UF-INSTITUICAO="RJ" SIGLA-PAIS-INSTITUICAO="BRA" NOME-PAIS-INSTITUICAO="Brasil" FLAG-AGENCIA-FOMENTO="NAO" FLAG-INSTITUICAO-DE-ENSINO="NAO"/><INFORMACAO-ADICIONAL-INSTITUICAO CODIGO-INSTITUICAO="001600000999" SIGLA-INSTITUICAO="ADE" SIGLA-UF-INSTITUICAO="" SIGLA-PAIS-INSTITUICAO="FRA" NOME-PAIS-INSTITUICAO="França" FLAG-AGENCIA-FOMENTO="NAO" FLAG-INSTITUICAO-DE-ENSINO="NAO"/><INFORMACAO-ADICIONAL-INSTITUICAO CODIGO-INSTITUICAO="001700000990" SIGLA-INSTITUICAO="UNISUAM" SIGLA-UF-INSTITUICAO="RJ" SIGLA-PAIS-INSTITUICAO="BRA" NOME-PAIS-INSTITUICAO="Brasil" FLAG-AGENCIA-FOMENTO="NAO" FLAG-INSTITUICAO-DE-ENSINO="NAO"/><INFORMACAO-ADICIONAL-INSTITUICAO CODIGO-INSTITUICAO="001800000992" SIGLA-INSTITUICAO="CCS" SIGLA-UF-INSTITUICAO="RJ" SIGLA-PAIS-INSTITUICAO="BRA" NOME-PAIS-INSTITUICAO="Brasil" FLAG-AGENCIA-FOMENTO="NAO" FLAG-INSTITUICAO-DE-ENSINO="NAO"/><INFORMACAO-ADICIONAL-INSTITUICAO CODIGO-INSTITUICAO="001900000994" SIGLA-INSTITUICAO="UNISUAM" SIGLA-UF-INSTITUICAO="RJ" SIGLA-PAIS-INSTITUICAO="BRA" NOME-PAIS-INSTITUICAO="Brasil" FLAG-AGENCIA-FOMENTO="NAO" FLAG-INSTITUICAO-DE-ENSINO="NAO"/><INFORMACAO-ADICIONAL-INSTITUICAO CODIGO-INSTITUICAO="020200000009" SIGLA-INSTITUICAO="UFRJ" SIGLA-UF-INSTITUICAO="RJ" SIGLA-PAIS-INSTITUICAO="BRA" NOME-PAIS-INSTITUICAO="Brasil" FLAG-AGENCIA-FOMENTO="NAO" FLAG-INSTITUICAO-DE-ENSINO="SIM"/><INFORMACAO-ADICIONAL-INSTITUICAO CODIGO-INSTITUICAO="020256001990" SIGLA-INSTITUICAO="" SIGLA-UF-INSTITUICAO="RJ" SIGLA-PAIS-INSTITUICAO="BRA" NOME-PAIS-INSTITUICAO="Brasil" FLAG-AGENCIA-FOMENTO="NAO" FLAG-INSTITUICAO-DE-ENSINO="NAO"/><INFORMACAO-ADICIONAL-INSTITUICAO CODIGO-INSTITUICAO="020257000997" SIGLA-INSTITUICAO="" SIGLA-UF-INSTITUICAO="RJ" SIGLA-PAIS-INSTITUICAO="BRA" NOME-PAIS-INSTITUICAO="Brasil" FLAG-AGENCIA-FOMENTO="NAO" FLAG-INSTITUICAO-DE-ENSINO="NAO"/><INFORMACAO-ADICIONAL-INSTITUICAO CODIGO-INSTITUICAO="201900000008" SIGLA-INSTITUICAO="UNISUAM" SIGLA-UF-INSTITUICAO="RJ" SIGLA-PAIS-INSTITUICAO="BRA" NOME-PAIS-INSTITUICAO="Brasil" FLAG-AGENCIA-FOMENTO="NAO" FLAG-INSTITUICAO-DE-ENSINO="SIM"/><INFORMACAO-ADICIONAL-INSTITUICAO CODIGO-INSTITUICAO="294800000006" SIGLA-INSTITUICAO="UNESA" SIGLA-UF-INSTITUICAO="RJ" SIGLA-PAIS-INSTITUICAO="BRA" NOME-PAIS-INSTITUICAO="Brasil" FLAG-AGENCIA-FOMENTO="NAO" FLAG-INSTITUICAO-DE-ENSINO="SIM"/><INFORMACAO-ADICIONAL-INSTITUICAO CODIGO-INSTITUICAO="985600151383" SIGLA-INSTITUICAO="ANVISA" SIGLA-UF-INSTITUICAO="DF" SIGLA-PAIS-INSTITUICAO="BRA" NOME-PAIS-INSTITUICAO="Brasil" FLAG-AGENCIA-FOMENTO="NAO" FLAG-INSTITUICAO-DE-ENSINO="NAO"/></INFORMACOES-ADICIONAIS-INSTITUICOES><INFORMACOES-ADICIONAIS-CURSOS><INFORMACAO-ADICIONAL-CURSO CODIGO-CURSO="60159316" CODIGO-ORGAO="" NOME-ORGAO="" CODIGO-INSTITUICAO="201900000008" NOME-INSTITUICAO="Centro Universitário Augusto Motta" NOME-GRANDE-AREA-DO-CONHECIMENTO="OUTROS" NOME-DA-AREA-DO-CONHECIMENTO="" NOME-DA-SUB-AREA-DO-CONHECIMENTO="" NOME-DA-ESPECIALIDADE="" NIVEL-CURSO="GRADUACAO"/><INFORMACAO-ADICIONAL-CURSO CODIGO-CURSO="90000000" CODIGO-ORGAO="" NOME-ORGAO="" CODIGO-INSTITUICAO="294800000006" NOME-INSTITUICAO="Universidade Estácio de Sá" NOME-GRANDE-AREA-DO-CONHECIMENTO="OUTROS" NOME-DA-AREA-DO-CONHECIMENTO="" NOME-DA-SUB-AREA-DO-CONHECIMENTO="" NOME-DA-ESPECIALIDADE="" NIVEL-CURSO="GRADUACAO"/><INFORMACAO-ADICIONAL-CURSO CODIGO-CURSO="90000001" CODIGO-ORGAO="" NOME-ORGAO="" CODIGO-INSTITUICAO="000400000997" NOME-INSTITUICAO="Centro Integrado de Eventos, Turismo e Hotelaria" NOME-GRANDE-AREA-DO-CONHECIMENTO="CIENCIAS_HUMANAS" NOME-DA-AREA-DO-CONHECIMENTO="Educação" NOME-DA-SUB-AREA-DO-CONHECIMENTO="Ensino-Aprendizagem" NOME-DA-ESPECIALIDADE="Métodos e Técnicas de Ensino" NIVEL-CURSO="CURSO_DE_CURTA_DURACAO"/><INFORMACAO-ADICIONAL-CURSO CODIGO-CURSO="90000002" CODIGO-ORGAO="" NOME-ORGAO="" CODIGO-INSTITUICAO="294800000006" NOME-INSTITUICAO="Universidade Estácio de Sá" NOME-GRANDE-AREA-DO-CONHECIMENTO="OUTROS" NOME-DA-AREA-DO-CONHECIMENTO="" NOME-DA-SUB-AREA-DO-CONHECIMENTO="" NOME-DA-ESPECIALIDADE="" NIVEL-CURSO="OT"/><INFORMACAO-ADICIONAL-CURSO CODIGO-CURSO="90000003" CODIGO-ORGAO="" NOME-ORGAO="" CODIGO-INSTITUICAO="135200000003" NOME-INSTITUICAO="Universidad Nacional de Rosario" NOME-GRANDE-AREA-DO-CONHECIMENTO="LINGUISTICA_LETRAS_E_ARTES" NOME-DA-AREA-DO-CONHECIMENTO="Letras" NOME-DA-SUB-AREA-DO-CONHECIMENTO="" NOME-DA-ESPECIALIDADE="" NIVEL-CURSO="CURSO_DE_CURTA_DURACAO"/><INFORMACAO-ADICIONAL-CURSO CODIGO-CURSO="90000004" CODIGO-ORGAO="" NOME-ORGAO="" CODIGO-INSTITUICAO="001000000998" NOME-INSTITUICAO="UNIVERSIDAD NACIONAL DE ROSÁRIO" NOME-GRANDE-AREA-DO-CONHECIMENTO="CIENCIAS_HUMANAS" NOME-DA-AREA-DO-CONHECIMENTO="Educação" NOME-DA-SUB-AREA-DO-CONHECIMENTO="" NOME-DA-ESPECIALIDADE="" NIVEL-CURSO="CURSO_DE_CURTA_DURACAO"/><INFORMACAO-ADICIONAL-CURSO CODIGO-CURSO="90000005" CODIGO-ORGAO="" NOME-ORGAO="" CODIGO-INSTITUICAO="001100000990" NOME-INSTITUICAO="UNIVERSIDAD NACIONAL DE ROSÁRIO" NOME-GRANDE-AREA-DO-CONHECIMENTO="CIENCIAS_HUMANAS" NOME-DA-AREA-DO-CONHECIMENTO="Educação" NOME-DA-SUB-AREA-DO-CONHECIMENTO="" NOME-DA-ESPECIALIDADE="" NIVEL-CURSO="CURSO_DE_CURTA_DURACAO"/><INFORMACAO-ADICIONAL-CURSO CODIGO-CURSO="90000006" CODIGO-ORGAO="" NOME-ORGAO="" CODIGO-INSTITUICAO="001100000990" NOME-INSTITUICAO="UNIVERSIDAD NACIONAL DE ROSÁRIO" NOME-GRANDE-AREA-DO-CONHECIMENTO="CIENCIAS_HUMANAS" NOME-DA-AREA-DO-CONHECIMENTO="Educação" NOME-DA-SUB-AREA-DO-CONHECIMENTO="" NOME-DA-ESPECIALIDADE="" NIVEL-CURSO="CURSO_DE_CURTA_DURACAO"/><INFORMACAO-ADICIONAL-CURSO CODIGO-CURSO="90000007" CODIGO-ORGAO="" NOME-ORGAO="" CODIGO-INSTITUICAO="001000000998" NOME-INSTITUICAO="UNIVERSIDAD NACIONAL DE ROSÁRIO" NOME-GRANDE-AREA-DO-CONHECIMENTO="CIENCIAS_HUMANAS" NOME-DA-AREA-DO-CONHECIMENTO="Educação" NOME-DA-SUB-AREA-DO-CONHECIMENTO="" NOME-DA-ESPECIALIDADE="" NIVEL-CURSO="CURSO_DE_CURTA_DURACAO"/><INFORMACAO-ADICIONAL-CURSO CODIGO-CURSO="90000008" CODIGO-ORGAO="" NOME-ORGAO="" CODIGO-INSTITUICAO="001000000998" NOME-INSTITUICAO="UNIVERSIDAD NACIONAL DE ROSÁRIO" NOME-GRANDE-AREA-DO-CONHECIMENTO="CIENCIAS_HUMANAS" NOME-DA-AREA-DO-CONHECIMENTO="Educação" NOME-DA-SUB-AREA-DO-CONHECIMENTO="" NOME-DA-ESPECIALIDADE="" NIVEL-CURSO="CURSO_DE_CURTA_DURACAO"/><INFORMACAO-ADICIONAL-CURSO CODIGO-CURSO="90000009" CODIGO-ORGAO="" NOME-ORGAO="" CODIGO-INSTITUICAO="001200000991" NOME-INSTITUICAO="Universidade Estacio de Sá" NOME-GRANDE-AREA-DO-CONHECIMENTO="CIENCIAS_AGRARIAS" NOME-DA-AREA-DO-CONHECIMENTO="Ciência e Tecnologia de Alimentos" NOME-DA-SUB-AREA-DO-CONHECIMENTO="Tecnologia de Alimentos" NOME-DA-ESPECIALIDADE="" NIVEL-CURSO="APERFEICOAMENTO"/><INFORMACAO-ADICIONAL-CURSO CODIGO-CURSO="90000010" CODIGO-ORGAO="" NOME-ORGAO="" CODIGO-INSTITUICAO="294800000006" NOME-INSTITUICAO="Universidade Estácio de Sá" NOME-GRANDE-AREA-DO-CONHECIMENTO="CIENCIAS_AGRARIAS" NOME-DA-AREA-DO-CONHECIMENTO="Ciência e Tecnologia de Alimentos" NOME-DA-SUB-AREA-DO-CONHECIMENTO="" NOME-DA-ESPECIALIDADE="" NIVEL-CURSO="APERFEICOAMENTO"/><INFORMACAO-ADICIONAL-CURSO CODIGO-CURSO="90000011" CODIGO-ORGAO="" NOME-ORGAO="" CODIGO-INSTITUICAO="001000000998" NOME-INSTITUICAO="UNIVERSIDAD NACIONAL DE ROSÁRIO" NOME-GRANDE-AREA-DO-CONHECIMENTO="CIENCIAS_HUMANAS" NOME-DA-AREA-DO-CONHECIMENTO="Educação" NOME-DA-SUB-AREA-DO-CONHECIMENTO="Fundamentos da Educação" NOME-DA-ESPECIALIDADE="" NIVEL-CURSO="CURSO_DE_CURTA_DURACAO"/><INFORMACAO-ADICIONAL-CURSO CODIGO-CURSO="90000012" CODIGO-ORGAO="" NOME-ORGAO="" CODIGO-INSTITUICAO="201900000008" NOME-INSTITUICAO="Centro Universitário Augusto Motta" NOME-GRANDE-AREA-DO-CONHECIMENTO="CIENCIAS_HUMANAS" NOME-DA-AREA-DO-CONHECIMENTO="Educação" NOME-DA-SUB-AREA-DO-CONHECIMENTO="Currículo" NOME-DA-ESPECIALIDADE="" NIVEL-CURSO="CURSO_DE_CURTA_DURACAO"/><INFORMACAO-ADICIONAL-CURSO CODIGO-CURSO="90000013" CODIGO-ORGAO="" NOME-ORGAO="" CODIGO-INSTITUICAO="001200000991" NOME-INSTITUICAO="Universidade Estacio de Sá" NOME-GRANDE-AREA-DO-CONHECIMENTO="CIENCIAS_HUMANAS" NOME-DA-AREA-DO-CONHECIMENTO="Educação" NOME-DA-SUB-AREA-DO-CONHECIMENTO="Currículo" NOME-DA-ESPECIALIDADE="" NIVEL-CURSO="CURSO_DE_CURTA_DURACAO"/><INFORMACAO-ADICIONAL-CURSO CODIGO-CURSO="90000014" CODIGO-ORGAO="" NOME-ORGAO="" CODIGO-INSTITUICAO="001300000993" NOME-INSTITUICAO="INSTITUTO CULTURAL BRASIL JAPÃO" NOME-GRANDE-AREA-DO-CONHECIMENTO="CIENCIAS_HUMANAS" NOME-DA-AREA-DO-CONHECIMENTO="Educação" NOME-DA-SUB-AREA-DO-CONHECIMENTO="Currículo" NOME-DA-ESPECIALIDADE="" NIVEL-CURSO="OT"/><INFORMACAO-ADICIONAL-CURSO CODIGO-CURSO="90000015" CODIGO-ORGAO="" NOME-ORGAO="" CODIGO-INSTITUICAO="001000000998" NOME-INSTITUICAO="UNIVERSIDAD NACIONAL DE ROSÁRIO" NOME-GRANDE-AREA-DO-CONHECIMENTO="CIENCIAS_HUMANAS" NOME-DA-AREA-DO-CONHECIMENTO="Educação" NOME-DA-SUB-AREA-DO-CONHECIMENTO="Currículo" NOME-DA-ESPECIALIDADE="" NIVEL-CURSO="CURSO_DE_CURTA_DURACAO"/><INFORMACAO-ADICIONAL-CURSO CODIGO-CURSO="90000016" CODIGO-ORGAO="" NOME-ORGAO="" CODIGO-INSTITUICAO="001000000998" NOME-INSTITUICAO="UNIVERSIDAD NACIONAL DE ROSÁRIO" NOME-GRANDE-AREA-DO-CONHECIMENTO="CIENCIAS_HUMANAS" NOME-DA-AREA-DO-CONHECIMENTO="Educação" NOME-DA-SUB-AREA-DO-CONHECIMENTO="Currículo" NOME-DA-ESPECIALIDADE="" NIVEL-CURSO="CURSO_DE_CURTA_DURACAO"/><INFORMACAO-ADICIONAL-CURSO CODIGO-CURSO="90000017" CODIGO-ORGAO="" NOME-ORGAO="" CODIGO-INSTITUICAO="001000000998" NOME-INSTITUICAO="UNIVERSIDAD NACIONAL DE ROSÁRIO" NOME-GRANDE-AREA-DO-CONHECIMENTO="CIENCIAS_HUMANAS" NOME-DA-AREA-DO-CONHECIMENTO="Educação" NOME-DA-SUB-AREA-DO-CONHECIMENTO="Currículo" NOME-DA-ESPECIALIDADE="" NIVEL-CURSO="CURSO_DE_CURTA_DURACAO"/><INFORMACAO-ADICIONAL-CURSO CODIGO-CURSO="90000018" CODIGO-ORGAO="" NOME-ORGAO="" CODIGO-INSTITUICAO="001000000998" NOME-INSTITUICAO="UNIVERSIDAD NACIONAL DE ROSÁRIO" NOME-GRANDE-AREA-DO-CONHECIMENTO="CIENCIAS_HUMANAS" NOME-DA-AREA-DO-CONHECIMENTO="Educação" NOME-DA-SUB-AREA-DO-CONHECIMENTO="Currículo" NOME-DA-ESPECIALIDADE="" NIVEL-CURSO="CURSO_DE_CURTA_DURACAO"/><INFORMACAO-ADICIONAL-CURSO CODIGO-CURSO="90000019" CODIGO-ORGAO="" NOME-ORGAO="" CODIGO-INSTITUICAO="001000000998" NOME-INSTITUICAO="UNIVERSIDAD NACIONAL DE ROSÁRIO" NOME-GRANDE-AREA-DO-CONHECIMENTO="CIENCIAS_HUMANAS" NOME-DA-AREA-DO-CONHECIMENTO="Educação" NOME-DA-SUB-AREA-DO-CONHECIMENTO="Currículo" NOME-DA-ESPECIALIDADE="" NIVEL-CURSO="CURSO_DE_CURTA_DURACAO"/><INFORMACAO-ADICIONAL-CURSO CODIGO-CURSO="90000020" CODIGO-ORGAO="" NOME-ORGAO="" CODIGO-INSTITUICAO="001400000995" NOME-INSTITUICAO="ALAIN DUCASSE FORMATION &amp;amp; CONSEIL" NOME-GRANDE-AREA-DO-CONHECIMENTO="CIENCIAS_HUMANAS" NOME-DA-AREA-DO-CONHECIMENTO="Educação" NOME-DA-SUB-AREA-DO-CONHECIMENTO="Currículo" NOME-DA-ESPECIALIDADE="" NIVEL-CURSO="EXTENSAO_UNIVERSITARIA"/><INFORMACAO-ADICIONAL-CURSO CODIGO-CURSO="90000021" CODIGO-ORGAO="" NOME-ORGAO="" CODIGO-INSTITUICAO="001000000998" NOME-INSTITUICAO="UNIVERSIDAD NACIONAL DE ROSÁRIO" NOME-GRANDE-AREA-DO-CONHECIMENTO="CIENCIAS_HUMANAS" NOME-DA-AREA-DO-CONHECIMENTO="Educação" NOME-DA-SUB-AREA-DO-CONHECIMENTO="" NOME-DA-ESPECIALIDADE="" NIVEL-CURSO="CURSO_DE_CURTA_DURACAO"/><INFORMACAO-ADICIONAL-CURSO CODIGO-CURSO="90000022" CODIGO-ORGAO="" NOME-ORGAO="" CODIGO-INSTITUICAO="001000000998" NOME-INSTITUICAO="UNIVERSIDAD NACIONAL DE ROSÁRIO" NOME-GRANDE-AREA-DO-CONHECIMENTO="CIENCIAS_HUMANAS" NOME-DA-AREA-DO-CONHECIMENTO="Educação" NOME-DA-SUB-AREA-DO-CONHECIMENTO="" NOME-DA-ESPECIALIDADE="" NIVEL-CURSO="CURSO_DE_CURTA_DURACAO"/><INFORMACAO-ADICIONAL-CURSO CODIGO-CURSO="90000023" CODIGO-ORGAO="" NOME-ORGAO="" CODIGO-INSTITUICAO="001000000998" NOME-INSTITUICAO="UNIVERSIDAD NACIONAL DE ROSÁRIO" NOME-GRANDE-AREA-DO-CONHECIMENTO="CIENCIAS_HUMANAS" NOME-DA-AREA-DO-CONHECIMENTO="Educação" NOME-DA-SUB-AREA-DO-CONHECIMENTO="" NOME-DA-ESPECIALIDADE="" NIVEL-CURSO="CURSO_DE_CURTA_DURACAO"/><INFORMACAO-ADICIONAL-CURSO CODIGO-CURSO="90000024" CODIGO-ORGAO="" NOME-ORGAO="" CODIGO-INSTITUICAO="985600151383" NOME-INSTITUICAO="Agência Nacional de Vigilância Sanitária" NOME-GRANDE-AREA-DO-CONHECIMENTO="CIENCIAS_DA_SAUDE" NOME-DA-AREA-DO-CONHECIMENTO="Nutrição" NOME-DA-SUB-AREA-DO-CONHECIMENTO="" NOME-DA-ESPECIALIDADE="" NIVEL-CURSO="CURSO_DE_CURTA_DURACAO"/><INFORMACAO-ADICIONAL-CURSO CODIGO-CURSO="90000025" CODIGO-ORGAO="" NOME-ORGAO="" CODIGO-INSTITUICAO="001400000995" NOME-INSTITUICAO="ALAIN DUCASSE FORMATION &amp;amp; CONSEIL" NOME-GRANDE-AREA-DO-CONHECIMENTO="CIENCIAS_DA_SAUDE" NOME-DA-AREA-DO-CONHECIMENTO="Nutrição" NOME-DA-SUB-AREA-DO-CONHECIMENTO="TÉCNICO EM GASTRONOMIA" NOME-DA-ESPECIALIDADE="" NIVEL-CURSO="EXTENSAO_UNIVERSITARIA"/><INFORMACAO-ADICIONAL-CURSO CODIGO-CURSO="90000026" CODIGO-ORGAO="" NOME-ORGAO="" CODIGO-INSTITUICAO="001600000999" NOME-INSTITUICAO="ALAIN DUCASSE EDUCATION" NOME-GRANDE-AREA-DO-CONHECIMENTO="CIENCIAS_DA_SAUDE" NOME-DA-AREA-DO-CONHECIMENTO="Nutrição" NOME-DA-SUB-AREA-DO-CONHECIMENTO="" NOME-DA-ESPECIALIDADE="" NIVEL-CURSO="CURSO_DE_CURTA_DURACAO"/><INFORMACAO-ADICIONAL-CURSO CODIGO-CURSO="90000027" CODIGO-ORGAO="" NOME-ORGAO="" CODIGO-INSTITUICAO="001600000999" NOME-INSTITUICAO="ALAIN DUCASSE EDUCATION" NOME-GRANDE-AREA-DO-CONHECIMENTO="CIENCIAS_DA_SAUDE" NOME-DA-AREA-DO-CONHECIMENTO="Nutrição" NOME-DA-SUB-AREA-DO-CONHECIMENTO="" NOME-DA-ESPECIALIDADE="" NIVEL-CURSO="CURSO_DE_CURTA_DURACAO"/><INFORMACAO-ADICIONAL-CURSO CODIGO-CURSO="90000028" CODIGO-ORGAO="" NOME-ORGAO="" CODIGO-INSTITUICAO="001700000990" NOME-INSTITUICAO="Universidade Augusto Motta" NOME-GRANDE-AREA-DO-CONHECIMENTO="CIENCIAS_DA_SAUDE" NOME-DA-AREA-DO-CONHECIMENTO="Nutrição" NOME-DA-SUB-AREA-DO-CONHECIMENTO="" NOME-DA-ESPECIALIDADE="" NIVEL-CURSO="MESTRADO"/><INFORMACAO-ADICIONAL-CURSO CODIGO-CURSO="90000029" CODIGO-ORGAO="" NOME-ORGAO="" CODIGO-INSTITUICAO="201900000008" NOME-INSTITUICAO="Centro Universitário Augusto Motta" NOME-GRANDE-AREA-DO-CONHECIMENTO="OUTROS" NOME-DA-AREA-DO-CONHECIMENTO="Ciências Ambientais" NOME-DA-SUB-AREA-DO-CONHECIMENTO="" NOME-DA-ESPECIALIDADE="" NIVEL-CURSO="MESTRADO"/></INFORMACOES-ADICIONAIS-CURSOS></DADOS-COMPLEMENTARES><eventos/><DADOS-GERAIS-COMPLEMENTO><DATA-VALIDACAO>1489950857000</DATA-VALIDACAO><DATA-ATUALIZACAO-CURRICULO>1489950857000</DATA-ATUALIZACAO-CURRICULO><EMAIL-ALTERNATIVO>odair.rosa@gmail.com</EMAIL-ALTERNATIVO><IDIOMA-CURRICULO>PT</IDIOMA-CURRICULO><VERSAO-INGLES>S</VERSAO-INGLES><VALIDADO-SRF>N</VALIDADO-SRF></DADOS-GERAIS-COMPLEMENTO></CURRICULO-VITAE>