<CURRICULO-VITAE SISTEMA-ORIGEM-XML="LATTES_OFFLINE" NUMERO-IDENTIFICADOR="5090993041155113" FORMATO-DATA-ATUALIZACAO="DDMMAAAA" DATA-ATUALIZACAO="28032017" FORMATO-HORA-ATUALIZACAO="HHMMSS" HORA-ATUALIZACAO="070933"><DADOS-GERAIS NOME-COMPLETO="Rafaella Bauerfeldt Lopes" NOME-EM-CITACOES-BIBLIOGRAFICAS="BAUERFELDT, R." NACIONALIDADE="B" PAIS-DE-NASCIMENTO="Brasil" FORMATO-DATA-DE-NASCIMENTO="DDMMAAAA" FORMATO-DATA-DE-EMISSAO="DDMMAAAA" PERMISSAO-DE-DIVULGACAO="NAO" DATA-FALECIMENTO="" SIGLA-PAIS-NACIONALIDADE="BRA" PAIS-DE-NACIONALIDADE="Brasil"><RESUMO-CV TEXTO-RESUMO-CV-RH="Profissional de Educação Física graduada pela Universidade Castelo Branco. Doutoranda em Medicina do Esporte. Mestre em Motricidade Humana. Experiência em desporto de alto rendimento, iniciação esportiva e atividades de lazer e jogos. Possui cursos na área de gerência de projetos e gestão estratégica. Atualmente gerencia, como oficial, na Marinha do Brasil a carreira dos atletas de alto rendimento do programa Olímpico da Marinha do Brasil. Professora Universitária e da pós graduação UNISUAM ministrando diversas disciplinas tais como: Basquete I e II, Hidroginástica, Anatomia Humana, Fisiologia e Metodologia da Pesquisa entre outras. Pesquisadora da FAPERJ. Possui publicações de livros e artigos científicos na área de desporto, fisiologia e flexibilidade." TEXTO-RESUMO-CV-RH-EN="bachelor's at Educação Física from Universidade Castelo Branco (2002) and master's at Fitness from Universidade Castelo Branco (2009). Has experience in Fitness, acting on the following subjects: flexionamento, flexibilidade, hidroxiprolina, alongamento and hidroterapia."/><ENDERECO FLAG-DE-PREFERENCIA="ENDERECO_RESIDENCIAL"><ENDERECO-PROFISSIONAL CODIGO-INSTITUICAO-EMPRESA="002200000990" NOME-INSTITUICAO-EMPRESA="Serviço Social do Comércio - Departamento Regional - RJ" CODIGO-ORGAO="002201000993" NOME-ORGAO="Unidade Madureira" CODIGO-UNIDADE="" NOME-UNIDADE="" LOGRADOURO-COMPLEMENTO="Rua Ewbanck da Câmara, 90" PAIS="Brasil" UF="RJ" CEP="21310150" CIDADE="Rio de Janeiro" BAIRRO="Madureira" DDD="21" TELEFONE="33502699" RAMAL="" FAX="" E-MAIL="rafaellabauerfeldt@globo.com" HOME-PAGE="www.sescrio.org.br"/></ENDERECO><FORMACAO-ACADEMICA-TITULACAO><GRADUACAO SEQUENCIA-FORMACAO="4" NIVEL="1" TITULO-DO-TRABALHO-DE-CONCLUSAO-DE-CURSO="A atividade física como um instrumento de sociabilização do idoso" NOME-DO-ORIENTADOR="Walter Nunes" CODIGO-INSTITUICAO="375700000004" NOME-INSTITUICAO="Universidade Castelo Branco" CODIGO-ORGAO="" NOME-ORGAO="" CODIGO-CURSO="90000001" NOME-CURSO="Educação Física" CODIGO-AREA-CURSO="90000001" STATUS-DO-CURSO="CONCLUIDO" ANO-DE-INICIO="1999" ANO-DE-CONCLUSAO="2002" FLAG-BOLSA="SIM" CODIGO-AGENCIA-FINANCIADORA="375700000004" NOME-AGENCIA="Universidade Castelo Branco" NUMERO-ID-ORIENTADOR="" CODIGO-CURSO-CAPES="" TITULO-DO-TRABALHO-DE-CONCLUSAO-DE-CURSO-INGLES="" NOME-CURSO-INGLES="" FORMACAO-ACADEMICA-TITULACAO="" TIPO-GRADUACAO="" CODIGO-INSTITUICAO-GRAD="" NOME-INSTITUICAO-GRAD="" CODIGO-INSTITUICAO-OUTRA-GRAD="" NOME-INSTITUICAO-OUTRA-GRAD="" NOME-ORIENTADOR-GRAD=""/><MESTRADO SEQUENCIA-FORMACAO="5" NIVEL="3" CODIGO-INSTITUICAO="375700000004" NOME-INSTITUICAO="Universidade Castelo Branco" CODIGO-ORGAO="" NOME-ORGAO="" CODIGO-CURSO="60009667" NOME-CURSO="Ciencia da Motricidade Humana" CODIGO-AREA-CURSO="40900002" STATUS-DO-CURSO="CONCLUIDO" ANO-DE-INICIO="2004" ANO-DE-CONCLUSAO="2009" FLAG-BOLSA="SIM" CODIGO-AGENCIA-FINANCIADORA="375700000004" NOME-AGENCIA="Universidade Castelo Branco" ANO-DE-OBTENCAO-DO-TITULO="2009" TITULO-DA-DISSERTACAO-TESE="Efeitos do Flexionamento Estático e Facilitação Neuromuscular Proprioceptiva sobre os níveis de Hidroxiprolina 24,48 e 72 horas após o exercício" NOME-COMPLETO-DO-ORIENTADOR="Danielli Braga de Mello" TIPO-MESTRADO="N" NUMERO-ID-ORIENTADOR="4704514110960279" CODIGO-CURSO-CAPES="31026010002P0" TITULO-DA-DISSERTACAO-TESE-INGLES="" NOME-CURSO-INGLES="Fitness" NOME-DO-CO-ORIENTADOR="" CODIGO-INSTITUICAO-DOUT="" NOME-INSTITUICAO-DOUT="" CODIGO-INSTITUICAO-OUTRA-DOUT="" NOME-INSTITUICAO-OUTRA-DOUT="" NOME-ORIENTADOR-DOUT=""><PALAVRAS-CHAVE PALAVRA-CHAVE-1="Hidroxiprolina" PALAVRA-CHAVE-2="Flexibilidade" PALAVRA-CHAVE-3="Flexionamento" PALAVRA-CHAVE-4="Alongamento" PALAVRA-CHAVE-5="" PALAVRA-CHAVE-6=""/><AREAS-DO-CONHECIMENTO><AREA-DO-CONHECIMENTO-1 NOME-GRANDE-AREA-DO-CONHECIMENTO="CIENCIAS_DA_SAUDE" NOME-DA-AREA-DO-CONHECIMENTO="" NOME-DA-SUB-AREA-DO-CONHECIMENTO="" NOME-DA-ESPECIALIDADE=""/></AREAS-DO-CONHECIMENTO><conceitoCapes/></MESTRADO><ENSINO-FUNDAMENTAL-PRIMEIRO-GRAU SEQUENCIA-FORMACAO="1" NIVEL="B" CODIGO-INSTITUICAO="000200000993" NOME-INSTITUICAO="Colégio São Paulo" STATUS-DO-CURSO="CONCLUIDO" ANO-DE-INICIO="1989" ANO-DE-CONCLUSAO="1992"/><ENSINO-FUNDAMENTAL-PRIMEIRO-GRAU SEQUENCIA-FORMACAO="2" NIVEL="B" CODIGO-INSTITUICAO="000300000995" NOME-INSTITUICAO="Colégio Santo Agostinho" STATUS-DO-CURSO="CONCLUIDO" ANO-DE-INICIO="1993" ANO-DE-CONCLUSAO="1996"/><ENSINO-MEDIO-SEGUNDO-GRAU SEQUENCIA-FORMACAO="3" NIVEL="C" CODIGO-INSTITUICAO="000400000997" NOME-INSTITUICAO="Centro Educacional da Lagoa" STATUS-DO-CURSO="CONCLUIDO" ANO-DE-INICIO="1997" ANO-DE-CONCLUSAO="1998"/></FORMACAO-ACADEMICA-TITULACAO><ATUACOES-PROFISSIONAIS><ATUACAO-PROFISSIONAL CODIGO-INSTITUICAO="000100000991" NOME-INSTITUICAO="Club de Regatas Vasco da Gama" SEQUENCIA-ATIVIDADE="1" SEQUENCIA-IMPORTANCIA="6"><VINCULOS SEQUENCIA-HISTORICO="1" TIPO-DE-VINCULO="LIVRE" ENQUADRAMENTO-FUNCIONAL="LIVRE" CARGA-HORARIA-SEMANAL="8" FLAG-DEDICACAO-EXCLUSIVA="NAO" MES-INICIO="8" ANO-INICIO="2000" MES-FIM="12" ANO-FIM="2004" OUTRAS-INFORMACOES="Principais Conquistas como atleta: Tri Campeã Estadual Carioca - 2000/01/03 Campeã Sulamericana de Clubes - 2002 Campeã do III Grand Prix de Clubes - 2002 Campeã Brasileira de Clubes - 2001" FLAG-VINCULO-EMPREGATICIO="NAO" OUTRO-VINCULO-INFORMADO="Atleta de Basquete" OUTRO-ENQUADRAMENTO-FUNCIONAL-INFORMADO="Atleta de Basquete" OUTRO-ENQUADRAMENTO-FUNCIONAL-INFORMADO-INGLES="" OUTRAS-INFORMACOES-INGLES=""/><VINCULOS SEQUENCIA-HISTORICO="2" TIPO-DE-VINCULO="LIVRE" ENQUADRAMENTO-FUNCIONAL="LIVRE" CARGA-HORARIA-SEMANAL="8" FLAG-DEDICACAO-EXCLUSIVA="NAO" MES-INICIO="10" ANO-INICIO="2001" MES-FIM="11" ANO-FIM="2009" OUTRAS-INFORMACOES="Principais Títulos como técnica do Feminino: Campeã Carioca Infantil 2004 Campeã Carioca Módulo 2 /2004- Mirim Feminino  Principais Títulos como Técnica do Masculino Campeã Estadual Aspirante 2006 Campeã Estadual Juvenil 2007 Campeã Estadual Infanto Juvenil 2007" FLAG-VINCULO-EMPREGATICIO="NAO" OUTRO-VINCULO-INFORMADO="" OUTRO-ENQUADRAMENTO-FUNCIONAL-INFORMADO="Técnica de Basquete" OUTRO-ENQUADRAMENTO-FUNCIONAL-INFORMADO-INGLES="" OUTRAS-INFORMACOES-INGLES=""/><ATIVIDADES-DE-DIRECAO-E-ADMINISTRACAO><DIRECAO-E-ADMINISTRACAO SEQUENCIA-FUNCAO-ATIVIDADE="3" FLAG-PERIODO="ANTERIOR" MES-INICIO="06" ANO-INICIO="2003" MES-FIM="01" ANO-FIM="2007" CODIGO-ORGAO="000101000995" NOME-ORGAO="Departamento de Basquete" CODIGO-UNIDADE="" FORMATO-CARGO-OU-FUNCAO="LIVRE" CARGO-OU-FUNCAO="Supervisora dos profissionais da Iniciação Esportiva Feminina de Basquete" NOME-UNIDADE="" CARGO-OU-FUNCAO-INGLES=""/></ATIVIDADES-DE-DIRECAO-E-ADMINISTRACAO><ATIVIDADES-DE-SERVICO-TECNICO-ESPECIALIZADO><SERVICO-TECNICO-ESPECIALIZADO SEQUENCIA-FUNCAO-ATIVIDADE="1" FLAG-PERIODO="ANTERIOR" MES-INICIO="8" ANO-INICIO="2000" MES-FIM="12" ANO-FIM="2003" CODIGO-ORGAO="000100000991" NOME-ORGAO="Club de Regatas Vasco da Gama" CODIGO-UNIDADE="" NOME-UNIDADE="" SERVICO-REALIZADO="Atleta de Basquete"/></ATIVIDADES-DE-SERVICO-TECNICO-ESPECIALIZADO><ATIVIDADES-DE-TREINAMENTO-MINISTRADO><TREINAMENTO-MINISTRADO SEQUENCIA-FUNCAO-ATIVIDADE="2" FLAG-PERIODO="ATUAL" MES-INICIO="10" ANO-INICIO="2001" MES-FIM="" ANO-FIM="" CODIGO-ORGAO="000101000995" NOME-ORGAO="Departamento de Basquete" CODIGO-UNIDADE="" NOME-UNIDADE=""><TREINAMENTO SEQUENCIA-ESPECIFICACAO="1">Basquete</TREINAMENTO></TREINAMENTO-MINISTRADO></ATIVIDADES-DE-TREINAMENTO-MINISTRADO><atividadesProfissionaisPlanificadas/></ATUACAO-PROFISSIONAL><ATUACAO-PROFISSIONAL CODIGO-INSTITUICAO="000600000990" NOME-INSTITUICAO="Escola Naval" SEQUENCIA-ATIVIDADE="2" SEQUENCIA-IMPORTANCIA="7"><VINCULOS SEQUENCIA-HISTORICO="1" TIPO-DE-VINCULO="LIVRE" ENQUADRAMENTO-FUNCIONAL="LIVRE" CARGA-HORARIA-SEMANAL="8" FLAG-DEDICACAO-EXCLUSIVA="NAO" MES-INICIO="3" ANO-INICIO="2005" MES-FIM="12" ANO-FIM="2007" OUTRAS-INFORMACOES="Campeã da 39ª NAVAMAER 2006" FLAG-VINCULO-EMPREGATICIO="SIM" OUTRO-VINCULO-INFORMADO="Autonomo" OUTRO-ENQUADRAMENTO-FUNCIONAL-INFORMADO="Técnica de basquete" OUTRO-ENQUADRAMENTO-FUNCIONAL-INFORMADO-INGLES="" OUTRAS-INFORMACOES-INGLES=""/><ATIVIDADES-DE-TREINAMENTO-MINISTRADO><TREINAMENTO-MINISTRADO SEQUENCIA-FUNCAO-ATIVIDADE="1" FLAG-PERIODO="ANTERIOR" MES-INICIO="03" ANO-INICIO="2005" MES-FIM="12" ANO-FIM="2007" CODIGO-ORGAO="000601000994" NOME-ORGAO="Departamento de Educação Física" CODIGO-UNIDADE="" NOME-UNIDADE=""><TREINAMENTO SEQUENCIA-ESPECIFICACAO="1">Basquete</TREINAMENTO></TREINAMENTO-MINISTRADO></ATIVIDADES-DE-TREINAMENTO-MINISTRADO><atividadesProfissionaisPlanificadas/></ATUACAO-PROFISSIONAL><ATUACAO-PROFISSIONAL CODIGO-INSTITUICAO="000700000992" NOME-INSTITUICAO="Liga Urbana de Basquete" SEQUENCIA-ATIVIDADE="3" SEQUENCIA-IMPORTANCIA="18"><VINCULOS SEQUENCIA-HISTORICO="1" TIPO-DE-VINCULO="LIVRE" ENQUADRAMENTO-FUNCIONAL="LIVRE" CARGA-HORARIA-SEMANAL="6" FLAG-DEDICACAO-EXCLUSIVA="NAO" MES-INICIO="3" ANO-INICIO="2005" MES-FIM="12" ANO-FIM="2005" OUTRAS-INFORMACOES="" FLAG-VINCULO-EMPREGATICIO="NAO" OUTRO-VINCULO-INFORMADO="Técnica Esportiva" OUTRO-ENQUADRAMENTO-FUNCIONAL-INFORMADO="Técnica de basquete" OUTRO-ENQUADRAMENTO-FUNCIONAL-INFORMADO-INGLES="" OUTRAS-INFORMACOES-INGLES=""/><ATIVIDADES-DE-SERVICO-TECNICO-ESPECIALIZADO><SERVICO-TECNICO-ESPECIALIZADO SEQUENCIA-FUNCAO-ATIVIDADE="1" FLAG-PERIODO="ANTERIOR" MES-INICIO="3" ANO-INICIO="2005" MES-FIM="12" ANO-FIM="2005" CODIGO-ORGAO="000700000992" NOME-ORGAO="Liga Urbana de Basquete" CODIGO-UNIDADE="" NOME-UNIDADE="" SERVICO-REALIZADO="Técnica de Basquete"/></ATIVIDADES-DE-SERVICO-TECNICO-ESPECIALIZADO><atividadesProfissionaisPlanificadas/></ATUACAO-PROFISSIONAL><ATUACAO-PROFISSIONAL CODIGO-INSTITUICAO="000400000997" NOME-INSTITUICAO="Centro Educacional da Lagoa" SEQUENCIA-ATIVIDADE="4" SEQUENCIA-IMPORTANCIA="14"><VINCULOS SEQUENCIA-HISTORICO="1" TIPO-DE-VINCULO="LIVRE" ENQUADRAMENTO-FUNCIONAL="LIVRE" CARGA-HORARIA-SEMANAL="2" FLAG-DEDICACAO-EXCLUSIVA="NAO" MES-INICIO="4" ANO-INICIO="2005" MES-FIM="9" ANO-FIM="2005" OUTRAS-INFORMACOES="" FLAG-VINCULO-EMPREGATICIO="NAO" OUTRO-VINCULO-INFORMADO="Professora" OUTRO-ENQUADRAMENTO-FUNCIONAL-INFORMADO="Professora de Educação Física" OUTRO-ENQUADRAMENTO-FUNCIONAL-INFORMADO-INGLES="" OUTRAS-INFORMACOES-INGLES=""/><ATIVIDADES-DE-ENSINO><ENSINO SEQUENCIA-FUNCAO-ATIVIDADE="1" FLAG-PERIODO="ANTERIOR" TIPO-ENSINO="ENSINO-FUNDAMENTAL" MES-INICIO="4" ANO-INICIO="2005" MES-FIM="08" ANO-FIM="2005" CODIGO-ORGAO="" NOME-ORGAO="" CODIGO-CURSO="" NOME-CURSO="" NOME-CURSO-INGLES=""><DISCIPLINA SEQUENCIA-ESPECIFICACAO="1">Educação Física</DISCIPLINA></ENSINO></ATIVIDADES-DE-ENSINO><atividadesProfissionaisPlanificadas/></ATUACAO-PROFISSIONAL><ATUACAO-PROFISSIONAL CODIGO-INSTITUICAO="000800000994" NOME-INSTITUICAO="Broadway Eventos" SEQUENCIA-ATIVIDADE="5" SEQUENCIA-IMPORTANCIA="13"><VINCULOS SEQUENCIA-HISTORICO="1" TIPO-DE-VINCULO="LIVRE" ENQUADRAMENTO-FUNCIONAL="LIVRE" CARGA-HORARIA-SEMANAL="12" FLAG-DEDICACAO-EXCLUSIVA="NAO" MES-INICIO="6" ANO-INICIO="2004" MES-FIM="12" ANO-FIM="2007" OUTRAS-INFORMACOES="Coordenadora do projeto Bom da melhor Idade Professora de Ginástica" FLAG-VINCULO-EMPREGATICIO="SIM" OUTRO-VINCULO-INFORMADO="Autonomo" OUTRO-ENQUADRAMENTO-FUNCIONAL-INFORMADO="Coordenadora de Projeto" OUTRO-ENQUADRAMENTO-FUNCIONAL-INFORMADO-INGLES="" OUTRAS-INFORMACOES-INGLES=""/><ATIVIDADES-DE-DIRECAO-E-ADMINISTRACAO><DIRECAO-E-ADMINISTRACAO SEQUENCIA-FUNCAO-ATIVIDADE="2" FLAG-PERIODO="ANTERIOR" MES-INICIO="01" ANO-INICIO="2005" MES-FIM="12" ANO-FIM="2007" CODIGO-ORGAO="000801000998" NOME-ORGAO="Unidade Barra I" CODIGO-UNIDADE="" FORMATO-CARGO-OU-FUNCAO="LIVRE" CARGO-OU-FUNCAO="Coordenadora da Equipe de Profissionais de Educaçção Física do projeto Bom da Melhor Idade" NOME-UNIDADE="" CARGO-OU-FUNCAO-INGLES=""/></ATIVIDADES-DE-DIRECAO-E-ADMINISTRACAO><ATIVIDADES-DE-SERVICO-TECNICO-ESPECIALIZADO><SERVICO-TECNICO-ESPECIALIZADO SEQUENCIA-FUNCAO-ATIVIDADE="1" FLAG-PERIODO="ANTERIOR" MES-INICIO="06" ANO-INICIO="2004" MES-FIM="12" ANO-FIM="2006" CODIGO-ORGAO="000801000998" NOME-ORGAO="Unidade Barra I" CODIGO-UNIDADE="" NOME-UNIDADE="" SERVICO-REALIZADO="Professora de Ginástica para Terceira Idade"/><SERVICO-TECNICO-ESPECIALIZADO SEQUENCIA-FUNCAO-ATIVIDADE="3" FLAG-PERIODO="ANTERIOR" MES-INICIO="1" ANO-INICIO="2005" MES-FIM="06" ANO-FIM="2006" CODIGO-ORGAO="000801000998" NOME-ORGAO="Unidade Barra I" CODIGO-UNIDADE="" NOME-UNIDADE="" SERVICO-REALIZADO="Supervisora dos projetos sobre Melhor Idade"/></ATIVIDADES-DE-SERVICO-TECNICO-ESPECIALIZADO><atividadesProfissionaisPlanificadas/></ATUACAO-PROFISSIONAL><ATUACAO-PROFISSIONAL CODIGO-INSTITUICAO="000900000996" NOME-INSTITUICAO="Confederação Brasileira de Basquete" SEQUENCIA-ATIVIDADE="6" SEQUENCIA-IMPORTANCIA="8"><VINCULOS SEQUENCIA-HISTORICO="1" TIPO-DE-VINCULO="COLABORADOR" ENQUADRAMENTO-FUNCIONAL="LIVRE" CARGA-HORARIA-SEMANAL="0" FLAG-DEDICACAO-EXCLUSIVA="NAO" MES-INICIO="8" ANO-INICIO="2004" MES-FIM="08" ANO-FIM="2007" OUTRAS-INFORMACOES="Campeonato Mundial Juveni Feminino - Eslováquia 2007 Seleção Infanto Juvenil 2004 Seleção lnfanto Juvenil 2006 Seleção Brasileira feminina adulta - Equipe olímpica 2004" FLAG-VINCULO-EMPREGATICIO="SIM" OUTRO-VINCULO-INFORMADO="" OUTRO-ENQUADRAMENTO-FUNCIONAL-INFORMADO="Técnica de Basquete" OUTRO-ENQUADRAMENTO-FUNCIONAL-INFORMADO-INGLES="" OUTRAS-INFORMACOES-INGLES=""/><VINCULOS SEQUENCIA-HISTORICO="2" TIPO-DE-VINCULO="LIVRE" ENQUADRAMENTO-FUNCIONAL="LIVRE" CARGA-HORARIA-SEMANAL="0" FLAG-DEDICACAO-EXCLUSIVA="NAO" MES-INICIO="11" ANO-INICIO="1997" MES-FIM="6" ANO-FIM="1998" OUTRAS-INFORMACOES="Principais campeonatos disputados: Sulamericano Cadete (Buenos Aires, Argentina) - 1997 Sulamericano Juvenil (Ancud, Chile) - 1998" FLAG-VINCULO-EMPREGATICIO="SIM" OUTRO-VINCULO-INFORMADO="Atleta" OUTRO-ENQUADRAMENTO-FUNCIONAL-INFORMADO="Atleta de Basquete" OUTRO-ENQUADRAMENTO-FUNCIONAL-INFORMADO-INGLES="" OUTRAS-INFORMACOES-INGLES=""/><ATIVIDADES-DE-SERVICO-TECNICO-ESPECIALIZADO><SERVICO-TECNICO-ESPECIALIZADO SEQUENCIA-FUNCAO-ATIVIDADE="2" FLAG-PERIODO="ANTERIOR" MES-INICIO="11" ANO-INICIO="1997" MES-FIM="7" ANO-FIM="1998" CODIGO-ORGAO="000900000996" NOME-ORGAO="Confederação Brasileira de Basquete" CODIGO-UNIDADE="" NOME-UNIDADE="" SERVICO-REALIZADO="Atleta de basquete"/></ATIVIDADES-DE-SERVICO-TECNICO-ESPECIALIZADO><ATIVIDADES-DE-TREINAMENTO-MINISTRADO><TREINAMENTO-MINISTRADO SEQUENCIA-FUNCAO-ATIVIDADE="3" FLAG-PERIODO="ANTERIOR" MES-INICIO="08" ANO-INICIO="2004" MES-FIM="08" ANO-FIM="2007" CODIGO-ORGAO="000901000990" NOME-ORGAO="Basquete Feminino" CODIGO-UNIDADE="" NOME-UNIDADE=""><TREINAMENTO SEQUENCIA-ESPECIFICACAO="1">Basquete</TREINAMENTO></TREINAMENTO-MINISTRADO></ATIVIDADES-DE-TREINAMENTO-MINISTRADO><atividadesProfissionaisPlanificadas/></ATUACAO-PROFISSIONAL><ATUACAO-PROFISSIONAL CODIGO-INSTITUICAO="001000000998" NOME-INSTITUICAO="Botafogo de Futebol e Regatas" SEQUENCIA-ATIVIDADE="7" SEQUENCIA-IMPORTANCIA="12"><VINCULOS SEQUENCIA-HISTORICO="1" TIPO-DE-VINCULO="LIVRE" ENQUADRAMENTO-FUNCIONAL="LIVRE" CARGA-HORARIA-SEMANAL="0" FLAG-DEDICACAO-EXCLUSIVA="NAO" MES-INICIO="1" ANO-INICIO="2000" MES-FIM="5" ANO-FIM="2000" OUTRAS-INFORMACOES="" FLAG-VINCULO-EMPREGATICIO="SIM" OUTRO-VINCULO-INFORMADO="Atleta" OUTRO-ENQUADRAMENTO-FUNCIONAL-INFORMADO="Atleta de Basquete" OUTRO-ENQUADRAMENTO-FUNCIONAL-INFORMADO-INGLES="" OUTRAS-INFORMACOES-INGLES=""/><ATIVIDADES-DE-SERVICO-TECNICO-ESPECIALIZADO><SERVICO-TECNICO-ESPECIALIZADO SEQUENCIA-FUNCAO-ATIVIDADE="1" FLAG-PERIODO="ANTERIOR" MES-INICIO="1" ANO-INICIO="2000" MES-FIM="5" ANO-FIM="2000" CODIGO-ORGAO="001000000998" NOME-ORGAO="Botafogo de Futebol e Regatas" CODIGO-UNIDADE="" NOME-UNIDADE="" SERVICO-REALIZADO="Atleta de Basquete"/></ATIVIDADES-DE-SERVICO-TECNICO-ESPECIALIZADO><atividadesProfissionaisPlanificadas/></ATUACAO-PROFISSIONAL><ATUACAO-PROFISSIONAL CODIGO-INSTITUICAO="001100000990" NOME-INSTITUICAO="Confederação Brasileira de Desporto Universitário" SEQUENCIA-ATIVIDADE="8" SEQUENCIA-IMPORTANCIA="15"><VINCULOS SEQUENCIA-HISTORICO="1" TIPO-DE-VINCULO="LIVRE" ENQUADRAMENTO-FUNCIONAL="LIVRE" CARGA-HORARIA-SEMANAL="0" FLAG-DEDICACAO-EXCLUSIVA="NAO" MES-INICIO="6" ANO-INICIO="1999" MES-FIM="3" ANO-FIM="2004" OUTRAS-INFORMACOES="Principais campeonatos disputados: XX Universíade (Mallorca, Espanha) - 1999 XXI Universíade (Pequim, China) - 2001 1º Sulamericano Universitário (Santiago, Chile) - 2004" FLAG-VINCULO-EMPREGATICIO="SIM" OUTRO-VINCULO-INFORMADO="Atleta" OUTRO-ENQUADRAMENTO-FUNCIONAL-INFORMADO="Atleta de Basquete" OUTRO-ENQUADRAMENTO-FUNCIONAL-INFORMADO-INGLES="" OUTRAS-INFORMACOES-INGLES=""/><ATIVIDADES-DE-SERVICO-TECNICO-ESPECIALIZADO><SERVICO-TECNICO-ESPECIALIZADO SEQUENCIA-FUNCAO-ATIVIDADE="1" FLAG-PERIODO="ANTERIOR" MES-INICIO="6" ANO-INICIO="1999" MES-FIM="3" ANO-FIM="2004" CODIGO-ORGAO="001100000990" NOME-ORGAO="Confederação Brasileira de Desporto Universitário" CODIGO-UNIDADE="" NOME-UNIDADE="" SERVICO-REALIZADO="Atleta de Basquete"/></ATIVIDADES-DE-SERVICO-TECNICO-ESPECIALIZADO><atividadesProfissionaisPlanificadas/></ATUACAO-PROFISSIONAL><ATUACAO-PROFISSIONAL CODIGO-INSTITUICAO="001200000991" NOME-INSTITUICAO="Fluminense Futebol Clube" SEQUENCIA-ATIVIDADE="9" SEQUENCIA-IMPORTANCIA="9"><VINCULOS SEQUENCIA-HISTORICO="1" TIPO-DE-VINCULO="COLABORADOR" ENQUADRAMENTO-FUNCIONAL="LIVRE" CARGA-HORARIA-SEMANAL="12" FLAG-DEDICACAO-EXCLUSIVA="NAO" MES-INICIO="1" ANO-INICIO="1998" MES-FIM="5" ANO-FIM="1998" OUTRAS-INFORMACOES="Campeã Brasileira Adulto" FLAG-VINCULO-EMPREGATICIO="SIM" OUTRO-VINCULO-INFORMADO="" OUTRO-ENQUADRAMENTO-FUNCIONAL-INFORMADO="Atleta de basquete" OUTRO-ENQUADRAMENTO-FUNCIONAL-INFORMADO-INGLES="" OUTRAS-INFORMACOES-INGLES=""/><ATIVIDADES-DE-SERVICO-TECNICO-ESPECIALIZADO><SERVICO-TECNICO-ESPECIALIZADO SEQUENCIA-FUNCAO-ATIVIDADE="1" FLAG-PERIODO="ANTERIOR" MES-INICIO="1" ANO-INICIO="1998" MES-FIM="5" ANO-FIM="1998" CODIGO-ORGAO="001200000991" NOME-ORGAO="Fluminense Futebol Clube" CODIGO-UNIDADE="" NOME-UNIDADE="" SERVICO-REALIZADO="Atleta de Basquete"/></ATIVIDADES-DE-SERVICO-TECNICO-ESPECIALIZADO><atividadesProfissionaisPlanificadas/></ATUACAO-PROFISSIONAL><ATUACAO-PROFISSIONAL CODIGO-INSTITUICAO="001300000993" NOME-INSTITUICAO="Federação de Basquete do Estado do Rio de Janeiro" SEQUENCIA-ATIVIDADE="10" SEQUENCIA-IMPORTANCIA="16"><VINCULOS SEQUENCIA-HISTORICO="1" TIPO-DE-VINCULO="LIVRE" ENQUADRAMENTO-FUNCIONAL="LIVRE" CARGA-HORARIA-SEMANAL="0" FLAG-DEDICACAO-EXCLUSIVA="NAO" MES-INICIO="11" ANO-INICIO="1995" MES-FIM="6" ANO-FIM="1998" OUTRAS-INFORMACOES="" FLAG-VINCULO-EMPREGATICIO="SIM" OUTRO-VINCULO-INFORMADO="Atleta" OUTRO-ENQUADRAMENTO-FUNCIONAL-INFORMADO="Atleta de basquete" OUTRO-ENQUADRAMENTO-FUNCIONAL-INFORMADO-INGLES="" OUTRAS-INFORMACOES-INGLES=""/><ATIVIDADES-DE-SERVICO-TECNICO-ESPECIALIZADO><SERVICO-TECNICO-ESPECIALIZADO SEQUENCIA-FUNCAO-ATIVIDADE="1" FLAG-PERIODO="ANTERIOR" MES-INICIO="11" ANO-INICIO="1995" MES-FIM="6" ANO-FIM="1998" CODIGO-ORGAO="001300000993" NOME-ORGAO="Federação de Basquete do Estado do Rio de Janeiro" CODIGO-UNIDADE="" NOME-UNIDADE="" SERVICO-REALIZADO="Atleta de Basquete"/></ATIVIDADES-DE-SERVICO-TECNICO-ESPECIALIZADO><atividadesProfissionaisPlanificadas/></ATUACAO-PROFISSIONAL><ATUACAO-PROFISSIONAL CODIGO-INSTITUICAO="375700000004" NOME-INSTITUICAO="Universidade Castelo Branco" SEQUENCIA-ATIVIDADE="11" SEQUENCIA-IMPORTANCIA="4"><VINCULOS SEQUENCIA-HISTORICO="1" TIPO-DE-VINCULO="COLABORADOR" ENQUADRAMENTO-FUNCIONAL="LIVRE" CARGA-HORARIA-SEMANAL="4" FLAG-DEDICACAO-EXCLUSIVA="NAO" MES-INICIO="2" ANO-INICIO="1999" MES-FIM="12" ANO-FIM="2006" OUTRAS-INFORMACOES="Principais Conquistas Campeã Estadual 1999 Campeã Dia Olímpico 1999 Vice Campeã Brasileira JUB'S 1999 Vice Campeã Estadual 2000 Campeã Estadual 2001 3º Lugar Seletiva Universitária 2001 Vice Campeã Estadual 2002 Campeã Brasileira JUB'S 2003 Vice Campeã Estadual 2004 Campeã Seletiva Universitária 2004 3º Lugar Campeonato Brasileiro JUB'S 2004 Vice Campeã Estadual 2005  Vice Campeã Estadual 2006" FLAG-VINCULO-EMPREGATICIO="SIM" OUTRO-VINCULO-INFORMADO="" OUTRO-ENQUADRAMENTO-FUNCIONAL-INFORMADO="Atleta de Basquete" OUTRO-ENQUADRAMENTO-FUNCIONAL-INFORMADO-INGLES="" OUTRAS-INFORMACOES-INGLES=""/><VINCULOS SEQUENCIA-HISTORICO="2" TIPO-DE-VINCULO="LIVRE" ENQUADRAMENTO-FUNCIONAL="LIVRE" CARGA-HORARIA-SEMANAL="16" FLAG-DEDICACAO-EXCLUSIVA="NAO" MES-INICIO="04" ANO-INICIO="2006" MES-FIM="01" ANO-FIM="2013" OUTRAS-INFORMACOES="Principais Conquistas: Vice Campeonato estadual 2006 Vice Campeã Dia Olímpico 2006 Campeã Dia Olímpico 2007 Campeã Seletiva Universitária 2007 Vice Campea Brasileira 2007 Campea Estadual 2007 Campeã Seletiva Universitária 2008 Vice Campeã Dia Olímpico Universitário 2008 3 lugar Campeonato Brasileiro 2008 Campeã Seletiva Universitária 2009 Campeã Brasileira Universitária 2009 - Feminino Bi-Campeã Brasileira Universitária 2009 - Masculino Bi Campeã Estadual 2008 Tri Campeã Seletiva Estadual 2009" FLAG-VINCULO-EMPREGATICIO="NAO" OUTRO-VINCULO-INFORMADO="" OUTRO-ENQUADRAMENTO-FUNCIONAL-INFORMADO="Técnica de Basquete" OUTRO-ENQUADRAMENTO-FUNCIONAL-INFORMADO-INGLES="" OUTRAS-INFORMACOES-INGLES=""/><ATIVIDADES-DE-SERVICO-TECNICO-ESPECIALIZADO><SERVICO-TECNICO-ESPECIALIZADO SEQUENCIA-FUNCAO-ATIVIDADE="1" FLAG-PERIODO="ANTERIOR" MES-INICIO="2" ANO-INICIO="1999" MES-FIM="06" ANO-FIM="2006" CODIGO-ORGAO="375700000004" NOME-ORGAO="Universidade Castelo Branco" CODIGO-UNIDADE="" NOME-UNIDADE="" SERVICO-REALIZADO="Atleta de basquete"/></ATIVIDADES-DE-SERVICO-TECNICO-ESPECIALIZADO><ATIVIDADES-DE-TREINAMENTO-MINISTRADO><TREINAMENTO-MINISTRADO SEQUENCIA-FUNCAO-ATIVIDADE="2" FLAG-PERIODO="ATUAL" MES-INICIO="04" ANO-INICIO="2006" MES-FIM="" ANO-FIM="" CODIGO-ORGAO="375701000008" NOME-ORGAO="Faculdade de Educacao e Desporto" CODIGO-UNIDADE="" NOME-UNIDADE=""><TREINAMENTO SEQUENCIA-ESPECIFICACAO="1">Basquete</TREINAMENTO></TREINAMENTO-MINISTRADO></ATIVIDADES-DE-TREINAMENTO-MINISTRADO><atividadesProfissionaisPlanificadas/></ATUACAO-PROFISSIONAL><ATUACAO-PROFISSIONAL CODIGO-INSTITUICAO="001400000995" NOME-INSTITUICAO="Baby Cemi" SEQUENCIA-ATIVIDADE="12" SEQUENCIA-IMPORTANCIA="17"><VINCULOS SEQUENCIA-HISTORICO="1" TIPO-DE-VINCULO="LIVRE" ENQUADRAMENTO-FUNCIONAL="LIVRE" CARGA-HORARIA-SEMANAL="0" FLAG-DEDICACAO-EXCLUSIVA="NAO" MES-INICIO="5" ANO-INICIO="2004" MES-FIM="9" ANO-FIM="2004" OUTRAS-INFORMACOES="" FLAG-VINCULO-EMPREGATICIO="SIM" OUTRO-VINCULO-INFORMADO="Professora" OUTRO-ENQUADRAMENTO-FUNCIONAL-INFORMADO="Professora de basquete" OUTRO-ENQUADRAMENTO-FUNCIONAL-INFORMADO-INGLES="" OUTRAS-INFORMACOES-INGLES=""/><ATIVIDADES-DE-ENSINO><ENSINO SEQUENCIA-FUNCAO-ATIVIDADE="1" FLAG-PERIODO="ANTERIOR" TIPO-ENSINO="OUTRO" MES-INICIO="5" ANO-INICIO="2004" MES-FIM="9" ANO-FIM="2004" CODIGO-ORGAO="" NOME-ORGAO="" CODIGO-CURSO="" NOME-CURSO="" NOME-CURSO-INGLES=""><DISCIPLINA SEQUENCIA-ESPECIFICACAO="1">Mini Basquete</DISCIPLINA></ENSINO></ATIVIDADES-DE-ENSINO><atividadesProfissionaisPlanificadas/></ATUACAO-PROFISSIONAL><ATUACAO-PROFISSIONAL CODIGO-INSTITUICAO="001500000997" NOME-INSTITUICAO="Academia IBEAS - OF" SEQUENCIA-ATIVIDADE="13" SEQUENCIA-IMPORTANCIA="10"><VINCULOS SEQUENCIA-HISTORICO="1" TIPO-DE-VINCULO="LIVRE" ENQUADRAMENTO-FUNCIONAL="LIVRE" CARGA-HORARIA-SEMANAL="3" FLAG-DEDICACAO-EXCLUSIVA="NAO" MES-INICIO="04" ANO-INICIO="2003" MES-FIM="11" ANO-FIM="2003" OUTRAS-INFORMACOES="" FLAG-VINCULO-EMPREGATICIO="SIM" OUTRO-VINCULO-INFORMADO="Autonomo" OUTRO-ENQUADRAMENTO-FUNCIONAL-INFORMADO="Personal Trainer" OUTRO-ENQUADRAMENTO-FUNCIONAL-INFORMADO-INGLES="" OUTRAS-INFORMACOES-INGLES=""/><ATIVIDADES-DE-SERVICO-TECNICO-ESPECIALIZADO><SERVICO-TECNICO-ESPECIALIZADO SEQUENCIA-FUNCAO-ATIVIDADE="1" FLAG-PERIODO="ANTERIOR" MES-INICIO="04" ANO-INICIO="2003" MES-FIM="11" ANO-FIM="2003" CODIGO-ORGAO="001501000990" NOME-ORGAO="Centro Aquático" CODIGO-UNIDADE="" NOME-UNIDADE="" SERVICO-REALIZADO="Natação para Bebê"/></ATIVIDADES-DE-SERVICO-TECNICO-ESPECIALIZADO><atividadesProfissionaisPlanificadas/></ATUACAO-PROFISSIONAL><ATUACAO-PROFISSIONAL CODIGO-INSTITUICAO="001600000999" NOME-INSTITUICAO="Condomínio Santa Mônica - Barra da Tijuca" SEQUENCIA-ATIVIDADE="14" SEQUENCIA-IMPORTANCIA="11"><VINCULOS SEQUENCIA-HISTORICO="1" TIPO-DE-VINCULO="LIVRE" ENQUADRAMENTO-FUNCIONAL="LIVRE" CARGA-HORARIA-SEMANAL="6" FLAG-DEDICACAO-EXCLUSIVA="NAO" MES-INICIO="2" ANO-INICIO="2004" MES-FIM="6" ANO-FIM="2005" OUTRAS-INFORMACOES="" FLAG-VINCULO-EMPREGATICIO="SIM" OUTRO-VINCULO-INFORMADO="Autonomo" OUTRO-ENQUADRAMENTO-FUNCIONAL-INFORMADO="Professora Natação" OUTRO-ENQUADRAMENTO-FUNCIONAL-INFORMADO-INGLES="" OUTRAS-INFORMACOES-INGLES=""/><ATIVIDADES-DE-SERVICO-TECNICO-ESPECIALIZADO><SERVICO-TECNICO-ESPECIALIZADO SEQUENCIA-FUNCAO-ATIVIDADE="1" FLAG-PERIODO="ANTERIOR" MES-INICIO="02" ANO-INICIO="2004" MES-FIM="06" ANO-FIM="2005" CODIGO-ORGAO="001601000992" NOME-ORGAO="Edifício La Playa" CODIGO-UNIDADE="" NOME-UNIDADE="" SERVICO-REALIZADO="Natação"/></ATIVIDADES-DE-SERVICO-TECNICO-ESPECIALIZADO><atividadesProfissionaisPlanificadas/></ATUACAO-PROFISSIONAL><ATUACAO-PROFISSIONAL CODIGO-INSTITUICAO="001700000990" NOME-INSTITUICAO="Faculdades Maria Thereza" SEQUENCIA-ATIVIDADE="15" SEQUENCIA-IMPORTANCIA="5"><VINCULOS SEQUENCIA-HISTORICO="1" TIPO-DE-VINCULO="LIVRE" ENQUADRAMENTO-FUNCIONAL="LIVRE" CARGA-HORARIA-SEMANAL="10" FLAG-DEDICACAO-EXCLUSIVA="NAO" MES-INICIO="08" ANO-INICIO="2009" MES-FIM="09" ANO-FIM="2011" OUTRAS-INFORMACOES="" FLAG-VINCULO-EMPREGATICIO="NAO" OUTRO-VINCULO-INFORMADO="" OUTRO-ENQUADRAMENTO-FUNCIONAL-INFORMADO="Professor Assistente I" OUTRO-ENQUADRAMENTO-FUNCIONAL-INFORMADO-INGLES="" OUTRAS-INFORMACOES-INGLES=""/><ATIVIDADES-DE-ENSINO><ENSINO SEQUENCIA-FUNCAO-ATIVIDADE="1" FLAG-PERIODO="ATUAL" TIPO-ENSINO="GRADUACAO" MES-INICIO="08" ANO-INICIO="2009" MES-FIM="" ANO-FIM="" CODIGO-ORGAO="" NOME-ORGAO="" CODIGO-CURSO="90000002" NOME-CURSO="Educação Física" NOME-CURSO-INGLES=""><DISCIPLINA SEQUENCIA-ESPECIFICACAO="1">Atividade Física para Criança e Adolescente</DISCIPLINA><DISCIPLINA SEQUENCIA-ESPECIFICACAO="2">Basquete</DISCIPLINA><DISCIPLINA SEQUENCIA-ESPECIFICACAO="3">Hidroginástica</DISCIPLINA></ENSINO></ATIVIDADES-DE-ENSINO><atividadesProfissionaisPlanificadas/></ATUACAO-PROFISSIONAL><ATUACAO-PROFISSIONAL CODIGO-INSTITUICAO="001800000992" NOME-INSTITUICAO="Marinha do Brasil" SEQUENCIA-ATIVIDADE="16" SEQUENCIA-IMPORTANCIA="1"><VINCULOS SEQUENCIA-HISTORICO="1" TIPO-DE-VINCULO="LIVRE" ENQUADRAMENTO-FUNCIONAL="LIVRE" CARGA-HORARIA-SEMANAL="32" FLAG-DEDICACAO-EXCLUSIVA="NAO" MES-INICIO="01" ANO-INICIO="2010" MES-FIM="" ANO-FIM="" OUTRAS-INFORMACOES="Chede de Equipe de Basquete - Encarregada da Divisão de Treinamento Desportivo Gerencia todos os 220 atletas de alto rendimento da Marinha do Brasil Auxiliar no Treinamento Físico Militar" FLAG-VINCULO-EMPREGATICIO="SIM" OUTRO-VINCULO-INFORMADO="" OUTRO-ENQUADRAMENTO-FUNCIONAL-INFORMADO="Encarregada de Divisão" OUTRO-ENQUADRAMENTO-FUNCIONAL-INFORMADO-INGLES="" OUTRAS-INFORMACOES-INGLES=""/><ATIVIDADES-DE-DIRECAO-E-ADMINISTRACAO><DIRECAO-E-ADMINISTRACAO SEQUENCIA-FUNCAO-ATIVIDADE="2" FLAG-PERIODO="ATUAL" MES-INICIO="08" ANO-INICIO="2010" MES-FIM="" ANO-FIM="" CODIGO-ORGAO="001801000996" NOME-ORGAO="CEFAN" CODIGO-UNIDADE="" FORMATO-CARGO-OU-FUNCAO="LIVRE" CARGO-OU-FUNCAO="Encarregada da Divisão de Treinamento Desportivo" NOME-UNIDADE="" CARGO-OU-FUNCAO-INGLES=""/></ATIVIDADES-DE-DIRECAO-E-ADMINISTRACAO><ATIVIDADES-DE-SERVICO-TECNICO-ESPECIALIZADO><SERVICO-TECNICO-ESPECIALIZADO SEQUENCIA-FUNCAO-ATIVIDADE="1" FLAG-PERIODO="ATUAL" MES-INICIO="04" ANO-INICIO="2010" MES-FIM="" ANO-FIM="" CODIGO-ORGAO="001801000996" NOME-ORGAO="CEFAN" CODIGO-UNIDADE="" NOME-UNIDADE="" SERVICO-REALIZADO="Técnica da equipe de basquete das forças armadas e da marinha do brasil"/></ATIVIDADES-DE-SERVICO-TECNICO-ESPECIALIZADO><ATIVIDADES-DE-CONSELHO-COMISSAO-E-CONSULTORIA><CONSELHO-COMISSAO-E-CONSULTORIA SEQUENCIA-FUNCAO-ATIVIDADE="3" FLAG-PERIODO="ATUAL" MES-INICIO="10" ANO-INICIO="2012" MES-FIM="" ANO-FIM="" CODIGO-ORGAO="001801000996" NOME-ORGAO="CEFAN" CODIGO-UNIDADE="" NOME-UNIDADE="" ESPECIFICACAO="Colaboradora na execução do projeto de parceria pública privada do CEFAN"/></ATIVIDADES-DE-CONSELHO-COMISSAO-E-CONSULTORIA><atividadesProfissionaisPlanificadas/></ATUACAO-PROFISSIONAL><ATUACAO-PROFISSIONAL CODIGO-INSTITUICAO="201900000008" NOME-INSTITUICAO="Centro Universitário Augusto Motta" SEQUENCIA-ATIVIDADE="17" SEQUENCIA-IMPORTANCIA="2"><VINCULOS SEQUENCIA-HISTORICO="1" TIPO-DE-VINCULO="LIVRE" ENQUADRAMENTO-FUNCIONAL="LIVRE" CARGA-HORARIA-SEMANAL="30" FLAG-DEDICACAO-EXCLUSIVA="NAO" MES-INICIO="02" ANO-INICIO="2011" MES-FIM="" ANO-FIM="" OUTRAS-INFORMACOES="Professora das Disciplinas de Metodologia da pesquisa e Seminário de Pesquisa na Pós Graduação Traumato Ortopédica com Enfase em Terapia Manual, acupuntura e Estética Clínica e Pós Cirúrgica." FLAG-VINCULO-EMPREGATICIO="SIM" OUTRO-VINCULO-INFORMADO="Professora Pòs Graduação" OUTRO-ENQUADRAMENTO-FUNCIONAL-INFORMADO="Professora da Pós Graduação" OUTRO-ENQUADRAMENTO-FUNCIONAL-INFORMADO-INGLES="" OUTRAS-INFORMACOES-INGLES=""/><VINCULOS SEQUENCIA-HISTORICO="2" TIPO-DE-VINCULO="PROFESSOR_VISITANTE" ENQUADRAMENTO-FUNCIONAL="LIVRE" CARGA-HORARIA-SEMANAL="12" FLAG-DEDICACAO-EXCLUSIVA="NAO" MES-INICIO="02" ANO-INICIO="2014" MES-FIM="07" ANO-FIM="2014" OUTRAS-INFORMACOES="Professora substituta em 2014-01 da disciplina de Anatomia do Sistema Locomotor e Anatomia Humana." FLAG-VINCULO-EMPREGATICIO="SIM" OUTRO-VINCULO-INFORMADO="" OUTRO-ENQUADRAMENTO-FUNCIONAL-INFORMADO="Professor Substituto" OUTRO-ENQUADRAMENTO-FUNCIONAL-INFORMADO-INGLES="" OUTRAS-INFORMACOES-INGLES=""/><VINCULOS SEQUENCIA-HISTORICO="3" TIPO-DE-VINCULO="CELETISTA" ENQUADRAMENTO-FUNCIONAL="LIVRE" CARGA-HORARIA-SEMANAL="20" FLAG-DEDICACAO-EXCLUSIVA="NAO" MES-INICIO="08" ANO-INICIO="2016" MES-FIM="" ANO-FIM="" OUTRAS-INFORMACOES="" FLAG-VINCULO-EMPREGATICIO="NAO" OUTRO-VINCULO-INFORMADO="" OUTRO-ENQUADRAMENTO-FUNCIONAL-INFORMADO="Professor Assistente" OUTRO-ENQUADRAMENTO-FUNCIONAL-INFORMADO-INGLES="" OUTRAS-INFORMACOES-INGLES=""/><atividadesProfissionaisPlanificadas/></ATUACAO-PROFISSIONAL><ATUACAO-PROFISSIONAL CODIGO-INSTITUICAO="002100000998" NOME-INSTITUICAO="Serviço Social do Comércio" SEQUENCIA-ATIVIDADE="18" SEQUENCIA-IMPORTANCIA="3"><VINCULOS SEQUENCIA-HISTORICO="1" TIPO-DE-VINCULO="LIVRE" ENQUADRAMENTO-FUNCIONAL="LIVRE" CARGA-HORARIA-SEMANAL="30" FLAG-DEDICACAO-EXCLUSIVA="NAO" MES-INICIO="07" ANO-INICIO="2013" MES-FIM="" ANO-FIM="" OUTRAS-INFORMACOES="Professora de Atividades Aquáticas Hidroginástica - Natação" FLAG-VINCULO-EMPREGATICIO="SIM" OUTRO-VINCULO-INFORMADO="" OUTRO-ENQUADRAMENTO-FUNCIONAL-INFORMADO="Instrutor" OUTRO-ENQUADRAMENTO-FUNCIONAL-INFORMADO-INGLES="" OUTRAS-INFORMACOES-INGLES=""/><atividadesProfissionaisPlanificadas/></ATUACAO-PROFISSIONAL></ATUACOES-PROFISSIONAIS><AREAS-DE-ATUACAO><AREA-DE-ATUACAO SEQUENCIA-AREA-DE-ATUACAO="1" NOME-GRANDE-AREA-DO-CONHECIMENTO="CIENCIAS_DA_SAUDE" NOME-DA-AREA-DO-CONHECIMENTO="Educação Física" NOME-DA-SUB-AREA-DO-CONHECIMENTO="treinamento Desportivo" NOME-DA-ESPECIALIDADE=""/><AREA-DE-ATUACAO SEQUENCIA-AREA-DE-ATUACAO="2" NOME-GRANDE-AREA-DO-CONHECIMENTO="CIENCIAS_DA_SAUDE" NOME-DA-AREA-DO-CONHECIMENTO="Educação Física" NOME-DA-SUB-AREA-DO-CONHECIMENTO="Esporte" NOME-DA-ESPECIALIDADE="Basquete"/><AREA-DE-ATUACAO SEQUENCIA-AREA-DE-ATUACAO="3" NOME-GRANDE-AREA-DO-CONHECIMENTO="CIENCIAS_DA_SAUDE" NOME-DA-AREA-DO-CONHECIMENTO="Educação Física" NOME-DA-SUB-AREA-DO-CONHECIMENTO="" NOME-DA-ESPECIALIDADE=""/><AREA-DE-ATUACAO SEQUENCIA-AREA-DE-ATUACAO="4" NOME-GRANDE-AREA-DO-CONHECIMENTO="CIENCIAS_DA_SAUDE" NOME-DA-AREA-DO-CONHECIMENTO="Educação Física" NOME-DA-SUB-AREA-DO-CONHECIMENTO="treinamento Desportivo" NOME-DA-ESPECIALIDADE="Terceira Idade"/></AREAS-DE-ATUACAO><IDIOMAS><IDIOMA IDIOMA="EN" DESCRICAO-DO-IDIOMA="Inglês" PROFICIENCIA-DE-LEITURA="RAZOAVELMENTE" PROFICIENCIA-DE-FALA="RAZOAVELMENTE" PROFICIENCIA-DE-ESCRITA="POUCO" PROFICIENCIA-DE-COMPREENSAO="RAZOAVELMENTE"/><IDIOMA IDIOMA="ES" DESCRICAO-DO-IDIOMA="Espanhol" PROFICIENCIA-DE-LEITURA="BEM" PROFICIENCIA-DE-FALA="RAZOAVELMENTE" PROFICIENCIA-DE-ESCRITA="RAZOAVELMENTE" PROFICIENCIA-DE-COMPREENSAO="BEM"/></IDIOMAS><PREMIOS-TITULOS><PREMIO-TITULO NOME-DO-PREMIO-OU-TITULO="Membro Efetivo do Colégio Brasileiro de Atividade Física, Saúde e Esporte" NOME-DA-ENTIDADE-PROMOTORA="COBRASE" ANO-DA-PREMIACAO="2004" NOME-DO-PREMIO-OU-TITULO-INGLES=""/></PREMIOS-TITULOS><staValidado/><dataExibicao/><dadosBolsista/></DADOS-GERAIS><PRODUCAO-BIBLIOGRAFICA><TRABALHOS-EM-EVENTOS><TRABALHO-EM-EVENTOS SEQUENCIA-PRODUCAO="2"><DADOS-BASICOS-DO-TRABALHO NATUREZA="RESUMO" TITULO-DO-TRABALHO="Níveis de hidroxiprolina nos trabalhos de alongamento e flexionamento" ANO-DO-TRABALHO="2004" PAIS-DO-EVENTO="Brasil" IDIOMA="Português" MEIO-DE-DIVULGACAO="IMPRESSO" HOME-PAGE-DO-TRABALHO="" FLAG-RELEVANCIA="SIM" DOI="" TITULO-DO-TRABALHO-INGLES="" FLAG-DIVULGACAO-CIENTIFICA="NAO"/><DETALHAMENTO-DO-TRABALHO CLASSIFICACAO-DO-EVENTO="NAO_INFORMADO" NOME-DO-EVENTO="CONAFISE" CIDADE-DO-EVENTO="Rio de Janeiro" ANO-DE-REALIZACAO="2004" TITULO-DOS-ANAIS-OU-PROCEEDINGS="Fitness e Performance Journal" VOLUME="3" FASCICULO="6" SERIE="" PAGINA-INICIAL="374" PAGINA-FINAL="374" ISBN="15199088" NOME-DA-EDITORA="" CIDADE-DA-EDITORA="Rio de janeiro" NOME-DO-EVENTO-INGLES=""/><AUTORES NOME-COMPLETO-DO-AUTOR="Rafaella Bauerfeldt Lopes" NOME-PARA-CITACAO="BAUERFELDT, R." ORDEM-DE-AUTORIA="1" NRO-ID-CNPQ="5090993041155113"/><AUTORES NOME-COMPLETO-DO-AUTOR="Lenita F Caetano" NOME-PARA-CITACAO="CAETANO, Lenita F" ORDEM-DE-AUTORIA="2" NRO-ID-CNPQ=""/><AUTORES NOME-COMPLETO-DO-AUTOR="Sandro da Matta" NOME-PARA-CITACAO="MATTA, Sandro da" ORDEM-DE-AUTORIA="3" NRO-ID-CNPQ=""/><AUTORES NOME-COMPLETO-DO-AUTOR="Michelle Mesquita" NOME-PARA-CITACAO="MESQUITA, Michelle" ORDEM-DE-AUTORIA="4" NRO-ID-CNPQ=""/><AUTORES NOME-COMPLETO-DO-AUTOR="Antonio Nogueira" NOME-PARA-CITACAO="NOGUEIRA, Antonio" ORDEM-DE-AUTORIA="5" NRO-ID-CNPQ=""/><AUTORES NOME-COMPLETO-DO-AUTOR="Valéria Nascimento" NOME-PARA-CITACAO="NASCIMENTO, Valéria" ORDEM-DE-AUTORIA="6" NRO-ID-CNPQ=""/><AUTORES NOME-COMPLETO-DO-AUTOR="Estélio H M Dantas" NOME-PARA-CITACAO="DANTAS, Estélio H M" ORDEM-DE-AUTORIA="7" NRO-ID-CNPQ="0025606802583162"/><PALAVRAS-CHAVE PALAVRA-CHAVE-1="Alongamento" PALAVRA-CHAVE-2="Flexionamento" PALAVRA-CHAVE-3="Hidroxiprolina" PALAVRA-CHAVE-4="Flexibilidade" PALAVRA-CHAVE-5="" PALAVRA-CHAVE-6=""/><AREAS-DO-CONHECIMENTO><AREA-DO-CONHECIMENTO-1 NOME-GRANDE-AREA-DO-CONHECIMENTO="CIENCIAS_DA_SAUDE" NOME-DA-AREA-DO-CONHECIMENTO="" NOME-DA-SUB-AREA-DO-CONHECIMENTO="" NOME-DA-ESPECIALIDADE=""/></AREAS-DO-CONHECIMENTO></TRABALHO-EM-EVENTOS><TRABALHO-EM-EVENTOS SEQUENCIA-PRODUCAO="21"><DADOS-BASICOS-DO-TRABALHO NATUREZA="COMPLETO" TITULO-DO-TRABALHO="Mejora del cuadro álgico de los pacientes con lumbalgia aguda sometidos al estiramiento en hidrocinesioterapia contrastados por escalar CR10 de Borg" ANO-DO-TRABALHO="2007" PAIS-DO-EVENTO="Espanha" IDIOMA="Espanhol" MEIO-DE-DIVULGACAO="IMPRESSO" HOME-PAGE-DO-TRABALHO="" FLAG-RELEVANCIA="NAO" DOI="" TITULO-DO-TRABALHO-INGLES="" FLAG-DIVULGACAO-CIENTIFICA="NAO"/><DETALHAMENTO-DO-TRABALHO CLASSIFICACAO-DO-EVENTO="INTERNACIONAL" NOME-DO-EVENTO="Nuevas Aportaciones a las Actividades Acuáticas" CIDADE-DO-EVENTO="Murcia" ANO-DE-REALIZACAO="2007" TITULO-DOS-ANAIS-OU-PROCEEDINGS="Nuevas Aportaciones a las Actividades Acuáticas" VOLUME="" FASCICULO="" SERIE="" PAGINA-INICIAL="75" PAGINA-FINAL="83" ISBN="" NOME-DA-EDITORA="UNIVEFD" CIDADE-DA-EDITORA="San javier, Murcia" NOME-DO-EVENTO-INGLES=""/><AUTORES NOME-COMPLETO-DO-AUTOR="Lenita F Caetano" NOME-PARA-CITACAO="CAETANO, Lenita F" ORDEM-DE-AUTORIA="1" NRO-ID-CNPQ=""/><AUTORES NOME-COMPLETO-DO-AUTOR="Rafaella Bauerfeldt Lopes" NOME-PARA-CITACAO="BAUERFELDT, R." ORDEM-DE-AUTORIA="2" NRO-ID-CNPQ="5090993041155113"/><AUTORES NOME-COMPLETO-DO-AUTOR="Rodrigo Vale" NOME-PARA-CITACAO="VALE, Rodrigo" ORDEM-DE-AUTORIA="3" NRO-ID-CNPQ="2560385858295114"/><AUTORES NOME-COMPLETO-DO-AUTOR="Estélio H M Dantas" NOME-PARA-CITACAO="DANTAS, Estélio H M" ORDEM-DE-AUTORIA="4" NRO-ID-CNPQ="0025606802583162"/></TRABALHO-EM-EVENTOS><TRABALHO-EM-EVENTOS SEQUENCIA-PRODUCAO="19"><DADOS-BASICOS-DO-TRABALHO NATUREZA="RESUMO" TITULO-DO-TRABALHO="Níveis de Hidroxiprolina nos trabalhos de alongamento e flexionamento" ANO-DO-TRABALHO="2004" PAIS-DO-EVENTO="Brasil" IDIOMA="Português" MEIO-DE-DIVULGACAO="NAO_INFORMADO" HOME-PAGE-DO-TRABALHO="" FLAG-RELEVANCIA="NAO" DOI="" TITULO-DO-TRABALHO-INGLES="" FLAG-DIVULGACAO-CIENTIFICA="NAO"/><DETALHAMENTO-DO-TRABALHO CLASSIFICACAO-DO-EVENTO="INTERNACIONAL" NOME-DO-EVENTO="CONAFISE - Congresso Internacional de Atividade Física, saúde e Esporte" CIDADE-DO-EVENTO="Rio de janeiro" ANO-DE-REALIZACAO="2004" TITULO-DOS-ANAIS-OU-PROCEEDINGS="CONAFISE" VOLUME="03" FASCICULO="" SERIE="06" PAGINA-INICIAL="371" PAGINA-FINAL="371" ISBN="" NOME-DA-EDITORA="Shape" CIDADE-DA-EDITORA="rio de Janeiro" NOME-DO-EVENTO-INGLES=""/><AUTORES NOME-COMPLETO-DO-AUTOR="Lenita F Caetano" NOME-PARA-CITACAO="CAETANO, Lenita F" ORDEM-DE-AUTORIA="1" NRO-ID-CNPQ=""/><AUTORES NOME-COMPLETO-DO-AUTOR="Rafaella Bauerfeldt Lopes" NOME-PARA-CITACAO="BAUERFELDT, R." ORDEM-DE-AUTORIA="2" NRO-ID-CNPQ="5090993041155113"/><AUTORES NOME-COMPLETO-DO-AUTOR="Sandro da Matta" NOME-PARA-CITACAO="MATTA, Sandro da" ORDEM-DE-AUTORIA="3" NRO-ID-CNPQ=""/><AUTORES NOME-COMPLETO-DO-AUTOR="Michelle Mesquita" NOME-PARA-CITACAO="MESQUITA, Michelle" ORDEM-DE-AUTORIA="4" NRO-ID-CNPQ=""/><AUTORES NOME-COMPLETO-DO-AUTOR="Valéria Nascimento" NOME-PARA-CITACAO="NASCIMENTO, Valéria" ORDEM-DE-AUTORIA="5" NRO-ID-CNPQ=""/><AUTORES NOME-COMPLETO-DO-AUTOR="Antonio Nogueira" NOME-PARA-CITACAO="NOGUEIRA, Antonio" ORDEM-DE-AUTORIA="6" NRO-ID-CNPQ=""/><AUTORES NOME-COMPLETO-DO-AUTOR="Estélio H M Dantas" NOME-PARA-CITACAO="DANTAS, Estélio H M" ORDEM-DE-AUTORIA="7" NRO-ID-CNPQ="0025606802583162"/></TRABALHO-EM-EVENTOS></TRABALHOS-EM-EVENTOS><ARTIGOS-PUBLICADOS><ARTIGO-PUBLICADO SEQUENCIA-PRODUCAO="37" ORDEM-IMPORTANCIA=""><DADOS-BASICOS-DO-ARTIGO NATUREZA="COMPLETO" TITULO-DO-ARTIGO="Benefícios da Reeducação Postural Global na Lombalgia Gestacional: Revisão de Literatura" ANO-DO-ARTIGO="2016" PAIS-DE-PUBLICACAO="" IDIOMA="Português" MEIO-DE-DIVULGACAO="VARIOS" HOME-PAGE-DO-TRABALHO="" FLAG-RELEVANCIA="NAO" DOI="" TITULO-DO-ARTIGO-INGLES="" FLAG-DIVULGACAO-CIENTIFICA="NAO"/><DETALHAMENTO-DO-ARTIGO TITULO-DO-PERIODICO-OU-REVISTA="Corpus et Scientia" ISSN="19816855" VOLUME="11" FASCICULO="" SERIE="2" PAGINA-INICIAL="9" PAGINA-FINAL="" LOCAL-DE-PUBLICACAO=""/><AUTORES NOME-COMPLETO-DO-AUTOR="Daniela Alves Toscano Terra" NOME-PARA-CITACAO="Terra, Daniela" ORDEM-DE-AUTORIA="1" NRO-ID-CNPQ=""/><AUTORES NOME-COMPLETO-DO-AUTOR="Rafaella Bauerfeldt Lopes" NOME-PARA-CITACAO="BAUERFELDT, R." ORDEM-DE-AUTORIA="2" NRO-ID-CNPQ="5090993041155113"/><AUTORES NOME-COMPLETO-DO-AUTOR="Lenita Ferreira Caetano" NOME-PARA-CITACAO="Caetano, L" ORDEM-DE-AUTORIA="3" NRO-ID-CNPQ=""/></ARTIGO-PUBLICADO><ARTIGO-PUBLICADO SEQUENCIA-PRODUCAO="38" ORDEM-IMPORTANCIA=""><DADOS-BASICOS-DO-ARTIGO NATUREZA="COMPLETO" TITULO-DO-ARTIGO="A EFICACIA DA BANDAGEM FUNCIONAL EM PACIENTES PORTADORES DE SDFP: REVISÃO DE LITERATUTA" ANO-DO-ARTIGO="2015" PAIS-DE-PUBLICACAO="" IDIOMA="Português" MEIO-DE-DIVULGACAO="MEIO_DIGITAL" HOME-PAGE-DO-TRABALHO="" FLAG-RELEVANCIA="NAO" DOI="" TITULO-DO-ARTIGO-INGLES="" FLAG-DIVULGACAO-CIENTIFICA="NAO"/><DETALHAMENTO-DO-ARTIGO TITULO-DO-PERIODICO-OU-REVISTA="Corpus et Scientia" ISSN="19816855" VOLUME="11" FASCICULO="" SERIE="2" PAGINA-INICIAL="245" PAGINA-FINAL="251" LOCAL-DE-PUBLICACAO=""/><AUTORES NOME-COMPLETO-DO-AUTOR="GABRIELLE CRISTINA BAYMA" NOME-PARA-CITACAO="BAYMA, G. C." ORDEM-DE-AUTORIA="1" NRO-ID-CNPQ=""/><AUTORES NOME-COMPLETO-DO-AUTOR="Lenita F Caetano" NOME-PARA-CITACAO="CAETANO, Lenita F" ORDEM-DE-AUTORIA="2" NRO-ID-CNPQ=""/><AUTORES NOME-COMPLETO-DO-AUTOR="Rafaella Bauerfeldt Lopes" NOME-PARA-CITACAO="BAUERFELDT, R." ORDEM-DE-AUTORIA="3" NRO-ID-CNPQ="5090993041155113"/></ARTIGO-PUBLICADO><ARTIGO-PUBLICADO SEQUENCIA-PRODUCAO="32" ORDEM-IMPORTANCIA=""><DADOS-BASICOS-DO-ARTIGO NATUREZA="COMPLETO" TITULO-DO-ARTIGO="NIVELES URINARIOS DE HIDROXIPROLINA 24, 48 Y 72 HORAS DESPUÉS DE UN TRABAJO MÁXIMO DE FLEXIBILIDAD ESTÁTICA" ANO-DO-ARTIGO="2011" PAIS-DE-PUBLICACAO="" IDIOMA="Espanhol" MEIO-DE-DIVULGACAO="VARIOS" HOME-PAGE-DO-TRABALHO="[http://www.femede.es/page.php?/NumerosRevista/amd_2011_143]" FLAG-RELEVANCIA="NAO" DOI="" TITULO-DO-ARTIGO-INGLES="" FLAG-DIVULGACAO-CIENTIFICA="NAO"/><DETALHAMENTO-DO-ARTIGO TITULO-DO-PERIODICO-OU-REVISTA="Archivos de Medicina del Deporte" ISSN="02128799" VOLUME="XXVIII" FASCICULO="" SERIE="143" PAGINA-INICIAL="181" PAGINA-FINAL="" LOCAL-DE-PUBLICACAO=""/><AUTORES NOME-COMPLETO-DO-AUTOR="Rafaella Bauerfeldt Lopes" NOME-PARA-CITACAO="BAUERFELDT, R." ORDEM-DE-AUTORIA="1" NRO-ID-CNPQ="5090993041155113"/><AUTORES NOME-COMPLETO-DO-AUTOR="Antonio J. Luque Rubia" NOME-PARA-CITACAO="RUBIA, A. J. L." ORDEM-DE-AUTORIA="2" NRO-ID-CNPQ=""/><AUTORES NOME-COMPLETO-DO-AUTOR="Jose Antonio Villegas Garcia" NOME-PARA-CITACAO="GARCIA, J. A. V." ORDEM-DE-AUTORIA="3" NRO-ID-CNPQ=""/><AUTORES NOME-COMPLETO-DO-AUTOR="Lenita F Caetano" NOME-PARA-CITACAO="CAETANO, Lenita F" ORDEM-DE-AUTORIA="4" NRO-ID-CNPQ=""/><AUTORES NOME-COMPLETO-DO-AUTOR="Januário Gomes Lima" NOME-PARA-CITACAO="LIMA, J. G." ORDEM-DE-AUTORIA="5" NRO-ID-CNPQ=""/><AUTORES NOME-COMPLETO-DO-AUTOR="Carlos A. da Silva" NOME-PARA-CITACAO="SILVA, C. A." ORDEM-DE-AUTORIA="6" NRO-ID-CNPQ=""/><AUTORES NOME-COMPLETO-DO-AUTOR="Estélio H M Dantas" NOME-PARA-CITACAO="DANTAS, Estélio H M" ORDEM-DE-AUTORIA="7" NRO-ID-CNPQ="0025606802583162"/><PALAVRAS-CHAVE PALAVRA-CHAVE-1="Flexibilidad" PALAVRA-CHAVE-2="Elongacion estática" PALAVRA-CHAVE-3="Hidroxiprolina" PALAVRA-CHAVE-4="" PALAVRA-CHAVE-5="" PALAVRA-CHAVE-6=""/></ARTIGO-PUBLICADO><ARTIGO-PUBLICADO SEQUENCIA-PRODUCAO="1" ORDEM-IMPORTANCIA=""><DADOS-BASICOS-DO-ARTIGO NATUREZA="COMPLETO" TITULO-DO-ARTIGO="Efeitos do treinamento de força na flexibilidade de mulheres idosas" ANO-DO-ARTIGO="2004" PAIS-DE-PUBLICACAO="Brasil" IDIOMA="Português" MEIO-DE-DIVULGACAO="IMPRESSO" HOME-PAGE-DO-TRABALHO="" FLAG-RELEVANCIA="SIM" DOI="" TITULO-DO-ARTIGO-INGLES="" FLAG-DIVULGACAO-CIENTIFICA="NAO"/><DETALHAMENTO-DO-ARTIGO TITULO-DO-PERIODICO-OU-REVISTA="Fitness and Performance Journal" ISSN="15199088" VOLUME="3" FASCICULO="5" SERIE="" PAGINA-INICIAL="266" PAGINA-FINAL="271" LOCAL-DE-PUBLICACAO="Rio de janeiro"/><AUTORES NOME-COMPLETO-DO-AUTOR="Rafaella Bauerfeldt Lopes" NOME-PARA-CITACAO="BAUERFELDT, R." ORDEM-DE-AUTORIA="1" NRO-ID-CNPQ="5090993041155113"/><AUTORES NOME-COMPLETO-DO-AUTOR="Rodrigo Vale" NOME-PARA-CITACAO="VALE, Rodrigo" ORDEM-DE-AUTORIA="2" NRO-ID-CNPQ="2560385858295114"/><AUTORES NOME-COMPLETO-DO-AUTOR="Juliana Torres" NOME-PARA-CITACAO="TORRES, Juliana" ORDEM-DE-AUTORIA="3" NRO-ID-CNPQ=""/><AUTORES NOME-COMPLETO-DO-AUTOR="Karina Martinho" NOME-PARA-CITACAO="MARTINHO, Karina" ORDEM-DE-AUTORIA="4" NRO-ID-CNPQ=""/><AUTORES NOME-COMPLETO-DO-AUTOR="Jefferson Novaes" NOME-PARA-CITACAO="NOVAES, Jefferson" ORDEM-DE-AUTORIA="5" NRO-ID-CNPQ="6229092816230905"/><AUTORES NOME-COMPLETO-DO-AUTOR="Estélio H M Dantas" NOME-PARA-CITACAO="DANTAS, Estélio H M" ORDEM-DE-AUTORIA="6" NRO-ID-CNPQ="0025606802583162"/><PALAVRAS-CHAVE PALAVRA-CHAVE-1="Flexibilidade" PALAVRA-CHAVE-2="Força" PALAVRA-CHAVE-3="Idoso" PALAVRA-CHAVE-4="" PALAVRA-CHAVE-5="" PALAVRA-CHAVE-6=""/></ARTIGO-PUBLICADO><ARTIGO-PUBLICADO SEQUENCIA-PRODUCAO="3" ORDEM-IMPORTANCIA=""><DADOS-BASICOS-DO-ARTIGO NATUREZA="RESUMO" TITULO-DO-ARTIGO="Nível de lesão, avaliada pela hidroxiprolina, produzida pelo flexionamento no meio líquido" ANO-DO-ARTIGO="2004" PAIS-DE-PUBLICACAO="Brasil" IDIOMA="Português" MEIO-DE-DIVULGACAO="IMPRESSO" HOME-PAGE-DO-TRABALHO="" FLAG-RELEVANCIA="NAO" DOI="" TITULO-DO-ARTIGO-INGLES="" FLAG-DIVULGACAO-CIENTIFICA="NAO"/><DETALHAMENTO-DO-ARTIGO TITULO-DO-PERIODICO-OU-REVISTA="Revista Mineira de Educação Física" ISSN="01048031" VOLUME="12" FASCICULO="2" SERIE="" PAGINA-INICIAL="596" PAGINA-FINAL="596" LOCAL-DE-PUBLICACAO="Minas Gerais"/><AUTORES NOME-COMPLETO-DO-AUTOR="Rafaella Bauerfeldt Lopes" NOME-PARA-CITACAO="BAUERFELDT, R." ORDEM-DE-AUTORIA="1" NRO-ID-CNPQ="5090993041155113"/><AUTORES NOME-COMPLETO-DO-AUTOR="Valéria Nascimento" NOME-PARA-CITACAO="NASCIMENTO, Valéria" ORDEM-DE-AUTORIA="2" NRO-ID-CNPQ=""/><AUTORES NOME-COMPLETO-DO-AUTOR="Lenita F Caetano" NOME-PARA-CITACAO="CAETANO, Lenita F" ORDEM-DE-AUTORIA="3" NRO-ID-CNPQ=""/><AUTORES NOME-COMPLETO-DO-AUTOR="Kelly Silva" NOME-PARA-CITACAO="SILVA, Kelly" ORDEM-DE-AUTORIA="4" NRO-ID-CNPQ=""/><AUTORES NOME-COMPLETO-DO-AUTOR="Michelle Mesquita" NOME-PARA-CITACAO="MESQUITA, Michelle" ORDEM-DE-AUTORIA="5" NRO-ID-CNPQ=""/><AUTORES NOME-COMPLETO-DO-AUTOR="Antonio Nogueira" NOME-PARA-CITACAO="NOGUEIRA, Antonio" ORDEM-DE-AUTORIA="6" NRO-ID-CNPQ=""/><AUTORES NOME-COMPLETO-DO-AUTOR="Estélio H M Dantas" NOME-PARA-CITACAO="DANTAS, Estélio H M" ORDEM-DE-AUTORIA="7" NRO-ID-CNPQ="0025606802583162"/><PALAVRAS-CHAVE PALAVRA-CHAVE-1="Flexionamento" PALAVRA-CHAVE-2="Hidroxiprolina" PALAVRA-CHAVE-3="" PALAVRA-CHAVE-4="" PALAVRA-CHAVE-5="" PALAVRA-CHAVE-6=""/><AREAS-DO-CONHECIMENTO><AREA-DO-CONHECIMENTO-1 NOME-GRANDE-AREA-DO-CONHECIMENTO="CIENCIAS_DA_SAUDE" NOME-DA-AREA-DO-CONHECIMENTO="" NOME-DA-SUB-AREA-DO-CONHECIMENTO="" NOME-DA-ESPECIALIDADE=""/></AREAS-DO-CONHECIMENTO></ARTIGO-PUBLICADO></ARTIGOS-PUBLICADOS><LIVROS-E-CAPITULOS><CAPITULOS-DE-LIVROS-PUBLICADOS><CAPITULO-DE-LIVRO-PUBLICADO SEQUENCIA-PRODUCAO="4"><DADOS-BASICOS-DO-CAPITULO TIPO="Capítulo de livro publicado" TITULO-DO-CAPITULO-DO-LIVRO="Flexibilidade e Desporto" ANO="2005" PAIS-DE-PUBLICACAO="Brasil" IDIOMA="Português" MEIO-DE-DIVULGACAO="IMPRESSO" HOME-PAGE-DO-TRABALHO="" FLAG-RELEVANCIA="SIM" DOI="" TITULO-DO-CAPITULO-DO-LIVRO-INGLES="" FLAG-DIVULGACAO-CIENTIFICA="NAO"/><DETALHAMENTO-DO-CAPITULO TITULO-DO-LIVRO="Alongamento e Flexionamento" NUMERO-DE-VOLUMES="" PAGINA-INICIAL="147" PAGINA-FINAL="185" ISBN="" ORGANIZADORES="Estélio H. M. Dantas" NUMERO-DA-EDICAO-REVISAO="5" NUMERO-DA-SERIE="" CIDADE-DA-EDITORA="Rio de Janeiro" NOME-DA-EDITORA="Shape"/><AUTORES NOME-COMPLETO-DO-AUTOR="Rafaella Bauerfeldt Lopes" NOME-PARA-CITACAO="BAUERFELDT, R." ORDEM-DE-AUTORIA="1" NRO-ID-CNPQ="5090993041155113"/><AUTORES NOME-COMPLETO-DO-AUTOR="Erik Salum de Godoy" NOME-PARA-CITACAO="GODOY, Erik Salum de" ORDEM-DE-AUTORIA="2" NRO-ID-CNPQ=""/><PALAVRAS-CHAVE PALAVRA-CHAVE-1="Flexibilidade" PALAVRA-CHAVE-2="Alongamento" PALAVRA-CHAVE-3="Flexionamento" PALAVRA-CHAVE-4="Desporto" PALAVRA-CHAVE-5="" PALAVRA-CHAVE-6=""/><AREAS-DO-CONHECIMENTO><AREA-DO-CONHECIMENTO-1 NOME-GRANDE-AREA-DO-CONHECIMENTO="CIENCIAS_DA_SAUDE" NOME-DA-AREA-DO-CONHECIMENTO="" NOME-DA-SUB-AREA-DO-CONHECIMENTO="" NOME-DA-ESPECIALIDADE=""/></AREAS-DO-CONHECIMENTO></CAPITULO-DE-LIVRO-PUBLICADO><CAPITULO-DE-LIVRO-PUBLICADO SEQUENCIA-PRODUCAO="6"><DADOS-BASICOS-DO-CAPITULO TIPO="Capítulo de livro publicado" TITULO-DO-CAPITULO-DO-LIVRO="Mejora del cuadro álgico de los pacientes con lumbalgia aguda sometidos al estiramiento en hidrocinesioterapia contrastados por escalar CR 10 de Borg" ANO="2008" PAIS-DE-PUBLICACAO="Espanha" IDIOMA="Espanhol" MEIO-DE-DIVULGACAO="VARIOS" HOME-PAGE-DO-TRABALHO="" FLAG-RELEVANCIA="SIM" DOI="" TITULO-DO-CAPITULO-DO-LIVRO-INGLES="" FLAG-DIVULGACAO-CIENTIFICA="NAO"/><DETALHAMENTO-DO-CAPITULO TITULO-DO-LIVRO="Nuevas aportaciones a las actividades acuáticasNuevas a" NUMERO-DE-VOLUMES="" PAGINA-INICIAL="141" PAGINA-FINAL="151" ISBN="9788469114360" ORGANIZADORES="Juan Antonio Moreno; Luis Miguel Marín" NUMERO-DA-EDICAO-REVISAO="1" NUMERO-DA-SERIE="" CIDADE-DA-EDITORA="Múrcia" NOME-DA-EDITORA="Unidad de Investgigación en Educación Física y Deportes - UNIVEFD"/><AUTORES NOME-COMPLETO-DO-AUTOR="Lenita F Caetano" NOME-PARA-CITACAO="CAETANO, Lenita F" ORDEM-DE-AUTORIA="1" NRO-ID-CNPQ=""/><AUTORES NOME-COMPLETO-DO-AUTOR="Rafaella Bauerfeldt Lopes" NOME-PARA-CITACAO="BAUERFELDT, R." ORDEM-DE-AUTORIA="2" NRO-ID-CNPQ="5090993041155113"/><AUTORES NOME-COMPLETO-DO-AUTOR="Rodrigo Vale" NOME-PARA-CITACAO="VALE, Rodrigo" ORDEM-DE-AUTORIA="3" NRO-ID-CNPQ="2560385858295114"/><AUTORES NOME-COMPLETO-DO-AUTOR="Estélio H M Dantas" NOME-PARA-CITACAO="DANTAS, Estélio H M" ORDEM-DE-AUTORIA="4" NRO-ID-CNPQ="0025606802583162"/></CAPITULO-DE-LIVRO-PUBLICADO></CAPITULOS-DE-LIVROS-PUBLICADOS></LIVROS-E-CAPITULOS><ARTIGOS-ACEITOS-PARA-PUBLICACAO><ARTIGO-ACEITO-PARA-PUBLICACAO SEQUENCIA-PRODUCAO="10"><DADOS-BASICOS-DO-ARTIGO NATUREZA="NAO_INFORMADO" TITULO-DO-ARTIGO="NÍVEIS DE HIDROXIPROLINA 24, 48 E 72 HORAS APÓS FACILITAÇÃO NEUROMUSCULAR PROPRIOCEPTIVA (FNP) EM BOMBEIROS MILITARES?" ANO-DO-ARTIGO="2009" PAIS-DE-PUBLICACAO="" IDIOMA="Português" MEIO-DE-DIVULGACAO="NAO_INFORMADO" HOME-PAGE-DO-TRABALHO="" FLAG-RELEVANCIA="SIM" DOI="" TITULO-DO-ARTIGO-INGLES="" FLAG-DIVULGACAO-CIENTIFICA="NAO"/><DETALHAMENTO-DO-ARTIGO TITULO-DO-PERIODICO-OU-REVISTA="Motricidade (Santa Maria da Feira)" ISSN="1646107X" VOLUME="" FASCICULO="" SERIE="" PAGINA-INICIAL="" PAGINA-FINAL="" LOCAL-DE-PUBLICACAO=""/><AUTORES NOME-COMPLETO-DO-AUTOR="Rafaella Bauerfeldt Lopes" NOME-PARA-CITACAO="BAUERFELDT, R." ORDEM-DE-AUTORIA="1" NRO-ID-CNPQ="5090993041155113"/><AUTORES NOME-COMPLETO-DO-AUTOR="Lenita F Caetano" NOME-PARA-CITACAO="CAETANO, Lenita F" ORDEM-DE-AUTORIA="2" NRO-ID-CNPQ=""/><AUTORES NOME-COMPLETO-DO-AUTOR="Rodrigo Vale" NOME-PARA-CITACAO="VALE, Rodrigo" ORDEM-DE-AUTORIA="3" NRO-ID-CNPQ="2560385858295114"/><AUTORES NOME-COMPLETO-DO-AUTOR="Danielli Braga de Mello" NOME-PARA-CITACAO="MELLO, D. B." ORDEM-DE-AUTORIA="4" NRO-ID-CNPQ=""/><AUTORES NOME-COMPLETO-DO-AUTOR="Januário Gomes Lima" NOME-PARA-CITACAO="LIMA, J. G." ORDEM-DE-AUTORIA="5" NRO-ID-CNPQ=""/><AUTORES NOME-COMPLETO-DO-AUTOR="Michel Lima" NOME-PARA-CITACAO="LIMA, M." ORDEM-DE-AUTORIA="6" NRO-ID-CNPQ=""/><AUTORES NOME-COMPLETO-DO-AUTOR="Estélio H M Dantas" NOME-PARA-CITACAO="DANTAS, Estélio H M" ORDEM-DE-AUTORIA="7" NRO-ID-CNPQ="0025606802583162"/></ARTIGO-ACEITO-PARA-PUBLICACAO></ARTIGOS-ACEITOS-PARA-PUBLICACAO></PRODUCAO-BIBLIOGRAFICA><PRODUCAO-TECNICA><DEMAIS-TIPOS-DE-PRODUCAO-TECNICA><APRESENTACAO-DE-TRABALHO SEQUENCIA-PRODUCAO="23"><DADOS-BASICOS-DA-APRESENTACAO-DE-TRABALHO NATUREZA="CONFERENCIA" TITULO="Programa de Trabajo de la REMH para el Bienio 2008/2009" ANO="2007" PAIS="Brasil" IDIOMA="Português" FLAG-RELEVANCIA="NAO" DOI="" TITULO-INGLES="" FLAG-DIVULGACAO-CIENTIFICA="NAO"/><DETALHAMENTO-DA-APRESENTACAO-DE-TRABALHO NOME-DO-EVENTO="I Congresso euro Americano de Motricidade Humana" INSTITUICAO-PROMOTORA="Rede Euro Americana de Motricidade Humana" LOCAL-DA-APRESENTACAO="Foz do Iguaçu" CIDADE-DA-APRESENTACAO="Rio grande do Sul" NOME-DO-EVENTO-INGLES=""/><AUTORES NOME-COMPLETO-DO-AUTOR="Rafaella Bauerfeldt Lopes" NOME-PARA-CITACAO="BAUERFELDT, R." ORDEM-DE-AUTORIA="1" NRO-ID-CNPQ="5090993041155113"/><AUTORES NOME-COMPLETO-DO-AUTOR="Lenita F Caetano" NOME-PARA-CITACAO="CAETANO, Lenita F" ORDEM-DE-AUTORIA="2" NRO-ID-CNPQ=""/><AUTORES NOME-COMPLETO-DO-AUTOR="Estélio H M Dantas" NOME-PARA-CITACAO="DANTAS, Estélio H M" ORDEM-DE-AUTORIA="3" NRO-ID-CNPQ="0025606802583162"/></APRESENTACAO-DE-TRABALHO><ORGANIZACAO-DE-EVENTO SEQUENCIA-PRODUCAO="7"><DADOS-BASICOS-DA-ORGANIZACAO-DE-EVENTO TIPO="OUTRO" NATUREZA="ORGANIZACAO" TITULO="Reabilitação Aquática" ANO="2008" PAIS="Brasil" IDIOMA="Português" MEIO-DE-DIVULGACAO="VARIOS" HOME-PAGE-DO-TRABALHO="" FLAG-RELEVANCIA="NAO" DOI="" TITULO-INGLES="" FLAG-DIVULGACAO-CIENTIFICA="NAO"/><DETALHAMENTO-DA-ORGANIZACAO-DE-EVENTO INSTITUICAO-PROMOTORA="Cursos Lenita Caetano" DURACAO-EM-SEMANAS="1" FLAG-EVENTO-ITINERANTE="N" FLAG-CATALOGO="" LOCAL="academia Aquatop - Ipanema" CIDADE="Rio de janeiro"/><AUTORES NOME-COMPLETO-DO-AUTOR="Rafaella Bauerfeldt Lopes" NOME-PARA-CITACAO="BAUERFELDT, R." ORDEM-DE-AUTORIA="1" NRO-ID-CNPQ="5090993041155113"/><AUTORES NOME-COMPLETO-DO-AUTOR="Lenita F Caetano" NOME-PARA-CITACAO="CAETANO, Lenita F" ORDEM-DE-AUTORIA="2" NRO-ID-CNPQ=""/></ORGANIZACAO-DE-EVENTO><ORGANIZACAO-DE-EVENTO SEQUENCIA-PRODUCAO="8"><DADOS-BASICOS-DA-ORGANIZACAO-DE-EVENTO TIPO="OUTRO" NATUREZA="ORGANIZACAO" TITULO="Reabilitação Aquática" ANO="2009" PAIS="Brasil" IDIOMA="Português" MEIO-DE-DIVULGACAO="NAO_INFORMADO" HOME-PAGE-DO-TRABALHO="" FLAG-RELEVANCIA="NAO" DOI="" TITULO-INGLES="" FLAG-DIVULGACAO-CIENTIFICA="NAO"/><DETALHAMENTO-DA-ORGANIZACAO-DE-EVENTO INSTITUICAO-PROMOTORA="Cursos Lenita Caetano" DURACAO-EM-SEMANAS="1" FLAG-EVENTO-ITINERANTE="N" FLAG-CATALOGO="" LOCAL="Academia Aquatop - Ipanema" CIDADE="Rio de Janeiro"/><AUTORES NOME-COMPLETO-DO-AUTOR="Rafaella Bauerfeldt Lopes" NOME-PARA-CITACAO="BAUERFELDT, R." ORDEM-DE-AUTORIA="1" NRO-ID-CNPQ="5090993041155113"/><AUTORES NOME-COMPLETO-DO-AUTOR="Lenita F Caetano" NOME-PARA-CITACAO="CAETANO, Lenita F" ORDEM-DE-AUTORIA="2" NRO-ID-CNPQ=""/></ORGANIZACAO-DE-EVENTO><ORGANIZACAO-DE-EVENTO SEQUENCIA-PRODUCAO="9"><DADOS-BASICOS-DA-ORGANIZACAO-DE-EVENTO TIPO="OUTRO" NATUREZA="ORGANIZACAO" TITULO="Algias da Coluna Vertebral" ANO="2009" PAIS="Brasil" IDIOMA="Português" MEIO-DE-DIVULGACAO="VARIOS" HOME-PAGE-DO-TRABALHO="" FLAG-RELEVANCIA="NAO" DOI="" TITULO-INGLES="" FLAG-DIVULGACAO-CIENTIFICA="NAO"/><DETALHAMENTO-DA-ORGANIZACAO-DE-EVENTO INSTITUICAO-PROMOTORA="Cursos Lenita Caetano" DURACAO-EM-SEMANAS="1" FLAG-EVENTO-ITINERANTE="N" FLAG-CATALOGO="" LOCAL="Academia Aquatop - Ipanema" CIDADE="Rio de Janeiro"/><AUTORES NOME-COMPLETO-DO-AUTOR="Rafaella Bauerfeldt Lopes" NOME-PARA-CITACAO="BAUERFELDT, R." ORDEM-DE-AUTORIA="1" NRO-ID-CNPQ="5090993041155113"/><AUTORES NOME-COMPLETO-DO-AUTOR="Lenita F Caetano" NOME-PARA-CITACAO="CAETANO, Lenita F" ORDEM-DE-AUTORIA="2" NRO-ID-CNPQ=""/></ORGANIZACAO-DE-EVENTO><ORGANIZACAO-DE-EVENTO SEQUENCIA-PRODUCAO="12"><DADOS-BASICOS-DA-ORGANIZACAO-DE-EVENTO TIPO="OUTRO" NATUREZA="ORGANIZACAO" TITULO="Hidroginástica Especial" ANO="2009" PAIS="Brasil" IDIOMA="Português" MEIO-DE-DIVULGACAO="NAO_INFORMADO" HOME-PAGE-DO-TRABALHO="" FLAG-RELEVANCIA="NAO" DOI="" TITULO-INGLES="" FLAG-DIVULGACAO-CIENTIFICA="NAO"/><DETALHAMENTO-DA-ORGANIZACAO-DE-EVENTO INSTITUICAO-PROMOTORA="Cursos Lenita Caetano" DURACAO-EM-SEMANAS="1" FLAG-EVENTO-ITINERANTE="N" FLAG-CATALOGO="" LOCAL="Academia Aquatop - Ipanema" CIDADE="Rio de Janeiro"/><AUTORES NOME-COMPLETO-DO-AUTOR="Rafaella Bauerfeldt Lopes" NOME-PARA-CITACAO="BAUERFELDT, R." ORDEM-DE-AUTORIA="1" NRO-ID-CNPQ="5090993041155113"/><AUTORES NOME-COMPLETO-DO-AUTOR="Lenita F Caetano" NOME-PARA-CITACAO="CAETANO, Lenita F" ORDEM-DE-AUTORIA="2" NRO-ID-CNPQ=""/></ORGANIZACAO-DE-EVENTO></DEMAIS-TIPOS-DE-PRODUCAO-TECNICA></PRODUCAO-TECNICA><OUTRA-PRODUCAO><ORIENTACOES-CONCLUIDAS><OUTRAS-ORIENTACOES-CONCLUIDAS SEQUENCIA-PRODUCAO="30"><DADOS-BASICOS-DE-OUTRAS-ORIENTACOES-CONCLUIDAS NATUREZA="MONOGRAFIA_DE_CONCLUSAO_DE_CURSO_APERFEICOAMENTO_E_ESPECIALIZACAO" TIPO="" TITULO="Terapia Manual e estabilização Segmentar Vertebral na Lombalgia: Um relato de Caso" ANO="2012" PAIS="Brasil" IDIOMA="Português" HOME-PAGE="" FLAG-RELEVANCIA="NAO" DOI="" TITULO-INGLES="" TIPO-INGLES=""/><DETALHAMENTO-DE-OUTRAS-ORIENTACOES-CONCLUIDAS NOME-DO-ORIENTADO="Robson Alves dos Santos" CODIGO-INSTITUICAO="201900000008" NOME-DA-INSTITUICAO="Centro Universitário Augusto Motta" CODIGO-CURSO="90000009" NOME-DO-CURSO="Pós Graduação em Traumato Ortopedia" FLAG-BOLSA="NAO" CODIGO-AGENCIA-FINANCIADORA="" NOME-DA-AGENCIA="" TIPO-DE-ORIENTACAO-CONCLUIDA="CO_ORIENTADOR" NUMERO-DE-PAGINAS="" NUMERO-ID-ORIENTADO="" NOME-DO-CURSO-INGLES=""/></OUTRAS-ORIENTACOES-CONCLUIDAS><OUTRAS-ORIENTACOES-CONCLUIDAS SEQUENCIA-PRODUCAO="31"><DADOS-BASICOS-DE-OUTRAS-ORIENTACOES-CONCLUIDAS NATUREZA="MONOGRAFIA_DE_CONCLUSAO_DE_CURSO_APERFEICOAMENTO_E_ESPECIALIZACAO" TIPO="" TITULO="A eficácia do pilates no tratamento de lombalgias" ANO="2012" PAIS="Brasil" IDIOMA="Português" HOME-PAGE="" FLAG-RELEVANCIA="NAO" DOI="" TITULO-INGLES="" TIPO-INGLES=""/><DETALHAMENTO-DE-OUTRAS-ORIENTACOES-CONCLUIDAS NOME-DO-ORIENTADO="Mônica Cristina Rodrigues Jacques" CODIGO-INSTITUICAO="201900000008" NOME-DA-INSTITUICAO="Centro Universitário Augusto Motta" CODIGO-CURSO="90000009" NOME-DO-CURSO="Pós Graduação em Traumato Ortopedia" FLAG-BOLSA="NAO" CODIGO-AGENCIA-FINANCIADORA="" NOME-DA-AGENCIA="" TIPO-DE-ORIENTACAO-CONCLUIDA="CO_ORIENTADOR" NUMERO-DE-PAGINAS="" NUMERO-ID-ORIENTADO="" NOME-DO-CURSO-INGLES=""/></OUTRAS-ORIENTACOES-CONCLUIDAS><OUTRAS-ORIENTACOES-CONCLUIDAS SEQUENCIA-PRODUCAO="24"><DADOS-BASICOS-DE-OUTRAS-ORIENTACOES-CONCLUIDAS NATUREZA="TRABALHO_DE_CONCLUSAO_DE_CURSO_GRADUACAO" TIPO="" TITULO="Compararação da flexibilidade entre bailarinas e jogadoras de basquetebol" ANO="2009" PAIS="Brasil" IDIOMA="Português" HOME-PAGE="" FLAG-RELEVANCIA="NAO" DOI="" TITULO-INGLES="" TIPO-INGLES=""/><DETALHAMENTO-DE-OUTRAS-ORIENTACOES-CONCLUIDAS NOME-DO-ORIENTADO="Fabrício Ferreira Costa" CODIGO-INSTITUICAO="J33S00000009" NOME-DA-INSTITUICAO="Faculdades Integradas Maria Thereza" CODIGO-CURSO="90000008" NOME-DO-CURSO="Educação Física" FLAG-BOLSA="NAO" CODIGO-AGENCIA-FINANCIADORA="" NOME-DA-AGENCIA="" TIPO-DE-ORIENTACAO-CONCLUIDA="CO_ORIENTADOR" NUMERO-DE-PAGINAS="" NUMERO-ID-ORIENTADO="" NOME-DO-CURSO-INGLES=""/><PALAVRAS-CHAVE PALAVRA-CHAVE-1="Flexibilidade" PALAVRA-CHAVE-2="Desporto" PALAVRA-CHAVE-3="Flexionamento" PALAVRA-CHAVE-4="Alongamento" PALAVRA-CHAVE-5="" PALAVRA-CHAVE-6=""/><AREAS-DO-CONHECIMENTO><AREA-DO-CONHECIMENTO-1 NOME-GRANDE-AREA-DO-CONHECIMENTO="CIENCIAS_DA_SAUDE" NOME-DA-AREA-DO-CONHECIMENTO="" NOME-DA-SUB-AREA-DO-CONHECIMENTO="" NOME-DA-ESPECIALIDADE=""/></AREAS-DO-CONHECIMENTO><SETORES-DE-ATIVIDADE SETOR-DE-ATIVIDADE-1="Educação" SETOR-DE-ATIVIDADE-2="" SETOR-DE-ATIVIDADE-3=""/></OUTRAS-ORIENTACOES-CONCLUIDAS></ORIENTACOES-CONCLUIDAS></OUTRA-PRODUCAO><DADOS-COMPLEMENTARES><FORMACAO-COMPLEMENTAR><FORMACAO-COMPLEMENTAR-DE-EXTENSAO-UNIVERSITARIA SEQUENCIA-FORMACAO="7" NIVEL="8" CARGA-HORARIA="96" CODIGO-INSTITUICAO="375700000004" NOME-INSTITUICAO="Universidade Castelo Branco" CODIGO-ORGAO="" NOME-ORGAO="" CODIGO-CURSO="90000005" NOME-CURSO="Medidas e Avaliação" STATUS-DO-CURSO="CONCLUIDO" ANO-DE-INICIO="2000" ANO-DE-CONCLUSAO="2000" NOME-CURSO-INGLES=""/><FORMACAO-COMPLEMENTAR-DE-EXTENSAO-UNIVERSITARIA SEQUENCIA-FORMACAO="6" NIVEL="8" CARGA-HORARIA="108" CODIGO-INSTITUICAO="375700000004" NOME-INSTITUICAO="Universidade Castelo Branco" CODIGO-ORGAO="" NOME-ORGAO="" CODIGO-CURSO="90000006" NOME-CURSO="A prática da Preparação Física" STATUS-DO-CURSO="CONCLUIDO" ANO-DE-INICIO="1999" ANO-DE-CONCLUSAO="1999" NOME-CURSO-INGLES=""/><FORMACAO-COMPLEMENTAR-CURSO-DE-CURTA-DURACAO SEQUENCIA-FORMACAO="11" NIVEL="F" CARGA-HORARIA="40" CODIGO-INSTITUICAO="002000000996" NOME-INSTITUICAO="Centro de Adestramento Almirante Newton Braga" CODIGO-ORGAO="" NOME-ORGAO="" CODIGO-CURSO="90000016" NOME-CURSO="Curso Expedito em Gestão Estratégica" STATUS-DO-CURSO="CONCLUIDO" ANO-DE-INICIO="2013" ANO-DE-CONCLUSAO="2013" NOME-CURSO-INGLES=""/><FORMACAO-COMPLEMENTAR-CURSO-DE-CURTA-DURACAO SEQUENCIA-FORMACAO="9" NIVEL="F" CARGA-HORARIA="48" CODIGO-INSTITUICAO="000900000996" NOME-INSTITUICAO="Confederação Brasileira de Basquete" CODIGO-ORGAO="" NOME-ORGAO="" CODIGO-CURSO="90000011" NOME-CURSO="Curso de Capacitação de Treinadores de Basquetebol" STATUS-DO-CURSO="CONCLUIDO" ANO-DE-INICIO="2012" ANO-DE-CONCLUSAO="2012" NOME-CURSO-INGLES=""/><FORMACAO-COMPLEMENTAR-CURSO-DE-CURTA-DURACAO SEQUENCIA-FORMACAO="12" NIVEL="F" CARGA-HORARIA="40" CODIGO-INSTITUICAO="002000000996" NOME-INSTITUICAO="Centro de Adestramento Almirante Newton Braga" CODIGO-ORGAO="" NOME-ORGAO="" CODIGO-CURSO="90000015" NOME-CURSO="Curso Expedito em Gestão de Projeto" STATUS-DO-CURSO="CONCLUIDO" ANO-DE-INICIO="2013" ANO-DE-CONCLUSAO="2013" NOME-CURSO-INGLES=""/><FORMACAO-COMPLEMENTAR-CURSO-DE-CURTA-DURACAO SEQUENCIA-FORMACAO="13" NIVEL="F" CARGA-HORARIA="8" CODIGO-INSTITUICAO="002300000991" NOME-INSTITUICAO="Conselho Regional de Educação Física 1ª Região" CODIGO-ORGAO="" NOME-ORGAO="" CODIGO-CURSO="90000018" NOME-CURSO="Atendimento Pré Hospitalar" STATUS-DO-CURSO="CONCLUIDO" ANO-DE-INICIO="2015" ANO-DE-CONCLUSAO="2015" NOME-CURSO-INGLES=""/><OUTROS SEQUENCIA-FORMACAO="8" NIVEL="Y" CARGA-HORARIA="32" CODIGO-INSTITUICAO="000900000996" NOME-INSTITUICAO="Confederação Brasileira de Basquete" CODIGO-ORGAO="" NOME-ORGAO="" CODIGO-CURSO="90000010" NOME-CURSO="Formação de Treinadores de Basquete- Nível 1" STATUS-DO-CURSO="CONCLUIDO" ANO-DE-INICIO="2011" ANO-DE-CONCLUSAO="2011" NOME-CURSO-INGLES=""/><formacoesComplementaresPlana/></FORMACAO-COMPLEMENTAR><PARTICIPACAO-EM-BANCA-TRABALHOS-CONCLUSAO><PARTICIPACAO-EM-BANCA-DE-APERFEICOAMENTO-ESPECIALIZACAO SEQUENCIA-PRODUCAO="26"><DADOS-BASICOS-DA-PARTICIPACAO-EM-BANCA-DE-APERFEICOAMENTO-ESPECIALIZACAO NATUREZA="Curso de aperfeiçoamento/especialização" TITULO="Benefícios do Método Pilates no tratamento da lombalgia: revisão Literária" ANO="2010" PAIS="Brasil" IDIOMA="Português" HOME-PAGE="" DOI="" TITULO-INGLES=""/><DETALHAMENTO-DA-PARTICIPACAO-EM-BANCA-DE-APERFEICOAMENTO-ESPECIALIZACAO NOME-DO-CANDIDATO="Arthur Matuque da Silva" CODIGO-INSTITUICAO="201900000008" NOME-INSTITUICAO="Centro Universitário Augusto Motta" CODIGO-ORGAO="" NOME-ORGAO="" CODIGO-CURSO="90000009" NOME-CURSO="Pós Graduação em Traumato Ortopedia" NOME-CURSO-INGLES=""/><PARTICIPANTE-BANCA NOME-COMPLETO-DO-PARTICIPANTE-DA-BANCA="Lenita F Caetano" NOME-PARA-CITACAO-DO-PARTICIPANTE-DA-BANCA="CAETANO, Lenita F" ORDEM-PARTICIPANTE="2" NRO-ID-CNPQ=""/><PARTICIPANTE-BANCA NOME-COMPLETO-DO-PARTICIPANTE-DA-BANCA="Arthur Matuque da Silva" NOME-PARA-CITACAO-DO-PARTICIPANTE-DA-BANCA="SILVA, A. M." ORDEM-PARTICIPANTE="3" NRO-ID-CNPQ=""/><PARTICIPANTE-BANCA NOME-COMPLETO-DO-PARTICIPANTE-DA-BANCA="Rafaella Bauerfeldt Lopes" NOME-PARA-CITACAO-DO-PARTICIPANTE-DA-BANCA="BAUERFELDT, R." ORDEM-PARTICIPANTE="1" NRO-ID-CNPQ="5090993041155113"/><PALAVRAS-CHAVE PALAVRA-CHAVE-1="Lombalgia" PALAVRA-CHAVE-2="pilates" PALAVRA-CHAVE-3="" PALAVRA-CHAVE-4="" PALAVRA-CHAVE-5="" PALAVRA-CHAVE-6=""/></PARTICIPACAO-EM-BANCA-DE-APERFEICOAMENTO-ESPECIALIZACAO><PARTICIPACAO-EM-BANCA-DE-APERFEICOAMENTO-ESPECIALIZACAO SEQUENCIA-PRODUCAO="27"><DADOS-BASICOS-DA-PARTICIPACAO-EM-BANCA-DE-APERFEICOAMENTO-ESPECIALIZACAO NATUREZA="Curso de aperfeiçoamento/especialização" TITULO="Benefícios da Reeducação Postural Global no Tratamento da hérnia de Disco Lombar" ANO="2010" PAIS="Brasil" IDIOMA="Português" HOME-PAGE="" DOI="" TITULO-INGLES=""/><DETALHAMENTO-DA-PARTICIPACAO-EM-BANCA-DE-APERFEICOAMENTO-ESPECIALIZACAO NOME-DO-CANDIDATO="Elaine Borsato Mendes" CODIGO-INSTITUICAO="201900000008" NOME-INSTITUICAO="Centro Universitário Augusto Motta" CODIGO-ORGAO="" NOME-ORGAO="" CODIGO-CURSO="90000009" NOME-CURSO="Pós Graduação em Traumato Ortopedia" NOME-CURSO-INGLES=""/><PARTICIPANTE-BANCA NOME-COMPLETO-DO-PARTICIPANTE-DA-BANCA="Lenita F Caetano" NOME-PARA-CITACAO-DO-PARTICIPANTE-DA-BANCA="CAETANO, Lenita F" ORDEM-PARTICIPANTE="2" NRO-ID-CNPQ=""/><PARTICIPANTE-BANCA NOME-COMPLETO-DO-PARTICIPANTE-DA-BANCA="Elaine Borsato Mendes" NOME-PARA-CITACAO-DO-PARTICIPANTE-DA-BANCA="MENDES, E. B." ORDEM-PARTICIPANTE="3" NRO-ID-CNPQ=""/><PARTICIPANTE-BANCA NOME-COMPLETO-DO-PARTICIPANTE-DA-BANCA="Rafaella Bauerfeldt Lopes" NOME-PARA-CITACAO-DO-PARTICIPANTE-DA-BANCA="BAUERFELDT, R." ORDEM-PARTICIPANTE="1" NRO-ID-CNPQ="5090993041155113"/></PARTICIPACAO-EM-BANCA-DE-APERFEICOAMENTO-ESPECIALIZACAO><PARTICIPACAO-EM-BANCA-DE-GRADUACAO SEQUENCIA-PRODUCAO="11"><DADOS-BASICOS-DA-PARTICIPACAO-EM-BANCA-DE-GRADUACAO NATUREZA="Graduação" TITULO="Os benefícios da hidroterapia para gestantes" ANO="2008" PAIS="Brasil" IDIOMA="Português" HOME-PAGE="" DOI="" TITULO-INGLES=""/><DETALHAMENTO-DA-PARTICIPACAO-EM-BANCA-DE-GRADUACAO NOME-DO-CANDIDATO="Raquel Miranda" CODIGO-INSTITUICAO="201900000008" NOME-INSTITUICAO="Centro Universitário Augusto Motta" CODIGO-ORGAO="" NOME-ORGAO="" CODIGO-CURSO="90000007" NOME-CURSO="Fisioterapia" NOME-CURSO-INGLES=""/><PARTICIPANTE-BANCA NOME-COMPLETO-DO-PARTICIPANTE-DA-BANCA="Lenita F Caetano" NOME-PARA-CITACAO-DO-PARTICIPANTE-DA-BANCA="CAETANO, Lenita F" ORDEM-PARTICIPANTE="2" NRO-ID-CNPQ=""/><PARTICIPANTE-BANCA NOME-COMPLETO-DO-PARTICIPANTE-DA-BANCA="Márcia Morgado" NOME-PARA-CITACAO-DO-PARTICIPANTE-DA-BANCA="MORGADO, M." ORDEM-PARTICIPANTE="3" NRO-ID-CNPQ=""/><PARTICIPANTE-BANCA NOME-COMPLETO-DO-PARTICIPANTE-DA-BANCA="Rafaella Bauerfeldt Lopes" NOME-PARA-CITACAO-DO-PARTICIPANTE-DA-BANCA="BAUERFELDT, R." ORDEM-PARTICIPANTE="1" NRO-ID-CNPQ="5090993041155113"/><PALAVRAS-CHAVE PALAVRA-CHAVE-1="Hidroterapia" PALAVRA-CHAVE-2="Gestante" PALAVRA-CHAVE-3="" PALAVRA-CHAVE-4="" PALAVRA-CHAVE-5="" PALAVRA-CHAVE-6=""/><AREAS-DO-CONHECIMENTO><AREA-DO-CONHECIMENTO-1 NOME-GRANDE-AREA-DO-CONHECIMENTO="CIENCIAS_DA_SAUDE" NOME-DA-AREA-DO-CONHECIMENTO="" NOME-DA-SUB-AREA-DO-CONHECIMENTO="" NOME-DA-ESPECIALIDADE=""/></AREAS-DO-CONHECIMENTO><SETORES-DE-ATIVIDADE SETOR-DE-ATIVIDADE-1="Saúde e Serviços Sociais" SETOR-DE-ATIVIDADE-2="" SETOR-DE-ATIVIDADE-3=""/></PARTICIPACAO-EM-BANCA-DE-GRADUACAO><PARTICIPACAO-EM-BANCA-DE-GRADUACAO SEQUENCIA-PRODUCAO="25"><DADOS-BASICOS-DA-PARTICIPACAO-EM-BANCA-DE-GRADUACAO NATUREZA="Graduação" TITULO="Efeito da Estabilização Segmentar na Hidroterapia em Pacientes com Lombalgia" ANO="2010" PAIS="Brasil" IDIOMA="Português" HOME-PAGE="" DOI="" TITULO-INGLES=""/><DETALHAMENTO-DA-PARTICIPACAO-EM-BANCA-DE-GRADUACAO NOME-DO-CANDIDATO="Thatiane Gazzoli Farias" CODIGO-INSTITUICAO="201900000008" NOME-INSTITUICAO="Centro Universitário Augusto Motta" CODIGO-ORGAO="" NOME-ORGAO="" CODIGO-CURSO="90000007" NOME-CURSO="Fisioterapia" NOME-CURSO-INGLES=""/><PARTICIPANTE-BANCA NOME-COMPLETO-DO-PARTICIPANTE-DA-BANCA="Lenita F Caetano" NOME-PARA-CITACAO-DO-PARTICIPANTE-DA-BANCA="CAETANO, Lenita F" ORDEM-PARTICIPANTE="2" NRO-ID-CNPQ=""/><PARTICIPANTE-BANCA NOME-COMPLETO-DO-PARTICIPANTE-DA-BANCA="Claudia Monteiro" NOME-PARA-CITACAO-DO-PARTICIPANTE-DA-BANCA="MONTEIRO, C" ORDEM-PARTICIPANTE="3" NRO-ID-CNPQ=""/><PARTICIPANTE-BANCA NOME-COMPLETO-DO-PARTICIPANTE-DA-BANCA="Rafaella Bauerfeldt Lopes" NOME-PARA-CITACAO-DO-PARTICIPANTE-DA-BANCA="BAUERFELDT, R." ORDEM-PARTICIPANTE="1" NRO-ID-CNPQ="5090993041155113"/><PALAVRAS-CHAVE PALAVRA-CHAVE-1="Hidroterapia" PALAVRA-CHAVE-2="Lombalgia" PALAVRA-CHAVE-3="Estabilização Segmentar" PALAVRA-CHAVE-4="" PALAVRA-CHAVE-5="" PALAVRA-CHAVE-6=""/><AREAS-DO-CONHECIMENTO><AREA-DO-CONHECIMENTO-1 NOME-GRANDE-AREA-DO-CONHECIMENTO="CIENCIAS_DA_SAUDE" NOME-DA-AREA-DO-CONHECIMENTO="" NOME-DA-SUB-AREA-DO-CONHECIMENTO="" NOME-DA-ESPECIALIDADE=""/></AREAS-DO-CONHECIMENTO></PARTICIPACAO-EM-BANCA-DE-GRADUACAO><PARTICIPACAO-EM-BANCA-DE-GRADUACAO SEQUENCIA-PRODUCAO="28"><DADOS-BASICOS-DA-PARTICIPACAO-EM-BANCA-DE-GRADUACAO NATUREZA="Graduação" TITULO="Efeitos do Halliwick na hidroterapia em paciente com Sindrome de Down" ANO="2010" PAIS="Brasil" IDIOMA="Português" HOME-PAGE="" DOI="" TITULO-INGLES=""/><DETALHAMENTO-DA-PARTICIPACAO-EM-BANCA-DE-GRADUACAO NOME-DO-CANDIDATO="Gisele de Andrade Euzébio Barbosa" CODIGO-INSTITUICAO="201900000008" NOME-INSTITUICAO="Centro Universitário Augusto Motta" CODIGO-ORGAO="" NOME-ORGAO="" CODIGO-CURSO="90000007" NOME-CURSO="Fisioterapia" NOME-CURSO-INGLES=""/><PARTICIPANTE-BANCA NOME-COMPLETO-DO-PARTICIPANTE-DA-BANCA="Lenita F Caetano" NOME-PARA-CITACAO-DO-PARTICIPANTE-DA-BANCA="CAETANO, Lenita F" ORDEM-PARTICIPANTE="2" NRO-ID-CNPQ=""/><PARTICIPANTE-BANCA NOME-COMPLETO-DO-PARTICIPANTE-DA-BANCA="Gisele Euzébio barbosa" NOME-PARA-CITACAO-DO-PARTICIPANTE-DA-BANCA="BARBOSA, G. E." ORDEM-PARTICIPANTE="3" NRO-ID-CNPQ=""/><PARTICIPANTE-BANCA NOME-COMPLETO-DO-PARTICIPANTE-DA-BANCA="Rafaella Bauerfeldt Lopes" NOME-PARA-CITACAO-DO-PARTICIPANTE-DA-BANCA="BAUERFELDT, R." ORDEM-PARTICIPANTE="1" NRO-ID-CNPQ="5090993041155113"/></PARTICIPACAO-EM-BANCA-DE-GRADUACAO></PARTICIPACAO-EM-BANCA-TRABALHOS-CONCLUSAO><PARTICIPACAO-EM-BANCA-JULGADORA><BANCA-JULGADORA-PARA-CONCURSO-PUBLICO SEQUENCIA-PRODUCAO="34"><DADOS-BASICOS-DA-BANCA-JULGADORA-PARA-CONCURSO-PUBLICO NATUREZA="Concurso público" TITULO="Membro da Comissão de Avaliação dos Testes de Aptidão Física" ANO="2012" PAIS="Brasil" IDIOMA="Português" HOME-PAGE="" DOI="" TITULO-INGLES=""/><DETALHAMENTO-DA-BANCA-JULGADORA-PARA-CONCURSO-PUBLICO CODIGO-INSTITUICAO="J0XT00000009" NOME-INSTITUICAO="Empresa Brasileira de Correios e Telégrafos - ADM Central"/><PARTICIPANTE-BANCA NOME-COMPLETO-DO-PARTICIPANTE-DA-BANCA="Rafaella Bauerfeldt Lopes" NOME-PARA-CITACAO-DO-PARTICIPANTE-DA-BANCA="BAUERFELDT, R." ORDEM-PARTICIPANTE="1" NRO-ID-CNPQ="5090993041155113"/></BANCA-JULGADORA-PARA-CONCURSO-PUBLICO><BANCA-JULGADORA-PARA-CONCURSO-PUBLICO SEQUENCIA-PRODUCAO="35"><DADOS-BASICOS-DA-BANCA-JULGADORA-PARA-CONCURSO-PUBLICO NATUREZA="Concurso público" TITULO="Membro da Comissão Aplicadora dos Testes de Suficiência Física" ANO="2013" PAIS="Brasil" IDIOMA="Português" HOME-PAGE="" DOI="" TITULO-INGLES=""/><DETALHAMENTO-DA-BANCA-JULGADORA-PARA-CONCURSO-PUBLICO CODIGO-INSTITUICAO="001800000992" NOME-INSTITUICAO="Marinha do Brasil"/><PARTICIPANTE-BANCA NOME-COMPLETO-DO-PARTICIPANTE-DA-BANCA="Rafaella Bauerfeldt Lopes" NOME-PARA-CITACAO-DO-PARTICIPANTE-DA-BANCA="BAUERFELDT, R." ORDEM-PARTICIPANTE="1" NRO-ID-CNPQ="5090993041155113"/></BANCA-JULGADORA-PARA-CONCURSO-PUBLICO><OUTRAS-BANCAS-JULGADORAS SEQUENCIA-PRODUCAO="33"><DADOS-BASICOS-DE-OUTRAS-BANCAS-JULGADORAS TIPO="" NATUREZA="Outra" TITULO="Membro da Comissão Avaliadora dos Atletas de Alto Rendimento" ANO="2012" PAIS="Brasil" IDIOMA="Português" HOME-PAGE="" DOI="" TITULO-INGLES="" TIPO-INGLES=""/><DETALHAMENTO-DE-OUTRAS-BANCAS-JULGADORAS CODIGO-INSTITUICAO="001800000992" NOME-INSTITUICAO="Marinha do Brasil"/><PARTICIPANTE-BANCA NOME-COMPLETO-DO-PARTICIPANTE-DA-BANCA="Rafaella Bauerfeldt Lopes" NOME-PARA-CITACAO-DO-PARTICIPANTE-DA-BANCA="BAUERFELDT, R." ORDEM-PARTICIPANTE="1" NRO-ID-CNPQ="5090993041155113"/></OUTRAS-BANCAS-JULGADORAS></PARTICIPACAO-EM-BANCA-JULGADORA><PARTICIPACAO-EM-EVENTOS-CONGRESSOS><PARTICIPACAO-EM-CONGRESSO SEQUENCIA-PRODUCAO="40"><PARTICIPANTE-DE-EVENTOS-CONGRESSOS NOME-COMPLETO-DO-PARTICIPANTE-DE-EVENTOS-CONGRESSOS="Rafaella Bauerfeldt Lopes" NOME-PARA-CITACAO-DO-PARTICIPANTE-DE-EVENTOS-CONGRESSOS="BAUERFELDT, R." ORDEM-PARTICIPANTE="1" NRO-ID-CNPQ="5090993041155113"/><DADOS-BASICOS-DA-PARTICIPACAO-EM-CONGRESSO NATUREZA="Congresso" TITULO="MESA REDONDA: ESPORTE MILIATR: CELEIRO DE ATLETAS OLÍMPICOS?" ANO="2016" PAIS="Brasil" IDIOMA="" MEIO-DE-DIVULGACAO="NAO_INFORMADO" HOME-PAGE-DO-TRABALHO="" FLAG-RELEVANCIA="NAO" TIPO-PARTICIPACAO="Simposista" FORMA-PARTICIPACAO="Convidado" DOI="" TITULO-INGLES="" FLAG-DIVULGACAO-CIENTIFICA="SIM"/><DETALHAMENTO-DA-PARTICIPACAO-EM-CONGRESSO NOME-DO-EVENTO="2º CONGRESSO INTERNACIONAL DE ATIVIDADE FÍSICA, NUTRIÇÃO E SAÚDE ( iiII CIAFIS" CODIGO-INSTITUICAO="" NOME-INSTITUICAO="" LOCAL-DO-EVENTO="" CIDADE-DO-EVENTO="SERGIPE" NOME-DO-EVENTO-INGLES=""/></PARTICIPACAO-EM-CONGRESSO><PARTICIPACAO-EM-CONGRESSO SEQUENCIA-PRODUCAO="39"><PARTICIPANTE-DE-EVENTOS-CONGRESSOS NOME-COMPLETO-DO-PARTICIPANTE-DE-EVENTOS-CONGRESSOS="Rafaella Bauerfeldt Lopes" NOME-PARA-CITACAO-DO-PARTICIPANTE-DE-EVENTOS-CONGRESSOS="BAUERFELDT, R." ORDEM-PARTICIPANTE="1" NRO-ID-CNPQ="5090993041155113"/><DADOS-BASICOS-DA-PARTICIPACAO-EM-CONGRESSO NATUREZA="Congresso" TITULO="PREPARAÇÃO FÍSICA PARA O BASQUETE" ANO="2016" PAIS="Brasil" IDIOMA="" MEIO-DE-DIVULGACAO="NAO_INFORMADO" HOME-PAGE-DO-TRABALHO="" FLAG-RELEVANCIA="NAO" TIPO-PARTICIPACAO="Outras formas" FORMA-PARTICIPACAO="Participante" DOI="" TITULO-INGLES="" FLAG-DIVULGACAO-CIENTIFICA="NAO"/><DETALHAMENTO-DA-PARTICIPACAO-EM-CONGRESSO NOME-DO-EVENTO="2º cONGRESSO iNTERNACIONAL DE ATIVIDADE FÍSICA, NUTRIÇÃO E SAÚDE ( iiII CIAFIS" CODIGO-INSTITUICAO="" NOME-INSTITUICAO="" LOCAL-DO-EVENTO="" CIDADE-DO-EVENTO="SERGIPE" NOME-DO-EVENTO-INGLES=""/></PARTICIPACAO-EM-CONGRESSO><PARTICIPACAO-EM-CONGRESSO SEQUENCIA-PRODUCAO="20"><PARTICIPANTE-DE-EVENTOS-CONGRESSOS NOME-COMPLETO-DO-PARTICIPANTE-DE-EVENTOS-CONGRESSOS="Rafaella Bauerfeldt Lopes" NOME-PARA-CITACAO-DO-PARTICIPANTE-DE-EVENTOS-CONGRESSOS="BAUERFELDT, R." ORDEM-PARTICIPANTE="1" NRO-ID-CNPQ="5090993041155113"/><DADOS-BASICOS-DA-PARTICIPACAO-EM-CONGRESSO NATUREZA="Congresso" TITULO="Mejora del cuadro álgico de los pacientes con lumbalgia aguda sometidos al estiramiento en hidrocinesioterapia contrastados por escalar CR 10 de Borg" ANO="2007" PAIS="Espanha" IDIOMA="" MEIO-DE-DIVULGACAO="NAO_INFORMADO" HOME-PAGE-DO-TRABALHO="" FLAG-RELEVANCIA="NAO" TIPO-PARTICIPACAO="Poster / Painel" FORMA-PARTICIPACAO="Participante" DOI="" TITULO-INGLES="" FLAG-DIVULGACAO-CIENTIFICA="NAO"/><DETALHAMENTO-DA-PARTICIPACAO-EM-CONGRESSO NOME-DO-EVENTO="Nuevas Aportaciones a las Actividades Acuáticas" CODIGO-INSTITUICAO="" NOME-INSTITUICAO="" LOCAL-DO-EVENTO="" CIDADE-DO-EVENTO="Murcia" NOME-DO-EVENTO-INGLES=""/></PARTICIPACAO-EM-CONGRESSO><PARTICIPACAO-EM-CONGRESSO SEQUENCIA-PRODUCAO="22"><PARTICIPANTE-DE-EVENTOS-CONGRESSOS NOME-COMPLETO-DO-PARTICIPANTE-DE-EVENTOS-CONGRESSOS="Rafaella Bauerfeldt Lopes" NOME-PARA-CITACAO-DO-PARTICIPANTE-DE-EVENTOS-CONGRESSOS="BAUERFELDT, R." ORDEM-PARTICIPANTE="1" NRO-ID-CNPQ="5090993041155113"/><DADOS-BASICOS-DA-PARTICIPACAO-EM-CONGRESSO NATUREZA="Congresso" TITULO="Programa de Trabajo de la REMH para el Biênio 2008/2009" ANO="2007" PAIS="Brasil" IDIOMA="" MEIO-DE-DIVULGACAO="NAO_INFORMADO" HOME-PAGE-DO-TRABALHO="" FLAG-RELEVANCIA="NAO" TIPO-PARTICIPACAO="Apresentação Oral" FORMA-PARTICIPACAO="Participante" DOI="" TITULO-INGLES="" FLAG-DIVULGACAO-CIENTIFICA="NAO"/><DETALHAMENTO-DA-PARTICIPACAO-EM-CONGRESSO NOME-DO-EVENTO="I Congresso euro Americano de Motricidade Humana" CODIGO-INSTITUICAO="" NOME-INSTITUICAO="" LOCAL-DO-EVENTO="" CIDADE-DO-EVENTO="Foz do Iguaçu" NOME-DO-EVENTO-INGLES=""/></PARTICIPACAO-EM-CONGRESSO><PARTICIPACAO-EM-CONGRESSO SEQUENCIA-PRODUCAO="18"><PARTICIPANTE-DE-EVENTOS-CONGRESSOS NOME-COMPLETO-DO-PARTICIPANTE-DE-EVENTOS-CONGRESSOS="Rafaella Bauerfeldt Lopes" NOME-PARA-CITACAO-DO-PARTICIPANTE-DE-EVENTOS-CONGRESSOS="BAUERFELDT, R." ORDEM-PARTICIPANTE="1" NRO-ID-CNPQ="5090993041155113"/><DADOS-BASICOS-DA-PARTICIPACAO-EM-CONGRESSO NATUREZA="Congresso" TITULO="Níveis de Hidroxiprolina nos trabalhos de alongamento e flexionamento" ANO="2004" PAIS="Brasil" IDIOMA="" MEIO-DE-DIVULGACAO="NAO_INFORMADO" HOME-PAGE-DO-TRABALHO="" FLAG-RELEVANCIA="NAO" TIPO-PARTICIPACAO="Apresentação Oral" FORMA-PARTICIPACAO="Participante" DOI="" TITULO-INGLES="" FLAG-DIVULGACAO-CIENTIFICA="NAO"/><DETALHAMENTO-DA-PARTICIPACAO-EM-CONGRESSO NOME-DO-EVENTO="CONAFISE - Congresso Internacional de Atividade Física, saúde e Esporte" CODIGO-INSTITUICAO="" NOME-INSTITUICAO="" LOCAL-DO-EVENTO="" CIDADE-DO-EVENTO="Rio de Janeiro" NOME-DO-EVENTO-INGLES=""/></PARTICIPACAO-EM-CONGRESSO><PARTICIPACAO-EM-SEMINARIO SEQUENCIA-PRODUCAO="36"><PARTICIPANTE-DE-EVENTOS-CONGRESSOS NOME-COMPLETO-DO-PARTICIPANTE-DE-EVENTOS-CONGRESSOS="Rafaella Bauerfeldt Lopes" NOME-PARA-CITACAO-DO-PARTICIPANTE-DE-EVENTOS-CONGRESSOS="BAUERFELDT, R." ORDEM-PARTICIPANTE="1" NRO-ID-CNPQ="5090993041155113"/><DADOS-BASICOS-DA-PARTICIPACAO-EM-SEMINARIO NATUREZA="Seminário" TITULO="" ANO="2015" PAIS="Brasil" IDIOMA="" MEIO-DE-DIVULGACAO="NAO_INFORMADO" HOME-PAGE-DO-TRABALHO="" FLAG-RELEVANCIA="NAO" TIPO-PARTICIPACAO="" FORMA-PARTICIPACAO="Ouvinte" DOI="" TITULO-INGLES="" FLAG-DIVULGACAO-CIENTIFICA="NAO"/><DETALHAMENTO-DA-PARTICIPACAO-EM-SEMINARIO NOME-DO-EVENTO="Forum Sesc de esporte e Recreação - Iniciação Esportiva" CODIGO-INSTITUICAO="" NOME-INSTITUICAO="" LOCAL-DO-EVENTO="" CIDADE-DO-EVENTO="Rio de Janeiro" NOME-DO-EVENTO-INGLES=""/></PARTICIPACAO-EM-SEMINARIO><PARTICIPACAO-EM-OFICINA SEQUENCIA-PRODUCAO="17"><PARTICIPANTE-DE-EVENTOS-CONGRESSOS NOME-COMPLETO-DO-PARTICIPANTE-DE-EVENTOS-CONGRESSOS="Rafaella Bauerfeldt Lopes" NOME-PARA-CITACAO-DO-PARTICIPANTE-DE-EVENTOS-CONGRESSOS="BAUERFELDT, R." ORDEM-PARTICIPANTE="1" NRO-ID-CNPQ="5090993041155113"/><DADOS-BASICOS-DA-PARTICIPACAO-EM-OFICINA NATUREZA="Oficina" TITULO="" ANO="2005" PAIS="Brasil" IDIOMA="" MEIO-DE-DIVULGACAO="NAO_INFORMADO" HOME-PAGE-DO-TRABALHO="" FLAG-RELEVANCIA="NAO" TIPO-PARTICIPACAO="" FORMA-PARTICIPACAO="Ouvinte" DOI="" TITULO-INGLES="" FLAG-DIVULGACAO-CIENTIFICA="NAO"/><DETALHAMENTO-DA-PARTICIPACAO-EM-OFICINA NOME-DO-EVENTO="Táticas do Basquetebol - CBB" CODIGO-INSTITUICAO="" NOME-INSTITUICAO="" LOCAL-DO-EVENTO="" CIDADE-DO-EVENTO="Florianópolis" NOME-DO-EVENTO-INGLES=""/></PARTICIPACAO-EM-OFICINA><PARTICIPACAO-EM-OFICINA SEQUENCIA-PRODUCAO="13"><PARTICIPANTE-DE-EVENTOS-CONGRESSOS NOME-COMPLETO-DO-PARTICIPANTE-DE-EVENTOS-CONGRESSOS="Rafaella Bauerfeldt Lopes" NOME-PARA-CITACAO-DO-PARTICIPANTE-DE-EVENTOS-CONGRESSOS="BAUERFELDT, R." ORDEM-PARTICIPANTE="1" NRO-ID-CNPQ="5090993041155113"/><DADOS-BASICOS-DA-PARTICIPACAO-EM-OFICINA NATUREZA="Oficina" TITULO="" ANO="2001" PAIS="Brasil" IDIOMA="" MEIO-DE-DIVULGACAO="NAO_INFORMADO" HOME-PAGE-DO-TRABALHO="" FLAG-RELEVANCIA="NAO" TIPO-PARTICIPACAO="" FORMA-PARTICIPACAO="Ouvinte" DOI="" TITULO-INGLES="" FLAG-DIVULGACAO-CIENTIFICA="NAO"/><DETALHAMENTO-DA-PARTICIPACAO-EM-OFICINA NOME-DO-EVENTO="Basquete: da iniciação ao treinamento - C.R.Vasco da Gama" CODIGO-INSTITUICAO="" NOME-INSTITUICAO="" LOCAL-DO-EVENTO="" CIDADE-DO-EVENTO="Rio de Janeiro" NOME-DO-EVENTO-INGLES=""/></PARTICIPACAO-EM-OFICINA><PARTICIPACAO-EM-OFICINA SEQUENCIA-PRODUCAO="14"><PARTICIPANTE-DE-EVENTOS-CONGRESSOS NOME-COMPLETO-DO-PARTICIPANTE-DE-EVENTOS-CONGRESSOS="Rafaella Bauerfeldt Lopes" NOME-PARA-CITACAO-DO-PARTICIPANTE-DE-EVENTOS-CONGRESSOS="BAUERFELDT, R." ORDEM-PARTICIPANTE="1" NRO-ID-CNPQ="5090993041155113"/><DADOS-BASICOS-DA-PARTICIPACAO-EM-OFICINA NATUREZA="Oficina" TITULO="" ANO="2003" PAIS="Brasil" IDIOMA="" MEIO-DE-DIVULGACAO="NAO_INFORMADO" HOME-PAGE-DO-TRABALHO="" FLAG-RELEVANCIA="NAO" TIPO-PARTICIPACAO="" FORMA-PARTICIPACAO="Ouvinte" DOI="" TITULO-INGLES="" FLAG-DIVULGACAO-CIENTIFICA="NAO"/><DETALHAMENTO-DA-PARTICIPACAO-EM-OFICINA NOME-DO-EVENTO="Basquete: conceitos e técnicas - C.R.Vasco da Gama" CODIGO-INSTITUICAO="" NOME-INSTITUICAO="" LOCAL-DO-EVENTO="" CIDADE-DO-EVENTO="Rio de Janeiro" NOME-DO-EVENTO-INGLES=""/></PARTICIPACAO-EM-OFICINA><PARTICIPACAO-EM-OFICINA SEQUENCIA-PRODUCAO="16"><PARTICIPANTE-DE-EVENTOS-CONGRESSOS NOME-COMPLETO-DO-PARTICIPANTE-DE-EVENTOS-CONGRESSOS="Rafaella Bauerfeldt Lopes" NOME-PARA-CITACAO-DO-PARTICIPANTE-DE-EVENTOS-CONGRESSOS="BAUERFELDT, R." ORDEM-PARTICIPANTE="1" NRO-ID-CNPQ="5090993041155113"/><DADOS-BASICOS-DA-PARTICIPACAO-EM-OFICINA NATUREZA="Oficina" TITULO="" ANO="2005" PAIS="Brasil" IDIOMA="" MEIO-DE-DIVULGACAO="NAO_INFORMADO" HOME-PAGE-DO-TRABALHO="" FLAG-RELEVANCIA="NAO" TIPO-PARTICIPACAO="" FORMA-PARTICIPACAO="Ouvinte" DOI="" TITULO-INGLES="" FLAG-DIVULGACAO-CIENTIFICA="NAO"/><DETALHAMENTO-DA-PARTICIPACAO-EM-OFICINA NOME-DO-EVENTO="Arbitragem Internacional - CBB" CODIGO-INSTITUICAO="" NOME-INSTITUICAO="" LOCAL-DO-EVENTO="" CIDADE-DO-EVENTO="Ribeirão Preto" NOME-DO-EVENTO-INGLES=""/></PARTICIPACAO-EM-OFICINA><PARTICIPACAO-EM-ENCONTRO SEQUENCIA-PRODUCAO="15"><PARTICIPANTE-DE-EVENTOS-CONGRESSOS NOME-COMPLETO-DO-PARTICIPANTE-DE-EVENTOS-CONGRESSOS="Rafaella Bauerfeldt Lopes" NOME-PARA-CITACAO-DO-PARTICIPANTE-DE-EVENTOS-CONGRESSOS="BAUERFELDT, R." ORDEM-PARTICIPANTE="1" NRO-ID-CNPQ="5090993041155113"/><DADOS-BASICOS-DA-PARTICIPACAO-EM-ENCONTRO NATUREZA="Encontro" TITULO="" ANO="2008" PAIS="Brasil" IDIOMA="" MEIO-DE-DIVULGACAO="NAO_INFORMADO" HOME-PAGE-DO-TRABALHO="" FLAG-RELEVANCIA="NAO" TIPO-PARTICIPACAO="" FORMA-PARTICIPACAO="Ouvinte" DOI="" TITULO-INGLES="" FLAG-DIVULGACAO-CIENTIFICA="NAO"/><DETALHAMENTO-DA-PARTICIPACAO-EM-ENCONTRO NOME-DO-EVENTO="A Preparação Física no Basquete - CBB" CODIGO-INSTITUICAO="" NOME-INSTITUICAO="" LOCAL-DO-EVENTO="" CIDADE-DO-EVENTO="Rio de Janeiro" NOME-DO-EVENTO-INGLES=""/></PARTICIPACAO-EM-ENCONTRO><OUTRAS-PARTICIPACOES-EM-EVENTOS-CONGRESSOS SEQUENCIA-PRODUCAO="29"><PARTICIPANTE-DE-EVENTOS-CONGRESSOS NOME-COMPLETO-DO-PARTICIPANTE-DE-EVENTOS-CONGRESSOS="Rafaella Bauerfeldt Lopes" NOME-PARA-CITACAO-DO-PARTICIPANTE-DE-EVENTOS-CONGRESSOS="BAUERFELDT, R." ORDEM-PARTICIPANTE="1" NRO-ID-CNPQ="5090993041155113"/><DADOS-BASICOS-DE-OUTRAS-PARTICIPACOES-EM-EVENTOS-CONGRESSOS NATUREZA="Outra" TITULO="" ANO="2012" PAIS="Brasil" IDIOMA="" MEIO-DE-DIVULGACAO="NAO_INFORMADO" HOME-PAGE-DO-TRABALHO="" FLAG-RELEVANCIA="NAO" TIPO-PARTICIPACAO="" FORMA-PARTICIPACAO="Ouvinte" DOI="" TITULO-INGLES="" FLAG-DIVULGACAO-CIENTIFICA="NAO"/><DETALHAMENTO-DE-OUTRAS-PARTICIPACOES-EM-EVENTOS-CONGRESSOS NOME-DO-EVENTO="Forum Sesc Rio de Esporte e Lazer" CODIGO-INSTITUICAO="" NOME-INSTITUICAO="" LOCAL-DO-EVENTO="" CIDADE-DO-EVENTO="Rio de Janeiro" NOME-DO-EVENTO-INGLES=""/></OUTRAS-PARTICIPACOES-EM-EVENTOS-CONGRESSOS></PARTICIPACAO-EM-EVENTOS-CONGRESSOS><INFORMACOES-ADICIONAIS-INSTITUICOES><INFORMACAO-ADICIONAL-INSTITUICAO CODIGO-INSTITUICAO="000100000991" SIGLA-INSTITUICAO="C.R. VASCO DA GA" SIGLA-UF-INSTITUICAO="RJ" SIGLA-PAIS-INSTITUICAO="BRA" NOME-PAIS-INSTITUICAO="Brasil" FLAG-AGENCIA-FOMENTO="NAO" FLAG-INSTITUICAO-DE-ENSINO="NAO"/><INFORMACAO-ADICIONAL-INSTITUICAO CODIGO-INSTITUICAO="000101000995" SIGLA-INSTITUICAO="" SIGLA-UF-INSTITUICAO="RJ" SIGLA-PAIS-INSTITUICAO="BRA" NOME-PAIS-INSTITUICAO="Brasil" FLAG-AGENCIA-FOMENTO="NAO" FLAG-INSTITUICAO-DE-ENSINO="NAO"/><INFORMACAO-ADICIONAL-INSTITUICAO CODIGO-INSTITUICAO="000200000993" SIGLA-INSTITUICAO="CSP" SIGLA-UF-INSTITUICAO="RJ" SIGLA-PAIS-INSTITUICAO="BRA" NOME-PAIS-INSTITUICAO="Brasil" FLAG-AGENCIA-FOMENTO="NAO" FLAG-INSTITUICAO-DE-ENSINO="NAO"/><INFORMACAO-ADICIONAL-INSTITUICAO CODIGO-INSTITUICAO="000300000995" SIGLA-INSTITUICAO="CSA" SIGLA-UF-INSTITUICAO="RJ" SIGLA-PAIS-INSTITUICAO="BRA" NOME-PAIS-INSTITUICAO="Brasil" FLAG-AGENCIA-FOMENTO="NAO" FLAG-INSTITUICAO-DE-ENSINO="NAO"/><INFORMACAO-ADICIONAL-INSTITUICAO CODIGO-INSTITUICAO="000400000997" SIGLA-INSTITUICAO="CEL*" SIGLA-UF-INSTITUICAO="RJ" SIGLA-PAIS-INSTITUICAO="BRA" NOME-PAIS-INSTITUICAO="Brasil" FLAG-AGENCIA-FOMENTO="NAO" FLAG-INSTITUICAO-DE-ENSINO="NAO"/><INFORMACAO-ADICIONAL-INSTITUICAO CODIGO-INSTITUICAO="000500000999" SIGLA-INSTITUICAO="C.R. VASCO DA GA" SIGLA-UF-INSTITUICAO="RJ" SIGLA-PAIS-INSTITUICAO="BRA" NOME-PAIS-INSTITUICAO="Brasil" FLAG-AGENCIA-FOMENTO="NAO" FLAG-INSTITUICAO-DE-ENSINO="NAO"/><INFORMACAO-ADICIONAL-INSTITUICAO CODIGO-INSTITUICAO="000600000990" SIGLA-INSTITUICAO="EN" SIGLA-UF-INSTITUICAO="RJ" SIGLA-PAIS-INSTITUICAO="BRA" NOME-PAIS-INSTITUICAO="Brasil" FLAG-AGENCIA-FOMENTO="NAO" FLAG-INSTITUICAO-DE-ENSINO="NAO"/><INFORMACAO-ADICIONAL-INSTITUICAO CODIGO-INSTITUICAO="000601000994" SIGLA-INSTITUICAO="" SIGLA-UF-INSTITUICAO="RJ" SIGLA-PAIS-INSTITUICAO="BRA" NOME-PAIS-INSTITUICAO="Brasil" FLAG-AGENCIA-FOMENTO="NAO" FLAG-INSTITUICAO-DE-ENSINO="NAO"/><INFORMACAO-ADICIONAL-INSTITUICAO CODIGO-INSTITUICAO="000700000992" SIGLA-INSTITUICAO="LUB" SIGLA-UF-INSTITUICAO="RJ" SIGLA-PAIS-INSTITUICAO="BRA" NOME-PAIS-INSTITUICAO="Brasil" FLAG-AGENCIA-FOMENTO="NAO" FLAG-INSTITUICAO-DE-ENSINO="NAO"/><INFORMACAO-ADICIONAL-INSTITUICAO CODIGO-INSTITUICAO="000800000994" SIGLA-INSTITUICAO="BROADWAY" SIGLA-UF-INSTITUICAO="RJ" SIGLA-PAIS-INSTITUICAO="BRA" NOME-PAIS-INSTITUICAO="Brasil" FLAG-AGENCIA-FOMENTO="NAO" FLAG-INSTITUICAO-DE-ENSINO="NAO"/><INFORMACAO-ADICIONAL-INSTITUICAO CODIGO-INSTITUICAO="000801000998" SIGLA-INSTITUICAO="" SIGLA-UF-INSTITUICAO="RJ" SIGLA-PAIS-INSTITUICAO="BRA" NOME-PAIS-INSTITUICAO="Brasil" FLAG-AGENCIA-FOMENTO="NAO" FLAG-INSTITUICAO-DE-ENSINO="NAO"/><INFORMACAO-ADICIONAL-INSTITUICAO CODIGO-INSTITUICAO="000900000996" SIGLA-INSTITUICAO="CBB" SIGLA-UF-INSTITUICAO="RJ" SIGLA-PAIS-INSTITUICAO="BRA" NOME-PAIS-INSTITUICAO="Brasil" FLAG-AGENCIA-FOMENTO="NAO" FLAG-INSTITUICAO-DE-ENSINO="NAO"/><INFORMACAO-ADICIONAL-INSTITUICAO CODIGO-INSTITUICAO="000901000990" SIGLA-INSTITUICAO="" SIGLA-UF-INSTITUICAO="RJ" SIGLA-PAIS-INSTITUICAO="BRA" NOME-PAIS-INSTITUICAO="Brasil" FLAG-AGENCIA-FOMENTO="NAO" FLAG-INSTITUICAO-DE-ENSINO="NAO"/><INFORMACAO-ADICIONAL-INSTITUICAO CODIGO-INSTITUICAO="001000000998" SIGLA-INSTITUICAO="B.F.R" SIGLA-UF-INSTITUICAO="RJ" SIGLA-PAIS-INSTITUICAO="BRA" NOME-PAIS-INSTITUICAO="Brasil" FLAG-AGENCIA-FOMENTO="NAO" FLAG-INSTITUICAO-DE-ENSINO="NAO"/><INFORMACAO-ADICIONAL-INSTITUICAO CODIGO-INSTITUICAO="001100000990" SIGLA-INSTITUICAO="CBDU" SIGLA-UF-INSTITUICAO="RJ" SIGLA-PAIS-INSTITUICAO="BRA" NOME-PAIS-INSTITUICAO="Brasil" FLAG-AGENCIA-FOMENTO="NAO" FLAG-INSTITUICAO-DE-ENSINO="NAO"/><INFORMACAO-ADICIONAL-INSTITUICAO CODIGO-INSTITUICAO="001200000991" SIGLA-INSTITUICAO="F.F.C" SIGLA-UF-INSTITUICAO="RJ" SIGLA-PAIS-INSTITUICAO="BRA" NOME-PAIS-INSTITUICAO="Brasil" FLAG-AGENCIA-FOMENTO="NAO" FLAG-INSTITUICAO-DE-ENSINO="NAO"/><INFORMACAO-ADICIONAL-INSTITUICAO CODIGO-INSTITUICAO="001300000993" SIGLA-INSTITUICAO="FBERJ" SIGLA-UF-INSTITUICAO="RJ" SIGLA-PAIS-INSTITUICAO="BRA" NOME-PAIS-INSTITUICAO="Brasil" FLAG-AGENCIA-FOMENTO="NAO" FLAG-INSTITUICAO-DE-ENSINO="NAO"/><INFORMACAO-ADICIONAL-INSTITUICAO CODIGO-INSTITUICAO="001400000995" SIGLA-INSTITUICAO="BABY CEMI" SIGLA-UF-INSTITUICAO="RJ" SIGLA-PAIS-INSTITUICAO="BRA" NOME-PAIS-INSTITUICAO="Brasil" FLAG-AGENCIA-FOMENTO="NAO" FLAG-INSTITUICAO-DE-ENSINO="NAO"/><INFORMACAO-ADICIONAL-INSTITUICAO CODIGO-INSTITUICAO="001500000997" SIGLA-INSTITUICAO="IBEAS" SIGLA-UF-INSTITUICAO="RJ" SIGLA-PAIS-INSTITUICAO="BRA" NOME-PAIS-INSTITUICAO="Brasil" FLAG-AGENCIA-FOMENTO="NAO" FLAG-INSTITUICAO-DE-ENSINO="NAO"/><INFORMACAO-ADICIONAL-INSTITUICAO CODIGO-INSTITUICAO="001501000990" SIGLA-INSTITUICAO="" SIGLA-UF-INSTITUICAO="RJ" SIGLA-PAIS-INSTITUICAO="BRA" NOME-PAIS-INSTITUICAO="Brasil" FLAG-AGENCIA-FOMENTO="NAO" FLAG-INSTITUICAO-DE-ENSINO="NAO"/><INFORMACAO-ADICIONAL-INSTITUICAO CODIGO-INSTITUICAO="001600000999" SIGLA-INSTITUICAO="CSM-BT" SIGLA-UF-INSTITUICAO="RJ" SIGLA-PAIS-INSTITUICAO="BRA" NOME-PAIS-INSTITUICAO="Brasil" FLAG-AGENCIA-FOMENTO="NAO" FLAG-INSTITUICAO-DE-ENSINO="NAO"/><INFORMACAO-ADICIONAL-INSTITUICAO CODIGO-INSTITUICAO="001601000992" SIGLA-INSTITUICAO="" SIGLA-UF-INSTITUICAO="RJ" SIGLA-PAIS-INSTITUICAO="BRA" NOME-PAIS-INSTITUICAO="Brasil" FLAG-AGENCIA-FOMENTO="NAO" FLAG-INSTITUICAO-DE-ENSINO="NAO"/><INFORMACAO-ADICIONAL-INSTITUICAO CODIGO-INSTITUICAO="001700000990" SIGLA-INSTITUICAO="FAMATH" SIGLA-UF-INSTITUICAO="RJ" SIGLA-PAIS-INSTITUICAO="BRA" NOME-PAIS-INSTITUICAO="Brasil" FLAG-AGENCIA-FOMENTO="NAO" FLAG-INSTITUICAO-DE-ENSINO="NAO"/><INFORMACAO-ADICIONAL-INSTITUICAO CODIGO-INSTITUICAO="001800000992" SIGLA-INSTITUICAO="MB" SIGLA-UF-INSTITUICAO="RJ" SIGLA-PAIS-INSTITUICAO="BRA" NOME-PAIS-INSTITUICAO="Brasil" FLAG-AGENCIA-FOMENTO="NAO" FLAG-INSTITUICAO-DE-ENSINO="NAO"/><INFORMACAO-ADICIONAL-INSTITUICAO CODIGO-INSTITUICAO="001801000996" SIGLA-INSTITUICAO="" SIGLA-UF-INSTITUICAO="RJ" SIGLA-PAIS-INSTITUICAO="BRA" NOME-PAIS-INSTITUICAO="Brasil" FLAG-AGENCIA-FOMENTO="NAO" FLAG-INSTITUICAO-DE-ENSINO="NAO"/><INFORMACAO-ADICIONAL-INSTITUICAO CODIGO-INSTITUICAO="001900000994" SIGLA-INSTITUICAO="REDEUROMH" SIGLA-UF-INSTITUICAO="RJ" SIGLA-PAIS-INSTITUICAO="BRA" NOME-PAIS-INSTITUICAO="Brasil" FLAG-AGENCIA-FOMENTO="NAO" FLAG-INSTITUICAO-DE-ENSINO="NAO"/><INFORMACAO-ADICIONAL-INSTITUICAO CODIGO-INSTITUICAO="002000000996" SIGLA-INSTITUICAO="CAANB" SIGLA-UF-INSTITUICAO="RJ" SIGLA-PAIS-INSTITUICAO="BRA" NOME-PAIS-INSTITUICAO="Brasil" FLAG-AGENCIA-FOMENTO="NAO" FLAG-INSTITUICAO-DE-ENSINO="NAO"/><INFORMACAO-ADICIONAL-INSTITUICAO CODIGO-INSTITUICAO="002100000998" SIGLA-INSTITUICAO="SESC - RJ" SIGLA-UF-INSTITUICAO="RJ" SIGLA-PAIS-INSTITUICAO="BRA" NOME-PAIS-INSTITUICAO="Brasil" FLAG-AGENCIA-FOMENTO="NAO" FLAG-INSTITUICAO-DE-ENSINO="NAO"/><INFORMACAO-ADICIONAL-INSTITUICAO CODIGO-INSTITUICAO="002200000990" SIGLA-INSTITUICAO="SESC - RJ" SIGLA-UF-INSTITUICAO="RJ" SIGLA-PAIS-INSTITUICAO="BRA" NOME-PAIS-INSTITUICAO="Brasil" FLAG-AGENCIA-FOMENTO="NAO" FLAG-INSTITUICAO-DE-ENSINO="NAO"/><INFORMACAO-ADICIONAL-INSTITUICAO CODIGO-INSTITUICAO="002201000993" SIGLA-INSTITUICAO="" SIGLA-UF-INSTITUICAO="RJ" SIGLA-PAIS-INSTITUICAO="BRA" NOME-PAIS-INSTITUICAO="Brasil" FLAG-AGENCIA-FOMENTO="NAO" FLAG-INSTITUICAO-DE-ENSINO="NAO"/><INFORMACAO-ADICIONAL-INSTITUICAO CODIGO-INSTITUICAO="002300000991" SIGLA-INSTITUICAO="CREF1" SIGLA-UF-INSTITUICAO="RJ" SIGLA-PAIS-INSTITUICAO="BRA" NOME-PAIS-INSTITUICAO="Brasil" FLAG-AGENCIA-FOMENTO="NAO" FLAG-INSTITUICAO-DE-ENSINO="NAO"/><INFORMACAO-ADICIONAL-INSTITUICAO CODIGO-INSTITUICAO="201900000008" SIGLA-INSTITUICAO="UNISUAM" SIGLA-UF-INSTITUICAO="RJ" SIGLA-PAIS-INSTITUICAO="BRA" NOME-PAIS-INSTITUICAO="Brasil" FLAG-AGENCIA-FOMENTO="NAO" FLAG-INSTITUICAO-DE-ENSINO="SIM"/><INFORMACAO-ADICIONAL-INSTITUICAO CODIGO-INSTITUICAO="375700000004" SIGLA-INSTITUICAO="UCB/RJ" SIGLA-UF-INSTITUICAO="RJ" SIGLA-PAIS-INSTITUICAO="BRA" NOME-PAIS-INSTITUICAO="Brasil" FLAG-AGENCIA-FOMENTO="NAO" FLAG-INSTITUICAO-DE-ENSINO="SIM"/></INFORMACOES-ADICIONAIS-INSTITUICOES><INFORMACOES-ADICIONAIS-CURSOS><INFORMACAO-ADICIONAL-CURSO CODIGO-CURSO="60009667" CODIGO-ORGAO="" NOME-ORGAO="" CODIGO-INSTITUICAO="375700000004" NOME-INSTITUICAO="Universidade Castelo Branco" NOME-GRANDE-AREA-DO-CONHECIMENTO="CIENCIAS_DA_SAUDE" NOME-DA-AREA-DO-CONHECIMENTO="Educação Física" NOME-DA-SUB-AREA-DO-CONHECIMENTO="" NOME-DA-ESPECIALIDADE="" NIVEL-CURSO="MESTRADO"/><INFORMACAO-ADICIONAL-CURSO CODIGO-CURSO="90000001" CODIGO-ORGAO="" NOME-ORGAO="" CODIGO-INSTITUICAO="375700000004" NOME-INSTITUICAO="Universidade Castelo Branco" NOME-GRANDE-AREA-DO-CONHECIMENTO="CIENCIAS_DA_SAUDE" NOME-DA-AREA-DO-CONHECIMENTO="Educação Física" NOME-DA-SUB-AREA-DO-CONHECIMENTO="" NOME-DA-ESPECIALIDADE="" NIVEL-CURSO="GRADUACAO"/><INFORMACAO-ADICIONAL-CURSO CODIGO-CURSO="90000002" CODIGO-ORGAO="" NOME-ORGAO="" CODIGO-INSTITUICAO="001700000990" NOME-INSTITUICAO="Faculdades Maria Thereza" NOME-GRANDE-AREA-DO-CONHECIMENTO="CIENCIAS_DA_SAUDE" NOME-DA-AREA-DO-CONHECIMENTO="Educação Física" NOME-DA-SUB-AREA-DO-CONHECIMENTO="" NOME-DA-ESPECIALIDADE="" NIVEL-CURSO="GRADUACAO"/><INFORMACAO-ADICIONAL-CURSO CODIGO-CURSO="90000003" CODIGO-ORGAO="" NOME-ORGAO="" CODIGO-INSTITUICAO="375700000004" NOME-INSTITUICAO="Universidade Castelo Branco" NOME-GRANDE-AREA-DO-CONHECIMENTO="OUTROS" NOME-DA-AREA-DO-CONHECIMENTO="" NOME-DA-SUB-AREA-DO-CONHECIMENTO="" NOME-DA-ESPECIALIDADE="" NIVEL-CURSO="OT"/><INFORMACAO-ADICIONAL-CURSO CODIGO-CURSO="90000004" CODIGO-ORGAO="" NOME-ORGAO="" CODIGO-INSTITUICAO="375700000004" NOME-INSTITUICAO="Universidade Castelo Branco" NOME-GRANDE-AREA-DO-CONHECIMENTO="OUTROS" NOME-DA-AREA-DO-CONHECIMENTO="" NOME-DA-SUB-AREA-DO-CONHECIMENTO="" NOME-DA-ESPECIALIDADE="" NIVEL-CURSO="OT"/><INFORMACAO-ADICIONAL-CURSO CODIGO-CURSO="90000005" CODIGO-ORGAO="" NOME-ORGAO="" CODIGO-INSTITUICAO="375700000004" NOME-INSTITUICAO="Universidade Castelo Branco" NOME-GRANDE-AREA-DO-CONHECIMENTO="OUTROS" NOME-DA-AREA-DO-CONHECIMENTO="" NOME-DA-SUB-AREA-DO-CONHECIMENTO="" NOME-DA-ESPECIALIDADE="" NIVEL-CURSO="EXTENSAO_UNIVERSITARIA"/><INFORMACAO-ADICIONAL-CURSO CODIGO-CURSO="90000006" CODIGO-ORGAO="" NOME-ORGAO="" CODIGO-INSTITUICAO="375700000004" NOME-INSTITUICAO="Universidade Castelo Branco" NOME-GRANDE-AREA-DO-CONHECIMENTO="OUTROS" NOME-DA-AREA-DO-CONHECIMENTO="" NOME-DA-SUB-AREA-DO-CONHECIMENTO="" NOME-DA-ESPECIALIDADE="" NIVEL-CURSO="EXTENSAO_UNIVERSITARIA"/><INFORMACAO-ADICIONAL-CURSO CODIGO-CURSO="90000007" CODIGO-ORGAO="" NOME-ORGAO="" CODIGO-INSTITUICAO="201900000008" NOME-INSTITUICAO="Centro Universitário Augusto Motta" NOME-GRANDE-AREA-DO-CONHECIMENTO="CIENCIAS_DA_SAUDE" NOME-DA-AREA-DO-CONHECIMENTO="Fisioterapia e Terapia Ocupacional" NOME-DA-SUB-AREA-DO-CONHECIMENTO="" NOME-DA-ESPECIALIDADE="" NIVEL-CURSO="GRADUACAO"/><INFORMACAO-ADICIONAL-CURSO CODIGO-CURSO="90000008" CODIGO-ORGAO="" NOME-ORGAO="" CODIGO-INSTITUICAO="J33S00000009" NOME-INSTITUICAO="Faculdades Integradas Maria Thereza" NOME-GRANDE-AREA-DO-CONHECIMENTO="CIENCIAS_DA_SAUDE" NOME-DA-AREA-DO-CONHECIMENTO="Educação Física" NOME-DA-SUB-AREA-DO-CONHECIMENTO="" NOME-DA-ESPECIALIDADE="" NIVEL-CURSO="GRADUACAO"/><INFORMACAO-ADICIONAL-CURSO CODIGO-CURSO="90000009" CODIGO-ORGAO="" NOME-ORGAO="" CODIGO-INSTITUICAO="201900000008" NOME-INSTITUICAO="Centro Universitário Augusto Motta" NOME-GRANDE-AREA-DO-CONHECIMENTO="CIENCIAS_DA_SAUDE" NOME-DA-AREA-DO-CONHECIMENTO="Fisioterapia e Terapia Ocupacional" NOME-DA-SUB-AREA-DO-CONHECIMENTO="" NOME-DA-ESPECIALIDADE="" NIVEL-CURSO="APERFEICOAMENTO"/><INFORMACAO-ADICIONAL-CURSO CODIGO-CURSO="90000010" CODIGO-ORGAO="" NOME-ORGAO="" CODIGO-INSTITUICAO="000900000996" NOME-INSTITUICAO="Confederação Brasileira de Basquete" NOME-GRANDE-AREA-DO-CONHECIMENTO="CIENCIAS_DA_SAUDE" NOME-DA-AREA-DO-CONHECIMENTO="Educação Física" NOME-DA-SUB-AREA-DO-CONHECIMENTO="" NOME-DA-ESPECIALIDADE="" NIVEL-CURSO="OT"/><INFORMACAO-ADICIONAL-CURSO CODIGO-CURSO="90000011" CODIGO-ORGAO="" NOME-ORGAO="" CODIGO-INSTITUICAO="000900000996" NOME-INSTITUICAO="Confederação Brasileira de Basquete" NOME-GRANDE-AREA-DO-CONHECIMENTO="CIENCIAS_DA_SAUDE" NOME-DA-AREA-DO-CONHECIMENTO="Educação Física" NOME-DA-SUB-AREA-DO-CONHECIMENTO="" NOME-DA-ESPECIALIDADE="" NIVEL-CURSO="CURSO_DE_CURTA_DURACAO"/><INFORMACAO-ADICIONAL-CURSO CODIGO-CURSO="90000012" CODIGO-ORGAO="" NOME-ORGAO="" CODIGO-INSTITUICAO="001900000994" NOME-INSTITUICAO="REDE EUROAMERICANA DE MOTRICIDADE HUMANA" NOME-GRANDE-AREA-DO-CONHECIMENTO="OUTROS" NOME-DA-AREA-DO-CONHECIMENTO="Multidisciplinar" NOME-DA-SUB-AREA-DO-CONHECIMENTO="" NOME-DA-ESPECIALIDADE="" NIVEL-CURSO="DOUTORADO"/><INFORMACAO-ADICIONAL-CURSO CODIGO-CURSO="90000013" CODIGO-ORGAO="" NOME-ORGAO="" CODIGO-INSTITUICAO="001800000992" NOME-INSTITUICAO="Marinha do Brasil" NOME-GRANDE-AREA-DO-CONHECIMENTO="CIENCIAS_HUMANAS" NOME-DA-AREA-DO-CONHECIMENTO="Educação" NOME-DA-SUB-AREA-DO-CONHECIMENTO="" NOME-DA-ESPECIALIDADE="" NIVEL-CURSO="CURSO_DE_CURTA_DURACAO"/><INFORMACAO-ADICIONAL-CURSO CODIGO-CURSO="90000014" CODIGO-ORGAO="" NOME-ORGAO="" CODIGO-INSTITUICAO="001800000992" NOME-INSTITUICAO="Marinha do Brasil" NOME-GRANDE-AREA-DO-CONHECIMENTO="OUTROS" NOME-DA-AREA-DO-CONHECIMENTO="Multidisciplinar" NOME-DA-SUB-AREA-DO-CONHECIMENTO="" NOME-DA-ESPECIALIDADE="" NIVEL-CURSO="CURSO_DE_CURTA_DURACAO"/><INFORMACAO-ADICIONAL-CURSO CODIGO-CURSO="90000015" CODIGO-ORGAO="" NOME-ORGAO="" CODIGO-INSTITUICAO="002000000996" NOME-INSTITUICAO="Centro de Adestramento Almirante Newton Braga" NOME-GRANDE-AREA-DO-CONHECIMENTO="OUTROS" NOME-DA-AREA-DO-CONHECIMENTO="Multidisciplinar" NOME-DA-SUB-AREA-DO-CONHECIMENTO="" NOME-DA-ESPECIALIDADE="" NIVEL-CURSO="CURSO_DE_CURTA_DURACAO"/><INFORMACAO-ADICIONAL-CURSO CODIGO-CURSO="90000016" CODIGO-ORGAO="" NOME-ORGAO="" CODIGO-INSTITUICAO="002000000996" NOME-INSTITUICAO="Centro de Adestramento Almirante Newton Braga" NOME-GRANDE-AREA-DO-CONHECIMENTO="OUTROS" NOME-DA-AREA-DO-CONHECIMENTO="Multidisciplinar" NOME-DA-SUB-AREA-DO-CONHECIMENTO="" NOME-DA-ESPECIALIDADE="" NIVEL-CURSO="CURSO_DE_CURTA_DURACAO"/><INFORMACAO-ADICIONAL-CURSO CODIGO-CURSO="90000017" CODIGO-ORGAO="" NOME-ORGAO="" CODIGO-INSTITUICAO="201900000008" NOME-INSTITUICAO="Centro Universitário Augusto Motta" NOME-GRANDE-AREA-DO-CONHECIMENTO="CIENCIAS_DA_SAUDE" NOME-DA-AREA-DO-CONHECIMENTO="Fisioterapia e Terapia Ocupacional" NOME-DA-SUB-AREA-DO-CONHECIMENTO="" NOME-DA-ESPECIALIDADE="" NIVEL-CURSO="EXTENSAO_UNIVERSITARIA"/><INFORMACAO-ADICIONAL-CURSO CODIGO-CURSO="90000018" CODIGO-ORGAO="" NOME-ORGAO="" CODIGO-INSTITUICAO="002300000991" NOME-INSTITUICAO="Conselho Regional de Educação Física 1ª Região" NOME-GRANDE-AREA-DO-CONHECIMENTO="CIENCIAS_DA_SAUDE" NOME-DA-AREA-DO-CONHECIMENTO="Educação Física" NOME-DA-SUB-AREA-DO-CONHECIMENTO="" NOME-DA-ESPECIALIDADE="" NIVEL-CURSO="CURSO_DE_CURTA_DURACAO"/></INFORMACOES-ADICIONAIS-CURSOS></DADOS-COMPLEMENTARES><eventos/></CURRICULO-VITAE>