<CURRICULO-VITAE SISTEMA-ORIGEM-XML="LATTES_OFFLINE" NUMERO-IDENTIFICADOR="5894450991118080" FORMATO-DATA-ATUALIZACAO="DDMMAAAA" DATA-ATUALIZACAO="03022016" FORMATO-HORA-ATUALIZACAO="HHMMSS" HORA-ATUALIZACAO="114558"><DADOS-GERAIS NOME-COMPLETO="Bruno de Oliveira Galvão" NOME-EM-CITACOES-BIBLIOGRAFICAS="GALVÃO, B. O.;GALVÃO, BRUNO DE OLIVEIRA;DE OLIVEIRA GALVÃO, BRUNO" NACIONALIDADE="B" PAIS-DE-NASCIMENTO="Brasil" FORMATO-DATA-DE-NASCIMENTO="DDMMAAAA" FORMATO-DATA-DE-EMISSAO="DDMMAAAA" PERMISSAO-DE-DIVULGACAO="NAO" DATA-FALECIMENTO="" SIGLA-PAIS-NACIONALIDADE="BRA" PAIS-DE-NACIONALIDADE="Brasil"><RESUMO-CV TEXTO-RESUMO-CV-RH="Bruno de Oliveira Galvao é Doutor e Mestre em Psicologia Clínica com ênfase em Clinica e Neurociências pela PUC-Rio - Pontifícia Universidade Católica do Rio de Janeiro (2007). Possui Bacharelado (2003) e Formação (2003) em Psicologia pela USU - Universidade Santa Ursula. Tem experiência em modelos animais de Ansiedade e Panico. No caso foi responsável pelo desenvolvimento e implementação do modelo animal de Pânico (estimulacão elétrica da MCPD) no laboratorio de Neurobiology of State and Trait Anxiety and Temporal-Frontal Lobe Interactions do Professor Neil Mcnaughton. No momento é professor horista no Centro Universitário Augusto Motta e na Universidade Santa Úrsula." TEXTO-RESUMO-CV-RH-EN="Master's at Psychology from Pontifícia Universidade Católica do Rio de Janeiro (2007)."/><ENDERECO FLAG-DE-PREFERENCIA="ENDERECO_RESIDENCIAL"><ENDERECO-PROFISSIONAL CODIGO-INSTITUICAO-EMPRESA="011100000008" NOME-INSTITUICAO-EMPRESA="Pontifícia Universidade Católica do Rio de Janeiro" CODIGO-ORGAO="011100000008" NOME-ORGAO="Pontifícia Universidade Católica do Rio de Janeiro" CODIGO-UNIDADE="" NOME-UNIDADE="" LOGRADOURO-COMPLEMENTO="Marquês de São Vicente 225 Ed. Cardeal Leme SL 201 Departamento de Psicologia" PAIS="Brasil" UF="RJ" CEP="22451-900" CIDADE="Rio de Janeiro" BAIRRO="Gávea" DDD="021" TELEFONE="35271001" RAMAL="" FAX="" E-MAIL="galvbra@yahoo.com.br" HOME-PAGE="http://www.puc-rio.br/index.html"/></ENDERECO><FORMACAO-ACADEMICA-TITULACAO><MESTRADO SEQUENCIA-FORMACAO="1" NIVEL="3" CODIGO-INSTITUICAO="011100000008" NOME-INSTITUICAO="Pontifícia Universidade Católica do Rio de Janeiro" CODIGO-ORGAO="" NOME-ORGAO="" CODIGO-CURSO="31040098" NOME-CURSO="Psicologia (Psicologia Clínica)" CODIGO-AREA-CURSO="70700001" STATUS-DO-CURSO="CONCLUIDO" ANO-DE-INICIO="2005" ANO-DE-CONCLUSAO="2007" FLAG-BOLSA="SIM" CODIGO-AGENCIA-FINANCIADORA="045000000000" NOME-AGENCIA="Coordenação de Aperfeiçoamento de Pessoal de Nível Superior" ANO-DE-OBTENCAO-DO-TITULO="2007" TITULO-DA-DISSERTACAO-TESE="Avaliação Comportamental e Farmacológica da Relação entre Ansiedade e Pânico em Modelos Animais" NOME-COMPLETO-DO-ORIENTADOR="Jesus Landeira Fernandez" TIPO-MESTRADO="" NUMERO-ID-ORIENTADOR="9330950719388986" CODIGO-CURSO-CAPES="31005012009P0" TITULO-DA-DISSERTACAO-TESE-INGLES="" NOME-CURSO-INGLES="Psychology" NOME-DO-CO-ORIENTADOR="" CODIGO-INSTITUICAO-DOUT="" NOME-INSTITUICAO-DOUT="" CODIGO-INSTITUICAO-OUTRA-DOUT="" NOME-INSTITUICAO-OUTRA-DOUT="" NOME-ORIENTADOR-DOUT=""><conceitoCapes/></MESTRADO><DOUTORADO SEQUENCIA-FORMACAO="2" NIVEL="4" CODIGO-INSTITUICAO="011100000008" NOME-INSTITUICAO="Pontifícia Universidade Católica do Rio de Janeiro" CODIGO-ORGAO="" NOME-ORGAO="" CODIGO-CURSO="31040098" NOME-CURSO="Psicologia (Psicologia Clínica)" CODIGO-AREA-CURSO="70700001" STATUS-DO-CURSO="CONCLUIDO" ANO-DE-INICIO="2008" ANO-DE-CONCLUSAO="2012" FLAG-BOLSA="SIM" CODIGO-AGENCIA-FINANCIADORA="002200000000" NOME-AGENCIA="Conselho Nacional de Desenvolvimento Científico e Tecnológico" ANO-DE-OBTENCAO-DO-TITULO="2012" TITULO-DA-DISSERTACAO-TESE="Participação do Córtex Cingulado Anterior Rostral nas reações de defesa produzidas pelo condicionamento contextual de medo e pela estimulação elétrica da Matéria Cinzenta Periaquedutal." NOME-COMPLETO-DO-ORIENTADOR="J. Landeira Fernandez" TIPO-DOUTORADO="N" CODIGO-INSTITUICAO-DOUT="" NOME-INSTITUICAO-DOUT="" CODIGO-INSTITUICAO-OUTRA-DOUT="" NOME-INSTITUICAO-OUTRA-DOUT="" NOME-ORIENTADOR-DOUT="" NUMERO-ID-ORIENTADOR="" CODIGO-CURSO-CAPES="31005012009P0" TITULO-DA-DISSERTACAO-TESE-INGLES="" NOME-CURSO-INGLES="Psychology" NOME-DO-ORIENTADOR-CO-TUTELA="" CODIGO-INSTITUICAO-OUTRA-CO-TUTELA="" CODIGO-INSTITUICAO-CO-TUTELA="" NOME-DO-ORIENTADOR-SANDUICHE="" CODIGO-INSTITUICAO-OUTRA-SANDUICHE="" CODIGO-INSTITUICAO-SANDUICHE="" NOME-DO-CO-ORIENTADOR=""><conceitoCapes/></DOUTORADO></FORMACAO-ACADEMICA-TITULACAO><ATUACOES-PROFISSIONAIS><ATUACAO-PROFISSIONAL CODIGO-INSTITUICAO="011100000008" NOME-INSTITUICAO="Pontifícia Universidade Católica do Rio de Janeiro" SEQUENCIA-ATIVIDADE="1" SEQUENCIA-IMPORTANCIA="3"><VINCULOS SEQUENCIA-HISTORICO="1" TIPO-DE-VINCULO="COLABORADOR" ENQUADRAMENTO-FUNCIONAL="LIVRE" CARGA-HORARIA-SEMANAL="" FLAG-DEDICACAO-EXCLUSIVA="SIM" MES-INICIO="" ANO-INICIO="2005" MES-FIM="" ANO-FIM="2007" OUTRAS-INFORMACOES="" FLAG-VINCULO-EMPREGATICIO="SIM" OUTRO-VINCULO-INFORMADO="" OUTRO-ENQUADRAMENTO-FUNCIONAL-INFORMADO="Pesquisador e Mestrando" OUTRO-ENQUADRAMENTO-FUNCIONAL-INFORMADO-INGLES="" OUTRAS-INFORMACOES-INGLES=""/><atividadesProfissionaisPlanificadas/></ATUACAO-PROFISSIONAL><ATUACAO-PROFISSIONAL CODIGO-INSTITUICAO="000100000991" NOME-INSTITUICAO="PUC-Rio" SEQUENCIA-ATIVIDADE="2" SEQUENCIA-IMPORTANCIA="2"><VINCULOS SEQUENCIA-HISTORICO="1" TIPO-DE-VINCULO="COLABORADOR" ENQUADRAMENTO-FUNCIONAL="LIVRE" CARGA-HORARIA-SEMANAL="" FLAG-DEDICACAO-EXCLUSIVA="NAO" MES-INICIO="" ANO-INICIO="2008" MES-FIM="" ANO-FIM="" OUTRAS-INFORMACOES="Sem comprovante de vínculo." FLAG-VINCULO-EMPREGATICIO="SIM" OUTRO-VINCULO-INFORMADO="" OUTRO-ENQUADRAMENTO-FUNCIONAL-INFORMADO="Pesquisador Convidado" OUTRO-ENQUADRAMENTO-FUNCIONAL-INFORMADO-INGLES="" OUTRAS-INFORMACOES-INGLES=""/><atividadesProfissionaisPlanificadas/></ATUACAO-PROFISSIONAL><ATUACAO-PROFISSIONAL CODIGO-INSTITUICAO="IZU100000000" NOME-INSTITUICAO="Universidade de Otago" SEQUENCIA-ATIVIDADE="3" SEQUENCIA-IMPORTANCIA="1"><VINCULOS SEQUENCIA-HISTORICO="1" TIPO-DE-VINCULO="COLABORADOR" ENQUADRAMENTO-FUNCIONAL="LIVRE" CARGA-HORARIA-SEMANAL="" FLAG-DEDICACAO-EXCLUSIVA="NAO" MES-INICIO="" ANO-INICIO="2012" MES-FIM="" ANO-FIM="" OUTRAS-INFORMACOES="Sem comprovante de vínculo." FLAG-VINCULO-EMPREGATICIO="SIM" OUTRO-VINCULO-INFORMADO="" OUTRO-ENQUADRAMENTO-FUNCIONAL-INFORMADO="Pesquisador Convidado" OUTRO-ENQUADRAMENTO-FUNCIONAL-INFORMADO-INGLES="" OUTRAS-INFORMACOES-INGLES=""/><atividadesProfissionaisPlanificadas/></ATUACAO-PROFISSIONAL><ATUACAO-PROFISSIONAL CODIGO-INSTITUICAO="000200000993" NOME-INSTITUICAO="Nucleo de Neuropsicologia Clinica e Experimental" SEQUENCIA-ATIVIDADE="4" SEQUENCIA-IMPORTANCIA="4"><VINCULOS SEQUENCIA-HISTORICO="1" TIPO-DE-VINCULO="COLABORADOR" ENQUADRAMENTO-FUNCIONAL="LIVRE" CARGA-HORARIA-SEMANAL="" FLAG-DEDICACAO-EXCLUSIVA="SIM" MES-INICIO="" ANO-INICIO="2012" MES-FIM="" ANO-FIM="" OUTRAS-INFORMACOES="Pesquisador NNCE. Ministra orientação e aperfeicoamento de tecnicas laboratoriais e treinamento em modelos animais de ansiedade e panico à bolsista de iniciação científica e estagiários voluntários. Sem comprovante de vínculo." FLAG-VINCULO-EMPREGATICIO="SIM" OUTRO-VINCULO-INFORMADO="" OUTRO-ENQUADRAMENTO-FUNCIONAL-INFORMADO="Pesquisador" OUTRO-ENQUADRAMENTO-FUNCIONAL-INFORMADO-INGLES="" OUTRAS-INFORMACOES-INGLES=""/><atividadesProfissionaisPlanificadas/></ATUACAO-PROFISSIONAL><ATUACAO-PROFISSIONAL CODIGO-INSTITUICAO="201900000008" NOME-INSTITUICAO="Centro Universitário Augusto Motta" SEQUENCIA-ATIVIDADE="5" SEQUENCIA-IMPORTANCIA=""><VINCULOS SEQUENCIA-HISTORICO="2" TIPO-DE-VINCULO="LIVRE" ENQUADRAMENTO-FUNCIONAL="LIVRE" CARGA-HORARIA-SEMANAL="20" FLAG-DEDICACAO-EXCLUSIVA="NAO" MES-INICIO="02" ANO-INICIO="2013" MES-FIM="" ANO-FIM="" OUTRAS-INFORMACOES="Docente nas disciplinas: (a) Percepção; (b) Inteligência, aprendizagem e memória; (c) Técnicas Psicométricas de Avaliação; (d) Técnicas Cognitivo-Comportamentais." FLAG-VINCULO-EMPREGATICIO="NAO" OUTRO-VINCULO-INFORMADO="" OUTRO-ENQUADRAMENTO-FUNCIONAL-INFORMADO="Professor Auxiliar" OUTRO-ENQUADRAMENTO-FUNCIONAL-INFORMADO-INGLES="" OUTRAS-INFORMACOES-INGLES=""/><atividadesProfissionaisPlanificadas/></ATUACAO-PROFISSIONAL><ATUACAO-PROFISSIONAL CODIGO-INSTITUICAO="153900000004" NOME-INSTITUICAO="Universidade Santa Úrsula" SEQUENCIA-ATIVIDADE="6" SEQUENCIA-IMPORTANCIA="6"><VINCULOS SEQUENCIA-HISTORICO="1" TIPO-DE-VINCULO="CELETISTA" ENQUADRAMENTO-FUNCIONAL="LIVRE" CARGA-HORARIA-SEMANAL="8" FLAG-DEDICACAO-EXCLUSIVA="NAO" MES-INICIO="02" ANO-INICIO="2016" MES-FIM="" ANO-FIM="" OUTRAS-INFORMACOES="" FLAG-VINCULO-EMPREGATICIO="NAO" OUTRO-VINCULO-INFORMADO="" OUTRO-ENQUADRAMENTO-FUNCIONAL-INFORMADO="Professor Horista" OUTRO-ENQUADRAMENTO-FUNCIONAL-INFORMADO-INGLES="" OUTRAS-INFORMACOES-INGLES=""/><atividadesProfissionaisPlanificadas/></ATUACAO-PROFISSIONAL></ATUACOES-PROFISSIONAIS><AREAS-DE-ATUACAO><AREA-DE-ATUACAO SEQUENCIA-AREA-DE-ATUACAO="1" NOME-GRANDE-AREA-DO-CONHECIMENTO="CIENCIAS_HUMANAS" NOME-DA-AREA-DO-CONHECIMENTO="Psicologia" NOME-DA-SUB-AREA-DO-CONHECIMENTO="Psicologia Fisiológica" NOME-DA-ESPECIALIDADE="Estimulação Elétrica e com Drogas; Comportamento"/><AREA-DE-ATUACAO SEQUENCIA-AREA-DE-ATUACAO="2" NOME-GRANDE-AREA-DO-CONHECIMENTO="CIENCIAS_HUMANAS" NOME-DA-AREA-DO-CONHECIMENTO="Psicologia" NOME-DA-SUB-AREA-DO-CONHECIMENTO="Psicologia Experimental" NOME-DA-ESPECIALIDADE="Processos de Aprendizagem, Memória e Motivação"/><AREA-DE-ATUACAO SEQUENCIA-AREA-DE-ATUACAO="3" NOME-GRANDE-AREA-DO-CONHECIMENTO="CIENCIAS_HUMANAS" NOME-DA-AREA-DO-CONHECIMENTO="Psicologia" NOME-DA-SUB-AREA-DO-CONHECIMENTO="Psicologia Fisiológica" NOME-DA-ESPECIALIDADE="Neurologia, Eletrofisiologia e Comportamento"/><AREA-DE-ATUACAO SEQUENCIA-AREA-DE-ATUACAO="4" NOME-GRANDE-AREA-DO-CONHECIMENTO="CIENCIAS_HUMANAS" NOME-DA-AREA-DO-CONHECIMENTO="Psicologia" NOME-DA-SUB-AREA-DO-CONHECIMENTO="Psicologia Experimental" NOME-DA-ESPECIALIDADE=""/><AREA-DE-ATUACAO SEQUENCIA-AREA-DE-ATUACAO="5" NOME-GRANDE-AREA-DO-CONHECIMENTO="CIENCIAS_HUMANAS" NOME-DA-AREA-DO-CONHECIMENTO="Psicologia" NOME-DA-SUB-AREA-DO-CONHECIMENTO="Psicologia Cognitiva" NOME-DA-ESPECIALIDADE=""/><AREA-DE-ATUACAO SEQUENCIA-AREA-DE-ATUACAO="6" NOME-GRANDE-AREA-DO-CONHECIMENTO="CIENCIAS_HUMANAS" NOME-DA-AREA-DO-CONHECIMENTO="Psicologia" NOME-DA-SUB-AREA-DO-CONHECIMENTO="" NOME-DA-ESPECIALIDADE=""/></AREAS-DE-ATUACAO><IDIOMAS><IDIOMA IDIOMA="EN" DESCRICAO-DO-IDIOMA="Inglês" PROFICIENCIA-DE-LEITURA="BEM" PROFICIENCIA-DE-FALA="BEM" PROFICIENCIA-DE-ESCRITA="BEM" PROFICIENCIA-DE-COMPREENSAO="BEM"/><IDIOMA IDIOMA="ES" DESCRICAO-DO-IDIOMA="Espanhol" PROFICIENCIA-DE-LEITURA="RAZOAVELMENTE" PROFICIENCIA-DE-FALA="POUCO" PROFICIENCIA-DE-ESCRITA="POUCO" PROFICIENCIA-DE-COMPREENSAO="RAZOAVELMENTE"/><IDIOMA IDIOMA="FR" DESCRICAO-DO-IDIOMA="Francês" PROFICIENCIA-DE-LEITURA="RAZOAVELMENTE" PROFICIENCIA-DE-FALA="POUCO" PROFICIENCIA-DE-ESCRITA="POUCO" PROFICIENCIA-DE-COMPREENSAO="POUCO"/></IDIOMAS><staValidado/><dataExibicao/><dadosBolsista/></DADOS-GERAIS><PRODUCAO-BIBLIOGRAFICA><TRABALHOS-EM-EVENTOS><TRABALHO-EM-EVENTOS SEQUENCIA-PRODUCAO="3"><DADOS-BASICOS-DO-TRABALHO NATUREZA="RESUMO" TITULO-DO-TRABALHO="Effect of electrical stimulation of the dorsal periaqueductal gray in Carioca high-and low-conditioned freezing rats." ANO-DO-TRABALHO="2010" PAIS-DO-EVENTO="Brasil" IDIOMA="Inglês" MEIO-DE-DIVULGACAO="VARIOS" HOME-PAGE-DO-TRABALHO="" FLAG-RELEVANCIA="NAO" DOI="" TITULO-DO-TRABALHO-INGLES="" FLAG-DIVULGACAO-CIENTIFICA="NAO"/><DETALHAMENTO-DO-TRABALHO CLASSIFICACAO-DO-EVENTO="INTERNACIONAL" NOME-DO-EVENTO="40th Society for Neuroscience Congress" CIDADE-DO-EVENTO="San Diego, CA" ANO-DE-REALIZACAO="2010" TITULO-DOS-ANAIS-OU-PROCEEDINGS="40th Society for Neuroscience Congress" VOLUME="" FASCICULO="" SERIE="" PAGINA-INICIAL="" PAGINA-FINAL="" ISBN="" NOME-DA-EDITORA="" CIDADE-DA-EDITORA="" NOME-DO-EVENTO-INGLES=""/><AUTORES NOME-COMPLETO-DO-AUTOR="Bruno de Oliveira Galvão" NOME-PARA-CITACAO="GALVÃO, B. O.;GALVÃO, BRUNO DE OLIVEIRA;DE OLIVEIRA GALVÃO, BRUNO" ORDEM-DE-AUTORIA="1" NRO-ID-CNPQ="5894450991118080"/><AUTORES NOME-COMPLETO-DO-AUTOR="Vitor de Castro Gomes" NOME-PARA-CITACAO="GOMES, V. C." ORDEM-DE-AUTORIA="2" NRO-ID-CNPQ=""/><AUTORES NOME-COMPLETO-DO-AUTOR="Silvia Maisonnette" NOME-PARA-CITACAO="Maisonnette S." ORDEM-DE-AUTORIA="3" NRO-ID-CNPQ=""/><AUTORES NOME-COMPLETO-DO-AUTOR="Landeira-Fernandez" NOME-PARA-CITACAO="LANDEIRA-FERNANDEZ" ORDEM-DE-AUTORIA="4" NRO-ID-CNPQ=""/><PALAVRAS-CHAVE PALAVRA-CHAVE-1="Contextual fear; dPAG electrical stimulation" PALAVRA-CHAVE-2="" PALAVRA-CHAVE-3="" PALAVRA-CHAVE-4="" PALAVRA-CHAVE-5="" PALAVRA-CHAVE-6=""/></TRABALHO-EM-EVENTOS><TRABALHO-EM-EVENTOS SEQUENCIA-PRODUCAO="4"><DADOS-BASICOS-DO-TRABALHO NATUREZA="RESUMO" TITULO-DO-TRABALHO="Effects of anxiety on the escape behavior induced by the microinjection of NMDA in the dorsal periaqueductal gray." ANO-DO-TRABALHO="2008" PAIS-DO-EVENTO="Brasil" IDIOMA="Inglês" MEIO-DE-DIVULGACAO="VARIOS" HOME-PAGE-DO-TRABALHO="" FLAG-RELEVANCIA="NAO" DOI="" TITULO-DO-TRABALHO-INGLES="" FLAG-DIVULGACAO-CIENTIFICA="NAO"/><DETALHAMENTO-DO-TRABALHO CLASSIFICACAO-DO-EVENTO="INTERNACIONAL" NOME-DO-EVENTO="I Congresso IBRO/LARC de Neurociências da América Latina, Caribe e Península Ibérica" CIDADE-DO-EVENTO="Búzios, RJ, Brazil" ANO-DE-REALIZACAO="2008" TITULO-DOS-ANAIS-OU-PROCEEDINGS="I Congresso IBRO/LARC de Neurociências da América Latina, Caribe e Península Ibérica" VOLUME="" FASCICULO="" SERIE="" PAGINA-INICIAL="" PAGINA-FINAL="" ISBN="" NOME-DA-EDITORA="" CIDADE-DA-EDITORA="" NOME-DO-EVENTO-INGLES=""/><AUTORES NOME-COMPLETO-DO-AUTOR="Bruno de Oliveira Galvão" NOME-PARA-CITACAO="GALVÃO, B. O.;GALVÃO, BRUNO DE OLIVEIRA;DE OLIVEIRA GALVÃO, BRUNO" ORDEM-DE-AUTORIA="1" NRO-ID-CNPQ="5894450991118080"/><AUTORES NOME-COMPLETO-DO-AUTOR="Bruno Costa Larrubia" NOME-PARA-CITACAO="LARRUBIA, B. C." ORDEM-DE-AUTORIA="2" NRO-ID-CNPQ=""/><AUTORES NOME-COMPLETO-DO-AUTOR="Luis Fernando Cardenas" NOME-PARA-CITACAO="CARDENAS, L. F." ORDEM-DE-AUTORIA="3" NRO-ID-CNPQ=""/><AUTORES NOME-COMPLETO-DO-AUTOR="Landeira-Fernandez" NOME-PARA-CITACAO="LANDEIRA-FERNANDEZ" ORDEM-DE-AUTORIA="4" NRO-ID-CNPQ=""/><PALAVRAS-CHAVE PALAVRA-CHAVE-1="Contextual fear; NMDA; Panic; dPAG; PTZ" PALAVRA-CHAVE-2="" PALAVRA-CHAVE-3="" PALAVRA-CHAVE-4="" PALAVRA-CHAVE-5="" PALAVRA-CHAVE-6=""/></TRABALHO-EM-EVENTOS><TRABALHO-EM-EVENTOS SEQUENCIA-PRODUCAO="5"><DADOS-BASICOS-DO-TRABALHO NATUREZA="RESUMO" TITULO-DO-TRABALHO="Effects of anxiety on the panic-like behavior induced by the microinjection of NMDA in the dorsal periaqueductal gray." ANO-DO-TRABALHO="2007" PAIS-DO-EVENTO="Brasil" IDIOMA="Inglês" MEIO-DE-DIVULGACAO="VARIOS" HOME-PAGE-DO-TRABALHO="" FLAG-RELEVANCIA="NAO" DOI="" TITULO-DO-TRABALHO-INGLES="" FLAG-DIVULGACAO-CIENTIFICA="NAO"/><DETALHAMENTO-DO-TRABALHO CLASSIFICACAO-DO-EVENTO="INTERNACIONAL" NOME-DO-EVENTO="IBNS Meeting" CIDADE-DO-EVENTO="Rio de Janeiro, RJ, Brazil" ANO-DE-REALIZACAO="2007" TITULO-DOS-ANAIS-OU-PROCEEDINGS="IBNS Meeting" VOLUME="" FASCICULO="" SERIE="" PAGINA-INICIAL="" PAGINA-FINAL="" ISBN="" NOME-DA-EDITORA="" CIDADE-DA-EDITORA="" NOME-DO-EVENTO-INGLES=""/><AUTORES NOME-COMPLETO-DO-AUTOR="Bruno de Oliveira Galvão" NOME-PARA-CITACAO="GALVÃO, B. O.;GALVÃO, BRUNO DE OLIVEIRA;DE OLIVEIRA GALVÃO, BRUNO" ORDEM-DE-AUTORIA="1" NRO-ID-CNPQ="5894450991118080"/><AUTORES NOME-COMPLETO-DO-AUTOR="Bruno Costa Larrubia" NOME-PARA-CITACAO="LARRUBIA, B. C." ORDEM-DE-AUTORIA="2" NRO-ID-CNPQ=""/><AUTORES NOME-COMPLETO-DO-AUTOR="Luis Fernando Cardenas" NOME-PARA-CITACAO="CARDENAS, L. F." ORDEM-DE-AUTORIA="3" NRO-ID-CNPQ=""/><AUTORES NOME-COMPLETO-DO-AUTOR="Landeira-Fernandez" NOME-PARA-CITACAO="LANDEIRA-FERNANDEZ" ORDEM-DE-AUTORIA="4" NRO-ID-CNPQ=""/><PALAVRAS-CHAVE PALAVRA-CHAVE-1="Contextual fear; NMDA; Panic; dPAG" PALAVRA-CHAVE-2="" PALAVRA-CHAVE-3="" PALAVRA-CHAVE-4="" PALAVRA-CHAVE-5="" PALAVRA-CHAVE-6=""/></TRABALHO-EM-EVENTOS><TRABALHO-EM-EVENTOS SEQUENCIA-PRODUCAO="14"><DADOS-BASICOS-DO-TRABALHO NATUREZA="RESUMO" TITULO-DO-TRABALHO="Papel do Córtex Cingulado Anterior Rostral no Medo Incondicionado Elicidado pela Estimulação da MCPD" ANO-DO-TRABALHO="2012" PAIS-DO-EVENTO="Brasil" IDIOMA="Português" MEIO-DE-DIVULGACAO="IMPRESSO" HOME-PAGE-DO-TRABALHO="" FLAG-RELEVANCIA="SIM" DOI="" TITULO-DO-TRABALHO-INGLES="" FLAG-DIVULGACAO-CIENTIFICA="NAO"/><DETALHAMENTO-DO-TRABALHO CLASSIFICACAO-DO-EVENTO="LOCAL" NOME-DO-EVENTO="I Mostra Carioca de Neuropsicologia Clínica" CIDADE-DO-EVENTO="Rio de Janeiro" ANO-DE-REALIZACAO="2012" TITULO-DOS-ANAIS-OU-PROCEEDINGS="I Mostra Carioca de Neuropsicologia Clínica" VOLUME="" FASCICULO="" SERIE="" PAGINA-INICIAL="" PAGINA-FINAL="" ISBN="" NOME-DA-EDITORA="" CIDADE-DA-EDITORA="" NOME-DO-EVENTO-INGLES=""/><AUTORES NOME-COMPLETO-DO-AUTOR="Bruno de Oliveira Galvão" NOME-PARA-CITACAO="GALVÃO, B. O.;GALVÃO, BRUNO DE OLIVEIRA;DE OLIVEIRA GALVÃO, BRUNO" ORDEM-DE-AUTORIA="1" NRO-ID-CNPQ="5894450991118080"/><AUTORES NOME-COMPLETO-DO-AUTOR="FILGUEIRAS, A" NOME-PARA-CITACAO="FILGUEIRAS, A" ORDEM-DE-AUTORIA="2" NRO-ID-CNPQ=""/><AUTORES NOME-COMPLETO-DO-AUTOR="Silvia Maisonnette" NOME-PARA-CITACAO="Maisonnette S." ORDEM-DE-AUTORIA="3" NRO-ID-CNPQ=""/><AUTORES NOME-COMPLETO-DO-AUTOR="Landeira-Fernandez" NOME-PARA-CITACAO="LANDEIRA-FERNANDEZ" ORDEM-DE-AUTORIA="4" NRO-ID-CNPQ=""/></TRABALHO-EM-EVENTOS><TRABALHO-EM-EVENTOS SEQUENCIA-PRODUCAO="18"><DADOS-BASICOS-DO-TRABALHO NATUREZA="RESUMO" TITULO-DO-TRABALHO="Efeito da ansiedade na resposta de fuga induzida pela microinjeção de NMDA na matéria cinzenta cinzenta periaquedutal dorsal." ANO-DO-TRABALHO="2006" PAIS-DO-EVENTO="Brasil" IDIOMA="Português" MEIO-DE-DIVULGACAO="IMPRESSO" HOME-PAGE-DO-TRABALHO="" FLAG-RELEVANCIA="NAO" DOI="" TITULO-DO-TRABALHO-INGLES="" FLAG-DIVULGACAO-CIENTIFICA="NAO"/><DETALHAMENTO-DO-TRABALHO CLASSIFICACAO-DO-EVENTO="REGIONAL" NOME-DO-EVENTO="II Encontro Juizforano de psicologia &amp;amp; I Encontro Regional de Psicologia na Zona da Mata" CIDADE-DO-EVENTO="Juiz de Fora" ANO-DE-REALIZACAO="2006" TITULO-DOS-ANAIS-OU-PROCEEDINGS="II Encontro Juizforano de psicologia &amp;amp; I Encontro Regional de Psicologia na Zona da Mata" VOLUME="" FASCICULO="" SERIE="" PAGINA-INICIAL="" PAGINA-FINAL="" ISBN="" NOME-DA-EDITORA="" CIDADE-DA-EDITORA="" NOME-DO-EVENTO-INGLES=""/><AUTORES NOME-COMPLETO-DO-AUTOR="Bruno Costa Larrubia" NOME-PARA-CITACAO="LARRUBIA, B. C." ORDEM-DE-AUTORIA="1" NRO-ID-CNPQ=""/><AUTORES NOME-COMPLETO-DO-AUTOR="Landeira-Fernandez" NOME-PARA-CITACAO="LANDEIRA-FERNANDEZ" ORDEM-DE-AUTORIA="2" NRO-ID-CNPQ=""/><AUTORES NOME-COMPLETO-DO-AUTOR="Bruno de Oliveira Galvão" NOME-PARA-CITACAO="GALVÃO, B. O.;GALVÃO, BRUNO DE OLIVEIRA;DE OLIVEIRA GALVÃO, BRUNO" ORDEM-DE-AUTORIA="3" NRO-ID-CNPQ="5894450991118080"/><AUTORES NOME-COMPLETO-DO-AUTOR="Vitor de Castro Gomes" NOME-PARA-CITACAO="GOMES, V. C." ORDEM-DE-AUTORIA="4" NRO-ID-CNPQ=""/><AUTORES NOME-COMPLETO-DO-AUTOR="Wouter Hommes" NOME-PARA-CITACAO="HOMMES, W." ORDEM-DE-AUTORIA="5" NRO-ID-CNPQ=""/><PALAVRAS-CHAVE PALAVRA-CHAVE-1="Contextual fear; NMDA; Panic; dPAG" PALAVRA-CHAVE-2="" PALAVRA-CHAVE-3="" PALAVRA-CHAVE-4="" PALAVRA-CHAVE-5="" PALAVRA-CHAVE-6=""/></TRABALHO-EM-EVENTOS><TRABALHO-EM-EVENTOS SEQUENCIA-PRODUCAO="19"><DADOS-BASICOS-DO-TRABALHO NATUREZA="RESUMO" TITULO-DO-TRABALHO="Padrão comportamental no labirinto em cruz elevado entre ratos geneticamente selecionados com alta e baixa resposta de congelamento a estímulos contextuais associados com choques elétricos." ANO-DO-TRABALHO="2005" PAIS-DO-EVENTO="Brasil" IDIOMA="Português" MEIO-DE-DIVULGACAO="NAO_INFORMADO" HOME-PAGE-DO-TRABALHO="" FLAG-RELEVANCIA="NAO" DOI="" TITULO-DO-TRABALHO-INGLES="" FLAG-DIVULGACAO-CIENTIFICA="NAO"/><DETALHAMENTO-DO-TRABALHO CLASSIFICACAO-DO-EVENTO="NAO_INFORMADO" NOME-DO-EVENTO="XXXV Reunião Anual de Psicologia." CIDADE-DO-EVENTO="Curitiba" ANO-DE-REALIZACAO="2005" TITULO-DOS-ANAIS-OU-PROCEEDINGS="XXXV Reunião Anual de Psicologia." VOLUME="" FASCICULO="" SERIE="" PAGINA-INICIAL="" PAGINA-FINAL="" ISBN="" NOME-DA-EDITORA="" CIDADE-DA-EDITORA="" NOME-DO-EVENTO-INGLES=""/><AUTORES NOME-COMPLETO-DO-AUTOR="Bruno Costa Larrubia" NOME-PARA-CITACAO="LARRUBIA, B. C." ORDEM-DE-AUTORIA="1" NRO-ID-CNPQ=""/><AUTORES NOME-COMPLETO-DO-AUTOR="Landeira-Fernandez" NOME-PARA-CITACAO="LANDEIRA-FERNANDEZ" ORDEM-DE-AUTORIA="2" NRO-ID-CNPQ=""/><AUTORES NOME-COMPLETO-DO-AUTOR="Bruno de Oliveira Galvão" NOME-PARA-CITACAO="GALVÃO, B. O.;GALVÃO, BRUNO DE OLIVEIRA;DE OLIVEIRA GALVÃO, BRUNO" ORDEM-DE-AUTORIA="3" NRO-ID-CNPQ="5894450991118080"/><AUTORES NOME-COMPLETO-DO-AUTOR="Almeida L.P." NOME-PARA-CITACAO="L.P., A." ORDEM-DE-AUTORIA="4" NRO-ID-CNPQ=""/></TRABALHO-EM-EVENTOS><TRABALHO-EM-EVENTOS SEQUENCIA-PRODUCAO="20"><DADOS-BASICOS-DO-TRABALHO NATUREZA="RESUMO" TITULO-DO-TRABALHO="Effects of anxiety on yhe escape behavior induced by the microinjection of NMDA in dorsal periaqueductal gray" ANO-DO-TRABALHO="2007" PAIS-DO-EVENTO="Brasil" IDIOMA="Português" MEIO-DE-DIVULGACAO="IMPRESSO" HOME-PAGE-DO-TRABALHO="" FLAG-RELEVANCIA="NAO" DOI="" TITULO-DO-TRABALHO-INGLES="" FLAG-DIVULGACAO-CIENTIFICA="NAO"/><DETALHAMENTO-DO-TRABALHO CLASSIFICACAO-DO-EVENTO="NAO_INFORMADO" NOME-DO-EVENTO="II Simpósio de Neurociências de Natal" CIDADE-DO-EVENTO="Natal" ANO-DE-REALIZACAO="2007" TITULO-DOS-ANAIS-OU-PROCEEDINGS="II Simpósio de Neurociências de Natal" VOLUME="" FASCICULO="" SERIE="" PAGINA-INICIAL="" PAGINA-FINAL="" ISBN="" NOME-DA-EDITORA="" CIDADE-DA-EDITORA="" NOME-DO-EVENTO-INGLES=""/><AUTORES NOME-COMPLETO-DO-AUTOR="Bruno Costa Larrubia" NOME-PARA-CITACAO="LARRUBIA, B. C." ORDEM-DE-AUTORIA="1" NRO-ID-CNPQ=""/><AUTORES NOME-COMPLETO-DO-AUTOR="Bruno de Oliveira Galvão" NOME-PARA-CITACAO="GALVÃO, B. O.;GALVÃO, BRUNO DE OLIVEIRA;DE OLIVEIRA GALVÃO, BRUNO" ORDEM-DE-AUTORIA="2" NRO-ID-CNPQ="5894450991118080"/><AUTORES NOME-COMPLETO-DO-AUTOR="Landeira-Fernandez" NOME-PARA-CITACAO="LANDEIRA-FERNANDEZ" ORDEM-DE-AUTORIA="3" NRO-ID-CNPQ=""/><AUTORES NOME-COMPLETO-DO-AUTOR="Luis Fernando Cardenas" NOME-PARA-CITACAO="CARDENAS, L. F." ORDEM-DE-AUTORIA="4" NRO-ID-CNPQ=""/><PALAVRAS-CHAVE PALAVRA-CHAVE-1="Contextual fear; NMDA; Panic; dPAG" PALAVRA-CHAVE-2="" PALAVRA-CHAVE-3="" PALAVRA-CHAVE-4="" PALAVRA-CHAVE-5="" PALAVRA-CHAVE-6=""/></TRABALHO-EM-EVENTOS><TRABALHO-EM-EVENTOS SEQUENCIA-PRODUCAO="6"><DADOS-BASICOS-DO-TRABALHO NATUREZA="RESUMO" TITULO-DO-TRABALHO="Effect of water deprivation and home cage size on anxiety and exploratory behaviors in rats." ANO-DO-TRABALHO="2009" PAIS-DO-EVENTO="Brasil" IDIOMA="Inglês" MEIO-DE-DIVULGACAO="VARIOS" HOME-PAGE-DO-TRABALHO="" FLAG-RELEVANCIA="NAO" DOI="" TITULO-DO-TRABALHO-INGLES="" FLAG-DIVULGACAO-CIENTIFICA="NAO"/><DETALHAMENTO-DO-TRABALHO CLASSIFICACAO-DO-EVENTO="INTERNACIONAL" NOME-DO-EVENTO="39th Neuroscience Congress" CIDADE-DO-EVENTO="Chicago, IL" ANO-DE-REALIZACAO="2009" TITULO-DOS-ANAIS-OU-PROCEEDINGS="39th Neuroscience Congress" VOLUME="" FASCICULO="" SERIE="" PAGINA-INICIAL="" PAGINA-FINAL="" ISBN="" NOME-DA-EDITORA="" CIDADE-DA-EDITORA="" NOME-DO-EVENTO-INGLES=""/><AUTORES NOME-COMPLETO-DO-AUTOR="Bruno de Oliveira Galvão" NOME-PARA-CITACAO="GALVÃO, B. O.;GALVÃO, BRUNO DE OLIVEIRA;DE OLIVEIRA GALVÃO, BRUNO" ORDEM-DE-AUTORIA="1" NRO-ID-CNPQ="5894450991118080"/><AUTORES NOME-COMPLETO-DO-AUTOR="Javier Rico" NOME-PARA-CITACAO="RICO, J.L." ORDEM-DE-AUTORIA="2" NRO-ID-CNPQ=""/><AUTORES NOME-COMPLETO-DO-AUTOR="Silvio Morato de Carvalho" NOME-PARA-CITACAO="Morato, S." ORDEM-DE-AUTORIA="3" NRO-ID-CNPQ=""/><AUTORES NOME-COMPLETO-DO-AUTOR="Landeira-Fernandez" NOME-PARA-CITACAO="LANDEIRA-FERNANDEZ" ORDEM-DE-AUTORIA="4" NRO-ID-CNPQ=""/><PALAVRAS-CHAVE PALAVRA-CHAVE-1="water deprivation; anxiety; cage size; EPM" PALAVRA-CHAVE-2="" PALAVRA-CHAVE-3="" PALAVRA-CHAVE-4="" PALAVRA-CHAVE-5="" PALAVRA-CHAVE-6=""/></TRABALHO-EM-EVENTOS></TRABALHOS-EM-EVENTOS><ARTIGOS-PUBLICADOS><ARTIGO-PUBLICADO SEQUENCIA-PRODUCAO="25" ORDEM-IMPORTANCIA=""><DADOS-BASICOS-DO-ARTIGO NATUREZA="COMPLETO" TITULO-DO-ARTIGO="Tradução e adaptação semântica do Questionário de Controle Atencional para o Contexto Brasileiro" ANO-DO-ARTIGO="2015" PAIS-DE-PUBLICACAO="" IDIOMA="Inglês" MEIO-DE-DIVULGACAO="MEIO_DIGITAL" HOME-PAGE-DO-TRABALHO="[doi:10.1590/0103-166x2015000200003]" FLAG-RELEVANCIA="NAO" DOI="10.1590/0103-166x2015000200003" TITULO-DO-ARTIGO-INGLES="" FLAG-DIVULGACAO-CIENTIFICA="NAO"/><DETALHAMENTO-DO-ARTIGO TITULO-DO-PERIODICO-OU-REVISTA="Estudos de Psicologia (PUCCAMP. Impresso)" ISSN="0103166X" VOLUME="32" FASCICULO="" SERIE="2" PAGINA-INICIAL="173" PAGINA-FINAL="185" LOCAL-DE-PUBLICACAO=""/><AUTORES NOME-COMPLETO-DO-AUTOR="FILGUEIRAS, ALBERTO" NOME-PARA-CITACAO="FILGUEIRAS, ALBERTO" ORDEM-DE-AUTORIA="1" NRO-ID-CNPQ="4642533350312762"/><AUTORES NOME-COMPLETO-DO-AUTOR="Bruno de Oliveira Galvão" NOME-PARA-CITACAO="GALVÃO, BRUNO DE OLIVEIRA" ORDEM-DE-AUTORIA="2" NRO-ID-CNPQ=""/><AUTORES NOME-COMPLETO-DO-AUTOR="PIRES, PEDRO" NOME-PARA-CITACAO="PIRES, PEDRO" ORDEM-DE-AUTORIA="3" NRO-ID-CNPQ=""/><AUTORES NOME-COMPLETO-DO-AUTOR="FIORAVANTI-BASTOS, ANA CAROLINA MONNERATT" NOME-PARA-CITACAO="FIORAVANTI-BASTOS, ANA CAROLINA MONNERATT" ORDEM-DE-AUTORIA="4" NRO-ID-CNPQ=""/><AUTORES NOME-COMPLETO-DO-AUTOR="HORA, GABRIELA PEREIRA RANGEL" NOME-PARA-CITACAO="HORA, GABRIELA PEREIRA RANGEL" ORDEM-DE-AUTORIA="5" NRO-ID-CNPQ=""/><AUTORES NOME-COMPLETO-DO-AUTOR="Santana, Cristina Maria Teixeira" NOME-PARA-CITACAO="Santana, Cristina Maria Teixeira" ORDEM-DE-AUTORIA="6" NRO-ID-CNPQ=""/><AUTORES NOME-COMPLETO-DO-AUTOR="LANDEIRA-FERNANDEZ, JESUS" NOME-PARA-CITACAO="LANDEIRA-FERNANDEZ, JESUS" ORDEM-DE-AUTORIA="7" NRO-ID-CNPQ=""/></ARTIGO-PUBLICADO><ARTIGO-PUBLICADO SEQUENCIA-PRODUCAO="22" ORDEM-IMPORTANCIA=""><DADOS-BASICOS-DO-ARTIGO NATUREZA="COMPLETO" TITULO-DO-ARTIGO="Development and psychometric properties of a novel depression measure" ANO-DO-ARTIGO="2014" PAIS-DE-PUBLICACAO="" IDIOMA="Português" MEIO-DE-DIVULGACAO="MEIO_DIGITAL" HOME-PAGE-DO-TRABALHO="[doi:10.9788/tp2014.1-19]" FLAG-RELEVANCIA="NAO" DOI="10.9788/tp2014.1-19" TITULO-DO-ARTIGO-INGLES="" FLAG-DIVULGACAO-CIENTIFICA="NAO"/><DETALHAMENTO-DO-ARTIGO TITULO-DO-PERIODICO-OU-REVISTA="Temas em Psicologia (Ribeirão Preto)" ISSN="1413389X" VOLUME="22" FASCICULO="" SERIE="1" PAGINA-INICIAL="249" PAGINA-FINAL="269" LOCAL-DE-PUBLICACAO=""/><AUTORES NOME-COMPLETO-DO-AUTOR="FILGUEIRAS, ALBERTO" NOME-PARA-CITACAO="FILGUEIRAS, ALBERTO" ORDEM-DE-AUTORIA="1" NRO-ID-CNPQ="4642533350312762"/><AUTORES NOME-COMPLETO-DO-AUTOR="HORA, GABRIELA" NOME-PARA-CITACAO="HORA, GABRIELA" ORDEM-DE-AUTORIA="2" NRO-ID-CNPQ=""/><AUTORES NOME-COMPLETO-DO-AUTOR="FIORAVANTI-BASTOS, ANA CAROLINA M." NOME-PARA-CITACAO="FIORAVANTI-BASTOS, ANA CAROLINA M." ORDEM-DE-AUTORIA="3" NRO-ID-CNPQ=""/><AUTORES NOME-COMPLETO-DO-AUTOR="SANTANA, CRISTINA M. T." NOME-PARA-CITACAO="SANTANA, CRISTINA M. T." ORDEM-DE-AUTORIA="4" NRO-ID-CNPQ=""/><AUTORES NOME-COMPLETO-DO-AUTOR="PIRES, PEDRO" NOME-PARA-CITACAO="PIRES, PEDRO" ORDEM-DE-AUTORIA="5" NRO-ID-CNPQ=""/><AUTORES NOME-COMPLETO-DO-AUTOR="Bruno de Oliveira Galvão" NOME-PARA-CITACAO="GALVÃO, BRUNO DE OLIVEIRA" ORDEM-DE-AUTORIA="6" NRO-ID-CNPQ=""/><AUTORES NOME-COMPLETO-DO-AUTOR="Landeira-Fernandez, J." NOME-PARA-CITACAO="Landeira-Fernandez, J." ORDEM-DE-AUTORIA="7" NRO-ID-CNPQ=""/></ARTIGO-PUBLICADO><ARTIGO-PUBLICADO SEQUENCIA-PRODUCAO="23" ORDEM-IMPORTANCIA=""><DADOS-BASICOS-DO-ARTIGO NATUREZA="COMPLETO" TITULO-DO-ARTIGO="Effect of Dorsal and Ventral Hippocampal Lesions on Contextual Fear Conditioning and Unconditioned Defensive Behavior Induced by Electrical Stimulation of the Dorsal Periaqueductal Gray" ANO-DO-ARTIGO="2014" PAIS-DE-PUBLICACAO="" IDIOMA="Inglês" MEIO-DE-DIVULGACAO="MEIO_DIGITAL" HOME-PAGE-DO-TRABALHO="[http://www.plosone.org/article/info%3Adoi%2F10.1371%2Fjournal.pone.0083342][doi:10.1371/journal.pone.0083342]" FLAG-RELEVANCIA="SIM" DOI="10.1371/journal.pone.0083342" TITULO-DO-ARTIGO-INGLES="" FLAG-DIVULGACAO-CIENTIFICA="NAO"/><DETALHAMENTO-DO-ARTIGO TITULO-DO-PERIODICO-OU-REVISTA="Plos One" ISSN="19326203" VOLUME="9" FASCICULO="" SERIE="1" PAGINA-INICIAL="e83342" PAGINA-FINAL="" LOCAL-DE-PUBLICACAO=""/><AUTORES NOME-COMPLETO-DO-AUTOR="BALLESTEROS, CAROLINA IRURITA" NOME-PARA-CITACAO="BALLESTEROS, CAROLINA IRURITA" ORDEM-DE-AUTORIA="1" NRO-ID-CNPQ="4271373672316453"/><AUTORES NOME-COMPLETO-DO-AUTOR="Bruno de Oliveira Galvão" NOME-PARA-CITACAO="DE OLIVEIRA GALVÃO, BRUNO" ORDEM-DE-AUTORIA="2" NRO-ID-CNPQ=""/><AUTORES NOME-COMPLETO-DO-AUTOR="MAISONETTE, SILVIA" NOME-PARA-CITACAO="MAISONETTE, SILVIA" ORDEM-DE-AUTORIA="3" NRO-ID-CNPQ="3929785159252421"/><AUTORES NOME-COMPLETO-DO-AUTOR="Landeira-Fernandez, J." NOME-PARA-CITACAO="Landeira-Fernandez, J." ORDEM-DE-AUTORIA="4" NRO-ID-CNPQ=""/></ARTIGO-PUBLICADO><ARTIGO-PUBLICADO SEQUENCIA-PRODUCAO="12" ORDEM-IMPORTANCIA=""><DADOS-BASICOS-DO-ARTIGO NATUREZA="COMPLETO" TITULO-DO-ARTIGO="Panic-like behaviors in Carioca High-and Low-conditioned Freezing rats" ANO-DO-ARTIGO="2011" PAIS-DE-PUBLICACAO="" IDIOMA="Português" MEIO-DE-DIVULGACAO="MEIO_DIGITAL" HOME-PAGE-DO-TRABALHO="[doi:10.3922/j.psns.2011.2.005]" FLAG-RELEVANCIA="NAO" DOI="10.3922/j.psns.2011.2.005" TITULO-DO-ARTIGO-INGLES="" FLAG-DIVULGACAO-CIENTIFICA="NAO"/><DETALHAMENTO-DO-ARTIGO TITULO-DO-PERIODICO-OU-REVISTA="Psychology &amp;amp; Neuroscience (Impresso)" ISSN="19843054" VOLUME="4" FASCICULO="" SERIE="" PAGINA-INICIAL="205" PAGINA-FINAL="210" LOCAL-DE-PUBLICACAO=""/><AUTORES NOME-COMPLETO-DO-AUTOR="Gomes, Vitor de Castro" NOME-PARA-CITACAO="Gomes, Vitor de Castro" ORDEM-DE-AUTORIA="2" NRO-ID-CNPQ=""/><AUTORES NOME-COMPLETO-DO-AUTOR="Maisonnette, Silvia" NOME-PARA-CITACAO="Maisonnette, Silvia" ORDEM-DE-AUTORIA="3" NRO-ID-CNPQ="3929785159252421"/><AUTORES NOME-COMPLETO-DO-AUTOR="Landeira-Fernandez, J." NOME-PARA-CITACAO="Landeira-Fernandez, J." ORDEM-DE-AUTORIA="4" NRO-ID-CNPQ=""/><AUTORES NOME-COMPLETO-DO-AUTOR="Bruno de Oliveira Galvão" NOME-PARA-CITACAO="GALVÃO, B. O.;GALVÃO, BRUNO DE OLIVEIRA;DE OLIVEIRA GALVÃO, BRUNO" ORDEM-DE-AUTORIA="5" NRO-ID-CNPQ="5894450991118080"/></ARTIGO-PUBLICADO><ARTIGO-PUBLICADO SEQUENCIA-PRODUCAO="1" ORDEM-IMPORTANCIA=""><DADOS-BASICOS-DO-ARTIGO NATUREZA="COMPLETO" TITULO-DO-ARTIGO="Effects of contextual fear conditioning and pentylenetetrazol on panic-like reactions induced by dorsal periaqueductal gray stimulation with N-methyl-D-aspartate" ANO-DO-ARTIGO="2010" PAIS-DE-PUBLICACAO="" IDIOMA="Inglês" MEIO-DE-DIVULGACAO="VARIOS" HOME-PAGE-DO-TRABALHO="[http://www.psycneuro.org/index.php/psycneuro/article/view/90/315]" FLAG-RELEVANCIA="SIM" DOI="10.3922" TITULO-DO-ARTIGO-INGLES="" FLAG-DIVULGACAO-CIENTIFICA="NAO"/><DETALHAMENTO-DO-ARTIGO TITULO-DO-PERIODICO-OU-REVISTA="Psychology &amp;amp; Neuroscience (Online)" ISSN="19833288" VOLUME="3" FASCICULO="" SERIE="1" PAGINA-INICIAL="67" PAGINA-FINAL="72" LOCAL-DE-PUBLICACAO=""/><AUTORES NOME-COMPLETO-DO-AUTOR="Bruno de Oliveira Galvão" NOME-PARA-CITACAO="GALVÃO, B. O.;GALVÃO, BRUNO DE OLIVEIRA;DE OLIVEIRA GALVÃO, BRUNO" ORDEM-DE-AUTORIA="1" NRO-ID-CNPQ="5894450991118080"/><AUTORES NOME-COMPLETO-DO-AUTOR="Bruno Costa Larrubia" NOME-PARA-CITACAO="LARRUBIA, B. C." ORDEM-DE-AUTORIA="2" NRO-ID-CNPQ=""/><AUTORES NOME-COMPLETO-DO-AUTOR="Wouter Hommes" NOME-PARA-CITACAO="HOMMES, W." ORDEM-DE-AUTORIA="3" NRO-ID-CNPQ=""/><AUTORES NOME-COMPLETO-DO-AUTOR="Luis Fernando Cardenas" NOME-PARA-CITACAO="CARDENAS, L. F." ORDEM-DE-AUTORIA="4" NRO-ID-CNPQ=""/><AUTORES NOME-COMPLETO-DO-AUTOR="Landeira-Fernandez" NOME-PARA-CITACAO="LANDEIRA-FERNANDEZ" ORDEM-DE-AUTORIA="5" NRO-ID-CNPQ=""/><PALAVRAS-CHAVE PALAVRA-CHAVE-1="Contextual fear; NMDA; Panic; dPAG; PTZ" PALAVRA-CHAVE-2="" PALAVRA-CHAVE-3="" PALAVRA-CHAVE-4="" PALAVRA-CHAVE-5="" PALAVRA-CHAVE-6=""/><AREAS-DO-CONHECIMENTO><AREA-DO-CONHECIMENTO-1 NOME-GRANDE-AREA-DO-CONHECIMENTO="CIENCIAS_HUMANAS" NOME-DA-AREA-DO-CONHECIMENTO="" NOME-DA-SUB-AREA-DO-CONHECIMENTO="Psicologia Fisiológica" NOME-DA-ESPECIALIDADE="Estimulação Elétrica e com Drogas; Comportamento"/></AREAS-DO-CONHECIMENTO></ARTIGO-PUBLICADO></ARTIGOS-PUBLICADOS><ARTIGOS-ACEITOS-PARA-PUBLICACAO><ARTIGO-ACEITO-PARA-PUBLICACAO SEQUENCIA-PRODUCAO="24"><DADOS-BASICOS-DO-ARTIGO NATUREZA="NAO_INFORMADO" TITULO-DO-ARTIGO="Tradução e Adaptação Semântica do Questionário de Controle Atencional (QCA) para o Contexto Brasileiro. Estudos de Psicologia" ANO-DO-ARTIGO="2015" PAIS-DE-PUBLICACAO="" IDIOMA="Português" MEIO-DE-DIVULGACAO="NAO_INFORMADO" HOME-PAGE-DO-TRABALHO="" FLAG-RELEVANCIA="NAO" DOI="" TITULO-DO-ARTIGO-INGLES="" FLAG-DIVULGACAO-CIENTIFICA="NAO"/><DETALHAMENTO-DO-ARTIGO TITULO-DO-PERIODICO-OU-REVISTA="Estudos de Psicologia (PUCCAMP. Impresso)" ISSN="0103166X" VOLUME="" FASCICULO="" SERIE="" PAGINA-INICIAL="" PAGINA-FINAL="" LOCAL-DE-PUBLICACAO=""/><AUTORES NOME-COMPLETO-DO-AUTOR="FILGUEIRAS, A" NOME-PARA-CITACAO="FILGUEIRAS, A" ORDEM-DE-AUTORIA="1" NRO-ID-CNPQ=""/><AUTORES NOME-COMPLETO-DO-AUTOR="Bruno de Oliveira Galvão" NOME-PARA-CITACAO="GALVÃO, B. O.;GALVÃO, BRUNO DE OLIVEIRA;DE OLIVEIRA GALVÃO, BRUNO" ORDEM-DE-AUTORIA="2" NRO-ID-CNPQ="5894450991118080"/><AUTORES NOME-COMPLETO-DO-AUTOR="ana carolina fioravanti bastos" NOME-PARA-CITACAO="BASTOS, A. C. F." ORDEM-DE-AUTORIA="3" NRO-ID-CNPQ=""/><AUTORES NOME-COMPLETO-DO-AUTOR="cristina maria teixeira santana" NOME-PARA-CITACAO="SANTANA, C. M. T." ORDEM-DE-AUTORIA="4" NRO-ID-CNPQ=""/><AUTORES NOME-COMPLETO-DO-AUTOR="Landeira-Fernandez, J." NOME-PARA-CITACAO="Landeira-Fernandez, J." ORDEM-DE-AUTORIA="5" NRO-ID-CNPQ=""/></ARTIGO-ACEITO-PARA-PUBLICACAO></ARTIGOS-ACEITOS-PARA-PUBLICACAO></PRODUCAO-BIBLIOGRAFICA><PRODUCAO-TECNICA><DEMAIS-TIPOS-DE-PRODUCAO-TECNICA><APRESENTACAO-DE-TRABALHO SEQUENCIA-PRODUCAO="21"><DADOS-BASICOS-DA-APRESENTACAO-DE-TRABALHO NATUREZA="CONGRESSO" TITULO="Avaliação comportamental e farmacológica da relação entre ansiedade e pânico em modelos animais." ANO="2008" PAIS="Brasil" IDIOMA="Português" FLAG-RELEVANCIA="NAO" DOI="" TITULO-INGLES="" FLAG-DIVULGACAO-CIENTIFICA="NAO"/><DETALHAMENTO-DA-APRESENTACAO-DE-TRABALHO NOME-DO-EVENTO="" INSTITUICAO-PROMOTORA="" LOCAL-DA-APRESENTACAO="" CIDADE-DA-APRESENTACAO="" NOME-DO-EVENTO-INGLES=""/><AUTORES NOME-COMPLETO-DO-AUTOR="Bruno Costa Larrubia" NOME-PARA-CITACAO="LARRUBIA, B. C." ORDEM-DE-AUTORIA="1" NRO-ID-CNPQ=""/><AUTORES NOME-COMPLETO-DO-AUTOR="Bruno de Oliveira Galvão" NOME-PARA-CITACAO="GALVÃO, B. O.;GALVÃO, BRUNO DE OLIVEIRA;DE OLIVEIRA GALVÃO, BRUNO" ORDEM-DE-AUTORIA="2" NRO-ID-CNPQ="5894450991118080"/><AUTORES NOME-COMPLETO-DO-AUTOR="Antonio Pedro de Mello Cruz" NOME-PARA-CITACAO="CRUZ, A. P. M." ORDEM-DE-AUTORIA="3" NRO-ID-CNPQ=""/><AUTORES NOME-COMPLETO-DO-AUTOR="Landeira-Fernandez" NOME-PARA-CITACAO="LANDEIRA-FERNANDEZ" ORDEM-DE-AUTORIA="4" NRO-ID-CNPQ=""/><AUTORES NOME-COMPLETO-DO-AUTOR="Luis Fernando Cardenas" NOME-PARA-CITACAO="CARDENAS, L. F." ORDEM-DE-AUTORIA="5" NRO-ID-CNPQ=""/></APRESENTACAO-DE-TRABALHO><APRESENTACAO-DE-TRABALHO SEQUENCIA-PRODUCAO="7"><DADOS-BASICOS-DA-APRESENTACAO-DE-TRABALHO NATUREZA="SIMPOSIO" TITULO="A relação entre ansiedade e pânico: O emprego das linhagens Cariocas." ANO="2010" PAIS="Brasil" IDIOMA="Português" FLAG-RELEVANCIA="NAO" DOI="" TITULO-INGLES="" FLAG-DIVULGACAO-CIENTIFICA="NAO"/><DETALHAMENTO-DA-APRESENTACAO-DE-TRABALHO NOME-DO-EVENTO="I Reunião Anual do Instituto de Neuropsicologia e Comportamento" INSTITUICAO-PROMOTORA="IBNeC" LOCAL-DA-APRESENTACAO="Brasil" CIDADE-DA-APRESENTACAO="Rio de Janeiro, RJ, Brasil" NOME-DO-EVENTO-INGLES=""/><AUTORES NOME-COMPLETO-DO-AUTOR="Bruno de Oliveira Galvão" NOME-PARA-CITACAO="GALVÃO, B. O.;GALVÃO, BRUNO DE OLIVEIRA;DE OLIVEIRA GALVÃO, BRUNO" ORDEM-DE-AUTORIA="1" NRO-ID-CNPQ="5894450991118080"/><PALAVRAS-CHAVE PALAVRA-CHAVE-1="Contextual fear; dPAG electrical stimulation" PALAVRA-CHAVE-2="" PALAVRA-CHAVE-3="" PALAVRA-CHAVE-4="" PALAVRA-CHAVE-5="" PALAVRA-CHAVE-6=""/></APRESENTACAO-DE-TRABALHO></DEMAIS-TIPOS-DE-PRODUCAO-TECNICA></PRODUCAO-TECNICA><DADOS-COMPLEMENTARES><PARTICIPACAO-EM-EVENTOS-CONGRESSOS><PARTICIPACAO-EM-CONGRESSO SEQUENCIA-PRODUCAO="9"><PARTICIPANTE-DE-EVENTOS-CONGRESSOS NOME-COMPLETO-DO-PARTICIPANTE-DE-EVENTOS-CONGRESSOS="Bruno de Oliveira Galvão" NOME-PARA-CITACAO-DO-PARTICIPANTE-DE-EVENTOS-CONGRESSOS="GALVÃO, B. O.;GALVÃO, BRUNO DE OLIVEIRA;DE OLIVEIRA GALVÃO, BRUNO" ORDEM-PARTICIPANTE="1" NRO-ID-CNPQ="5894450991118080"/><DADOS-BASICOS-DA-PARTICIPACAO-EM-CONGRESSO NATUREZA="Congresso" TITULO="Effect of water deprivation and home cage size on anxiety and exploratory behaviors in rats." ANO="2009" PAIS="Estados Unidos" IDIOMA="" MEIO-DE-DIVULGACAO="NAO_INFORMADO" HOME-PAGE-DO-TRABALHO="" FLAG-RELEVANCIA="NAO" TIPO-PARTICIPACAO="Poster / Painel" FORMA-PARTICIPACAO="Participante" DOI="" TITULO-INGLES="" FLAG-DIVULGACAO-CIENTIFICA="NAO"/><DETALHAMENTO-DA-PARTICIPACAO-EM-CONGRESSO NOME-DO-EVENTO="39th Society for Neuroscience Congress" CODIGO-INSTITUICAO="" NOME-INSTITUICAO="" LOCAL-DO-EVENTO="" CIDADE-DO-EVENTO="Chicago" NOME-DO-EVENTO-INGLES=""/></PARTICIPACAO-EM-CONGRESSO><PARTICIPACAO-EM-CONGRESSO SEQUENCIA-PRODUCAO="11"><PARTICIPANTE-DE-EVENTOS-CONGRESSOS NOME-COMPLETO-DO-PARTICIPANTE-DE-EVENTOS-CONGRESSOS="Bruno de Oliveira Galvão" NOME-PARA-CITACAO-DO-PARTICIPANTE-DE-EVENTOS-CONGRESSOS="GALVÃO, B. O.;GALVÃO, BRUNO DE OLIVEIRA;DE OLIVEIRA GALVÃO, BRUNO" ORDEM-PARTICIPANTE="1" NRO-ID-CNPQ="5894450991118080"/><DADOS-BASICOS-DA-PARTICIPACAO-EM-CONGRESSO NATUREZA="Congresso" TITULO="Effects of anxiety on the panic-like behavior induced by the microinjection of NMDA in the dorsal periaqueductal gray." ANO="2007" PAIS="Brasil" IDIOMA="" MEIO-DE-DIVULGACAO="NAO_INFORMADO" HOME-PAGE-DO-TRABALHO="" FLAG-RELEVANCIA="NAO" TIPO-PARTICIPACAO="Poster / Painel" FORMA-PARTICIPACAO="Participante" DOI="" TITULO-INGLES="" FLAG-DIVULGACAO-CIENTIFICA="NAO"/><DETALHAMENTO-DA-PARTICIPACAO-EM-CONGRESSO NOME-DO-EVENTO="IBNS Meeting" CODIGO-INSTITUICAO="" NOME-INSTITUICAO="" LOCAL-DO-EVENTO="" CIDADE-DO-EVENTO="Rio de Janeiro, RJ" NOME-DO-EVENTO-INGLES=""/></PARTICIPACAO-EM-CONGRESSO><PARTICIPACAO-EM-CONGRESSO SEQUENCIA-PRODUCAO="10"><PARTICIPANTE-DE-EVENTOS-CONGRESSOS NOME-COMPLETO-DO-PARTICIPANTE-DE-EVENTOS-CONGRESSOS="Bruno de Oliveira Galvão" NOME-PARA-CITACAO-DO-PARTICIPANTE-DE-EVENTOS-CONGRESSOS="GALVÃO, B. O.;GALVÃO, BRUNO DE OLIVEIRA;DE OLIVEIRA GALVÃO, BRUNO" ORDEM-PARTICIPANTE="1" NRO-ID-CNPQ="5894450991118080"/><DADOS-BASICOS-DA-PARTICIPACAO-EM-CONGRESSO NATUREZA="Congresso" TITULO="Effects of anxiety on the escape behavior induced by the microinjection of NMDA in the dorsal periaqueductal gray." ANO="2008" PAIS="Brasil" IDIOMA="" MEIO-DE-DIVULGACAO="NAO_INFORMADO" HOME-PAGE-DO-TRABALHO="" FLAG-RELEVANCIA="NAO" TIPO-PARTICIPACAO="Poster / Painel" FORMA-PARTICIPACAO="Participante" DOI="" TITULO-INGLES="" FLAG-DIVULGACAO-CIENTIFICA="NAO"/><DETALHAMENTO-DA-PARTICIPACAO-EM-CONGRESSO NOME-DO-EVENTO="I Congresso IBRO/LARC de Neurociências da América Latina, Caribe e Península Ibérica" CODIGO-INSTITUICAO="" NOME-INSTITUICAO="" LOCAL-DO-EVENTO="" CIDADE-DO-EVENTO="Búzios, RJ" NOME-DO-EVENTO-INGLES=""/></PARTICIPACAO-EM-CONGRESSO><PARTICIPACAO-EM-CONGRESSO SEQUENCIA-PRODUCAO="8"><PARTICIPANTE-DE-EVENTOS-CONGRESSOS NOME-COMPLETO-DO-PARTICIPANTE-DE-EVENTOS-CONGRESSOS="Bruno de Oliveira Galvão" NOME-PARA-CITACAO-DO-PARTICIPANTE-DE-EVENTOS-CONGRESSOS="GALVÃO, B. O.;GALVÃO, BRUNO DE OLIVEIRA;DE OLIVEIRA GALVÃO, BRUNO" ORDEM-PARTICIPANTE="1" NRO-ID-CNPQ="5894450991118080"/><DADOS-BASICOS-DA-PARTICIPACAO-EM-CONGRESSO NATUREZA="Congresso" TITULO="Effect of electrical stimulation of the dorsal periaqueductal gray in Carioca high-and low-conditioned freezing rats." ANO="2010" PAIS="Estados Unidos" IDIOMA="" MEIO-DE-DIVULGACAO="NAO_INFORMADO" HOME-PAGE-DO-TRABALHO="" FLAG-RELEVANCIA="NAO" TIPO-PARTICIPACAO="Poster / Painel" FORMA-PARTICIPACAO="Participante" DOI="" TITULO-INGLES="" FLAG-DIVULGACAO-CIENTIFICA="NAO"/><DETALHAMENTO-DA-PARTICIPACAO-EM-CONGRESSO NOME-DO-EVENTO="40th Society for Neuroscience Congress" CODIGO-INSTITUICAO="" NOME-INSTITUICAO="" LOCAL-DO-EVENTO="" CIDADE-DO-EVENTO="San Diego" NOME-DO-EVENTO-INGLES=""/></PARTICIPACAO-EM-CONGRESSO><PARTICIPACAO-EM-ENCONTRO SEQUENCIA-PRODUCAO="16"><PARTICIPANTE-DE-EVENTOS-CONGRESSOS NOME-COMPLETO-DO-PARTICIPANTE-DE-EVENTOS-CONGRESSOS="Bruno de Oliveira Galvão" NOME-PARA-CITACAO-DO-PARTICIPANTE-DE-EVENTOS-CONGRESSOS="GALVÃO, B. O.;GALVÃO, BRUNO DE OLIVEIRA;DE OLIVEIRA GALVÃO, BRUNO" ORDEM-PARTICIPANTE="1" NRO-ID-CNPQ="5894450991118080"/><DADOS-BASICOS-DA-PARTICIPACAO-EM-ENCONTRO NATUREZA="Encontro" TITULO="ESTUDOS PRELIMINARES DE CONSISTÊNCIA INTERNA DO QUESTIONÁRIO DE CONTROLE ATENCIONAL (QCA) NA PERSPECTIVA DA TEORIA CLÁSSICA DOS TESTES" ANO="2012" PAIS="Brasil" IDIOMA="" MEIO-DE-DIVULGACAO="NAO_INFORMADO" HOME-PAGE-DO-TRABALHO="" FLAG-RELEVANCIA="NAO" TIPO-PARTICIPACAO="Poster / Painel" FORMA-PARTICIPACAO="Participante" DOI="" TITULO-INGLES="" FLAG-DIVULGACAO-CIENTIFICA="NAO"/><DETALHAMENTO-DA-PARTICIPACAO-EM-ENCONTRO NOME-DO-EVENTO="I Mostra Carioca de Neuropsicologia Clínica" CODIGO-INSTITUICAO="" NOME-INSTITUICAO="" LOCAL-DO-EVENTO="" CIDADE-DO-EVENTO="Rio de Janeiro" NOME-DO-EVENTO-INGLES=""/></PARTICIPACAO-EM-ENCONTRO><PARTICIPACAO-EM-ENCONTRO SEQUENCIA-PRODUCAO="15"><PARTICIPANTE-DE-EVENTOS-CONGRESSOS NOME-COMPLETO-DO-PARTICIPANTE-DE-EVENTOS-CONGRESSOS="Bruno de Oliveira Galvão" NOME-PARA-CITACAO-DO-PARTICIPANTE-DE-EVENTOS-CONGRESSOS="GALVÃO, B. O.;GALVÃO, BRUNO DE OLIVEIRA;DE OLIVEIRA GALVÃO, BRUNO" ORDEM-PARTICIPANTE="1" NRO-ID-CNPQ="5894450991118080"/><DADOS-BASICOS-DA-PARTICIPACAO-EM-ENCONTRO NATUREZA="Encontro" TITULO="Papel do Córtex Cingulado Anterior Rostral no Medo Incondicionado Elicidado pela Estimulação da MCPD" ANO="2012" PAIS="Brasil" IDIOMA="" MEIO-DE-DIVULGACAO="NAO_INFORMADO" HOME-PAGE-DO-TRABALHO="" FLAG-RELEVANCIA="NAO" TIPO-PARTICIPACAO="Poster / Painel" FORMA-PARTICIPACAO="Participante" DOI="" TITULO-INGLES="" FLAG-DIVULGACAO-CIENTIFICA="NAO"/><DETALHAMENTO-DA-PARTICIPACAO-EM-ENCONTRO NOME-DO-EVENTO="I Mostra Carioca de Neuropsicologia Clínica" CODIGO-INSTITUICAO="" NOME-INSTITUICAO="" LOCAL-DO-EVENTO="" CIDADE-DO-EVENTO="Rio de Janeiro" NOME-DO-EVENTO-INGLES=""/></PARTICIPACAO-EM-ENCONTRO></PARTICIPACAO-EM-EVENTOS-CONGRESSOS><INFORMACOES-ADICIONAIS-INSTITUICOES><INFORMACAO-ADICIONAL-INSTITUICAO CODIGO-INSTITUICAO="000100000991" SIGLA-INSTITUICAO="PUC-RIO" SIGLA-UF-INSTITUICAO="RJ" SIGLA-PAIS-INSTITUICAO="BRA" NOME-PAIS-INSTITUICAO="Brasil" FLAG-AGENCIA-FOMENTO="NAO" FLAG-INSTITUICAO-DE-ENSINO="NAO"/><INFORMACAO-ADICIONAL-INSTITUICAO CODIGO-INSTITUICAO="000200000993" SIGLA-INSTITUICAO="NNCE" SIGLA-UF-INSTITUICAO="RJ" SIGLA-PAIS-INSTITUICAO="BRA" NOME-PAIS-INSTITUICAO="Brasil" FLAG-AGENCIA-FOMENTO="NAO" FLAG-INSTITUICAO-DE-ENSINO="NAO"/><INFORMACAO-ADICIONAL-INSTITUICAO CODIGO-INSTITUICAO="002200000000" SIGLA-INSTITUICAO="CNPq" SIGLA-UF-INSTITUICAO="DF" SIGLA-PAIS-INSTITUICAO="BRA" NOME-PAIS-INSTITUICAO="Brasil" FLAG-AGENCIA-FOMENTO="SIM" FLAG-INSTITUICAO-DE-ENSINO="SIM"/><INFORMACAO-ADICIONAL-INSTITUICAO CODIGO-INSTITUICAO="011100000008" SIGLA-INSTITUICAO="PUC-Rio" SIGLA-UF-INSTITUICAO="RJ" SIGLA-PAIS-INSTITUICAO="BRA" NOME-PAIS-INSTITUICAO="Brasil" FLAG-AGENCIA-FOMENTO="NAO" FLAG-INSTITUICAO-DE-ENSINO="SIM"/><INFORMACAO-ADICIONAL-INSTITUICAO CODIGO-INSTITUICAO="045000000000" SIGLA-INSTITUICAO="CAPES" SIGLA-UF-INSTITUICAO="DF" SIGLA-PAIS-INSTITUICAO="BRA" NOME-PAIS-INSTITUICAO="Brasil" FLAG-AGENCIA-FOMENTO="SIM" FLAG-INSTITUICAO-DE-ENSINO="SIM"/><INFORMACAO-ADICIONAL-INSTITUICAO CODIGO-INSTITUICAO="153900000004" SIGLA-INSTITUICAO="USU" SIGLA-UF-INSTITUICAO="RJ" SIGLA-PAIS-INSTITUICAO="BRA" NOME-PAIS-INSTITUICAO="Brasil" FLAG-AGENCIA-FOMENTO="NAO" FLAG-INSTITUICAO-DE-ENSINO="SIM"/><INFORMACAO-ADICIONAL-INSTITUICAO CODIGO-INSTITUICAO="201900000008" SIGLA-INSTITUICAO="UNISUAM" SIGLA-UF-INSTITUICAO="RJ" SIGLA-PAIS-INSTITUICAO="BRA" NOME-PAIS-INSTITUICAO="Brasil" FLAG-AGENCIA-FOMENTO="NAO" FLAG-INSTITUICAO-DE-ENSINO="SIM"/><INFORMACAO-ADICIONAL-INSTITUICAO CODIGO-INSTITUICAO="IZU100000000" SIGLA-INSTITUICAO="OTAGO" SIGLA-UF-INSTITUICAO="" SIGLA-PAIS-INSTITUICAO="NZL" NOME-PAIS-INSTITUICAO="Nova Zelândia" FLAG-AGENCIA-FOMENTO="NAO" FLAG-INSTITUICAO-DE-ENSINO="NAO"/></INFORMACOES-ADICIONAIS-INSTITUICOES><INFORMACOES-ADICIONAIS-CURSOS><INFORMACAO-ADICIONAL-CURSO CODIGO-CURSO="31040098" CODIGO-ORGAO="" NOME-ORGAO="" CODIGO-INSTITUICAO="011100000008" NOME-INSTITUICAO="Pontifícia Universidade Católica do Rio de Janeiro" NOME-GRANDE-AREA-DO-CONHECIMENTO="CIENCIAS_HUMANAS" NOME-DA-AREA-DO-CONHECIMENTO="Psicologia" NOME-DA-SUB-AREA-DO-CONHECIMENTO="" NOME-DA-ESPECIALIDADE="" NIVEL-CURSO="MESTRADO_DOUTORADO"/><INFORMACAO-ADICIONAL-CURSO CODIGO-CURSO="31040098" CODIGO-ORGAO="" NOME-ORGAO="" CODIGO-INSTITUICAO="011100000008" NOME-INSTITUICAO="Pontifícia Universidade Católica do Rio de Janeiro" NOME-GRANDE-AREA-DO-CONHECIMENTO="CIENCIAS_HUMANAS" NOME-DA-AREA-DO-CONHECIMENTO="Psicologia" NOME-DA-SUB-AREA-DO-CONHECIMENTO="" NOME-DA-ESPECIALIDADE="" NIVEL-CURSO="MESTRADO_DOUTORADO"/><INFORMACAO-ADICIONAL-CURSO CODIGO-CURSO="90000000" CODIGO-ORGAO="" NOME-ORGAO="" CODIGO-INSTITUICAO="156200000006" NOME-INSTITUICAO="Santa Casa de Misericórdia do Rio de Janeiro" NOME-GRANDE-AREA-DO-CONHECIMENTO="CIENCIAS_DA_SAUDE" NOME-DA-AREA-DO-CONHECIMENTO="Medicina" NOME-DA-SUB-AREA-DO-CONHECIMENTO="Psiquiatria" NOME-DA-ESPECIALIDADE="" NIVEL-CURSO="CURSO_DE_CURTA_DURACAO"/></INFORMACOES-ADICIONAIS-CURSOS></DADOS-COMPLEMENTARES><eventos/></CURRICULO-VITAE>