<CURRICULO-VITAE SISTEMA-ORIGEM-XML="LATTES_OFFLINE" NUMERO-IDENTIFICADOR="5092021306523709" FORMATO-DATA-ATUALIZACAO="DDMMAAAA" DATA-ATUALIZACAO="06022017" FORMATO-HORA-ATUALIZACAO="HHMMSS" HORA-ATUALIZACAO="145829"><DADOS-GERAIS NOME-COMPLETO="Alexandre Henrique Silva de Lima" NOME-EM-CITACOES-BIBLIOGRAFICAS="LIMA, A. H. S.;A natureza das expectativas do consumidor e o impacto no gerenciamento do marketing de serviços" NACIONALIDADE="B" PAIS-DE-NASCIMENTO="Brasil" FORMATO-DATA-DE-NASCIMENTO="DDMMAAAA" FORMATO-DATA-DE-EMISSAO="DDMMAAAA" PERMISSAO-DE-DIVULGACAO="NAO" DATA-FALECIMENTO="" SIGLA-PAIS-NACIONALIDADE="BRA" PAIS-DE-NACIONALIDADE="Brasil"><RESUMO-CV TEXTO-RESUMO-CV-RH="Mestrado em Administração pela Universidade Estácio de Sá (UNESA); Graduação em Administração de Empresas pela Universidade Federal de Pernambuco (UFPE) e Pós Graduação nível Especialização em Gestão da Qualidade em Serviços pela Universidade de Pernambuco (UPE). Atualmente é Servidor Público na Fundação Oswaldo Cruz - FIOCRUZ, lotado na Escola Politécnica de Saúde Joaquim Venâncio - EPSJV, com o Cargo de Analista de Gestão em Saúde na Seção de Materiais e Compras, desempenhando a função de Pregoeiro em Compras e Licitações Públicas. É Professor dos cursos de Graduação em administração e Politécnico em marketing nas modalidades presencial e à distância (EAD) da Universidade Estácio de Sá (UNESA), assim como, é Professor do curso de Administração na modalidade presencial do Centro Universitário Augusto Motta (UNISUAM)." TEXTO-RESUMO-CV-RH-EN="bachelor's at Administração de Empresas from Universidade Federal de Pernambuco (1995) and master's at Administration from Universidade Estácio de Sá (2006). Has experience in Administration, focusing on Administration, acting on the following subjects: qualidade de serviços and marketing de serviços."/><ENDERECO FLAG-DE-PREFERENCIA="ENDERECO_RESIDENCIAL"><ENDERECO-PROFISSIONAL CODIGO-INSTITUICAO-EMPRESA="294800000006" NOME-INSTITUICAO-EMPRESA="Universidade Estácio de Sá" CODIGO-ORGAO="" NOME-ORGAO="" CODIGO-UNIDADE="" NOME-UNIDADE="" LOGRADOURO-COMPLEMENTO="Avenida Presidente Vargas, 642" PAIS="Brasil" UF="RJ" CEP="20071-001" CIDADE="Rio de Janeiro" BAIRRO="Centro" DDD="21" TELEFONE="22069700" RAMAL="" FAX="" E-MAIL="alexhsl2011@hotmail.com" HOME-PAGE=""/></ENDERECO><FORMACAO-ACADEMICA-TITULACAO><GRADUACAO SEQUENCIA-FORMACAO="1" NIVEL="1" TITULO-DO-TRABALHO-DE-CONCLUSAO-DE-CURSO="" NOME-DO-ORIENTADOR="" CODIGO-INSTITUICAO="002100000009" NOME-INSTITUICAO="Universidade Federal de Pernambuco" CODIGO-ORGAO="" NOME-ORGAO="" CODIGO-CURSO="90000000" NOME-CURSO="Administração de Empresas" CODIGO-AREA-CURSO="90000000" STATUS-DO-CURSO="CONCLUIDO" ANO-DE-INICIO="1989" ANO-DE-CONCLUSAO="1995" FLAG-BOLSA="NAO" CODIGO-AGENCIA-FINANCIADORA="" NOME-AGENCIA="" NUMERO-ID-ORIENTADOR="" CODIGO-CURSO-CAPES="" TITULO-DO-TRABALHO-DE-CONCLUSAO-DE-CURSO-INGLES="" NOME-CURSO-INGLES="" FORMACAO-ACADEMICA-TITULACAO="" TIPO-GRADUACAO="" CODIGO-INSTITUICAO-GRAD="" NOME-INSTITUICAO-GRAD="" CODIGO-INSTITUICAO-OUTRA-GRAD="" NOME-INSTITUICAO-OUTRA-GRAD="" NOME-ORIENTADOR-GRAD=""/><ESPECIALIZACAO SEQUENCIA-FORMACAO="2" NIVEL="2" TITULO-DA-MONOGRAFIA="" NOME-DO-ORIENTADOR="" CODIGO-INSTITUICAO="061400000000" NOME-INSTITUICAO="Universidade de Pernambuco" CODIGO-ORGAO="" NOME-ORGAO="" CODIGO-CURSO="90000001" NOME-CURSO="Gestão da Qualidade em Serviços" STATUS-DO-CURSO="CONCLUIDO" ANO-DE-INICIO="1999" ANO-DE-CONCLUSAO="2000" FLAG-BOLSA="NAO" CODIGO-AGENCIA-FINANCIADORA="" NOME-AGENCIA="" CARGA-HORARIA="420" TITULO-DA-MONOGRAFIA-INGLES="" NOME-CURSO-INGLES=""/><MESTRADO SEQUENCIA-FORMACAO="3" NIVEL="3" CODIGO-INSTITUICAO="294800000006" NOME-INSTITUICAO="Universidade Estácio de Sá" CODIGO-ORGAO="" NOME-ORGAO="" CODIGO-CURSO="60017139" NOME-CURSO="Administração e Desenvolvimento Empresarial" CODIGO-AREA-CURSO="60200006" STATUS-DO-CURSO="CONCLUIDO" ANO-DE-INICIO="2003" ANO-DE-CONCLUSAO="2006" FLAG-BOLSA="NAO" CODIGO-AGENCIA-FINANCIADORA="" NOME-AGENCIA="" ANO-DE-OBTENCAO-DO-TITULO="2006" TITULO-DA-DISSERTACAO-TESE="A natureza das expectativas do consumidor e o impacto no gerenciamento de marketing de serviços bancários." NOME-COMPLETO-DO-ORIENTADOR="Harvey José Santos Ribeiro Cosenza" TIPO-MESTRADO="" NUMERO-ID-ORIENTADOR="" CODIGO-CURSO-CAPES="31018017008P5" TITULO-DA-DISSERTACAO-TESE-INGLES="" NOME-CURSO-INGLES="Administration" NOME-DO-CO-ORIENTADOR="" CODIGO-INSTITUICAO-DOUT="" NOME-INSTITUICAO-DOUT="" CODIGO-INSTITUICAO-OUTRA-DOUT="" NOME-INSTITUICAO-OUTRA-DOUT="" NOME-ORIENTADOR-DOUT=""><conceitoCapes/></MESTRADO></FORMACAO-ACADEMICA-TITULACAO><ATUACOES-PROFISSIONAIS><ATUACAO-PROFISSIONAL CODIGO-INSTITUICAO="294800000006" NOME-INSTITUICAO="Universidade Estácio de Sá" SEQUENCIA-ATIVIDADE="1" SEQUENCIA-IMPORTANCIA="2"><VINCULOS SEQUENCIA-HISTORICO="1" TIPO-DE-VINCULO="LIVRE" ENQUADRAMENTO-FUNCIONAL="LIVRE" CARGA-HORARIA-SEMANAL="0" FLAG-DEDICACAO-EXCLUSIVA="NAO" MES-INICIO="09" ANO-INICIO="2001" MES-FIM="" ANO-FIM="" OUTRAS-INFORMACOES="Professor dos cursos de administração e tecnologia em marketing nas modalidades presencial e à distância (EAD)." FLAG-VINCULO-EMPREGATICIO="SIM" OUTRO-VINCULO-INFORMADO="Professor" OUTRO-ENQUADRAMENTO-FUNCIONAL-INFORMADO="Professor Auxiliar" OUTRO-ENQUADRAMENTO-FUNCIONAL-INFORMADO-INGLES="" OUTRAS-INFORMACOES-INGLES=""/><VINCULOS SEQUENCIA-HISTORICO="2" TIPO-DE-VINCULO="LIVRE" ENQUADRAMENTO-FUNCIONAL="LIVRE" CARGA-HORARIA-SEMANAL="4" FLAG-DEDICACAO-EXCLUSIVA="NAO" MES-INICIO="04" ANO-INICIO="2008" MES-FIM="01" ANO-FIM="2009" OUTRAS-INFORMACOES="Coordenador de atividades acadêmicas complementares do curso de Tecnologia em Marketing no Campus Nova América" FLAG-VINCULO-EMPREGATICIO="NAO" OUTRO-VINCULO-INFORMADO="Celetista formal" OUTRO-ENQUADRAMENTO-FUNCIONAL-INFORMADO="Coordenador de curso" OUTRO-ENQUADRAMENTO-FUNCIONAL-INFORMADO-INGLES="" OUTRAS-INFORMACOES-INGLES=""/><VINCULOS SEQUENCIA-HISTORICO="3" TIPO-DE-VINCULO="LIVRE" ENQUADRAMENTO-FUNCIONAL="LIVRE" CARGA-HORARIA-SEMANAL="10" FLAG-DEDICACAO-EXCLUSIVA="NAO" MES-INICIO="01" ANO-INICIO="2009" MES-FIM="12" ANO-FIM="2010" OUTRAS-INFORMACOES="Coordenador do curso de Tecnologia em marketing no campus São Gonçalo." FLAG-VINCULO-EMPREGATICIO="NAO" OUTRO-VINCULO-INFORMADO="Celetista formal" OUTRO-ENQUADRAMENTO-FUNCIONAL-INFORMADO="Coordenador de curso" OUTRO-ENQUADRAMENTO-FUNCIONAL-INFORMADO-INGLES="" OUTRAS-INFORMACOES-INGLES=""/><VINCULOS SEQUENCIA-HISTORICO="4" TIPO-DE-VINCULO="LIVRE" ENQUADRAMENTO-FUNCIONAL="LIVRE" CARGA-HORARIA-SEMANAL="15" FLAG-DEDICACAO-EXCLUSIVA="NAO" MES-INICIO="08" ANO-INICIO="2009" MES-FIM="" ANO-FIM="" OUTRAS-INFORMACOES="Professor dos cursos de administração e marketing na modalidade de Ensino à Distância - EAD. Disciplinas: Introdução à administração; Análise do comportamento do consumidor; Marketing do terceiro setor; Comportamento do consumidor, Marketing de serviços e logística empresarial.  Professor da disciplina Comportamento do Consumidor, modalidade aula gravada.  Validador do banco de questões da disciplina Análise do comportamento do consumidor modalidade EAD.  Membro do NDE do curso de Marketing na modalidade EAD." FLAG-VINCULO-EMPREGATICIO="NAO" OUTRO-VINCULO-INFORMADO="Celetista formal" OUTRO-ENQUADRAMENTO-FUNCIONAL-INFORMADO="Professor EAD" OUTRO-ENQUADRAMENTO-FUNCIONAL-INFORMADO-INGLES="" OUTRAS-INFORMACOES-INGLES=""/><ATIVIDADES-DE-ENSINO><ENSINO SEQUENCIA-FUNCAO-ATIVIDADE="2" FLAG-PERIODO="ANTERIOR" TIPO-ENSINO="GRADUACAO" MES-INICIO="09" ANO-INICIO="2001" MES-FIM="12" ANO-FIM="2003" CODIGO-ORGAO="" NOME-ORGAO="" CODIGO-CURSO="90000004" NOME-CURSO="Redes avançadas de telecomunicações" NOME-CURSO-INGLES=""><DISCIPLINA SEQUENCIA-ESPECIFICACAO="1">Teoria geral da administração</DISCIPLINA></ENSINO><ENSINO SEQUENCIA-FUNCAO-ATIVIDADE="1" FLAG-PERIODO="ATUAL" TIPO-ENSINO="GRADUACAO" MES-INICIO="02" ANO-INICIO="2003" MES-FIM="" ANO-FIM="" CODIGO-ORGAO="" NOME-ORGAO="" CODIGO-CURSO="90000008" NOME-CURSO="Gestão da Informação Marketing Estratégico" NOME-CURSO-INGLES=""><DISCIPLINA SEQUENCIA-ESPECIFICACAO="1">Marketing</DISCIPLINA><DISCIPLINA SEQUENCIA-ESPECIFICACAO="2">Marketing de produto</DISCIPLINA><DISCIPLINA SEQUENCIA-ESPECIFICACAO="3">Marketing de serviços</DISCIPLINA><DISCIPLINA SEQUENCIA-ESPECIFICACAO="4">Pesquisa de mercado</DISCIPLINA><DISCIPLINA SEQUENCIA-ESPECIFICACAO="5">Planejamento estratégico de marketing</DISCIPLINA></ENSINO></ATIVIDADES-DE-ENSINO><atividadesProfissionaisPlanificadas/></ATUACAO-PROFISSIONAL><ATUACAO-PROFISSIONAL CODIGO-INSTITUICAO="294500000000" NOME-INSTITUICAO="Faculdade de Ciências Humanas Esuda" SEQUENCIA-ATIVIDADE="2" SEQUENCIA-IMPORTANCIA="4"><VINCULOS SEQUENCIA-HISTORICO="1" TIPO-DE-VINCULO="LIVRE" ENQUADRAMENTO-FUNCIONAL="LIVRE" CARGA-HORARIA-SEMANAL="6" FLAG-DEDICACAO-EXCLUSIVA="NAO" MES-INICIO="02" ANO-INICIO="2001" MES-FIM="08" ANO-FIM="2001" OUTRAS-INFORMACOES="" FLAG-VINCULO-EMPREGATICIO="NAO" OUTRO-VINCULO-INFORMADO="Professor" OUTRO-ENQUADRAMENTO-FUNCIONAL-INFORMADO="Professor" OUTRO-ENQUADRAMENTO-FUNCIONAL-INFORMADO-INGLES="" OUTRAS-INFORMACOES-INGLES=""/><ATIVIDADES-DE-ENSINO><ENSINO SEQUENCIA-FUNCAO-ATIVIDADE="1" FLAG-PERIODO="ANTERIOR" TIPO-ENSINO="GRADUACAO" MES-INICIO="02" ANO-INICIO="2001" MES-FIM="08" ANO-FIM="2001" CODIGO-ORGAO="" NOME-ORGAO="" CODIGO-CURSO="90000005" NOME-CURSO="Administração de empresas" NOME-CURSO-INGLES=""><DISCIPLINA SEQUENCIA-ESPECIFICACAO="1">Administração estratégica</DISCIPLINA></ENSINO></ATIVIDADES-DE-ENSINO><atividadesProfissionaisPlanificadas/></ATUACAO-PROFISSIONAL><ATUACAO-PROFISSIONAL CODIGO-INSTITUICAO="116300000009" NOME-INSTITUICAO="Serviço Nacional de Aprendizagem Comercial - RS" SEQUENCIA-ATIVIDADE="3" SEQUENCIA-IMPORTANCIA="5"><VINCULOS SEQUENCIA-HISTORICO="1" TIPO-DE-VINCULO="LIVRE" ENQUADRAMENTO-FUNCIONAL="LIVRE" CARGA-HORARIA-SEMANAL="" FLAG-DEDICACAO-EXCLUSIVA="NAO" MES-INICIO="04" ANO-INICIO="2003" MES-FIM="12" ANO-FIM="2005" OUTRAS-INFORMACOES="" FLAG-VINCULO-EMPREGATICIO="NAO" OUTRO-VINCULO-INFORMADO="Professor" OUTRO-ENQUADRAMENTO-FUNCIONAL-INFORMADO="Professor" OUTRO-ENQUADRAMENTO-FUNCIONAL-INFORMADO-INGLES="" OUTRAS-INFORMACOES-INGLES=""/><ATIVIDADES-DE-ENSINO><ENSINO SEQUENCIA-FUNCAO-ATIVIDADE="1" FLAG-PERIODO="ATUAL" TIPO-ENSINO="APERFEICOAMENTO" MES-INICIO="04" ANO-INICIO="2003" MES-FIM="" ANO-FIM="" CODIGO-ORGAO="" NOME-ORGAO="" CODIGO-CURSO="90000006" NOME-CURSO="Administração" NOME-CURSO-INGLES=""><DISCIPLINA SEQUENCIA-ESPECIFICACAO="1">Marketing</DISCIPLINA><DISCIPLINA SEQUENCIA-ESPECIFICACAO="2">Empreendedorismo</DISCIPLINA></ENSINO></ATIVIDADES-DE-ENSINO><atividadesProfissionaisPlanificadas/></ATUACAO-PROFISSIONAL><ATUACAO-PROFISSIONAL CODIGO-INSTITUICAO="201900000008" NOME-INSTITUICAO="Centro Universitário Augusto Motta" SEQUENCIA-ATIVIDADE="4" SEQUENCIA-IMPORTANCIA="3"><VINCULOS SEQUENCIA-HISTORICO="1" TIPO-DE-VINCULO="LIVRE" ENQUADRAMENTO-FUNCIONAL="LIVRE" CARGA-HORARIA-SEMANAL="0" FLAG-DEDICACAO-EXCLUSIVA="NAO" MES-INICIO="02" ANO-INICIO="2008" MES-FIM="" ANO-FIM="" OUTRAS-INFORMACOES="Professor do curso de graduação em administração de empresas nas disciplinas: Introdução à administração; teoria geral da administração; Gestão de pessoas e Fundamentos de marketing e vendas e engenharia de métodos e produtividade. Atualmente em licença sem vencimentos." FLAG-VINCULO-EMPREGATICIO="NAO" OUTRO-VINCULO-INFORMADO="Celetista formal" OUTRO-ENQUADRAMENTO-FUNCIONAL-INFORMADO="Professor" OUTRO-ENQUADRAMENTO-FUNCIONAL-INFORMADO-INGLES="" OUTRAS-INFORMACOES-INGLES=""/><atividadesProfissionaisPlanificadas/></ATUACAO-PROFISSIONAL><ATUACAO-PROFISSIONAL CODIGO-INSTITUICAO="003900000001" NOME-INSTITUICAO="Fundação Oswaldo Cruz" SEQUENCIA-ATIVIDADE="5" SEQUENCIA-IMPORTANCIA="1"><VINCULOS SEQUENCIA-HISTORICO="1" TIPO-DE-VINCULO="SERVIDOR_PUBLICO" ENQUADRAMENTO-FUNCIONAL="LIVRE" CARGA-HORARIA-SEMANAL="40" FLAG-DEDICACAO-EXCLUSIVA="NAO" MES-INICIO="01" ANO-INICIO="2013" MES-FIM="" ANO-FIM="" OUTRAS-INFORMACOES="Lotado na Escola Politécnica de Saúde Joaquim Venâncio - EPSJV, desempenhado a função de Pregoeiro em compras e licitações públicas." FLAG-VINCULO-EMPREGATICIO="NAO" OUTRO-VINCULO-INFORMADO="" OUTRO-ENQUADRAMENTO-FUNCIONAL-INFORMADO="Analista de gestão em saúde" OUTRO-ENQUADRAMENTO-FUNCIONAL-INFORMADO-INGLES="" OUTRAS-INFORMACOES-INGLES=""/><atividadesProfissionaisPlanificadas/></ATUACAO-PROFISSIONAL></ATUACOES-PROFISSIONAIS><AREAS-DE-ATUACAO><AREA-DE-ATUACAO SEQUENCIA-AREA-DE-ATUACAO="1" NOME-GRANDE-AREA-DO-CONHECIMENTO="CIENCIAS_SOCIAIS_APLICADAS" NOME-DA-AREA-DO-CONHECIMENTO="Administração" NOME-DA-SUB-AREA-DO-CONHECIMENTO="" NOME-DA-ESPECIALIDADE=""/></AREAS-DE-ATUACAO><IDIOMAS><IDIOMA IDIOMA="EN" DESCRICAO-DO-IDIOMA="Inglês" PROFICIENCIA-DE-LEITURA="RAZOAVELMENTE" PROFICIENCIA-DE-FALA="RAZOAVELMENTE" PROFICIENCIA-DE-ESCRITA="RAZOAVELMENTE" PROFICIENCIA-DE-COMPREENSAO="RAZOAVELMENTE"/><IDIOMA IDIOMA="FR" DESCRICAO-DO-IDIOMA="Francês" PROFICIENCIA-DE-LEITURA="RAZOAVELMENTE" PROFICIENCIA-DE-FALA="RAZOAVELMENTE" PROFICIENCIA-DE-ESCRITA="RAZOAVELMENTE" PROFICIENCIA-DE-COMPREENSAO="RAZOAVELMENTE"/></IDIOMAS><staValidado/><dataExibicao/><dadosBolsista/></DADOS-GERAIS><PRODUCAO-BIBLIOGRAFICA><ARTIGOS-PUBLICADOS><ARTIGO-PUBLICADO SEQUENCIA-PRODUCAO="6" ORDEM-IMPORTANCIA=""><DADOS-BASICOS-DO-ARTIGO NATUREZA="COMPLETO" TITULO-DO-ARTIGO="A natureza das expectativas do consumidor e o impacto no gerenciamento do marketing de serviços bancários" ANO-DO-ARTIGO="2009" PAIS-DE-PUBLICACAO="" IDIOMA="Português" MEIO-DE-DIVULGACAO="IMPRESSO" HOME-PAGE-DO-TRABALHO="" FLAG-RELEVANCIA="SIM" DOI="" TITULO-DO-ARTIGO-INGLES="" FLAG-DIVULGACAO-CIENTIFICA="NAO"/><DETALHAMENTO-DO-ARTIGO TITULO-DO-PERIODICO-OU-REVISTA="Dissertar (Rio de Janeiro)" ISSN="16760867" VOLUME="Ano 8" FASCICULO="" SERIE="16/17" PAGINA-INICIAL="9" PAGINA-FINAL="16" LOCAL-DE-PUBLICACAO=""/><AUTORES NOME-COMPLETO-DO-AUTOR="Alexandre Henrique Silva de Lima" NOME-PARA-CITACAO="LIMA, A. H. S." ORDEM-DE-AUTORIA="1" NRO-ID-CNPQ=""/><AUTORES NOME-COMPLETO-DO-AUTOR="Denise Gagliardi de Lima" NOME-PARA-CITACAO="LIMA, D. G." ORDEM-DE-AUTORIA="2" NRO-ID-CNPQ=""/><PALAVRAS-CHAVE PALAVRA-CHAVE-1="Marketing de serviços" PALAVRA-CHAVE-2="Qualidade de serviços" PALAVRA-CHAVE-3="" PALAVRA-CHAVE-4="" PALAVRA-CHAVE-5="" PALAVRA-CHAVE-6=""/><AREAS-DO-CONHECIMENTO><AREA-DO-CONHECIMENTO-1 NOME-GRANDE-AREA-DO-CONHECIMENTO="CIENCIAS_SOCIAIS_APLICADAS" NOME-DA-AREA-DO-CONHECIMENTO="" NOME-DA-SUB-AREA-DO-CONHECIMENTO="" NOME-DA-ESPECIALIDADE=""/></AREAS-DO-CONHECIMENTO><SETORES-DE-ATIVIDADE SETOR-DE-ATIVIDADE-1="Outras atividades de serviços" SETOR-DE-ATIVIDADE-2="" SETOR-DE-ATIVIDADE-3=""/></ARTIGO-PUBLICADO></ARTIGOS-PUBLICADOS></PRODUCAO-BIBLIOGRAFICA><DADOS-COMPLEMENTARES><FORMACAO-COMPLEMENTAR><FORMACAO-COMPLEMENTAR-CURSO-DE-CURTA-DURACAO SEQUENCIA-FORMACAO="5" NIVEL="F" CARGA-HORARIA="30" CODIGO-INSTITUICAO="453600000008" NOME-INSTITUICAO="Vianna &amp;amp; Consultores Associados Ltda" CODIGO-ORGAO="" NOME-ORGAO="" CODIGO-CURSO="90000011" NOME-CURSO="Curso Online de Capacitação em Sistema de Registro de Preços" STATUS-DO-CURSO="CONCLUIDO" ANO-DE-INICIO="2016" ANO-DE-CONCLUSAO="2016" NOME-CURSO-INGLES=""/><FORMACAO-COMPLEMENTAR-CURSO-DE-CURTA-DURACAO SEQUENCIA-FORMACAO="4" NIVEL="F" CARGA-HORARIA="32" CODIGO-INSTITUICAO="453600000008" NOME-INSTITUICAO="Vianna &amp;amp; Consultores Associados Ltda" CODIGO-ORGAO="" NOME-ORGAO="" CODIGO-CURSO="90000010" NOME-CURSO="Curso de Capacitação e Habilitação em Pregão Presencial e Eletrônico" STATUS-DO-CURSO="CONCLUIDO" ANO-DE-INICIO="2015" ANO-DE-CONCLUSAO="2015" NOME-CURSO-INGLES=""/><formacoesComplementaresPlana/></FORMACAO-COMPLEMENTAR><PARTICIPACAO-EM-BANCA-TRABALHOS-CONCLUSAO><PARTICIPACAO-EM-BANCA-DE-GRADUACAO SEQUENCIA-PRODUCAO="1"><DADOS-BASICOS-DA-PARTICIPACAO-EM-BANCA-DE-GRADUACAO NATUREZA="Graduação" TITULO="Sistemas de apoio à decisão: uma visão para as organizações" ANO="2008" PAIS="Brasil" IDIOMA="Português" HOME-PAGE="www.unisuam.edu.br" DOI="" TITULO-INGLES=""/><DETALHAMENTO-DA-PARTICIPACAO-EM-BANCA-DE-GRADUACAO NOME-DO-CANDIDATO="Wellington Luis Silva dos Prazeres" CODIGO-INSTITUICAO="201900000008" NOME-INSTITUICAO="Centro Universitário Augusto Motta" CODIGO-ORGAO="" NOME-ORGAO="" CODIGO-CURSO="90000009" NOME-CURSO="Administração de empresas" NOME-CURSO-INGLES=""/><PARTICIPANTE-BANCA NOME-COMPLETO-DO-PARTICIPANTE-DA-BANCA="Alexandre Henrique Silva de Lima" NOME-PARA-CITACAO-DO-PARTICIPANTE-DA-BANCA="LIMA, A. H. S." ORDEM-PARTICIPANTE="2" NRO-ID-CNPQ=""/><PARTICIPANTE-BANCA NOME-COMPLETO-DO-PARTICIPANTE-DA-BANCA="Eniltom Carlos de Menezes" NOME-PARA-CITACAO-DO-PARTICIPANTE-DA-BANCA="MENEZES, E. C." ORDEM-PARTICIPANTE="1" NRO-ID-CNPQ=""/><PARTICIPANTE-BANCA NOME-COMPLETO-DO-PARTICIPANTE-DA-BANCA="Sidney da Cruz Tavares" NOME-PARA-CITACAO-DO-PARTICIPANTE-DA-BANCA="TAVARES, S. C." ORDEM-PARTICIPANTE="3" NRO-ID-CNPQ=""/></PARTICIPACAO-EM-BANCA-DE-GRADUACAO><PARTICIPACAO-EM-BANCA-DE-GRADUACAO SEQUENCIA-PRODUCAO="2"><DADOS-BASICOS-DA-PARTICIPACAO-EM-BANCA-DE-GRADUACAO NATUREZA="Graduação" TITULO="O desenvolvimento do mercado de ações no Brasil" ANO="2008" PAIS="Brasil" IDIOMA="Português" HOME-PAGE="www.unisuam.edu.br" DOI="" TITULO-INGLES=""/><DETALHAMENTO-DA-PARTICIPACAO-EM-BANCA-DE-GRADUACAO NOME-DO-CANDIDATO="Juliana Vieira Timbó" CODIGO-INSTITUICAO="201900000008" NOME-INSTITUICAO="Centro Universitário Augusto Motta" CODIGO-ORGAO="" NOME-ORGAO="" CODIGO-CURSO="90000009" NOME-CURSO="Administração de empresas" NOME-CURSO-INGLES=""/><PARTICIPANTE-BANCA NOME-COMPLETO-DO-PARTICIPANTE-DA-BANCA="Alexandre Henrique Silva de Lima" NOME-PARA-CITACAO-DO-PARTICIPANTE-DA-BANCA="LIMA, A. H. S." ORDEM-PARTICIPANTE="3" NRO-ID-CNPQ=""/><PARTICIPANTE-BANCA NOME-COMPLETO-DO-PARTICIPANTE-DA-BANCA="Eniltom Carlos de Menezes" NOME-PARA-CITACAO-DO-PARTICIPANTE-DA-BANCA="MENEZES, E. C." ORDEM-PARTICIPANTE="1" NRO-ID-CNPQ=""/><PARTICIPANTE-BANCA NOME-COMPLETO-DO-PARTICIPANTE-DA-BANCA="Sidney da Cruz Tavares" NOME-PARA-CITACAO-DO-PARTICIPANTE-DA-BANCA="TAVARES, S. C." ORDEM-PARTICIPANTE="2" NRO-ID-CNPQ=""/></PARTICIPACAO-EM-BANCA-DE-GRADUACAO><PARTICIPACAO-EM-BANCA-DE-GRADUACAO SEQUENCIA-PRODUCAO="3"><DADOS-BASICOS-DA-PARTICIPACAO-EM-BANCA-DE-GRADUACAO NATUREZA="Graduação" TITULO="A importância da abertura de capital para as empresas" ANO="2008" PAIS="Brasil" IDIOMA="Português" HOME-PAGE="www.unisuam.edu.br" DOI="" TITULO-INGLES=""/><DETALHAMENTO-DA-PARTICIPACAO-EM-BANCA-DE-GRADUACAO NOME-DO-CANDIDATO="Joseane Santos da Silva" CODIGO-INSTITUICAO="201900000008" NOME-INSTITUICAO="Centro Universitário Augusto Motta" CODIGO-ORGAO="" NOME-ORGAO="" CODIGO-CURSO="90000009" NOME-CURSO="Administração de empresas" NOME-CURSO-INGLES=""/><PARTICIPANTE-BANCA NOME-COMPLETO-DO-PARTICIPANTE-DA-BANCA="Alexandre Henrique Silva de Lima" NOME-PARA-CITACAO-DO-PARTICIPANTE-DA-BANCA="LIMA, A. H. S." ORDEM-PARTICIPANTE="2" NRO-ID-CNPQ=""/><PARTICIPANTE-BANCA NOME-COMPLETO-DO-PARTICIPANTE-DA-BANCA="Eniltom Carlos de Menezes" NOME-PARA-CITACAO-DO-PARTICIPANTE-DA-BANCA="MENEZES, E. C." ORDEM-PARTICIPANTE="1" NRO-ID-CNPQ=""/><PARTICIPANTE-BANCA NOME-COMPLETO-DO-PARTICIPANTE-DA-BANCA="Sidney da Cruz Tavares" NOME-PARA-CITACAO-DO-PARTICIPANTE-DA-BANCA="TAVARES, S. C." ORDEM-PARTICIPANTE="3" NRO-ID-CNPQ=""/></PARTICIPACAO-EM-BANCA-DE-GRADUACAO><PARTICIPACAO-EM-BANCA-DE-GRADUACAO SEQUENCIA-PRODUCAO="4"><DADOS-BASICOS-DA-PARTICIPACAO-EM-BANCA-DE-GRADUACAO NATUREZA="Graduação" TITULO="Gestão de conhecimento no mundo" ANO="2008" PAIS="Brasil" IDIOMA="Português" HOME-PAGE="www.unisuam.edu.br" DOI="" TITULO-INGLES=""/><DETALHAMENTO-DA-PARTICIPACAO-EM-BANCA-DE-GRADUACAO NOME-DO-CANDIDATO="Helio Cesar Sandes" CODIGO-INSTITUICAO="201900000008" NOME-INSTITUICAO="Centro Universitário Augusto Motta" CODIGO-ORGAO="" NOME-ORGAO="" CODIGO-CURSO="90000009" NOME-CURSO="Administração de empresas" NOME-CURSO-INGLES=""/><PARTICIPANTE-BANCA NOME-COMPLETO-DO-PARTICIPANTE-DA-BANCA="Alexandre Henrique Silva de Lima" NOME-PARA-CITACAO-DO-PARTICIPANTE-DA-BANCA="LIMA, A. H. S." ORDEM-PARTICIPANTE="2" NRO-ID-CNPQ=""/><PARTICIPANTE-BANCA NOME-COMPLETO-DO-PARTICIPANTE-DA-BANCA="Eniltom Carlos de Menezes" NOME-PARA-CITACAO-DO-PARTICIPANTE-DA-BANCA="MENEZES, E. C." ORDEM-PARTICIPANTE="1" NRO-ID-CNPQ=""/><PARTICIPANTE-BANCA NOME-COMPLETO-DO-PARTICIPANTE-DA-BANCA="Sidney da Cruz Tavares" NOME-PARA-CITACAO-DO-PARTICIPANTE-DA-BANCA="TAVARES, S. C." ORDEM-PARTICIPANTE="3" NRO-ID-CNPQ=""/></PARTICIPACAO-EM-BANCA-DE-GRADUACAO></PARTICIPACAO-EM-BANCA-TRABALHOS-CONCLUSAO><INFORMACOES-ADICIONAIS-INSTITUICOES><INFORMACAO-ADICIONAL-INSTITUICAO CODIGO-INSTITUICAO="002100000009" SIGLA-INSTITUICAO="UFPE" SIGLA-UF-INSTITUICAO="PE" SIGLA-PAIS-INSTITUICAO="BRA" NOME-PAIS-INSTITUICAO="Brasil" FLAG-AGENCIA-FOMENTO="NAO" FLAG-INSTITUICAO-DE-ENSINO="SIM"/><INFORMACAO-ADICIONAL-INSTITUICAO CODIGO-INSTITUICAO="003900000001" SIGLA-INSTITUICAO="FIOCRUZ" SIGLA-UF-INSTITUICAO="RJ" SIGLA-PAIS-INSTITUICAO="BRA" NOME-PAIS-INSTITUICAO="Brasil" FLAG-AGENCIA-FOMENTO="NAO" FLAG-INSTITUICAO-DE-ENSINO="SIM"/><INFORMACAO-ADICIONAL-INSTITUICAO CODIGO-INSTITUICAO="061400000000" SIGLA-INSTITUICAO="UPE" SIGLA-UF-INSTITUICAO="PE" SIGLA-PAIS-INSTITUICAO="BRA" NOME-PAIS-INSTITUICAO="Brasil" FLAG-AGENCIA-FOMENTO="NAO" FLAG-INSTITUICAO-DE-ENSINO="SIM"/><INFORMACAO-ADICIONAL-INSTITUICAO CODIGO-INSTITUICAO="116300000009" SIGLA-INSTITUICAO="SENAC/RS" SIGLA-UF-INSTITUICAO="RS" SIGLA-PAIS-INSTITUICAO="BRA" NOME-PAIS-INSTITUICAO="Brasil" FLAG-AGENCIA-FOMENTO="NAO" FLAG-INSTITUICAO-DE-ENSINO="SIM"/><INFORMACAO-ADICIONAL-INSTITUICAO CODIGO-INSTITUICAO="201900000008" SIGLA-INSTITUICAO="UNISUAM" SIGLA-UF-INSTITUICAO="RJ" SIGLA-PAIS-INSTITUICAO="BRA" NOME-PAIS-INSTITUICAO="Brasil" FLAG-AGENCIA-FOMENTO="NAO" FLAG-INSTITUICAO-DE-ENSINO="SIM"/><INFORMACAO-ADICIONAL-INSTITUICAO CODIGO-INSTITUICAO="294500000000" SIGLA-INSTITUICAO="ESUDA" SIGLA-UF-INSTITUICAO="PE" SIGLA-PAIS-INSTITUICAO="BRA" NOME-PAIS-INSTITUICAO="Brasil" FLAG-AGENCIA-FOMENTO="NAO" FLAG-INSTITUICAO-DE-ENSINO="SIM"/><INFORMACAO-ADICIONAL-INSTITUICAO CODIGO-INSTITUICAO="294800000006" SIGLA-INSTITUICAO="UNESA" SIGLA-UF-INSTITUICAO="RJ" SIGLA-PAIS-INSTITUICAO="BRA" NOME-PAIS-INSTITUICAO="Brasil" FLAG-AGENCIA-FOMENTO="NAO" FLAG-INSTITUICAO-DE-ENSINO="SIM"/><INFORMACAO-ADICIONAL-INSTITUICAO CODIGO-INSTITUICAO="453600000008" SIGLA-INSTITUICAO="VIANNA" SIGLA-UF-INSTITUICAO="SP" SIGLA-PAIS-INSTITUICAO="BRA" NOME-PAIS-INSTITUICAO="Brasil" FLAG-AGENCIA-FOMENTO="NAO" FLAG-INSTITUICAO-DE-ENSINO="NAO"/></INFORMACOES-ADICIONAIS-INSTITUICOES><INFORMACOES-ADICIONAIS-CURSOS><INFORMACAO-ADICIONAL-CURSO CODIGO-CURSO="60017139" CODIGO-ORGAO="" NOME-ORGAO="" CODIGO-INSTITUICAO="294800000006" NOME-INSTITUICAO="Universidade Estácio de Sá" NOME-GRANDE-AREA-DO-CONHECIMENTO="CIENCIAS_SOCIAIS_APLICADAS" NOME-DA-AREA-DO-CONHECIMENTO="Administração" NOME-DA-SUB-AREA-DO-CONHECIMENTO="" NOME-DA-ESPECIALIDADE="" NIVEL-CURSO="OT"/><INFORMACAO-ADICIONAL-CURSO CODIGO-CURSO="90000000" CODIGO-ORGAO="" NOME-ORGAO="" CODIGO-INSTITUICAO="002100000009" NOME-INSTITUICAO="Universidade Federal de Pernambuco" NOME-GRANDE-AREA-DO-CONHECIMENTO="CIENCIAS_SOCIAIS_APLICADAS" NOME-DA-AREA-DO-CONHECIMENTO="Administração" NOME-DA-SUB-AREA-DO-CONHECIMENTO="" NOME-DA-ESPECIALIDADE="" NIVEL-CURSO="GRADUACAO"/><INFORMACAO-ADICIONAL-CURSO CODIGO-CURSO="90000001" CODIGO-ORGAO="" NOME-ORGAO="" CODIGO-INSTITUICAO="061400000000" NOME-INSTITUICAO="Universidade de Pernambuco" NOME-GRANDE-AREA-DO-CONHECIMENTO="CIENCIAS_SOCIAIS_APLICADAS" NOME-DA-AREA-DO-CONHECIMENTO="Administração" NOME-DA-SUB-AREA-DO-CONHECIMENTO="" NOME-DA-ESPECIALIDADE="" NIVEL-CURSO="APERFEICOAMENTO"/><INFORMACAO-ADICIONAL-CURSO CODIGO-CURSO="90000002" CODIGO-ORGAO="" NOME-ORGAO="" CODIGO-INSTITUICAO="294800000006" NOME-INSTITUICAO="Universidade Estácio de Sá" NOME-GRANDE-AREA-DO-CONHECIMENTO="CIENCIAS_SOCIAIS_APLICADAS" NOME-DA-AREA-DO-CONHECIMENTO="Administração" NOME-DA-SUB-AREA-DO-CONHECIMENTO="" NOME-DA-ESPECIALIDADE="" NIVEL-CURSO="GRADUACAO"/><INFORMACAO-ADICIONAL-CURSO CODIGO-CURSO="90000003" CODIGO-ORGAO="" NOME-ORGAO="" CODIGO-INSTITUICAO="294800000006" NOME-INSTITUICAO="Universidade Estácio de Sá" NOME-GRANDE-AREA-DO-CONHECIMENTO="CIENCIAS_SOCIAIS_APLICADAS" NOME-DA-AREA-DO-CONHECIMENTO="Administração" NOME-DA-SUB-AREA-DO-CONHECIMENTO="" NOME-DA-ESPECIALIDADE="" NIVEL-CURSO="GRADUACAO"/><INFORMACAO-ADICIONAL-CURSO CODIGO-CURSO="90000004" CODIGO-ORGAO="" NOME-ORGAO="" CODIGO-INSTITUICAO="294800000006" NOME-INSTITUICAO="Universidade Estácio de Sá" NOME-GRANDE-AREA-DO-CONHECIMENTO="ENGENHARIAS" NOME-DA-AREA-DO-CONHECIMENTO="Engenharia Elétrica" NOME-DA-SUB-AREA-DO-CONHECIMENTO="Telecomunicações" NOME-DA-ESPECIALIDADE="Sistemas de Telecomunicações" NIVEL-CURSO="GRADUACAO"/><INFORMACAO-ADICIONAL-CURSO CODIGO-CURSO="90000005" CODIGO-ORGAO="" NOME-ORGAO="" CODIGO-INSTITUICAO="294500000000" NOME-INSTITUICAO="Faculdade de Ciências Humanas Esuda" NOME-GRANDE-AREA-DO-CONHECIMENTO="OUTROS" NOME-DA-AREA-DO-CONHECIMENTO="" NOME-DA-SUB-AREA-DO-CONHECIMENTO="" NOME-DA-ESPECIALIDADE="" NIVEL-CURSO="GRADUACAO"/><INFORMACAO-ADICIONAL-CURSO CODIGO-CURSO="90000006" CODIGO-ORGAO="" NOME-ORGAO="" CODIGO-INSTITUICAO="116300000009" NOME-INSTITUICAO="Serviço Nacional de Aprendizagem Comercial - RS" NOME-GRANDE-AREA-DO-CONHECIMENTO="OUTROS" NOME-DA-AREA-DO-CONHECIMENTO="" NOME-DA-SUB-AREA-DO-CONHECIMENTO="" NOME-DA-ESPECIALIDADE="" NIVEL-CURSO="APERFEICOAMENTO"/><INFORMACAO-ADICIONAL-CURSO CODIGO-CURSO="90000007" CODIGO-ORGAO="" NOME-ORGAO="" CODIGO-INSTITUICAO="294800000006" NOME-INSTITUICAO="Universidade Estácio de Sá" NOME-GRANDE-AREA-DO-CONHECIMENTO="CIENCIAS_SOCIAIS_APLICADAS" NOME-DA-AREA-DO-CONHECIMENTO="Administração" NOME-DA-SUB-AREA-DO-CONHECIMENTO="" NOME-DA-ESPECIALIDADE="" NIVEL-CURSO="GRADUACAO"/><INFORMACAO-ADICIONAL-CURSO CODIGO-CURSO="90000008" CODIGO-ORGAO="" NOME-ORGAO="" CODIGO-INSTITUICAO="294800000006" NOME-INSTITUICAO="Universidade Estácio de Sá" NOME-GRANDE-AREA-DO-CONHECIMENTO="CIENCIAS_SOCIAIS_APLICADAS" NOME-DA-AREA-DO-CONHECIMENTO="Administração" NOME-DA-SUB-AREA-DO-CONHECIMENTO="" NOME-DA-ESPECIALIDADE="" NIVEL-CURSO="GRADUACAO"/><INFORMACAO-ADICIONAL-CURSO CODIGO-CURSO="90000009" CODIGO-ORGAO="" NOME-ORGAO="" CODIGO-INSTITUICAO="201900000008" NOME-INSTITUICAO="Centro Universitário Augusto Motta" NOME-GRANDE-AREA-DO-CONHECIMENTO="CIENCIAS_SOCIAIS_APLICADAS" NOME-DA-AREA-DO-CONHECIMENTO="Administração" NOME-DA-SUB-AREA-DO-CONHECIMENTO="" NOME-DA-ESPECIALIDADE="" NIVEL-CURSO="GRADUACAO"/><INFORMACAO-ADICIONAL-CURSO CODIGO-CURSO="90000010" CODIGO-ORGAO="" NOME-ORGAO="" CODIGO-INSTITUICAO="453600000008" NOME-INSTITUICAO="Vianna &amp;amp; Consultores Associados Ltda" NOME-GRANDE-AREA-DO-CONHECIMENTO="CIENCIAS_SOCIAIS_APLICADAS" NOME-DA-AREA-DO-CONHECIMENTO="Administração" NOME-DA-SUB-AREA-DO-CONHECIMENTO="Administração Pública" NOME-DA-ESPECIALIDADE="" NIVEL-CURSO="CURSO_DE_CURTA_DURACAO"/><INFORMACAO-ADICIONAL-CURSO CODIGO-CURSO="90000011" CODIGO-ORGAO="" NOME-ORGAO="" CODIGO-INSTITUICAO="453600000008" NOME-INSTITUICAO="Vianna &amp;amp; Consultores Associados Ltda" NOME-GRANDE-AREA-DO-CONHECIMENTO="CIENCIAS_SOCIAIS_APLICADAS" NOME-DA-AREA-DO-CONHECIMENTO="Administração" NOME-DA-SUB-AREA-DO-CONHECIMENTO="Administração Pública" NOME-DA-ESPECIALIDADE="" NIVEL-CURSO="CURSO_DE_CURTA_DURACAO"/></INFORMACOES-ADICIONAIS-CURSOS></DADOS-COMPLEMENTARES><eventos/></CURRICULO-VITAE>