<CURRICULO-VITAE SISTEMA-ORIGEM-XML="LATTES_OFFLINE" NUMERO-IDENTIFICADOR="0641429569969985" FORMATO-DATA-ATUALIZACAO="DDMMAAAA" DATA-ATUALIZACAO="23082016" FORMATO-HORA-ATUALIZACAO="HHMMSS" HORA-ATUALIZACAO="072711"><DADOS-GERAIS NOME-COMPLETO="Adelzon Assis de Paula" NOME-EM-CITACOES-BIBLIOGRAFICAS="PAULA, A. A.;de Paula, Adelzon Assis;Paula, Adelzon A.;PAULA, ADELZON A;PAULA, ADELZON" NACIONALIDADE="B" PAIS-DE-NASCIMENTO="Brasil" FORMATO-DATA-DE-NASCIMENTO="DDMMAAAA" FORMATO-DATA-DE-EMISSAO="DDMMAAAA" PERMISSAO-DE-DIVULGACAO="NAO" DATA-FALECIMENTO="" SIGLA-PAIS-NACIONALIDADE="BRA" PAIS-DE-NACIONALIDADE="Brasil"><RESUMO-CV TEXTO-RESUMO-CV-RH="Possui graduação em Medicina Veterinária pela Universidade Federal Rural do Rio de Janeiro (1998) e mestrado em Biologia Parasitária pela Fundação Oswaldo Cruz (2001). Tem experiência na área de Doenças Infecciosas e desenvolveu colaboração em Biologia Celular. Atualmente aluno de doutorado em Epidemiologia pela ENSP/Fiocruz" TEXTO-RESUMO-CV-RH-EN="bachelor's at Medicina Veterinária from Universidade Federal Rural do Rio de Janeiro (1998) and master's at Parasitology from Fundação Oswaldo Cruz (2001). Has experience in Ecology, acting on the following subjects: galectina-3, leishmaniose visceral, linfócitos b, imunidade adaptativa and diagnóstico."/><ENDERECO FLAG-DE-PREFERENCIA="ENDERECO_RESIDENCIAL"><ENDERECO-PROFISSIONAL CODIGO-INSTITUICAO-EMPRESA="201900000008" NOME-INSTITUICAO-EMPRESA="Centro Universitário Augusto Motta" CODIGO-ORGAO="" NOME-ORGAO="" CODIGO-UNIDADE="" NOME-UNIDADE="" LOGRADOURO-COMPLEMENTO="Avenida Paris 72" PAIS="Brasil" UF="RJ" CEP="21041020" CIDADE="Rio de Janeiro" BAIRRO="Bonsucesso" DDD="21" TELEFONE="38829713" RAMAL="" FAX="" E-MAIL="adelzon@hotmail.com" HOME-PAGE=""/></ENDERECO><FORMACAO-ACADEMICA-TITULACAO><GRADUACAO SEQUENCIA-FORMACAO="1" NIVEL="1" TITULO-DO-TRABALHO-DE-CONCLUSAO-DE-CURSO="" NOME-DO-ORIENTADOR="" CODIGO-INSTITUICAO="021100000005" NOME-INSTITUICAO="Universidade Federal Rural do Rio de Janeiro" CODIGO-ORGAO="" NOME-ORGAO="" CODIGO-CURSO="90000001" NOME-CURSO="Medicina Veterinária" CODIGO-AREA-CURSO="90000001" STATUS-DO-CURSO="CONCLUIDO" ANO-DE-INICIO="1993" ANO-DE-CONCLUSAO="1998" FLAG-BOLSA="NAO" CODIGO-AGENCIA-FINANCIADORA="" NOME-AGENCIA="" NUMERO-ID-ORIENTADOR="" CODIGO-CURSO-CAPES="" TITULO-DO-TRABALHO-DE-CONCLUSAO-DE-CURSO-INGLES="" NOME-CURSO-INGLES="" FORMACAO-ACADEMICA-TITULACAO="" TIPO-GRADUACAO="" CODIGO-INSTITUICAO-GRAD="" NOME-INSTITUICAO-GRAD="" CODIGO-INSTITUICAO-OUTRA-GRAD="" NOME-INSTITUICAO-OUTRA-GRAD="" NOME-ORIENTADOR-GRAD=""/><MESTRADO SEQUENCIA-FORMACAO="3" NIVEL="3" CODIGO-INSTITUICAO="003900000001" NOME-INSTITUICAO="Fundação Oswaldo Cruz" CODIGO-ORGAO="" NOME-ORGAO="" CODIGO-CURSO="31100015" NOME-CURSO="Biologia Parasitária" CODIGO-AREA-CURSO="21300003" STATUS-DO-CURSO="CONCLUIDO" ANO-DE-INICIO="1998" ANO-DE-CONCLUSAO="2001" FLAG-BOLSA="SIM" CODIGO-AGENCIA-FINANCIADORA="000100000991" NOME-AGENCIA="Instituto Oswaldo Cruz" ANO-DE-OBTENCAO-DO-TITULO="2001" TITULO-DA-DISSERTACAO-TESE="Apectos macro e microecológicos da leishmaniose visceral canina" NOME-COMPLETO-DO-ORIENTADOR="Ana Maria Franken Jansen" TIPO-MESTRADO="" NUMERO-ID-ORIENTADOR="8818754232804062" CODIGO-CURSO-CAPES="31010016001P0" TITULO-DA-DISSERTACAO-TESE-INGLES="" NOME-CURSO-INGLES="Parasitology" NOME-DO-CO-ORIENTADOR="" CODIGO-INSTITUICAO-DOUT="" NOME-INSTITUICAO-DOUT="" CODIGO-INSTITUICAO-OUTRA-DOUT="" NOME-INSTITUICAO-OUTRA-DOUT="" NOME-ORIENTADOR-DOUT=""><PALAVRAS-CHAVE PALAVRA-CHAVE-1="leishmaniose visceral" PALAVRA-CHAVE-2="cães" PALAVRA-CHAVE-3="reservatório" PALAVRA-CHAVE-4="diagnóstico" PALAVRA-CHAVE-5="" PALAVRA-CHAVE-6=""/><AREAS-DO-CONHECIMENTO><AREA-DO-CONHECIMENTO-1 NOME-GRANDE-AREA-DO-CONHECIMENTO="CIENCIAS_BIOLOGICAS" NOME-DA-AREA-DO-CONHECIMENTO="" NOME-DA-SUB-AREA-DO-CONHECIMENTO="Protozoologia de Parasitos" NOME-DA-ESPECIALIDADE="Protozoologia Parasitária Animal"/><AREA-DO-CONHECIMENTO-2 NOME-GRANDE-AREA-DO-CONHECIMENTO="CIENCIAS_BIOLOGICAS" NOME-DA-AREA-DO-CONHECIMENTO="Parasitologia" NOME-DA-SUB-AREA-DO-CONHECIMENTO="" NOME-DA-ESPECIALIDADE=""/></AREAS-DO-CONHECIMENTO><conceitoCapes/></MESTRADO><DOUTORADO SEQUENCIA-FORMACAO="4" NIVEL="4" CODIGO-INSTITUICAO="000700000992" NOME-INSTITUICAO="Escola Nacional de Saúde Pública" CODIGO-ORGAO="" NOME-ORGAO="" CODIGO-CURSO="90000002" NOME-CURSO="Epidemiologia" CODIGO-AREA-CURSO="90000002" STATUS-DO-CURSO="EM_ANDAMENTO" ANO-DE-INICIO="2013" ANO-DE-CONCLUSAO="" FLAG-BOLSA="SIM" CODIGO-AGENCIA-FINANCIADORA="045000000000" NOME-AGENCIA="Coordenação de Aperfeiçoamento de Pessoal de Nível Superior" ANO-DE-OBTENCAO-DO-TITULO="" TITULO-DA-DISSERTACAO-TESE="Avaliação dos fatores de risco e componentes específicos da mortalidade geral e específica de PVHA residentes no Estado do Rio de Janeiro." NOME-COMPLETO-DO-ORIENTADOR="Antonio Guilherme Fonseca Pacheco" TIPO-DOUTORADO="N" CODIGO-INSTITUICAO-DOUT="" NOME-INSTITUICAO-DOUT="" CODIGO-INSTITUICAO-OUTRA-DOUT="" NOME-INSTITUICAO-OUTRA-DOUT="" NOME-ORIENTADOR-DOUT="" NUMERO-ID-ORIENTADOR="5392568548228414" CODIGO-CURSO-CAPES="" TITULO-DA-DISSERTACAO-TESE-INGLES="" NOME-CURSO-INGLES="" NOME-DO-ORIENTADOR-CO-TUTELA="" CODIGO-INSTITUICAO-OUTRA-CO-TUTELA="" CODIGO-INSTITUICAO-CO-TUTELA="" NOME-DO-ORIENTADOR-SANDUICHE="" CODIGO-INSTITUICAO-OUTRA-SANDUICHE="" CODIGO-INSTITUICAO-SANDUICHE="" NOME-DO-CO-ORIENTADOR=""><conceitoCapes/></DOUTORADO></FORMACAO-ACADEMICA-TITULACAO><ATUACOES-PROFISSIONAIS><ATUACAO-PROFISSIONAL CODIGO-INSTITUICAO="003900000001" NOME-INSTITUICAO="Fundação Oswaldo Cruz" SEQUENCIA-ATIVIDADE="1" SEQUENCIA-IMPORTANCIA=""><VINCULOS SEQUENCIA-HISTORICO="1" TIPO-DE-VINCULO="OUTRO" ENQUADRAMENTO-FUNCIONAL="LIVRE" CARGA-HORARIA-SEMANAL="20" FLAG-DEDICACAO-EXCLUSIVA="NAO" MES-INICIO="1" ANO-INICIO="1997" MES-FIM="12" ANO-FIM="1997" OUTRAS-INFORMACOES="Monitorconcursado de Anatomia Patológica" FLAG-VINCULO-EMPREGATICIO="SIM" OUTRO-VINCULO-INFORMADO="" OUTRO-ENQUADRAMENTO-FUNCIONAL-INFORMADO="Estagiário" OUTRO-ENQUADRAMENTO-FUNCIONAL-INFORMADO-INGLES="" OUTRAS-INFORMACOES-INGLES=""/><ATIVIDADES-DE-ESTAGIO><ESTAGIO SEQUENCIA-FUNCAO-ATIVIDADE="2" FLAG-PERIODO="ANTERIOR" MES-INICIO="7" ANO-INICIO="1997" MES-FIM="12" ANO-FIM="1997" CODIGO-ORGAO="003905000000" NOME-ORGAO="Instituto Oswaldo Cruz" CODIGO-UNIDADE="003905005001" NOME-UNIDADE="Departamento de Protozoologia" ESTAGIO-REALIZADO="estágio curricular não-remunerado"/><ESTAGIO SEQUENCIA-FUNCAO-ATIVIDADE="1" FLAG-PERIODO="ANTERIOR" MES-INICIO="1" ANO-INICIO="1997" MES-FIM="6" ANO-FIM="1997" CODIGO-ORGAO="003908000000" NOME-ORGAO="Escola Nacional de Saúde Pública" CODIGO-UNIDADE="003908002003" NOME-UNIDADE="Departamento de Ciências Biológicas" ESTAGIO-REALIZADO="estágio extracurricular não-remunerado"/></ATIVIDADES-DE-ESTAGIO><ATIVIDADES-DE-PARTICIPACAO-EM-PROJETO><PARTICIPACAO-EM-PROJETO SEQUENCIA-FUNCAO-ATIVIDADE="4" FLAG-PERIODO="ATUAL" MES-INICIO="" ANO-INICIO="2014" MES-FIM="" ANO-FIM="" CODIGO-ORGAO="003901000994" NOME-ORGAO="Programa de Computação Científica" CODIGO-UNIDADE="" NOME-UNIDADE=""><PROJETO-DE-PESQUISA SEQUENCIA-PROJETO="2" ANO-INICIO="2014" ANO-FIM="" NOME-DO-PROJETO="Grupo de Pesquisa: Desenvolvimento de Métodos Epidemiológicos, Estastísticos, Matemáticos e Computacionais para o Planejamento, Avaliação e Monitoramento de Intervenções em Saúde Pública" SITUACAO="EM_ANDAMENTO" NATUREZA="PESQUISA" NUMERO-GRADUACAO="" NUMERO-ESPECIALIZACAO="" NUMERO-MESTRADO-ACADEMICO="" NUMERO-MESTRADO-PROF="" NUMERO-DOUTORADO="" DESCRICAO-DO-PROJETO="As intervenções em saúde pública visam a redução da morbidade e mortalidade, com a conseqüente melhoria da qualidade de vida. A complexidade das ações com estes objetivos é composta de várias etapas, começando pela caracterização dos problemas existentes, passando pelo estabelecimento de prioridades, a otimização do uso dos recursos disponíveis e finalmente a vigilância permanente para manter o estágio de controle atingido. Além da avaliação dos instrumentos de intervenção, os profissionais de saúde confrontando-se, também, com opções de ações que privilegiam a proteção de indivíduos e, alternativamente, a proteção de populações. Nem todas as conseqüências de cada uma destas estratégias são desejáveis. Por exemplo a proteção de recém-nascidos por anticorpos maternos pode ser inferior caso a mãe tenha sido imunizada quando comparada à proteção que se segue à exposição da mãe à infecção natural. A pressão evolucionária da vacinação poderia produzir mutantes mais virulentos. Vacinas compostas de antígenos grupo-específicos, com menor eficácia, mas de aplicação mais genérica, quando comparadas com antígenos de cepas específicas poderiam produzir menor proteção para os indivíduos, mas serem mais protetoras em geral para a população. Vacinas de baixa eficácia e longa duração podem produzir efeitos globais a nível populacional comparáveis aos de uma eficácia com duração mais curta. Outras limitações poderiam ser simplesmente objetivos inatingíveis como a eliminação ou erradicação da transmissão. A integração dos desenvolvimentos metodológicos oriundos dos diversos domínios do conhecimento é fundamental para formar a base sobre a qual se apoiarão decisões relativas ao controle de endemias e epidemias" IDENTIFICADOR-PROJETO="" DESCRICAO-DO-PROJETO-INGLES="" NOME-DO-PROJETO-INGLES="" FLAG-POTENCIAL-INOVACAO="NAO" FLAG-PROJETO-CERTIFICADO="nao" NOME-COORDENADOR-CERTIFICACAO="" FORMATO-DATA-CERTIFICACAO="DDMMAAAA" DATA-CERTIFICACAO="" NUMERO_TECNICO_NIVEL_MEDIO=""><EQUIPE-DO-PROJETO><INTEGRANTES-DO-PROJETO NOME-COMPLETO="Adelzon Assis de Paula" NOME-PARA-CITACAO="PAULA, A. A.;de Paula, Adelzon Assis;Paula, Adelzon A.;PAULA, ADELZON A;PAULA, ADELZON" ORDEM-DE-INTEGRACAO="1" FLAG-RESPONSAVEL="SIM" NRO-ID-CNPQ="0641429569969985"/><INTEGRANTES-DO-PROJETO NOME-COMPLETO="PACHECO, ANTONIO GUILHERME" NOME-PARA-CITACAO="PACHECO, ANTONIO GUILHERME" ORDEM-DE-INTEGRACAO="2" FLAG-RESPONSAVEL="NAO" NRO-ID-CNPQ=""/><INTEGRANTES-DO-PROJETO NOME-COMPLETO="Claudio Jose Struchiner" NOME-PARA-CITACAO="STRUCHINER, C. J." ORDEM-DE-INTEGRACAO="3" FLAG-RESPONSAVEL="NAO" NRO-ID-CNPQ=""/><INTEGRANTES-DO-PROJETO NOME-COMPLETO="Claudia Torres Codeço" NOME-PARA-CITACAO="CODECO, C. T." ORDEM-DE-INTEGRACAO="4" FLAG-RESPONSAVEL="NAO" NRO-ID-CNPQ=""/></EQUIPE-DO-PROJETO></PROJETO-DE-PESQUISA></PARTICIPACAO-EM-PROJETO></ATIVIDADES-DE-PARTICIPACAO-EM-PROJETO><atividadesProfissionaisPlanificadas/></ATUACAO-PROFISSIONAL><ATUACAO-PROFISSIONAL CODIGO-INSTITUICAO="021100000005" NOME-INSTITUICAO="Universidade Federal Rural do Rio de Janeiro" SEQUENCIA-ATIVIDADE="2" SEQUENCIA-IMPORTANCIA=""><VINCULOS SEQUENCIA-HISTORICO="1" TIPO-DE-VINCULO="LIVRE" ENQUADRAMENTO-FUNCIONAL="LIVRE" CARGA-HORARIA-SEMANAL="20" FLAG-DEDICACAO-EXCLUSIVA="NAO" MES-INICIO="3" ANO-INICIO="1996" MES-FIM="12" ANO-FIM="1996" OUTRAS-INFORMACOES="" FLAG-VINCULO-EMPREGATICIO="SIM" OUTRO-VINCULO-INFORMADO="bolsista" OUTRO-ENQUADRAMENTO-FUNCIONAL-INFORMADO="Monitor" OUTRO-ENQUADRAMENTO-FUNCIONAL-INFORMADO-INGLES="" OUTRAS-INFORMACOES-INGLES=""/><atividadesProfissionaisPlanificadas/></ATUACAO-PROFISSIONAL><ATUACAO-PROFISSIONAL CODIGO-INSTITUICAO="000500000999" NOME-INSTITUICAO="Revista da Sociedade Brasileira de Medicina Tropical" SEQUENCIA-ATIVIDADE="5" SEQUENCIA-IMPORTANCIA=""><VINCULOS SEQUENCIA-HISTORICO="1" TIPO-DE-VINCULO="LIVRE" ENQUADRAMENTO-FUNCIONAL="LIVRE" CARGA-HORARIA-SEMANAL="" FLAG-DEDICACAO-EXCLUSIVA="NAO" MES-INICIO="06" ANO-INICIO="2005" MES-FIM="06" ANO-FIM="2007" OUTRAS-INFORMACOES="Atividade de revisor ad-hoc" FLAG-VINCULO-EMPREGATICIO="SIM" OUTRO-VINCULO-INFORMADO="Revisor de periódico" OUTRO-ENQUADRAMENTO-FUNCIONAL-INFORMADO="" OUTRO-ENQUADRAMENTO-FUNCIONAL-INFORMADO-INGLES="" OUTRAS-INFORMACOES-INGLES=""/><atividadesProfissionaisPlanificadas/></ATUACAO-PROFISSIONAL><ATUACAO-PROFISSIONAL CODIGO-INSTITUICAO="000300000995" NOME-INSTITUICAO="Faculdades São José" SEQUENCIA-ATIVIDADE="6" SEQUENCIA-IMPORTANCIA=""><VINCULOS SEQUENCIA-HISTORICO="1" TIPO-DE-VINCULO="LIVRE" ENQUADRAMENTO-FUNCIONAL="LIVRE" CARGA-HORARIA-SEMANAL="6" FLAG-DEDICACAO-EXCLUSIVA="NAO" MES-INICIO="07" ANO-INICIO="2004" MES-FIM="01" ANO-FIM="2006" OUTRAS-INFORMACOES="" FLAG-VINCULO-EMPREGATICIO="SIM" OUTRO-VINCULO-INFORMADO="Professor Auxiliar" OUTRO-ENQUADRAMENTO-FUNCIONAL-INFORMADO="Horista" OUTRO-ENQUADRAMENTO-FUNCIONAL-INFORMADO-INGLES="" OUTRAS-INFORMACOES-INGLES=""/><atividadesProfissionaisPlanificadas/></ATUACAO-PROFISSIONAL><ATUACAO-PROFISSIONAL CODIGO-INSTITUICAO="020200000009" NOME-INSTITUICAO="Universidade Federal do Rio de Janeiro" SEQUENCIA-ATIVIDADE="8" SEQUENCIA-IMPORTANCIA=""><VINCULOS SEQUENCIA-HISTORICO="1" TIPO-DE-VINCULO="PROFESSOR_VISITANTE" ENQUADRAMENTO-FUNCIONAL="LIVRE" CARGA-HORARIA-SEMANAL="5" FLAG-DEDICACAO-EXCLUSIVA="NAO" MES-INICIO="06" ANO-INICIO="2013" MES-FIM="06" ANO-FIM="2013" OUTRAS-INFORMACOES="Curso de Especialização em Ciências do Laboratório Clínico. Módulo Parasitologia Clínica." FLAG-VINCULO-EMPREGATICIO="SIM" OUTRO-VINCULO-INFORMADO="" OUTRO-ENQUADRAMENTO-FUNCIONAL-INFORMADO="Professor" OUTRO-ENQUADRAMENTO-FUNCIONAL-INFORMADO-INGLES="" OUTRAS-INFORMACOES-INGLES=""/><atividadesProfissionaisPlanificadas/></ATUACAO-PROFISSIONAL><ATUACAO-PROFISSIONAL CODIGO-INSTITUICAO="000800000994" NOME-INSTITUICAO="Instituto de Infectologia Evandro Chagas" SEQUENCIA-ATIVIDADE="9" SEQUENCIA-IMPORTANCIA=""><VINCULOS SEQUENCIA-HISTORICO="2" TIPO-DE-VINCULO="LIVRE" ENQUADRAMENTO-FUNCIONAL="LIVRE" CARGA-HORARIA-SEMANAL="" FLAG-DEDICACAO-EXCLUSIVA="NAO" MES-INICIO="12" ANO-INICIO="2013" MES-FIM="04" ANO-FIM="2015" OUTRAS-INFORMACOES="Analista de Projetos. CASSAnet ? Rede de trabalho do Caribe, América Central e América do Sul sobre Epidemiologia do HIV" FLAG-VINCULO-EMPREGATICIO="SIM" OUTRO-VINCULO-INFORMADO="Bolsista" OUTRO-ENQUADRAMENTO-FUNCIONAL-INFORMADO="Bolsita" OUTRO-ENQUADRAMENTO-FUNCIONAL-INFORMADO-INGLES="" OUTRAS-INFORMACOES-INGLES=""/><ATIVIDADES-DE-PARTICIPACAO-EM-PROJETO><PARTICIPACAO-EM-PROJETO SEQUENCIA-FUNCAO-ATIVIDADE="3" FLAG-PERIODO="ANTERIOR" MES-INICIO="" ANO-INICIO="2013" MES-FIM="" ANO-FIM="2015" CODIGO-ORGAO="000801000998" NOME-ORGAO="Fiocruz" CODIGO-UNIDADE="" NOME-UNIDADE=""><PROJETO-DE-PESQUISA SEQUENCIA-PROJETO="1" ANO-INICIO="2013" ANO-FIM="2015" NOME-DO-PROJETO="CCASSAnet- Rede de trabalho do Caribe, América Central e América do Sul sobre Epidemiologia do HIV" SITUACAO="CONCLUIDO" NATUREZA="PESQUISA" NUMERO-GRADUACAO="" NUMERO-ESPECIALIZACAO="" NUMERO-MESTRADO-ACADEMICO="" NUMERO-MESTRADO-PROF="" NUMERO-DOUTORADO="" DESCRICAO-DO-PROJETO="Definir desfechos clínicos e complicações relacionadas ao HIV e à terapia antirretroviral. Atuação na supervisão de gerenciamento e análise de dados pertinentes ao projeto." IDENTIFICADOR-PROJETO="" DESCRICAO-DO-PROJETO-INGLES="" NOME-DO-PROJETO-INGLES="CCASSAnet- Rede de trabalho do Caribe, América Central e América do Sul sobre Epidemiologia do HIV" FLAG-POTENCIAL-INOVACAO="NAO" FLAG-PROJETO-CERTIFICADO="nao" NOME-COORDENADOR-CERTIFICACAO="" FORMATO-DATA-CERTIFICACAO="DDMMAAAA" DATA-CERTIFICACAO="" NUMERO_TECNICO_NIVEL_MEDIO=""><EQUIPE-DO-PROJETO><INTEGRANTES-DO-PROJETO NOME-COMPLETO="Adelzon Assis de Paula" NOME-PARA-CITACAO="PAULA, A. A.;de Paula, Adelzon Assis;Paula, Adelzon A.;PAULA, ADELZON A;PAULA, ADELZON" ORDEM-DE-INTEGRACAO="1" FLAG-RESPONSAVEL="NAO" NRO-ID-CNPQ="0641429569969985"/><INTEGRANTES-DO-PROJETO NOME-COMPLETO="Beatriz Grinsztejn" NOME-PARA-CITACAO="GRINSZTEJN, B." ORDEM-DE-INTEGRACAO="2" FLAG-RESPONSAVEL="SIM" NRO-ID-CNPQ=""/><INTEGRANTES-DO-PROJETO NOME-COMPLETO="Antonio Guilherme Pacheco" NOME-PARA-CITACAO="PACHECO, A. G." ORDEM-DE-INTEGRACAO="3" FLAG-RESPONSAVEL="NAO" NRO-ID-CNPQ=""/></EQUIPE-DO-PROJETO></PROJETO-DE-PESQUISA></PARTICIPACAO-EM-PROJETO></ATIVIDADES-DE-PARTICIPACAO-EM-PROJETO><atividadesProfissionaisPlanificadas/></ATUACAO-PROFISSIONAL><ATUACAO-PROFISSIONAL CODIGO-INSTITUICAO="201900000008" NOME-INSTITUICAO="Centro Universitário Augusto Motta" SEQUENCIA-ATIVIDADE="10" SEQUENCIA-IMPORTANCIA="6"><VINCULOS SEQUENCIA-HISTORICO="1" TIPO-DE-VINCULO="LIVRE" ENQUADRAMENTO-FUNCIONAL="LIVRE" CARGA-HORARIA-SEMANAL="20" FLAG-DEDICACAO-EXCLUSIVA="NAO" MES-INICIO="08" ANO-INICIO="2002" MES-FIM="" ANO-FIM="" OUTRAS-INFORMACOES="Professor Assistente de Epidemiologia e Parasitologia." FLAG-VINCULO-EMPREGATICIO="SIM" OUTRO-VINCULO-INFORMADO="" OUTRO-ENQUADRAMENTO-FUNCIONAL-INFORMADO="Professor Assistente" OUTRO-ENQUADRAMENTO-FUNCIONAL-INFORMADO-INGLES="" OUTRAS-INFORMACOES-INGLES=""/><atividadesProfissionaisPlanificadas/></ATUACAO-PROFISSIONAL><ATUACAO-PROFISSIONAL CODIGO-INSTITUICAO="000900000996" NOME-INSTITUICAO="Plos One" SEQUENCIA-ATIVIDADE="11" SEQUENCIA-IMPORTANCIA=""><VINCULOS SEQUENCIA-HISTORICO="1" TIPO-DE-VINCULO="LIVRE" ENQUADRAMENTO-FUNCIONAL="LIVRE" CARGA-HORARIA-SEMANAL="" FLAG-DEDICACAO-EXCLUSIVA="NAO" MES-INICIO="01" ANO-INICIO="2015" MES-FIM="" ANO-FIM="" OUTRAS-INFORMACOES="" FLAG-VINCULO-EMPREGATICIO="SIM" OUTRO-VINCULO-INFORMADO="Revisor de periódico" OUTRO-ENQUADRAMENTO-FUNCIONAL-INFORMADO="" OUTRO-ENQUADRAMENTO-FUNCIONAL-INFORMADO-INGLES="" OUTRAS-INFORMACOES-INGLES=""/><atividadesProfissionaisPlanificadas/></ATUACAO-PROFISSIONAL><ATUACAO-PROFISSIONAL CODIGO-INSTITUICAO="001000000998" NOME-INSTITUICAO="BMC Infectious Diseases (Online)" SEQUENCIA-ATIVIDADE="12" SEQUENCIA-IMPORTANCIA=""><VINCULOS SEQUENCIA-HISTORICO="1" TIPO-DE-VINCULO="LIVRE" ENQUADRAMENTO-FUNCIONAL="LIVRE" CARGA-HORARIA-SEMANAL="" FLAG-DEDICACAO-EXCLUSIVA="NAO" MES-INICIO="04" ANO-INICIO="2014" MES-FIM="11" ANO-FIM="2014" OUTRAS-INFORMACOES="" FLAG-VINCULO-EMPREGATICIO="SIM" OUTRO-VINCULO-INFORMADO="Revisor de periódico" OUTRO-ENQUADRAMENTO-FUNCIONAL-INFORMADO="" OUTRO-ENQUADRAMENTO-FUNCIONAL-INFORMADO-INGLES="" OUTRAS-INFORMACOES-INGLES=""/><atividadesProfissionaisPlanificadas/></ATUACAO-PROFISSIONAL></ATUACOES-PROFISSIONAIS><AREAS-DE-ATUACAO><AREA-DE-ATUACAO SEQUENCIA-AREA-DE-ATUACAO="1" NOME-GRANDE-AREA-DO-CONHECIMENTO="CIENCIAS_BIOLOGICAS" NOME-DA-AREA-DO-CONHECIMENTO="Ecologia" NOME-DA-SUB-AREA-DO-CONHECIMENTO="Ecologia de Parasitos" NOME-DA-ESPECIALIDADE=""/><AREA-DE-ATUACAO SEQUENCIA-AREA-DE-ATUACAO="2" NOME-GRANDE-AREA-DO-CONHECIMENTO="CIENCIAS_BIOLOGICAS" NOME-DA-AREA-DO-CONHECIMENTO="Morfologia" NOME-DA-SUB-AREA-DO-CONHECIMENTO="" NOME-DA-ESPECIALIDADE=""/><AREA-DE-ATUACAO SEQUENCIA-AREA-DE-ATUACAO="3" NOME-GRANDE-AREA-DO-CONHECIMENTO="CIENCIAS_BIOLOGICAS" NOME-DA-AREA-DO-CONHECIMENTO="Parasitologia" NOME-DA-SUB-AREA-DO-CONHECIMENTO="" NOME-DA-ESPECIALIDADE=""/></AREAS-DE-ATUACAO><IDIOMAS><IDIOMA IDIOMA="EN" DESCRICAO-DO-IDIOMA="Inglês" PROFICIENCIA-DE-LEITURA="BEM" PROFICIENCIA-DE-FALA="BEM" PROFICIENCIA-DE-ESCRITA="BEM" PROFICIENCIA-DE-COMPREENSAO="BEM"/><IDIOMA IDIOMA="FR" DESCRICAO-DO-IDIOMA="Francês" PROFICIENCIA-DE-LEITURA="BEM" PROFICIENCIA-DE-FALA="RAZOAVELMENTE" PROFICIENCIA-DE-ESCRITA="RAZOAVELMENTE" PROFICIENCIA-DE-COMPREENSAO="BEM"/></IDIOMAS><staValidado/><dataExibicao/><dadosBolsista/></DADOS-GERAIS><PRODUCAO-BIBLIOGRAFICA><TRABALHOS-EM-EVENTOS><TRABALHO-EM-EVENTOS SEQUENCIA-PRODUCAO="9"><DADOS-BASICOS-DO-TRABALHO NATUREZA="RESUMO" TITULO-DO-TRABALHO="Galectin-3 regulates the interface of innate and adaptative immunity controlling the histological architecture of lymphoid tissues" ANO-DO-TRABALHO="2010" PAIS-DO-EVENTO="Brasil" IDIOMA="Português" MEIO-DE-DIVULGACAO="IMPRESSO" HOME-PAGE-DO-TRABALHO="" FLAG-RELEVANCIA="NAO" DOI="" TITULO-DO-TRABALHO-INGLES="" FLAG-DIVULGACAO-CIENTIFICA="NAO"/><DETALHAMENTO-DO-TRABALHO CLASSIFICACAO-DO-EVENTO="INTERNACIONAL" NOME-DO-EVENTO="XV Meeting of the Brazilian society for Cell Biology" CIDADE-DO-EVENTO="São Paulo" ANO-DE-REALIZACAO="2010" TITULO-DOS-ANAIS-OU-PROCEEDINGS="XV Meeting of the Brazilian society for Cell Biology - Program and abstracts" VOLUME="" FASCICULO="" SERIE="" PAGINA-INICIAL="" PAGINA-FINAL="" ISBN="" NOME-DA-EDITORA="" CIDADE-DA-EDITORA="" NOME-DO-EVENTO-INGLES=""/><AUTORES NOME-COMPLETO-DO-AUTOR="Camila Brand" NOME-PARA-CITACAO="BRAND, C." ORDEM-DE-AUTORIA="1" NRO-ID-CNPQ=""/><AUTORES NOME-COMPLETO-DO-AUTOR="Felipe Leite Oliveira" NOME-PARA-CITACAO="OLIVEIRA, F. L." ORDEM-DE-AUTORIA="2" NRO-ID-CNPQ=""/><AUTORES NOME-COMPLETO-DO-AUTOR="Adelzon Assis de Paula" NOME-PARA-CITACAO="PAULA, A. A." ORDEM-DE-AUTORIA="3" NRO-ID-CNPQ=""/><AUTORES NOME-COMPLETO-DO-AUTOR="Dan K Hsu" NOME-PARA-CITACAO="HSU, D. K." ORDEM-DE-AUTORIA="4" NRO-ID-CNPQ=""/><AUTORES NOME-COMPLETO-DO-AUTOR="Fu Tong Liu" NOME-PARA-CITACAO="LIU, F. T." ORDEM-DE-AUTORIA="5" NRO-ID-CNPQ=""/><AUTORES NOME-COMPLETO-DO-AUTOR="Radovan Borojevic" NOME-PARA-CITACAO="BOROJEVIC, R." ORDEM-DE-AUTORIA="6" NRO-ID-CNPQ=""/><AUTORES NOME-COMPLETO-DO-AUTOR="Cristina Maeda Takiya" NOME-PARA-CITACAO="TAKIYA, C. M." ORDEM-DE-AUTORIA="7" NRO-ID-CNPQ=""/><AUTORES NOME-COMPLETO-DO-AUTOR="Roger Chammas" NOME-PARA-CITACAO="CHAMMAS, R." ORDEM-DE-AUTORIA="8" NRO-ID-CNPQ=""/><AUTORES NOME-COMPLETO-DO-AUTOR="Marcia Cury El-Cheikh" NOME-PARA-CITACAO="EL-CHEIKH, M. C." ORDEM-DE-AUTORIA="9" NRO-ID-CNPQ=""/><PALAVRAS-CHAVE PALAVRA-CHAVE-1="galectina-3" PALAVRA-CHAVE-2="Linfócitos B" PALAVRA-CHAVE-3="imunidade inata" PALAVRA-CHAVE-4="imunidade adaptativa" PALAVRA-CHAVE-5="" PALAVRA-CHAVE-6=""/></TRABALHO-EM-EVENTOS><TRABALHO-EM-EVENTOS SEQUENCIA-PRODUCAO="36"><DADOS-BASICOS-DO-TRABALHO NATUREZA="RESUMO" TITULO-DO-TRABALHO="GALECTIN-3 REGULATES THE INTERFACE OF INNATE AND ADAPTIVE IMMUNITY CONTROLLING THE HISTOLOGICAL ARCHITECTURE OF LYMPHOID TISSUES" ANO-DO-TRABALHO="2010" PAIS-DO-EVENTO="Brasil" IDIOMA="Português" MEIO-DE-DIVULGACAO="HIPERTEXTO" HOME-PAGE-DO-TRABALHO="[http://www.sbbc.org.br/wp-content/uploads/2014/08/Resumos_do_XV_Congresso_da_SBBC_2010.pdf]" FLAG-RELEVANCIA="NAO" DOI="" TITULO-DO-TRABALHO-INGLES="" FLAG-DIVULGACAO-CIENTIFICA="SIM"/><DETALHAMENTO-DO-TRABALHO CLASSIFICACAO-DO-EVENTO="NACIONAL" NOME-DO-EVENTO="XV Congresso da SBBC" CIDADE-DO-EVENTO="Sao Paulo" ANO-DE-REALIZACAO="2010" TITULO-DOS-ANAIS-OU-PROCEEDINGS="XV Congresso da SBBC-São Paulo" VOLUME="" FASCICULO="" SERIE="" PAGINA-INICIAL="" PAGINA-FINAL="" ISBN="" NOME-DA-EDITORA="" CIDADE-DA-EDITORA="" NOME-DO-EVENTO-INGLES=""/><AUTORES NOME-COMPLETO-DO-AUTOR="Camila Brand" NOME-PARA-CITACAO="BRAND, C." ORDEM-DE-AUTORIA="1" NRO-ID-CNPQ=""/><AUTORES NOME-COMPLETO-DO-AUTOR="Marcia Cury El-Cheikh" NOME-PARA-CITACAO="EL-CHEIKH, M. C." ORDEM-DE-AUTORIA="2" NRO-ID-CNPQ=""/><AUTORES NOME-COMPLETO-DO-AUTOR="Felipe Leite Oliveira" NOME-PARA-CITACAO="OLIVEIRA, F. L." ORDEM-DE-AUTORIA="3" NRO-ID-CNPQ=""/><AUTORES NOME-COMPLETO-DO-AUTOR="Chammas, Roger" NOME-PARA-CITACAO="Chammas, Roger" ORDEM-DE-AUTORIA="4" NRO-ID-CNPQ="6888998874990744"/><AUTORES NOME-COMPLETO-DO-AUTOR="Adelzon Assis de Paula" NOME-PARA-CITACAO="PAULA, ADELZON A" ORDEM-DE-AUTORIA="5" NRO-ID-CNPQ=""/><AUTORES NOME-COMPLETO-DO-AUTOR="Radovan Borojevic" NOME-PARA-CITACAO="BOROJEVIC, R." ORDEM-DE-AUTORIA="6" NRO-ID-CNPQ=""/><AUTORES NOME-COMPLETO-DO-AUTOR="Cristina Maeda Takiya" NOME-PARA-CITACAO="TAKIYA, C. M." ORDEM-DE-AUTORIA="7" NRO-ID-CNPQ=""/><AUTORES NOME-COMPLETO-DO-AUTOR="Dan K Hsu" NOME-PARA-CITACAO="HSU, D. K." ORDEM-DE-AUTORIA="8" NRO-ID-CNPQ=""/></TRABALHO-EM-EVENTOS><TRABALHO-EM-EVENTOS SEQUENCIA-PRODUCAO="16"><DADOS-BASICOS-DO-TRABALHO NATUREZA="RESUMO" TITULO-DO-TRABALHO="Diabetes mellitus increases death rates among HIV-infected patients in Rio de Janeiro, Brazil" ANO-DO-TRABALHO="2015" PAIS-DO-EVENTO="Canadá" IDIOMA="Inglês" MEIO-DE-DIVULGACAO="VARIOS" HOME-PAGE-DO-TRABALHO="[http://www.ias2015.org/]" FLAG-RELEVANCIA="NAO" DOI="" TITULO-DO-TRABALHO-INGLES="" FLAG-DIVULGACAO-CIENTIFICA="NAO"/><DETALHAMENTO-DO-TRABALHO CLASSIFICACAO-DO-EVENTO="INTERNACIONAL" NOME-DO-EVENTO="8th IAS Conference on HIV Pathogenesis, Treatment and Prevention" CIDADE-DO-EVENTO="Vancouver" ANO-DE-REALIZACAO="" TITULO-DOS-ANAIS-OU-PROCEEDINGS="8th IAS Conference on HIV Pathogenesis, Treatment and Prevention" VOLUME="" FASCICULO="" SERIE="" PAGINA-INICIAL="" PAGINA-FINAL="" ISBN="" NOME-DA-EDITORA="" CIDADE-DA-EDITORA="" NOME-DO-EVENTO-INGLES=""/><AUTORES NOME-COMPLETO-DO-AUTOR="Rodrigo Moreira" NOME-PARA-CITACAO="MOREIRA, R." ORDEM-DE-AUTORIA="1" NRO-ID-CNPQ=""/><AUTORES NOME-COMPLETO-DO-AUTOR="Valdiléa Gonçalves Veloso" NOME-PARA-CITACAO="VELOSO, V. G." ORDEM-DE-AUTORIA="10" NRO-ID-CNPQ=""/><AUTORES NOME-COMPLETO-DO-AUTOR="Beatriz Grinsztejn" NOME-PARA-CITACAO="GRINSZTEJN, B." ORDEM-DE-AUTORIA="11" NRO-ID-CNPQ=""/><AUTORES NOME-COMPLETO-DO-AUTOR="Antonio Guilherme Pacheco" NOME-PARA-CITACAO="PACHECO, A. G." ORDEM-DE-AUTORIA="2" NRO-ID-CNPQ=""/><AUTORES NOME-COMPLETO-DO-AUTOR="Adelzon Assis de Paula" NOME-PARA-CITACAO="de Paula, Adelzon Assis" ORDEM-DE-AUTORIA="3" NRO-ID-CNPQ=""/><AUTORES NOME-COMPLETO-DO-AUTOR="Sandra Cardoso" NOME-PARA-CITACAO="CARDOSO, S." ORDEM-DE-AUTORIA="4" NRO-ID-CNPQ=""/><AUTORES NOME-COMPLETO-DO-AUTOR="MOREIRA, RONALDO I." NOME-PARA-CITACAO="MOREIRA, RONALDO I." ORDEM-DE-AUTORIA="5" NRO-ID-CNPQ=""/><AUTORES NOME-COMPLETO-DO-AUTOR="Sayonara Ribeiro" NOME-PARA-CITACAO="Ribeiro S" ORDEM-DE-AUTORIA="6" NRO-ID-CNPQ=""/><AUTORES NOME-COMPLETO-DO-AUTOR="Estevão P. Nunes" NOME-PARA-CITACAO="NUNES, E. P." ORDEM-DE-AUTORIA="7" NRO-ID-CNPQ=""/><AUTORES NOME-COMPLETO-DO-AUTOR="Maria Regina Guimarães" NOME-PARA-CITACAO="GUIMARAES, M. R." ORDEM-DE-AUTORIA="8" NRO-ID-CNPQ=""/><AUTORES NOME-COMPLETO-DO-AUTOR="Fernanda C.Q. Mello" NOME-PARA-CITACAO="MELLO F. C." ORDEM-DE-AUTORIA="9" NRO-ID-CNPQ=""/></TRABALHO-EM-EVENTOS></TRABALHOS-EM-EVENTOS><ARTIGOS-PUBLICADOS><ARTIGO-PUBLICADO SEQUENCIA-PRODUCAO="17" ORDEM-IMPORTANCIA=""><DADOS-BASICOS-DO-ARTIGO NATUREZA="COMPLETO" TITULO-DO-ARTIGO="Diabetes mellitus is associated with increased death rates among HIV-infected patients in Rio de Janeiro, Brazil" ANO-DO-ARTIGO="2016" PAIS-DE-PUBLICACAO="" IDIOMA="Inglês" MEIO-DE-DIVULGACAO="MEIO_DIGITAL" HOME-PAGE-DO-TRABALHO="[doi:10.1089/aid.2015.0265]" FLAG-RELEVANCIA="NAO" DOI="10.1089/aid.2015.0265" TITULO-DO-ARTIGO-INGLES="" FLAG-DIVULGACAO-CIENTIFICA="NAO"/><DETALHAMENTO-DO-ARTIGO TITULO-DO-PERIODICO-OU-REVISTA="AIDS Research and Human Retroviruses" ISSN="08892229" VOLUME="x" FASCICULO="" SERIE="" PAGINA-INICIAL="x" PAGINA-FINAL="" LOCAL-DE-PUBLICACAO=""/><AUTORES NOME-COMPLETO-DO-AUTOR="MOREIRA, RODRIGO CARVALHO" NOME-PARA-CITACAO="MOREIRA, RODRIGO CARVALHO" ORDEM-DE-AUTORIA="1" NRO-ID-CNPQ=""/><AUTORES NOME-COMPLETO-DO-AUTOR="VELOSO, VALDILEA G" NOME-PARA-CITACAO="VELOSO, VALDILEA G" ORDEM-DE-AUTORIA="10" NRO-ID-CNPQ=""/><AUTORES NOME-COMPLETO-DO-AUTOR="GRINSZTEJN, BEATRIZ" NOME-PARA-CITACAO="GRINSZTEJN, BEATRIZ" ORDEM-DE-AUTORIA="11" NRO-ID-CNPQ="7121133812924668"/><AUTORES NOME-COMPLETO-DO-AUTOR="PACHECO, ANTONIO GUILHERME" NOME-PARA-CITACAO="PACHECO, ANTONIO GUILHERME" ORDEM-DE-AUTORIA="2" NRO-ID-CNPQ=""/><AUTORES NOME-COMPLETO-DO-AUTOR="Adelzon Assis de Paula" NOME-PARA-CITACAO="PAULA, ADELZON" ORDEM-DE-AUTORIA="3" NRO-ID-CNPQ=""/><AUTORES NOME-COMPLETO-DO-AUTOR="CARDOSO, SANDRA WAGNER" NOME-PARA-CITACAO="CARDOSO, SANDRA WAGNER" ORDEM-DE-AUTORIA="4" NRO-ID-CNPQ=""/><AUTORES NOME-COMPLETO-DO-AUTOR="MOREIRA, RONALDO ISMERIO" NOME-PARA-CITACAO="MOREIRA, RONALDO ISMERIO" ORDEM-DE-AUTORIA="5" NRO-ID-CNPQ=""/><AUTORES NOME-COMPLETO-DO-AUTOR="RIBEIRO, SAYONARA ROCHA" NOME-PARA-CITACAO="RIBEIRO, SAYONARA ROCHA" ORDEM-DE-AUTORIA="6" NRO-ID-CNPQ=""/><AUTORES NOME-COMPLETO-DO-AUTOR="NUNES, ESTEVAO PORTELA" NOME-PARA-CITACAO="NUNES, ESTEVAO PORTELA" ORDEM-DE-AUTORIA="7" NRO-ID-CNPQ=""/><AUTORES NOME-COMPLETO-DO-AUTOR="GUIMARAES, MARIA REGINA" NOME-PARA-CITACAO="GUIMARAES, MARIA REGINA" ORDEM-DE-AUTORIA="8" NRO-ID-CNPQ=""/><AUTORES NOME-COMPLETO-DO-AUTOR="MELLO, FERNANDA CARVALHO" NOME-PARA-CITACAO="MELLO, FERNANDA CARVALHO" ORDEM-DE-AUTORIA="9" NRO-ID-CNPQ=""/></ARTIGO-PUBLICADO><ARTIGO-PUBLICADO SEQUENCIA-PRODUCAO="15" ORDEM-IMPORTANCIA=""><DADOS-BASICOS-DO-ARTIGO NATUREZA="COMPLETO" TITULO-DO-ARTIGO="Continuous Increase of Cardiovascular Diseases, Diabetes, and Non-HIV Related Cancers as Causes of Death in HIV-Infected Individuals in Brazil: An Analysis of Nationwide Data" ANO-DO-ARTIGO="2014" PAIS-DE-PUBLICACAO="" IDIOMA="Inglês" MEIO-DE-DIVULGACAO="MEIO_DIGITAL" HOME-PAGE-DO-TRABALHO="[doi:10.1371/journal.pone.0094636]" FLAG-RELEVANCIA="NAO" DOI="10.1371/journal.pone.0094636" TITULO-DO-ARTIGO-INGLES="" FLAG-DIVULGACAO-CIENTIFICA="NAO"/><DETALHAMENTO-DO-ARTIGO TITULO-DO-PERIODICO-OU-REVISTA="Plos One" ISSN="19326203" VOLUME="9" FASCICULO="" SERIE="4" PAGINA-INICIAL="e94636" PAGINA-FINAL="" LOCAL-DE-PUBLICACAO=""/><AUTORES NOME-COMPLETO-DO-AUTOR="Adelzon Assis de Paula" NOME-PARA-CITACAO="Paula, Adelzon A." ORDEM-DE-AUTORIA="1" NRO-ID-CNPQ=""/><AUTORES NOME-COMPLETO-DO-AUTOR="PACHECO, ANTONIO G." NOME-PARA-CITACAO="PACHECO, ANTONIO G." ORDEM-DE-AUTORIA="10" NRO-ID-CNPQ="5392568548228414"/><AUTORES NOME-COMPLETO-DO-AUTOR="SCHECHTER, MAURO" NOME-PARA-CITACAO="SCHECHTER, MAURO" ORDEM-DE-AUTORIA="2" NRO-ID-CNPQ="9560591817035298"/><AUTORES NOME-COMPLETO-DO-AUTOR="TUBOI, SUELY H." NOME-PARA-CITACAO="TUBOI, SUELY H." ORDEM-DE-AUTORIA="3" NRO-ID-CNPQ=""/><AUTORES NOME-COMPLETO-DO-AUTOR="FAULHABER, JOSÉ CLAUDIO" NOME-PARA-CITACAO="FAULHABER, JOSÉ CLAUDIO" ORDEM-DE-AUTORIA="4" NRO-ID-CNPQ=""/><AUTORES NOME-COMPLETO-DO-AUTOR="LUZ, PAULA M." NOME-PARA-CITACAO="LUZ, PAULA M." ORDEM-DE-AUTORIA="5" NRO-ID-CNPQ="1664190810210313"/><AUTORES NOME-COMPLETO-DO-AUTOR="VELOSO, VALDILÉA G." NOME-PARA-CITACAO="VELOSO, VALDILÉA G." ORDEM-DE-AUTORIA="6" NRO-ID-CNPQ=""/><AUTORES NOME-COMPLETO-DO-AUTOR="MOREIRA, RONALDO I." NOME-PARA-CITACAO="MOREIRA, RONALDO I." ORDEM-DE-AUTORIA="7" NRO-ID-CNPQ=""/><AUTORES NOME-COMPLETO-DO-AUTOR="GRINSZTEJN, BEATRIZ" NOME-PARA-CITACAO="GRINSZTEJN, BEATRIZ" ORDEM-DE-AUTORIA="8" NRO-ID-CNPQ="7121133812924668"/><AUTORES NOME-COMPLETO-DO-AUTOR="HARRISON, LEE H." NOME-PARA-CITACAO="HARRISON, LEE H." ORDEM-DE-AUTORIA="9" NRO-ID-CNPQ=""/></ARTIGO-PUBLICADO><ARTIGO-PUBLICADO SEQUENCIA-PRODUCAO="14" ORDEM-IMPORTANCIA=""><DADOS-BASICOS-DO-ARTIGO NATUREZA="COMPLETO" TITULO-DO-ARTIGO="Metabolic syndrome in HIV-infected individuals: underlying mechanisms and epidemiological aspects" ANO-DO-ARTIGO="2013" PAIS-DE-PUBLICACAO="" IDIOMA="Inglês" MEIO-DE-DIVULGACAO="MEIO_DIGITAL" HOME-PAGE-DO-TRABALHO="[http://www.aidsrestherapy.com/content/pdf/1742-6405-10-32.pdf][doi:10.1186/1742-6405-10-32]" FLAG-RELEVANCIA="NAO" DOI="10.1186/1742-6405-10-32" TITULO-DO-ARTIGO-INGLES="" FLAG-DIVULGACAO-CIENTIFICA="NAO"/><DETALHAMENTO-DO-ARTIGO TITULO-DO-PERIODICO-OU-REVISTA="AIDS Research and Therapy" ISSN="17426405" VOLUME="10" FASCICULO="" SERIE="1" PAGINA-INICIAL="32" PAGINA-FINAL="" LOCAL-DE-PUBLICACAO=""/><AUTORES NOME-COMPLETO-DO-AUTOR="Adelzon Assis de Paula" NOME-PARA-CITACAO="PAULA, ADELZON A" ORDEM-DE-AUTORIA="1" NRO-ID-CNPQ=""/><AUTORES NOME-COMPLETO-DO-AUTOR="FALCÃO, MELISSA CN" NOME-PARA-CITACAO="FALCÃO, MELISSA CN" ORDEM-DE-AUTORIA="2" NRO-ID-CNPQ=""/><AUTORES NOME-COMPLETO-DO-AUTOR="PACHECO, ANTONIO G" NOME-PARA-CITACAO="PACHECO, ANTONIO G" ORDEM-DE-AUTORIA="3" NRO-ID-CNPQ=""/></ARTIGO-PUBLICADO><ARTIGO-PUBLICADO SEQUENCIA-PRODUCAO="10" ORDEM-IMPORTANCIA=""><DADOS-BASICOS-DO-ARTIGO NATUREZA="COMPLETO" TITULO-DO-ARTIGO="Lack of Galectin-3 Disturbs Mesenteric Lymph Node Homeostasis and B Cell Niches in the Course of Schistosoma mansoni Infection" ANO-DO-ARTIGO="2011" PAIS-DE-PUBLICACAO="" IDIOMA="Inglês" MEIO-DE-DIVULGACAO="MEIO_DIGITAL" HOME-PAGE-DO-TRABALHO="[doi:10.1371/journal.pone.0019216]" FLAG-RELEVANCIA="NAO" DOI="10.1371/journal.pone.0019216" TITULO-DO-ARTIGO-INGLES="" FLAG-DIVULGACAO-CIENTIFICA="NAO"/><DETALHAMENTO-DO-ARTIGO TITULO-DO-PERIODICO-OU-REVISTA="Plos One" ISSN="19326203" VOLUME="6" FASCICULO="" SERIE="" PAGINA-INICIAL="e19216" PAGINA-FINAL="" LOCAL-DE-PUBLICACAO=""/><AUTORES NOME-COMPLETO-DO-AUTOR="Oliveira, Felipe L." NOME-PARA-CITACAO="Oliveira, Felipe L." ORDEM-DE-AUTORIA="1" NRO-ID-CNPQ="2814013102319474"/><AUTORES NOME-COMPLETO-DO-AUTOR="El-Cheikh, Márcia C." NOME-PARA-CITACAO="El-Cheikh, Márcia C." ORDEM-DE-AUTORIA="10" NRO-ID-CNPQ="6322414342653977"/><AUTORES NOME-COMPLETO-DO-AUTOR="Diemert, David Joseph" NOME-PARA-CITACAO="Diemert, David Joseph" ORDEM-DE-AUTORIA="11" NRO-ID-CNPQ=""/><AUTORES NOME-COMPLETO-DO-AUTOR="Brand, Camila" NOME-PARA-CITACAO="Brand, Camila" ORDEM-DE-AUTORIA="2" NRO-ID-CNPQ=""/><AUTORES NOME-COMPLETO-DO-AUTOR="Adelzon Assis de Paula" NOME-PARA-CITACAO="Paula, Adelzon A." ORDEM-DE-AUTORIA="3" NRO-ID-CNPQ=""/><AUTORES NOME-COMPLETO-DO-AUTOR="Arcanjo, Kátia D." NOME-PARA-CITACAO="Arcanjo, Kátia D." ORDEM-DE-AUTORIA="4" NRO-ID-CNPQ=""/><AUTORES NOME-COMPLETO-DO-AUTOR="Hsu, Daniel K." NOME-PARA-CITACAO="Hsu, Daniel K." ORDEM-DE-AUTORIA="5" NRO-ID-CNPQ=""/><AUTORES NOME-COMPLETO-DO-AUTOR="Liu, Fu-Tong" NOME-PARA-CITACAO="Liu, Fu-Tong" ORDEM-DE-AUTORIA="6" NRO-ID-CNPQ=""/><AUTORES NOME-COMPLETO-DO-AUTOR="Takiya, Christina M." NOME-PARA-CITACAO="Takiya, Christina M." ORDEM-DE-AUTORIA="7" NRO-ID-CNPQ="1606566838418875"/><AUTORES NOME-COMPLETO-DO-AUTOR="Borojevic, Radovan" NOME-PARA-CITACAO="Borojevic, Radovan" ORDEM-DE-AUTORIA="8" NRO-ID-CNPQ="3858952284190499"/><AUTORES NOME-COMPLETO-DO-AUTOR="Chammas, Roger" NOME-PARA-CITACAO="Chammas, Roger" ORDEM-DE-AUTORIA="9" NRO-ID-CNPQ="6888998874990744"/></ARTIGO-PUBLICADO><ARTIGO-PUBLICADO SEQUENCIA-PRODUCAO="8" ORDEM-IMPORTANCIA=""><DADOS-BASICOS-DO-ARTIGO NATUREZA="COMPLETO" TITULO-DO-ARTIGO="Canine Leishmaniasis in Brazil: Serological Follow-Up of a Dog Population in an Endemic Area of American Visceral Leishmaniasis" ANO-DO-ARTIGO="2009" PAIS-DE-PUBLICACAO="" IDIOMA="Inglês" MEIO-DE-DIVULGACAO="MEIO_DIGITAL" HOME-PAGE-DO-TRABALHO="[doi:10.1155/2009/680790]" FLAG-RELEVANCIA="SIM" DOI="10.1155/2009/680790" TITULO-DO-ARTIGO-INGLES="" FLAG-DIVULGACAO-CIENTIFICA="NAO"/><DETALHAMENTO-DO-ARTIGO TITULO-DO-PERIODICO-OU-REVISTA="Journal of Parasitology Research (Print)" ISSN="20900023" VOLUME="2009" FASCICULO="" SERIE="" PAGINA-INICIAL="1" PAGINA-FINAL="7" LOCAL-DE-PUBLICACAO=""/><AUTORES NOME-COMPLETO-DO-AUTOR="da Silva, Alba Valéria Machado" NOME-PARA-CITACAO="da Silva, Alba Valéria Machado" ORDEM-DE-AUTORIA="1" NRO-ID-CNPQ="9742834814302881"/><AUTORES NOME-COMPLETO-DO-AUTOR="Adelzon Assis de Paula" NOME-PARA-CITACAO="PAULA, A. A.;de Paula, Adelzon Assis;Paula, Adelzon A.;PAULA, ADELZON A;PAULA, ADELZON" ORDEM-DE-AUTORIA="2" NRO-ID-CNPQ="0641429569969985"/><AUTORES NOME-COMPLETO-DO-AUTOR="Pereira, Daniela de Pita" NOME-PARA-CITACAO="Pereira, Daniela de Pita" ORDEM-DE-AUTORIA="3" NRO-ID-CNPQ="1797506544590794"/><AUTORES NOME-COMPLETO-DO-AUTOR="Brazil, Reginaldo Peçanha" NOME-PARA-CITACAO="Brazil, Reginaldo Peçanha" ORDEM-DE-AUTORIA="4" NRO-ID-CNPQ="9825682812737769"/><AUTORES NOME-COMPLETO-DO-AUTOR="Carreira, João Carlos Araujo" NOME-PARA-CITACAO="Carreira, João Carlos Araujo" ORDEM-DE-AUTORIA="5" NRO-ID-CNPQ="0014892728960390"/><PALAVRAS-CHAVE PALAVRA-CHAVE-1="leishmaniose visceral" PALAVRA-CHAVE-2="diagnóstico" PALAVRA-CHAVE-3="" PALAVRA-CHAVE-4="" PALAVRA-CHAVE-5="" PALAVRA-CHAVE-6=""/></ARTIGO-PUBLICADO><ARTIGO-PUBLICADO SEQUENCIA-PRODUCAO="3" ORDEM-IMPORTANCIA=""><DADOS-BASICOS-DO-ARTIGO NATUREZA="COMPLETO" TITULO-DO-ARTIGO="Leishmaniasis in domestic dogs: epidemiological aspects" ANO-DO-ARTIGO="2005" PAIS-DE-PUBLICACAO="Brasil" IDIOMA="Português" MEIO-DE-DIVULGACAO="IMPRESSO" HOME-PAGE-DO-TRABALHO="" FLAG-RELEVANCIA="SIM" DOI="" TITULO-DO-ARTIGO-INGLES="" FLAG-DIVULGACAO-CIENTIFICA="NAO"/><DETALHAMENTO-DO-ARTIGO TITULO-DO-PERIODICO-OU-REVISTA="Cadernos de Saúde Pública (FIOCRUZ)" ISSN="0102311X" VOLUME="21" FASCICULO="1" SERIE="" PAGINA-INICIAL="324" PAGINA-FINAL="328" LOCAL-DE-PUBLICACAO="Brasil"/><AUTORES NOME-COMPLETO-DO-AUTOR="Adelzon Assis de Paula" NOME-PARA-CITACAO="PAULA, A. A.;de Paula, Adelzon Assis;Paula, Adelzon A.;PAULA, ADELZON A;PAULA, ADELZON" ORDEM-DE-AUTORIA="1" NRO-ID-CNPQ="0641429569969985"/><AUTORES NOME-COMPLETO-DO-AUTOR="Maria Alice Airosa Cabrera" NOME-PARA-CITACAO="CABRERA, M. A. A." ORDEM-DE-AUTORIA="2" NRO-ID-CNPQ=""/><AUTORES NOME-COMPLETO-DO-AUTOR="alba valeria machado da silva" NOME-PARA-CITACAO="SILVA, A. V. M." ORDEM-DE-AUTORIA="3" NRO-ID-CNPQ="9742834814302881"/></ARTIGO-PUBLICADO><ARTIGO-PUBLICADO SEQUENCIA-PRODUCAO="1" ORDEM-IMPORTANCIA=""><DADOS-BASICOS-DO-ARTIGO NATUREZA="COMPLETO" TITULO-DO-ARTIGO="Canine visceral leishmaniasis in Barra de Guaratiba, Rio de Janeiro, Brazil: assessment of risk factors." ANO-DO-ARTIGO="2003" PAIS-DE-PUBLICACAO="Brasil" IDIOMA="Inglês" MEIO-DE-DIVULGACAO="IMPRESSO" HOME-PAGE-DO-TRABALHO="" FLAG-RELEVANCIA="SIM" DOI="" TITULO-DO-ARTIGO-INGLES="" FLAG-DIVULGACAO-CIENTIFICA="NAO"/><DETALHAMENTO-DO-ARTIGO TITULO-DO-PERIODICO-OU-REVISTA="Rev Inst Med Trop Sao Paulo" ISSN="" VOLUME="45" FASCICULO="2" SERIE="" PAGINA-INICIAL="79" PAGINA-FINAL="83" LOCAL-DE-PUBLICACAO="Brasil"/><AUTORES NOME-COMPLETO-DO-AUTOR="Adelzon Assis de Paula" NOME-PARA-CITACAO="PAULA, A. A.;de Paula, Adelzon Assis;Paula, Adelzon A.;PAULA, ADELZON A;PAULA, ADELZON" ORDEM-DE-AUTORIA="1" NRO-ID-CNPQ="0641429569969985"/><AUTORES NOME-COMPLETO-DO-AUTOR="alba valeria machado da silva" NOME-PARA-CITACAO="SILVA, A. V. M." ORDEM-DE-AUTORIA="2" NRO-ID-CNPQ="9742834814302881"/><AUTORES NOME-COMPLETO-DO-AUTOR="ana maria jansen" NOME-PARA-CITACAO="JANSEN, A. M." ORDEM-DE-AUTORIA="3" NRO-ID-CNPQ="8818754232804062"/><AUTORES NOME-COMPLETO-DO-AUTOR="Maria Alice Airosa Cabrera" NOME-PARA-CITACAO="CABRERA, M. A. A." ORDEM-DE-AUTORIA="4" NRO-ID-CNPQ=""/><AREAS-DO-CONHECIMENTO><AREA-DO-CONHECIMENTO-1 NOME-GRANDE-AREA-DO-CONHECIMENTO="CIENCIAS_BIOLOGICAS" NOME-DA-AREA-DO-CONHECIMENTO="" NOME-DA-SUB-AREA-DO-CONHECIMENTO="" NOME-DA-ESPECIALIDADE=""/></AREAS-DO-CONHECIMENTO></ARTIGO-PUBLICADO><ARTIGO-PUBLICADO SEQUENCIA-PRODUCAO="2" ORDEM-IMPORTANCIA=""><DADOS-BASICOS-DO-ARTIGO NATUREZA="COMPLETO" TITULO-DO-ARTIGO="The use of immunoblot analysis in the diagnosis of canine visceral leishmaniasis in an endemic area of Rio de Janeiro" ANO-DO-ARTIGO="2003" PAIS-DE-PUBLICACAO="Estados Unidos" IDIOMA="Inglês" MEIO-DE-DIVULGACAO="IMPRESSO" HOME-PAGE-DO-TRABALHO="" FLAG-RELEVANCIA="SIM" DOI="" TITULO-DO-ARTIGO-INGLES="" FLAG-DIVULGACAO-CIENTIFICA="NAO"/><DETALHAMENTO-DO-ARTIGO TITULO-DO-PERIODICO-OU-REVISTA="Journal of Parasitology" ISSN="" VOLUME="89" FASCICULO="4" SERIE="" PAGINA-INICIAL="832" PAGINA-FINAL="836" LOCAL-DE-PUBLICACAO="EUA"/><AUTORES NOME-COMPLETO-DO-AUTOR="Adelzon Assis de Paula" NOME-PARA-CITACAO="PAULA, A. A.;de Paula, Adelzon Assis;Paula, Adelzon A.;PAULA, ADELZON A;PAULA, ADELZON" ORDEM-DE-AUTORIA="1" NRO-ID-CNPQ="0641429569969985"/><AUTORES NOME-COMPLETO-DO-AUTOR="ana maria jansen" NOME-PARA-CITACAO="JANSEN, A. M." ORDEM-DE-AUTORIA="2" NRO-ID-CNPQ="8818754232804062"/><AUTORES NOME-COMPLETO-DO-AUTOR="alba valeria machado da silva" NOME-PARA-CITACAO="SILVA, A. V. M." ORDEM-DE-AUTORIA="3" NRO-ID-CNPQ="9742834814302881"/><AUTORES NOME-COMPLETO-DO-AUTOR="Octavio fernandes" NOME-PARA-CITACAO="FERNANDES, O." ORDEM-DE-AUTORIA="4" NRO-ID-CNPQ=""/><AREAS-DO-CONHECIMENTO><AREA-DO-CONHECIMENTO-1 NOME-GRANDE-AREA-DO-CONHECIMENTO="CIENCIAS_BIOLOGICAS" NOME-DA-AREA-DO-CONHECIMENTO="" NOME-DA-SUB-AREA-DO-CONHECIMENTO="" NOME-DA-ESPECIALIDADE=""/></AREAS-DO-CONHECIMENTO></ARTIGO-PUBLICADO></ARTIGOS-PUBLICADOS></PRODUCAO-BIBLIOGRAFICA><PRODUCAO-TECNICA><DEMAIS-TIPOS-DE-PRODUCAO-TECNICA><APRESENTACAO-DE-TRABALHO SEQUENCIA-PRODUCAO="13"><DADOS-BASICOS-DA-APRESENTACAO-DE-TRABALHO NATUREZA="CONGRESSO" TITULO="EVOLUÇÃO TEMPORAL DE CAUSAS DE ÓBITO RELACIONADAS E NÃO RELACIONADAS A AIDS NO BRASIL" ANO="2012" PAIS="Brasil" IDIOMA="Português" FLAG-RELEVANCIA="NAO" DOI="" TITULO-INGLES="" FLAG-DIVULGACAO-CIENTIFICA="NAO"/><DETALHAMENTO-DA-APRESENTACAO-DE-TRABALHO NOME-DO-EVENTO="10º Congresso Brasileiro de Saúde Coletiva" INSTITUICAO-PROMOTORA="Abrasco" LOCAL-DA-APRESENTACAO="Universidade Federal do Rio Grande do Sul - UFRGS" CIDADE-DA-APRESENTACAO="Rio Grande do Sul" NOME-DO-EVENTO-INGLES=""/><AUTORES NOME-COMPLETO-DO-AUTOR="Adelzon Assis de Paula" NOME-PARA-CITACAO="PAULA, A. A." ORDEM-DE-AUTORIA="1" NRO-ID-CNPQ=""/><AUTORES NOME-COMPLETO-DO-AUTOR="Antonio Guilherme Pacheco" NOME-PARA-CITACAO="PACHECO, A. G." ORDEM-DE-AUTORIA="10" NRO-ID-CNPQ=""/><AUTORES NOME-COMPLETO-DO-AUTOR="Suely H. Tuboi" NOME-PARA-CITACAO="TUBOI, S. H." ORDEM-DE-AUTORIA="2" NRO-ID-CNPQ=""/><AUTORES NOME-COMPLETO-DO-AUTOR="José Claudio Faulhaber" NOME-PARA-CITACAO="FAULHABER, J. C." ORDEM-DE-AUTORIA="3" NRO-ID-CNPQ=""/><AUTORES NOME-COMPLETO-DO-AUTOR="Mauro Schechter" NOME-PARA-CITACAO="SCHECHTER, M." ORDEM-DE-AUTORIA="4" NRO-ID-CNPQ=""/><AUTORES NOME-COMPLETO-DO-AUTOR="Paula Mendes Luz" NOME-PARA-CITACAO="LUZ, P. M." ORDEM-DE-AUTORIA="5" NRO-ID-CNPQ=""/><AUTORES NOME-COMPLETO-DO-AUTOR="Valdiléa Gonçalves Veloso" NOME-PARA-CITACAO="VELOSO, V. G." ORDEM-DE-AUTORIA="6" NRO-ID-CNPQ=""/><AUTORES NOME-COMPLETO-DO-AUTOR="Ronaldo I. Moreira" NOME-PARA-CITACAO="MOREIRA, R. I." ORDEM-DE-AUTORIA="7" NRO-ID-CNPQ=""/><AUTORES NOME-COMPLETO-DO-AUTOR="Beatriz Grinsztejn" NOME-PARA-CITACAO="GRINSZTEJN, B." ORDEM-DE-AUTORIA="8" NRO-ID-CNPQ=""/><AUTORES NOME-COMPLETO-DO-AUTOR="Lee H. Harrison" NOME-PARA-CITACAO="HARRISON, L. H." ORDEM-DE-AUTORIA="9" NRO-ID-CNPQ=""/><PALAVRAS-CHAVE PALAVRA-CHAVE-1="AIDS" PALAVRA-CHAVE-2="HAART" PALAVRA-CHAVE-3="Mortalidade" PALAVRA-CHAVE-4="" PALAVRA-CHAVE-5="" PALAVRA-CHAVE-6=""/><AREAS-DO-CONHECIMENTO><AREA-DO-CONHECIMENTO-1 NOME-GRANDE-AREA-DO-CONHECIMENTO="CIENCIAS_DA_SAUDE" NOME-DA-AREA-DO-CONHECIMENTO="" NOME-DA-SUB-AREA-DO-CONHECIMENTO="Epidemiologia" NOME-DA-ESPECIALIDADE=""/></AREAS-DO-CONHECIMENTO></APRESENTACAO-DE-TRABALHO><APRESENTACAO-DE-TRABALHO SEQUENCIA-PRODUCAO="11"><DADOS-BASICOS-DA-APRESENTACAO-DE-TRABALHO NATUREZA="CONGRESSO" TITULO="GALECTIN-3 REGULATES THE INTERFACE OF INNATE AND ADAPTIVE IMMUNITY CONTROLLING THE HISTOLOGICAL ARCHITECTURE OF LYMPHOID TISSUES" ANO="2010" PAIS="Brasil" IDIOMA="Inglês" FLAG-RELEVANCIA="NAO" DOI="" TITULO-INGLES="" FLAG-DIVULGACAO-CIENTIFICA="NAO"/><DETALHAMENTO-DA-APRESENTACAO-DE-TRABALHO NOME-DO-EVENTO="XV Meeting Brazilian Society for Cell Biology" INSTITUICAO-PROMOTORA="Brazilian Society for Cell Biology" LOCAL-DA-APRESENTACAO="Sao Paulo" CIDADE-DA-APRESENTACAO="Sao Paulo" NOME-DO-EVENTO-INGLES=""/><AUTORES NOME-COMPLETO-DO-AUTOR="Camila Brand" NOME-PARA-CITACAO="BRAND, C." ORDEM-DE-AUTORIA="1" NRO-ID-CNPQ=""/><AUTORES NOME-COMPLETO-DO-AUTOR="Roger Chammas" NOME-PARA-CITACAO="CHAMMAS, R." ORDEM-DE-AUTORIA="2" NRO-ID-CNPQ=""/><AUTORES NOME-COMPLETO-DO-AUTOR="Adelzon Assis de Paula" NOME-PARA-CITACAO="de Paula, Adelzon Assis" ORDEM-DE-AUTORIA="3" NRO-ID-CNPQ=""/><AUTORES NOME-COMPLETO-DO-AUTOR="El-Cheikh, Márcia C." NOME-PARA-CITACAO="El-Cheikh, Márcia C." ORDEM-DE-AUTORIA="4" NRO-ID-CNPQ="6322414342653977"/><AUTORES NOME-COMPLETO-DO-AUTOR="Felipe Leite Oliveira" NOME-PARA-CITACAO="OLIVEIRA, F. L." ORDEM-DE-AUTORIA="5" NRO-ID-CNPQ=""/><AUTORES NOME-COMPLETO-DO-AUTOR="Takiya, Christina M." NOME-PARA-CITACAO="Takiya, Christina M." ORDEM-DE-AUTORIA="6" NRO-ID-CNPQ="1606566838418875"/><AUTORES NOME-COMPLETO-DO-AUTOR="Borojevic, Radovan" NOME-PARA-CITACAO="Borojevic, Radovan" ORDEM-DE-AUTORIA="7" NRO-ID-CNPQ="3858952284190499"/><AUTORES NOME-COMPLETO-DO-AUTOR="Hsu, Daniel K." NOME-PARA-CITACAO="Hsu, Daniel K." ORDEM-DE-AUTORIA="8" NRO-ID-CNPQ=""/><AUTORES NOME-COMPLETO-DO-AUTOR="Liu, Fu-Tong" NOME-PARA-CITACAO="Liu, Fu-Tong" ORDEM-DE-AUTORIA="9" NRO-ID-CNPQ=""/><PALAVRAS-CHAVE PALAVRA-CHAVE-1="Linfócitos B" PALAVRA-CHAVE-2="galectina-3" PALAVRA-CHAVE-3="imunidade inata" PALAVRA-CHAVE-4="imunidade adaptativa" PALAVRA-CHAVE-5="" PALAVRA-CHAVE-6=""/><AREAS-DO-CONHECIMENTO><AREA-DO-CONHECIMENTO-1 NOME-GRANDE-AREA-DO-CONHECIMENTO="CIENCIAS_BIOLOGICAS" NOME-DA-AREA-DO-CONHECIMENTO="" NOME-DA-SUB-AREA-DO-CONHECIMENTO="" NOME-DA-ESPECIALIDADE=""/><AREA-DO-CONHECIMENTO-2 NOME-GRANDE-AREA-DO-CONHECIMENTO="CIENCIAS_BIOLOGICAS" NOME-DA-AREA-DO-CONHECIMENTO="Morfologia" NOME-DA-SUB-AREA-DO-CONHECIMENTO="" NOME-DA-ESPECIALIDADE=""/></AREAS-DO-CONHECIMENTO></APRESENTACAO-DE-TRABALHO><CURSO-DE-CURTA-DURACAO-MINISTRADO SEQUENCIA-PRODUCAO="37"><DADOS-BASICOS-DE-CURSOS-CURTA-DURACAO-MINISTRADO NIVEL-DO-CURSO="OUTRA" TITULO="'Tripanosomatídeos de mamíferos: caracterização bioquímica'" ANO="1999" PAIS="Brasil" IDIOMA="Português" MEIO-DE-DIVULGACAO="OUTRO" HOME-PAGE-DO-TRABALHO="" FLAG-RELEVANCIA="NAO" DOI="" TITULO-INGLES="" FLAG-DIVULGACAO-CIENTIFICA="SIM"/><DETALHAMENTO-DE-CURSOS-CURTA-DURACAO-MINISTRADO PARTICIPACAO-DOS-AUTORES="DOCENTE" INSTITUICAO-PROMOTORA-DO-CURSO="Fundação Oswaldo Cruz" LOCAL-DO-CURSO="Instituto Oswaldo Cruz" CIDADE="Rio de Janeiro" DURACAO="5" UNIDADE="horas" UNIDADE-INGLES=""/><AUTORES NOME-COMPLETO-DO-AUTOR="Adelzon Assis de Paula" NOME-PARA-CITACAO="de Paula, Adelzon Assis" ORDEM-DE-AUTORIA="1" NRO-ID-CNPQ=""/><AUTORES NOME-COMPLETO-DO-AUTOR="ana maria jansen" NOME-PARA-CITACAO="JANSEN, A. M." ORDEM-DE-AUTORIA="2" NRO-ID-CNPQ="8818754232804062"/><AUTORES NOME-COMPLETO-DO-AUTOR="Cícero Brasileiro de Mello Netto" NOME-PARA-CITACAO="NETTO, C. B. M." ORDEM-DE-AUTORIA="3" NRO-ID-CNPQ=""/></CURSO-DE-CURTA-DURACAO-MINISTRADO><CURSO-DE-CURTA-DURACAO-MINISTRADO SEQUENCIA-PRODUCAO="7"><DADOS-BASICOS-DE-CURSOS-CURTA-DURACAO-MINISTRADO NIVEL-DO-CURSO="ESPECIALIZACAO" TITULO="Doenças transmitidas por vetores artrópodes" ANO="2007" PAIS="Brasil" IDIOMA="Português" MEIO-DE-DIVULGACAO="NAO_INFORMADO" HOME-PAGE-DO-TRABALHO="" FLAG-RELEVANCIA="SIM" DOI="" TITULO-INGLES="" FLAG-DIVULGACAO-CIENTIFICA="NAO"/><DETALHAMENTO-DE-CURSOS-CURTA-DURACAO-MINISTRADO PARTICIPACAO-DOS-AUTORES="DOCENTE" INSTITUICAO-PROMOTORA-DO-CURSO="UniSuam" LOCAL-DO-CURSO="Rio de Janeiro" CIDADE="Rio de Janeiro" DURACAO="4" UNIDADE="dias" UNIDADE-INGLES=""/><AUTORES NOME-COMPLETO-DO-AUTOR="Adelzon Assis de Paula" NOME-PARA-CITACAO="PAULA, A. A.;de Paula, Adelzon Assis;Paula, Adelzon A.;PAULA, ADELZON A;PAULA, ADELZON" ORDEM-DE-AUTORIA="1" NRO-ID-CNPQ="0641429569969985"/></CURSO-DE-CURTA-DURACAO-MINISTRADO></DEMAIS-TIPOS-DE-PRODUCAO-TECNICA></PRODUCAO-TECNICA><OUTRA-PRODUCAO><ORIENTACOES-CONCLUIDAS><OUTRAS-ORIENTACOES-CONCLUIDAS SEQUENCIA-PRODUCAO="18"><DADOS-BASICOS-DE-OUTRAS-ORIENTACOES-CONCLUIDAS NATUREZA="TRABALHO_DE_CONCLUSAO_DE_CURSO_GRADUACAO" TIPO="" TITULO="&amp;quot;Febre Maculosa no Estado do Rio de Janeiro: estudo de possíveis vetores&amp;quot;" ANO="2006" PAIS="Brasil" IDIOMA="Português" HOME-PAGE="" FLAG-RELEVANCIA="NAO" DOI="" TITULO-INGLES="" TIPO-INGLES=""/><DETALHAMENTO-DE-OUTRAS-ORIENTACOES-CONCLUIDAS NOME-DO-ORIENTADO="Maria Stella Barros de Souza" CODIGO-INSTITUICAO="201900000008" NOME-DA-INSTITUICAO="Centro Universitário Augusto Motta" CODIGO-CURSO="60364777" NOME-DO-CURSO="Ciências Biológicas" FLAG-BOLSA="NAO" CODIGO-AGENCIA-FINANCIADORA="" NOME-DA-AGENCIA="" TIPO-DE-ORIENTACAO-CONCLUIDA="CO_ORIENTADOR" NUMERO-DE-PAGINAS="" NUMERO-ID-ORIENTADO="" NOME-DO-CURSO-INGLES=""/><PALAVRAS-CHAVE PALAVRA-CHAVE-1="Febre Maculosa" PALAVRA-CHAVE-2="Vetores" PALAVRA-CHAVE-3="Rickettsia rickettsii" PALAVRA-CHAVE-4="" PALAVRA-CHAVE-5="" PALAVRA-CHAVE-6=""/></OUTRAS-ORIENTACOES-CONCLUIDAS><OUTRAS-ORIENTACOES-CONCLUIDAS SEQUENCIA-PRODUCAO="20"><DADOS-BASICOS-DE-OUTRAS-ORIENTACOES-CONCLUIDAS NATUREZA="TRABALHO_DE_CONCLUSAO_DE_CURSO_GRADUACAO" TIPO="" TITULO="&amp;quot;Febre Maculosa&amp;quot;" ANO="2006" PAIS="Brasil" IDIOMA="Português" HOME-PAGE="" FLAG-RELEVANCIA="NAO" DOI="" TITULO-INGLES="" TIPO-INGLES=""/><DETALHAMENTO-DE-OUTRAS-ORIENTACOES-CONCLUIDAS NOME-DO-ORIENTADO="Deruzalém Túlio Simplício" CODIGO-INSTITUICAO="201900000008" NOME-DA-INSTITUICAO="Centro Universitário Augusto Motta" CODIGO-CURSO="60364777" NOME-DO-CURSO="Ciências Biológicas" FLAG-BOLSA="NAO" CODIGO-AGENCIA-FINANCIADORA="" NOME-DA-AGENCIA="" TIPO-DE-ORIENTACAO-CONCLUIDA="CO_ORIENTADOR" NUMERO-DE-PAGINAS="" NUMERO-ID-ORIENTADO="" NOME-DO-CURSO-INGLES=""/><PALAVRAS-CHAVE PALAVRA-CHAVE-1="Febre Maculosa" PALAVRA-CHAVE-2="Rickettsia rickettsii" PALAVRA-CHAVE-3="Epidemiologia" PALAVRA-CHAVE-4="" PALAVRA-CHAVE-5="" PALAVRA-CHAVE-6=""/></OUTRAS-ORIENTACOES-CONCLUIDAS><OUTRAS-ORIENTACOES-CONCLUIDAS SEQUENCIA-PRODUCAO="21"><DADOS-BASICOS-DE-OUTRAS-ORIENTACOES-CONCLUIDAS NATUREZA="TRABALHO_DE_CONCLUSAO_DE_CURSO_GRADUACAO" TIPO="" TITULO="&amp;quot;Emprego de células tronco no tratamento da Esclerose Múltipla&amp;quot;" ANO="2004" PAIS="Brasil" IDIOMA="Português" HOME-PAGE="" FLAG-RELEVANCIA="NAO" DOI="" TITULO-INGLES="" TIPO-INGLES=""/><DETALHAMENTO-DE-OUTRAS-ORIENTACOES-CONCLUIDAS NOME-DO-ORIENTADO="Carla Rose Cardoso" CODIGO-INSTITUICAO="201900000008" NOME-DA-INSTITUICAO="Centro Universitário Augusto Motta" CODIGO-CURSO="60364777" NOME-DO-CURSO="Ciências Biológicas" FLAG-BOLSA="NAO" CODIGO-AGENCIA-FINANCIADORA="" NOME-DA-AGENCIA="" TIPO-DE-ORIENTACAO-CONCLUIDA="CO_ORIENTADOR" NUMERO-DE-PAGINAS="" NUMERO-ID-ORIENTADO="" NOME-DO-CURSO-INGLES=""/><PALAVRAS-CHAVE PALAVRA-CHAVE-1="Células tronco" PALAVRA-CHAVE-2="Esclerose Múltipla" PALAVRA-CHAVE-3="Câncer" PALAVRA-CHAVE-4="" PALAVRA-CHAVE-5="" PALAVRA-CHAVE-6=""/></OUTRAS-ORIENTACOES-CONCLUIDAS><OUTRAS-ORIENTACOES-CONCLUIDAS SEQUENCIA-PRODUCAO="22"><DADOS-BASICOS-DE-OUTRAS-ORIENTACOES-CONCLUIDAS NATUREZA="TRABALHO_DE_CONCLUSAO_DE_CURSO_GRADUACAO" TIPO="" TITULO="&amp;quot;Estudo do Helicobacter pylori e sua relação com a gênese da úlcera péptica&amp;quot;" ANO="2004" PAIS="Brasil" IDIOMA="Português" HOME-PAGE="" FLAG-RELEVANCIA="NAO" DOI="" TITULO-INGLES="" TIPO-INGLES=""/><DETALHAMENTO-DE-OUTRAS-ORIENTACOES-CONCLUIDAS NOME-DO-ORIENTADO="Armando Davidson Camara Alburquerque" CODIGO-INSTITUICAO="201900000008" NOME-DA-INSTITUICAO="Centro Universitário Augusto Motta" CODIGO-CURSO="60364777" NOME-DO-CURSO="Ciências Biológicas" FLAG-BOLSA="NAO" CODIGO-AGENCIA-FINANCIADORA="" NOME-DA-AGENCIA="" TIPO-DE-ORIENTACAO-CONCLUIDA="CO_ORIENTADOR" NUMERO-DE-PAGINAS="" NUMERO-ID-ORIENTADO="" NOME-DO-CURSO-INGLES=""/></OUTRAS-ORIENTACOES-CONCLUIDAS><OUTRAS-ORIENTACOES-CONCLUIDAS SEQUENCIA-PRODUCAO="23"><DADOS-BASICOS-DE-OUTRAS-ORIENTACOES-CONCLUIDAS NATUREZA="TRABALHO_DE_CONCLUSAO_DE_CURSO_GRADUACAO" TIPO="" TITULO="&amp;quot;Evolução do número de casos de Tuberculose no período de 1990 a 2010 no Rio de Janeiro&amp;quot;" ANO="2004" PAIS="Brasil" IDIOMA="Português" HOME-PAGE="" FLAG-RELEVANCIA="NAO" DOI="" TITULO-INGLES="" TIPO-INGLES=""/><DETALHAMENTO-DE-OUTRAS-ORIENTACOES-CONCLUIDAS NOME-DO-ORIENTADO="Mirna Helena Mazolli Dias" CODIGO-INSTITUICAO="201900000008" NOME-DA-INSTITUICAO="Centro Universitário Augusto Motta" CODIGO-CURSO="60364777" NOME-DO-CURSO="Ciências Biológicas" FLAG-BOLSA="NAO" CODIGO-AGENCIA-FINANCIADORA="" NOME-DA-AGENCIA="" TIPO-DE-ORIENTACAO-CONCLUIDA="CO_ORIENTADOR" NUMERO-DE-PAGINAS="" NUMERO-ID-ORIENTADO="" NOME-DO-CURSO-INGLES=""/></OUTRAS-ORIENTACOES-CONCLUIDAS><OUTRAS-ORIENTACOES-CONCLUIDAS SEQUENCIA-PRODUCAO="24"><DADOS-BASICOS-DE-OUTRAS-ORIENTACOES-CONCLUIDAS NATUREZA="TRABALHO_DE_CONCLUSAO_DE_CURSO_GRADUACAO" TIPO="" TITULO="&amp;quot;Características gerais de Clostridium botulinum e aspectos clínicos do botulismo&amp;quot;" ANO="2004" PAIS="Brasil" IDIOMA="Português" HOME-PAGE="" FLAG-RELEVANCIA="NAO" DOI="" TITULO-INGLES="" TIPO-INGLES=""/><DETALHAMENTO-DE-OUTRAS-ORIENTACOES-CONCLUIDAS NOME-DO-ORIENTADO="Edna Maria da Silva Matos" CODIGO-INSTITUICAO="201900000008" NOME-DA-INSTITUICAO="Centro Universitário Augusto Motta" CODIGO-CURSO="60364777" NOME-DO-CURSO="Ciências Biológicas" FLAG-BOLSA="NAO" CODIGO-AGENCIA-FINANCIADORA="" NOME-DA-AGENCIA="" TIPO-DE-ORIENTACAO-CONCLUIDA="CO_ORIENTADOR" NUMERO-DE-PAGINAS="" NUMERO-ID-ORIENTADO="" NOME-DO-CURSO-INGLES=""/></OUTRAS-ORIENTACOES-CONCLUIDAS><OUTRAS-ORIENTACOES-CONCLUIDAS SEQUENCIA-PRODUCAO="35"><DADOS-BASICOS-DE-OUTRAS-ORIENTACOES-CONCLUIDAS NATUREZA="TRABALHO_DE_CONCLUSAO_DE_CURSO_GRADUACAO" TIPO="" TITULO="&amp;quot;Métodos moleculares e bioquímicos para tipagem de Staphylococcus aureus&amp;quot;" ANO="2004" PAIS="Brasil" IDIOMA="Português" HOME-PAGE="" FLAG-RELEVANCIA="NAO" DOI="" TITULO-INGLES="" TIPO-INGLES=""/><DETALHAMENTO-DE-OUTRAS-ORIENTACOES-CONCLUIDAS NOME-DO-ORIENTADO="Carla Regina Pereira da Gama" CODIGO-INSTITUICAO="201900000008" NOME-DA-INSTITUICAO="Centro Universitário Augusto Motta" CODIGO-CURSO="60364777" NOME-DO-CURSO="Ciências Biológicas" FLAG-BOLSA="NAO" CODIGO-AGENCIA-FINANCIADORA="" NOME-DA-AGENCIA="" TIPO-DE-ORIENTACAO-CONCLUIDA="CO_ORIENTADOR" NUMERO-DE-PAGINAS="" NUMERO-ID-ORIENTADO="" NOME-DO-CURSO-INGLES=""/></OUTRAS-ORIENTACOES-CONCLUIDAS><OUTRAS-ORIENTACOES-CONCLUIDAS SEQUENCIA-PRODUCAO="19"><DADOS-BASICOS-DE-OUTRAS-ORIENTACOES-CONCLUIDAS NATUREZA="TRABALHO_DE_CONCLUSAO_DE_CURSO_GRADUACAO" TIPO="" TITULO="&amp;quot;Ocorrência de enteroparasitoses no Estado do Rio de Janeiro no primeiro semestre de 2006&amp;quot;" ANO="2006" PAIS="Brasil" IDIOMA="Português" HOME-PAGE="" FLAG-RELEVANCIA="NAO" DOI="" TITULO-INGLES="" TIPO-INGLES=""/><DETALHAMENTO-DE-OUTRAS-ORIENTACOES-CONCLUIDAS NOME-DO-ORIENTADO="Luciana dos Santos Dias" CODIGO-INSTITUICAO="201900000008" NOME-DA-INSTITUICAO="Centro Universitário Augusto Motta" CODIGO-CURSO="60364777" NOME-DO-CURSO="Ciências Biológicas" FLAG-BOLSA="NAO" CODIGO-AGENCIA-FINANCIADORA="" NOME-DA-AGENCIA="" TIPO-DE-ORIENTACAO-CONCLUIDA="CO_ORIENTADOR" NUMERO-DE-PAGINAS="" NUMERO-ID-ORIENTADO="" NOME-DO-CURSO-INGLES=""/><PALAVRAS-CHAVE PALAVRA-CHAVE-1="Enteroparasitas" PALAVRA-CHAVE-2="Cestodas" PALAVRA-CHAVE-3="" PALAVRA-CHAVE-4="" PALAVRA-CHAVE-5="" PALAVRA-CHAVE-6=""/></OUTRAS-ORIENTACOES-CONCLUIDAS></ORIENTACOES-CONCLUIDAS></OUTRA-PRODUCAO><DADOS-COMPLEMENTARES><FORMACAO-COMPLEMENTAR><FORMACAO-COMPLEMENTAR-CURSO-DE-CURTA-DURACAO SEQUENCIA-FORMACAO="5" NIVEL="F" CARGA-HORARIA="20" CODIGO-INSTITUICAO="000500000000" NOME-INSTITUICAO="Universidade Federal Fluminense" CODIGO-ORGAO="" NOME-ORGAO="" CODIGO-CURSO="90000003" NOME-CURSO="&amp;quot;Curso latino-americano de imunohistoquímica e processamento de imagnes&amp;quot;" STATUS-DO-CURSO="CONCLUIDO" ANO-DE-INICIO="1997" ANO-DE-CONCLUSAO="1997" NOME-CURSO-INGLES=""/><formacoesComplementaresPlana/></FORMACAO-COMPLEMENTAR><PARTICIPACAO-EM-BANCA-TRABALHOS-CONCLUSAO><PARTICIPACAO-EM-BANCA-DE-GRADUACAO SEQUENCIA-PRODUCAO="25"><DADOS-BASICOS-DA-PARTICIPACAO-EM-BANCA-DE-GRADUACAO NATUREZA="Graduação" TITULO="&amp;quot;Incidência de Babesia canis em cães do bairro do Encantado, Município do Rio de Janeiro&amp;quot;" ANO="2006" PAIS="Brasil" IDIOMA="Português" HOME-PAGE="" DOI="" TITULO-INGLES=""/><DETALHAMENTO-DA-PARTICIPACAO-EM-BANCA-DE-GRADUACAO NOME-DO-CANDIDATO="Renato Ferreira de Almeida Júnior" CODIGO-INSTITUICAO="201900000008" NOME-INSTITUICAO="Centro Universitário Augusto Motta" CODIGO-ORGAO="" NOME-ORGAO="" CODIGO-CURSO="60364777" NOME-CURSO="Ciências Biológicas" NOME-CURSO-INGLES=""/><PARTICIPANTE-BANCA NOME-COMPLETO-DO-PARTICIPANTE-DA-BANCA="Adelzon Assis de Paula" NOME-PARA-CITACAO-DO-PARTICIPANTE-DA-BANCA="PAULA, ADELZON A" ORDEM-PARTICIPANTE="1" NRO-ID-CNPQ=""/><PARTICIPANTE-BANCA NOME-COMPLETO-DO-PARTICIPANTE-DA-BANCA="Vinícius Frias de Carvalho" NOME-PARA-CITACAO-DO-PARTICIPANTE-DA-BANCA="CARVALHO, V. F." ORDEM-PARTICIPANTE="2" NRO-ID-CNPQ=""/><PARTICIPANTE-BANCA NOME-COMPLETO-DO-PARTICIPANTE-DA-BANCA="Antonio Carlos Palermo Chaves" NOME-PARA-CITACAO-DO-PARTICIPANTE-DA-BANCA="CHAVES, A. C. P." ORDEM-PARTICIPANTE="3" NRO-ID-CNPQ=""/></PARTICIPACAO-EM-BANCA-DE-GRADUACAO><PARTICIPACAO-EM-BANCA-DE-GRADUACAO SEQUENCIA-PRODUCAO="26"><DADOS-BASICOS-DA-PARTICIPACAO-EM-BANCA-DE-GRADUACAO NATUREZA="Graduação" TITULO="&amp;quot;Principais recursos terapêuticos na Leucemia Mielóide Crônica&amp;quot;" ANO="2012" PAIS="Brasil" IDIOMA="Português" HOME-PAGE="" DOI="" TITULO-INGLES=""/><DETALHAMENTO-DA-PARTICIPACAO-EM-BANCA-DE-GRADUACAO NOME-DO-CANDIDATO="Cássio de Souza Machado" CODIGO-INSTITUICAO="201900000008" NOME-INSTITUICAO="Centro Universitário Augusto Motta" CODIGO-ORGAO="" NOME-ORGAO="" CODIGO-CURSO="60146923" NOME-CURSO="Farmácia" NOME-CURSO-INGLES=""/><PARTICIPANTE-BANCA NOME-COMPLETO-DO-PARTICIPANTE-DA-BANCA="Adelzon Assis de Paula" NOME-PARA-CITACAO-DO-PARTICIPANTE-DA-BANCA="Paula, Adelzon A." ORDEM-PARTICIPANTE="1" NRO-ID-CNPQ=""/><PARTICIPANTE-BANCA NOME-COMPLETO-DO-PARTICIPANTE-DA-BANCA="Jairo Alves de Oliveira" NOME-PARA-CITACAO-DO-PARTICIPANTE-DA-BANCA="OLIVEIRA, J. A." ORDEM-PARTICIPANTE="2" NRO-ID-CNPQ=""/><PARTICIPANTE-BANCA NOME-COMPLETO-DO-PARTICIPANTE-DA-BANCA="Mayara da Costa Chambela" NOME-PARA-CITACAO-DO-PARTICIPANTE-DA-BANCA="CHAMBELA, M. C." ORDEM-PARTICIPANTE="3" NRO-ID-CNPQ=""/></PARTICIPACAO-EM-BANCA-DE-GRADUACAO><PARTICIPACAO-EM-BANCA-DE-GRADUACAO SEQUENCIA-PRODUCAO="27"><DADOS-BASICOS-DA-PARTICIPACAO-EM-BANCA-DE-GRADUACAO NATUREZA="Graduação" TITULO="&amp;quot;Levantamento Bibliográfico da doença Febre Amarela e estudo do processo de produção vacina antiamarílica na unidade Biomanguinhos - Fiocruz-RJ&amp;quot;" ANO="2004" PAIS="Brasil" IDIOMA="Português" HOME-PAGE="" DOI="" TITULO-INGLES=""/><DETALHAMENTO-DA-PARTICIPACAO-EM-BANCA-DE-GRADUACAO NOME-DO-CANDIDATO="Cristiane Oazen Macedo" CODIGO-INSTITUICAO="201900000008" NOME-INSTITUICAO="Centro Universitário Augusto Motta" CODIGO-ORGAO="" NOME-ORGAO="" CODIGO-CURSO="60601922" NOME-CURSO="Biologia" NOME-CURSO-INGLES=""/><PARTICIPANTE-BANCA NOME-COMPLETO-DO-PARTICIPANTE-DA-BANCA="Adelzon Assis de Paula" NOME-PARA-CITACAO-DO-PARTICIPANTE-DA-BANCA="Paula, Adelzon A." ORDEM-PARTICIPANTE="1" NRO-ID-CNPQ=""/><PARTICIPANTE-BANCA NOME-COMPLETO-DO-PARTICIPANTE-DA-BANCA="Delfim Vera Cruz Aguiar" NOME-PARA-CITACAO-DO-PARTICIPANTE-DA-BANCA="AGUIAR, D. V. C." ORDEM-PARTICIPANTE="2" NRO-ID-CNPQ=""/></PARTICIPACAO-EM-BANCA-DE-GRADUACAO><PARTICIPACAO-EM-BANCA-DE-GRADUACAO SEQUENCIA-PRODUCAO="28"><DADOS-BASICOS-DA-PARTICIPACAO-EM-BANCA-DE-GRADUACAO NATUREZA="Graduação" TITULO="&amp;quot;Ïncidência de meningites em crianças de 6 meses a 5 anos causadas pelo Haemophilus influnezae do tipo B&amp;quot;" ANO="2004" PAIS="Brasil" IDIOMA="Português" HOME-PAGE="" DOI="" TITULO-INGLES=""/><DETALHAMENTO-DA-PARTICIPACAO-EM-BANCA-DE-GRADUACAO NOME-DO-CANDIDATO="LIliane Gouveia das Neves" CODIGO-INSTITUICAO="201900000008" NOME-INSTITUICAO="Centro Universitário Augusto Motta" CODIGO-ORGAO="" NOME-ORGAO="" CODIGO-CURSO="60364777" NOME-CURSO="Ciências Biológicas" NOME-CURSO-INGLES=""/><PARTICIPANTE-BANCA NOME-COMPLETO-DO-PARTICIPANTE-DA-BANCA="Adelzon Assis de Paula" NOME-PARA-CITACAO-DO-PARTICIPANTE-DA-BANCA="Paula, Adelzon A." ORDEM-PARTICIPANTE="1" NRO-ID-CNPQ=""/><PARTICIPANTE-BANCA NOME-COMPLETO-DO-PARTICIPANTE-DA-BANCA="Delfim Vera Cruz Aguiar" NOME-PARA-CITACAO-DO-PARTICIPANTE-DA-BANCA="AGUIAR, D. V. C." ORDEM-PARTICIPANTE="2" NRO-ID-CNPQ=""/></PARTICIPACAO-EM-BANCA-DE-GRADUACAO><PARTICIPACAO-EM-BANCA-DE-GRADUACAO SEQUENCIA-PRODUCAO="29"><DADOS-BASICOS-DA-PARTICIPACAO-EM-BANCA-DE-GRADUACAO NATUREZA="Graduação" TITULO="&amp;quot;Incidência de endoparasitoses em alunos de colégio público em Duque de Caxias&amp;quot;" ANO="2004" PAIS="Brasil" IDIOMA="Português" HOME-PAGE="" DOI="" TITULO-INGLES=""/><DETALHAMENTO-DA-PARTICIPACAO-EM-BANCA-DE-GRADUACAO NOME-DO-CANDIDATO="Kátia Maria Ferreira" CODIGO-INSTITUICAO="201900000008" NOME-INSTITUICAO="Centro Universitário Augusto Motta" CODIGO-ORGAO="" NOME-ORGAO="" CODIGO-CURSO="60364777" NOME-CURSO="Ciências Biológicas" NOME-CURSO-INGLES=""/><PARTICIPANTE-BANCA NOME-COMPLETO-DO-PARTICIPANTE-DA-BANCA="Adelzon Assis de Paula" NOME-PARA-CITACAO-DO-PARTICIPANTE-DA-BANCA="Paula, Adelzon A." ORDEM-PARTICIPANTE="1" NRO-ID-CNPQ=""/><PARTICIPANTE-BANCA NOME-COMPLETO-DO-PARTICIPANTE-DA-BANCA="Delfim Vera Cruz Aguiar" NOME-PARA-CITACAO-DO-PARTICIPANTE-DA-BANCA="AGUIAR, D. V. C." ORDEM-PARTICIPANTE="2" NRO-ID-CNPQ=""/></PARTICIPACAO-EM-BANCA-DE-GRADUACAO><PARTICIPACAO-EM-BANCA-DE-GRADUACAO SEQUENCIA-PRODUCAO="30"><DADOS-BASICOS-DA-PARTICIPACAO-EM-BANCA-DE-GRADUACAO NATUREZA="Graduação" TITULO="&amp;quot;Entomofauna de dípteros muicoides em cadáveres encaminhados ao IML do Rio de Janeiro&amp;quot;" ANO="2004" PAIS="Brasil" IDIOMA="Português" HOME-PAGE="" DOI="" TITULO-INGLES=""/><DETALHAMENTO-DA-PARTICIPACAO-EM-BANCA-DE-GRADUACAO NOME-DO-CANDIDATO="Helba Salles de Souza" CODIGO-INSTITUICAO="201900000008" NOME-INSTITUICAO="Centro Universitário Augusto Motta" CODIGO-ORGAO="" NOME-ORGAO="" CODIGO-CURSO="60364777" NOME-CURSO="Ciências Biológicas" NOME-CURSO-INGLES=""/><PARTICIPANTE-BANCA NOME-COMPLETO-DO-PARTICIPANTE-DA-BANCA="Adelzon Assis de Paula" NOME-PARA-CITACAO-DO-PARTICIPANTE-DA-BANCA="Paula, Adelzon A." ORDEM-PARTICIPANTE="1" NRO-ID-CNPQ=""/><PARTICIPANTE-BANCA NOME-COMPLETO-DO-PARTICIPANTE-DA-BANCA="Delfim Vera Cruz Aguiar" NOME-PARA-CITACAO-DO-PARTICIPANTE-DA-BANCA="AGUIAR, D. V. C." ORDEM-PARTICIPANTE="2" NRO-ID-CNPQ=""/></PARTICIPACAO-EM-BANCA-DE-GRADUACAO><PARTICIPACAO-EM-BANCA-DE-GRADUACAO SEQUENCIA-PRODUCAO="31"><DADOS-BASICOS-DA-PARTICIPACAO-EM-BANCA-DE-GRADUACAO NATUREZA="Graduação" TITULO="&amp;quot;Levantamento de reações de Imunofluorescência Indireta para Leishmanioses tegumentar e visceral em indivíduos residentes em áreas de risco da protozoose no Rio de Janeiro&amp;quot;" ANO="2004" PAIS="Brasil" IDIOMA="Português" HOME-PAGE="" DOI="" TITULO-INGLES=""/><DETALHAMENTO-DA-PARTICIPACAO-EM-BANCA-DE-GRADUACAO NOME-DO-CANDIDATO="Sania Patrícia de Santanna Berco" CODIGO-INSTITUICAO="201900000008" NOME-INSTITUICAO="Centro Universitário Augusto Motta" CODIGO-ORGAO="" NOME-ORGAO="" CODIGO-CURSO="60364777" NOME-CURSO="Ciências Biológicas" NOME-CURSO-INGLES=""/><PARTICIPANTE-BANCA NOME-COMPLETO-DO-PARTICIPANTE-DA-BANCA="Adelzon Assis de Paula" NOME-PARA-CITACAO-DO-PARTICIPANTE-DA-BANCA="Paula, Adelzon A." ORDEM-PARTICIPANTE="1" NRO-ID-CNPQ=""/><PARTICIPANTE-BANCA NOME-COMPLETO-DO-PARTICIPANTE-DA-BANCA="Delfim Vera Cruz Aguiar" NOME-PARA-CITACAO-DO-PARTICIPANTE-DA-BANCA="AGUIAR, D. V. C." ORDEM-PARTICIPANTE="2" NRO-ID-CNPQ=""/></PARTICIPACAO-EM-BANCA-DE-GRADUACAO><PARTICIPACAO-EM-BANCA-DE-GRADUACAO SEQUENCIA-PRODUCAO="32"><DADOS-BASICOS-DA-PARTICIPACAO-EM-BANCA-DE-GRADUACAO NATUREZA="Graduação" TITULO="&amp;quot;Estudo do ciclo Biológico de Schistosoma mansoni&amp;quot;" ANO="2006" PAIS="Brasil" IDIOMA="Português" HOME-PAGE="" DOI="" TITULO-INGLES=""/><DETALHAMENTO-DA-PARTICIPACAO-EM-BANCA-DE-GRADUACAO NOME-DO-CANDIDATO="Giselle Martinez Borges" CODIGO-INSTITUICAO="201900000008" NOME-INSTITUICAO="Centro Universitário Augusto Motta" CODIGO-ORGAO="" NOME-ORGAO="" CODIGO-CURSO="60364777" NOME-CURSO="Ciências Biológicas" NOME-CURSO-INGLES=""/><PARTICIPANTE-BANCA NOME-COMPLETO-DO-PARTICIPANTE-DA-BANCA="Adelzon Assis de Paula" NOME-PARA-CITACAO-DO-PARTICIPANTE-DA-BANCA="Paula, Adelzon A." ORDEM-PARTICIPANTE="1" NRO-ID-CNPQ=""/><PARTICIPANTE-BANCA NOME-COMPLETO-DO-PARTICIPANTE-DA-BANCA="Vinícius Frias de Carvalho" NOME-PARA-CITACAO-DO-PARTICIPANTE-DA-BANCA="Frias, Vinícius F" ORDEM-PARTICIPANTE="2" NRO-ID-CNPQ=""/><PARTICIPANTE-BANCA NOME-COMPLETO-DO-PARTICIPANTE-DA-BANCA="Roberta Olmo Pinheiro" NOME-PARA-CITACAO-DO-PARTICIPANTE-DA-BANCA="PINHEIRO, R. O." ORDEM-PARTICIPANTE="3" NRO-ID-CNPQ=""/></PARTICIPACAO-EM-BANCA-DE-GRADUACAO><PARTICIPACAO-EM-BANCA-DE-GRADUACAO SEQUENCIA-PRODUCAO="33"><DADOS-BASICOS-DA-PARTICIPACAO-EM-BANCA-DE-GRADUACAO NATUREZA="Graduação" TITULO="&amp;quot;Cryptosporidium, um parasita emergente e sua relação com o HIV/AIDS&amp;quot;" ANO="2006" PAIS="Brasil" IDIOMA="Português" HOME-PAGE="" DOI="" TITULO-INGLES=""/><DETALHAMENTO-DA-PARTICIPACAO-EM-BANCA-DE-GRADUACAO NOME-DO-CANDIDATO="Rafael Soares Loja" CODIGO-INSTITUICAO="201900000008" NOME-INSTITUICAO="Centro Universitário Augusto Motta" CODIGO-ORGAO="" NOME-ORGAO="" CODIGO-CURSO="60364777" NOME-CURSO="Ciências Biológicas" NOME-CURSO-INGLES=""/><PARTICIPANTE-BANCA NOME-COMPLETO-DO-PARTICIPANTE-DA-BANCA="Adelzon Assis de Paula" NOME-PARA-CITACAO-DO-PARTICIPANTE-DA-BANCA="Paula, Adelzon A." ORDEM-PARTICIPANTE="1" NRO-ID-CNPQ=""/><PARTICIPANTE-BANCA NOME-COMPLETO-DO-PARTICIPANTE-DA-BANCA="Vinícius Frias de Carvalho" NOME-PARA-CITACAO-DO-PARTICIPANTE-DA-BANCA="Frias, Vinícius F" ORDEM-PARTICIPANTE="2" NRO-ID-CNPQ=""/><PARTICIPANTE-BANCA NOME-COMPLETO-DO-PARTICIPANTE-DA-BANCA="Danielle Nascimento Rocha" NOME-PARA-CITACAO-DO-PARTICIPANTE-DA-BANCA="ROCHA, D. N." ORDEM-PARTICIPANTE="3" NRO-ID-CNPQ=""/></PARTICIPACAO-EM-BANCA-DE-GRADUACAO><PARTICIPACAO-EM-BANCA-DE-GRADUACAO SEQUENCIA-PRODUCAO="34"><DADOS-BASICOS-DA-PARTICIPACAO-EM-BANCA-DE-GRADUACAO NATUREZA="Graduação" TITULO="&amp;quot;Efeito do consumo de álcool no índices de acidentes de trânsito no Brasil &amp;quot;" ANO="2006" PAIS="Brasil" IDIOMA="Português" HOME-PAGE="" DOI="" TITULO-INGLES=""/><DETALHAMENTO-DA-PARTICIPACAO-EM-BANCA-DE-GRADUACAO NOME-DO-CANDIDATO="Everaldo Pessoa de Andrade" CODIGO-INSTITUICAO="201900000008" NOME-INSTITUICAO="Centro Universitário Augusto Motta" CODIGO-ORGAO="" NOME-ORGAO="" CODIGO-CURSO="60364777" NOME-CURSO="Ciências Biológicas" NOME-CURSO-INGLES=""/><PARTICIPANTE-BANCA NOME-COMPLETO-DO-PARTICIPANTE-DA-BANCA="Adelzon Assis de Paula" NOME-PARA-CITACAO-DO-PARTICIPANTE-DA-BANCA="Paula, Adelzon A." ORDEM-PARTICIPANTE="1" NRO-ID-CNPQ=""/><PARTICIPANTE-BANCA NOME-COMPLETO-DO-PARTICIPANTE-DA-BANCA="Antonio Carlos Palermo Chaves" NOME-PARA-CITACAO-DO-PARTICIPANTE-DA-BANCA="CHAVES, A. C. P." ORDEM-PARTICIPANTE="3" NRO-ID-CNPQ=""/><PARTICIPANTE-BANCA NOME-COMPLETO-DO-PARTICIPANTE-DA-BANCA="Vinícius Frias de Carvalho" NOME-PARA-CITACAO-DO-PARTICIPANTE-DA-BANCA="Frias, Vinícius F" ORDEM-PARTICIPANTE="2" NRO-ID-CNPQ=""/></PARTICIPACAO-EM-BANCA-DE-GRADUACAO></PARTICIPACAO-EM-BANCA-TRABALHOS-CONCLUSAO><PARTICIPACAO-EM-EVENTOS-CONGRESSOS><PARTICIPACAO-EM-CONGRESSO SEQUENCIA-PRODUCAO="4"><PARTICIPANTE-DE-EVENTOS-CONGRESSOS NOME-COMPLETO-DO-PARTICIPANTE-DE-EVENTOS-CONGRESSOS="Adelzon Assis de Paula" NOME-PARA-CITACAO-DO-PARTICIPANTE-DE-EVENTOS-CONGRESSOS="PAULA, A. A.;de Paula, Adelzon Assis;Paula, Adelzon A.;PAULA, ADELZON A;PAULA, ADELZON" ORDEM-PARTICIPANTE="1" NRO-ID-CNPQ="0641429569969985"/><DADOS-BASICOS-DA-PARTICIPACAO-EM-CONGRESSO NATUREZA="Congresso" TITULO="" ANO="2007" PAIS="Brasil" IDIOMA="" MEIO-DE-DIVULGACAO="NAO_INFORMADO" HOME-PAGE-DO-TRABALHO="http://www.eventus.com.br/bioconferences/sprc8/default.asp?action=apresentacao" FLAG-RELEVANCIA="NAO" TIPO-PARTICIPACAO="" FORMA-PARTICIPACAO="Ouvinte" DOI="" TITULO-INGLES="" FLAG-DIVULGACAO-CIENTIFICA="NAO"/><DETALHAMENTO-DA-PARTICIPACAO-EM-CONGRESSO NOME-DO-EVENTO="VII São Paulo Research Conference" CODIGO-INSTITUICAO="" NOME-INSTITUICAO="" LOCAL-DO-EVENTO="" CIDADE-DO-EVENTO="Sao Paulo" NOME-DO-EVENTO-INGLES=""/></PARTICIPACAO-EM-CONGRESSO><PARTICIPACAO-EM-SIMPOSIO SEQUENCIA-PRODUCAO="5"><PARTICIPANTE-DE-EVENTOS-CONGRESSOS NOME-COMPLETO-DO-PARTICIPANTE-DE-EVENTOS-CONGRESSOS="Adelzon Assis de Paula" NOME-PARA-CITACAO-DO-PARTICIPANTE-DE-EVENTOS-CONGRESSOS="PAULA, A. A.;de Paula, Adelzon Assis;Paula, Adelzon A.;PAULA, ADELZON A;PAULA, ADELZON" ORDEM-PARTICIPANTE="1" NRO-ID-CNPQ="0641429569969985"/><DADOS-BASICOS-DA-PARTICIPACAO-EM-SIMPOSIO NATUREZA="Simpósio" TITULO="" ANO="2009" PAIS="Brasil" IDIOMA="" MEIO-DE-DIVULGACAO="NAO_INFORMADO" HOME-PAGE-DO-TRABALHO="http://www.sbbc.org.br/v2/" FLAG-RELEVANCIA="NAO" TIPO-PARTICIPACAO="" FORMA-PARTICIPACAO="Ouvinte" DOI="" TITULO-INGLES="" FLAG-DIVULGACAO-CIENTIFICA="NAO"/><DETALHAMENTO-DA-PARTICIPACAO-EM-SIMPOSIO NOME-DO-EVENTO="X Simpósio Brasileiro de Matriz Extracelular" CODIGO-INSTITUICAO="" NOME-INSTITUICAO="" LOCAL-DO-EVENTO="" CIDADE-DO-EVENTO="Búzios/Rio de Janeiro" NOME-DO-EVENTO-INGLES=""/></PARTICIPACAO-EM-SIMPOSIO><PARTICIPACAO-EM-ENCONTRO SEQUENCIA-PRODUCAO="6"><PARTICIPANTE-DE-EVENTOS-CONGRESSOS NOME-COMPLETO-DO-PARTICIPANTE-DE-EVENTOS-CONGRESSOS="Adelzon Assis de Paula" NOME-PARA-CITACAO-DO-PARTICIPANTE-DE-EVENTOS-CONGRESSOS="PAULA, A. A.;de Paula, Adelzon Assis;Paula, Adelzon A.;PAULA, ADELZON A;PAULA, ADELZON" ORDEM-PARTICIPANTE="1" NRO-ID-CNPQ="0641429569969985"/><DADOS-BASICOS-DA-PARTICIPACAO-EM-ENCONTRO NATUREZA="Encontro" TITULO="" ANO="2007" PAIS="Brasil" IDIOMA="" MEIO-DE-DIVULGACAO="NAO_INFORMADO" HOME-PAGE-DO-TRABALHO="http://www.fesbe.org.br/site/?page=fesbe-2007" FLAG-RELEVANCIA="NAO" TIPO-PARTICIPACAO="" FORMA-PARTICIPACAO="Ouvinte" DOI="" TITULO-INGLES="" FLAG-DIVULGACAO-CIENTIFICA="NAO"/><DETALHAMENTO-DA-PARTICIPACAO-EM-ENCONTRO NOME-DO-EVENTO="Federação de Sociedade de Biologia Experimental" CODIGO-INSTITUICAO="" NOME-INSTITUICAO="" LOCAL-DO-EVENTO="" CIDADE-DO-EVENTO="Águas de Lindóia - SP" NOME-DO-EVENTO-INGLES=""/></PARTICIPACAO-EM-ENCONTRO></PARTICIPACAO-EM-EVENTOS-CONGRESSOS><INFORMACOES-ADICIONAIS-INSTITUICOES><INFORMACAO-ADICIONAL-INSTITUICAO CODIGO-INSTITUICAO="000100000991" SIGLA-INSTITUICAO="IOC" SIGLA-UF-INSTITUICAO="RJ" SIGLA-PAIS-INSTITUICAO="BRA" NOME-PAIS-INSTITUICAO="Brasil" FLAG-AGENCIA-FOMENTO="SIM" FLAG-INSTITUICAO-DE-ENSINO="NAO"/><INFORMACAO-ADICIONAL-INSTITUICAO CODIGO-INSTITUICAO="000200000993" SIGLA-INSTITUICAO="UNISUAM" SIGLA-UF-INSTITUICAO="RJ" SIGLA-PAIS-INSTITUICAO="BRA" NOME-PAIS-INSTITUICAO="Brasil" FLAG-AGENCIA-FOMENTO="NAO" FLAG-INSTITUICAO-DE-ENSINO="NAO"/><INFORMACAO-ADICIONAL-INSTITUICAO CODIGO-INSTITUICAO="000300000995" SIGLA-INSTITUICAO="FSJ" SIGLA-UF-INSTITUICAO="RJ" SIGLA-PAIS-INSTITUICAO="BRA" NOME-PAIS-INSTITUICAO="Brasil" FLAG-AGENCIA-FOMENTO="NAO" FLAG-INSTITUICAO-DE-ENSINO="NAO"/><INFORMACAO-ADICIONAL-INSTITUICAO CODIGO-INSTITUICAO="000400000997" SIGLA-INSTITUICAO="FABA" SIGLA-UF-INSTITUICAO="RJ" SIGLA-PAIS-INSTITUICAO="BRA" NOME-PAIS-INSTITUICAO="Brasil" FLAG-AGENCIA-FOMENTO="NAO" FLAG-INSTITUICAO-DE-ENSINO="NAO"/><INFORMACAO-ADICIONAL-INSTITUICAO CODIGO-INSTITUICAO="000500000000" SIGLA-INSTITUICAO="UFF" SIGLA-UF-INSTITUICAO="RJ" SIGLA-PAIS-INSTITUICAO="BRA" NOME-PAIS-INSTITUICAO="Brasil" FLAG-AGENCIA-FOMENTO="NAO" FLAG-INSTITUICAO-DE-ENSINO="SIM"/><INFORMACAO-ADICIONAL-INSTITUICAO CODIGO-INSTITUICAO="000500000999" SIGLA-INSTITUICAO="" SIGLA-UF-INSTITUICAO="" SIGLA-PAIS-INSTITUICAO="" NOME-PAIS-INSTITUICAO="" FLAG-AGENCIA-FOMENTO="NAO" FLAG-INSTITUICAO-DE-ENSINO="NAO"/><INFORMACAO-ADICIONAL-INSTITUICAO CODIGO-INSTITUICAO="000600000990" SIGLA-INSTITUICAO="AC CAMARGO" SIGLA-UF-INSTITUICAO="SP" SIGLA-PAIS-INSTITUICAO="BRA" NOME-PAIS-INSTITUICAO="Brasil" FLAG-AGENCIA-FOMENTO="NAO" FLAG-INSTITUICAO-DE-ENSINO="NAO"/><INFORMACAO-ADICIONAL-INSTITUICAO CODIGO-INSTITUICAO="000601000994" SIGLA-INSTITUICAO="" SIGLA-UF-INSTITUICAO="SP" SIGLA-PAIS-INSTITUICAO="BRA" NOME-PAIS-INSTITUICAO="Brasil" FLAG-AGENCIA-FOMENTO="NAO" FLAG-INSTITUICAO-DE-ENSINO="NAO"/><INFORMACAO-ADICIONAL-INSTITUICAO CODIGO-INSTITUICAO="000700000992" SIGLA-INSTITUICAO="ENSP" SIGLA-UF-INSTITUICAO="RJ" SIGLA-PAIS-INSTITUICAO="BRA" NOME-PAIS-INSTITUICAO="Brasil" FLAG-AGENCIA-FOMENTO="NAO" FLAG-INSTITUICAO-DE-ENSINO="NAO"/><INFORMACAO-ADICIONAL-INSTITUICAO CODIGO-INSTITUICAO="000800000994" SIGLA-INSTITUICAO="INI" SIGLA-UF-INSTITUICAO="RJ" SIGLA-PAIS-INSTITUICAO="BRA" NOME-PAIS-INSTITUICAO="Brasil" FLAG-AGENCIA-FOMENTO="NAO" FLAG-INSTITUICAO-DE-ENSINO="NAO"/><INFORMACAO-ADICIONAL-INSTITUICAO CODIGO-INSTITUICAO="000801000998" SIGLA-INSTITUICAO="" SIGLA-UF-INSTITUICAO="RJ" SIGLA-PAIS-INSTITUICAO="BRA" NOME-PAIS-INSTITUICAO="Brasil" FLAG-AGENCIA-FOMENTO="NAO" FLAG-INSTITUICAO-DE-ENSINO="NAO"/><INFORMACAO-ADICIONAL-INSTITUICAO CODIGO-INSTITUICAO="000900000996" SIGLA-INSTITUICAO="" SIGLA-UF-INSTITUICAO="" SIGLA-PAIS-INSTITUICAO="" NOME-PAIS-INSTITUICAO="" FLAG-AGENCIA-FOMENTO="NAO" FLAG-INSTITUICAO-DE-ENSINO="NAO"/><INFORMACAO-ADICIONAL-INSTITUICAO CODIGO-INSTITUICAO="001000000998" SIGLA-INSTITUICAO="" SIGLA-UF-INSTITUICAO="" SIGLA-PAIS-INSTITUICAO="" NOME-PAIS-INSTITUICAO="" FLAG-AGENCIA-FOMENTO="NAO" FLAG-INSTITUICAO-DE-ENSINO="NAO"/><INFORMACAO-ADICIONAL-INSTITUICAO CODIGO-INSTITUICAO="003900000001" SIGLA-INSTITUICAO="FIOCRUZ" SIGLA-UF-INSTITUICAO="RJ" SIGLA-PAIS-INSTITUICAO="BRA" NOME-PAIS-INSTITUICAO="Brasil" FLAG-AGENCIA-FOMENTO="NAO" FLAG-INSTITUICAO-DE-ENSINO="SIM"/><INFORMACAO-ADICIONAL-INSTITUICAO CODIGO-INSTITUICAO="003901000994" SIGLA-INSTITUICAO="" SIGLA-UF-INSTITUICAO="RJ" SIGLA-PAIS-INSTITUICAO="BRA" NOME-PAIS-INSTITUICAO="Brasil" FLAG-AGENCIA-FOMENTO="NAO" FLAG-INSTITUICAO-DE-ENSINO="NAO"/><INFORMACAO-ADICIONAL-INSTITUICAO CODIGO-INSTITUICAO="020200000009" SIGLA-INSTITUICAO="UFRJ" SIGLA-UF-INSTITUICAO="RJ" SIGLA-PAIS-INSTITUICAO="BRA" NOME-PAIS-INSTITUICAO="Brasil" FLAG-AGENCIA-FOMENTO="NAO" FLAG-INSTITUICAO-DE-ENSINO="SIM"/><INFORMACAO-ADICIONAL-INSTITUICAO CODIGO-INSTITUICAO="020201000991" SIGLA-INSTITUICAO="" SIGLA-UF-INSTITUICAO="RJ" SIGLA-PAIS-INSTITUICAO="BRA" NOME-PAIS-INSTITUICAO="Brasil" FLAG-AGENCIA-FOMENTO="NAO" FLAG-INSTITUICAO-DE-ENSINO="NAO"/><INFORMACAO-ADICIONAL-INSTITUICAO CODIGO-INSTITUICAO="021100000005" SIGLA-INSTITUICAO="UFRRJ" SIGLA-UF-INSTITUICAO="RJ" SIGLA-PAIS-INSTITUICAO="BRA" NOME-PAIS-INSTITUICAO="Brasil" FLAG-AGENCIA-FOMENTO="NAO" FLAG-INSTITUICAO-DE-ENSINO="SIM"/><INFORMACAO-ADICIONAL-INSTITUICAO CODIGO-INSTITUICAO="045000000000" SIGLA-INSTITUICAO="CAPES" SIGLA-UF-INSTITUICAO="DF" SIGLA-PAIS-INSTITUICAO="BRA" NOME-PAIS-INSTITUICAO="Brasil" FLAG-AGENCIA-FOMENTO="SIM" FLAG-INSTITUICAO-DE-ENSINO="SIM"/><INFORMACAO-ADICIONAL-INSTITUICAO CODIGO-INSTITUICAO="201900000008" SIGLA-INSTITUICAO="UNISUAM" SIGLA-UF-INSTITUICAO="RJ" SIGLA-PAIS-INSTITUICAO="BRA" NOME-PAIS-INSTITUICAO="Brasil" FLAG-AGENCIA-FOMENTO="NAO" FLAG-INSTITUICAO-DE-ENSINO="SIM"/></INFORMACOES-ADICIONAIS-INSTITUICOES><INFORMACOES-ADICIONAIS-CURSOS><INFORMACAO-ADICIONAL-CURSO CODIGO-CURSO="31100015" CODIGO-ORGAO="" NOME-ORGAO="" CODIGO-INSTITUICAO="003900000001" NOME-INSTITUICAO="Fundação Oswaldo Cruz" NOME-GRANDE-AREA-DO-CONHECIMENTO="CIENCIAS_BIOLOGICAS" NOME-DA-AREA-DO-CONHECIMENTO="Parasitologia" NOME-DA-SUB-AREA-DO-CONHECIMENTO="" NOME-DA-ESPECIALIDADE="" NIVEL-CURSO="MESTRADO_DOUTORADO"/><INFORMACAO-ADICIONAL-CURSO CODIGO-CURSO="60146923" CODIGO-ORGAO="" NOME-ORGAO="" CODIGO-INSTITUICAO="201900000008" NOME-INSTITUICAO="Centro Universitário Augusto Motta" NOME-GRANDE-AREA-DO-CONHECIMENTO="OUTROS" NOME-DA-AREA-DO-CONHECIMENTO="" NOME-DA-SUB-AREA-DO-CONHECIMENTO="" NOME-DA-ESPECIALIDADE="" NIVEL-CURSO="GRADUACAO"/><INFORMACAO-ADICIONAL-CURSO CODIGO-CURSO="60364777" CODIGO-ORGAO="" NOME-ORGAO="" CODIGO-INSTITUICAO="201900000008" NOME-INSTITUICAO="Centro Universitário Augusto Motta" NOME-GRANDE-AREA-DO-CONHECIMENTO="OUTROS" NOME-DA-AREA-DO-CONHECIMENTO="" NOME-DA-SUB-AREA-DO-CONHECIMENTO="" NOME-DA-ESPECIALIDADE="" NIVEL-CURSO="GRADUACAO"/><INFORMACAO-ADICIONAL-CURSO CODIGO-CURSO="60601922" CODIGO-ORGAO="" NOME-ORGAO="" CODIGO-INSTITUICAO="201900000008" NOME-INSTITUICAO="Centro Universitário Augusto Motta" NOME-GRANDE-AREA-DO-CONHECIMENTO="OUTROS" NOME-DA-AREA-DO-CONHECIMENTO="" NOME-DA-SUB-AREA-DO-CONHECIMENTO="" NOME-DA-ESPECIALIDADE="" NIVEL-CURSO="GRADUACAO"/><INFORMACAO-ADICIONAL-CURSO CODIGO-CURSO="90000001" CODIGO-ORGAO="" NOME-ORGAO="" CODIGO-INSTITUICAO="021100000005" NOME-INSTITUICAO="Universidade Federal Rural do Rio de Janeiro" NOME-GRANDE-AREA-DO-CONHECIMENTO="CIENCIAS_AGRARIAS" NOME-DA-AREA-DO-CONHECIMENTO="" NOME-DA-SUB-AREA-DO-CONHECIMENTO="" NOME-DA-ESPECIALIDADE="" NIVEL-CURSO="GRADUACAO"/><INFORMACAO-ADICIONAL-CURSO CODIGO-CURSO="90000002" CODIGO-ORGAO="" NOME-ORGAO="" CODIGO-INSTITUICAO="000700000992" NOME-INSTITUICAO="Escola Nacional de Saúde Pública" NOME-GRANDE-AREA-DO-CONHECIMENTO="OUTROS" NOME-DA-AREA-DO-CONHECIMENTO="Multidisciplinar" NOME-DA-SUB-AREA-DO-CONHECIMENTO="" NOME-DA-ESPECIALIDADE="" NIVEL-CURSO="DOUTORADO"/><INFORMACAO-ADICIONAL-CURSO CODIGO-CURSO="90000003" CODIGO-ORGAO="" NOME-ORGAO="" CODIGO-INSTITUICAO="000500000000" NOME-INSTITUICAO="Universidade Federal Fluminense" NOME-GRANDE-AREA-DO-CONHECIMENTO="CIENCIAS_BIOLOGICAS" NOME-DA-AREA-DO-CONHECIMENTO="Imunologia" NOME-DA-SUB-AREA-DO-CONHECIMENTO="" NOME-DA-ESPECIALIDADE="" NIVEL-CURSO="CURSO_DE_CURTA_DURACAO"/></INFORMACOES-ADICIONAIS-CURSOS></DADOS-COMPLEMENTARES><eventos/></CURRICULO-VITAE>