<CURRICULO-VITAE SISTEMA-ORIGEM-XML="LATTES_OFFLINE" NUMERO-IDENTIFICADOR="0831829927120156" FORMATO-DATA-ATUALIZACAO="DDMMAAAA" DATA-ATUALIZACAO="18122014" FORMATO-HORA-ATUALIZACAO="HHMMSS" HORA-ATUALIZACAO="183647"><DADOS-GERAIS NOME-COMPLETO="Jaime da Costa Nogueira" NOME-EM-CITACOES-BIBLIOGRAFICAS="NOGUEIRA, J. C." NACIONALIDADE="B" PAIS-DE-NASCIMENTO="Brasil" FORMATO-DATA-DE-NASCIMENTO="DDMMAAAA" FORMATO-DATA-DE-EMISSAO="DDMMAAAA" PERMISSAO-DE-DIVULGACAO="NAO" DATA-FALECIMENTO="" SIGLA-PAIS-NACIONALIDADE="BRA" PAIS-DE-NACIONALIDADE="Brasil"><RESUMO-CV TEXTO-RESUMO-CV-RH="Pós Graduado em Gestão e Gerência de Projetos pela Politécnica Universidade Federal do Rio de Janeiro - UFRJ/RJ, pós graduado em Gestão Comercial - Programa de Desesnvolvimento de Líderes pela Fundação Dom Cabral, Graduação em Arquitetura e Urbanismo e Especialização em Engenharia Legal de Avaliações pela Universidade Federal Fluminense - UFRJ (1997). Tem experiência na área de Arquitetura e Urbanismo, com ênfase em desenvolvimento de projetos e gestão de obras. Atuação em Indústria Química Multinacional no setor de tintas e químicos para construção civil - Basf S.A. (1999/2013) com experiência em: gestão do departamento técnico nas regiões: Rio de Janeiro, Espirito Santo e Nordeste, coordenação, planejamento e prospecção de novos clientes e negócios, pesquisas, perícias e suporte ao departamento jurídico, desenvolvimento e implementação de novos projetos, especificações técnicas e supervisão de grandes obras. Última atuação no setor de Exportações - abertura, prospecção de novos negócios e clientes, implantação de canal de distribuidores na região do Oeste Africano  Habilidade em: comunicação e relacionamento interpessoal, apresentações em geral, compreensão e adequação à cultura organizacional, administração de conflitos, planejamento e liderança. Capacidade de reciclagem e atualização." TEXTO-RESUMO-CV-RH-EN="bachelor's at Arquitetura e Urbanismo from Universidade Federal Fluminense (1997). Has experience in Architecture and Urbanism, focusing on Architecture and Urbanism"/><OUTRAS-INFORMACOES-RELEVANTES OUTRAS-INFORMACOES-RELEVANTES="Desenvolvimento de projetos de treinamento - Faz tudo mangueira/bm&amp;amp;f,  Criança Esperança/Globo/comunidade Cantagalo - desenvolvimento e implementação de projetos de treinamento e formação de aplicadores junto a comunidades carentes Supervisão de pesquisas e aplicações especiais junto a empresas, orgãos públicos e universidades  - UFF/pesquisa revestimentos construção civil, Odebrech/Casa Modelo, Globo/cenografia e sistemas de pintura. Organização e execução de eventos de treinamento e relacionamento com profissionais e entidades do setor - Crea, Sarj, Sinduscon, universidades em geral)."/><ENDERECO FLAG-DE-PREFERENCIA="ENDERECO_RESIDENCIAL"><ENDERECO-PROFISSIONAL CODIGO-INSTITUICAO-EMPRESA="000200000993" NOME-INSTITUICAO-EMPRESA="BASF S/A (RJ)" CODIGO-ORGAO="" NOME-ORGAO="" CODIGO-UNIDADE="" NOME-UNIDADE="" LOGRADOURO-COMPLEMENTO="Avenida Luis Carlos Prestes, 350 s. 301" PAIS="Brasil" UF="RJ" CEP="22775-055" CIDADE="Rio de Janeiro" BAIRRO="Barra da tijuca" DDD="21" TELEFONE="99622620" RAMAL="" FAX="" E-MAIL="jaimec.nogueira@gmail.com" HOME-PAGE=""/></ENDERECO><FORMACAO-ACADEMICA-TITULACAO><GRADUACAO SEQUENCIA-FORMACAO="1" NIVEL="1" TITULO-DO-TRABALHO-DE-CONCLUSAO-DE-CURSO="" NOME-DO-ORIENTADOR="" CODIGO-INSTITUICAO="000500000000" NOME-INSTITUICAO="Universidade Federal Fluminense" CODIGO-CURSO="90000000" NOME-CURSO="Arquitetura e Urbanismo" CODIGO-AREA-CURSO="" STATUS-DO-CURSO="CONCLUIDO" ANO-DE-INICIO="1992" ANO-DE-CONCLUSAO="1997" FLAG-BOLSA="NAO" CODIGO-AGENCIA-FINANCIADORA="" NOME-AGENCIA="" NUMERO-ID-ORIENTADOR="" CODIGO-CURSO-CAPES="" TITULO-DO-TRABALHO-DE-CONCLUSAO-DE-CURSO-INGLES="" NOME-CURSO-INGLES="" TIPO-GRADUACAO="" CODIGO-INSTITUICAO-GRAD="" NOME-INSTITUICAO-GRAD="" CODIGO-INSTITUICAO-OUTRA-GRAD="" NOME-INSTITUICAO-OUTRA-GRAD="" NOME-ORIENTADOR-GRAD=""/><ESPECIALIZACAO SEQUENCIA-FORMACAO="4" NIVEL="2" TITULO-DA-MONOGRAFIA="Planejamento, Gestão e Controle de Obras Civis." NOME-DO-ORIENTADOR="Eduardo Qualharini" CODIGO-INSTITUICAO="020200000009" NOME-INSTITUICAO="Universidade Federal do Rio de Janeiro" CODIGO-CURSO="90000005" NOME-CURSO="Gestão e Gerênciamento de Projetos" STATUS-DO-CURSO="EM_ANDAMENTO" ANO-DE-INICIO="2008" ANO-DE-CONCLUSAO="" FLAG-BOLSA="NAO" CODIGO-AGENCIA-FINANCIADORA="" NOME-AGENCIA="" CARGA-HORARIA="368" TITULO-DA-MONOGRAFIA-INGLES="" NOME-CURSO-INGLES=""/><ESPECIALIZACAO SEQUENCIA-FORMACAO="5" NIVEL="2" TITULO-DA-MONOGRAFIA="Processos de Gestão e Gerência de Projetos" NOME-DO-ORIENTADOR="Marcelo Vinicius" CODIGO-INSTITUICAO="020200000009" NOME-INSTITUICAO="Universidade Federal do Rio de Janeiro" CODIGO-CURSO="90000005" NOME-CURSO="Gestão e Gerênciamento de Projetos" STATUS-DO-CURSO="CONCLUIDO" ANO-DE-INICIO="2009" ANO-DE-CONCLUSAO="2011" FLAG-BOLSA="NAO" CODIGO-AGENCIA-FINANCIADORA="" NOME-AGENCIA="" CARGA-HORARIA="336" TITULO-DA-MONOGRAFIA-INGLES="" NOME-CURSO-INGLES=""/></FORMACAO-ACADEMICA-TITULACAO><ATUACOES-PROFISSIONAIS><ATUACAO-PROFISSIONAL CODIGO-INSTITUICAO="985600990970" NOME-INSTITUICAO="BASF - Matriz São Paulo" SEQUENCIA-ATIVIDADE="1" SEQUENCIA-IMPORTANCIA=""><VINCULOS SEQUENCIA-HISTORICO="1" TIPO-DE-VINCULO="LIVRE" ENQUADRAMENTO-FUNCIONAL="LIVRE" CARGA-HORARIA-SEMANAL="48" FLAG-DEDICACAO-EXCLUSIVA="NAO" MES-INICIO="09" ANO-INICIO="1999" MES-FIM="03" ANO-FIM="2013" OUTRAS-INFORMACOES="" FLAG-VINCULO-EMPREGATICIO="SIM" OUTRO-VINCULO-INFORMADO="gestor Departamento Técnico" OUTRO-ENQUADRAMENTO-FUNCIONAL-INFORMADO="Coordenador" OUTRO-ENQUADRAMENTO-FUNCIONAL-INFORMADO-INGLES="" OUTRAS-INFORMACOES-INGLES=""/><atividadesProfissionaisPlanificadas/></ATUACAO-PROFISSIONAL></ATUACOES-PROFISSIONAIS><AREAS-DE-ATUACAO><AREA-DE-ATUACAO SEQUENCIA-AREA-DE-ATUACAO="1" NOME-GRANDE-AREA-DO-CONHECIMENTO="CIENCIAS_SOCIAIS_APLICADAS" NOME-DA-AREA-DO-CONHECIMENTO="Arquitetura e Urbanismo" NOME-DA-SUB-AREA-DO-CONHECIMENTO="" NOME-DA-ESPECIALIDADE=""/><AREA-DE-ATUACAO SEQUENCIA-AREA-DE-ATUACAO="2" NOME-GRANDE-AREA-DO-CONHECIMENTO="ENGENHARIAS" NOME-DA-AREA-DO-CONHECIMENTO="Engenharia Civil" NOME-DA-SUB-AREA-DO-CONHECIMENTO="Engenharia Legal de Avaliações" NOME-DA-ESPECIALIDADE=""/></AREAS-DE-ATUACAO><IDIOMAS><IDIOMA IDIOMA="EN" DESCRICAO-DO-IDIOMA="Inglês" PROFICIENCIA-DE-LEITURA="BEM" PROFICIENCIA-DE-FALA="BEM" PROFICIENCIA-DE-ESCRITA="RAZOAVELMENTE" PROFICIENCIA-DE-COMPREENSAO="BEM"/><IDIOMA IDIOMA="ES" DESCRICAO-DO-IDIOMA="Espanhol" PROFICIENCIA-DE-LEITURA="RAZOAVELMENTE" PROFICIENCIA-DE-FALA="RAZOAVELMENTE" PROFICIENCIA-DE-ESCRITA="POUCO" PROFICIENCIA-DE-COMPREENSAO="RAZOAVELMENTE"/></IDIOMAS><staValidado/><dataExibicao/><dadosBolsista/></DADOS-GERAIS><DADOS-COMPLEMENTARES><FORMACAO-COMPLEMENTAR><FORMACAO-COMPLEMENTAR-DE-EXTENSAO-UNIVERSITARIA SEQUENCIA-FORMACAO="2" NIVEL="8" CARGA-HORARIA="102" CODIGO-INSTITUICAO="000500000000" NOME-INSTITUICAO="Universidade Federal Fluminense" CODIGO-CURSO="90000003" NOME-CURSO="Engenharia Legal de Avaliações" STATUS-DO-CURSO="CONCLUIDO" ANO-DE-INICIO="1994" ANO-DE-CONCLUSAO="1995" NOME-CURSO-INGLES=""/><OUTROS SEQUENCIA-FORMACAO="3" NIVEL="Y" CARGA-HORARIA="" CODIGO-INSTITUICAO="" NOME-INSTITUICAO="Escola Superior de Propaganda e Marketing" CODIGO-CURSO="90000006" NOME-CURSO="Intensivo de Marketing" STATUS-DO-CURSO="CONCLUIDO" ANO-DE-INICIO="2003" ANO-DE-CONCLUSAO="2003" NOME-CURSO-INGLES=""/><formacoesComplementaresPlana/></FORMACAO-COMPLEMENTAR><INFORMACOES-ADICIONAIS-INSTITUICOES><INFORMACAO-ADICIONAL-INSTITUICAO CODIGO-INSTITUICAO="000200000993" SIGLA-INSTITUICAO="BASF S/A (RJ)" SIGLA-UF-INSTITUICAO="RJ" SIGLA-PAIS-INSTITUICAO="BRA" NOME-PAIS-INSTITUICAO="Brasil" FLAG-AGENCIA-FOMENTO="NAO" FLAG-INSTITUICAO-DE-ENSINO="NAO"/><INFORMACAO-ADICIONAL-INSTITUICAO CODIGO-INSTITUICAO="000500000000" SIGLA-INSTITUICAO="UFF" SIGLA-UF-INSTITUICAO="RJ" SIGLA-PAIS-INSTITUICAO="BRA" NOME-PAIS-INSTITUICAO="Brasil" FLAG-AGENCIA-FOMENTO="NAO" FLAG-INSTITUICAO-DE-ENSINO="SIM"/><INFORMACAO-ADICIONAL-INSTITUICAO CODIGO-INSTITUICAO="020200000009" SIGLA-INSTITUICAO="UFRJ" SIGLA-UF-INSTITUICAO="RJ" SIGLA-PAIS-INSTITUICAO="BRA" NOME-PAIS-INSTITUICAO="Brasil" FLAG-AGENCIA-FOMENTO="NAO" FLAG-INSTITUICAO-DE-ENSINO="SIM"/><INFORMACAO-ADICIONAL-INSTITUICAO CODIGO-INSTITUICAO="985600990970" SIGLA-INSTITUICAO="BASF" SIGLA-UF-INSTITUICAO="SP" SIGLA-PAIS-INSTITUICAO="BRA" NOME-PAIS-INSTITUICAO="Brasil" FLAG-AGENCIA-FOMENTO="NAO" FLAG-INSTITUICAO-DE-ENSINO="NAO"/></INFORMACOES-ADICIONAIS-INSTITUICOES><INFORMACOES-ADICIONAIS-CURSOS><INFORMACAO-ADICIONAL-CURSO CODIGO-CURSO="90000000" CODIGO-ORGAO="" NOME-ORGAO="" CODIGO-INSTITUICAO="000500000000" NOME-INSTITUICAO="Universidade Federal Fluminense" NOME-GRANDE-AREA-DO-CONHECIMENTO="OUTROS" NOME-DA-AREA-DO-CONHECIMENTO="" NOME-DA-SUB-AREA-DO-CONHECIMENTO="" NOME-DA-ESPECIALIDADE="" NIVEL-CURSO="GRADUACAO"/><INFORMACAO-ADICIONAL-CURSO CODIGO-CURSO="90000005" CODIGO-ORGAO="" NOME-ORGAO="" CODIGO-INSTITUICAO="020200000009" NOME-INSTITUICAO="Universidade Federal do Rio de Janeiro" NOME-GRANDE-AREA-DO-CONHECIMENTO="ENGENHARIAS" NOME-DA-AREA-DO-CONHECIMENTO="Engenharia de Produção" NOME-DA-SUB-AREA-DO-CONHECIMENTO="" NOME-DA-ESPECIALIDADE="" NIVEL-CURSO="ESPECIALIZACAO"/></INFORMACOES-ADICIONAIS-CURSOS></DADOS-COMPLEMENTARES><eventos/></CURRICULO-VITAE>