<CURRICULO-VITAE SISTEMA-ORIGEM-XML="LATTES_OFFLINE" NUMERO-IDENTIFICADOR="7943796043730961" FORMATO-DATA-ATUALIZACAO="DDMMAAAA" DATA-ATUALIZACAO="01042017" FORMATO-HORA-ATUALIZACAO="HHMMSS" HORA-ATUALIZACAO="194151"><DADOS-GERAIS NOME-COMPLETO="Jessica de Andrade Moraes Teixeira" NOME-EM-CITACOES-BIBLIOGRAFICAS="Moraes-Teixeira, JA" NACIONALIDADE="B" PAIS-DE-NASCIMENTO="Brasil" FORMATO-DATA-DE-NASCIMENTO="DDMMAAAA" FORMATO-DATA-DE-EMISSAO="DDMMAAAA" PERMISSAO-DE-DIVULGACAO="NAO" DATA-FALECIMENTO="" SIGLA-PAIS-NACIONALIDADE="BRA" PAIS-DE-NACIONALIDADE="Brasil"><RESUMO-CV TEXTO-RESUMO-CV-RH="Possui graduação em Fisioterapia pela Faculdade de Reabilitação da Associação de Crianças Excepcionais (FRASCE - 2002). Especialização em Anatomia Humana pelo Instituto Brasileiro de Medicina e Reabilitação (IBMR - 2005). Especialização em Ergonomia pela Universidade Federal do Rio de Janeiro (UFRJ - 2009). Mestre em Ciências - Biologia Humana e Experimental pela Universidade do Estado do Rio de Janeiro (UERJ - 2009). Doutora em Ciências - Biologia Humana e Experimental pela Universidade do Estado do Rio de Janeiro (UERJ - 2014)." TEXTO-RESUMO-CV-RH-EN="graduation at Fisioterapia from Faculdade de Reabilitação da Associação de Crianças Excepicionais (2002), master's at Morphology from Universidade do Estado do Rio de Janeiro (2009) and doctorate at Morphology from Universidade do Estado do Rio de Janeiro (2014). Has experience in Morphology, focusing on Anatomy, acting on the following subjects: hipertensão, atividade física, elastogênese, matriz extracelular and microscopia eletrônica."/><OUTRAS-INFORMACOES-RELEVANTES OUTRAS-INFORMACOES-RELEVANTES=""/><ENDERECO FLAG-DE-PREFERENCIA="ENDERECO_RESIDENCIAL"><ENDERECO-PROFISSIONAL CODIGO-INSTITUICAO-EMPRESA="201900000008" NOME-INSTITUICAO-EMPRESA="Centro Universitário Augusto Motta" CODIGO-ORGAO="" NOME-ORGAO="" CODIGO-UNIDADE="" NOME-UNIDADE="" LOGRADOURO-COMPLEMENTO="Avenida Paris" PAIS="Brasil" UF="RJ" CEP="21041020" CIDADE="Rio de Janeiro" BAIRRO="Bonsucesso" DDD="021" TELEFONE="38829797" RAMAL="" FAX="" E-MAIL="jessica.mtm@globo.com" HOME-PAGE=""/></ENDERECO><FORMACAO-ACADEMICA-TITULACAO><GRADUACAO SEQUENCIA-FORMACAO="1" NIVEL="1" TITULO-DO-TRABALHO-DE-CONCLUSAO-DE-CURSO="Condromalacia patelar por desequilíbrio do quadríceps" NOME-DO-ORIENTADOR="Fábio Marcelo Teixeira de Souza" CODIGO-INSTITUICAO="000100000991" NOME-INSTITUICAO="Faculdade de Reabilitação da Associação de Crianças Excepicionais" CODIGO-ORGAO="" NOME-ORGAO="" CODIGO-CURSO="90000001" NOME-CURSO="Fisioterapia" CODIGO-AREA-CURSO="90000001" STATUS-DO-CURSO="CONCLUIDO" ANO-DE-INICIO="1999" ANO-DE-CONCLUSAO="2002" FLAG-BOLSA="NAO" CODIGO-AGENCIA-FINANCIADORA="" NOME-AGENCIA="" NUMERO-ID-ORIENTADOR="" CODIGO-CURSO-CAPES="" TITULO-DO-TRABALHO-DE-CONCLUSAO-DE-CURSO-INGLES="" NOME-CURSO-INGLES="" FORMACAO-ACADEMICA-TITULACAO="" TIPO-GRADUACAO="" CODIGO-INSTITUICAO-GRAD="" NOME-INSTITUICAO-GRAD="" CODIGO-INSTITUICAO-OUTRA-GRAD="" NOME-INSTITUICAO-OUTRA-GRAD="" NOME-ORIENTADOR-GRAD=""/><ESPECIALIZACAO SEQUENCIA-FORMACAO="12" NIVEL="2" TITULO-DA-MONOGRAFIA="" NOME-DO-ORIENTADOR="" CODIGO-INSTITUICAO="201900000008" NOME-INSTITUICAO="Centro Universitário Augusto Motta" CODIGO-ORGAO="" NOME-ORGAO="" CODIGO-CURSO="90000010" NOME-CURSO="Acupuntura" STATUS-DO-CURSO="EM_ANDAMENTO" ANO-DE-INICIO="2015" ANO-DE-CONCLUSAO="" FLAG-BOLSA="NAO" CODIGO-AGENCIA-FINANCIADORA="" NOME-AGENCIA="" CARGA-HORARIA="1200" TITULO-DA-MONOGRAFIA-INGLES="" NOME-CURSO-INGLES=""/><ESPECIALIZACAO SEQUENCIA-FORMACAO="4" NIVEL="2" TITULO-DA-MONOGRAFIA="Análise Ergonomica do trabalho na Globosat" NOME-DO-ORIENTADOR="Renato José Bonfatti" CODIGO-INSTITUICAO="020200000009" NOME-INSTITUICAO="Universidade Federal do Rio de Janeiro" CODIGO-ORGAO="" NOME-ORGAO="" CODIGO-CURSO="90000003" NOME-CURSO="Ergonomia" STATUS-DO-CURSO="CONCLUIDO" ANO-DE-INICIO="2008" ANO-DE-CONCLUSAO="2009" FLAG-BOLSA="NAO" CODIGO-AGENCIA-FINANCIADORA="" NOME-AGENCIA="" CARGA-HORARIA="600" TITULO-DA-MONOGRAFIA-INGLES="" NOME-CURSO-INGLES=""/><ESPECIALIZACAO SEQUENCIA-FORMACAO="2" NIVEL="2" TITULO-DA-MONOGRAFIA="Arquitetura Morfofuncional do Ducto Torácico do Homem" NOME-DO-ORIENTADOR="Orlando Sebastião Garcia" CODIGO-INSTITUICAO="192200000002" NOME-INSTITUICAO="Instituto Brasileiro de Medicina de Reabilitação" CODIGO-ORGAO="" NOME-ORGAO="" CODIGO-CURSO="90000002" NOME-CURSO="Anatomia Humana" STATUS-DO-CURSO="CONCLUIDO" ANO-DE-INICIO="2003" ANO-DE-CONCLUSAO="2005" FLAG-BOLSA="NAO" CODIGO-AGENCIA-FINANCIADORA="" NOME-AGENCIA="" CARGA-HORARIA="" TITULO-DA-MONOGRAFIA-INGLES="" NOME-CURSO-INGLES=""/><MESTRADO SEQUENCIA-FORMACAO="3" NIVEL="3" CODIGO-INSTITUICAO="032600000000" NOME-INSTITUICAO="Universidade do Estado do Rio de Janeiro" CODIGO-ORGAO="" NOME-ORGAO="" CODIGO-CURSO="31030173" NOME-CURSO="Biologia Humana e Experimental" CODIGO-AREA-CURSO="20600003" STATUS-DO-CURSO="CONCLUIDO" ANO-DE-INICIO="2007" ANO-DE-CONCLUSAO="2009" FLAG-BOLSA="SIM" CODIGO-AGENCIA-FINANCIADORA="002200000000" NOME-AGENCIA="Conselho Nacional de Desenvolvimento Científico e Tecnológico" ANO-DE-OBTENCAO-DO-TITULO="2009" TITULO-DA-DISSERTACAO-TESE="Efeitos da atividade física aeróbica de baixa intensidade na estrutura das túnicas íntima e média da aorta em ratos espontaneamente hipertensos (SHR)." NOME-COMPLETO-DO-ORIENTADOR="Jorge José de Carvalho" TIPO-MESTRADO="" NUMERO-ID-ORIENTADOR="2608779267915272" CODIGO-CURSO-CAPES="31004016017P7" TITULO-DA-DISSERTACAO-TESE-INGLES="" NOME-CURSO-INGLES="Morphology" NOME-DO-CO-ORIENTADOR="" CODIGO-INSTITUICAO-DOUT="" NOME-INSTITUICAO-DOUT="" CODIGO-INSTITUICAO-OUTRA-DOUT="" NOME-INSTITUICAO-OUTRA-DOUT="" NOME-ORIENTADOR-DOUT=""><conceitoCapes/></MESTRADO><DOUTORADO SEQUENCIA-FORMACAO="11" NIVEL="4" CODIGO-INSTITUICAO="032600000000" NOME-INSTITUICAO="Universidade do Estado do Rio de Janeiro" CODIGO-ORGAO="" NOME-ORGAO="" CODIGO-CURSO="31030173" NOME-CURSO="Biologia Humana e Experimental" CODIGO-AREA-CURSO="20600003" STATUS-DO-CURSO="CONCLUIDO" ANO-DE-INICIO="2010" ANO-DE-CONCLUSAO="2014" FLAG-BOLSA="SIM" CODIGO-AGENCIA-FINANCIADORA="045000000000" NOME-AGENCIA="Coordenação de Aperfeiçoamento de Pessoal de Nível Superior" ANO-DE-OBTENCAO-DO-TITULO="2014" TITULO-DA-DISSERTACAO-TESE="Dieta materna hiperlipídica rica em sódio e alterações no desenvolvimento renal na prole de camundongos." NOME-COMPLETO-DO-ORIENTADOR="Carlos Aberto Mandarim-de-Lacerda" TIPO-DOUTORADO="N" CODIGO-INSTITUICAO-DOUT="" NOME-INSTITUICAO-DOUT="" CODIGO-INSTITUICAO-OUTRA-DOUT="" NOME-INSTITUICAO-OUTRA-DOUT="" NOME-ORIENTADOR-DOUT="" NUMERO-ID-ORIENTADOR="" CODIGO-CURSO-CAPES="31004016017P7" TITULO-DA-DISSERTACAO-TESE-INGLES="" NOME-CURSO-INGLES="Morphology" NOME-DO-ORIENTADOR-CO-TUTELA="" CODIGO-INSTITUICAO-OUTRA-CO-TUTELA="" CODIGO-INSTITUICAO-CO-TUTELA="" NOME-DO-ORIENTADOR-SANDUICHE="" CODIGO-INSTITUICAO-OUTRA-SANDUICHE="" CODIGO-INSTITUICAO-SANDUICHE="" NOME-DO-CO-ORIENTADOR=""><PALAVRAS-CHAVE PALAVRA-CHAVE-1="Rim" PALAVRA-CHAVE-2="Obesidade" PALAVRA-CHAVE-3="" PALAVRA-CHAVE-4="" PALAVRA-CHAVE-5="" PALAVRA-CHAVE-6=""/><AREAS-DO-CONHECIMENTO><AREA-DO-CONHECIMENTO-1 NOME-GRANDE-AREA-DO-CONHECIMENTO="CIENCIAS_BIOLOGICAS" NOME-DA-AREA-DO-CONHECIMENTO="" NOME-DA-SUB-AREA-DO-CONHECIMENTO="" NOME-DA-ESPECIALIDADE=""/></AREAS-DO-CONHECIMENTO><conceitoCapes/></DOUTORADO></FORMACAO-ACADEMICA-TITULACAO><ATUACOES-PROFISSIONAIS><ATUACAO-PROFISSIONAL CODIGO-INSTITUICAO="032600000000" NOME-INSTITUICAO="Universidade do Estado do Rio de Janeiro" SEQUENCIA-ATIVIDADE="1" SEQUENCIA-IMPORTANCIA="2"><VINCULOS SEQUENCIA-HISTORICO="1" TIPO-DE-VINCULO="LIVRE" ENQUADRAMENTO-FUNCIONAL="LIVRE" CARGA-HORARIA-SEMANAL="" FLAG-DEDICACAO-EXCLUSIVA="SIM" MES-INICIO="06" ANO-INICIO="2007" MES-FIM="06" ANO-FIM="2009" OUTRAS-INFORMACOES="" FLAG-VINCULO-EMPREGATICIO="SIM" OUTRO-VINCULO-INFORMADO="Bolsista" OUTRO-ENQUADRAMENTO-FUNCIONAL-INFORMADO="Aluna de Mestrado" OUTRO-ENQUADRAMENTO-FUNCIONAL-INFORMADO-INGLES="" OUTRAS-INFORMACOES-INGLES=""/><VINCULOS SEQUENCIA-HISTORICO="2" TIPO-DE-VINCULO="LIVRE" ENQUADRAMENTO-FUNCIONAL="LIVRE" CARGA-HORARIA-SEMANAL="" FLAG-DEDICACAO-EXCLUSIVA="SIM" MES-INICIO="03" ANO-INICIO="2010" MES-FIM="01" ANO-FIM="2014" OUTRAS-INFORMACOES="" FLAG-VINCULO-EMPREGATICIO="SIM" OUTRO-VINCULO-INFORMADO="Bolsista" OUTRO-ENQUADRAMENTO-FUNCIONAL-INFORMADO="Aluna de Doutorado" OUTRO-ENQUADRAMENTO-FUNCIONAL-INFORMADO-INGLES="" OUTRAS-INFORMACOES-INGLES=""/><VINCULOS SEQUENCIA-HISTORICO="3" TIPO-DE-VINCULO="LIVRE" ENQUADRAMENTO-FUNCIONAL="LIVRE" CARGA-HORARIA-SEMANAL="14" FLAG-DEDICACAO-EXCLUSIVA="NAO" MES-INICIO="06" ANO-INICIO="2011" MES-FIM="12" ANO-FIM="2011" OUTRAS-INFORMACOES="Professora na disciplina de Anatomia Humana para o curso de Medicina." FLAG-VINCULO-EMPREGATICIO="SIM" OUTRO-VINCULO-INFORMADO="Professora contratada" OUTRO-ENQUADRAMENTO-FUNCIONAL-INFORMADO="Professora Substituta" OUTRO-ENQUADRAMENTO-FUNCIONAL-INFORMADO-INGLES="" OUTRAS-INFORMACOES-INGLES=""/><VINCULOS SEQUENCIA-HISTORICO="4" TIPO-DE-VINCULO="LIVRE" ENQUADRAMENTO-FUNCIONAL="LIVRE" CARGA-HORARIA-SEMANAL="" FLAG-DEDICACAO-EXCLUSIVA="NAO" MES-INICIO="06" ANO-INICIO="2011" MES-FIM="12" ANO-FIM="2011" OUTRAS-INFORMACOES="Disciplina de Anatomia Humana, curso de Medicina." FLAG-VINCULO-EMPREGATICIO="SIM" OUTRO-VINCULO-INFORMADO="Programa de Estágio Docente" OUTRO-ENQUADRAMENTO-FUNCIONAL-INFORMADO="Professora Substituta" OUTRO-ENQUADRAMENTO-FUNCIONAL-INFORMADO-INGLES="" OUTRAS-INFORMACOES-INGLES=""/><VINCULOS SEQUENCIA-HISTORICO="5" TIPO-DE-VINCULO="LIVRE" ENQUADRAMENTO-FUNCIONAL="LIVRE" CARGA-HORARIA-SEMANAL="" FLAG-DEDICACAO-EXCLUSIVA="NAO" MES-INICIO="06" ANO-INICIO="2011" MES-FIM="12" ANO-FIM="2011" OUTRAS-INFORMACOES="Supervisão de Dissecção Topográfica para Membros, Disciplina de Anatomia II, curso de Medicina" FLAG-VINCULO-EMPREGATICIO="SIM" OUTRO-VINCULO-INFORMADO="Programa de Estágio Docente" OUTRO-ENQUADRAMENTO-FUNCIONAL-INFORMADO="Professora Substituta" OUTRO-ENQUADRAMENTO-FUNCIONAL-INFORMADO-INGLES="" OUTRAS-INFORMACOES-INGLES=""/><ATIVIDADES-DE-PESQUISA-E-DESENVOLVIMENTO><PESQUISA-E-DESENVOLVIMENTO SEQUENCIA-FUNCAO-ATIVIDADE="4" FLAG-PERIODO="ANTERIOR" MES-INICIO="06" ANO-INICIO="2010" MES-FIM="01" ANO-FIM="2014" CODIGO-ORGAO="032608000009" NOME-ORGAO="Instituto de Biologia Roberto Alcantara Gomes" CODIGO-UNIDADE="" NOME-UNIDADE=""><LINHA-DE-PESQUISA SEQUENCIA-LINHA="1" TITULO-DA-LINHA-DE-PESQUISA="Dieta materna hiperlipídica rica em sódio e alterações no desenvolvimento renal na prole de camundongos." FLAG-LINHA-DE-PESQUISA-ATIVA="NAO" OBJETIVOS-LINHA-DE-PESQUISA="" TITULO-DA-LINHA-DE-PESQUISA-INGLES="" OBJETIVOS-LINHA-DE-PESQUISA-INGLES=""/></PESQUISA-E-DESENVOLVIMENTO><PESQUISA-E-DESENVOLVIMENTO SEQUENCIA-FUNCAO-ATIVIDADE="3" FLAG-PERIODO="ANTERIOR" MES-INICIO="07" ANO-INICIO="2007" MES-FIM="07" ANO-FIM="2009" CODIGO-ORGAO="032608000009" NOME-ORGAO="Instituto de Biologia Roberto Alcantara Gomes" CODIGO-UNIDADE="" NOME-UNIDADE=""><LINHA-DE-PESQUISA SEQUENCIA-LINHA="1" TITULO-DA-LINHA-DE-PESQUISA="Efeitos da atividade física aeróbica de baixa intensidade na estrutura das túnicas íntima e média da parede da aorta em ratos espontaneamente hipertensos (SHR)" FLAG-LINHA-DE-PESQUISA-ATIVA="NAO" OBJETIVOS-LINHA-DE-PESQUISA="" TITULO-DA-LINHA-DE-PESQUISA-INGLES="" OBJETIVOS-LINHA-DE-PESQUISA-INGLES=""/></PESQUISA-E-DESENVOLVIMENTO></ATIVIDADES-DE-PESQUISA-E-DESENVOLVIMENTO><ATIVIDADES-DE-PARTICIPACAO-EM-PROJETO><PARTICIPACAO-EM-PROJETO SEQUENCIA-FUNCAO-ATIVIDADE="2" FLAG-PERIODO="ANTERIOR" MES-INICIO="" ANO-INICIO="2010" MES-FIM="" ANO-FIM="2014" CODIGO-ORGAO="032608000009" NOME-ORGAO="Instituto de Biologia Roberto Alcantara Gomes" CODIGO-UNIDADE="" NOME-UNIDADE=""><PROJETO-DE-PESQUISA SEQUENCIA-PROJETO="2" ANO-INICIO="2010" ANO-FIM="2014" NOME-DO-PROJETO="Dieta materna hiperlipídica rica em sódio e alterações no desenvolvimento renal na prole de camundongos." SITUACAO="CONCLUIDO" NATUREZA="PESQUISA" NUMERO-GRADUACAO="" NUMERO-ESPECIALIZACAO="" NUMERO-MESTRADO-ACADEMICO="" NUMERO-MESTRADO-PROF="" NUMERO-DOUTORADO="" DESCRICAO-DO-PROJETO="" IDENTIFICADOR-PROJETO="" DESCRICAO-DO-PROJETO-INGLES="" NOME-DO-PROJETO-INGLES="Dieta materna hiperlipídica rica em sódio e alterações no desenvolvimento renal na prole de camundongos." FLAG-POTENCIAL-INOVACAO="NAO" FLAG-PROJETO-CERTIFICADO="nao" NOME-COORDENADOR-CERTIFICACAO="" FORMATO-DATA-CERTIFICACAO="DDMMAAAA" DATA-CERTIFICACAO="" NUMERO_TECNICO_NIVEL_MEDIO=""><EQUIPE-DO-PROJETO><INTEGRANTES-DO-PROJETO NOME-COMPLETO="Jessica de Andrade Moraes Teixeira" NOME-PARA-CITACAO="Moraes-Teixeira, JA" ORDEM-DE-INTEGRACAO="1" FLAG-RESPONSAVEL="NAO" NRO-ID-CNPQ="7943796043730961"/><INTEGRANTES-DO-PROJETO NOME-COMPLETO="Carlos Alberto Mandarim-de-Lacerda" NOME-PARA-CITACAO="Mandarim-de-Lacerda CA" ORDEM-DE-INTEGRACAO="2" FLAG-RESPONSAVEL="SIM" NRO-ID-CNPQ=""/><INTEGRANTES-DO-PROJETO NOME-COMPLETO="Isabele Bringhenti" NOME-PARA-CITACAO="BRINGHENTI, I." ORDEM-DE-INTEGRACAO="3" FLAG-RESPONSAVEL="NAO" NRO-ID-CNPQ=""/></EQUIPE-DO-PROJETO></PROJETO-DE-PESQUISA><PROJETO-DE-PESQUISA SEQUENCIA-PROJETO="3" ANO-INICIO="2010" ANO-FIM="2014" NOME-DO-PROJETO="Dieta materna hiperlipídica e alterações no desenvolvimento pancreático na prole de camundongos." SITUACAO="CONCLUIDO" NATUREZA="PESQUISA" NUMERO-GRADUACAO="" NUMERO-ESPECIALIZACAO="" NUMERO-MESTRADO-ACADEMICO="" NUMERO-MESTRADO-PROF="" NUMERO-DOUTORADO="" DESCRICAO-DO-PROJETO="" IDENTIFICADOR-PROJETO="" DESCRICAO-DO-PROJETO-INGLES="" NOME-DO-PROJETO-INGLES="Dieta materna hiperlipídica e alterações no desenvolvimento pancreático na prole de camundongos." FLAG-POTENCIAL-INOVACAO="NAO" FLAG-PROJETO-CERTIFICADO="nao" NOME-COORDENADOR-CERTIFICACAO="" FORMATO-DATA-CERTIFICACAO="DDMMAAAA" DATA-CERTIFICACAO="" NUMERO_TECNICO_NIVEL_MEDIO=""><EQUIPE-DO-PROJETO><INTEGRANTES-DO-PROJETO NOME-COMPLETO="Jessica de Andrade Moraes Teixeira" NOME-PARA-CITACAO="Moraes-Teixeira, JA" ORDEM-DE-INTEGRACAO="1" FLAG-RESPONSAVEL="NAO" NRO-ID-CNPQ="7943796043730961"/><INTEGRANTES-DO-PROJETO NOME-COMPLETO="Carlos Alberto Mandarim-de-Lacerda" NOME-PARA-CITACAO="Mandarim-de-Lacerda CA" ORDEM-DE-INTEGRACAO="2" FLAG-RESPONSAVEL="SIM" NRO-ID-CNPQ=""/><INTEGRANTES-DO-PROJETO NOME-COMPLETO="Isabele Bringhenti" NOME-PARA-CITACAO="BRINGHENTI, I." ORDEM-DE-INTEGRACAO="3" FLAG-RESPONSAVEL="NAO" NRO-ID-CNPQ=""/></EQUIPE-DO-PROJETO></PROJETO-DE-PESQUISA></PARTICIPACAO-EM-PROJETO><PARTICIPACAO-EM-PROJETO SEQUENCIA-FUNCAO-ATIVIDADE="1" FLAG-PERIODO="ANTERIOR" MES-INICIO="" ANO-INICIO="2007" MES-FIM="" ANO-FIM="2009" CODIGO-ORGAO="032608000009" NOME-ORGAO="Instituto de Biologia Roberto Alcantara Gomes" CODIGO-UNIDADE="" NOME-UNIDADE=""><PROJETO-DE-PESQUISA SEQUENCIA-PROJETO="1" ANO-INICIO="2007" ANO-FIM="2009" NOME-DO-PROJETO="Efeitos da ativade fisica aerobica de baixa intensidade na estrutura das tunicas intima e media da parede da aorta em ratos espontaneamente hipertensos(SHR)" SITUACAO="CONCLUIDO" NATUREZA="PESQUISA" NUMERO-GRADUACAO="1" NUMERO-ESPECIALIZACAO="" NUMERO-MESTRADO-ACADEMICO="1" NUMERO-MESTRADO-PROF="" NUMERO-DOUTORADO="1" DESCRICAO-DO-PROJETO="Atividades de Participação em Projeto, Departamento de Histologia e Embriologia." IDENTIFICADOR-PROJETO="" DESCRICAO-DO-PROJETO-INGLES="" NOME-DO-PROJETO-INGLES="" FLAG-POTENCIAL-INOVACAO="NAO" FLAG-PROJETO-CERTIFICADO="nao" NOME-COORDENADOR-CERTIFICACAO="" FORMATO-DATA-CERTIFICACAO="DDMMAAAA" DATA-CERTIFICACAO="" NUMERO_TECNICO_NIVEL_MEDIO=""><EQUIPE-DO-PROJETO><INTEGRANTES-DO-PROJETO NOME-COMPLETO="Jessica de Andrade Moraes Teixeira" NOME-PARA-CITACAO="Moraes-Teixeira, JA" ORDEM-DE-INTEGRACAO="1" FLAG-RESPONSAVEL="NAO" NRO-ID-CNPQ="7943796043730961"/><INTEGRANTES-DO-PROJETO NOME-COMPLETO="CARVALHO JJ" NOME-PARA-CITACAO="CARVALHO JJ" ORDEM-DE-INTEGRACAO="2" FLAG-RESPONSAVEL="SIM" NRO-ID-CNPQ=""/><INTEGRANTES-DO-PROJETO NOME-COMPLETO="MANDARIM-DE-LACERDA CA" NOME-PARA-CITACAO="MANDARIM-DE-LACERDA CA" ORDEM-DE-INTEGRACAO="3" FLAG-RESPONSAVEL="NAO" NRO-ID-CNPQ=""/><INTEGRANTES-DO-PROJETO NOME-COMPLETO="FELIX-FONSECA AS" NOME-PARA-CITACAO="FELIX-FONSECA AS" ORDEM-DE-INTEGRACAO="4" FLAG-RESPONSAVEL="NAO" NRO-ID-CNPQ=""/><INTEGRANTES-DO-PROJETO NOME-COMPLETO="Caroline Fernandes-Santos" NOME-PARA-CITACAO="FERNANDES-SANTOS, C." ORDEM-DE-INTEGRACAO="5" FLAG-RESPONSAVEL="NAO" NRO-ID-CNPQ=""/></EQUIPE-DO-PROJETO><FINANCIADORES-DO-PROJETO><FINANCIADOR-DO-PROJETO SEQUENCIA-FINANCIADOR="1" CODIGO-INSTITUICAO="" NOME-INSTITUICAO="" NATUREZA="NAO_INFORMADO"/></FINANCIADORES-DO-PROJETO></PROJETO-DE-PESQUISA></PARTICIPACAO-EM-PROJETO></ATIVIDADES-DE-PARTICIPACAO-EM-PROJETO><atividadesProfissionaisPlanificadas/></ATUACAO-PROFISSIONAL><ATUACAO-PROFISSIONAL CODIGO-INSTITUICAO="201900000008" NOME-INSTITUICAO="Centro Universitário Augusto Motta" SEQUENCIA-ATIVIDADE="2" SEQUENCIA-IMPORTANCIA="1"><VINCULOS SEQUENCIA-HISTORICO="1" TIPO-DE-VINCULO="LIVRE" ENQUADRAMENTO-FUNCIONAL="LIVRE" CARGA-HORARIA-SEMANAL="20" FLAG-DEDICACAO-EXCLUSIVA="NAO" MES-INICIO="02" ANO-INICIO="2014" MES-FIM="" ANO-FIM="" OUTRAS-INFORMACOES="Disciplinas: Anatomia Humana e Fisiologia Humana" FLAG-VINCULO-EMPREGATICIO="SIM" OUTRO-VINCULO-INFORMADO="" OUTRO-ENQUADRAMENTO-FUNCIONAL-INFORMADO="Professor - Graduação" OUTRO-ENQUADRAMENTO-FUNCIONAL-INFORMADO-INGLES="" OUTRAS-INFORMACOES-INGLES=""/><VINCULOS SEQUENCIA-HISTORICO="2" TIPO-DE-VINCULO="CELETISTA" ENQUADRAMENTO-FUNCIONAL="LIVRE" CARGA-HORARIA-SEMANAL="" FLAG-DEDICACAO-EXCLUSIVA="NAO" MES-INICIO="01" ANO-INICIO="2015" MES-FIM="" ANO-FIM="" OUTRAS-INFORMACOES="" FLAG-VINCULO-EMPREGATICIO="NAO" OUTRO-VINCULO-INFORMADO="" OUTRO-ENQUADRAMENTO-FUNCIONAL-INFORMADO="Professor - Pós Graduação" OUTRO-ENQUADRAMENTO-FUNCIONAL-INFORMADO-INGLES="" OUTRAS-INFORMACOES-INGLES=""/><atividadesProfissionaisPlanificadas/></ATUACAO-PROFISSIONAL><ATUACAO-PROFISSIONAL CODIGO-INSTITUICAO="000700000992" NOME-INSTITUICAO="Vitality Consult" SEQUENCIA-ATIVIDADE="3" SEQUENCIA-IMPORTANCIA="3"><VINCULOS SEQUENCIA-HISTORICO="1" TIPO-DE-VINCULO="LIVRE" ENQUADRAMENTO-FUNCIONAL="LIVRE" CARGA-HORARIA-SEMANAL="" FLAG-DEDICACAO-EXCLUSIVA="NAO" MES-INICIO="07" ANO-INICIO="2007" MES-FIM="" ANO-FIM="" OUTRAS-INFORMACOES="Serviços em fisioterapia e Consultoria em qualidade de vida." FLAG-VINCULO-EMPREGATICIO="SIM" OUTRO-VINCULO-INFORMADO="Consultora" OUTRO-ENQUADRAMENTO-FUNCIONAL-INFORMADO="Fisioterapeuta" OUTRO-ENQUADRAMENTO-FUNCIONAL-INFORMADO-INGLES="" OUTRAS-INFORMACOES-INGLES=""/><atividadesProfissionaisPlanificadas/></ATUACAO-PROFISSIONAL><ATUACAO-PROFISSIONAL CODIGO-INSTITUICAO="000800000994" NOME-INSTITUICAO="Clínica LRC" SEQUENCIA-ATIVIDADE="4" SEQUENCIA-IMPORTANCIA="4"><VINCULOS SEQUENCIA-HISTORICO="1" TIPO-DE-VINCULO="LIVRE" ENQUADRAMENTO-FUNCIONAL="LIVRE" CARGA-HORARIA-SEMANAL="" FLAG-DEDICACAO-EXCLUSIVA="NAO" MES-INICIO="01" ANO-INICIO="2007" MES-FIM="12" ANO-FIM="2009" OUTRAS-INFORMACOES="" FLAG-VINCULO-EMPREGATICIO="SIM" OUTRO-VINCULO-INFORMADO="Profissional liberal" OUTRO-ENQUADRAMENTO-FUNCIONAL-INFORMADO="Fisioterapeuta" OUTRO-ENQUADRAMENTO-FUNCIONAL-INFORMADO-INGLES="" OUTRAS-INFORMACOES-INGLES=""/><atividadesProfissionaisPlanificadas/></ATUACAO-PROFISSIONAL><ATUACAO-PROFISSIONAL CODIGO-INSTITUICAO="000500000999" NOME-INSTITUICAO="Clínica Attivitá" SEQUENCIA-ATIVIDADE="5" SEQUENCIA-IMPORTANCIA="5"><VINCULOS SEQUENCIA-HISTORICO="1" TIPO-DE-VINCULO="LIVRE" ENQUADRAMENTO-FUNCIONAL="LIVRE" CARGA-HORARIA-SEMANAL="" FLAG-DEDICACAO-EXCLUSIVA="NAO" MES-INICIO="01" ANO-INICIO="2006" MES-FIM="12" ANO-FIM="2008" OUTRAS-INFORMACOES="" FLAG-VINCULO-EMPREGATICIO="SIM" OUTRO-VINCULO-INFORMADO="Profissional liberal" OUTRO-ENQUADRAMENTO-FUNCIONAL-INFORMADO="Fisioterapeuta" OUTRO-ENQUADRAMENTO-FUNCIONAL-INFORMADO-INGLES="" OUTRAS-INFORMACOES-INGLES=""/><atividadesProfissionaisPlanificadas/></ATUACAO-PROFISSIONAL><ATUACAO-PROFISSIONAL CODIGO-INSTITUICAO="000900000996" NOME-INSTITUICAO="Fisiovida" SEQUENCIA-ATIVIDADE="6" SEQUENCIA-IMPORTANCIA="6"><VINCULOS SEQUENCIA-HISTORICO="1" TIPO-DE-VINCULO="LIVRE" ENQUADRAMENTO-FUNCIONAL="LIVRE" CARGA-HORARIA-SEMANAL="" FLAG-DEDICACAO-EXCLUSIVA="NAO" MES-INICIO="01" ANO-INICIO="2004" MES-FIM="06" ANO-FIM="2007" OUTRAS-INFORMACOES="" FLAG-VINCULO-EMPREGATICIO="SIM" OUTRO-VINCULO-INFORMADO="Profissional liberal" OUTRO-ENQUADRAMENTO-FUNCIONAL-INFORMADO="Fisioterapeuta" OUTRO-ENQUADRAMENTO-FUNCIONAL-INFORMADO-INGLES="" OUTRAS-INFORMACOES-INGLES=""/><atividadesProfissionaisPlanificadas/></ATUACAO-PROFISSIONAL><ATUACAO-PROFISSIONAL CODIGO-INSTITUICAO="001000000998" NOME-INSTITUICAO="Clínica Tijutrauma" SEQUENCIA-ATIVIDADE="7" SEQUENCIA-IMPORTANCIA="7"><VINCULOS SEQUENCIA-HISTORICO="1" TIPO-DE-VINCULO="CELETISTA" ENQUADRAMENTO-FUNCIONAL="LIVRE" CARGA-HORARIA-SEMANAL="" FLAG-DEDICACAO-EXCLUSIVA="NAO" MES-INICIO="07" ANO-INICIO="2004" MES-FIM="10" ANO-FIM="2004" OUTRAS-INFORMACOES="" FLAG-VINCULO-EMPREGATICIO="NAO" OUTRO-VINCULO-INFORMADO="" OUTRO-ENQUADRAMENTO-FUNCIONAL-INFORMADO="Fisioterapeuta" OUTRO-ENQUADRAMENTO-FUNCIONAL-INFORMADO-INGLES="" OUTRAS-INFORMACOES-INGLES=""/><atividadesProfissionaisPlanificadas/></ATUACAO-PROFISSIONAL><ATUACAO-PROFISSIONAL CODIGO-INSTITUICAO="001100000990" NOME-INSTITUICAO="Clínica Climobal" SEQUENCIA-ATIVIDADE="8" SEQUENCIA-IMPORTANCIA="8"><VINCULOS SEQUENCIA-HISTORICO="1" TIPO-DE-VINCULO="LIVRE" ENQUADRAMENTO-FUNCIONAL="LIVRE" CARGA-HORARIA-SEMANAL="" FLAG-DEDICACAO-EXCLUSIVA="NAO" MES-INICIO="03" ANO-INICIO="2002" MES-FIM="03" ANO-FIM="2005" OUTRAS-INFORMACOES="" FLAG-VINCULO-EMPREGATICIO="SIM" OUTRO-VINCULO-INFORMADO="Profissional liberal" OUTRO-ENQUADRAMENTO-FUNCIONAL-INFORMADO="Fisoterapeuta" OUTRO-ENQUADRAMENTO-FUNCIONAL-INFORMADO-INGLES="" OUTRAS-INFORMACOES-INGLES=""/><atividadesProfissionaisPlanificadas/></ATUACAO-PROFISSIONAL></ATUACOES-PROFISSIONAIS><AREAS-DE-ATUACAO><AREA-DE-ATUACAO SEQUENCIA-AREA-DE-ATUACAO="1" NOME-GRANDE-AREA-DO-CONHECIMENTO="CIENCIAS_BIOLOGICAS" NOME-DA-AREA-DO-CONHECIMENTO="Morfologia" NOME-DA-SUB-AREA-DO-CONHECIMENTO="Anatomia" NOME-DA-ESPECIALIDADE=""/><AREA-DE-ATUACAO SEQUENCIA-AREA-DE-ATUACAO="2" NOME-GRANDE-AREA-DO-CONHECIMENTO="CIENCIAS_BIOLOGICAS" NOME-DA-AREA-DO-CONHECIMENTO="Morfologia" NOME-DA-SUB-AREA-DO-CONHECIMENTO="" NOME-DA-ESPECIALIDADE=""/><AREA-DE-ATUACAO SEQUENCIA-AREA-DE-ATUACAO="3" NOME-GRANDE-AREA-DO-CONHECIMENTO="CIENCIAS_BIOLOGICAS" NOME-DA-AREA-DO-CONHECIMENTO="Morfologia" NOME-DA-SUB-AREA-DO-CONHECIMENTO="Citologia e Biologia Celular" NOME-DA-ESPECIALIDADE=""/><AREA-DE-ATUACAO SEQUENCIA-AREA-DE-ATUACAO="4" NOME-GRANDE-AREA-DO-CONHECIMENTO="CIENCIAS_BIOLOGICAS" NOME-DA-AREA-DO-CONHECIMENTO="Morfologia" NOME-DA-SUB-AREA-DO-CONHECIMENTO="Histologia" NOME-DA-ESPECIALIDADE=""/><AREA-DE-ATUACAO SEQUENCIA-AREA-DE-ATUACAO="5" NOME-GRANDE-AREA-DO-CONHECIMENTO="CIENCIAS_DA_SAUDE" NOME-DA-AREA-DO-CONHECIMENTO="Fisioterapia e Terapia Ocupacional" NOME-DA-SUB-AREA-DO-CONHECIMENTO="" NOME-DA-ESPECIALIDADE=""/></AREAS-DE-ATUACAO><IDIOMAS><IDIOMA IDIOMA="ES" DESCRICAO-DO-IDIOMA="Espanhol" PROFICIENCIA-DE-LEITURA="RAZOAVELMENTE" PROFICIENCIA-DE-FALA="POUCO" PROFICIENCIA-DE-ESCRITA="POUCO" PROFICIENCIA-DE-COMPREENSAO="RAZOAVELMENTE"/><IDIOMA IDIOMA="EN" DESCRICAO-DO-IDIOMA="Inglês" PROFICIENCIA-DE-LEITURA="BEM" PROFICIENCIA-DE-FALA="RAZOAVELMENTE" PROFICIENCIA-DE-ESCRITA="BEM" PROFICIENCIA-DE-COMPREENSAO="BEM"/><IDIOMA IDIOMA="PT" DESCRICAO-DO-IDIOMA="Português" PROFICIENCIA-DE-LEITURA="BEM" PROFICIENCIA-DE-FALA="BEM" PROFICIENCIA-DE-ESCRITA="BEM" PROFICIENCIA-DE-COMPREENSAO="BEM"/></IDIOMAS><staValidado/><dataExibicao/><dadosBolsista/></DADOS-GERAIS><PRODUCAO-BIBLIOGRAFICA><TRABALHOS-EM-EVENTOS><TRABALHO-EM-EVENTOS SEQUENCIA-PRODUCAO="1"><DADOS-BASICOS-DO-TRABALHO NATUREZA="RESUMO" TITULO-DO-TRABALHO="Efeitos da atividade física de baixa intensidade na estrutura das túnicas íntima e média da aorta em ratos espontaneamente hipertensos" ANO-DO-TRABALHO="2008" PAIS-DO-EVENTO="Brasil" IDIOMA="Português" MEIO-DE-DIVULGACAO="MEIO_DIGITAL" HOME-PAGE-DO-TRABALHO="" FLAG-RELEVANCIA="SIM" DOI="" TITULO-DO-TRABALHO-INGLES="" FLAG-DIVULGACAO-CIENTIFICA="NAO"/><DETALHAMENTO-DO-TRABALHO CLASSIFICACAO-DO-EVENTO="NACIONAL" NOME-DO-EVENTO="XVI Congresso da Sociedade Brasileira de Hipertensão" CIDADE-DO-EVENTO="Rio de Janeiro" ANO-DE-REALIZACAO="2008" TITULO-DOS-ANAIS-OU-PROCEEDINGS="Efeitos da atividade física de baixa intensidade na estrutura das túnicas íntima e média da aorta em ratos espontaneamente hipertensos" VOLUME="" FASCICULO="" SERIE="" PAGINA-INICIAL="" PAGINA-FINAL="" ISBN="" NOME-DA-EDITORA="" CIDADE-DA-EDITORA="" NOME-DO-EVENTO-INGLES=""/><AUTORES NOME-COMPLETO-DO-AUTOR="Jessica de Andrade Moraes Teixeira" NOME-PARA-CITACAO="Moraes-Teixeira, JA" ORDEM-DE-AUTORIA="1" NRO-ID-CNPQ="7943796043730961"/><AUTORES NOME-COMPLETO-DO-AUTOR="FELIX-FONSECA AS" NOME-PARA-CITACAO="FELIX-FONSECA AS" ORDEM-DE-AUTORIA="2" NRO-ID-CNPQ=""/><AUTORES NOME-COMPLETO-DO-AUTOR="MANDARIM-DE-LACERDA CA" NOME-PARA-CITACAO="MANDARIM-DE-LACERDA CA" ORDEM-DE-AUTORIA="3" NRO-ID-CNPQ=""/><AUTORES NOME-COMPLETO-DO-AUTOR="CARVALHO JJ" NOME-PARA-CITACAO="CARVALHO JJ" ORDEM-DE-AUTORIA="4" NRO-ID-CNPQ=""/><PALAVRAS-CHAVE PALAVRA-CHAVE-1="Elastogênese" PALAVRA-CHAVE-2="Hipertensão" PALAVRA-CHAVE-3="Atividade Física" PALAVRA-CHAVE-4="" PALAVRA-CHAVE-5="" PALAVRA-CHAVE-6=""/></TRABALHO-EM-EVENTOS><TRABALHO-EM-EVENTOS SEQUENCIA-PRODUCAO="2"><DADOS-BASICOS-DO-TRABALHO NATUREZA="RESUMO" TITULO-DO-TRABALHO="The elastogenesis in aorta from spontaneously hypertensive rats subjected to low-intensity physical activity." ANO-DO-TRABALHO="2009" PAIS-DO-EVENTO="Brasil" IDIOMA="Português" MEIO-DE-DIVULGACAO="IMPRESSO" HOME-PAGE-DO-TRABALHO="" FLAG-RELEVANCIA="NAO" DOI="" TITULO-DO-TRABALHO-INGLES="" FLAG-DIVULGACAO-CIENTIFICA="NAO"/><DETALHAMENTO-DO-TRABALHO CLASSIFICACAO-DO-EVENTO="NACIONAL" NOME-DO-EVENTO="XXII Congresso da Sociedade Brasileira de Microscopia e Microanálise" CIDADE-DO-EVENTO="Belo Horizonte" ANO-DE-REALIZACAO="2009" TITULO-DOS-ANAIS-OU-PROCEEDINGS="The elastogenesis in aorta from spontaneously hypertensive rats subjected to low-intensity physical activity." VOLUME="" FASCICULO="" SERIE="" PAGINA-INICIAL="" PAGINA-FINAL="" ISBN="" NOME-DA-EDITORA="" CIDADE-DA-EDITORA="" NOME-DO-EVENTO-INGLES=""/><AUTORES NOME-COMPLETO-DO-AUTOR="Jessica de Andrade Moraes Teixeira" NOME-PARA-CITACAO="Moraes-Teixeira, JA" ORDEM-DE-AUTORIA="1" NRO-ID-CNPQ="7943796043730961"/><AUTORES NOME-COMPLETO-DO-AUTOR="FELIX-FONSECA AS" NOME-PARA-CITACAO="FELIX-FONSECA AS" ORDEM-DE-AUTORIA="2" NRO-ID-CNPQ=""/><AUTORES NOME-COMPLETO-DO-AUTOR="MANDARIM-DE-LACERDA CA" NOME-PARA-CITACAO="MANDARIM-DE-LACERDA CA" ORDEM-DE-AUTORIA="3" NRO-ID-CNPQ=""/><AUTORES NOME-COMPLETO-DO-AUTOR="jj carvalho" NOME-PARA-CITACAO="JJ carvalho" ORDEM-DE-AUTORIA="4" NRO-ID-CNPQ=""/><PALAVRAS-CHAVE PALAVRA-CHAVE-1="Atividade Física" PALAVRA-CHAVE-2="Hipertensão" PALAVRA-CHAVE-3="Elastogênese" PALAVRA-CHAVE-4="Microscopia Eletrônica" PALAVRA-CHAVE-5="" PALAVRA-CHAVE-6=""/><AREAS-DO-CONHECIMENTO><AREA-DO-CONHECIMENTO-1 NOME-GRANDE-AREA-DO-CONHECIMENTO="CIENCIAS_BIOLOGICAS" NOME-DA-AREA-DO-CONHECIMENTO="" NOME-DA-SUB-AREA-DO-CONHECIMENTO="" NOME-DA-ESPECIALIDADE=""/><AREA-DO-CONHECIMENTO-2 NOME-GRANDE-AREA-DO-CONHECIMENTO="CIENCIAS_BIOLOGICAS" NOME-DA-AREA-DO-CONHECIMENTO="Morfologia" NOME-DA-SUB-AREA-DO-CONHECIMENTO="Histologia" NOME-DA-ESPECIALIDADE=""/></AREAS-DO-CONHECIMENTO></TRABALHO-EM-EVENTOS><TRABALHO-EM-EVENTOS SEQUENCIA-PRODUCAO="3"><DADOS-BASICOS-DO-TRABALHO NATUREZA="RESUMO" TITULO-DO-TRABALHO="The decrease proteoglicans and increase elastin and fibrilin content in low-intensity physical activity in aorta from wistar-Kyoto and spontaneously hypertensive rats" ANO-DO-TRABALHO="2009" PAIS-DO-EVENTO="Brasil" IDIOMA="Português" MEIO-DE-DIVULGACAO="IMPRESSO" HOME-PAGE-DO-TRABALHO="" FLAG-RELEVANCIA="SIM" DOI="" TITULO-DO-TRABALHO-INGLES="" FLAG-DIVULGACAO-CIENTIFICA="NAO"/><DETALHAMENTO-DO-TRABALHO CLASSIFICACAO-DO-EVENTO="INTERNACIONAL" NOME-DO-EVENTO="V International Symposium on Extracellular Matrix" CIDADE-DO-EVENTO="Búzios" ANO-DE-REALIZACAO="2009" TITULO-DOS-ANAIS-OU-PROCEEDINGS="The decrease proteoglicans and increase elastin and fibrilin content in low-intensity physical activity in aorta from wistar-Kyoto and spontaneously hypertensive rats" VOLUME="" FASCICULO="" SERIE="" PAGINA-INICIAL="" PAGINA-FINAL="" ISBN="" NOME-DA-EDITORA="" CIDADE-DA-EDITORA="" NOME-DO-EVENTO-INGLES=""/><AUTORES NOME-COMPLETO-DO-AUTOR="Jessica de Andrade Moraes Teixeira" NOME-PARA-CITACAO="Moraes-Teixeira, JA" ORDEM-DE-AUTORIA="1" NRO-ID-CNPQ="7943796043730961"/><AUTORES NOME-COMPLETO-DO-AUTOR="FELIX-FONSECA AS" NOME-PARA-CITACAO="FELIX-FONSECA AS" ORDEM-DE-AUTORIA="2" NRO-ID-CNPQ=""/><AUTORES NOME-COMPLETO-DO-AUTOR="jj carvalho" NOME-PARA-CITACAO="JJ carvalho" ORDEM-DE-AUTORIA="3" NRO-ID-CNPQ=""/><AUTORES NOME-COMPLETO-DO-AUTOR="MANDARIM-DE-LACERDA CA" NOME-PARA-CITACAO="MANDARIM-DE-LACERDA CA" ORDEM-DE-AUTORIA="4" NRO-ID-CNPQ=""/><PALAVRAS-CHAVE PALAVRA-CHAVE-1="Atividade Física" PALAVRA-CHAVE-2="Elastogênese" PALAVRA-CHAVE-3="Hipertensão" PALAVRA-CHAVE-4="Matriz Extracelular" PALAVRA-CHAVE-5="" PALAVRA-CHAVE-6=""/></TRABALHO-EM-EVENTOS><TRABALHO-EM-EVENTOS SEQUENCIA-PRODUCAO="4"><DADOS-BASICOS-DO-TRABALHO NATUREZA="RESUMO" TITULO-DO-TRABALHO="Exercício Físico de baixa Intensidade aumenta o conteúdo de Fibrilina e Elastina na aorta de ratos Wistar-Kyoto e Geneticamente Hipertensos (SHR)." ANO-DO-TRABALHO="2009" PAIS-DO-EVENTO="Brasil" IDIOMA="Português" MEIO-DE-DIVULGACAO="IMPRESSO" HOME-PAGE-DO-TRABALHO="" FLAG-RELEVANCIA="SIM" DOI="" TITULO-DO-TRABALHO-INGLES="" FLAG-DIVULGACAO-CIENTIFICA="NAO"/><DETALHAMENTO-DO-TRABALHO CLASSIFICACAO-DO-EVENTO="INTERNACIONAL" NOME-DO-EVENTO="Inter-American Society of Hypertension XVIIIth Scientific Sessions" CIDADE-DO-EVENTO="belo Horizonte" ANO-DE-REALIZACAO="2009" TITULO-DOS-ANAIS-OU-PROCEEDINGS="Exercício Físico de baixa Intensidade aumenta o conteúdo de Fibrilina e Elastina na aorta de ratos Wistar-Kyoto e Geneticamente Hipertensos (SHR)." VOLUME="" FASCICULO="" SERIE="" PAGINA-INICIAL="" PAGINA-FINAL="" ISBN="" NOME-DA-EDITORA="" CIDADE-DA-EDITORA="" NOME-DO-EVENTO-INGLES=""/><AUTORES NOME-COMPLETO-DO-AUTOR="Jessica de Andrade Moraes Teixeira" NOME-PARA-CITACAO="Moraes-Teixeira, JA" ORDEM-DE-AUTORIA="1" NRO-ID-CNPQ="7943796043730961"/><AUTORES NOME-COMPLETO-DO-AUTOR="FELIX-FONSECA AS" NOME-PARA-CITACAO="FELIX-FONSECA AS" ORDEM-DE-AUTORIA="2" NRO-ID-CNPQ=""/><AUTORES NOME-COMPLETO-DO-AUTOR="MANDARIM-DE-LACERDA CA" NOME-PARA-CITACAO="MANDARIM-DE-LACERDA CA" ORDEM-DE-AUTORIA="3" NRO-ID-CNPQ=""/><AUTORES NOME-COMPLETO-DO-AUTOR="CARVALHO JJ" NOME-PARA-CITACAO="CARVALHO JJ" ORDEM-DE-AUTORIA="4" NRO-ID-CNPQ=""/><PALAVRAS-CHAVE PALAVRA-CHAVE-1="Hipertensão" PALAVRA-CHAVE-2="Elastogênese" PALAVRA-CHAVE-3="Atividade Física" PALAVRA-CHAVE-4="" PALAVRA-CHAVE-5="" PALAVRA-CHAVE-6=""/></TRABALHO-EM-EVENTOS><TRABALHO-EM-EVENTOS SEQUENCIA-PRODUCAO="5"><DADOS-BASICOS-DO-TRABALHO NATUREZA="RESUMO" TITULO-DO-TRABALHO="Beneficial effects of low-intensity exercise training on the aortic wall remodeling in spontaneously hypertensive rats." ANO-DO-TRABALHO="2010" PAIS-DO-EVENTO="Alemanha" IDIOMA="Inglês" MEIO-DE-DIVULGACAO="VARIOS" HOME-PAGE-DO-TRABALHO="" FLAG-RELEVANCIA="SIM" DOI="" TITULO-DO-TRABALHO-INGLES="" FLAG-DIVULGACAO-CIENTIFICA="NAO"/><DETALHAMENTO-DO-TRABALHO CLASSIFICACAO-DO-EVENTO="INTERNACIONAL" NOME-DO-EVENTO="3rd Intenational Conference on Hypertension, Lipids, Diabetes &amp;amp; Stroke Prevention" CIDADE-DO-EVENTO="Berlim" ANO-DE-REALIZACAO="2010" TITULO-DOS-ANAIS-OU-PROCEEDINGS="Beneficial effects of low-intensity exercise training on the aortic wall remodeling in spontaneously hypertensive rats." VOLUME="" FASCICULO="" SERIE="" PAGINA-INICIAL="" PAGINA-FINAL="" ISBN="" NOME-DA-EDITORA="" CIDADE-DA-EDITORA="" NOME-DO-EVENTO-INGLES=""/><AUTORES NOME-COMPLETO-DO-AUTOR="Jessica de Andrade Moraes Teixeira" NOME-PARA-CITACAO="Moraes-Teixeira, JA" ORDEM-DE-AUTORIA="1" NRO-ID-CNPQ="7943796043730961"/><AUTORES NOME-COMPLETO-DO-AUTOR="FELIX-FONSECA AS" NOME-PARA-CITACAO="FELIX-FONSECA AS" ORDEM-DE-AUTORIA="2" NRO-ID-CNPQ=""/><AUTORES NOME-COMPLETO-DO-AUTOR="Caroline Fernandes-Santos" NOME-PARA-CITACAO="FERNANDES-SANTOS, C." ORDEM-DE-AUTORIA="3" NRO-ID-CNPQ=""/><AUTORES NOME-COMPLETO-DO-AUTOR="MANDARIM-DE-LACERDA CA" NOME-PARA-CITACAO="MANDARIM-DE-LACERDA CA" ORDEM-DE-AUTORIA="4" NRO-ID-CNPQ=""/><AUTORES NOME-COMPLETO-DO-AUTOR="jj carvalho" NOME-PARA-CITACAO="JJ carvalho" ORDEM-DE-AUTORIA="5" NRO-ID-CNPQ=""/><PALAVRAS-CHAVE PALAVRA-CHAVE-1="Hipertensão" PALAVRA-CHAVE-2="Atividade Física" PALAVRA-CHAVE-3="" PALAVRA-CHAVE-4="" PALAVRA-CHAVE-5="" PALAVRA-CHAVE-6=""/><AREAS-DO-CONHECIMENTO><AREA-DO-CONHECIMENTO-1 NOME-GRANDE-AREA-DO-CONHECIMENTO="CIENCIAS_BIOLOGICAS" NOME-DA-AREA-DO-CONHECIMENTO="" NOME-DA-SUB-AREA-DO-CONHECIMENTO="" NOME-DA-ESPECIALIDADE=""/><AREA-DO-CONHECIMENTO-2 NOME-GRANDE-AREA-DO-CONHECIMENTO="CIENCIAS_BIOLOGICAS" NOME-DA-AREA-DO-CONHECIMENTO="Biologia Geral" NOME-DA-SUB-AREA-DO-CONHECIMENTO="" NOME-DA-ESPECIALIDADE=""/></AREAS-DO-CONHECIMENTO></TRABALHO-EM-EVENTOS><TRABALHO-EM-EVENTOS SEQUENCIA-PRODUCAO="6"><DADOS-BASICOS-DO-TRABALHO NATUREZA="RESUMO" TITULO-DO-TRABALHO="Morphological study of the carotid body in hypertensive rats induced by L-NAME." ANO-DO-TRABALHO="2010" PAIS-DO-EVENTO="Alemanha" IDIOMA="Inglês" MEIO-DE-DIVULGACAO="VARIOS" HOME-PAGE-DO-TRABALHO="" FLAG-RELEVANCIA="NAO" DOI="" TITULO-DO-TRABALHO-INGLES="" FLAG-DIVULGACAO-CIENTIFICA="NAO"/><DETALHAMENTO-DO-TRABALHO CLASSIFICACAO-DO-EVENTO="INTERNACIONAL" NOME-DO-EVENTO="3rd Intenational Conference on Hypertension, Lipids, Diabetes &amp;amp; Stroke Prevention" CIDADE-DO-EVENTO="Berlim" ANO-DE-REALIZACAO="2010" TITULO-DOS-ANAIS-OU-PROCEEDINGS="Morphological study of the carotid body in hypertensive rats induced by L-NAME." VOLUME="" FASCICULO="" SERIE="" PAGINA-INICIAL="" PAGINA-FINAL="" ISBN="" NOME-DA-EDITORA="" CIDADE-DA-EDITORA="" NOME-DO-EVENTO-INGLES=""/><AUTORES NOME-COMPLETO-DO-AUTOR="FELIX-FONSECA AS" NOME-PARA-CITACAO="FELIX-FONSECA AS" ORDEM-DE-AUTORIA="1" NRO-ID-CNPQ=""/><AUTORES NOME-COMPLETO-DO-AUTOR="Vinicius Rocha" NOME-PARA-CITACAO="ROCHA, V. N." ORDEM-DE-AUTORIA="2" NRO-ID-CNPQ=""/><AUTORES NOME-COMPLETO-DO-AUTOR="Jessica de Andrade Moraes Teixeira" NOME-PARA-CITACAO="Moraes-Teixeira, JA" ORDEM-DE-AUTORIA="3" NRO-ID-CNPQ="7943796043730961"/><AUTORES NOME-COMPLETO-DO-AUTOR="jj carvalho" NOME-PARA-CITACAO="JJ carvalho" ORDEM-DE-AUTORIA="4" NRO-ID-CNPQ=""/><PALAVRAS-CHAVE PALAVRA-CHAVE-1="Hipertensão" PALAVRA-CHAVE-2="Corpo carotídeo" PALAVRA-CHAVE-3="" PALAVRA-CHAVE-4="" PALAVRA-CHAVE-5="" PALAVRA-CHAVE-6=""/><AREAS-DO-CONHECIMENTO><AREA-DO-CONHECIMENTO-1 NOME-GRANDE-AREA-DO-CONHECIMENTO="CIENCIAS_BIOLOGICAS" NOME-DA-AREA-DO-CONHECIMENTO="" NOME-DA-SUB-AREA-DO-CONHECIMENTO="" NOME-DA-ESPECIALIDADE=""/><AREA-DO-CONHECIMENTO-2 NOME-GRANDE-AREA-DO-CONHECIMENTO="CIENCIAS_BIOLOGICAS" NOME-DA-AREA-DO-CONHECIMENTO="Morfologia" NOME-DA-SUB-AREA-DO-CONHECIMENTO="Histologia" NOME-DA-ESPECIALIDADE=""/></AREAS-DO-CONHECIMENTO></TRABALHO-EM-EVENTOS><TRABALHO-EM-EVENTOS SEQUENCIA-PRODUCAO="9"><DADOS-BASICOS-DO-TRABALHO NATUREZA="RESUMO" TITULO-DO-TRABALHO="Efeitos da atividade física aeróbica de baixa intensidade na estrutura das túnicas íntima e média na parede da aorta em ratos espontaneamente hipertensos (SHR)." ANO-DO-TRABALHO="2008" PAIS-DO-EVENTO="Brasil" IDIOMA="Português" MEIO-DE-DIVULGACAO="IMPRESSO" HOME-PAGE-DO-TRABALHO="" FLAG-RELEVANCIA="NAO" DOI="" TITULO-DO-TRABALHO-INGLES="" FLAG-DIVULGACAO-CIENTIFICA="NAO"/><DETALHAMENTO-DO-TRABALHO CLASSIFICACAO-DO-EVENTO="NACIONAL" NOME-DO-EVENTO="XVII Semana de Iniciação Científica da UERJ." CIDADE-DO-EVENTO="Rio de Janeiro" ANO-DE-REALIZACAO="2008" TITULO-DOS-ANAIS-OU-PROCEEDINGS="Efeitos da atividade física aeróbica de baixa intensidade na estrutura das túnicas íntima e média na parede da aorta em ratos espontaneamente hipertensos (SHR)." VOLUME="" FASCICULO="" SERIE="" PAGINA-INICIAL="" PAGINA-FINAL="" ISBN="" NOME-DA-EDITORA="" CIDADE-DA-EDITORA="" NOME-DO-EVENTO-INGLES=""/><AUTORES NOME-COMPLETO-DO-AUTOR="Jessica de Andrade Moraes Teixeira" NOME-PARA-CITACAO="Moraes-Teixeira, JA" ORDEM-DE-AUTORIA="1" NRO-ID-CNPQ="7943796043730961"/><AUTORES NOME-COMPLETO-DO-AUTOR="FELIX-FONSECA AS" NOME-PARA-CITACAO="FELIX-FONSECA AS" ORDEM-DE-AUTORIA="2" NRO-ID-CNPQ=""/><AUTORES NOME-COMPLETO-DO-AUTOR="MANDARIM-DE-LACERDA CA" NOME-PARA-CITACAO="MANDARIM-DE-LACERDA CA" ORDEM-DE-AUTORIA="3" NRO-ID-CNPQ=""/><AUTORES NOME-COMPLETO-DO-AUTOR="jj carvalho" NOME-PARA-CITACAO="JJ carvalho" ORDEM-DE-AUTORIA="4" NRO-ID-CNPQ=""/><PALAVRAS-CHAVE PALAVRA-CHAVE-1="Atividade Física" PALAVRA-CHAVE-2="Elastogênese" PALAVRA-CHAVE-3="Hipertensão" PALAVRA-CHAVE-4="Matriz Extracelular" PALAVRA-CHAVE-5="" PALAVRA-CHAVE-6=""/><AREAS-DO-CONHECIMENTO><AREA-DO-CONHECIMENTO-1 NOME-GRANDE-AREA-DO-CONHECIMENTO="CIENCIAS_BIOLOGICAS" NOME-DA-AREA-DO-CONHECIMENTO="" NOME-DA-SUB-AREA-DO-CONHECIMENTO="" NOME-DA-ESPECIALIDADE=""/><AREA-DO-CONHECIMENTO-2 NOME-GRANDE-AREA-DO-CONHECIMENTO="CIENCIAS_BIOLOGICAS" NOME-DA-AREA-DO-CONHECIMENTO="Morfologia" NOME-DA-SUB-AREA-DO-CONHECIMENTO="Histologia" NOME-DA-ESPECIALIDADE=""/></AREAS-DO-CONHECIMENTO></TRABALHO-EM-EVENTOS><TRABALHO-EM-EVENTOS SEQUENCIA-PRODUCAO="10"><DADOS-BASICOS-DO-TRABALHO NATUREZA="RESUMO" TITULO-DO-TRABALHO="Efeitos da atividade física aeróbica de baixa intensidade no sistema elástico da artéria aorta em ratos espontaneamente hipertensos." ANO-DO-TRABALHO="2009" PAIS-DO-EVENTO="Brasil" IDIOMA="Português" MEIO-DE-DIVULGACAO="IMPRESSO" HOME-PAGE-DO-TRABALHO="" FLAG-RELEVANCIA="NAO" DOI="" TITULO-DO-TRABALHO-INGLES="" FLAG-DIVULGACAO-CIENTIFICA="NAO"/><DETALHAMENTO-DO-TRABALHO CLASSIFICACAO-DO-EVENTO="NACIONAL" NOME-DO-EVENTO="XVIII Semana de Iniciação Científica da UERJ" CIDADE-DO-EVENTO="Rio de Janeiro" ANO-DE-REALIZACAO="2009" TITULO-DOS-ANAIS-OU-PROCEEDINGS="Efeitos da atividade física aeróbica de baixa intensidade no sistema elástico da artéria aorta em ratos espontaneamente hipertensos." VOLUME="" FASCICULO="" SERIE="" PAGINA-INICIAL="" PAGINA-FINAL="" ISBN="" NOME-DA-EDITORA="" CIDADE-DA-EDITORA="" NOME-DO-EVENTO-INGLES=""/><AUTORES NOME-COMPLETO-DO-AUTOR="Jessica de Andrade Moraes Teixeira" NOME-PARA-CITACAO="Moraes-Teixeira, JA" ORDEM-DE-AUTORIA="1" NRO-ID-CNPQ="7943796043730961"/><AUTORES NOME-COMPLETO-DO-AUTOR="Liliana Limongi Netto" NOME-PARA-CITACAO="NETTO, L. L." ORDEM-DE-AUTORIA="2" NRO-ID-CNPQ=""/><AUTORES NOME-COMPLETO-DO-AUTOR="CARVALHO JJ" NOME-PARA-CITACAO="CARVALHO JJ" ORDEM-DE-AUTORIA="3" NRO-ID-CNPQ=""/><PALAVRAS-CHAVE PALAVRA-CHAVE-1="Hipertensão" PALAVRA-CHAVE-2="Atividade Física" PALAVRA-CHAVE-3="Elastogênese" PALAVRA-CHAVE-4="" PALAVRA-CHAVE-5="" PALAVRA-CHAVE-6=""/><AREAS-DO-CONHECIMENTO><AREA-DO-CONHECIMENTO-1 NOME-GRANDE-AREA-DO-CONHECIMENTO="CIENCIAS_BIOLOGICAS" NOME-DA-AREA-DO-CONHECIMENTO="" NOME-DA-SUB-AREA-DO-CONHECIMENTO="" NOME-DA-ESPECIALIDADE=""/><AREA-DO-CONHECIMENTO-2 NOME-GRANDE-AREA-DO-CONHECIMENTO="CIENCIAS_BIOLOGICAS" NOME-DA-AREA-DO-CONHECIMENTO="Morfologia" NOME-DA-SUB-AREA-DO-CONHECIMENTO="Histologia" NOME-DA-ESPECIALIDADE=""/></AREAS-DO-CONHECIMENTO></TRABALHO-EM-EVENTOS><TRABALHO-EM-EVENTOS SEQUENCIA-PRODUCAO="17"><DADOS-BASICOS-DO-TRABALHO NATUREZA="RESUMO" TITULO-DO-TRABALHO="Analysis of morphological changes in the aorta of spontaneously hypertensive rats (SHR)." ANO-DO-TRABALHO="2010" PAIS-DO-EVENTO="Brasil" IDIOMA="Inglês" MEIO-DE-DIVULGACAO="VARIOS" HOME-PAGE-DO-TRABALHO="" FLAG-RELEVANCIA="NAO" DOI="" TITULO-DO-TRABALHO-INGLES="" FLAG-DIVULGACAO-CIENTIFICA="NAO"/><DETALHAMENTO-DO-TRABALHO CLASSIFICACAO-DO-EVENTO="INTERNACIONAL" NOME-DO-EVENTO="17th international congress of microscopy" CIDADE-DO-EVENTO="Rio de Janeiro" ANO-DE-REALIZACAO="2010" TITULO-DOS-ANAIS-OU-PROCEEDINGS="Analysis of morphological changes in the aorta of spontaneously hypertensive rats (SHR)." VOLUME="" FASCICULO="" SERIE="" PAGINA-INICIAL="" PAGINA-FINAL="" ISBN="" NOME-DA-EDITORA="" CIDADE-DA-EDITORA="" NOME-DO-EVENTO-INGLES=""/><AUTORES NOME-COMPLETO-DO-AUTOR="Jessica de Andrade Moraes Teixeira" NOME-PARA-CITACAO="Moraes-Teixeira, JA" ORDEM-DE-AUTORIA="1" NRO-ID-CNPQ="7943796043730961"/><AUTORES NOME-COMPLETO-DO-AUTOR="FELIX-FONSECA AS" NOME-PARA-CITACAO="FELIX-FONSECA AS" ORDEM-DE-AUTORIA="2" NRO-ID-CNPQ=""/><AUTORES NOME-COMPLETO-DO-AUTOR="Caroline Fernandes-Santos" NOME-PARA-CITACAO="FERNANDES-SANTOS, C." ORDEM-DE-AUTORIA="3" NRO-ID-CNPQ=""/><AUTORES NOME-COMPLETO-DO-AUTOR="Carlos Alberto Mandarim-de-Lacerda" NOME-PARA-CITACAO="Mandarim-de-Lacerda CA" ORDEM-DE-AUTORIA="4" NRO-ID-CNPQ=""/><AUTORES NOME-COMPLETO-DO-AUTOR="CARVALHO JJ" NOME-PARA-CITACAO="CARVALHO JJ" ORDEM-DE-AUTORIA="5" NRO-ID-CNPQ=""/><PALAVRAS-CHAVE PALAVRA-CHAVE-1="Hipertensão" PALAVRA-CHAVE-2="Microscopia Eletrônica" PALAVRA-CHAVE-3="" PALAVRA-CHAVE-4="" PALAVRA-CHAVE-5="" PALAVRA-CHAVE-6=""/></TRABALHO-EM-EVENTOS><TRABALHO-EM-EVENTOS SEQUENCIA-PRODUCAO="22"><DADOS-BASICOS-DO-TRABALHO NATUREZA="RESUMO" TITULO-DO-TRABALHO="Maternal High-fat and/or High-salt and glucose metabolism in mice offspring" ANO-DO-TRABALHO="2011" PAIS-DO-EVENTO="Brasil" IDIOMA="Português" MEIO-DE-DIVULGACAO="IMPRESSO" HOME-PAGE-DO-TRABALHO="" FLAG-RELEVANCIA="NAO" DOI="" TITULO-DO-TRABALHO-INGLES="Maternal High-fat and/or High-salt and glucose metabolism in mice offspring" FLAG-DIVULGACAO-CIENTIFICA="NAO"/><DETALHAMENTO-DO-TRABALHO CLASSIFICACAO-DO-EVENTO="NACIONAL" NOME-DO-EVENTO="Fesbe" CIDADE-DO-EVENTO="Rio de Janeiro" ANO-DE-REALIZACAO="2011" TITULO-DOS-ANAIS-OU-PROCEEDINGS="Maternal High-fat and/or High-salt and glucose metabolism in mice offspring" VOLUME="" FASCICULO="" SERIE="" PAGINA-INICIAL="" PAGINA-FINAL="" ISBN="" NOME-DA-EDITORA="" CIDADE-DA-EDITORA="" NOME-DO-EVENTO-INGLES=""/><AUTORES NOME-COMPLETO-DO-AUTOR="Isabele" NOME-PARA-CITACAO="Bringhenti, I" ORDEM-DE-AUTORIA="1" NRO-ID-CNPQ=""/><AUTORES NOME-COMPLETO-DO-AUTOR="Jessica de Andrade Moraes Teixeira" NOME-PARA-CITACAO="Moraes-Teixeira, JA" ORDEM-DE-AUTORIA="2" NRO-ID-CNPQ="7943796043730961"/><AUTORES NOME-COMPLETO-DO-AUTOR="Rafaela Leiroz" NOME-PARA-CITACAO="LEIROZ, R." ORDEM-DE-AUTORIA="3" NRO-ID-CNPQ=""/><AUTORES NOME-COMPLETO-DO-AUTOR="Michele Cunha" NOME-PARA-CITACAO="CUNHA, M." ORDEM-DE-AUTORIA="4" NRO-ID-CNPQ=""/><AUTORES NOME-COMPLETO-DO-AUTOR="MANDARIM-DE-LACERDA CA" NOME-PARA-CITACAO="MANDARIM-DE-LACERDA CA" ORDEM-DE-AUTORIA="5" NRO-ID-CNPQ=""/><AUTORES NOME-COMPLETO-DO-AUTOR="Márcia Águila" NOME-PARA-CITACAO="AGUILA, M.B." ORDEM-DE-AUTORIA="6" NRO-ID-CNPQ=""/><PALAVRAS-CHAVE PALAVRA-CHAVE-1="Obesidade" PALAVRA-CHAVE-2="" PALAVRA-CHAVE-3="" PALAVRA-CHAVE-4="" PALAVRA-CHAVE-5="" PALAVRA-CHAVE-6=""/><AREAS-DO-CONHECIMENTO><AREA-DO-CONHECIMENTO-1 NOME-GRANDE-AREA-DO-CONHECIMENTO="CIENCIAS_BIOLOGICAS" NOME-DA-AREA-DO-CONHECIMENTO="" NOME-DA-SUB-AREA-DO-CONHECIMENTO="" NOME-DA-ESPECIALIDADE=""/></AREAS-DO-CONHECIMENTO></TRABALHO-EM-EVENTOS><TRABALHO-EM-EVENTOS SEQUENCIA-PRODUCAO="7"><DADOS-BASICOS-DO-TRABALHO NATUREZA="RESUMO" TITULO-DO-TRABALHO="Structural and ultrastructural remodeling in the left atrioventricular valve in hypertensive rats." ANO-DO-TRABALHO="2010" PAIS-DO-EVENTO="Alemanha" IDIOMA="Inglês" MEIO-DE-DIVULGACAO="VARIOS" HOME-PAGE-DO-TRABALHO="" FLAG-RELEVANCIA="NAO" DOI="" TITULO-DO-TRABALHO-INGLES="" FLAG-DIVULGACAO-CIENTIFICA="NAO"/><DETALHAMENTO-DO-TRABALHO CLASSIFICACAO-DO-EVENTO="INTERNACIONAL" NOME-DO-EVENTO="3rd International Conference on Hypertension, Lipids, Diabetes &amp;amp; Stroke Prevention" CIDADE-DO-EVENTO="Berlim" ANO-DE-REALIZACAO="2010" TITULO-DOS-ANAIS-OU-PROCEEDINGS="Structural and ultrastructural remodeling in the left atrioventricular valve in hypertensive rats." VOLUME="" FASCICULO="" SERIE="" PAGINA-INICIAL="" PAGINA-FINAL="" ISBN="" NOME-DA-EDITORA="" CIDADE-DA-EDITORA="" NOME-DO-EVENTO-INGLES=""/><AUTORES NOME-COMPLETO-DO-AUTOR="Vinicius Rocha" NOME-PARA-CITACAO="ROCHA, V. N." ORDEM-DE-AUTORIA="1" NRO-ID-CNPQ=""/><AUTORES NOME-COMPLETO-DO-AUTOR="Netto-Ferreira" NOME-PARA-CITACAO="Netto-Ferreira" ORDEM-DE-AUTORIA="2" NRO-ID-CNPQ=""/><AUTORES NOME-COMPLETO-DO-AUTOR="Jessica de Andrade Moraes Teixeira" NOME-PARA-CITACAO="Moraes-Teixeira, JA" ORDEM-DE-AUTORIA="3" NRO-ID-CNPQ="7943796043730961"/><AUTORES NOME-COMPLETO-DO-AUTOR="FELIX-FONSECA AS" NOME-PARA-CITACAO="FELIX-FONSECA AS" ORDEM-DE-AUTORIA="4" NRO-ID-CNPQ=""/><AUTORES NOME-COMPLETO-DO-AUTOR="MANDARIM-DE-LACERDA CA" NOME-PARA-CITACAO="MANDARIM-DE-LACERDA CA" ORDEM-DE-AUTORIA="5" NRO-ID-CNPQ=""/><AUTORES NOME-COMPLETO-DO-AUTOR="CARVALHO JJ" NOME-PARA-CITACAO="CARVALHO JJ" ORDEM-DE-AUTORIA="6" NRO-ID-CNPQ=""/><PALAVRAS-CHAVE PALAVRA-CHAVE-1="Hipertensão" PALAVRA-CHAVE-2="" PALAVRA-CHAVE-3="" PALAVRA-CHAVE-4="" PALAVRA-CHAVE-5="" PALAVRA-CHAVE-6=""/><AREAS-DO-CONHECIMENTO><AREA-DO-CONHECIMENTO-1 NOME-GRANDE-AREA-DO-CONHECIMENTO="CIENCIAS_BIOLOGICAS" NOME-DA-AREA-DO-CONHECIMENTO="" NOME-DA-SUB-AREA-DO-CONHECIMENTO="" NOME-DA-ESPECIALIDADE=""/><AREA-DO-CONHECIMENTO-2 NOME-GRANDE-AREA-DO-CONHECIMENTO="CIENCIAS_BIOLOGICAS" NOME-DA-AREA-DO-CONHECIMENTO="Morfologia" NOME-DA-SUB-AREA-DO-CONHECIMENTO="Histologia" NOME-DA-ESPECIALIDADE=""/></AREAS-DO-CONHECIMENTO></TRABALHO-EM-EVENTOS></TRABALHOS-EM-EVENTOS><DEMAIS-TIPOS-DE-PRODUCAO-BIBLIOGRAFICA><OUTRA-PRODUCAO-BIBLIOGRAFICA SEQUENCIA-PRODUCAO="27"><DADOS-BASICOS-DE-OUTRA-PRODUCAO NATUREZA="Manual de Orientação de Estudos" TITULO="Orientação de Dissecção - Topográfica de Membros (adaptado da obra de Testut-Jacob-Billet)" ANO="2011" PAIS-DE-PUBLICACAO="Brasil" IDIOMA="Português" MEIO-DE-DIVULGACAO="NAO_INFORMADO" HOME-PAGE-DO-TRABALHO="" FLAG-RELEVANCIA="NAO" DOI="" TITULO-INGLES="" NATUREZA-INGLES="" FLAG-DIVULGACAO-CIENTIFICA="NAO"/><DETALHAMENTO-DE-OUTRA-PRODUCAO EDITORA="" CIDADE-DA-EDITORA="" NUMERO-DE-PAGINAS="" ISSN-ISBN=""/><AUTORES NOME-COMPLETO-DO-AUTOR="Jessica de Andrade Moraes Teixeira" NOME-PARA-CITACAO="Moraes-Teixeira, JA" ORDEM-DE-AUTORIA="1" NRO-ID-CNPQ="7943796043730961"/><AUTORES NOME-COMPLETO-DO-AUTOR="Eliete Dalla Corte Frantz" NOME-PARA-CITACAO="FRANTZ, E. D. C." ORDEM-DE-AUTORIA="2" NRO-ID-CNPQ=""/><AUTORES NOME-COMPLETO-DO-AUTOR="Bianca Martins Gregório" NOME-PARA-CITACAO="GREGORIO, B. M." ORDEM-DE-AUTORIA="3" NRO-ID-CNPQ=""/><AUTORES NOME-COMPLETO-DO-AUTOR="Vanessa de Souza Mello" NOME-PARA-CITACAO="MELLO, V. S." ORDEM-DE-AUTORIA="4" NRO-ID-CNPQ=""/><AUTORES NOME-COMPLETO-DO-AUTOR="Sandra Barbosa da Silva" NOME-PARA-CITACAO="SILVA, S. B." ORDEM-DE-AUTORIA="5" NRO-ID-CNPQ=""/><AUTORES NOME-COMPLETO-DO-AUTOR="Fernanda Amorim M Nascimento" NOME-PARA-CITACAO="NASCIMENTO, F. A. M." ORDEM-DE-AUTORIA="6" NRO-ID-CNPQ=""/><AUTORES NOME-COMPLETO-DO-AUTOR="MANDARIM-DE-LACERDA CA" NOME-PARA-CITACAO="MANDARIM-DE-LACERDA CA" ORDEM-DE-AUTORIA="7" NRO-ID-CNPQ=""/></OUTRA-PRODUCAO-BIBLIOGRAFICA></DEMAIS-TIPOS-DE-PRODUCAO-BIBLIOGRAFICA><ARTIGOS-ACEITOS-PARA-PUBLICACAO><ARTIGO-ACEITO-PARA-PUBLICACAO SEQUENCIA-PRODUCAO="16"><DADOS-BASICOS-DO-ARTIGO NATUREZA="NAO_INFORMADO" TITULO-DO-ARTIGO="Exercise training enhances elastin, fibrillin and nitric oxide in the aorta wall of spontaneously hypertensive rats" ANO-DO-ARTIGO="2010" PAIS-DE-PUBLICACAO="" IDIOMA="Inglês" MEIO-DE-DIVULGACAO="NAO_INFORMADO" HOME-PAGE-DO-TRABALHO="" FLAG-RELEVANCIA="SIM" DOI="10.1016/j.yexmp.2010.08.004" TITULO-DO-ARTIGO-INGLES="" FLAG-DIVULGACAO-CIENTIFICA="NAO"/><DETALHAMENTO-DO-ARTIGO TITULO-DO-PERIODICO-OU-REVISTA="Experimental and Molecular Pathology (Print)" ISSN="00144800" VOLUME="" FASCICULO="" SERIE="" PAGINA-INICIAL="" PAGINA-FINAL="" LOCAL-DE-PUBLICACAO=""/><AUTORES NOME-COMPLETO-DO-AUTOR="Jessica de Andrade Moraes Teixeira" NOME-PARA-CITACAO="Moraes-Teixeira, Jessica de Andrade" ORDEM-DE-AUTORIA="1" NRO-ID-CNPQ=""/><AUTORES NOME-COMPLETO-DO-AUTOR="Jessica de Andrade Moraes Teixeira" NOME-PARA-CITACAO="Moraes-Teixeira, JA" ORDEM-DE-AUTORIA="1" NRO-ID-CNPQ="7943796043730961"/><AUTORES NOME-COMPLETO-DO-AUTOR="Félix, Alyne" NOME-PARA-CITACAO="Félix, Alyne" ORDEM-DE-AUTORIA="2" NRO-ID-CNPQ=""/><AUTORES NOME-COMPLETO-DO-AUTOR="Fernandes-Santos, Caroline" NOME-PARA-CITACAO="Fernandes-Santos, Caroline" ORDEM-DE-AUTORIA="3" NRO-ID-CNPQ=""/><AUTORES NOME-COMPLETO-DO-AUTOR="Moura, Anibal Sanchez" NOME-PARA-CITACAO="Moura, Anibal Sanchez" ORDEM-DE-AUTORIA="4" NRO-ID-CNPQ=""/><AUTORES NOME-COMPLETO-DO-AUTOR="Mandarim-de-Lacerda, Carlos Alberto" NOME-PARA-CITACAO="Mandarim-de-Lacerda, Carlos Alberto" ORDEM-DE-AUTORIA="5" NRO-ID-CNPQ=""/><AUTORES NOME-COMPLETO-DO-AUTOR="de Carvalho, Jorge Jose" NOME-PARA-CITACAO="de Carvalho, Jorge Jose" ORDEM-DE-AUTORIA="6" NRO-ID-CNPQ=""/><PALAVRAS-CHAVE PALAVRA-CHAVE-1="Atividade Física" PALAVRA-CHAVE-2="Elastogênese" PALAVRA-CHAVE-3="Hipertensão" PALAVRA-CHAVE-4="" PALAVRA-CHAVE-5="" PALAVRA-CHAVE-6=""/><AREAS-DO-CONHECIMENTO><AREA-DO-CONHECIMENTO-1 NOME-GRANDE-AREA-DO-CONHECIMENTO="CIENCIAS_BIOLOGICAS" NOME-DA-AREA-DO-CONHECIMENTO="" NOME-DA-SUB-AREA-DO-CONHECIMENTO="" NOME-DA-ESPECIALIDADE=""/></AREAS-DO-CONHECIMENTO></ARTIGO-ACEITO-PARA-PUBLICACAO><ARTIGO-ACEITO-PARA-PUBLICACAO SEQUENCIA-PRODUCAO="23"><DADOS-BASICOS-DO-ARTIGO NATUREZA="NAO_INFORMADO" TITULO-DO-ARTIGO="Maternal Obesity during the Preconception and Early Life Periods Alters Pancreatic Development in Early and Adult Life in Male Mouse Offspring" ANO-DO-ARTIGO="2013" PAIS-DE-PUBLICACAO="" IDIOMA="Inglês" MEIO-DE-DIVULGACAO="NAO_INFORMADO" HOME-PAGE-DO-TRABALHO="" FLAG-RELEVANCIA="NAO" DOI="" TITULO-DO-ARTIGO-INGLES="Maternal Obesity during the Preconception and Early Life Periods Alters Pancreatic Development in Early and Adult Life in Male Mouse Offspring" FLAG-DIVULGACAO-CIENTIFICA="NAO"/><DETALHAMENTO-DO-ARTIGO TITULO-DO-PERIODICO-OU-REVISTA="Plos One" ISSN="19326203" VOLUME="" FASCICULO="" SERIE="" PAGINA-INICIAL="" PAGINA-FINAL="" LOCAL-DE-PUBLICACAO=""/><AUTORES NOME-COMPLETO-DO-AUTOR="Isabele Bringhenti" NOME-PARA-CITACAO="BRINGHENTI, I." ORDEM-DE-AUTORIA="1" NRO-ID-CNPQ=""/><AUTORES NOME-COMPLETO-DO-AUTOR="Jessica de Andrade Moraes Teixeira" NOME-PARA-CITACAO="Moraes-Teixeira, JA" ORDEM-DE-AUTORIA="2" NRO-ID-CNPQ="7943796043730961"/><AUTORES NOME-COMPLETO-DO-AUTOR="Michele Rabelo Cunha" NOME-PARA-CITACAO="CUNHA, M. R." ORDEM-DE-AUTORIA="3" NRO-ID-CNPQ=""/><AUTORES NOME-COMPLETO-DO-AUTOR="Fernanda Ornelas" NOME-PARA-CITACAO="ORNELAS, F." ORDEM-DE-AUTORIA="4" NRO-ID-CNPQ=""/><AUTORES NOME-COMPLETO-DO-AUTOR="MANDARIM-DE-LACERDA CA" NOME-PARA-CITACAO="MANDARIM-DE-LACERDA CA" ORDEM-DE-AUTORIA="5" NRO-ID-CNPQ=""/><AUTORES NOME-COMPLETO-DO-AUTOR="Márcia Águila" NOME-PARA-CITACAO="AGUILA, M.B." ORDEM-DE-AUTORIA="6" NRO-ID-CNPQ=""/><AREAS-DO-CONHECIMENTO><AREA-DO-CONHECIMENTO-1 NOME-GRANDE-AREA-DO-CONHECIMENTO="CIENCIAS_BIOLOGICAS" NOME-DA-AREA-DO-CONHECIMENTO="" NOME-DA-SUB-AREA-DO-CONHECIMENTO="" NOME-DA-ESPECIALIDADE=""/></AREAS-DO-CONHECIMENTO></ARTIGO-ACEITO-PARA-PUBLICACAO><ARTIGO-ACEITO-PARA-PUBLICACAO SEQUENCIA-PRODUCAO="28"><DADOS-BASICOS-DO-ARTIGO NATUREZA="NAO_INFORMADO" TITULO-DO-ARTIGO="Maternal High Sodium Diet Yields Kidney Alterations in Mice Offspring" ANO-DO-ARTIGO="2014" PAIS-DE-PUBLICACAO="" IDIOMA="Inglês" MEIO-DE-DIVULGACAO="NAO_INFORMADO" HOME-PAGE-DO-TRABALHO="" FLAG-RELEVANCIA="NAO" DOI="" TITULO-DO-ARTIGO-INGLES="" FLAG-DIVULGACAO-CIENTIFICA="NAO"/><DETALHAMENTO-DO-ARTIGO TITULO-DO-PERIODICO-OU-REVISTA="Journal of Nephrology and Urology Research" ISSN="2310984X" VOLUME="" FASCICULO="" SERIE="" PAGINA-INICIAL="" PAGINA-FINAL="" LOCAL-DE-PUBLICACAO=""/><AUTORES NOME-COMPLETO-DO-AUTOR="Jessica de Andrade Moraes Teixeira" NOME-PARA-CITACAO="Moraes-Teixeira, JA" ORDEM-DE-AUTORIA="1" NRO-ID-CNPQ="7943796043730961"/><AUTORES NOME-COMPLETO-DO-AUTOR="Isabele Bringhenti" NOME-PARA-CITACAO="BRINGHENTI, I." ORDEM-DE-AUTORIA="2" NRO-ID-CNPQ=""/><AUTORES NOME-COMPLETO-DO-AUTOR="Maurício Younes-Ibrahim" NOME-PARA-CITACAO="YOUNES-IBRAHIM, M." ORDEM-DE-AUTORIA="3" NRO-ID-CNPQ=""/><AUTORES NOME-COMPLETO-DO-AUTOR="Márcia Águila" NOME-PARA-CITACAO="AGUILA, M.B." ORDEM-DE-AUTORIA="4" NRO-ID-CNPQ=""/><AUTORES NOME-COMPLETO-DO-AUTOR="MANDARIM-DE-LACERDA CA" NOME-PARA-CITACAO="MANDARIM-DE-LACERDA CA" ORDEM-DE-AUTORIA="5" NRO-ID-CNPQ=""/></ARTIGO-ACEITO-PARA-PUBLICACAO><ARTIGO-ACEITO-PARA-PUBLICACAO SEQUENCIA-PRODUCAO="18"><DADOS-BASICOS-DO-ARTIGO NATUREZA="NAO_INFORMADO" TITULO-DO-ARTIGO="Low-intensity physical activity beneficially alters ultra-structural renal morphology of spontaneously hypertensive rats" ANO-DO-ARTIGO="2011" PAIS-DE-PUBLICACAO="" IDIOMA="Inglês" MEIO-DE-DIVULGACAO="NAO_INFORMADO" HOME-PAGE-DO-TRABALHO="" FLAG-RELEVANCIA="NAO" DOI="" TITULO-DO-ARTIGO-INGLES="" FLAG-DIVULGACAO-CIENTIFICA="NAO"/><DETALHAMENTO-DO-ARTIGO TITULO-DO-PERIODICO-OU-REVISTA="Clinics (USP. Impresso)" ISSN="18075932" VOLUME="" FASCICULO="" SERIE="" PAGINA-INICIAL="" PAGINA-FINAL="" LOCAL-DE-PUBLICACAO=""/><AUTORES NOME-COMPLETO-DO-AUTOR="Angelica Beatriz Garcia Pinto" NOME-PARA-CITACAO="PINTO, A. B. G." ORDEM-DE-AUTORIA="1" NRO-ID-CNPQ=""/><AUTORES NOME-COMPLETO-DO-AUTOR="Verônica Mattos" NOME-PARA-CITACAO="MATTOS, V." ORDEM-DE-AUTORIA="2" NRO-ID-CNPQ=""/><AUTORES NOME-COMPLETO-DO-AUTOR="Vinicius Rocha" NOME-PARA-CITACAO="ROCHA, V. N." ORDEM-DE-AUTORIA="3" NRO-ID-CNPQ=""/><AUTORES NOME-COMPLETO-DO-AUTOR="Jessica de Andrade Moraes Teixeira" NOME-PARA-CITACAO="Moraes-Teixeira, JA" ORDEM-DE-AUTORIA="4" NRO-ID-CNPQ="7943796043730961"/><AUTORES NOME-COMPLETO-DO-AUTOR="CARVALHO JJ" NOME-PARA-CITACAO="CARVALHO JJ" ORDEM-DE-AUTORIA="5" NRO-ID-CNPQ=""/><PALAVRAS-CHAVE PALAVRA-CHAVE-1="Rim" PALAVRA-CHAVE-2="Atividade Física" PALAVRA-CHAVE-3="" PALAVRA-CHAVE-4="" PALAVRA-CHAVE-5="" PALAVRA-CHAVE-6=""/><AREAS-DO-CONHECIMENTO><AREA-DO-CONHECIMENTO-1 NOME-GRANDE-AREA-DO-CONHECIMENTO="CIENCIAS_BIOLOGICAS" NOME-DA-AREA-DO-CONHECIMENTO="" NOME-DA-SUB-AREA-DO-CONHECIMENTO="" NOME-DA-ESPECIALIDADE=""/></AREAS-DO-CONHECIMENTO></ARTIGO-ACEITO-PARA-PUBLICACAO></ARTIGOS-ACEITOS-PARA-PUBLICACAO></PRODUCAO-BIBLIOGRAFICA><PRODUCAO-TECNICA><DEMAIS-TIPOS-DE-PRODUCAO-TECNICA><APRESENTACAO-DE-TRABALHO SEQUENCIA-PRODUCAO="30"><DADOS-BASICOS-DA-APRESENTACAO-DE-TRABALHO NATUREZA="SIMPOSIO" TITULO="XV Simpósio Docente - Metodologias ativas numa visão interdisciplinar" ANO="2016" PAIS="Brasil" IDIOMA="Português" FLAG-RELEVANCIA="NAO" DOI="" TITULO-INGLES="" FLAG-DIVULGACAO-CIENTIFICA="NAO"/><DETALHAMENTO-DA-APRESENTACAO-DE-TRABALHO NOME-DO-EVENTO="XV Simpósio Docente - Metodologias ativas numa visão interdisciplinar" INSTITUICAO-PROMOTORA="UNISUAM" LOCAL-DA-APRESENTACAO="UNISUAM" CIDADE-DA-APRESENTACAO="Rio de Janeiro" NOME-DO-EVENTO-INGLES=""/><AUTORES NOME-COMPLETO-DO-AUTOR="Jessica de Andrade Moraes Teixeira" NOME-PARA-CITACAO="Moraes-Teixeira, JA" ORDEM-DE-AUTORIA="1" NRO-ID-CNPQ="7943796043730961"/></APRESENTACAO-DE-TRABALHO><ORGANIZACAO-DE-EVENTO SEQUENCIA-PRODUCAO="26"><DADOS-BASICOS-DA-ORGANIZACAO-DE-EVENTO TIPO="OUTRO" NATUREZA="ORGANIZACAO" TITULO="Encontro científico discente dos programas de pós-graduação" ANO="2012" PAIS="Brasil" IDIOMA="Português" MEIO-DE-DIVULGACAO="VARIOS" HOME-PAGE-DO-TRABALHO="" FLAG-RELEVANCIA="NAO" DOI="" TITULO-INGLES="" FLAG-DIVULGACAO-CIENTIFICA="NAO"/><DETALHAMENTO-DA-ORGANIZACAO-DE-EVENTO INSTITUICAO-PROMOTORA="Universidade do Estado do Rio de Janeiro" DURACAO-EM-SEMANAS="" FLAG-EVENTO-ITINERANTE="N" FLAG-CATALOGO="" LOCAL="Rio de Janeiro" CIDADE="Rio de Janeiro"/><AUTORES NOME-COMPLETO-DO-AUTOR="Jessica de Andrade Moraes Teixeira" NOME-PARA-CITACAO="Moraes-Teixeira, JA" ORDEM-DE-AUTORIA="1" NRO-ID-CNPQ="7943796043730961"/></ORGANIZACAO-DE-EVENTO><ORGANIZACAO-DE-EVENTO SEQUENCIA-PRODUCAO="31"><DADOS-BASICOS-DA-ORGANIZACAO-DE-EVENTO TIPO="OUTRO" NATUREZA="ORGANIZACAO" TITULO="III Fórum de fisioterapia da UNISUAM - Fisioterapia e Inovação: Novas abordagens terapêuticas" ANO="2016" PAIS="Brasil" IDIOMA="Português" MEIO-DE-DIVULGACAO="NAO_INFORMADO" HOME-PAGE-DO-TRABALHO="" FLAG-RELEVANCIA="NAO" DOI="" TITULO-INGLES="" FLAG-DIVULGACAO-CIENTIFICA="NAO"/><DETALHAMENTO-DA-ORGANIZACAO-DE-EVENTO INSTITUICAO-PROMOTORA="UNISUAM" DURACAO-EM-SEMANAS="" FLAG-EVENTO-ITINERANTE="N" FLAG-CATALOGO="" LOCAL="UNISUAM - Rio de Janeiro" CIDADE="Rio de Janeiro"/><AUTORES NOME-COMPLETO-DO-AUTOR="Jessica de Andrade Moraes Teixeira" NOME-PARA-CITACAO="Moraes-Teixeira, JA" ORDEM-DE-AUTORIA="1" NRO-ID-CNPQ="7943796043730961"/></ORGANIZACAO-DE-EVENTO><ORGANIZACAO-DE-EVENTO SEQUENCIA-PRODUCAO="29"><DADOS-BASICOS-DA-ORGANIZACAO-DE-EVENTO TIPO="OUTRO" NATUREZA="ORGANIZACAO" TITULO="II FÓRUM DE FISIOTERAPIA DA UNISUAM - Fisioterapia: Atualidades e perspectivas de atuação." ANO="2015" PAIS="Brasil" IDIOMA="Português" MEIO-DE-DIVULGACAO="NAO_INFORMADO" HOME-PAGE-DO-TRABALHO="" FLAG-RELEVANCIA="NAO" DOI="" TITULO-INGLES="" FLAG-DIVULGACAO-CIENTIFICA="NAO"/><DETALHAMENTO-DA-ORGANIZACAO-DE-EVENTO INSTITUICAO-PROMOTORA="Centro Universitário Augusto Motta" DURACAO-EM-SEMANAS="" FLAG-EVENTO-ITINERANTE="N" FLAG-CATALOGO="" LOCAL="Rio de Janeiro" CIDADE="Rio de Janeiro"/><AUTORES NOME-COMPLETO-DO-AUTOR="Jessica de Andrade Moraes Teixeira" NOME-PARA-CITACAO="Moraes-Teixeira, JA" ORDEM-DE-AUTORIA="1" NRO-ID-CNPQ="7943796043730961"/></ORGANIZACAO-DE-EVENTO></DEMAIS-TIPOS-DE-PRODUCAO-TECNICA></PRODUCAO-TECNICA><DADOS-COMPLEMENTARES><FORMACAO-COMPLEMENTAR><FORMACAO-COMPLEMENTAR-CURSO-DE-CURTA-DURACAO SEQUENCIA-FORMACAO="6" NIVEL="F" CARGA-HORARIA="60" CODIGO-INSTITUICAO="000300000995" NOME-INSTITUICAO="Associação Brasileira de Medicina do Trabalho" CODIGO-ORGAO="" NOME-ORGAO="" CODIGO-CURSO="90000005" NOME-CURSO="Ergonomia" STATUS-DO-CURSO="CONCLUIDO" ANO-DE-INICIO="2005" ANO-DE-CONCLUSAO="2005" NOME-CURSO-INGLES=""/><FORMACAO-COMPLEMENTAR-CURSO-DE-CURTA-DURACAO SEQUENCIA-FORMACAO="9" NIVEL="F" CARGA-HORARIA="120" CODIGO-INSTITUICAO="000500000999" NOME-INSTITUICAO="Clínica Attivitá" CODIGO-ORGAO="" NOME-ORGAO="" CODIGO-CURSO="90000008" NOME-CURSO="Pilates" STATUS-DO-CURSO="CONCLUIDO" ANO-DE-INICIO="2006" ANO-DE-CONCLUSAO="2006" NOME-CURSO-INGLES=""/><FORMACAO-COMPLEMENTAR-CURSO-DE-CURTA-DURACAO SEQUENCIA-FORMACAO="7" NIVEL="F" CARGA-HORARIA="120" CODIGO-INSTITUICAO="000400000997" NOME-INSTITUICAO="Centro Científico e Cultural Brasileiro" CODIGO-ORGAO="" NOME-ORGAO="" CODIGO-CURSO="90000006" NOME-CURSO="RPG/RPM" STATUS-DO-CURSO="CONCLUIDO" ANO-DE-INICIO="2006" ANO-DE-CONCLUSAO="2006" NOME-CURSO-INGLES=""/><FORMACAO-COMPLEMENTAR-CURSO-DE-CURTA-DURACAO SEQUENCIA-FORMACAO="10" NIVEL="F" CARGA-HORARIA="60" CODIGO-INSTITUICAO="000600000990" NOME-INSTITUICAO="Clínica Atlas e Áxis" CODIGO-ORGAO="" NOME-ORGAO="" CODIGO-CURSO="90000009" NOME-CURSO="Dermato-Funcional" STATUS-DO-CURSO="CONCLUIDO" ANO-DE-INICIO="2008" ANO-DE-CONCLUSAO="2008" NOME-CURSO-INGLES=""/><FORMACAO-COMPLEMENTAR-CURSO-DE-CURTA-DURACAO SEQUENCIA-FORMACAO="14" NIVEL="F" CARGA-HORARIA="16" CODIGO-INSTITUICAO="001200000991" NOME-INSTITUICAO="Associação Brasileira de Crochetagem" CODIGO-ORGAO="" NOME-ORGAO="" CODIGO-CURSO="90000012" NOME-CURSO="Anatomia palpatória funcional" STATUS-DO-CURSO="CONCLUIDO" ANO-DE-INICIO="2016" ANO-DE-CONCLUSAO="2016" NOME-CURSO-INGLES=""/><FORMACAO-COMPLEMENTAR-CURSO-DE-CURTA-DURACAO SEQUENCIA-FORMACAO="5" NIVEL="F" CARGA-HORARIA="120" CODIGO-INSTITUICAO="000200000993" NOME-INSTITUICAO="SENAC" CODIGO-ORGAO="" NOME-ORGAO="" CODIGO-CURSO="90000004" NOME-CURSO="Drenagem Linfática Manual" STATUS-DO-CURSO="CONCLUIDO" ANO-DE-INICIO="2004" ANO-DE-CONCLUSAO="2004" NOME-CURSO-INGLES=""/><FORMACAO-COMPLEMENTAR-CURSO-DE-CURTA-DURACAO SEQUENCIA-FORMACAO="8" NIVEL="F" CARGA-HORARIA="60" CODIGO-INSTITUICAO="000500000999" NOME-INSTITUICAO="Clínica Attivitá" CODIGO-ORGAO="" NOME-ORGAO="" CODIGO-CURSO="90000007" NOME-CURSO="Shiatsu" STATUS-DO-CURSO="CONCLUIDO" ANO-DE-INICIO="2006" ANO-DE-CONCLUSAO="2006" NOME-CURSO-INGLES=""/><OUTROS SEQUENCIA-FORMACAO="15" NIVEL="Y" CARGA-HORARIA="40" CODIGO-INSTITUICAO="001300000993" NOME-INSTITUICAO="Centro Universitário Salesiano de São Paulo ? UNISAL ? Unidade Lorena" CODIGO-ORGAO="" NOME-ORGAO="" CODIGO-CURSO="90000013" NOME-CURSO="3ª Formação de Professores realizada pelo Consórcio STHEM Brasil" STATUS-DO-CURSO="CONCLUIDO" ANO-DE-INICIO="2016" ANO-DE-CONCLUSAO="2016" NOME-CURSO-INGLES=""/><formacoesComplementaresPlana/></FORMACAO-COMPLEMENTAR><PARTICIPACAO-EM-EVENTOS-CONGRESSOS><PARTICIPACAO-EM-CONGRESSO SEQUENCIA-PRODUCAO="19"><PARTICIPANTE-DE-EVENTOS-CONGRESSOS NOME-COMPLETO-DO-PARTICIPANTE-DE-EVENTOS-CONGRESSOS="Jessica de Andrade Moraes Teixeira" NOME-PARA-CITACAO-DO-PARTICIPANTE-DE-EVENTOS-CONGRESSOS="Moraes-Teixeira, JA" ORDEM-PARTICIPANTE="1" NRO-ID-CNPQ="7943796043730961"/><DADOS-BASICOS-DA-PARTICIPACAO-EM-CONGRESSO NATUREZA="Congresso" TITULO="Maternal High-fat and/or High-salt diet and glucose metobolism in mice offspring" ANO="2011" PAIS="Brasil" IDIOMA="" MEIO-DE-DIVULGACAO="NAO_INFORMADO" HOME-PAGE-DO-TRABALHO="" FLAG-RELEVANCIA="NAO" TIPO-PARTICIPACAO="Poster / Painel" FORMA-PARTICIPACAO="Participante" DOI="" TITULO-INGLES="Maternal High-fat and/or High-salt diet and glucose metobolism in mice offspring" FLAG-DIVULGACAO-CIENTIFICA="NAO"/><DETALHAMENTO-DA-PARTICIPACAO-EM-CONGRESSO NOME-DO-EVENTO="Fesbe" CODIGO-INSTITUICAO="" NOME-INSTITUICAO="" LOCAL-DO-EVENTO="" CIDADE-DO-EVENTO="Rio de Janeiro" NOME-DO-EVENTO-INGLES=""/></PARTICIPACAO-EM-CONGRESSO><PARTICIPACAO-EM-CONGRESSO SEQUENCIA-PRODUCAO="13"><PARTICIPANTE-DE-EVENTOS-CONGRESSOS NOME-COMPLETO-DO-PARTICIPANTE-DE-EVENTOS-CONGRESSOS="Jessica de Andrade Moraes Teixeira" NOME-PARA-CITACAO-DO-PARTICIPANTE-DE-EVENTOS-CONGRESSOS="Moraes-Teixeira, JA" ORDEM-PARTICIPANTE="1" NRO-ID-CNPQ="7943796043730961"/><DADOS-BASICOS-DA-PARTICIPACAO-EM-CONGRESSO NATUREZA="Congresso" TITULO="The decrease proteoglicans and increase elastin and fibrilin content in low-intensity physical activity in aorta from wistar-kyoto and spontaneously hypertensive rats." ANO="2009" PAIS="Brasil" IDIOMA="" MEIO-DE-DIVULGACAO="NAO_INFORMADO" HOME-PAGE-DO-TRABALHO="" FLAG-RELEVANCIA="NAO" TIPO-PARTICIPACAO="Poster / Painel" FORMA-PARTICIPACAO="Participante" DOI="" TITULO-INGLES="" FLAG-DIVULGACAO-CIENTIFICA="NAO"/><DETALHAMENTO-DA-PARTICIPACAO-EM-CONGRESSO NOME-DO-EVENTO="V International Symposium on Extracellular Matrix" CODIGO-INSTITUICAO="" NOME-INSTITUICAO="" LOCAL-DO-EVENTO="" CIDADE-DO-EVENTO="Armação dos Búzios" NOME-DO-EVENTO-INGLES=""/></PARTICIPACAO-EM-CONGRESSO><PARTICIPACAO-EM-CONGRESSO SEQUENCIA-PRODUCAO="11"><PARTICIPANTE-DE-EVENTOS-CONGRESSOS NOME-COMPLETO-DO-PARTICIPANTE-DE-EVENTOS-CONGRESSOS="Jessica de Andrade Moraes Teixeira" NOME-PARA-CITACAO-DO-PARTICIPANTE-DE-EVENTOS-CONGRESSOS="Moraes-Teixeira, JA" ORDEM-PARTICIPANTE="1" NRO-ID-CNPQ="7943796043730961"/><DADOS-BASICOS-DA-PARTICIPACAO-EM-CONGRESSO NATUREZA="Congresso" TITULO="Efeitos da Atividade Física Aeróbica de Baixa Intensidade na Estrutura das Tunicas Intima e Media da Aorta em Ratos Espontaneamente Hipertensos (SHR)." ANO="2008" PAIS="Brasil" IDIOMA="" MEIO-DE-DIVULGACAO="NAO_INFORMADO" HOME-PAGE-DO-TRABALHO="" FLAG-RELEVANCIA="NAO" TIPO-PARTICIPACAO="Poster / Painel" FORMA-PARTICIPACAO="Participante" DOI="" TITULO-INGLES="" FLAG-DIVULGACAO-CIENTIFICA="NAO"/><DETALHAMENTO-DA-PARTICIPACAO-EM-CONGRESSO NOME-DO-EVENTO="XVI Congresso Brasileiro de Hipertensão." CODIGO-INSTITUICAO="" NOME-INSTITUICAO="" LOCAL-DO-EVENTO="" CIDADE-DO-EVENTO="Rio de Janeiro" NOME-DO-EVENTO-INGLES=""/></PARTICIPACAO-EM-CONGRESSO><PARTICIPACAO-EM-CONGRESSO SEQUENCIA-PRODUCAO="12"><PARTICIPANTE-DE-EVENTOS-CONGRESSOS NOME-COMPLETO-DO-PARTICIPANTE-DE-EVENTOS-CONGRESSOS="Jessica de Andrade Moraes Teixeira" NOME-PARA-CITACAO-DO-PARTICIPANTE-DE-EVENTOS-CONGRESSOS="Moraes-Teixeira, JA" ORDEM-PARTICIPANTE="1" NRO-ID-CNPQ="7943796043730961"/><DADOS-BASICOS-DA-PARTICIPACAO-EM-CONGRESSO NATUREZA="Congresso" TITULO="The elastogenesis in aorta from spontaneously hypertensive rats subjected to low-intensity physical activity." ANO="2009" PAIS="Brasil" IDIOMA="" MEIO-DE-DIVULGACAO="NAO_INFORMADO" HOME-PAGE-DO-TRABALHO="" FLAG-RELEVANCIA="NAO" TIPO-PARTICIPACAO="Poster / Painel" FORMA-PARTICIPACAO="Participante" DOI="" TITULO-INGLES="" FLAG-DIVULGACAO-CIENTIFICA="NAO"/><DETALHAMENTO-DA-PARTICIPACAO-EM-CONGRESSO NOME-DO-EVENTO="XXII Congresso da Sociedade Brasileira de Microscopia e Microanálise" CODIGO-INSTITUICAO="" NOME-INSTITUICAO="" LOCAL-DO-EVENTO="" CIDADE-DO-EVENTO="Belo Horizonte" NOME-DO-EVENTO-INGLES=""/></PARTICIPACAO-EM-CONGRESSO><PARTICIPACAO-EM-CONGRESSO SEQUENCIA-PRODUCAO="14"><PARTICIPANTE-DE-EVENTOS-CONGRESSOS NOME-COMPLETO-DO-PARTICIPANTE-DE-EVENTOS-CONGRESSOS="Jessica de Andrade Moraes Teixeira" NOME-PARA-CITACAO-DO-PARTICIPANTE-DE-EVENTOS-CONGRESSOS="Moraes-Teixeira, JA" ORDEM-PARTICIPANTE="1" NRO-ID-CNPQ="7943796043730961"/><DADOS-BASICOS-DA-PARTICIPACAO-EM-CONGRESSO NATUREZA="Congresso" TITULO="Exercício físico de baixa intensidade aumenta o conteúdo de fibrilina e elastina na aorta de ratos wistar-kyoto e geneticamente hipertensos(SHR)." ANO="2009" PAIS="Brasil" IDIOMA="" MEIO-DE-DIVULGACAO="NAO_INFORMADO" HOME-PAGE-DO-TRABALHO="" FLAG-RELEVANCIA="NAO" TIPO-PARTICIPACAO="Poster / Painel" FORMA-PARTICIPACAO="Participante" DOI="" TITULO-INGLES="" FLAG-DIVULGACAO-CIENTIFICA="NAO"/><DETALHAMENTO-DA-PARTICIPACAO-EM-CONGRESSO NOME-DO-EVENTO="Inter-american Society of hypertension XVIIIth Scientific Sessions" CODIGO-INSTITUICAO="" NOME-INSTITUICAO="" LOCAL-DO-EVENTO="" CIDADE-DO-EVENTO="Belo Horizonte" NOME-DO-EVENTO-INGLES=""/></PARTICIPACAO-EM-CONGRESSO><PARTICIPACAO-EM-CONGRESSO SEQUENCIA-PRODUCAO="15"><PARTICIPANTE-DE-EVENTOS-CONGRESSOS NOME-COMPLETO-DO-PARTICIPANTE-DE-EVENTOS-CONGRESSOS="Jessica de Andrade Moraes Teixeira" NOME-PARA-CITACAO-DO-PARTICIPANTE-DE-EVENTOS-CONGRESSOS="Moraes-Teixeira, JA" ORDEM-PARTICIPANTE="1" NRO-ID-CNPQ="7943796043730961"/><DADOS-BASICOS-DA-PARTICIPACAO-EM-CONGRESSO NATUREZA="Congresso" TITULO="Beneficial effects of low-intensity exercise training on the aortic wall remodeling in spontaneously hypertensive rats." ANO="2010" PAIS="Alemanha" IDIOMA="" MEIO-DE-DIVULGACAO="NAO_INFORMADO" HOME-PAGE-DO-TRABALHO="" FLAG-RELEVANCIA="NAO" TIPO-PARTICIPACAO="Poster / Painel" FORMA-PARTICIPACAO="Participante" DOI="" TITULO-INGLES="" FLAG-DIVULGACAO-CIENTIFICA="NAO"/><DETALHAMENTO-DA-PARTICIPACAO-EM-CONGRESSO NOME-DO-EVENTO="3rd Intenational Conference on Hypertension, Lipids, Diabetes &amp;amp; Stroke Prevention" CODIGO-INSTITUICAO="" NOME-INSTITUICAO="" LOCAL-DO-EVENTO="" CIDADE-DO-EVENTO="Berlim" NOME-DO-EVENTO-INGLES=""/></PARTICIPACAO-EM-CONGRESSO><PARTICIPACAO-EM-SIMPOSIO SEQUENCIA-PRODUCAO="20"><PARTICIPANTE-DE-EVENTOS-CONGRESSOS NOME-COMPLETO-DO-PARTICIPANTE-DE-EVENTOS-CONGRESSOS="Jessica de Andrade Moraes Teixeira" NOME-PARA-CITACAO-DO-PARTICIPANTE-DE-EVENTOS-CONGRESSOS="Moraes-Teixeira, JA" ORDEM-PARTICIPANTE="1" NRO-ID-CNPQ="7943796043730961"/><DADOS-BASICOS-DA-PARTICIPACAO-EM-SIMPOSIO NATUREZA="Simpósio" TITULO="" ANO="2011" PAIS="Brasil" IDIOMA="" MEIO-DE-DIVULGACAO="NAO_INFORMADO" HOME-PAGE-DO-TRABALHO="" FLAG-RELEVANCIA="NAO" TIPO-PARTICIPACAO="" FORMA-PARTICIPACAO="Ouvinte" DOI="" TITULO-INGLES="" FLAG-DIVULGACAO-CIENTIFICA="NAO"/><DETALHAMENTO-DA-PARTICIPACAO-EM-SIMPOSIO NOME-DO-EVENTO="Simpósio Internacional Novas Fronteiras da Função Renal" CODIGO-INSTITUICAO="" NOME-INSTITUICAO="" LOCAL-DO-EVENTO="" CIDADE-DO-EVENTO="Rio de Janeiro" NOME-DO-EVENTO-INGLES=""/></PARTICIPACAO-EM-SIMPOSIO><PARTICIPACAO-EM-ENCONTRO SEQUENCIA-PRODUCAO="25"><PARTICIPANTE-DE-EVENTOS-CONGRESSOS NOME-COMPLETO-DO-PARTICIPANTE-DE-EVENTOS-CONGRESSOS="Jessica de Andrade Moraes Teixeira" NOME-PARA-CITACAO-DO-PARTICIPANTE-DE-EVENTOS-CONGRESSOS="Moraes-Teixeira, JA" ORDEM-PARTICIPANTE="1" NRO-ID-CNPQ="7943796043730961"/><DADOS-BASICOS-DA-PARTICIPACAO-EM-ENCONTRO NATUREZA="Encontro" TITULO="Efeitos precoce da dieta materna hiperssódica sobre o crescimento e fisiopatologia do pâncreas em camundongos C57BL/6 eto" ANO="2012" PAIS="Brasil" IDIOMA="" MEIO-DE-DIVULGACAO="NAO_INFORMADO" HOME-PAGE-DO-TRABALHO="" FLAG-RELEVANCIA="NAO" TIPO-PARTICIPACAO="Poster / Painel" FORMA-PARTICIPACAO="Participante" DOI="" TITULO-INGLES="Efeitos precoce da dieta materna hiperssódica sobre o crescimento e fisiopatologia do pâncreas em camundongos C57BL/6 eto" FLAG-DIVULGACAO-CIENTIFICA="NAO"/><DETALHAMENTO-DA-PARTICIPACAO-EM-ENCONTRO NOME-DO-EVENTO="Encontro Científico Discente dos Programas de Pós-Graduação" CODIGO-INSTITUICAO="" NOME-INSTITUICAO="" LOCAL-DO-EVENTO="" CIDADE-DO-EVENTO="Rio de Janeiro" NOME-DO-EVENTO-INGLES=""/></PARTICIPACAO-EM-ENCONTRO><OUTRAS-PARTICIPACOES-EM-EVENTOS-CONGRESSOS SEQUENCIA-PRODUCAO="32"><PARTICIPANTE-DE-EVENTOS-CONGRESSOS NOME-COMPLETO-DO-PARTICIPANTE-DE-EVENTOS-CONGRESSOS="Jessica de Andrade Moraes Teixeira" NOME-PARA-CITACAO-DO-PARTICIPANTE-DE-EVENTOS-CONGRESSOS="Moraes-Teixeira, JA" ORDEM-PARTICIPANTE="1" NRO-ID-CNPQ="7943796043730961"/><DADOS-BASICOS-DE-OUTRAS-PARTICIPACOES-EM-EVENTOS-CONGRESSOS NATUREZA="Outra" TITULO="Apresentação de caso clínico" ANO="2015" PAIS="Brasil" IDIOMA="" MEIO-DE-DIVULGACAO="NAO_INFORMADO" HOME-PAGE-DO-TRABALHO="" FLAG-RELEVANCIA="NAO" TIPO-PARTICIPACAO="Moderador" FORMA-PARTICIPACAO="Convidado" DOI="" TITULO-INGLES="Apresentação de caso clínico" FLAG-DIVULGACAO-CIENTIFICA="NAO"/><DETALHAMENTO-DE-OUTRAS-PARTICIPACOES-EM-EVENTOS-CONGRESSOS NOME-DO-EVENTO="II Fórum de fisioterapia da UNISUAM: Atualidades e perspectivas de atuação" CODIGO-INSTITUICAO="" NOME-INSTITUICAO="" LOCAL-DO-EVENTO="" CIDADE-DO-EVENTO="Rio de Janeiro" NOME-DO-EVENTO-INGLES=""/></OUTRAS-PARTICIPACOES-EM-EVENTOS-CONGRESSOS><OUTRAS-PARTICIPACOES-EM-EVENTOS-CONGRESSOS SEQUENCIA-PRODUCAO="33"><PARTICIPANTE-DE-EVENTOS-CONGRESSOS NOME-COMPLETO-DO-PARTICIPANTE-DE-EVENTOS-CONGRESSOS="Jessica de Andrade Moraes Teixeira" NOME-PARA-CITACAO-DO-PARTICIPANTE-DE-EVENTOS-CONGRESSOS="Moraes-Teixeira, JA" ORDEM-PARTICIPANTE="1" NRO-ID-CNPQ="7943796043730961"/><DADOS-BASICOS-DE-OUTRAS-PARTICIPACOES-EM-EVENTOS-CONGRESSOS NATUREZA="Outra" TITULO="Apresentação de casos clínicos 1, 2, 3 e 4" ANO="2016" PAIS="Brasil" IDIOMA="" MEIO-DE-DIVULGACAO="NAO_INFORMADO" HOME-PAGE-DO-TRABALHO="" FLAG-RELEVANCIA="NAO" TIPO-PARTICIPACAO="Moderador" FORMA-PARTICIPACAO="Convidado" DOI="" TITULO-INGLES="" FLAG-DIVULGACAO-CIENTIFICA="NAO"/><DETALHAMENTO-DE-OUTRAS-PARTICIPACOES-EM-EVENTOS-CONGRESSOS NOME-DO-EVENTO="III Fórum de fisioterapia da UNISUAM - Fisioterapia e Inovação: Novas abordagens terapêuticas" CODIGO-INSTITUICAO="" NOME-INSTITUICAO="" LOCAL-DO-EVENTO="" CIDADE-DO-EVENTO="Rio de Janeiro" NOME-DO-EVENTO-INGLES=""/></OUTRAS-PARTICIPACOES-EM-EVENTOS-CONGRESSOS><OUTRAS-PARTICIPACOES-EM-EVENTOS-CONGRESSOS SEQUENCIA-PRODUCAO="34"><PARTICIPANTE-DE-EVENTOS-CONGRESSOS NOME-COMPLETO-DO-PARTICIPANTE-DE-EVENTOS-CONGRESSOS="Jessica de Andrade Moraes Teixeira" NOME-PARA-CITACAO-DO-PARTICIPANTE-DE-EVENTOS-CONGRESSOS="Moraes-Teixeira, JA" ORDEM-PARTICIPANTE="1" NRO-ID-CNPQ="7943796043730961"/><DADOS-BASICOS-DE-OUTRAS-PARTICIPACOES-EM-EVENTOS-CONGRESSOS NATUREZA="Outra" TITULO="Orientando a aprendizagem e gerenciando resultados através do peer intruction com o auxílio do Socrative" ANO="2017" PAIS="Brasil" IDIOMA="" MEIO-DE-DIVULGACAO="NAO_INFORMADO" HOME-PAGE-DO-TRABALHO="" FLAG-RELEVANCIA="NAO" TIPO-PARTICIPACAO="Poster / Painel" FORMA-PARTICIPACAO="Participante" DOI="" TITULO-INGLES="" FLAG-DIVULGACAO-CIENTIFICA="NAO"/><DETALHAMENTO-DE-OUTRAS-PARTICIPACOES-EM-EVENTOS-CONGRESSOS NOME-DO-EVENTO="III Fórum Sthem Brasil: Encontro Internacional sobre Inovação Acadêmica e Aprendizagem Ativa" CODIGO-INSTITUICAO="" NOME-INSTITUICAO="" LOCAL-DO-EVENTO="" CIDADE-DO-EVENTO="Maringá" NOME-DO-EVENTO-INGLES=""/></OUTRAS-PARTICIPACOES-EM-EVENTOS-CONGRESSOS><OUTRAS-PARTICIPACOES-EM-EVENTOS-CONGRESSOS SEQUENCIA-PRODUCAO="21"><PARTICIPANTE-DE-EVENTOS-CONGRESSOS NOME-COMPLETO-DO-PARTICIPANTE-DE-EVENTOS-CONGRESSOS="Jessica de Andrade Moraes Teixeira" NOME-PARA-CITACAO-DO-PARTICIPANTE-DE-EVENTOS-CONGRESSOS="Moraes-Teixeira, JA" ORDEM-PARTICIPANTE="1" NRO-ID-CNPQ="7943796043730961"/><DADOS-BASICOS-DE-OUTRAS-PARTICIPACOES-EM-EVENTOS-CONGRESSOS NATUREZA="Outra" TITULO="" ANO="2011" PAIS="Brasil" IDIOMA="" MEIO-DE-DIVULGACAO="NAO_INFORMADO" HOME-PAGE-DO-TRABALHO="" FLAG-RELEVANCIA="NAO" TIPO-PARTICIPACAO="" FORMA-PARTICIPACAO="Ouvinte" DOI="" TITULO-INGLES="" FLAG-DIVULGACAO-CIENTIFICA="NAO"/><DETALHAMENTO-DE-OUTRAS-PARTICIPACOES-EM-EVENTOS-CONGRESSOS NOME-DO-EVENTO="Avanços Tecnológicos da Biologia Molecular e PCR - em Tempo Real e Sequenciamentos" CODIGO-INSTITUICAO="" NOME-INSTITUICAO="" LOCAL-DO-EVENTO="" CIDADE-DO-EVENTO="Rio de Janeiro" NOME-DO-EVENTO-INGLES=""/></OUTRAS-PARTICIPACOES-EM-EVENTOS-CONGRESSOS><OUTRAS-PARTICIPACOES-EM-EVENTOS-CONGRESSOS SEQUENCIA-PRODUCAO="24"><PARTICIPANTE-DE-EVENTOS-CONGRESSOS NOME-COMPLETO-DO-PARTICIPANTE-DE-EVENTOS-CONGRESSOS="Jessica de Andrade Moraes Teixeira" NOME-PARA-CITACAO-DO-PARTICIPANTE-DE-EVENTOS-CONGRESSOS="Moraes-Teixeira, JA" ORDEM-PARTICIPANTE="1" NRO-ID-CNPQ="7943796043730961"/><DADOS-BASICOS-DE-OUTRAS-PARTICIPACOES-EM-EVENTOS-CONGRESSOS NATUREZA="Outra" TITULO="" ANO="2012" PAIS="Brasil" IDIOMA="" MEIO-DE-DIVULGACAO="NAO_INFORMADO" HOME-PAGE-DO-TRABALHO="" FLAG-RELEVANCIA="NAO" TIPO-PARTICIPACAO="" FORMA-PARTICIPACAO="Ouvinte" DOI="" TITULO-INGLES="" FLAG-DIVULGACAO-CIENTIFICA="NAO"/><DETALHAMENTO-DE-OUTRAS-PARTICIPACOES-EM-EVENTOS-CONGRESSOS NOME-DO-EVENTO="Workshop em nutrição, metabolismo e reprodução" CODIGO-INSTITUICAO="" NOME-INSTITUICAO="" LOCAL-DO-EVENTO="" CIDADE-DO-EVENTO="Rio de Janeiro" NOME-DO-EVENTO-INGLES=""/></OUTRAS-PARTICIPACOES-EM-EVENTOS-CONGRESSOS></PARTICIPACAO-EM-EVENTOS-CONGRESSOS><INFORMACOES-ADICIONAIS-INSTITUICOES><INFORMACAO-ADICIONAL-INSTITUICAO CODIGO-INSTITUICAO="000100000991" SIGLA-INSTITUICAO="FRASCE" SIGLA-UF-INSTITUICAO="RJ" SIGLA-PAIS-INSTITUICAO="BRA" NOME-PAIS-INSTITUICAO="Brasil" FLAG-AGENCIA-FOMENTO="NAO" FLAG-INSTITUICAO-DE-ENSINO="NAO"/><INFORMACAO-ADICIONAL-INSTITUICAO CODIGO-INSTITUICAO="000200000993" SIGLA-INSTITUICAO="SENAC" SIGLA-UF-INSTITUICAO="RJ" SIGLA-PAIS-INSTITUICAO="BRA" NOME-PAIS-INSTITUICAO="Brasil" FLAG-AGENCIA-FOMENTO="NAO" FLAG-INSTITUICAO-DE-ENSINO="NAO"/><INFORMACAO-ADICIONAL-INSTITUICAO CODIGO-INSTITUICAO="000300000995" SIGLA-INSTITUICAO="ABMT" SIGLA-UF-INSTITUICAO="RJ" SIGLA-PAIS-INSTITUICAO="BRA" NOME-PAIS-INSTITUICAO="Brasil" FLAG-AGENCIA-FOMENTO="NAO" FLAG-INSTITUICAO-DE-ENSINO="NAO"/><INFORMACAO-ADICIONAL-INSTITUICAO CODIGO-INSTITUICAO="000400000997" SIGLA-INSTITUICAO="CBF" SIGLA-UF-INSTITUICAO="RJ" SIGLA-PAIS-INSTITUICAO="BRA" NOME-PAIS-INSTITUICAO="Brasil" FLAG-AGENCIA-FOMENTO="NAO" FLAG-INSTITUICAO-DE-ENSINO="NAO"/><INFORMACAO-ADICIONAL-INSTITUICAO CODIGO-INSTITUICAO="000500000999" SIGLA-INSTITUICAO="CLÍNICA ATTIVITÁ" SIGLA-UF-INSTITUICAO="RJ" SIGLA-PAIS-INSTITUICAO="BRA" NOME-PAIS-INSTITUICAO="Brasil" FLAG-AGENCIA-FOMENTO="SIM" FLAG-INSTITUICAO-DE-ENSINO="NAO"/><INFORMACAO-ADICIONAL-INSTITUICAO CODIGO-INSTITUICAO="000600000990" SIGLA-INSTITUICAO="CLÍNICA ATLAS E" SIGLA-UF-INSTITUICAO="RJ" SIGLA-PAIS-INSTITUICAO="BRA" NOME-PAIS-INSTITUICAO="Brasil" FLAG-AGENCIA-FOMENTO="NAO" FLAG-INSTITUICAO-DE-ENSINO="NAO"/><INFORMACAO-ADICIONAL-INSTITUICAO CODIGO-INSTITUICAO="000700000992" SIGLA-INSTITUICAO="VC" SIGLA-UF-INSTITUICAO="RJ" SIGLA-PAIS-INSTITUICAO="BRA" NOME-PAIS-INSTITUICAO="Brasil" FLAG-AGENCIA-FOMENTO="NAO" FLAG-INSTITUICAO-DE-ENSINO="NAO"/><INFORMACAO-ADICIONAL-INSTITUICAO CODIGO-INSTITUICAO="000800000994" SIGLA-INSTITUICAO="LRC" SIGLA-UF-INSTITUICAO="RJ" SIGLA-PAIS-INSTITUICAO="BRA" NOME-PAIS-INSTITUICAO="Brasil" FLAG-AGENCIA-FOMENTO="NAO" FLAG-INSTITUICAO-DE-ENSINO="NAO"/><INFORMACAO-ADICIONAL-INSTITUICAO CODIGO-INSTITUICAO="000900000996" SIGLA-INSTITUICAO="FISIOVIDA" SIGLA-UF-INSTITUICAO="RJ" SIGLA-PAIS-INSTITUICAO="BRA" NOME-PAIS-INSTITUICAO="Brasil" FLAG-AGENCIA-FOMENTO="NAO" FLAG-INSTITUICAO-DE-ENSINO="NAO"/><INFORMACAO-ADICIONAL-INSTITUICAO CODIGO-INSTITUICAO="001000000998" SIGLA-INSTITUICAO="TIJUTRAUMA" SIGLA-UF-INSTITUICAO="RJ" SIGLA-PAIS-INSTITUICAO="BRA" NOME-PAIS-INSTITUICAO="Brasil" FLAG-AGENCIA-FOMENTO="NAO" FLAG-INSTITUICAO-DE-ENSINO="NAO"/><INFORMACAO-ADICIONAL-INSTITUICAO CODIGO-INSTITUICAO="001100000990" SIGLA-INSTITUICAO="CLIMOBAL" SIGLA-UF-INSTITUICAO="RJ" SIGLA-PAIS-INSTITUICAO="BRA" NOME-PAIS-INSTITUICAO="Brasil" FLAG-AGENCIA-FOMENTO="NAO" FLAG-INSTITUICAO-DE-ENSINO="NAO"/><INFORMACAO-ADICIONAL-INSTITUICAO CODIGO-INSTITUICAO="001200000991" SIGLA-INSTITUICAO="AB CROCH 001" SIGLA-UF-INSTITUICAO="RJ" SIGLA-PAIS-INSTITUICAO="BRA" NOME-PAIS-INSTITUICAO="Brasil" FLAG-AGENCIA-FOMENTO="NAO" FLAG-INSTITUICAO-DE-ENSINO="NAO"/><INFORMACAO-ADICIONAL-INSTITUICAO CODIGO-INSTITUICAO="001300000993" SIGLA-INSTITUICAO="UNISAL" SIGLA-UF-INSTITUICAO="SP" SIGLA-PAIS-INSTITUICAO="BRA" NOME-PAIS-INSTITUICAO="Brasil" FLAG-AGENCIA-FOMENTO="NAO" FLAG-INSTITUICAO-DE-ENSINO="NAO"/><INFORMACAO-ADICIONAL-INSTITUICAO CODIGO-INSTITUICAO="001400000995" SIGLA-INSTITUICAO="UNISAL" SIGLA-UF-INSTITUICAO="SP" SIGLA-PAIS-INSTITUICAO="BRA" NOME-PAIS-INSTITUICAO="Brasil" FLAG-AGENCIA-FOMENTO="NAO" FLAG-INSTITUICAO-DE-ENSINO="NAO"/><INFORMACAO-ADICIONAL-INSTITUICAO CODIGO-INSTITUICAO="002200000000" SIGLA-INSTITUICAO="CNPq" SIGLA-UF-INSTITUICAO="DF" SIGLA-PAIS-INSTITUICAO="BRA" NOME-PAIS-INSTITUICAO="Brasil" FLAG-AGENCIA-FOMENTO="SIM" FLAG-INSTITUICAO-DE-ENSINO="SIM"/><INFORMACAO-ADICIONAL-INSTITUICAO CODIGO-INSTITUICAO="020200000009" SIGLA-INSTITUICAO="UFRJ" SIGLA-UF-INSTITUICAO="RJ" SIGLA-PAIS-INSTITUICAO="BRA" NOME-PAIS-INSTITUICAO="Brasil" FLAG-AGENCIA-FOMENTO="NAO" FLAG-INSTITUICAO-DE-ENSINO="SIM"/><INFORMACAO-ADICIONAL-INSTITUICAO CODIGO-INSTITUICAO="032600000000" SIGLA-INSTITUICAO="UERJ" SIGLA-UF-INSTITUICAO="RJ" SIGLA-PAIS-INSTITUICAO="BRA" NOME-PAIS-INSTITUICAO="Brasil" FLAG-AGENCIA-FOMENTO="NAO" FLAG-INSTITUICAO-DE-ENSINO="SIM"/><INFORMACAO-ADICIONAL-INSTITUICAO CODIGO-INSTITUICAO="045000000000" SIGLA-INSTITUICAO="CAPES" SIGLA-UF-INSTITUICAO="DF" SIGLA-PAIS-INSTITUICAO="BRA" NOME-PAIS-INSTITUICAO="Brasil" FLAG-AGENCIA-FOMENTO="SIM" FLAG-INSTITUICAO-DE-ENSINO="SIM"/><INFORMACAO-ADICIONAL-INSTITUICAO CODIGO-INSTITUICAO="192200000002" SIGLA-INSTITUICAO="IBMR" SIGLA-UF-INSTITUICAO="RJ" SIGLA-PAIS-INSTITUICAO="BRA" NOME-PAIS-INSTITUICAO="Brasil" FLAG-AGENCIA-FOMENTO="NAO" FLAG-INSTITUICAO-DE-ENSINO="NAO"/><INFORMACAO-ADICIONAL-INSTITUICAO CODIGO-INSTITUICAO="201900000008" SIGLA-INSTITUICAO="UNISUAM" SIGLA-UF-INSTITUICAO="RJ" SIGLA-PAIS-INSTITUICAO="BRA" NOME-PAIS-INSTITUICAO="Brasil" FLAG-AGENCIA-FOMENTO="NAO" FLAG-INSTITUICAO-DE-ENSINO="SIM"/></INFORMACOES-ADICIONAIS-INSTITUICOES><INFORMACOES-ADICIONAIS-CURSOS><INFORMACAO-ADICIONAL-CURSO CODIGO-CURSO="31030173" CODIGO-ORGAO="" NOME-ORGAO="" CODIGO-INSTITUICAO="032600000000" NOME-INSTITUICAO="Universidade do Estado do Rio de Janeiro" NOME-GRANDE-AREA-DO-CONHECIMENTO="CIENCIAS_BIOLOGICAS" NOME-DA-AREA-DO-CONHECIMENTO="Morfologia" NOME-DA-SUB-AREA-DO-CONHECIMENTO="" NOME-DA-ESPECIALIDADE="" NIVEL-CURSO="MESTRADO_DOUTORADO"/><INFORMACAO-ADICIONAL-CURSO CODIGO-CURSO="31030173" CODIGO-ORGAO="" NOME-ORGAO="" CODIGO-INSTITUICAO="032600000000" NOME-INSTITUICAO="Universidade do Estado do Rio de Janeiro" NOME-GRANDE-AREA-DO-CONHECIMENTO="CIENCIAS_BIOLOGICAS" NOME-DA-AREA-DO-CONHECIMENTO="Morfologia" NOME-DA-SUB-AREA-DO-CONHECIMENTO="" NOME-DA-ESPECIALIDADE="" NIVEL-CURSO="MESTRADO_DOUTORADO"/><INFORMACAO-ADICIONAL-CURSO CODIGO-CURSO="90000001" CODIGO-ORGAO="" NOME-ORGAO="" CODIGO-INSTITUICAO="000100000991" NOME-INSTITUICAO="Faculdade de Reabilitação da Associação de Crianças Excepicionais" NOME-GRANDE-AREA-DO-CONHECIMENTO="CIENCIAS_DA_SAUDE" NOME-DA-AREA-DO-CONHECIMENTO="Fisioterapia e Terapia Ocupacional" NOME-DA-SUB-AREA-DO-CONHECIMENTO="" NOME-DA-ESPECIALIDADE="" NIVEL-CURSO="GRADUACAO"/><INFORMACAO-ADICIONAL-CURSO CODIGO-CURSO="90000002" CODIGO-ORGAO="" NOME-ORGAO="" CODIGO-INSTITUICAO="192200000002" NOME-INSTITUICAO="Instituto Brasileiro de Medicina de Reabilitação" NOME-GRANDE-AREA-DO-CONHECIMENTO="OUTROS" NOME-DA-AREA-DO-CONHECIMENTO="" NOME-DA-SUB-AREA-DO-CONHECIMENTO="" NOME-DA-ESPECIALIDADE="" NIVEL-CURSO="ESPECIALIZACAO"/><INFORMACAO-ADICIONAL-CURSO CODIGO-CURSO="90000003" CODIGO-ORGAO="" NOME-ORGAO="" CODIGO-INSTITUICAO="020200000009" NOME-INSTITUICAO="Universidade Federal do Rio de Janeiro" NOME-GRANDE-AREA-DO-CONHECIMENTO="CIENCIAS_DA_SAUDE" NOME-DA-AREA-DO-CONHECIMENTO="Fisioterapia e Terapia Ocupacional" NOME-DA-SUB-AREA-DO-CONHECIMENTO="" NOME-DA-ESPECIALIDADE="" NIVEL-CURSO="APERFEICOAMENTO"/><INFORMACAO-ADICIONAL-CURSO CODIGO-CURSO="90000004" CODIGO-ORGAO="" NOME-ORGAO="" CODIGO-INSTITUICAO="000200000993" NOME-INSTITUICAO="SENAC" NOME-GRANDE-AREA-DO-CONHECIMENTO="CIENCIAS_DA_SAUDE" NOME-DA-AREA-DO-CONHECIMENTO="Fisioterapia e Terapia Ocupacional" NOME-DA-SUB-AREA-DO-CONHECIMENTO="" NOME-DA-ESPECIALIDADE="" NIVEL-CURSO="CURSO_DE_CURTA_DURACAO"/><INFORMACAO-ADICIONAL-CURSO CODIGO-CURSO="90000005" CODIGO-ORGAO="" NOME-ORGAO="" CODIGO-INSTITUICAO="000300000995" NOME-INSTITUICAO="Associação Brasileira de Medicina do Trabalho" NOME-GRANDE-AREA-DO-CONHECIMENTO="CIENCIAS_DA_SAUDE" NOME-DA-AREA-DO-CONHECIMENTO="Fisioterapia e Terapia Ocupacional" NOME-DA-SUB-AREA-DO-CONHECIMENTO="" NOME-DA-ESPECIALIDADE="" NIVEL-CURSO="CURSO_DE_CURTA_DURACAO"/><INFORMACAO-ADICIONAL-CURSO CODIGO-CURSO="90000006" CODIGO-ORGAO="" NOME-ORGAO="" CODIGO-INSTITUICAO="000400000997" NOME-INSTITUICAO="Centro Científico e Cultural Brasileiro" NOME-GRANDE-AREA-DO-CONHECIMENTO="CIENCIAS_DA_SAUDE" NOME-DA-AREA-DO-CONHECIMENTO="Fisioterapia e Terapia Ocupacional" NOME-DA-SUB-AREA-DO-CONHECIMENTO="" NOME-DA-ESPECIALIDADE="" NIVEL-CURSO="CURSO_DE_CURTA_DURACAO"/><INFORMACAO-ADICIONAL-CURSO CODIGO-CURSO="90000007" CODIGO-ORGAO="" NOME-ORGAO="" CODIGO-INSTITUICAO="000500000999" NOME-INSTITUICAO="Clínica Attivitá" NOME-GRANDE-AREA-DO-CONHECIMENTO="CIENCIAS_DA_SAUDE" NOME-DA-AREA-DO-CONHECIMENTO="Fisioterapia e Terapia Ocupacional" NOME-DA-SUB-AREA-DO-CONHECIMENTO="" NOME-DA-ESPECIALIDADE="" NIVEL-CURSO="CURSO_DE_CURTA_DURACAO"/><INFORMACAO-ADICIONAL-CURSO CODIGO-CURSO="90000008" CODIGO-ORGAO="" NOME-ORGAO="" CODIGO-INSTITUICAO="000500000999" NOME-INSTITUICAO="Clínica Attivitá" NOME-GRANDE-AREA-DO-CONHECIMENTO="CIENCIAS_DA_SAUDE" NOME-DA-AREA-DO-CONHECIMENTO="Fisioterapia e Terapia Ocupacional" NOME-DA-SUB-AREA-DO-CONHECIMENTO="" NOME-DA-ESPECIALIDADE="" NIVEL-CURSO="CURSO_DE_CURTA_DURACAO"/><INFORMACAO-ADICIONAL-CURSO CODIGO-CURSO="90000009" CODIGO-ORGAO="" NOME-ORGAO="" CODIGO-INSTITUICAO="000600000990" NOME-INSTITUICAO="Clínica Atlas e Áxis" NOME-GRANDE-AREA-DO-CONHECIMENTO="CIENCIAS_DA_SAUDE" NOME-DA-AREA-DO-CONHECIMENTO="Fisioterapia e Terapia Ocupacional" NOME-DA-SUB-AREA-DO-CONHECIMENTO="" NOME-DA-ESPECIALIDADE="" NIVEL-CURSO="CURSO_DE_CURTA_DURACAO"/><INFORMACAO-ADICIONAL-CURSO CODIGO-CURSO="90000010" CODIGO-ORGAO="" NOME-ORGAO="" CODIGO-INSTITUICAO="201900000008" NOME-INSTITUICAO="Centro Universitário Augusto Motta" NOME-GRANDE-AREA-DO-CONHECIMENTO="CIENCIAS_DA_SAUDE" NOME-DA-AREA-DO-CONHECIMENTO="Fisioterapia e Terapia Ocupacional" NOME-DA-SUB-AREA-DO-CONHECIMENTO="" NOME-DA-ESPECIALIDADE="" NIVEL-CURSO="APERFEICOAMENTO"/><INFORMACAO-ADICIONAL-CURSO CODIGO-CURSO="90000011" CODIGO-ORGAO="" NOME-ORGAO="" CODIGO-INSTITUICAO="001200000991" NOME-INSTITUICAO="Associação Brasileira de Crochetagem" NOME-GRANDE-AREA-DO-CONHECIMENTO="CIENCIAS_DA_SAUDE" NOME-DA-AREA-DO-CONHECIMENTO="Fisioterapia e Terapia Ocupacional" NOME-DA-SUB-AREA-DO-CONHECIMENTO="" NOME-DA-ESPECIALIDADE="" NIVEL-CURSO="CURSO_DE_CURTA_DURACAO"/><INFORMACAO-ADICIONAL-CURSO CODIGO-CURSO="90000012" CODIGO-ORGAO="" NOME-ORGAO="" CODIGO-INSTITUICAO="001200000991" NOME-INSTITUICAO="Associação Brasileira de Crochetagem" NOME-GRANDE-AREA-DO-CONHECIMENTO="CIENCIAS_DA_SAUDE" NOME-DA-AREA-DO-CONHECIMENTO="Fisioterapia e Terapia Ocupacional" NOME-DA-SUB-AREA-DO-CONHECIMENTO="" NOME-DA-ESPECIALIDADE="" NIVEL-CURSO="CURSO_DE_CURTA_DURACAO"/><INFORMACAO-ADICIONAL-CURSO CODIGO-CURSO="90000013" CODIGO-ORGAO="" NOME-ORGAO="" CODIGO-INSTITUICAO="001300000993" NOME-INSTITUICAO="Centro Universitário Salesiano de São Paulo ? UNISAL ? Unidade Lorena" NOME-GRANDE-AREA-DO-CONHECIMENTO="CIENCIAS_HUMANAS" NOME-DA-AREA-DO-CONHECIMENTO="Educação" NOME-DA-SUB-AREA-DO-CONHECIMENTO="" NOME-DA-ESPECIALIDADE="" NIVEL-CURSO="OT"/></INFORMACOES-ADICIONAIS-CURSOS></DADOS-COMPLEMENTARES><eventos/></CURRICULO-VITAE>