<CURRICULO-VITAE SISTEMA-ORIGEM-XML="LATTES_OFFLINE" NUMERO-IDENTIFICADOR="2511574262172607" FORMATO-DATA-ATUALIZACAO="DDMMAAAA" DATA-ATUALIZACAO="04012017" FORMATO-HORA-ATUALIZACAO="HHMMSS" HORA-ATUALIZACAO="224028"><DADOS-GERAIS NOME-COMPLETO="Fabiane de Melo Barbosa" NOME-EM-CITACOES-BIBLIOGRAFICAS="BARBOSA, F. M." NACIONALIDADE="B" PAIS-DE-NASCIMENTO="Brasil" FORMATO-DATA-DE-NASCIMENTO="DDMMAAAA" FORMATO-DATA-DE-EMISSAO="DDMMAAAA" PERMISSAO-DE-DIVULGACAO="NAO" DATA-FALECIMENTO="" SIGLA-PAIS-NACIONALIDADE="BRA" PAIS-DE-NACIONALIDADE="Brasil"><RESUMO-CV TEXTO-RESUMO-CV-RH="possui graduação em Farmácia pela Universidade Federal do Rio de Janeiro (2003), mestrado em Ciências (Microbiologia) pela Universidade Federal do Rio de Janeiro (2005) e doutorado em Ciências (Microbiologia) pela Universidade Federal do Rio de Janeiro (2009) ." TEXTO-RESUMO-CV-RH-EN="graduate at Farmácia from Universidade Federal do Rio de Janeiro (2003), master's at Microbiology from Universidade Federal do Rio de Janeiro (2005) and ph.d. at Microbiology from Universidade Federal do Rio de Janeiro (2009). Has experience in Pharmacy, focusing on Pharmacy, acting on the following subjects: cryptococcus neoformans and peptídeo antimicrobiano."/><ENDERECO FLAG-DE-PREFERENCIA="ENDERECO_INSTITUCIONAL"><ENDERECO-PROFISSIONAL CODIGO-INSTITUICAO-EMPRESA="020200000009" NOME-INSTITUICAO-EMPRESA="Universidade Federal do Rio de Janeiro" CODIGO-ORGAO="020211000005" NOME-ORGAO="Instituto de Microbiologia Prof. Paulo de Góes" CODIGO-UNIDADE="020211001001" NOME-UNIDADE="Departamento de Microbiologia Geral" LOGRADOURO-COMPLEMENTO="CCS-Bloco I- subsolo" PAIS="Brasil" UF="RJ" CEP="21941590" CIDADE="Rio de Janeiro" BAIRRO="Ilha do Fundão" DDD="21" TELEFONE="25626710" RAMAL="" FAX="" E-MAIL="fabianembcosta@gmail.com" HOME-PAGE="http://www.ufrj.br"/></ENDERECO><FORMACAO-ACADEMICA-TITULACAO><GRADUACAO SEQUENCIA-FORMACAO="3" NIVEL="1" TITULO-DO-TRABALHO-DE-CONCLUSAO-DE-CURSO="" NOME-DO-ORIENTADOR="" CODIGO-INSTITUICAO="020200000009" NOME-INSTITUICAO="Universidade Federal do Rio de Janeiro" CODIGO-ORGAO="" NOME-ORGAO="" CODIGO-CURSO="90000001" NOME-CURSO="Farmácia" CODIGO-AREA-CURSO="90000001" STATUS-DO-CURSO="CONCLUIDO" ANO-DE-INICIO="2000" ANO-DE-CONCLUSAO="2003" FLAG-BOLSA="SIM" CODIGO-AGENCIA-FINANCIADORA="002200000000" NOME-AGENCIA="Conselho Nacional de Desenvolvimento Científico e Tecnológico" NUMERO-ID-ORIENTADOR="" CODIGO-CURSO-CAPES="" TITULO-DO-TRABALHO-DE-CONCLUSAO-DE-CURSO-INGLES="" NOME-CURSO-INGLES="" FORMACAO-ACADEMICA-TITULACAO="" TIPO-GRADUACAO="" CODIGO-INSTITUICAO-GRAD="" NOME-INSTITUICAO-GRAD="" CODIGO-INSTITUICAO-OUTRA-GRAD="" NOME-INSTITUICAO-OUTRA-GRAD="" NOME-ORIENTADOR-GRAD=""/><ESPECIALIZACAO SEQUENCIA-FORMACAO="4" NIVEL="2" TITULO-DA-MONOGRAFIA="sem monografia" NOME-DO-ORIENTADOR="" CODIGO-INSTITUICAO="020200000009" NOME-INSTITUICAO="Universidade Federal do Rio de Janeiro" CODIGO-ORGAO="" NOME-ORGAO="" CODIGO-CURSO="90000004" NOME-CURSO="Análises Clínicas" STATUS-DO-CURSO="CONCLUIDO" ANO-DE-INICIO="2003" ANO-DE-CONCLUSAO="2005" FLAG-BOLSA="NAO" CODIGO-AGENCIA-FINANCIADORA="" NOME-AGENCIA="" CARGA-HORARIA="" TITULO-DA-MONOGRAFIA-INGLES="" NOME-CURSO-INGLES=""/><MESTRADO SEQUENCIA-FORMACAO="5" NIVEL="3" CODIGO-INSTITUICAO="020200000009" NOME-INSTITUICAO="Universidade Federal do Rio de Janeiro" CODIGO-ORGAO="" NOME-ORGAO="" CODIGO-CURSO="31000177" NOME-CURSO="Ciências (Microbiologia)" CODIGO-AREA-CURSO="21200009" STATUS-DO-CURSO="CONCLUIDO" ANO-DE-INICIO="2004" ANO-DE-CONCLUSAO="2005" FLAG-BOLSA="SIM" CODIGO-AGENCIA-FINANCIADORA="045000000000" NOME-AGENCIA="Coordenação de Aperfeiçoamento de Pessoal de Nível Superior" ANO-DE-OBTENCAO-DO-TITULO="2005" TITULO-DA-DISSERTACAO-TESE="Estruturas de superfície de Cryptococcus neoformans: envolvimento na interação com estruturas do hospedeiro e peptídeos antimicrobianos" NOME-COMPLETO-DO-ORIENTADOR="Marcio L. Rodrigues" TIPO-MESTRADO="" NUMERO-ID-ORIENTADOR="" CODIGO-CURSO-CAPES="31001017017P8" TITULO-DA-DISSERTACAO-TESE-INGLES="" NOME-CURSO-INGLES="Microbiology" NOME-DO-CO-ORIENTADOR="" CODIGO-INSTITUICAO-DOUT="" NOME-INSTITUICAO-DOUT="" CODIGO-INSTITUICAO-OUTRA-DOUT="" NOME-INSTITUICAO-OUTRA-DOUT="" NOME-ORIENTADOR-DOUT=""><PALAVRAS-CHAVE PALAVRA-CHAVE-1="glucuronoxilomanana" PALAVRA-CHAVE-2="Estruturas de superfície" PALAVRA-CHAVE-3="Peptídeo antimicrobiano" PALAVRA-CHAVE-4="Cryptococcus neoformans" PALAVRA-CHAVE-5="" PALAVRA-CHAVE-6=""/><conceitoCapes/></MESTRADO><DOUTORADO SEQUENCIA-FORMACAO="6" NIVEL="4" CODIGO-INSTITUICAO="020200000009" NOME-INSTITUICAO="Universidade Federal do Rio de Janeiro" CODIGO-ORGAO="" NOME-ORGAO="" CODIGO-CURSO="31000177" NOME-CURSO="Ciências (Microbiologia)" CODIGO-AREA-CURSO="21200009" STATUS-DO-CURSO="CONCLUIDO" ANO-DE-INICIO="2005" ANO-DE-CONCLUSAO="2009" FLAG-BOLSA="NAO" CODIGO-AGENCIA-FINANCIADORA="" NOME-AGENCIA="" ANO-DE-OBTENCAO-DO-TITULO="2009" TITULO-DA-DISSERTACAO-TESE="Novos aspectos sobre o polissacarídeo capsular majoritário do Cryptococcus neoformans: modulação de sua expressão por um peptídeo antimicrobiano e envolvimento na interação com células epiteliais" NOME-COMPLETO-DO-ORIENTADOR="Marcio L. Rodrigues, Leonardo Nimrichter" TIPO-DOUTORADO="N" CODIGO-INSTITUICAO-DOUT="" NOME-INSTITUICAO-DOUT="" CODIGO-INSTITUICAO-OUTRA-DOUT="" NOME-INSTITUICAO-OUTRA-DOUT="" NOME-ORIENTADOR-DOUT="" NUMERO-ID-ORIENTADOR="" CODIGO-CURSO-CAPES="31001017017P8" TITULO-DA-DISSERTACAO-TESE-INGLES="" NOME-CURSO-INGLES="Microbiology" NOME-DO-ORIENTADOR-CO-TUTELA="" CODIGO-INSTITUICAO-OUTRA-CO-TUTELA="" CODIGO-INSTITUICAO-CO-TUTELA="" NOME-DO-ORIENTADOR-SANDUICHE="" CODIGO-INSTITUICAO-OUTRA-SANDUICHE="" CODIGO-INSTITUICAO-SANDUICHE="" NOME-DO-CO-ORIENTADOR=""><PALAVRAS-CHAVE PALAVRA-CHAVE-1="glucuronoxilomanana" PALAVRA-CHAVE-2="plataformas lipídicas" PALAVRA-CHAVE-3="receptor" PALAVRA-CHAVE-4="" PALAVRA-CHAVE-5="" PALAVRA-CHAVE-6=""/><conceitoCapes/></DOUTORADO></FORMACAO-ACADEMICA-TITULACAO><ATUACOES-PROFISSIONAIS><ATUACAO-PROFISSIONAL CODIGO-INSTITUICAO="201900000008" NOME-INSTITUICAO="Centro Universitário Augusto Motta" SEQUENCIA-ATIVIDADE="1" SEQUENCIA-IMPORTANCIA=""><VINCULOS SEQUENCIA-HISTORICO="1" TIPO-DE-VINCULO="LIVRE" ENQUADRAMENTO-FUNCIONAL="LIVRE" CARGA-HORARIA-SEMANAL="" FLAG-DEDICACAO-EXCLUSIVA="NAO" MES-INICIO="02" ANO-INICIO="2010" MES-FIM="" ANO-FIM="" OUTRAS-INFORMACOES="Professora das disciplinas de Hematologia Clínica , Bioquímica Clínica e Química Geral e Inorgânica do curso de Farmácia . Professora da disciplina Química Teórica e Experimental do curso de Engenharia Civil." FLAG-VINCULO-EMPREGATICIO="NAO" OUTRO-VINCULO-INFORMADO="Celetista formal" OUTRO-ENQUADRAMENTO-FUNCIONAL-INFORMADO="Professor Assistente" OUTRO-ENQUADRAMENTO-FUNCIONAL-INFORMADO-INGLES="" OUTRAS-INFORMACOES-INGLES=""/><atividadesProfissionaisPlanificadas/></ATUACAO-PROFISSIONAL><ATUACAO-PROFISSIONAL CODIGO-INSTITUICAO="J0S200000007" NOME-INSTITUICAO="Instituto de Biologia do Exécito" SEQUENCIA-ATIVIDADE="2" SEQUENCIA-IMPORTANCIA=""><VINCULOS SEQUENCIA-HISTORICO="2" TIPO-DE-VINCULO="SERVIDOR_PUBLICO" ENQUADRAMENTO-FUNCIONAL="LIVRE" CARGA-HORARIA-SEMANAL="20" FLAG-DEDICACAO-EXCLUSIVA="NAO" MES-INICIO="02" ANO-INICIO="2007" MES-FIM="02" ANO-FIM="2015" OUTRAS-INFORMACOES="Atuação na área de microbiologia (bacteriologia) no laboratório do Instituto de Biologia do Exército (IBEx) -Exército Brasileiro. Experiência em rotinas laboratoriais de urgência e emergência, hematologia, urinalise, bioquímica e microbiologia (laboratório do Hospital Central do Exército)" FLAG-VINCULO-EMPREGATICIO="NAO" OUTRO-VINCULO-INFORMADO="" OUTRO-ENQUADRAMENTO-FUNCIONAL-INFORMADO="Oficial temporário farmacêutico" OUTRO-ENQUADRAMENTO-FUNCIONAL-INFORMADO-INGLES="" OUTRAS-INFORMACOES-INGLES=""/><atividadesProfissionaisPlanificadas/></ATUACAO-PROFISSIONAL></ATUACOES-PROFISSIONAIS><AREAS-DE-ATUACAO><AREA-DE-ATUACAO SEQUENCIA-AREA-DE-ATUACAO="1" NOME-GRANDE-AREA-DO-CONHECIMENTO="CIENCIAS_DA_SAUDE" NOME-DA-AREA-DO-CONHECIMENTO="Farmácia" NOME-DA-SUB-AREA-DO-CONHECIMENTO="" NOME-DA-ESPECIALIDADE=""/><AREA-DE-ATUACAO SEQUENCIA-AREA-DE-ATUACAO="2" NOME-GRANDE-AREA-DO-CONHECIMENTO="CIENCIAS_BIOLOGICAS" NOME-DA-AREA-DO-CONHECIMENTO="Microbiologia" NOME-DA-SUB-AREA-DO-CONHECIMENTO="" NOME-DA-ESPECIALIDADE=""/><AREA-DE-ATUACAO SEQUENCIA-AREA-DE-ATUACAO="3" NOME-GRANDE-AREA-DO-CONHECIMENTO="OUTROS" NOME-DA-AREA-DO-CONHECIMENTO="Defesa" NOME-DA-SUB-AREA-DO-CONHECIMENTO="Departamento de Ensino e Pesquisa - IBEx" NOME-DA-ESPECIALIDADE=""/></AREAS-DE-ATUACAO><IDIOMAS><IDIOMA IDIOMA="EN" DESCRICAO-DO-IDIOMA="Inglês" PROFICIENCIA-DE-LEITURA="BEM" PROFICIENCIA-DE-FALA="RAZOAVELMENTE" PROFICIENCIA-DE-ESCRITA="RAZOAVELMENTE" PROFICIENCIA-DE-COMPREENSAO="BEM"/></IDIOMAS><staValidado/><dataExibicao/><dadosBolsista/></DADOS-GERAIS><PRODUCAO-BIBLIOGRAFICA><TRABALHOS-EM-EVENTOS><TRABALHO-EM-EVENTOS SEQUENCIA-PRODUCAO="1"><DADOS-BASICOS-DO-TRABALHO NATUREZA="RESUMO" TITULO-DO-TRABALHO="Purificação de monohexosilceramidas (CMH) de Cryptococcus neoformans e anticorpos anti-CMH em pacientes com criptococose" ANO-DO-TRABALHO="2001" PAIS-DO-EVENTO="Brasil" IDIOMA="Português" MEIO-DE-DIVULGACAO="IMPRESSO" HOME-PAGE-DO-TRABALHO="[http://www.sigma.ufrj.br]" FLAG-RELEVANCIA="NAO" DOI="" TITULO-DO-TRABALHO-INGLES="" FLAG-DIVULGACAO-CIENTIFICA="NAO"/><DETALHAMENTO-DO-TRABALHO CLASSIFICACAO-DO-EVENTO="LOCAL" NOME-DO-EVENTO="Jornada de iniciação científica" CIDADE-DO-EVENTO="Rio de Janeiro" ANO-DE-REALIZACAO="2001" TITULO-DOS-ANAIS-OU-PROCEEDINGS="Purificação de monohexosilceramidas (CMH) de Crytococcus neoformans e anticorpos anti--VMh em pacientes com criptococose" VOLUME="" FASCICULO="" SERIE="" PAGINA-INICIAL="" PAGINA-FINAL="" ISBN="" NOME-DA-EDITORA="" CIDADE-DA-EDITORA="" NOME-DO-EVENTO-INGLES=""/><AUTORES NOME-COMPLETO-DO-AUTOR="Fabiane de Melo Barbosa" NOME-PARA-CITACAO="BARBOSA, F. M." ORDEM-DE-AUTORIA="1" NRO-ID-CNPQ="2511574262172607"/><AUTORES NOME-COMPLETO-DO-AUTOR="RODRIGUES, M. L." NOME-PARA-CITACAO="RODRIGUES, M. L." ORDEM-DE-AUTORIA="2" NRO-ID-CNPQ="3942578011658070"/><AUTORES NOME-COMPLETO-DO-AUTOR="ALVIANO, C. S." NOME-PARA-CITACAO="ALVIANO, C. S." ORDEM-DE-AUTORIA="3" NRO-ID-CNPQ="4699032102679552"/></TRABALHO-EM-EVENTOS><TRABALHO-EM-EVENTOS SEQUENCIA-PRODUCAO="2"><DADOS-BASICOS-DO-TRABALHO NATUREZA="RESUMO" TITULO-DO-TRABALHO="Clivagem de fibronectina humana por Cryptococcus neoformans" ANO-DO-TRABALHO="2002" PAIS-DO-EVENTO="Brasil" IDIOMA="Português" MEIO-DE-DIVULGACAO="IMPRESSO" HOME-PAGE-DO-TRABALHO="[http://www.sigma.ufrj.br]" FLAG-RELEVANCIA="NAO" DOI="" TITULO-DO-TRABALHO-INGLES="" FLAG-DIVULGACAO-CIENTIFICA="NAO"/><DETALHAMENTO-DO-TRABALHO CLASSIFICACAO-DO-EVENTO="LOCAL" NOME-DO-EVENTO="Jornada de iniciação científica" CIDADE-DO-EVENTO="Rio de Janeiro" ANO-DE-REALIZACAO="2002" TITULO-DOS-ANAIS-OU-PROCEEDINGS="Clivagem de fibronectina humana por Cryptococcus neoformans" VOLUME="" FASCICULO="" SERIE="" PAGINA-INICIAL="" PAGINA-FINAL="" ISBN="" NOME-DA-EDITORA="" CIDADE-DA-EDITORA="" NOME-DO-EVENTO-INGLES=""/><AUTORES NOME-COMPLETO-DO-AUTOR="Fabiane de Melo Barbosa" NOME-PARA-CITACAO="BARBOSA, F. M." ORDEM-DE-AUTORIA="1" NRO-ID-CNPQ="2511574262172607"/><AUTORES NOME-COMPLETO-DO-AUTOR="RODRIGUES, M. L." NOME-PARA-CITACAO="RODRIGUES, M. L." ORDEM-DE-AUTORIA="2" NRO-ID-CNPQ="3942578011658070"/><AUTORES NOME-COMPLETO-DO-AUTOR="ALVIANO, C. S." NOME-PARA-CITACAO="ALVIANO, C. S." ORDEM-DE-AUTORIA="3" NRO-ID-CNPQ="4699032102679552"/></TRABALHO-EM-EVENTOS><TRABALHO-EM-EVENTOS SEQUENCIA-PRODUCAO="3"><DADOS-BASICOS-DO-TRABALHO NATUREZA="RESUMO" TITULO-DO-TRABALHO="Cell wall sialoglycoconjugates in an acapsular mutant of Cryptococcus neoformans" ANO-DO-TRABALHO="2003" PAIS-DO-EVENTO="Brasil" IDIOMA="Inglês" MEIO-DE-DIVULGACAO="IMPRESSO" HOME-PAGE-DO-TRABALHO="[http://www.sbbq.br]" FLAG-RELEVANCIA="NAO" DOI="" TITULO-DO-TRABALHO-INGLES="" FLAG-DIVULGACAO-CIENTIFICA="NAO"/><DETALHAMENTO-DO-TRABALHO CLASSIFICACAO-DO-EVENTO="NACIONAL" NOME-DO-EVENTO="Reunião anual da Sociedade de Bioquímica e Biologia Molecular" CIDADE-DO-EVENTO="Caxambu" ANO-DE-REALIZACAO="2003" TITULO-DOS-ANAIS-OU-PROCEEDINGS="Cell wall sialoglycoconjugates in an acapsular mutant of Cryptococccus neoformans" VOLUME="" FASCICULO="" SERIE="" PAGINA-INICIAL="" PAGINA-FINAL="" ISBN="" NOME-DA-EDITORA="" CIDADE-DA-EDITORA="" NOME-DO-EVENTO-INGLES=""/><AUTORES NOME-COMPLETO-DO-AUTOR="Fabiane de Melo Barbosa" NOME-PARA-CITACAO="BARBOSA, F. M." ORDEM-DE-AUTORIA="1" NRO-ID-CNPQ="2511574262172607"/><AUTORES NOME-COMPLETO-DO-AUTOR="RODRIGUES, M. L." NOME-PARA-CITACAO="RODRIGUES, M. L." ORDEM-DE-AUTORIA="2" NRO-ID-CNPQ="3942578011658070"/><AUTORES NOME-COMPLETO-DO-AUTOR="ALVIANO, C. S." NOME-PARA-CITACAO="ALVIANO, C. S." ORDEM-DE-AUTORIA="3" NRO-ID-CNPQ="4699032102679552"/></TRABALHO-EM-EVENTOS><TRABALHO-EM-EVENTOS SEQUENCIA-PRODUCAO="4"><DADOS-BASICOS-DO-TRABALHO NATUREZA="RESUMO" TITULO-DO-TRABALHO="N-glycolylneuramic acid as a major component of a sialic acid-rich glycoconjugate from urchin Lytechinus variegates" ANO-DO-TRABALHO="2004" PAIS-DO-EVENTO="Brasil" IDIOMA="Inglês" MEIO-DE-DIVULGACAO="IMPRESSO" HOME-PAGE-DO-TRABALHO="[http://www.sbbq.br]" FLAG-RELEVANCIA="NAO" DOI="" TITULO-DO-TRABALHO-INGLES="" FLAG-DIVULGACAO-CIENTIFICA="NAO"/><DETALHAMENTO-DO-TRABALHO CLASSIFICACAO-DO-EVENTO="NACIONAL" NOME-DO-EVENTO="Reunião Anual da Sociedade de Bioquímica e Biologia Molecular-SBBq" CIDADE-DO-EVENTO="Caxambu" ANO-DE-REALIZACAO="2004" TITULO-DOS-ANAIS-OU-PROCEEDINGS="N-glycolylneuramic acid as a major component of a sialic acid-rich glycoconjugate from urchin Lytechinus variegates" VOLUME="" FASCICULO="" SERIE="" PAGINA-INICIAL="" PAGINA-FINAL="" ISBN="" NOME-DA-EDITORA="" CIDADE-DA-EDITORA="" NOME-DO-EVENTO-INGLES=""/><AUTORES NOME-COMPLETO-DO-AUTOR="Fabiane de Melo Barbosa" NOME-PARA-CITACAO="BARBOSA, F. M." ORDEM-DE-AUTORIA="1" NRO-ID-CNPQ="2511574262172607"/><AUTORES NOME-COMPLETO-DO-AUTOR="Leonardo P. Cinelli" NOME-PARA-CITACAO="CINELLI, L. P." ORDEM-DE-AUTORIA="2" NRO-ID-CNPQ=""/><AUTORES NOME-COMPLETO-DO-AUTOR="Igor C. Almeida" NOME-PARA-CITACAO="ALMEIDA, I. C." ORDEM-DE-AUTORIA="3" NRO-ID-CNPQ=""/><AUTORES NOME-COMPLETO-DO-AUTOR="ALVIANO, C. S." NOME-PARA-CITACAO="ALVIANO, C. S." ORDEM-DE-AUTORIA="4" NRO-ID-CNPQ="4699032102679552"/><AUTORES NOME-COMPLETO-DO-AUTOR="Paulo A. S. Mourão" NOME-PARA-CITACAO="MOURAO, P. A. S." ORDEM-DE-AUTORIA="5" NRO-ID-CNPQ=""/><AUTORES NOME-COMPLETO-DO-AUTOR="RODRIGUES, M. L." NOME-PARA-CITACAO="RODRIGUES, M. L." ORDEM-DE-AUTORIA="6" NRO-ID-CNPQ="3942578011658070"/></TRABALHO-EM-EVENTOS><TRABALHO-EM-EVENTOS SEQUENCIA-PRODUCAO="5"><DADOS-BASICOS-DO-TRABALHO NATUREZA="RESUMO" TITULO-DO-TRABALHO="Potential Involvement of Glucuronoxylomannan in the Interaction of Cryptococcus neoformans with Human Lung Cells" ANO-DO-TRABALHO="2005" PAIS-DO-EVENTO="Brasil" IDIOMA="Inglês" MEIO-DE-DIVULGACAO="IMPRESSO" HOME-PAGE-DO-TRABALHO="[http://www.sbbq.br]" FLAG-RELEVANCIA="SIM" DOI="" TITULO-DO-TRABALHO-INGLES="" FLAG-DIVULGACAO-CIENTIFICA="NAO"/><DETALHAMENTO-DO-TRABALHO CLASSIFICACAO-DO-EVENTO="NACIONAL" NOME-DO-EVENTO="Reunião Anual da Sociedade de Bioquímica e Biologia Molecular" CIDADE-DO-EVENTO="Aguás de Lindóia" ANO-DE-REALIZACAO="2005" TITULO-DOS-ANAIS-OU-PROCEEDINGS="Potential Involvement of Glucuronoxylomannan in the Interaction of Cryptococcus neoformans with Human Lung Cells" VOLUME="" FASCICULO="" SERIE="" PAGINA-INICIAL="" PAGINA-FINAL="" ISBN="" NOME-DA-EDITORA="" CIDADE-DA-EDITORA="" NOME-DO-EVENTO-INGLES=""/><AUTORES NOME-COMPLETO-DO-AUTOR="Fabiane de Melo Barbosa" NOME-PARA-CITACAO="BARBOSA, F. M." ORDEM-DE-AUTORIA="1" NRO-ID-CNPQ="2511574262172607"/><AUTORES NOME-COMPLETO-DO-AUTOR="FONSECA, F. L" NOME-PARA-CITACAO="FONSECA, F. L" ORDEM-DE-AUTORIA="2" NRO-ID-CNPQ="6458043176592929"/><AUTORES NOME-COMPLETO-DO-AUTOR="HOLANDINO, C." NOME-PARA-CITACAO="HOLANDINO, C." ORDEM-DE-AUTORIA="3" NRO-ID-CNPQ="7921071460655010"/><AUTORES NOME-COMPLETO-DO-AUTOR="ALVIANO, C. S." NOME-PARA-CITACAO="ALVIANO, C. S." ORDEM-DE-AUTORIA="4" NRO-ID-CNPQ="4699032102679552"/><AUTORES NOME-COMPLETO-DO-AUTOR="NIMRICHTER, L." NOME-PARA-CITACAO="NIMRICHTER, L." ORDEM-DE-AUTORIA="5" NRO-ID-CNPQ="1080378998643497"/><AUTORES NOME-COMPLETO-DO-AUTOR="RODRIGUES, M. L." NOME-PARA-CITACAO="RODRIGUES, M. L." ORDEM-DE-AUTORIA="6" NRO-ID-CNPQ="3942578011658070"/></TRABALHO-EM-EVENTOS><TRABALHO-EM-EVENTOS SEQUENCIA-PRODUCAO="6"><DADOS-BASICOS-DO-TRABALHO NATUREZA="RESUMO" TITULO-DO-TRABALHO="Glucuronoxylomannan-mediated interaction of Cryptococcus neoformans with human alveolar cells results in fungal internalization and host cell damage" ANO-DO-TRABALHO="2005" PAIS-DO-EVENTO="Brasil" IDIOMA="Português" MEIO-DE-DIVULGACAO="IMPRESSO" HOME-PAGE-DO-TRABALHO="[http://www.dermatoimuno.org]" FLAG-RELEVANCIA="SIM" DOI="" TITULO-DO-TRABALHO-INGLES="" FLAG-DIVULGACAO-CIENTIFICA="NAO"/><DETALHAMENTO-DO-TRABALHO CLASSIFICACAO-DO-EVENTO="NACIONAL" NOME-DO-EVENTO="Simpósio Nacional de Micolgia Médica: Cromoblastomicose, Lobomicose, Paracocidiodomicose e Cryptococose" CIDADE-DO-EVENTO="Belém" ANO-DE-REALIZACAO="2005" TITULO-DOS-ANAIS-OU-PROCEEDINGS="Glucuronoxylomannan-mediated interaction of Cryptococcus neoformans with human alveolar cells results in fungal internalization and host cell damage" VOLUME="" FASCICULO="" SERIE="" PAGINA-INICIAL="" PAGINA-FINAL="" ISBN="" NOME-DA-EDITORA="" CIDADE-DA-EDITORA="" NOME-DO-EVENTO-INGLES=""/><AUTORES NOME-COMPLETO-DO-AUTOR="Fabiane de Melo Barbosa" NOME-PARA-CITACAO="BARBOSA, F. M." ORDEM-DE-AUTORIA="1" NRO-ID-CNPQ="2511574262172607"/><AUTORES NOME-COMPLETO-DO-AUTOR="FONSECA, F. L" NOME-PARA-CITACAO="FONSECA, F. L" ORDEM-DE-AUTORIA="2" NRO-ID-CNPQ="6458043176592929"/><AUTORES NOME-COMPLETO-DO-AUTOR="HOLANDINO, C." NOME-PARA-CITACAO="HOLANDINO, C." ORDEM-DE-AUTORIA="3" NRO-ID-CNPQ="7921071460655010"/><AUTORES NOME-COMPLETO-DO-AUTOR="NIMRICHTER, L." NOME-PARA-CITACAO="NIMRICHTER, L." ORDEM-DE-AUTORIA="4" NRO-ID-CNPQ="1080378998643497"/><AUTORES NOME-COMPLETO-DO-AUTOR="RODRIGUES, M. L." NOME-PARA-CITACAO="RODRIGUES, M. L." ORDEM-DE-AUTORIA="5" NRO-ID-CNPQ="3942578011658070"/></TRABALHO-EM-EVENTOS><TRABALHO-EM-EVENTOS SEQUENCIA-PRODUCAO="7"><DADOS-BASICOS-DO-TRABALHO NATUREZA="RESUMO" TITULO-DO-TRABALHO="Interaction of C. neoformans with human alveolar cells: search for glucuronoxilomannan-binding molecules on the host cell surface" ANO-DO-TRABALHO="2005" PAIS-DO-EVENTO="Brasil" IDIOMA="Português" MEIO-DE-DIVULGACAO="IMPRESSO" HOME-PAGE-DO-TRABALHO="[http://www.dermatoimuno.org]" FLAG-RELEVANCIA="SIM" DOI="" TITULO-DO-TRABALHO-INGLES="" FLAG-DIVULGACAO-CIENTIFICA="NAO"/><DETALHAMENTO-DO-TRABALHO CLASSIFICACAO-DO-EVENTO="NACIONAL" NOME-DO-EVENTO="Simpósio Nacional de Micologia Médica: Cromoblastomicose, Lobomicose,Paracocomicose e Criptococose" CIDADE-DO-EVENTO="Belém" ANO-DE-REALIZACAO="2005" TITULO-DOS-ANAIS-OU-PROCEEDINGS="Interaction of C. neoformans with human alveolar cells: search for glucuronoxilomannan-binding molecules on the host cell surface" VOLUME="" FASCICULO="" SERIE="" PAGINA-INICIAL="" PAGINA-FINAL="" ISBN="" NOME-DA-EDITORA="" CIDADE-DA-EDITORA="" NOME-DO-EVENTO-INGLES=""/><AUTORES NOME-COMPLETO-DO-AUTOR="Fabiane de Melo Barbosa" NOME-PARA-CITACAO="BARBOSA, F. M." ORDEM-DE-AUTORIA="1" NRO-ID-CNPQ="2511574262172607"/><AUTORES NOME-COMPLETO-DO-AUTOR="FONSECA, F. L" NOME-PARA-CITACAO="FONSECA, F. L" ORDEM-DE-AUTORIA="2" NRO-ID-CNPQ="6458043176592929"/><AUTORES NOME-COMPLETO-DO-AUTOR="NIMRICHTER, L." NOME-PARA-CITACAO="NIMRICHTER, L." ORDEM-DE-AUTORIA="3" NRO-ID-CNPQ="1080378998643497"/><AUTORES NOME-COMPLETO-DO-AUTOR="RODRIGUES, M. L." NOME-PARA-CITACAO="RODRIGUES, M. L." ORDEM-DE-AUTORIA="4" NRO-ID-CNPQ="3942578011658070"/></TRABALHO-EM-EVENTOS><TRABALHO-EM-EVENTOS SEQUENCIA-PRODUCAO="8"><DADOS-BASICOS-DO-TRABALHO NATUREZA="RESUMO" TITULO-DO-TRABALHO="Sialoglicoconjugados de parede celular do mutante acapsular Cryptococcus neoformans" ANO-DO-TRABALHO="2003" PAIS-DO-EVENTO="Brasil" IDIOMA="Português" MEIO-DE-DIVULGACAO="IMPRESSO" HOME-PAGE-DO-TRABALHO="[http://www.sigma.ufrj.br]" FLAG-RELEVANCIA="NAO" DOI="" TITULO-DO-TRABALHO-INGLES="" FLAG-DIVULGACAO-CIENTIFICA="NAO"/><DETALHAMENTO-DO-TRABALHO CLASSIFICACAO-DO-EVENTO="LOCAL" NOME-DO-EVENTO="XXV Jornada de Iniciação Científica, Artística e Cultural" CIDADE-DO-EVENTO="Rio de Janeiro" ANO-DE-REALIZACAO="2003" TITULO-DOS-ANAIS-OU-PROCEEDINGS="Sialoglicoconjugados de parede celular do mutante acapsular Cryptococcus neoformans" VOLUME="" FASCICULO="" SERIE="" PAGINA-INICIAL="" PAGINA-FINAL="" ISBN="" NOME-DA-EDITORA="" CIDADE-DA-EDITORA="" NOME-DO-EVENTO-INGLES=""/><AUTORES NOME-COMPLETO-DO-AUTOR="Fabiane de Melo Barbosa" NOME-PARA-CITACAO="BARBOSA, F. M." ORDEM-DE-AUTORIA="1" NRO-ID-CNPQ="2511574262172607"/><AUTORES NOME-COMPLETO-DO-AUTOR="RODRIGUES, M. L." NOME-PARA-CITACAO="RODRIGUES, M. L." ORDEM-DE-AUTORIA="2" NRO-ID-CNPQ="3942578011658070"/><AUTORES NOME-COMPLETO-DO-AUTOR="ALVIANO, C. S." NOME-PARA-CITACAO="ALVIANO, C. S." ORDEM-DE-AUTORIA="3" NRO-ID-CNPQ="4699032102679552"/></TRABALHO-EM-EVENTOS><TRABALHO-EM-EVENTOS SEQUENCIA-PRODUCAO="13"><DADOS-BASICOS-DO-TRABALHO NATUREZA="RESUMO" TITULO-DO-TRABALHO="Adhesion of Cryptococcus neoformans to human alveolar cells is influenced by its capsular polysacharide" ANO-DO-TRABALHO="2004" PAIS-DO-EVENTO="Brasil" IDIOMA="Inglês" MEIO-DE-DIVULGACAO="IMPRESSO" HOME-PAGE-DO-TRABALHO="" FLAG-RELEVANCIA="NAO" DOI="" TITULO-DO-TRABALHO-INGLES="" FLAG-DIVULGACAO-CIENTIFICA="NAO"/><DETALHAMENTO-DO-TRABALHO CLASSIFICACAO-DO-EVENTO="NACIONAL" NOME-DO-EVENTO="Congresso Brasileiro de Micologia" CIDADE-DO-EVENTO="Ouro Preto" ANO-DE-REALIZACAO="2004" TITULO-DOS-ANAIS-OU-PROCEEDINGS="dhesion of Cryptococcus neoformans to human alveolar cells is influenced by its capsular polysacharide" VOLUME="" FASCICULO="" SERIE="" PAGINA-INICIAL="" PAGINA-FINAL="" ISBN="" NOME-DA-EDITORA="" CIDADE-DA-EDITORA="" NOME-DO-EVENTO-INGLES=""/><AUTORES NOME-COMPLETO-DO-AUTOR="FONSECA, F. L" NOME-PARA-CITACAO="FONSECA, F. L" ORDEM-DE-AUTORIA="1" NRO-ID-CNPQ="6458043176592929"/><AUTORES NOME-COMPLETO-DO-AUTOR="Fabiane de Melo Barbosa" NOME-PARA-CITACAO="BARBOSA, F. M." ORDEM-DE-AUTORIA="2" NRO-ID-CNPQ="2511574262172607"/><AUTORES NOME-COMPLETO-DO-AUTOR="HOLANDINO, C." NOME-PARA-CITACAO="HOLANDINO, C." ORDEM-DE-AUTORIA="3" NRO-ID-CNPQ="7921071460655010"/><AUTORES NOME-COMPLETO-DO-AUTOR="ALVIANO, C. S." NOME-PARA-CITACAO="ALVIANO, C. S." ORDEM-DE-AUTORIA="4" NRO-ID-CNPQ="4699032102679552"/><AUTORES NOME-COMPLETO-DO-AUTOR="NIMRICHTER, L." NOME-PARA-CITACAO="NIMRICHTER, L." ORDEM-DE-AUTORIA="5" NRO-ID-CNPQ="1080378998643497"/><AUTORES NOME-COMPLETO-DO-AUTOR="RODRIGUES, M. L." NOME-PARA-CITACAO="RODRIGUES, M. L." ORDEM-DE-AUTORIA="6" NRO-ID-CNPQ="3942578011658070"/></TRABALHO-EM-EVENTOS><TRABALHO-EM-EVENTOS SEQUENCIA-PRODUCAO="26"><DADOS-BASICOS-DO-TRABALHO NATUREZA="RESUMO" TITULO-DO-TRABALHO="Characterization of CD14 as the glucuronoxylomannan receptor in human epithelial alveolar cells" ANO-DO-TRABALHO="2007" PAIS-DO-EVENTO="Brasil" IDIOMA="Português" MEIO-DE-DIVULGACAO="IMPRESSO" HOME-PAGE-DO-TRABALHO="" FLAG-RELEVANCIA="NAO" DOI="" TITULO-DO-TRABALHO-INGLES="" FLAG-DIVULGACAO-CIENTIFICA="NAO"/><DETALHAMENTO-DO-TRABALHO CLASSIFICACAO-DO-EVENTO="NACIONAL" NOME-DO-EVENTO="XXIV Congresso Brasileiro de Microbiologia" CIDADE-DO-EVENTO="Brasilia" ANO-DE-REALIZACAO="2007" TITULO-DOS-ANAIS-OU-PROCEEDINGS="Characterization of CD14 as the glucuronoxylomannan receptor in human epithelial alveolar cells" VOLUME="" FASCICULO="" SERIE="" PAGINA-INICIAL="" PAGINA-FINAL="" ISBN="" NOME-DA-EDITORA="" CIDADE-DA-EDITORA="" NOME-DO-EVENTO-INGLES=""/><AUTORES NOME-COMPLETO-DO-AUTOR="Fabiane de Melo Barbosa" NOME-PARA-CITACAO="BARBOSA, F. M." ORDEM-DE-AUTORIA="1" NRO-ID-CNPQ="2511574262172607"/><AUTORES NOME-COMPLETO-DO-AUTOR="FONSECA, F. L" NOME-PARA-CITACAO="FONSECA, F. L" ORDEM-DE-AUTORIA="2" NRO-ID-CNPQ="6458043176592929"/><AUTORES NOME-COMPLETO-DO-AUTOR="Rodrigo T. Figueiredo" NOME-PARA-CITACAO="FIGUEIREDO, R. T." ORDEM-DE-AUTORIA="3" NRO-ID-CNPQ="0053820007772005"/><AUTORES NOME-COMPLETO-DO-AUTOR="Marcelo T Bozza" NOME-PARA-CITACAO="BOZZA, M. T." ORDEM-DE-AUTORIA="4" NRO-ID-CNPQ="7762134965139023"/><AUTORES NOME-COMPLETO-DO-AUTOR="Arturo Casadevall" NOME-PARA-CITACAO="Casadevall A." ORDEM-DE-AUTORIA="5" NRO-ID-CNPQ=""/><AUTORES NOME-COMPLETO-DO-AUTOR="NIMRICHTER, L." NOME-PARA-CITACAO="NIMRICHTER, L." ORDEM-DE-AUTORIA="6" NRO-ID-CNPQ="1080378998643497"/><AUTORES NOME-COMPLETO-DO-AUTOR="RODRIGUES, M. L." NOME-PARA-CITACAO="RODRIGUES, M. L." ORDEM-DE-AUTORIA="7" NRO-ID-CNPQ="3942578011658070"/></TRABALHO-EM-EVENTOS><TRABALHO-EM-EVENTOS SEQUENCIA-PRODUCAO="33"><DADOS-BASICOS-DO-TRABALHO NATUREZA="RESUMO" TITULO-DO-TRABALHO="Criptococose : alta taxa de mortalidade e baixo investimento" ANO-DO-TRABALHO="2016" PAIS-DO-EVENTO="Brasil" IDIOMA="Português" MEIO-DE-DIVULGACAO="VARIOS" HOME-PAGE-DO-TRABALHO="[http://hotsite.unisuam.edu.br/email-2016/workshop-farmacia/workshop-farmacia.html]" FLAG-RELEVANCIA="NAO" DOI="" TITULO-DO-TRABALHO-INGLES="Criptococose : alta taxa de mortalidade e baixo investimento" FLAG-DIVULGACAO-CIENTIFICA="SIM"/><DETALHAMENTO-DO-TRABALHO CLASSIFICACAO-DO-EVENTO="LOCAL" NOME-DO-EVENTO="I Workshop de Ciências Farmacêuticas" CIDADE-DO-EVENTO="rio de janeiro" ANO-DE-REALIZACAO="2016" TITULO-DOS-ANAIS-OU-PROCEEDINGS="Criptococose : alta taxa de mortalidade e baixo investimento" VOLUME="1" FASCICULO="" SERIE="" PAGINA-INICIAL="45" PAGINA-FINAL="46" ISBN="2525-4049" NOME-DA-EDITORA="" CIDADE-DA-EDITORA="" NOME-DO-EVENTO-INGLES=""/><AUTORES NOME-COMPLETO-DO-AUTOR="Fabiane de Melo Barbosa" NOME-PARA-CITACAO="BARBOSA, F. M." ORDEM-DE-AUTORIA="1" NRO-ID-CNPQ=""/><AUTORES NOME-COMPLETO-DO-AUTOR="Fabiane de Melo Barbosa" NOME-PARA-CITACAO="BARBOSA, F. M." ORDEM-DE-AUTORIA="2" NRO-ID-CNPQ="2511574262172607"/><PALAVRAS-CHAVE PALAVRA-CHAVE-1="Cryptococcus neoformans" PALAVRA-CHAVE-2="meningocefalite" PALAVRA-CHAVE-3="" PALAVRA-CHAVE-4="" PALAVRA-CHAVE-5="" PALAVRA-CHAVE-6=""/></TRABALHO-EM-EVENTOS><TRABALHO-EM-EVENTOS SEQUENCIA-PRODUCAO="10"><DADOS-BASICOS-DO-TRABALHO NATUREZA="RESUMO" TITULO-DO-TRABALHO="Interactions between surface structures of Cryptococcus neoformans and gomesin, an antimicrobial peptide produced by Acanthoscurria gomesiana" ANO-DO-TRABALHO="2004" PAIS-DO-EVENTO="Brasil" IDIOMA="Português" MEIO-DE-DIVULGACAO="IMPRESSO" HOME-PAGE-DO-TRABALHO="" FLAG-RELEVANCIA="SIM" DOI="" TITULO-DO-TRABALHO-INGLES="" FLAG-DIVULGACAO-CIENTIFICA="NAO"/><DETALHAMENTO-DO-TRABALHO CLASSIFICACAO-DO-EVENTO="NACIONAL" NOME-DO-EVENTO="Congresso Brasileiro de Micologia" CIDADE-DO-EVENTO="Ouro Preto" ANO-DE-REALIZACAO="2004" TITULO-DOS-ANAIS-OU-PROCEEDINGS="Interactions between surface structures of Cryptococcus neoformans and gomesin, an antimicrobial peptide produced by Acanthoscurria gomesiana" VOLUME="" FASCICULO="" SERIE="" PAGINA-INICIAL="" PAGINA-FINAL="" ISBN="" NOME-DA-EDITORA="" CIDADE-DA-EDITORA="" NOME-DO-EVENTO-INGLES=""/><AUTORES NOME-COMPLETO-DO-AUTOR="Fabiane de Melo Barbosa" NOME-PARA-CITACAO="BARBOSA, F. M." ORDEM-DE-AUTORIA="1" NRO-ID-CNPQ="2511574262172607"/><AUTORES NOME-COMPLETO-DO-AUTOR="NIMRICHTER, L." NOME-PARA-CITACAO="NIMRICHTER, L." ORDEM-DE-AUTORIA="2" NRO-ID-CNPQ="1080378998643497"/><AUTORES NOME-COMPLETO-DO-AUTOR="Celuta S. Alviano" NOME-PARA-CITACAO="Celuta S. Alviano" ORDEM-DE-AUTORIA="3" NRO-ID-CNPQ=""/><AUTORES NOME-COMPLETO-DO-AUTOR="Daffre, S" NOME-PARA-CITACAO="Daffre, S" ORDEM-DE-AUTORIA="4" NRO-ID-CNPQ="0778380717624350"/><AUTORES NOME-COMPLETO-DO-AUTOR="Maldonado, R.A" NOME-PARA-CITACAO="Maldonado, R.A" ORDEM-DE-AUTORIA="5" NRO-ID-CNPQ=""/><AUTORES NOME-COMPLETO-DO-AUTOR="RODRIGUES, M. L." NOME-PARA-CITACAO="RODRIGUES, M. L." ORDEM-DE-AUTORIA="6" NRO-ID-CNPQ="3942578011658070"/></TRABALHO-EM-EVENTOS></TRABALHOS-EM-EVENTOS><ARTIGOS-PUBLICADOS><ARTIGO-PUBLICADO SEQUENCIA-PRODUCAO="11" ORDEM-IMPORTANCIA=""><DADOS-BASICOS-DO-ARTIGO NATUREZA="COMPLETO" TITULO-DO-ARTIGO="Binding of Glucuronoxylomannan to the CD14 Receptor in Human A549 Alveolar Cells Induces Interleukin-8 Production." ANO-DO-ARTIGO="2007" PAIS-DE-PUBLICACAO="" IDIOMA="Português" MEIO-DE-DIVULGACAO="VARIOS" HOME-PAGE-DO-TRABALHO="" FLAG-RELEVANCIA="SIM" DOI="" TITULO-DO-ARTIGO-INGLES="" FLAG-DIVULGACAO-CIENTIFICA="NAO"/><DETALHAMENTO-DO-ARTIGO TITULO-DO-PERIODICO-OU-REVISTA="Clinical and Vaccine Immunology" ISSN="15566811" VOLUME="14" FASCICULO="" SERIE="1" PAGINA-INICIAL="94/17093102" PAGINA-FINAL="98" LOCAL-DE-PUBLICACAO=""/><AUTORES NOME-COMPLETO-DO-AUTOR="Fabiane de Melo Barbosa" NOME-PARA-CITACAO="BARBOSA, F. M." ORDEM-DE-AUTORIA="1" NRO-ID-CNPQ="2511574262172607"/><AUTORES NOME-COMPLETO-DO-AUTOR="FONSECA, F. L" NOME-PARA-CITACAO="FONSECA, F. L" ORDEM-DE-AUTORIA="2" NRO-ID-CNPQ="6458043176592929"/><AUTORES NOME-COMPLETO-DO-AUTOR="Rodrigo T. Figueiredo" NOME-PARA-CITACAO="FIGUEIREDO, R. T." ORDEM-DE-AUTORIA="3" NRO-ID-CNPQ="0053820007772005"/><AUTORES NOME-COMPLETO-DO-AUTOR="Marcelo T Bozza" NOME-PARA-CITACAO="BOZZA, M. T." ORDEM-DE-AUTORIA="4" NRO-ID-CNPQ="7762134965139023"/><AUTORES NOME-COMPLETO-DO-AUTOR="Arturo Casadevall" NOME-PARA-CITACAO="Casadevall A." ORDEM-DE-AUTORIA="5" NRO-ID-CNPQ=""/><AUTORES NOME-COMPLETO-DO-AUTOR="NIMRICHTER, L." NOME-PARA-CITACAO="NIMRICHTER, L." ORDEM-DE-AUTORIA="6" NRO-ID-CNPQ="1080378998643497"/><AUTORES NOME-COMPLETO-DO-AUTOR="RODRIGUES, M. L." NOME-PARA-CITACAO="RODRIGUES, M. L." ORDEM-DE-AUTORIA="7" NRO-ID-CNPQ="3942578011658070"/></ARTIGO-PUBLICADO><ARTIGO-PUBLICADO SEQUENCIA-PRODUCAO="25" ORDEM-IMPORTANCIA=""><DADOS-BASICOS-DO-ARTIGO NATUREZA="COMPLETO" TITULO-DO-ARTIGO="Gomesin, a peptide produced by the spider Acanthoscurria gomesiana, is a potent anti-cryptococcal agent that acts in synergism with fluconazole" ANO-DO-ARTIGO="2007" PAIS-DE-PUBLICACAO="" IDIOMA="Inglês" MEIO-DE-DIVULGACAO="VARIOS" HOME-PAGE-DO-TRABALHO="" FLAG-RELEVANCIA="NAO" DOI="" TITULO-DO-ARTIGO-INGLES="" FLAG-DIVULGACAO-CIENTIFICA="NAO"/><DETALHAMENTO-DO-ARTIGO TITULO-DO-PERIODICO-OU-REVISTA="FEMS Microbiology Letters" ISSN="03781097" VOLUME="274" FASCICULO="" SERIE="2" PAGINA-INICIAL="279" PAGINA-FINAL="286" LOCAL-DE-PUBLICACAO=""/><AUTORES NOME-COMPLETO-DO-AUTOR="Fabiane de Melo Barbosa" NOME-PARA-CITACAO="BARBOSA, F. M." ORDEM-DE-AUTORIA="1" NRO-ID-CNPQ="2511574262172607"/><AUTORES NOME-COMPLETO-DO-AUTOR="Daffre, S" NOME-PARA-CITACAO="Daffre, S" ORDEM-DE-AUTORIA="2" NRO-ID-CNPQ="0778380717624350"/><AUTORES NOME-COMPLETO-DO-AUTOR="Maldonado, R.A" NOME-PARA-CITACAO="Maldonado, R.A" ORDEM-DE-AUTORIA="3" NRO-ID-CNPQ=""/><AUTORES NOME-COMPLETO-DO-AUTOR="Miranda, A." NOME-PARA-CITACAO="Miranda, A." ORDEM-DE-AUTORIA="4" NRO-ID-CNPQ="1357848049935882"/><AUTORES NOME-COMPLETO-DO-AUTOR="NIMRICHTER, L." NOME-PARA-CITACAO="NIMRICHTER, L." ORDEM-DE-AUTORIA="5" NRO-ID-CNPQ="1080378998643497"/><AUTORES NOME-COMPLETO-DO-AUTOR="RODRIGUES, M. L." NOME-PARA-CITACAO="RODRIGUES, M. L." ORDEM-DE-AUTORIA="6" NRO-ID-CNPQ="3942578011658070"/><PALAVRAS-CHAVE PALAVRA-CHAVE-1="Cryptococcus neoformans" PALAVRA-CHAVE-2="Peptídeo antimicrobiano" PALAVRA-CHAVE-3="" PALAVRA-CHAVE-4="" PALAVRA-CHAVE-5="" PALAVRA-CHAVE-6=""/></ARTIGO-PUBLICADO><ARTIGO-PUBLICADO SEQUENCIA-PRODUCAO="9" ORDEM-IMPORTANCIA=""><DADOS-BASICOS-DO-ARTIGO NATUREZA="COMPLETO" TITULO-DO-ARTIGO="Glucuronoxylomannan-mediated interaction of Cryptococcus neoformans with human alveolar cells results in fungal internalization and host cell damage" ANO-DO-ARTIGO="2006" PAIS-DE-PUBLICACAO="" IDIOMA="Português" MEIO-DE-DIVULGACAO="VARIOS" HOME-PAGE-DO-TRABALHO="" FLAG-RELEVANCIA="NAO" DOI="" TITULO-DO-ARTIGO-INGLES="" FLAG-DIVULGACAO-CIENTIFICA="NAO"/><DETALHAMENTO-DO-ARTIGO TITULO-DO-PERIODICO-OU-REVISTA="Microbes and Infection" ISSN="12864579" VOLUME="8" FASCICULO="0" SERIE="2" PAGINA-INICIAL="493/16293436" PAGINA-FINAL="502" LOCAL-DE-PUBLICACAO="in press"/><AUTORES NOME-COMPLETO-DO-AUTOR="Fabiane de Melo Barbosa" NOME-PARA-CITACAO="BARBOSA, F. M." ORDEM-DE-AUTORIA="1" NRO-ID-CNPQ="2511574262172607"/><AUTORES NOME-COMPLETO-DO-AUTOR="FONSECA, F. L" NOME-PARA-CITACAO="FONSECA, F. L" ORDEM-DE-AUTORIA="2" NRO-ID-CNPQ="6458043176592929"/><AUTORES NOME-COMPLETO-DO-AUTOR="HOLANDINO, C." NOME-PARA-CITACAO="HOLANDINO, C." ORDEM-DE-AUTORIA="3" NRO-ID-CNPQ="7921071460655010"/><AUTORES NOME-COMPLETO-DO-AUTOR="ALVIANO, C. S." NOME-PARA-CITACAO="ALVIANO, C. S." ORDEM-DE-AUTORIA="4" NRO-ID-CNPQ="4699032102679552"/><AUTORES NOME-COMPLETO-DO-AUTOR="NIMRICHTER, L." NOME-PARA-CITACAO="NIMRICHTER, L." ORDEM-DE-AUTORIA="5" NRO-ID-CNPQ="1080378998643497"/><AUTORES NOME-COMPLETO-DO-AUTOR="RODRIGUES, M. L." NOME-PARA-CITACAO="RODRIGUES, M. L." ORDEM-DE-AUTORIA="6" NRO-ID-CNPQ="3942578011658070"/></ARTIGO-PUBLICADO></ARTIGOS-PUBLICADOS><ARTIGOS-ACEITOS-PARA-PUBLICACAO><ARTIGO-ACEITO-PARA-PUBLICACAO SEQUENCIA-PRODUCAO="22"><DADOS-BASICOS-DO-ARTIGO NATUREZA="NAO_INFORMADO" TITULO-DO-ARTIGO="An ectophosphatase activity in Candida parapsilosis influences the interaction of fungi with epithelial cells" ANO-DO-ARTIGO="2007" PAIS-DE-PUBLICACAO="" IDIOMA="Inglês" MEIO-DE-DIVULGACAO="NAO_INFORMADO" HOME-PAGE-DO-TRABALHO="" FLAG-RELEVANCIA="NAO" DOI="" TITULO-DO-ARTIGO-INGLES="" FLAG-DIVULGACAO-CIENTIFICA="NAO"/><DETALHAMENTO-DO-ARTIGO TITULO-DO-PERIODICO-OU-REVISTA="FEMS Yeast Research" ISSN="15671356" VOLUME="" FASCICULO="" SERIE="" PAGINA-INICIAL="" PAGINA-FINAL="" LOCAL-DE-PUBLICACAO=""/><AUTORES NOME-COMPLETO-DO-AUTOR="Tina Kiffer-Moreira" NOME-PARA-CITACAO="Tina Kiffer-Moreira" ORDEM-DE-AUTORIA="1" NRO-ID-CNPQ=""/><AUTORES NOME-COMPLETO-DO-AUTOR="Ana Acácia de Sá Pinheiro" NOME-PARA-CITACAO="Ana Acácia de Sá Pinheiro" ORDEM-DE-AUTORIA="2" NRO-ID-CNPQ=""/><AUTORES NOME-COMPLETO-DO-AUTOR="Wagner S. Alviano" NOME-PARA-CITACAO="Wagner S. Alviano" ORDEM-DE-AUTORIA="3" NRO-ID-CNPQ=""/><AUTORES NOME-COMPLETO-DO-AUTOR="Fabiane de Melo Barbosa" NOME-PARA-CITACAO="BARBOSA, F. M." ORDEM-DE-AUTORIA="4" NRO-ID-CNPQ="2511574262172607"/><AUTORES NOME-COMPLETO-DO-AUTOR="Thaís Souto-Padron" NOME-PARA-CITACAO="Souto-Padron, T." ORDEM-DE-AUTORIA="5" NRO-ID-CNPQ=""/><AUTORES NOME-COMPLETO-DO-AUTOR="Leonardo Nimrichter" NOME-PARA-CITACAO="Leonardo Nimrichter" ORDEM-DE-AUTORIA="6" NRO-ID-CNPQ=""/><AUTORES NOME-COMPLETO-DO-AUTOR="Marcio L. Rodrigues" NOME-PARA-CITACAO="Marcio L. Rodrigues" ORDEM-DE-AUTORIA="7" NRO-ID-CNPQ=""/><AUTORES NOME-COMPLETO-DO-AUTOR="Celuta S. Alviano" NOME-PARA-CITACAO="Celuta S. Alviano" ORDEM-DE-AUTORIA="8" NRO-ID-CNPQ=""/><AUTORES NOME-COMPLETO-DO-AUTOR="José Roberto Meyer-Fernandes" NOME-PARA-CITACAO="José Roberto Meyer-Fernandes" ORDEM-DE-AUTORIA="9" NRO-ID-CNPQ=""/></ARTIGO-ACEITO-PARA-PUBLICACAO></ARTIGOS-ACEITOS-PARA-PUBLICACAO></PRODUCAO-BIBLIOGRAFICA><OUTRA-PRODUCAO><ORIENTACOES-CONCLUIDAS><OUTRAS-ORIENTACOES-CONCLUIDAS SEQUENCIA-PRODUCAO="28"><DADOS-BASICOS-DE-OUTRAS-ORIENTACOES-CONCLUIDAS NATUREZA="TRABALHO_DE_CONCLUSAO_DE_CURSO_GRADUACAO" TIPO="" TITULO="HEMOCOMPONENTES E SEU USO CLÍNICO" ANO="2011" PAIS="Brasil" IDIOMA="Português" HOME-PAGE="" FLAG-RELEVANCIA="NAO" DOI="" TITULO-INGLES="" TIPO-INGLES=""/><DETALHAMENTO-DE-OUTRAS-ORIENTACOES-CONCLUIDAS NOME-DO-ORIENTADO="Marcio Carminatti,Renata M. T. dos Santos,Wallace A de Lima" CODIGO-INSTITUICAO="201900000008" NOME-DA-INSTITUICAO="Centro Universitário Augusto Motta" CODIGO-CURSO="90000005" NOME-DO-CURSO="FARMÁCIA" FLAG-BOLSA="NAO" CODIGO-AGENCIA-FINANCIADORA="" NOME-DA-AGENCIA="" TIPO-DE-ORIENTACAO-CONCLUIDA="CO_ORIENTADOR" NUMERO-DE-PAGINAS="" NUMERO-ID-ORIENTADO="" NOME-DO-CURSO-INGLES=""/></OUTRAS-ORIENTACOES-CONCLUIDAS><OUTRAS-ORIENTACOES-CONCLUIDAS SEQUENCIA-PRODUCAO="27"><DADOS-BASICOS-DE-OUTRAS-ORIENTACOES-CONCLUIDAS NATUREZA="TRABALHO_DE_CONCLUSAO_DE_CURSO_GRADUACAO" TIPO="" TITULO="TRIAGEM CLÍNICA DO CANDIDATO A DOADOR" ANO="2011" PAIS="Brasil" IDIOMA="Português" HOME-PAGE="" FLAG-RELEVANCIA="NAO" DOI="" TITULO-INGLES="" TIPO-INGLES=""/><DETALHAMENTO-DE-OUTRAS-ORIENTACOES-CONCLUIDAS NOME-DO-ORIENTADO="Anderson O. Batista, Edna A da Silva, Maura L. G. Trombini" CODIGO-INSTITUICAO="201900000008" NOME-DA-INSTITUICAO="Centro Universitário Augusto Motta" CODIGO-CURSO="90000005" NOME-DO-CURSO="FARMÁCIA" FLAG-BOLSA="NAO" CODIGO-AGENCIA-FINANCIADORA="" NOME-DA-AGENCIA="" TIPO-DE-ORIENTACAO-CONCLUIDA="CO_ORIENTADOR" NUMERO-DE-PAGINAS="" NUMERO-ID-ORIENTADO="" NOME-DO-CURSO-INGLES=""/></OUTRAS-ORIENTACOES-CONCLUIDAS></ORIENTACOES-CONCLUIDAS></OUTRA-PRODUCAO><DADOS-COMPLEMENTARES><PARTICIPACAO-EM-BANCA-TRABALHOS-CONCLUSAO><PARTICIPACAO-EM-BANCA-DE-GRADUACAO SEQUENCIA-PRODUCAO="29"><DADOS-BASICOS-DA-PARTICIPACAO-EM-BANCA-DE-GRADUACAO NATUREZA="Graduação" TITULO="O USO INDISCRIMINADO DA AMOXICILINA" ANO="2010" PAIS="Brasil" IDIOMA="Português" HOME-PAGE="" DOI="" TITULO-INGLES=""/><DETALHAMENTO-DA-PARTICIPACAO-EM-BANCA-DE-GRADUACAO NOME-DO-CANDIDATO="Wladia Coelho Melo" CODIGO-INSTITUICAO="201900000008" NOME-INSTITUICAO="Centro Universitário Augusto Motta" CODIGO-ORGAO="" NOME-ORGAO="" CODIGO-CURSO="90000005" NOME-CURSO="FARMÁCIA" NOME-CURSO-INGLES=""/><PARTICIPANTE-BANCA NOME-COMPLETO-DO-PARTICIPANTE-DA-BANCA="Eduardo F. Pinho" NOME-PARA-CITACAO-DO-PARTICIPANTE-DA-BANCA="Eduardo Pinho" ORDEM-PARTICIPANTE="1" NRO-ID-CNPQ=""/><PARTICIPANTE-BANCA NOME-COMPLETO-DO-PARTICIPANTE-DA-BANCA="Fabiane de Melo Barbosa" NOME-PARA-CITACAO-DO-PARTICIPANTE-DA-BANCA="BARBOSA, F. M." ORDEM-PARTICIPANTE="2" NRO-ID-CNPQ="2511574262172607"/></PARTICIPACAO-EM-BANCA-DE-GRADUACAO><PARTICIPACAO-EM-BANCA-DE-GRADUACAO SEQUENCIA-PRODUCAO="30"><DADOS-BASICOS-DA-PARTICIPACAO-EM-BANCA-DE-GRADUACAO NATUREZA="Graduação" TITULO="CONTRACEPTIVOS DE EMERGÊNICIA" ANO="2010" PAIS="Brasil" IDIOMA="Português" HOME-PAGE="" DOI="" TITULO-INGLES=""/><DETALHAMENTO-DA-PARTICIPACAO-EM-BANCA-DE-GRADUACAO NOME-DO-CANDIDATO="Deise Fonseca, Rodrigo Paulo, Telma Silva" CODIGO-INSTITUICAO="201900000008" NOME-INSTITUICAO="Centro Universitário Augusto Motta" CODIGO-ORGAO="" NOME-ORGAO="" CODIGO-CURSO="90000005" NOME-CURSO="FARMÁCIA" NOME-CURSO-INGLES=""/><PARTICIPANTE-BANCA NOME-COMPLETO-DO-PARTICIPANTE-DA-BANCA="Alessandra M. Teles de Souza" NOME-PARA-CITACAO-DO-PARTICIPANTE-DA-BANCA="Alessandra M.T. Souza" ORDEM-PARTICIPANTE="1" NRO-ID-CNPQ=""/><PARTICIPANTE-BANCA NOME-COMPLETO-DO-PARTICIPANTE-DA-BANCA="Fabiane de Melo Barbosa" NOME-PARA-CITACAO-DO-PARTICIPANTE-DA-BANCA="BARBOSA, F. M." ORDEM-PARTICIPANTE="2" NRO-ID-CNPQ="2511574262172607"/></PARTICIPACAO-EM-BANCA-DE-GRADUACAO><PARTICIPACAO-EM-BANCA-DE-GRADUACAO SEQUENCIA-PRODUCAO="31"><DADOS-BASICOS-DA-PARTICIPACAO-EM-BANCA-DE-GRADUACAO NATUREZA="Graduação" TITULO="DIABETES MELLITUS DO TIPO II : FATORES DE RISCO E DIFICULDADE DE ADESÃO AO TRATAMENTO" ANO="2011" PAIS="Brasil" IDIOMA="Português" HOME-PAGE="" DOI="" TITULO-INGLES=""/><DETALHAMENTO-DA-PARTICIPACAO-EM-BANCA-DE-GRADUACAO NOME-DO-CANDIDATO="Adriano Norat, Maria Campos, Daniel da Ramos, Ramon Pieroni" CODIGO-INSTITUICAO="201900000008" NOME-INSTITUICAO="Centro Universitário Augusto Motta" CODIGO-ORGAO="" NOME-ORGAO="" CODIGO-CURSO="90000005" NOME-CURSO="FARMÁCIA" NOME-CURSO-INGLES=""/><PARTICIPANTE-BANCA NOME-COMPLETO-DO-PARTICIPANTE-DA-BANCA="Glauce Maria Nunes Araujo" NOME-PARA-CITACAO-DO-PARTICIPANTE-DA-BANCA="Glauce M. N. Araujo" ORDEM-PARTICIPANTE="1" NRO-ID-CNPQ=""/><PARTICIPANTE-BANCA NOME-COMPLETO-DO-PARTICIPANTE-DA-BANCA="Gisele Gonçalves Souza" NOME-PARA-CITACAO-DO-PARTICIPANTE-DA-BANCA="Gisele G. Souza" ORDEM-PARTICIPANTE="3" NRO-ID-CNPQ=""/><PARTICIPANTE-BANCA NOME-COMPLETO-DO-PARTICIPANTE-DA-BANCA="Fabiane de Melo Barbosa" NOME-PARA-CITACAO-DO-PARTICIPANTE-DA-BANCA="BARBOSA, F. M." ORDEM-PARTICIPANTE="2" NRO-ID-CNPQ="2511574262172607"/></PARTICIPACAO-EM-BANCA-DE-GRADUACAO><PARTICIPACAO-EM-BANCA-DE-GRADUACAO SEQUENCIA-PRODUCAO="32"><DADOS-BASICOS-DA-PARTICIPACAO-EM-BANCA-DE-GRADUACAO NATUREZA="Graduação" TITULO="ANEMIA FERROPRIVA: IMPORATÂNICA DO USO DE SULFATO FERROSO NO PERÍODO GESTACIONAL" ANO="2011" PAIS="Brasil" IDIOMA="Português" HOME-PAGE="" DOI="" TITULO-INGLES=""/><DETALHAMENTO-DA-PARTICIPACAO-EM-BANCA-DE-GRADUACAO NOME-DO-CANDIDATO="Ana Resende, Celso Oliveira, Emersson Moreira" CODIGO-INSTITUICAO="201900000008" NOME-INSTITUICAO="Centro Universitário Augusto Motta" CODIGO-ORGAO="" NOME-ORGAO="" CODIGO-CURSO="90000005" NOME-CURSO="FARMÁCIA" NOME-CURSO-INGLES=""/><PARTICIPANTE-BANCA NOME-COMPLETO-DO-PARTICIPANTE-DA-BANCA="Glauce Maria Nunes Araujo" NOME-PARA-CITACAO-DO-PARTICIPANTE-DA-BANCA="Glauce M. N. Araujo" ORDEM-PARTICIPANTE="1" NRO-ID-CNPQ=""/><PARTICIPANTE-BANCA NOME-COMPLETO-DO-PARTICIPANTE-DA-BANCA="Gisele Gonçalves Souza" NOME-PARA-CITACAO-DO-PARTICIPANTE-DA-BANCA="Gisele G. Souza" ORDEM-PARTICIPANTE="3" NRO-ID-CNPQ=""/><PARTICIPANTE-BANCA NOME-COMPLETO-DO-PARTICIPANTE-DA-BANCA="Fabiane de Melo Barbosa" NOME-PARA-CITACAO-DO-PARTICIPANTE-DA-BANCA="BARBOSA, F. M." ORDEM-PARTICIPANTE="2" NRO-ID-CNPQ="2511574262172607"/></PARTICIPACAO-EM-BANCA-DE-GRADUACAO></PARTICIPACAO-EM-BANCA-TRABALHOS-CONCLUSAO><PARTICIPACAO-EM-EVENTOS-CONGRESSOS><PARTICIPACAO-EM-CONGRESSO SEQUENCIA-PRODUCAO="17"><PARTICIPANTE-DE-EVENTOS-CONGRESSOS NOME-COMPLETO-DO-PARTICIPANTE-DE-EVENTOS-CONGRESSOS="Fabiane de Melo Barbosa" NOME-PARA-CITACAO-DO-PARTICIPANTE-DE-EVENTOS-CONGRESSOS="BARBOSA, F. M." ORDEM-PARTICIPANTE="1" NRO-ID-CNPQ="2511574262172607"/><DADOS-BASICOS-DA-PARTICIPACAO-EM-CONGRESSO NATUREZA="Congresso" TITULO="N-glycolylneuramic acid as a major component of a sialic acid-rich glycoconjugate from urchin Lytechinus variegates" ANO="2004" PAIS="Brasil" IDIOMA="" MEIO-DE-DIVULGACAO="NAO_INFORMADO" HOME-PAGE-DO-TRABALHO="" FLAG-RELEVANCIA="NAO" TIPO-PARTICIPACAO="Apresentação Oral" FORMA-PARTICIPACAO="Participante" DOI="" TITULO-INGLES="" FLAG-DIVULGACAO-CIENTIFICA="NAO"/><DETALHAMENTO-DA-PARTICIPACAO-EM-CONGRESSO NOME-DO-EVENTO="XXXIII Reunião Anual da Sociedade de Bioquímica e Biologia Molecular" CODIGO-INSTITUICAO="" NOME-INSTITUICAO="" LOCAL-DO-EVENTO="" CIDADE-DO-EVENTO="Caxambú" NOME-DO-EVENTO-INGLES=""/></PARTICIPACAO-EM-CONGRESSO><PARTICIPACAO-EM-CONGRESSO SEQUENCIA-PRODUCAO="18"><PARTICIPANTE-DE-EVENTOS-CONGRESSOS NOME-COMPLETO-DO-PARTICIPANTE-DE-EVENTOS-CONGRESSOS="Fabiane de Melo Barbosa" NOME-PARA-CITACAO-DO-PARTICIPANTE-DE-EVENTOS-CONGRESSOS="BARBOSA, F. M." ORDEM-PARTICIPANTE="1" NRO-ID-CNPQ="2511574262172607"/><DADOS-BASICOS-DA-PARTICIPACAO-EM-CONGRESSO NATUREZA="Congresso" TITULO="Cell wall sialoglycoconjugates in an acapsular mutant of Cryptococccus neoformans," ANO="2003" PAIS="Brasil" IDIOMA="" MEIO-DE-DIVULGACAO="NAO_INFORMADO" HOME-PAGE-DO-TRABALHO="" FLAG-RELEVANCIA="NAO" TIPO-PARTICIPACAO="Poster / Painel" FORMA-PARTICIPACAO="Participante" DOI="" TITULO-INGLES="" FLAG-DIVULGACAO-CIENTIFICA="NAO"/><DETALHAMENTO-DA-PARTICIPACAO-EM-CONGRESSO NOME-DO-EVENTO="XXXII Reunião anual da Sociedade de Bioquímica e Biologia Molecular" CODIGO-INSTITUICAO="" NOME-INSTITUICAO="" LOCAL-DO-EVENTO="" CIDADE-DO-EVENTO="Caxambú" NOME-DO-EVENTO-INGLES=""/></PARTICIPACAO-EM-CONGRESSO><PARTICIPACAO-EM-CONGRESSO SEQUENCIA-PRODUCAO="19"><PARTICIPANTE-DE-EVENTOS-CONGRESSOS NOME-COMPLETO-DO-PARTICIPANTE-DE-EVENTOS-CONGRESSOS="Fabiane de Melo Barbosa" NOME-PARA-CITACAO-DO-PARTICIPANTE-DE-EVENTOS-CONGRESSOS="BARBOSA, F. M." ORDEM-PARTICIPANTE="1" NRO-ID-CNPQ="2511574262172607"/><DADOS-BASICOS-DA-PARTICIPACAO-EM-CONGRESSO NATUREZA="Congresso" TITULO="Interactions between surface structures of Cryptococcus neoformans and gomesin, an antimicrobial peptide produced by Acanthoscurria gomesiana" ANO="2004" PAIS="Brasil" IDIOMA="" MEIO-DE-DIVULGACAO="NAO_INFORMADO" HOME-PAGE-DO-TRABALHO="" FLAG-RELEVANCIA="NAO" TIPO-PARTICIPACAO="Poster / Painel" FORMA-PARTICIPACAO="Participante" DOI="" TITULO-INGLES="" FLAG-DIVULGACAO-CIENTIFICA="NAO"/><DETALHAMENTO-DA-PARTICIPACAO-EM-CONGRESSO NOME-DO-EVENTO="Congresso Brasileiro de Micologia" CODIGO-INSTITUICAO="" NOME-INSTITUICAO="" LOCAL-DO-EVENTO="" CIDADE-DO-EVENTO="Ouro Preto" NOME-DO-EVENTO-INGLES=""/></PARTICIPACAO-EM-CONGRESSO><PARTICIPACAO-EM-CONGRESSO SEQUENCIA-PRODUCAO="16"><PARTICIPANTE-DE-EVENTOS-CONGRESSOS NOME-COMPLETO-DO-PARTICIPANTE-DE-EVENTOS-CONGRESSOS="Fabiane de Melo Barbosa" NOME-PARA-CITACAO-DO-PARTICIPANTE-DE-EVENTOS-CONGRESSOS="BARBOSA, F. M." ORDEM-PARTICIPANTE="1" NRO-ID-CNPQ="2511574262172607"/><DADOS-BASICOS-DA-PARTICIPACAO-EM-CONGRESSO NATUREZA="Congresso" TITULO="Potential Involvement of Glucuronoxylomannan in the Interaction of Cryptococcus neoformans with Human Lung Cells" ANO="2005" PAIS="Brasil" IDIOMA="" MEIO-DE-DIVULGACAO="NAO_INFORMADO" HOME-PAGE-DO-TRABALHO="" FLAG-RELEVANCIA="NAO" TIPO-PARTICIPACAO="Poster / Painel" FORMA-PARTICIPACAO="Participante" DOI="" TITULO-INGLES="" FLAG-DIVULGACAO-CIENTIFICA="NAO"/><DETALHAMENTO-DA-PARTICIPACAO-EM-CONGRESSO NOME-DO-EVENTO="XXXIV Reunião Anual da Sociedade Brasileira de Bioquímica e Biologia Molecular" CODIGO-INSTITUICAO="" NOME-INSTITUICAO="" LOCAL-DO-EVENTO="" CIDADE-DO-EVENTO="Águas de Lindóia" NOME-DO-EVENTO-INGLES=""/></PARTICIPACAO-EM-CONGRESSO><PARTICIPACAO-EM-SIMPOSIO SEQUENCIA-PRODUCAO="14"><PARTICIPANTE-DE-EVENTOS-CONGRESSOS NOME-COMPLETO-DO-PARTICIPANTE-DE-EVENTOS-CONGRESSOS="Fabiane de Melo Barbosa" NOME-PARA-CITACAO-DO-PARTICIPANTE-DE-EVENTOS-CONGRESSOS="BARBOSA, F. M." ORDEM-PARTICIPANTE="1" NRO-ID-CNPQ="2511574262172607"/><DADOS-BASICOS-DA-PARTICIPACAO-EM-SIMPOSIO NATUREZA="Simpósio" TITULO="Glucuronoxiloxylonannan-mediated interaction of Cryptococcus neoformans with human alveolar cells results in fungal internalization and host cell damage" ANO="2005" PAIS="Brasil" IDIOMA="" MEIO-DE-DIVULGACAO="NAO_INFORMADO" HOME-PAGE-DO-TRABALHO="" FLAG-RELEVANCIA="NAO" TIPO-PARTICIPACAO="Poster / Painel" FORMA-PARTICIPACAO="Participante" DOI="" TITULO-INGLES="" FLAG-DIVULGACAO-CIENTIFICA="NAO"/><DETALHAMENTO-DA-PARTICIPACAO-EM-SIMPOSIO NOME-DO-EVENTO="Simpósio Nacional de Micologia Médica: Cromoblastomicose, Lobomicose, Paracocidiodomicose e Criptococose" CODIGO-INSTITUICAO="" NOME-INSTITUICAO="" LOCAL-DO-EVENTO="" CIDADE-DO-EVENTO="Belém" NOME-DO-EVENTO-INGLES=""/></PARTICIPACAO-EM-SIMPOSIO><PARTICIPACAO-EM-SIMPOSIO SEQUENCIA-PRODUCAO="15"><PARTICIPANTE-DE-EVENTOS-CONGRESSOS NOME-COMPLETO-DO-PARTICIPANTE-DE-EVENTOS-CONGRESSOS="Fabiane de Melo Barbosa" NOME-PARA-CITACAO-DO-PARTICIPANTE-DE-EVENTOS-CONGRESSOS="BARBOSA, F. M." ORDEM-PARTICIPANTE="1" NRO-ID-CNPQ="2511574262172607"/><DADOS-BASICOS-DA-PARTICIPACAO-EM-SIMPOSIO NATUREZA="Simpósio" TITULO="Interaction of Cryptococcus neoformans with human alveolar cells: search for glucuronoxilomannan-binding molecules on the host cell surface" ANO="2005" PAIS="Brasil" IDIOMA="" MEIO-DE-DIVULGACAO="NAO_INFORMADO" HOME-PAGE-DO-TRABALHO="" FLAG-RELEVANCIA="NAO" TIPO-PARTICIPACAO="Poster / Painel" FORMA-PARTICIPACAO="Participante" DOI="" TITULO-INGLES="" FLAG-DIVULGACAO-CIENTIFICA="NAO"/><DETALHAMENTO-DA-PARTICIPACAO-EM-SIMPOSIO NOME-DO-EVENTO="Simpósio Nacional de Micologia Médica: Cromoblastomicose, Lobomicose, Paracocidiodomicose e Criptococose" CODIGO-INSTITUICAO="" NOME-INSTITUICAO="" LOCAL-DO-EVENTO="" CIDADE-DO-EVENTO="Belém" NOME-DO-EVENTO-INGLES=""/></PARTICIPACAO-EM-SIMPOSIO><OUTRAS-PARTICIPACOES-EM-EVENTOS-CONGRESSOS SEQUENCIA-PRODUCAO="21"><PARTICIPANTE-DE-EVENTOS-CONGRESSOS NOME-COMPLETO-DO-PARTICIPANTE-DE-EVENTOS-CONGRESSOS="Fabiane de Melo Barbosa" NOME-PARA-CITACAO-DO-PARTICIPANTE-DE-EVENTOS-CONGRESSOS="BARBOSA, F. M." ORDEM-PARTICIPANTE="1" NRO-ID-CNPQ="2511574262172607"/><DADOS-BASICOS-DE-OUTRAS-PARTICIPACOES-EM-EVENTOS-CONGRESSOS NATUREZA="Outra" TITULO="aula: Interação - Cryptoccoccus neoformans com epitélio alveolar" ANO="2005" PAIS="Brasil" IDIOMA="" MEIO-DE-DIVULGACAO="NAO_INFORMADO" HOME-PAGE-DO-TRABALHO="" FLAG-RELEVANCIA="NAO" TIPO-PARTICIPACAO="Outras Formas" FORMA-PARTICIPACAO="Participante" DOI="" TITULO-INGLES="" FLAG-DIVULGACAO-CIENTIFICA="NAO"/><DETALHAMENTO-DE-OUTRAS-PARTICIPACOES-EM-EVENTOS-CONGRESSOS NOME-DO-EVENTO="Semana de Microbiologia e Imunologia - mini-curso de interação de microrganismo com hospedeiro" CODIGO-INSTITUICAO="" NOME-INSTITUICAO="" LOCAL-DO-EVENTO="" CIDADE-DO-EVENTO="Rio de Janeiro" NOME-DO-EVENTO-INGLES=""/></OUTRAS-PARTICIPACOES-EM-EVENTOS-CONGRESSOS></PARTICIPACAO-EM-EVENTOS-CONGRESSOS><INFORMACOES-ADICIONAIS-INSTITUICOES><INFORMACAO-ADICIONAL-INSTITUICAO CODIGO-INSTITUICAO="000100000991" SIGLA-INSTITUICAO="PIBIC" SIGLA-UF-INSTITUICAO="RJ" SIGLA-PAIS-INSTITUICAO="BRA" NOME-PAIS-INSTITUICAO="Brasil" FLAG-AGENCIA-FOMENTO="NAO" FLAG-INSTITUICAO-DE-ENSINO="NAO"/><INFORMACAO-ADICIONAL-INSTITUICAO CODIGO-INSTITUICAO="000200000993" SIGLA-INSTITUICAO="UFRJ" SIGLA-UF-INSTITUICAO="" SIGLA-PAIS-INSTITUICAO="BRA" NOME-PAIS-INSTITUICAO="Brasil" FLAG-AGENCIA-FOMENTO="NAO" FLAG-INSTITUICAO-DE-ENSINO="NAO"/><INFORMACAO-ADICIONAL-INSTITUICAO CODIGO-INSTITUICAO="000300000995" SIGLA-INSTITUICAO="DROGARIA PACHECO" SIGLA-UF-INSTITUICAO="RJ" SIGLA-PAIS-INSTITUICAO="BRA" NOME-PAIS-INSTITUICAO="Brasil" FLAG-AGENCIA-FOMENTO="NAO" FLAG-INSTITUICAO-DE-ENSINO="NAO"/><INFORMACAO-ADICIONAL-INSTITUICAO CODIGO-INSTITUICAO="000400000997" SIGLA-INSTITUICAO="LACFAR" SIGLA-UF-INSTITUICAO="RJ" SIGLA-PAIS-INSTITUICAO="BRA" NOME-PAIS-INSTITUICAO="Brasil" FLAG-AGENCIA-FOMENTO="NAO" FLAG-INSTITUICAO-DE-ENSINO="NAO"/><INFORMACAO-ADICIONAL-INSTITUICAO CODIGO-INSTITUICAO="000401000990" SIGLA-INSTITUICAO="" SIGLA-UF-INSTITUICAO="RJ" SIGLA-PAIS-INSTITUICAO="BRA" NOME-PAIS-INSTITUICAO="Brasil" FLAG-AGENCIA-FOMENTO="NAO" FLAG-INSTITUICAO-DE-ENSINO="NAO"/><INFORMACAO-ADICIONAL-INSTITUICAO CODIGO-INSTITUICAO="002200000000" SIGLA-INSTITUICAO="CNPq" SIGLA-UF-INSTITUICAO="DF" SIGLA-PAIS-INSTITUICAO="BRA" NOME-PAIS-INSTITUICAO="Brasil" FLAG-AGENCIA-FOMENTO="SIM" FLAG-INSTITUICAO-DE-ENSINO="SIM"/><INFORMACAO-ADICIONAL-INSTITUICAO CODIGO-INSTITUICAO="020200000009" SIGLA-INSTITUICAO="UFRJ" SIGLA-UF-INSTITUICAO="RJ" SIGLA-PAIS-INSTITUICAO="BRA" NOME-PAIS-INSTITUICAO="Brasil" FLAG-AGENCIA-FOMENTO="NAO" FLAG-INSTITUICAO-DE-ENSINO="SIM"/><INFORMACAO-ADICIONAL-INSTITUICAO CODIGO-INSTITUICAO="045000000000" SIGLA-INSTITUICAO="CAPES" SIGLA-UF-INSTITUICAO="DF" SIGLA-PAIS-INSTITUICAO="BRA" NOME-PAIS-INSTITUICAO="Brasil" FLAG-AGENCIA-FOMENTO="SIM" FLAG-INSTITUICAO-DE-ENSINO="SIM"/><INFORMACAO-ADICIONAL-INSTITUICAO CODIGO-INSTITUICAO="201900000008" SIGLA-INSTITUICAO="UNISUAM" SIGLA-UF-INSTITUICAO="RJ" SIGLA-PAIS-INSTITUICAO="BRA" NOME-PAIS-INSTITUICAO="Brasil" FLAG-AGENCIA-FOMENTO="NAO" FLAG-INSTITUICAO-DE-ENSINO="SIM"/><INFORMACAO-ADICIONAL-INSTITUICAO CODIGO-INSTITUICAO="J0S200000007" SIGLA-INSTITUICAO="IBEX" SIGLA-UF-INSTITUICAO="RJ" SIGLA-PAIS-INSTITUICAO="BRA" NOME-PAIS-INSTITUICAO="Brasil" FLAG-AGENCIA-FOMENTO="NAO" FLAG-INSTITUICAO-DE-ENSINO="NAO"/><INFORMACAO-ADICIONAL-INSTITUICAO CODIGO-INSTITUICAO="J0S201000990" SIGLA-INSTITUICAO="" SIGLA-UF-INSTITUICAO="" SIGLA-PAIS-INSTITUICAO="BRA" NOME-PAIS-INSTITUICAO="Brasil" FLAG-AGENCIA-FOMENTO="NAO" FLAG-INSTITUICAO-DE-ENSINO="NAO"/></INFORMACOES-ADICIONAIS-INSTITUICOES><INFORMACOES-ADICIONAIS-CURSOS><INFORMACAO-ADICIONAL-CURSO CODIGO-CURSO="31000177" CODIGO-ORGAO="" NOME-ORGAO="" CODIGO-INSTITUICAO="020200000009" NOME-INSTITUICAO="Universidade Federal do Rio de Janeiro" NOME-GRANDE-AREA-DO-CONHECIMENTO="CIENCIAS_BIOLOGICAS" NOME-DA-AREA-DO-CONHECIMENTO="Microbiologia" NOME-DA-SUB-AREA-DO-CONHECIMENTO="" NOME-DA-ESPECIALIDADE="" NIVEL-CURSO="MESTRADO_DOUTORADO"/><INFORMACAO-ADICIONAL-CURSO CODIGO-CURSO="31000177" CODIGO-ORGAO="" NOME-ORGAO="" CODIGO-INSTITUICAO="020200000009" NOME-INSTITUICAO="Universidade Federal do Rio de Janeiro" NOME-GRANDE-AREA-DO-CONHECIMENTO="CIENCIAS_BIOLOGICAS" NOME-DA-AREA-DO-CONHECIMENTO="Microbiologia" NOME-DA-SUB-AREA-DO-CONHECIMENTO="" NOME-DA-ESPECIALIDADE="" NIVEL-CURSO="MESTRADO_DOUTORADO"/><INFORMACAO-ADICIONAL-CURSO CODIGO-CURSO="90000001" CODIGO-ORGAO="" NOME-ORGAO="" CODIGO-INSTITUICAO="020200000009" NOME-INSTITUICAO="Universidade Federal do Rio de Janeiro" NOME-GRANDE-AREA-DO-CONHECIMENTO="CIENCIAS_BIOLOGICAS" NOME-DA-AREA-DO-CONHECIMENTO="Microbiologia" NOME-DA-SUB-AREA-DO-CONHECIMENTO="" NOME-DA-ESPECIALIDADE="" NIVEL-CURSO="GRADUACAO"/><INFORMACAO-ADICIONAL-CURSO CODIGO-CURSO="90000002" CODIGO-ORGAO="" NOME-ORGAO="" CODIGO-INSTITUICAO="000200000993" NOME-INSTITUICAO="UFRJ" NOME-GRANDE-AREA-DO-CONHECIMENTO="CIENCIAS_DA_SAUDE" NOME-DA-AREA-DO-CONHECIMENTO="Farmácia" NOME-DA-SUB-AREA-DO-CONHECIMENTO="" NOME-DA-ESPECIALIDADE="" NIVEL-CURSO="APERFEICOAMENTO"/><INFORMACAO-ADICIONAL-CURSO CODIGO-CURSO="90000003" CODIGO-ORGAO="" NOME-ORGAO="" CODIGO-INSTITUICAO="020200000009" NOME-INSTITUICAO="Universidade Federal do Rio de Janeiro" NOME-GRANDE-AREA-DO-CONHECIMENTO="CIENCIAS_DA_SAUDE" NOME-DA-AREA-DO-CONHECIMENTO="Farmácia" NOME-DA-SUB-AREA-DO-CONHECIMENTO="" NOME-DA-ESPECIALIDADE="" NIVEL-CURSO="APERFEICOAMENTO"/><INFORMACAO-ADICIONAL-CURSO CODIGO-CURSO="90000004" CODIGO-ORGAO="" NOME-ORGAO="" CODIGO-INSTITUICAO="020200000009" NOME-INSTITUICAO="Universidade Federal do Rio de Janeiro" NOME-GRANDE-AREA-DO-CONHECIMENTO="CIENCIAS_DA_SAUDE" NOME-DA-AREA-DO-CONHECIMENTO="Farmácia" NOME-DA-SUB-AREA-DO-CONHECIMENTO="" NOME-DA-ESPECIALIDADE="" NIVEL-CURSO="APERFEICOAMENTO"/><INFORMACAO-ADICIONAL-CURSO CODIGO-CURSO="90000005" CODIGO-ORGAO="" NOME-ORGAO="" CODIGO-INSTITUICAO="201900000008" NOME-INSTITUICAO="Centro Universitário Augusto Motta" NOME-GRANDE-AREA-DO-CONHECIMENTO="CIENCIAS_DA_SAUDE" NOME-DA-AREA-DO-CONHECIMENTO="Farmácia" NOME-DA-SUB-AREA-DO-CONHECIMENTO="" NOME-DA-ESPECIALIDADE="" NIVEL-CURSO="GRADUACAO"/></INFORMACOES-ADICIONAIS-CURSOS></DADOS-COMPLEMENTARES><eventos/></CURRICULO-VITAE>