<CURRICULO-VITAE SISTEMA-ORIGEM-XML="LATTES_OFFLINE" NUMERO-IDENTIFICADOR="8422400366670680" FORMATO-DATA-ATUALIZACAO="DDMMAAAA" DATA-ATUALIZACAO="09122013" FORMATO-HORA-ATUALIZACAO="HHMMSS" HORA-ATUALIZACAO="214158"><DADOS-GERAIS NOME-COMPLETO="Emilson José Tavares" NOME-EM-CITACOES-BIBLIOGRAFICAS="TAVARES, E. J." NACIONALIDADE="B" PAIS-DE-NASCIMENTO="Brasil" FORMATO-DATA-DE-NASCIMENTO="DDMMAAAA" FORMATO-DATA-DE-EMISSAO="DDMMAAAA" PERMISSAO-DE-DIVULGACAO="NAO" DATA-FALECIMENTO=""><RESUMO-CV TEXTO-RESUMO-CV-RH="Possui graduação em Economia pela Universidade Gama Filho (1980), graduação em direito pela Universidade Gama Filho (2001) e especialização  em DOCENCIA DO ENSIO SUPERIOR pela Universidade Gama Filho (1995). Atualmente é professor do Centro Universitário Augusto Motta e professor SUESC e Moacir Bastos." TEXTO-RESUMO-CV-RH-EN="bachelor's at Economia from Universidade Gama Filho (1980), bachelor's at Law from Universidade Gama Filho (2001) and master's at DOCENCIA DO ENSIO SUPERIOR from Universidade Gama Filho (1995)."/><OUTRAS-INFORMACOES-RELEVANTES OUTRAS-INFORMACOES-RELEVANTES=""/><ENDERECO FLAG-DE-PREFERENCIA="ENDERECO_RESIDENCIAL"><ENDERECO-PROFISSIONAL CODIGO-INSTITUICAO-EMPRESA="081200000000" NOME-INSTITUICAO-EMPRESA="Universidade Gama Filho" CODIGO-ORGAO="081204000005" NOME-ORGAO="Conselho Universitário" CODIGO-UNIDADE="" NOME-UNIDADE="" LOGRADOURO-COMPLEMENTO="Rua Manoel Vitorino, 625" PAIS="Brasil" UF="RJ" CEP="20748-000" CIDADE="Rio de Janeiro" BAIRRO="Piedade" DDD="021" TELEFONE="25997272" RAMAL="" FAX="" E-MAIL="emilson.tavares@bol.com.br" HOME-PAGE=""/></ENDERECO><FORMACAO-ACADEMICA-TITULACAO><GRADUACAO SEQUENCIA-FORMACAO="1" NIVEL="1" TITULO-DO-TRABALHO-DE-CONCLUSAO-DE-CURSO="" NOME-DO-ORIENTADOR="" CODIGO-INSTITUICAO="081200000000" NOME-INSTITUICAO="Universidade Gama Filho" CODIGO-CURSO="" NOME-CURSO="Economia" CODIGO-AREA-CURSO="" STATUS-DO-CURSO="CONCLUIDO" ANO-DE-INICIO="1976" ANO-DE-CONCLUSAO="1980" FLAG-BOLSA="NAO" CODIGO-AGENCIA-FINANCIADORA="" NOME-AGENCIA="" NUMERO-ID-ORIENTADOR="" CODIGO-CURSO-CAPES="" TITULO-DO-TRABALHO-DE-CONCLUSAO-DE-CURSO-INGLES="" NOME-CURSO-INGLES="" TIPO-GRADUACAO="" CODIGO-INSTITUICAO-GRAD="" NOME-INSTITUICAO-GRAD="" CODIGO-INSTITUICAO-OUTRA-GRAD="" NOME-INSTITUICAO-OUTRA-GRAD="" NOME-ORIENTADOR-GRAD=""/><GRADUACAO SEQUENCIA-FORMACAO="3" NIVEL="1" TITULO-DO-TRABALHO-DE-CONCLUSAO-DE-CURSO="" NOME-DO-ORIENTADOR="" CODIGO-INSTITUICAO="081200000000" NOME-INSTITUICAO="Universidade Gama Filho" CODIGO-CURSO="60039418" NOME-CURSO="direito" CODIGO-AREA-CURSO="" STATUS-DO-CURSO="CONCLUIDO" ANO-DE-INICIO="1997" ANO-DE-CONCLUSAO="2001" FLAG-BOLSA="NAO" CODIGO-AGENCIA-FINANCIADORA="" NOME-AGENCIA="" NUMERO-ID-ORIENTADOR="" CODIGO-CURSO-CAPES="" TITULO-DO-TRABALHO-DE-CONCLUSAO-DE-CURSO-INGLES="" NOME-CURSO-INGLES="Law" TIPO-GRADUACAO="" CODIGO-INSTITUICAO-GRAD="" NOME-INSTITUICAO-GRAD="" CODIGO-INSTITUICAO-OUTRA-GRAD="" NOME-INSTITUICAO-OUTRA-GRAD="" NOME-ORIENTADOR-GRAD=""/><ESPECIALIZACAO SEQUENCIA-FORMACAO="4" NIVEL="2" TITULO-DA-MONOGRAFIA="Educação e Desenvolvimento" NOME-DO-ORIENTADOR="" CODIGO-INSTITUICAO="081200000000" NOME-INSTITUICAO="Universidade Gama Filho" CODIGO-CURSO="" NOME-CURSO="DIDÁTICA DE ENSINO SUPERIOR" STATUS-DO-CURSO="CONCLUIDO" ANO-DE-INICIO="1994" ANO-DE-CONCLUSAO="1995" FLAG-BOLSA="NAO" CODIGO-AGENCIA-FINANCIADORA="" NOME-AGENCIA="" CARGA-HORARIA="360" TITULO-DA-MONOGRAFIA-INGLES="" NOME-CURSO-INGLES=""/><MESTRADO SEQUENCIA-FORMACAO="5" NIVEL="3" CODIGO-INSTITUICAO="081200000000" NOME-INSTITUICAO="Universidade Gama Filho" CODIGO-CURSO="" NOME-CURSO="DOCENCIA DO ENSIO SUPERIOR" CODIGO-AREA-CURSO="" STATUS-DO-CURSO="CONCLUIDO" ANO-DE-INICIO="1995" ANO-DE-CONCLUSAO="1995" FLAG-BOLSA="NAO" CODIGO-AGENCIA-FINANCIADORA="" NOME-AGENCIA="" ANO-DE-OBTENCAO-DO-TITULO="1996" TITULO-DA-DISSERTACAO-TESE="EDUCACAO E DESENVOLVIMENTO ECONOMICO" NOME-COMPLETO-DO-ORIENTADOR="GILSILENE GOMES CAJU" TIPO-MESTRADO="" NUMERO-ID-ORIENTADOR="" CODIGO-CURSO-CAPES="" TITULO-DA-DISSERTACAO-TESE-INGLES="" NOME-CURSO-INGLES="" NOME-DO-CO-ORIENTADOR="" CODIGO-INSTITUICAO-DOUT="" NOME-INSTITUICAO-DOUT="" CODIGO-INSTITUICAO-OUTRA-DOUT="" NOME-INSTITUICAO-OUTRA-DOUT="" NOME-ORIENTADOR-DOUT=""><conceitoCapes/></MESTRADO></FORMACAO-ACADEMICA-TITULACAO><ATUACOES-PROFISSIONAIS><ATUACAO-PROFISSIONAL CODIGO-INSTITUICAO="081200000000" NOME-INSTITUICAO="Universidade Gama Filho" SEQUENCIA-ATIVIDADE="1" SEQUENCIA-IMPORTANCIA=""><VINCULOS SEQUENCIA-HISTORICO="1" TIPO-DE-VINCULO="LIVRE" ENQUADRAMENTO-FUNCIONAL="LIVRE" CARGA-HORARIA-SEMANAL="8" FLAG-DEDICACAO-EXCLUSIVA="NAO" MES-INICIO="05" ANO-INICIO="1985" MES-FIM="" ANO-FIM="" OUTRAS-INFORMACOES="PROFESSOR DAS DISCIPLINAS DIREITO TRIBUTÁRIO I E II" FLAG-VINCULO-EMPREGATICIO="NAO" OUTRO-VINCULO-INFORMADO="Celetista formal" OUTRO-ENQUADRAMENTO-FUNCIONAL-INFORMADO="PROFESSOR TITULAR" OUTRO-ENQUADRAMENTO-FUNCIONAL-INFORMADO-INGLES="" OUTRAS-INFORMACOES-INGLES=""/><ATIVIDADES-DE-ENSINO><ENSINO SEQUENCIA-FUNCAO-ATIVIDADE="1" FLAG-PERIODO="ATUAL" TIPO-ENSINO="GRADUACAO" MES-INICIO="05" ANO-INICIO="1981" MES-FIM="" ANO-FIM="" CODIGO-ORGAO="" NOME-ORGAO="" CODIGO-CURSO="60039418" NOME-CURSO="direito" NOME-CURSO-INGLES=""><DISCIPLINA SEQUENCIA-ESPECIFICACAO="1">METODOLOGIA DA PESQUISA</DISCIPLINA></ENSINO></ATIVIDADES-DE-ENSINO><atividadesProfissionaisPlanificadas/></ATUACAO-PROFISSIONAL><ATUACAO-PROFISSIONAL CODIGO-INSTITUICAO="985600042720" NOME-INSTITUICAO="Centro Universitário da Cidade" SEQUENCIA-ATIVIDADE="2" SEQUENCIA-IMPORTANCIA=""><VINCULOS SEQUENCIA-HISTORICO="1" TIPO-DE-VINCULO="LIVRE" ENQUADRAMENTO-FUNCIONAL="LIVRE" CARGA-HORARIA-SEMANAL="" FLAG-DEDICACAO-EXCLUSIVA="NAO" MES-INICIO="" ANO-INICIO="2001" MES-FIM="" ANO-FIM="2009" OUTRAS-INFORMACOES="" FLAG-VINCULO-EMPREGATICIO="NAO" OUTRO-VINCULO-INFORMADO="Celetista formal" OUTRO-ENQUADRAMENTO-FUNCIONAL-INFORMADO="PROFESSOR" OUTRO-ENQUADRAMENTO-FUNCIONAL-INFORMADO-INGLES="" OUTRAS-INFORMACOES-INGLES=""/><atividadesProfissionaisPlanificadas/></ATUACAO-PROFISSIONAL><ATUACAO-PROFISSIONAL CODIGO-INSTITUICAO="201900000008" NOME-INSTITUICAO="Centro Universitário Augusto Motta" SEQUENCIA-ATIVIDADE="3" SEQUENCIA-IMPORTANCIA=""><VINCULOS SEQUENCIA-HISTORICO="1" TIPO-DE-VINCULO="LIVRE" ENQUADRAMENTO-FUNCIONAL="LIVRE" CARGA-HORARIA-SEMANAL="" FLAG-DEDICACAO-EXCLUSIVA="NAO" MES-INICIO="02" ANO-INICIO="2004" MES-FIM="" ANO-FIM="" OUTRAS-INFORMACOES="" FLAG-VINCULO-EMPREGATICIO="NAO" OUTRO-VINCULO-INFORMADO="Celetista formal" OUTRO-ENQUADRAMENTO-FUNCIONAL-INFORMADO="PROFESSOR" OUTRO-ENQUADRAMENTO-FUNCIONAL-INFORMADO-INGLES="" OUTRAS-INFORMACOES-INGLES=""/><atividadesProfissionaisPlanificadas/></ATUACAO-PROFISSIONAL></ATUACOES-PROFISSIONAIS><staValidado/><dataExibicao/><dadosBolsista/></DADOS-GERAIS><PRODUCAO-TECNICA><DEMAIS-TIPOS-DE-PRODUCAO-TECNICA><APRESENTACAO-DE-TRABALHO SEQUENCIA-PRODUCAO="2"><DADOS-BASICOS-DA-APRESENTACAO-DE-TRABALHO NATUREZA="OUTRA" TITULO="OS DIREITOS HUMANOS SOB O OLHAR DO DIREITO E DO SERVIÇO SOCIAL" ANO="2008" PAIS="Brasil" IDIOMA="Português" FLAG-RELEVANCIA="SIM" TITULO-INGLES="" FLAG-DIVULGACAO-CIENTIFICA="NAO"/><DETALHAMENTO-DA-APRESENTACAO-DE-TRABALHO NOME-DO-EVENTO="VI SEMANA ACADEMICA DAS CIENCIAS SOCIAIS" INSTITUICAO-PROMOTORA="CENTRO UNIVERSITARIO AUGUSTO MOTTA" LOCAL-DA-APRESENTACAO="RIO DE JANEIRO" CIDADE-DA-APRESENTACAO="" NOME-DO-EVENTO-INGLES=""/><AUTORES NOME-COMPLETO-DO-AUTOR="Emilson José Tavares" NOME-PARA-CITACAO="TAVARES, E. J." ORDEM-DE-AUTORIA="1"/><INFORMACOES-ADICIONAIS DESCRICAO-INFORMACOES-ADICIONAIS="" DESCRICAO-INFORMACOES-ADICIONAIS-INGLES=""/></APRESENTACAO-DE-TRABALHO><APRESENTACAO-DE-TRABALHO SEQUENCIA-PRODUCAO="4"><DADOS-BASICOS-DA-APRESENTACAO-DE-TRABALHO NATUREZA="OUTRA" TITULO="FILME O HOMEM QUE COPIAVA" ANO="2006" PAIS="Brasil" IDIOMA="Português" FLAG-RELEVANCIA="NAO" TITULO-INGLES="" FLAG-DIVULGACAO-CIENTIFICA="NAO"/><DETALHAMENTO-DA-APRESENTACAO-DE-TRABALHO NOME-DO-EVENTO="IV JORNADA PEDAGOGICA  -  DIVERSIDADE, CULTURA E INCLUSAO SOCIAL DAS CIENCIAS SOCIAIS APLICAADS" INSTITUICAO-PROMOTORA="CENTRO UNIVERSITARIO AUGUSTO MOTTA" LOCAL-DA-APRESENTACAO="RIO DE JANEIRO" CIDADE-DA-APRESENTACAO="" NOME-DO-EVENTO-INGLES=""/><AUTORES NOME-COMPLETO-DO-AUTOR="Emilson José Tavares" NOME-PARA-CITACAO="TAVARES, E. J." ORDEM-DE-AUTORIA="1"/><INFORMACOES-ADICIONAIS DESCRICAO-INFORMACOES-ADICIONAIS="" DESCRICAO-INFORMACOES-ADICIONAIS-INGLES=""/></APRESENTACAO-DE-TRABALHO></DEMAIS-TIPOS-DE-PRODUCAO-TECNICA></PRODUCAO-TECNICA><OUTRA-PRODUCAO><ORIENTACOES-CONCLUIDAS><OUTRAS-ORIENTACOES-CONCLUIDAS SEQUENCIA-PRODUCAO="7"><DADOS-BASICOS-DE-OUTRAS-ORIENTACOES-CONCLUIDAS NATUREZA="TRABALHO_DE_CONCLUSAO_DE_CURSO_GRADUACAO" TIPO="" TITULO="O Fato gerador da obrigação Tributária" ANO="2008" PAIS="Brasil" IDIOMA="Português" HOME-PAGE="" FLAG-RELEVANCIA="NAO" DOI="" TITULO-INGLES="" TIPO-INGLES=""/><DETALHAMENTO-DE-OUTRAS-ORIENTACOES-CONCLUIDAS NOME-DO-ORIENTADO="Bruno Luiz Mariano Lima" CODIGO-INSTITUICAO="081200000000" NOME-DA-INSTITUICAO="Universidade Gama Filho" CODIGO-CURSO="60039418" NOME-DO-CURSO="direito" FLAG-BOLSA="NAO" CODIGO-AGENCIA-FINANCIADORA="" NOME-DA-AGENCIA="" TIPO-DE-ORIENTACAO-CONCLUIDA="" NUMERO-DE-PAGINAS="" NUMERO-ID-ORIENTADO="" NOME-DO-CURSO-INGLES=""/><INFORMACOES-ADICIONAIS DESCRICAO-INFORMACOES-ADICIONAIS="" DESCRICAO-INFORMACOES-ADICIONAIS-INGLES=""/></OUTRAS-ORIENTACOES-CONCLUIDAS></ORIENTACOES-CONCLUIDAS></OUTRA-PRODUCAO><DADOS-COMPLEMENTARES><PARTICIPACAO-EM-BANCA-TRABALHOS-CONCLUSAO><PARTICIPACAO-EM-BANCA-DE-GRADUACAO SEQUENCIA-PRODUCAO="8"><DADOS-BASICOS-DA-PARTICIPACAO-EM-BANCA-DE-GRADUACAO NATUREZA="Graduação" TITULO="Adoção de homossexuais no Brasil: Estudo Geral" ANO="2009" PAIS="Brasil" IDIOMA="Português" HOME-PAGE="" DOI="" TITULO-INGLES=""/><DETALHAMENTO-DA-PARTICIPACAO-EM-BANCA-DE-GRADUACAO NOME-DO-CANDIDATO="Georgia Pacheco G. da Silva" CODIGO-INSTITUICAO="081200000000" NOME-INSTITUICAO="Universidade Gama Filho" CODIGO-CURSO="60039418" NOME-CURSO="direito" NOME-CURSO-INGLES=""/><PARTICIPANTE-BANCA NOME-COMPLETO-DO-PARTICIPANTE-DA-BANCA="Emilson José Tavares" NOME-PARA-CITACAO-DO-PARTICIPANTE-DA-BANCA="TAVARES, E. J." ORDEM-PARTICIPANTE="1"/><INFORMACOES-ADICIONAIS DESCRICAO-INFORMACOES-ADICIONAIS="" DESCRICAO-INFORMACOES-ADICIONAIS-INGLES=""/></PARTICIPACAO-EM-BANCA-DE-GRADUACAO><PARTICIPACAO-EM-BANCA-DE-GRADUACAO SEQUENCIA-PRODUCAO="9"><DADOS-BASICOS-DA-PARTICIPACAO-EM-BANCA-DE-GRADUACAO NATUREZA="Graduação" TITULO="Responsabilidade Civil na separaçãojudicial contenciosa" ANO="2009" PAIS="Brasil" IDIOMA="Português" HOME-PAGE="" DOI="" TITULO-INGLES=""/><DETALHAMENTO-DA-PARTICIPACAO-EM-BANCA-DE-GRADUACAO NOME-DO-CANDIDATO="Felipe Esteves Ferreira" CODIGO-INSTITUICAO="081200000000" NOME-INSTITUICAO="Universidade Gama Filho" CODIGO-CURSO="60039418" NOME-CURSO="direito" NOME-CURSO-INGLES=""/><PARTICIPANTE-BANCA NOME-COMPLETO-DO-PARTICIPANTE-DA-BANCA="Emilson José Tavares" NOME-PARA-CITACAO-DO-PARTICIPANTE-DA-BANCA="TAVARES, E. J." ORDEM-PARTICIPANTE="1"/><INFORMACOES-ADICIONAIS DESCRICAO-INFORMACOES-ADICIONAIS="" DESCRICAO-INFORMACOES-ADICIONAIS-INGLES=""/></PARTICIPACAO-EM-BANCA-DE-GRADUACAO><PARTICIPACAO-EM-BANCA-DE-GRADUACAO SEQUENCIA-PRODUCAO="10"><DADOS-BASICOS-DA-PARTICIPACAO-EM-BANCA-DE-GRADUACAO NATUREZA="Graduação" TITULO="Interceptações Telefônicas: A análise do Inciso XII doartigo 5º da Constituição Federal" ANO="2010" PAIS="Brasil" IDIOMA="Português" HOME-PAGE="" DOI="" TITULO-INGLES=""/><DETALHAMENTO-DA-PARTICIPACAO-EM-BANCA-DE-GRADUACAO NOME-DO-CANDIDATO="Luis Eduardo B. Trajano" CODIGO-INSTITUICAO="081200000000" NOME-INSTITUICAO="Universidade Gama Filho" CODIGO-CURSO="60039418" NOME-CURSO="direito" NOME-CURSO-INGLES=""/><PARTICIPANTE-BANCA NOME-COMPLETO-DO-PARTICIPANTE-DA-BANCA="Emilson José Tavares" NOME-PARA-CITACAO-DO-PARTICIPANTE-DA-BANCA="TAVARES, E. J." ORDEM-PARTICIPANTE="1"/><INFORMACOES-ADICIONAIS DESCRICAO-INFORMACOES-ADICIONAIS="" DESCRICAO-INFORMACOES-ADICIONAIS-INGLES=""/></PARTICIPACAO-EM-BANCA-DE-GRADUACAO><PARTICIPACAO-EM-BANCA-DE-GRADUACAO SEQUENCIA-PRODUCAO="11"><DADOS-BASICOS-DA-PARTICIPACAO-EM-BANCA-DE-GRADUACAO NATUREZA="Graduação" TITULO="Redução da maioridade penal no direito Brasileiro: análise da legislação,doutrina e opinião dosoperadores do Direito" ANO="2010" PAIS="Brasil" IDIOMA="Português" HOME-PAGE="" DOI="" TITULO-INGLES=""/><DETALHAMENTO-DA-PARTICIPACAO-EM-BANCA-DE-GRADUACAO NOME-DO-CANDIDATO="Raphael Antônio de L. Pereira" CODIGO-INSTITUICAO="081200000000" NOME-INSTITUICAO="Universidade Gama Filho" CODIGO-CURSO="60039418" NOME-CURSO="direito" NOME-CURSO-INGLES=""/><PARTICIPANTE-BANCA NOME-COMPLETO-DO-PARTICIPANTE-DA-BANCA="Emilson José Tavares" NOME-PARA-CITACAO-DO-PARTICIPANTE-DA-BANCA="TAVARES, E. J." ORDEM-PARTICIPANTE="1"/><INFORMACOES-ADICIONAIS DESCRICAO-INFORMACOES-ADICIONAIS="" DESCRICAO-INFORMACOES-ADICIONAIS-INGLES=""/></PARTICIPACAO-EM-BANCA-DE-GRADUACAO><PARTICIPACAO-EM-BANCA-DE-GRADUACAO SEQUENCIA-PRODUCAO="16"><DADOS-BASICOS-DA-PARTICIPACAO-EM-BANCA-DE-GRADUACAO NATUREZA="Graduação" TITULO="MEDIAÇÃO FAMILIA COMO FORMA ALTERNATIVA DE RESOLUÇÃO DAS CONTROVERSIAS FAMILIARES" ANO="2013" PAIS="Brasil" IDIOMA="Português" HOME-PAGE="" DOI="" TITULO-INGLES="MEDIAÇÃO FAMILIA COMO FORMA ALTERNATIVA DE RESOLUÇÃO DAS CONTROVERSIAS FAMILIARES"/><DETALHAMENTO-DA-PARTICIPACAO-EM-BANCA-DE-GRADUACAO NOME-DO-CANDIDATO="MONIQUE MARTINS DA LAPA SOUZA" CODIGO-INSTITUICAO="201900000008" NOME-INSTITUICAO="Centro Universitário Augusto Motta" CODIGO-CURSO="60244720" NOME-CURSO="Direito" NOME-CURSO-INGLES=""/><PARTICIPANTE-BANCA NOME-COMPLETO-DO-PARTICIPANTE-DA-BANCA="SIMONE SOUZA" NOME-PARA-CITACAO-DO-PARTICIPANTE-DA-BANCA="SOUZA, S." ORDEM-PARTICIPANTE="2" NRO-ID-CNPQ=""/><PARTICIPANTE-BANCA NOME-COMPLETO-DO-PARTICIPANTE-DA-BANCA="MONIQUE DA SILVA ABREU" NOME-PARA-CITACAO-DO-PARTICIPANTE-DA-BANCA="ABREU, M. S." ORDEM-PARTICIPANTE="3" NRO-ID-CNPQ=""/><PARTICIPANTE-BANCA NOME-COMPLETO-DO-PARTICIPANTE-DA-BANCA="Emilson José Tavares" NOME-PARA-CITACAO-DO-PARTICIPANTE-DA-BANCA="TAVARES, E. J." ORDEM-PARTICIPANTE="1"/><AREAS-DO-CONHECIMENTO><AREA-DO-CONHECIMENTO-1 NOME-GRANDE-AREA-DO-CONHECIMENTO="CIENCIAS_SOCIAIS_APLICADAS" NOME-DA-AREA-DO-CONHECIMENTO="Direito" NOME-DA-SUB-AREA-DO-CONHECIMENTO="Direito Público" NOME-DA-ESPECIALIDADE="Direito Processual Civil"/></AREAS-DO-CONHECIMENTO><INFORMACOES-ADICIONAIS DESCRICAO-INFORMACOES-ADICIONAIS="" DESCRICAO-INFORMACOES-ADICIONAIS-INGLES=""/></PARTICIPACAO-EM-BANCA-DE-GRADUACAO><PARTICIPACAO-EM-BANCA-DE-GRADUACAO SEQUENCIA-PRODUCAO="17"><DADOS-BASICOS-DA-PARTICIPACAO-EM-BANCA-DE-GRADUACAO NATUREZA="Graduação" TITULO="CONVENÇÃO HAIA SOBRE OS ASPECTOS CIVIS DO SEQUESTRO INTERNACIONAL DE CRIANÇA" ANO="2013" PAIS="Brasil" IDIOMA="Português" HOME-PAGE="" DOI="" TITULO-INGLES="CONVENÇÃO HAIA SOBRE OS ASPECTOS CIVIS DO SEQUESTRO INTERNACIONAL DE CRIANÇA"/><DETALHAMENTO-DA-PARTICIPACAO-EM-BANCA-DE-GRADUACAO NOME-DO-CANDIDATO="ROSILEIKA FLÔR VIEIRA BERDAL" CODIGO-INSTITUICAO="201900000008" NOME-INSTITUICAO="Centro Universitário Augusto Motta" CODIGO-CURSO="60244720" NOME-CURSO="Direito" NOME-CURSO-INGLES=""/><PARTICIPANTE-BANCA NOME-COMPLETO-DO-PARTICIPANTE-DA-BANCA="SIMONE SOUZA" NOME-PARA-CITACAO-DO-PARTICIPANTE-DA-BANCA="SOUZA, S." ORDEM-PARTICIPANTE="2" NRO-ID-CNPQ=""/><PARTICIPANTE-BANCA NOME-COMPLETO-DO-PARTICIPANTE-DA-BANCA="MONIQUE DA SILVA ABREU" NOME-PARA-CITACAO-DO-PARTICIPANTE-DA-BANCA="ABREU, M. S." ORDEM-PARTICIPANTE="3" NRO-ID-CNPQ=""/><PARTICIPANTE-BANCA NOME-COMPLETO-DO-PARTICIPANTE-DA-BANCA="Emilson José Tavares" NOME-PARA-CITACAO-DO-PARTICIPANTE-DA-BANCA="TAVARES, E. J." ORDEM-PARTICIPANTE="1"/><PALAVRAS-CHAVE PALAVRA-CHAVE-1="CONVENÇÃO DE HAIA" PALAVRA-CHAVE-2="" PALAVRA-CHAVE-3="" PALAVRA-CHAVE-4="" PALAVRA-CHAVE-5="" PALAVRA-CHAVE-6=""/><AREAS-DO-CONHECIMENTO><AREA-DO-CONHECIMENTO-1 NOME-GRANDE-AREA-DO-CONHECIMENTO="CIENCIAS_SOCIAIS_APLICADAS" NOME-DA-AREA-DO-CONHECIMENTO="Direito" NOME-DA-SUB-AREA-DO-CONHECIMENTO="Direito Público" NOME-DA-ESPECIALIDADE="Direito Internacional Público"/></AREAS-DO-CONHECIMENTO><INFORMACOES-ADICIONAIS DESCRICAO-INFORMACOES-ADICIONAIS="" DESCRICAO-INFORMACOES-ADICIONAIS-INGLES=""/></PARTICIPACAO-EM-BANCA-DE-GRADUACAO></PARTICIPACAO-EM-BANCA-TRABALHOS-CONCLUSAO><PARTICIPACAO-EM-EVENTOS-CONGRESSOS><PARTICIPACAO-EM-SEMINARIO SEQUENCIA-PRODUCAO="18"><PARTICIPANTE-DE-EVENTOS-CONGRESSOS NOME-COMPLETO-DO-PARTICIPANTE-DE-EVENTOS-CONGRESSOS="Emilson José Tavares" NOME-PARA-CITACAO-DO-PARTICIPANTE-DE-EVENTOS-CONGRESSOS="TAVARES, E. J." ORDEM-PARTICIPANTE="1"/><INFORMACOES-ADICIONAIS DESCRICAO-INFORMACOES-ADICIONAIS="" DESCRICAO-INFORMACOES-ADICIONAIS-INGLES=""/><DADOS-BASICOS-DA-PARTICIPACAO-EM-SEMINARIO NATUREZA="Seminário" TITULO="CONVERSANDO SOBRE DIFICULDADES DE APRENDIZADO NO COTIDIANO" ANO="2011" PAIS="Brasil" IDIOMA="" MEIO-DE-DIVULGACAO="NAO_INFORMADO" HOME-PAGE-DO-TRABALHO="" FLAG-RELEVANCIA="NAO" TIPO-PARTICIPACAO="Apresentação oral" FORMA-PARTICIPACAO="Participante" DOI="" TITULO-INGLES="CONVERSANDO SOBRE DIFICULDADES DE APRENDIZADO NO COTIDIANO" FLAG-DIVULGACAO-CIENTIFICA="NAO"/><DETALHAMENTO-DA-PARTICIPACAO-EM-SEMINARIO NOME-DO-EVENTO="CONVERSANDO SOBRE DIFICULDADES DE APRENDIZADO NO COTIDIANO" NOME-INSTITUICAO="" LOCAL-DO-EVENTO="" CIDADE-DO-EVENTO="RIO DE JANEIRO" NOME-DO-EVENTO-INGLES=""/></PARTICIPACAO-EM-SEMINARIO><PARTICIPACAO-EM-SIMPOSIO SEQUENCIA-PRODUCAO="12"><PARTICIPANTE-DE-EVENTOS-CONGRESSOS NOME-COMPLETO-DO-PARTICIPANTE-DE-EVENTOS-CONGRESSOS="Emilson José Tavares" NOME-PARA-CITACAO-DO-PARTICIPANTE-DE-EVENTOS-CONGRESSOS="TAVARES, E. J." ORDEM-PARTICIPANTE="1"/><INFORMACOES-ADICIONAIS DESCRICAO-INFORMACOES-ADICIONAIS="" DESCRICAO-INFORMACOES-ADICIONAIS-INGLES=""/><DADOS-BASICOS-DA-PARTICIPACAO-EM-SIMPOSIO NATUREZA="Simpósio" TITULO="Antecipação de Tutela" ANO="2008" PAIS="Brasil" IDIOMA="" MEIO-DE-DIVULGACAO="NAO_INFORMADO" HOME-PAGE-DO-TRABALHO="" FLAG-RELEVANCIA="NAO" TIPO-PARTICIPACAO="Apresentação Oral" FORMA-PARTICIPACAO="Participante" DOI="" TITULO-INGLES="" FLAG-DIVULGACAO-CIENTIFICA="NAO"/><DETALHAMENTO-DA-PARTICIPACAO-EM-SIMPOSIO NOME-DO-EVENTO="VI Semana Acadêmica das Ciências Sociais Aplicadas" NOME-INSTITUICAO="" LOCAL-DO-EVENTO="" CIDADE-DO-EVENTO="Rio de Janeiro" NOME-DO-EVENTO-INGLES=""/></PARTICIPACAO-EM-SIMPOSIO><PARTICIPACAO-EM-SIMPOSIO SEQUENCIA-PRODUCAO="14"><PARTICIPANTE-DE-EVENTOS-CONGRESSOS NOME-COMPLETO-DO-PARTICIPANTE-DE-EVENTOS-CONGRESSOS="Emilson José Tavares" NOME-PARA-CITACAO-DO-PARTICIPANTE-DE-EVENTOS-CONGRESSOS="TAVARES, E. J." ORDEM-PARTICIPANTE="1"/><INFORMACOES-ADICIONAIS DESCRICAO-INFORMACOES-ADICIONAIS="" DESCRICAO-INFORMACOES-ADICIONAIS-INGLES=""/><DADOS-BASICOS-DA-PARTICIPACAO-EM-SIMPOSIO NATUREZA="Simpósio" TITULO="" ANO="2010" PAIS="Brasil" IDIOMA="" MEIO-DE-DIVULGACAO="NAO_INFORMADO" HOME-PAGE-DO-TRABALHO="" FLAG-RELEVANCIA="NAO" TIPO-PARTICIPACAO="" FORMA-PARTICIPACAO="Ouvinte" DOI="" TITULO-INGLES="" FLAG-DIVULGACAO-CIENTIFICA="NAO"/><DETALHAMENTO-DA-PARTICIPACAO-EM-SIMPOSIO NOME-DO-EVENTO="Simpósio de Docência Superior" NOME-INSTITUICAO="" LOCAL-DO-EVENTO="" CIDADE-DO-EVENTO="Rio de Janeiro" NOME-DO-EVENTO-INGLES=""/></PARTICIPACAO-EM-SIMPOSIO><PARTICIPACAO-EM-ENCONTRO SEQUENCIA-PRODUCAO="5"><PARTICIPANTE-DE-EVENTOS-CONGRESSOS NOME-COMPLETO-DO-PARTICIPANTE-DE-EVENTOS-CONGRESSOS="Emilson José Tavares" NOME-PARA-CITACAO-DO-PARTICIPANTE-DE-EVENTOS-CONGRESSOS="TAVARES, E. J." ORDEM-PARTICIPANTE="1"/><INFORMACOES-ADICIONAIS DESCRICAO-INFORMACOES-ADICIONAIS="" DESCRICAO-INFORMACOES-ADICIONAIS-INGLES=""/><DADOS-BASICOS-DA-PARTICIPACAO-EM-ENCONTRO NATUREZA="Encontro" TITULO="" ANO="2009" PAIS="Brasil" IDIOMA="" MEIO-DE-DIVULGACAO="NAO_INFORMADO" HOME-PAGE-DO-TRABALHO="" FLAG-RELEVANCIA="NAO" TIPO-PARTICIPACAO="" FORMA-PARTICIPACAO="Ouvinte" DOI="" TITULO-INGLES="" FLAG-DIVULGACAO-CIENTIFICA="NAO"/><DETALHAMENTO-DA-PARTICIPACAO-EM-ENCONTRO NOME-DO-EVENTO="ENCONTRO PREPARATORIO ABEDi RIO 2009" NOME-INSTITUICAO="" LOCAL-DO-EVENTO="" CIDADE-DO-EVENTO="RIO D JANEIRO" NOME-DO-EVENTO-INGLES=""/></PARTICIPACAO-EM-ENCONTRO><OUTRAS-PARTICIPACOES-EM-EVENTOS-CONGRESSOS SEQUENCIA-PRODUCAO="1"><PARTICIPANTE-DE-EVENTOS-CONGRESSOS NOME-COMPLETO-DO-PARTICIPANTE-DE-EVENTOS-CONGRESSOS="Emilson José Tavares" NOME-PARA-CITACAO-DO-PARTICIPANTE-DE-EVENTOS-CONGRESSOS="TAVARES, E. J." ORDEM-PARTICIPANTE="1"/><INFORMACOES-ADICIONAIS DESCRICAO-INFORMACOES-ADICIONAIS="" DESCRICAO-INFORMACOES-ADICIONAIS-INGLES=""/><DADOS-BASICOS-DE-OUTRAS-PARTICIPACOES-EM-EVENTOS-CONGRESSOS NATUREZA="Outra" TITULO="OS DIREITOS HUMANOS SOB O OLHAR DO DIREITO E DO SERVIÇO SOCIAL" ANO="2008" PAIS="Brasil" IDIOMA="" MEIO-DE-DIVULGACAO="NAO_INFORMADO" HOME-PAGE-DO-TRABALHO="" FLAG-RELEVANCIA="NAO" TIPO-PARTICIPACAO="Apresentação Oral" FORMA-PARTICIPACAO="Participante" DOI="" TITULO-INGLES="" FLAG-DIVULGACAO-CIENTIFICA="NAO"/><DETALHAMENTO-DE-OUTRAS-PARTICIPACOES-EM-EVENTOS-CONGRESSOS NOME-DO-EVENTO="VI SEMANA ACADEMICA DAS CIENCIAS SOCIAIS" NOME-INSTITUICAO="" LOCAL-DO-EVENTO="" CIDADE-DO-EVENTO="RIO DE JANEIRO" NOME-DO-EVENTO-INGLES=""/></OUTRAS-PARTICIPACOES-EM-EVENTOS-CONGRESSOS><OUTRAS-PARTICIPACOES-EM-EVENTOS-CONGRESSOS SEQUENCIA-PRODUCAO="3"><PARTICIPANTE-DE-EVENTOS-CONGRESSOS NOME-COMPLETO-DO-PARTICIPANTE-DE-EVENTOS-CONGRESSOS="Emilson José Tavares" NOME-PARA-CITACAO-DO-PARTICIPANTE-DE-EVENTOS-CONGRESSOS="TAVARES, E. J." ORDEM-PARTICIPANTE="1"/><INFORMACOES-ADICIONAIS DESCRICAO-INFORMACOES-ADICIONAIS="" DESCRICAO-INFORMACOES-ADICIONAIS-INGLES=""/><DADOS-BASICOS-DE-OUTRAS-PARTICIPACOES-EM-EVENTOS-CONGRESSOS NATUREZA="Outra" TITULO="DEBATE SOBRE O FILME O HOMEME QUE COPIAVA" ANO="2006" PAIS="Brasil" IDIOMA="" MEIO-DE-DIVULGACAO="NAO_INFORMADO" HOME-PAGE-DO-TRABALHO="" FLAG-RELEVANCIA="NAO" TIPO-PARTICIPACAO="Outras Formas" FORMA-PARTICIPACAO="Participante" DOI="" TITULO-INGLES="" FLAG-DIVULGACAO-CIENTIFICA="NAO"/><DETALHAMENTO-DE-OUTRAS-PARTICIPACOES-EM-EVENTOS-CONGRESSOS NOME-DO-EVENTO="IV JORNADA PEDAGOGICA  -  DIVERSIDADE, CULTURA E INCLUSAO SOCIAL DAS CIENCIAS SOCIAIS APLICAADS" NOME-INSTITUICAO="" LOCAL-DO-EVENTO="" CIDADE-DO-EVENTO="RIO DE JANEIRO" NOME-DO-EVENTO-INGLES=""/></OUTRAS-PARTICIPACOES-EM-EVENTOS-CONGRESSOS><OUTRAS-PARTICIPACOES-EM-EVENTOS-CONGRESSOS SEQUENCIA-PRODUCAO="6"><PARTICIPANTE-DE-EVENTOS-CONGRESSOS NOME-COMPLETO-DO-PARTICIPANTE-DE-EVENTOS-CONGRESSOS="Emilson José Tavares" NOME-PARA-CITACAO-DO-PARTICIPANTE-DE-EVENTOS-CONGRESSOS="TAVARES, E. J." ORDEM-PARTICIPANTE="1"/><INFORMACOES-ADICIONAIS DESCRICAO-INFORMACOES-ADICIONAIS="" DESCRICAO-INFORMACOES-ADICIONAIS-INGLES=""/><DADOS-BASICOS-DE-OUTRAS-PARTICIPACOES-EM-EVENTOS-CONGRESSOS NATUREZA="Outra" TITULO="O HOMEM QUE FAZIA CHOVER" ANO="2008" PAIS="Brasil" IDIOMA="" MEIO-DE-DIVULGACAO="NAO_INFORMADO" HOME-PAGE-DO-TRABALHO="" FLAG-RELEVANCIA="NAO" TIPO-PARTICIPACAO="Outras Formas" FORMA-PARTICIPACAO="Participante" DOI="" TITULO-INGLES="" FLAG-DIVULGACAO-CIENTIFICA="NAO"/><DETALHAMENTO-DE-OUTRAS-PARTICIPACOES-EM-EVENTOS-CONGRESSOS NOME-DO-EVENTO="VI SEMANA ACADEMICA DAS CIENCIAS SOCIAIS APLICADAS" NOME-INSTITUICAO="" LOCAL-DO-EVENTO="" CIDADE-DO-EVENTO="RIO DE JANEIRO" NOME-DO-EVENTO-INGLES=""/></OUTRAS-PARTICIPACOES-EM-EVENTOS-CONGRESSOS><OUTRAS-PARTICIPACOES-EM-EVENTOS-CONGRESSOS SEQUENCIA-PRODUCAO="13"><PARTICIPANTE-DE-EVENTOS-CONGRESSOS NOME-COMPLETO-DO-PARTICIPANTE-DE-EVENTOS-CONGRESSOS="Emilson José Tavares" NOME-PARA-CITACAO-DO-PARTICIPANTE-DE-EVENTOS-CONGRESSOS="TAVARES, E. J." ORDEM-PARTICIPANTE="1"/><INFORMACOES-ADICIONAIS DESCRICAO-INFORMACOES-ADICIONAIS="" DESCRICAO-INFORMACOES-ADICIONAIS-INGLES=""/><DADOS-BASICOS-DE-OUTRAS-PARTICIPACOES-EM-EVENTOS-CONGRESSOS NATUREZA="Outra" TITULO="" ANO="2008" PAIS="Brasil" IDIOMA="" MEIO-DE-DIVULGACAO="NAO_INFORMADO" HOME-PAGE-DO-TRABALHO="" FLAG-RELEVANCIA="NAO" TIPO-PARTICIPACAO="" FORMA-PARTICIPACAO="Ouvinte" DOI="" TITULO-INGLES="" FLAG-DIVULGACAO-CIENTIFICA="NAO"/><DETALHAMENTO-DE-OUTRAS-PARTICIPACOES-EM-EVENTOS-CONGRESSOS NOME-DO-EVENTO="Atividade de Extensão" NOME-INSTITUICAO="" LOCAL-DO-EVENTO="" CIDADE-DO-EVENTO="Rio de Janeiro" NOME-DO-EVENTO-INGLES=""/></OUTRAS-PARTICIPACOES-EM-EVENTOS-CONGRESSOS><OUTRAS-PARTICIPACOES-EM-EVENTOS-CONGRESSOS SEQUENCIA-PRODUCAO="15"><PARTICIPANTE-DE-EVENTOS-CONGRESSOS NOME-COMPLETO-DO-PARTICIPANTE-DE-EVENTOS-CONGRESSOS="Emilson José Tavares" NOME-PARA-CITACAO-DO-PARTICIPANTE-DE-EVENTOS-CONGRESSOS="TAVARES, E. J." ORDEM-PARTICIPANTE="1"/><INFORMACOES-ADICIONAIS DESCRICAO-INFORMACOES-ADICIONAIS="" DESCRICAO-INFORMACOES-ADICIONAIS-INGLES=""/><DADOS-BASICOS-DE-OUTRAS-PARTICIPACOES-EM-EVENTOS-CONGRESSOS NATUREZA="Outra" TITULO="Conversando sobre Dificuldades de Aprendizado no Cotidiano" ANO="2011" PAIS="Brasil" IDIOMA="" MEIO-DE-DIVULGACAO="NAO_INFORMADO" HOME-PAGE-DO-TRABALHO="" FLAG-RELEVANCIA="NAO" TIPO-PARTICIPACAO="Apresentação Oral" FORMA-PARTICIPACAO="Participante" DOI="" TITULO-INGLES="" FLAG-DIVULGACAO-CIENTIFICA="NAO"/><DETALHAMENTO-DE-OUTRAS-PARTICIPACOES-EM-EVENTOS-CONGRESSOS NOME-DO-EVENTO="Conversando sobre Dificuldades de Aprendizado no Cotidiano" NOME-INSTITUICAO="" LOCAL-DO-EVENTO="" CIDADE-DO-EVENTO="Rio de Janeiro" NOME-DO-EVENTO-INGLES=""/></OUTRAS-PARTICIPACOES-EM-EVENTOS-CONGRESSOS></PARTICIPACAO-EM-EVENTOS-CONGRESSOS><INFORMACOES-ADICIONAIS-INSTITUICOES><INFORMACAO-ADICIONAL-INSTITUICAO CODIGO-INSTITUICAO="081200000000" SIGLA-INSTITUICAO="UGF" SIGLA-UF-INSTITUICAO="RJ" SIGLA-PAIS-INSTITUICAO="BRA" NOME-PAIS-INSTITUICAO="Brasil" FLAG-AGENCIA-FOMENTO="NAO" FLAG-INSTITUICAO-DE-ENSINO="SIM"/><INFORMACAO-ADICIONAL-INSTITUICAO CODIGO-INSTITUICAO="201900000008" SIGLA-INSTITUICAO="UNISUAM" SIGLA-UF-INSTITUICAO="RJ" SIGLA-PAIS-INSTITUICAO="BRA" NOME-PAIS-INSTITUICAO="Brasil" FLAG-AGENCIA-FOMENTO="NAO" FLAG-INSTITUICAO-DE-ENSINO="SIM"/><INFORMACAO-ADICIONAL-INSTITUICAO CODIGO-INSTITUICAO="985600042720" SIGLA-INSTITUICAO="UniverCidade" SIGLA-UF-INSTITUICAO="RJ" SIGLA-PAIS-INSTITUICAO="BRA" NOME-PAIS-INSTITUICAO="Brasil" FLAG-AGENCIA-FOMENTO="NAO" FLAG-INSTITUICAO-DE-ENSINO="SIM"/></INFORMACOES-ADICIONAIS-INSTITUICOES><INFORMACOES-ADICIONAIS-CURSOS><INFORMACAO-ADICIONAL-CURSO CODIGO-CURSO="60039418" CODIGO-ORGAO="" NOME-ORGAO="" CODIGO-INSTITUICAO="081200000000" NOME-INSTITUICAO="Universidade Gama Filho" NOME-GRANDE-AREA-DO-CONHECIMENTO="OUTROS" NOME-DA-AREA-DO-CONHECIMENTO="" NOME-DA-SUB-AREA-DO-CONHECIMENTO="" NOME-DA-ESPECIALIDADE="" NIVEL-CURSO="OT"/><INFORMACAO-ADICIONAL-CURSO CODIGO-CURSO="60244720" CODIGO-ORGAO="" NOME-ORGAO="" CODIGO-INSTITUICAO="201900000008" NOME-INSTITUICAO="Centro Universitário Augusto Motta" NOME-GRANDE-AREA-DO-CONHECIMENTO="OUTROS" NOME-DA-AREA-DO-CONHECIMENTO="" NOME-DA-SUB-AREA-DO-CONHECIMENTO="" NOME-DA-ESPECIALIDADE="" NIVEL-CURSO="GRADUACAO"/><INFORMACAO-ADICIONAL-CURSO CODIGO-CURSO="90000000" CODIGO-ORGAO="" NOME-ORGAO="" CODIGO-INSTITUICAO="081200000000" NOME-INSTITUICAO="Universidade Gama Filho" NOME-GRANDE-AREA-DO-CONHECIMENTO="CIENCIAS_SOCIAIS_APLICADAS" NOME-DA-AREA-DO-CONHECIMENTO="Economia" NOME-DA-SUB-AREA-DO-CONHECIMENTO="" NOME-DA-ESPECIALIDADE="" NIVEL-CURSO="GRADUACAO"/><INFORMACAO-ADICIONAL-CURSO CODIGO-CURSO="90000001" CODIGO-ORGAO="" NOME-ORGAO="" CODIGO-INSTITUICAO="081200000000" NOME-INSTITUICAO="Universidade Gama Filho" NOME-GRANDE-AREA-DO-CONHECIMENTO="CIENCIAS_HUMANAS" NOME-DA-AREA-DO-CONHECIMENTO="Educação" NOME-DA-SUB-AREA-DO-CONHECIMENTO="" NOME-DA-ESPECIALIDADE="" NIVEL-CURSO="APERFEICOAMENTO"/><INFORMACAO-ADICIONAL-CURSO CODIGO-CURSO="90000002" CODIGO-ORGAO="" NOME-ORGAO="" CODIGO-INSTITUICAO="081200000000" NOME-INSTITUICAO="Universidade Gama Filho" NOME-GRANDE-AREA-DO-CONHECIMENTO="CIENCIAS_HUMANAS" NOME-DA-AREA-DO-CONHECIMENTO="Educação" NOME-DA-SUB-AREA-DO-CONHECIMENTO="" NOME-DA-ESPECIALIDADE="" NIVEL-CURSO="MESTRADO"/></INFORMACOES-ADICIONAIS-CURSOS></DADOS-COMPLEMENTARES><eventos/></CURRICULO-VITAE>