<CURRICULO-VITAE SISTEMA-ORIGEM-XML="LATTES_OFFLINE" NUMERO-IDENTIFICADOR="8645141775293983" FORMATO-DATA-ATUALIZACAO="DDMMAAAA" DATA-ATUALIZACAO="24012017" FORMATO-HORA-ATUALIZACAO="HHMMSS" HORA-ATUALIZACAO="183050"><DADOS-GERAIS NOME-COMPLETO="Mário Ribeiro da Cruz Moura" NOME-EM-CITACOES-BIBLIOGRAFICAS="MOURA, M. R. C.;MOURA, M.;Moura, M. R. C." NACIONALIDADE="E" PAIS-DE-NASCIMENTO="Portugal" FORMATO-DATA-DE-NASCIMENTO="DDMMAAAA" FORMATO-DATA-DE-EMISSAO="DDMMAAAA" PERMISSAO-DE-DIVULGACAO="NAO" DATA-FALECIMENTO="" SIGLA-PAIS-NACIONALIDADE="POR" PAIS-DE-NACIONALIDADE="Portugal"><RESUMO-CV TEXTO-RESUMO-CV-RH="Graduado em Engenharia Civil, ênfase Estruturas, pela Universidade Veiga de Almeida - UVA/RJ (1983) com mestrado em Engenharia Civil pela Universidade Federal Fluminense - UFF/RJ (2008). Professor do Curso Técnico de Edificações da Escola Técnica Estadual Ferreira Viana - FAETEC/RJ e do Curso de Graduação em Arquitetura e Urbanismo do Centro Universitário Augusto Motta - UNISUAM/RJ. Tem experiência na área de Engenharia Civil, com ênfase em Topografia e Consultoria." TEXTO-RESUMO-CV-RH-EN="master's at Civil Engineering from Universidade Federal Fluminense (2008). Has experience in Civil Engineering, focusing on Civil Engineering"/><OUTRAS-INFORMACOES-RELEVANTES OUTRAS-INFORMACOES-RELEVANTES="Professor efetivo do Curso Técnico de Edificações da Escola Técnica Estadual Ferreira Viana há 20 anos, ênfase nas disciplinas de Topografia, Resistência dos Materiais, Estabilidade, Mecânica dos Solos, Tecnologia das Construções e Desenho Técnico. Profissional atuante em Engenharia Civil, com mais de 35 anos de experiência no setor especializado de Topografia, Projetos e Consultoria, dirigindo há 19 a empresa TEC Consultoria e Serviços Ltda. EPP, com forte prestação direcionada para atender às demandas resultantes da intervenção e revitalização urbanas. Atuação como orientador de estágio de mais de 30 alunos do nível técnico."/><ENDERECO FLAG-DE-PREFERENCIA="ENDERECO_RESIDENCIAL"><ENDERECO-PROFISSIONAL CODIGO-INSTITUICAO-EMPRESA="JCPM00000007" NOME-INSTITUICAO-EMPRESA="Fundação de Apoio à Escola Técnica do Estado do Rio de Janeiro" CODIGO-ORGAO="JCPM01000990" NOME-ORGAO="Escola Técnica Estadual Ferreira Viana" CODIGO-UNIDADE="" NOME-UNIDADE="" LOGRADOURO-COMPLEMENTO="Rua General Canabarro 291" PAIS="Brasil" UF="RJ" CEP="20271202" CIDADE="Rio de Janeiro" BAIRRO="Maracanã" DDD="21" TELEFONE="23341741" RAMAL="" FAX="23341742" E-MAIL="rcmmario@gmail.com" HOME-PAGE=""/></ENDERECO><FORMACAO-ACADEMICA-TITULACAO><GRADUACAO SEQUENCIA-FORMACAO="2" NIVEL="1" TITULO-DO-TRABALHO-DE-CONCLUSAO-DE-CURSO="" NOME-DO-ORIENTADOR="" CODIGO-INSTITUICAO="549000000005" NOME-INSTITUICAO="Universidade Agostinho Neto" CODIGO-ORGAO="" NOME-ORGAO="" CODIGO-CURSO="90000000" NOME-CURSO="Engenharia Civil" CODIGO-AREA-CURSO="90000000" STATUS-DO-CURSO="INCOMPLETO" ANO-DE-INICIO="1973" ANO-DE-CONCLUSAO="1975" FLAG-BOLSA="NAO" CODIGO-AGENCIA-FINANCIADORA="" NOME-AGENCIA="" NUMERO-ID-ORIENTADOR="" CODIGO-CURSO-CAPES="" TITULO-DO-TRABALHO-DE-CONCLUSAO-DE-CURSO-INGLES="" NOME-CURSO-INGLES="" FORMACAO-ACADEMICA-TITULACAO="" TIPO-GRADUACAO="N" CODIGO-INSTITUICAO-GRAD="" NOME-INSTITUICAO-GRAD="" CODIGO-INSTITUICAO-OUTRA-GRAD="" NOME-INSTITUICAO-OUTRA-GRAD="" NOME-ORIENTADOR-GRAD=""/><GRADUACAO SEQUENCIA-FORMACAO="3" NIVEL="1" TITULO-DO-TRABALHO-DE-CONCLUSAO-DE-CURSO="" NOME-DO-ORIENTADOR="" CODIGO-INSTITUICAO="586600000000" NOME-INSTITUICAO="Universidade Veiga de Almeida" CODIGO-ORGAO="" NOME-ORGAO="" CODIGO-CURSO="60399228" NOME-CURSO="Engenharia Civil" CODIGO-AREA-CURSO="" STATUS-DO-CURSO="CONCLUIDO" ANO-DE-INICIO="1976" ANO-DE-CONCLUSAO="1983" FLAG-BOLSA="NAO" CODIGO-AGENCIA-FINANCIADORA="" NOME-AGENCIA="" NUMERO-ID-ORIENTADOR="" CODIGO-CURSO-CAPES="5066" TITULO-DO-TRABALHO-DE-CONCLUSAO-DE-CURSO-INGLES="" NOME-CURSO-INGLES="" FORMACAO-ACADEMICA-TITULACAO="" TIPO-GRADUACAO="N" CODIGO-INSTITUICAO-GRAD="" NOME-INSTITUICAO-GRAD="" CODIGO-INSTITUICAO-OUTRA-GRAD="" NOME-INSTITUICAO-OUTRA-GRAD="" NOME-ORIENTADOR-GRAD=""/><GRADUACAO SEQUENCIA-FORMACAO="9" NIVEL="1" TITULO-DO-TRABALHO-DE-CONCLUSAO-DE-CURSO="Trabalho Infantil no Brasil: Perspectivas de Análise e Interação com a Educação" NOME-DO-ORIENTADOR="Arynéa Alvarenga Meneses" CODIGO-INSTITUICAO="000200000993" NOME-INSTITUICAO="Instituto Superior de Educação do Rio de Janeiro" CODIGO-ORGAO="" NOME-ORGAO="" CODIGO-CURSO="90000007" NOME-CURSO="Licenciatura Plena em Física" CODIGO-AREA-CURSO="90000007" STATUS-DO-CURSO="CONCLUIDO" ANO-DE-INICIO="2002" ANO-DE-CONCLUSAO="2004" FLAG-BOLSA="NAO" CODIGO-AGENCIA-FINANCIADORA="" NOME-AGENCIA="" NUMERO-ID-ORIENTADOR="" CODIGO-CURSO-CAPES="" TITULO-DO-TRABALHO-DE-CONCLUSAO-DE-CURSO-INGLES="" NOME-CURSO-INGLES="" FORMACAO-ACADEMICA-TITULACAO="" TIPO-GRADUACAO="N" CODIGO-INSTITUICAO-GRAD="" NOME-INSTITUICAO-GRAD="" CODIGO-INSTITUICAO-OUTRA-GRAD="" NOME-INSTITUICAO-OUTRA-GRAD="" NOME-ORIENTADOR-GRAD=""/><MESTRADO SEQUENCIA-FORMACAO="1" NIVEL="3" CODIGO-INSTITUICAO="000500000000" NOME-INSTITUICAO="Universidade Federal Fluminense" CODIGO-ORGAO="" NOME-ORGAO="" CODIGO-CURSO="31020062" NOME-CURSO="Engenharia Civil" CODIGO-AREA-CURSO="30100003" STATUS-DO-CURSO="CONCLUIDO" ANO-DE-INICIO="2007" ANO-DE-CONCLUSAO="2008" FLAG-BOLSA="NAO" CODIGO-AGENCIA-FINANCIADORA="" NOME-AGENCIA="" ANO-DE-OBTENCAO-DO-TITULO="2008" TITULO-DA-DISSERTACAO-TESE="Medição de Recalques em Estruturas de Pontes e Edifícios: Estudo de Casos." NOME-COMPLETO-DO-ORIENTADOR="Emil de Souza Sánchez Filho" TIPO-MESTRADO="N" NUMERO-ID-ORIENTADOR="7266906180520143" CODIGO-CURSO-CAPES="31003010006P2" TITULO-DA-DISSERTACAO-TESE-INGLES="" NOME-CURSO-INGLES="Civil Engineering" NOME-DO-CO-ORIENTADOR="" CODIGO-INSTITUICAO-DOUT="" NOME-INSTITUICAO-DOUT="" CODIGO-INSTITUICAO-OUTRA-DOUT="" NOME-INSTITUICAO-OUTRA-DOUT="" NOME-ORIENTADOR-DOUT=""><PALAVRAS-CHAVE PALAVRA-CHAVE-1="Monitoramento" PALAVRA-CHAVE-2="Estruturas" PALAVRA-CHAVE-3="Topografia" PALAVRA-CHAVE-4="Deslocamentos" PALAVRA-CHAVE-5="Recalques" PALAVRA-CHAVE-6=""/><AREAS-DO-CONHECIMENTO><AREA-DO-CONHECIMENTO-1 NOME-GRANDE-AREA-DO-CONHECIMENTO="ENGENHARIAS" NOME-DA-AREA-DO-CONHECIMENTO="" NOME-DA-SUB-AREA-DO-CONHECIMENTO="Construção Civil" NOME-DA-ESPECIALIDADE="Processos Construtivos"/><AREA-DO-CONHECIMENTO-2 NOME-GRANDE-AREA-DO-CONHECIMENTO="ENGENHARIAS" NOME-DA-AREA-DO-CONHECIMENTO="Engenharia Civil" NOME-DA-SUB-AREA-DO-CONHECIMENTO="Estruturas" NOME-DA-ESPECIALIDADE="Estruturas de Concreto"/><AREA-DO-CONHECIMENTO-3 NOME-GRANDE-AREA-DO-CONHECIMENTO="ENGENHARIAS" NOME-DA-AREA-DO-CONHECIMENTO="Engenharia Civil" NOME-DA-SUB-AREA-DO-CONHECIMENTO="Geotécnica" NOME-DA-ESPECIALIDADE="Fundações e Escavações"/></AREAS-DO-CONHECIMENTO><SETORES-DE-ATIVIDADE SETOR-DE-ATIVIDADE-1="Construção de edifícios" SETOR-DE-ATIVIDADE-2="Serviços de arquitetura e engenharia; testes e análises técnicas" SETOR-DE-ATIVIDADE-3="Serviços especializados para construção"/><conceitoCapes/></MESTRADO></FORMACAO-ACADEMICA-TITULACAO><ATUACOES-PROFISSIONAIS><ATUACAO-PROFISSIONAL CODIGO-INSTITUICAO="JCPM00000007" NOME-INSTITUICAO="Fundação de Apoio à Escola Técnica do Estado do Rio de Janeiro" SEQUENCIA-ATIVIDADE="1" SEQUENCIA-IMPORTANCIA="1"><VINCULOS SEQUENCIA-HISTORICO="1" TIPO-DE-VINCULO="SERVIDOR_PUBLICO" ENQUADRAMENTO-FUNCIONAL="LIVRE" CARGA-HORARIA-SEMANAL="20" FLAG-DEDICACAO-EXCLUSIVA="NAO" MES-INICIO="03" ANO-INICIO="1997" MES-FIM="" ANO-FIM="" OUTRAS-INFORMACOES="Atuação no Setor de Estágio como Professor Orientador durante todo o ano letivo de 1998." FLAG-VINCULO-EMPREGATICIO="NAO" OUTRO-VINCULO-INFORMADO="" OUTRO-ENQUADRAMENTO-FUNCIONAL-INFORMADO="Professor I - Edificações" OUTRO-ENQUADRAMENTO-FUNCIONAL-INFORMADO-INGLES="" OUTRAS-INFORMACOES-INGLES=""/><ATIVIDADES-DE-ENSINO><ENSINO SEQUENCIA-FUNCAO-ATIVIDADE="1" FLAG-PERIODO="ATUAL" TIPO-ENSINO="OUTRO" MES-INICIO="03" ANO-INICIO="1997" MES-FIM="" ANO-FIM="" CODIGO-ORGAO="" NOME-ORGAO="" CODIGO-CURSO="" NOME-CURSO="" NOME-CURSO-INGLES=""><DISCIPLINA SEQUENCIA-ESPECIFICACAO="1">Topografia, Resistência dos Materiais, Estabilidade, Mecânica dos Solos, Tecnologia das Construções e Desenho Técnico.</DISCIPLINA></ENSINO></ATIVIDADES-DE-ENSINO><atividadesProfissionaisPlanificadas/></ATUACAO-PROFISSIONAL><ATUACAO-PROFISSIONAL CODIGO-INSTITUICAO="000300000995" NOME-INSTITUICAO="Meta Serviços Técnicos Ltda" SEQUENCIA-ATIVIDADE="3" SEQUENCIA-IMPORTANCIA="4"><VINCULOS SEQUENCIA-HISTORICO="1" TIPO-DE-VINCULO="LIVRE" ENQUADRAMENTO-FUNCIONAL="LIVRE" CARGA-HORARIA-SEMANAL="40" FLAG-DEDICACAO-EXCLUSIVA="NAO" MES-INICIO="01" ANO-INICIO="1990" MES-FIM="12" ANO-FIM="1996" OUTRAS-INFORMACOES="" FLAG-VINCULO-EMPREGATICIO="SIM" OUTRO-VINCULO-INFORMADO="Sócio" OUTRO-ENQUADRAMENTO-FUNCIONAL-INFORMADO="Diretor Técnico" OUTRO-ENQUADRAMENTO-FUNCIONAL-INFORMADO-INGLES="" OUTRAS-INFORMACOES-INGLES=""/><atividadesProfissionaisPlanificadas/></ATUACAO-PROFISSIONAL><ATUACAO-PROFISSIONAL CODIGO-INSTITUICAO="000400000997" NOME-INSTITUICAO="ESE - Escritório de Serviços de Engenharia" SEQUENCIA-ATIVIDADE="4" SEQUENCIA-IMPORTANCIA="5"><VINCULOS SEQUENCIA-HISTORICO="1" TIPO-DE-VINCULO="LIVRE" ENQUADRAMENTO-FUNCIONAL="LIVRE" CARGA-HORARIA-SEMANAL="40" FLAG-DEDICACAO-EXCLUSIVA="NAO" MES-INICIO="" ANO-INICIO="1983" MES-FIM="01" ANO-FIM="1990" OUTRAS-INFORMACOES="" FLAG-VINCULO-EMPREGATICIO="SIM" OUTRO-VINCULO-INFORMADO="Consultor" OUTRO-ENQUADRAMENTO-FUNCIONAL-INFORMADO="Consultor" OUTRO-ENQUADRAMENTO-FUNCIONAL-INFORMADO-INGLES="" OUTRAS-INFORMACOES-INGLES=""/><atividadesProfissionaisPlanificadas/></ATUACAO-PROFISSIONAL><ATUACAO-PROFISSIONAL CODIGO-INSTITUICAO="000100000991" NOME-INSTITUICAO="TEC Consultoria e Serviços Ltda." SEQUENCIA-ATIVIDADE="5" SEQUENCIA-IMPORTANCIA="3"><VINCULOS SEQUENCIA-HISTORICO="1" TIPO-DE-VINCULO="LIVRE" ENQUADRAMENTO-FUNCIONAL="LIVRE" CARGA-HORARIA-SEMANAL="" FLAG-DEDICACAO-EXCLUSIVA="NAO" MES-INICIO="09" ANO-INICIO="1997" MES-FIM="" ANO-FIM="" OUTRAS-INFORMACOES="" FLAG-VINCULO-EMPREGATICIO="SIM" OUTRO-VINCULO-INFORMADO="Sócio" OUTRO-ENQUADRAMENTO-FUNCIONAL-INFORMADO="Diretor" OUTRO-ENQUADRAMENTO-FUNCIONAL-INFORMADO-INGLES="" OUTRAS-INFORMACOES-INGLES=""/><ATIVIDADES-DE-SERVICO-TECNICO-ESPECIALIZADO><SERVICO-TECNICO-ESPECIALIZADO SEQUENCIA-FUNCAO-ATIVIDADE="1" FLAG-PERIODO="ANTERIOR" MES-INICIO="02" ANO-INICIO="1998" MES-FIM="04" ANO-FIM="1998" CODIGO-ORGAO="000101000995" NOME-ORGAO="CATISA S/A" CODIGO-UNIDADE="" NOME-UNIDADE="" SERVICO-REALIZADO="Coordenação e Condução Técnica do Contrato de Levantamento Topográfico Planialtimétrico de área situada na confluência das Avenidas Salvador Allende e Américas, Barra da Tijuca, RJ, com 100 ha, na escala de 1:1.000, e acompanhamento da obra civil."/><SERVICO-TECNICO-ESPECIALIZADO SEQUENCIA-FUNCAO-ATIVIDADE="2" FLAG-PERIODO="ANTERIOR" MES-INICIO="12" ANO-INICIO="2001" MES-FIM="05" ANO-FIM="2003" CODIGO-ORGAO="000102000999" NOME-ORGAO="CGP - Prefeitura da Cidade do Rio de Janeiro" CODIGO-UNIDADE="" NOME-UNIDADE="" SERVICO-REALIZADO="Coordenação e Condução Técnica do Contrato de Execução de Serviços Técnicos de Topografia para melhorias físico-operacionais de áreas e logradouros nas áreas de planejamento 1,2,3,4 e 5 da Cidade do Rio de Janeiro."/><SERVICO-TECNICO-ESPECIALIZADO SEQUENCIA-FUNCAO-ATIVIDADE="3" FLAG-PERIODO="ANTERIOR" MES-INICIO="11" ANO-INICIO="2009" MES-FIM="03" ANO-FIM="2010" CODIGO-ORGAO="000103000992" NOME-ORGAO="Fundação COPPETEC" CODIGO-UNIDADE="" NOME-UNIDADE="" SERVICO-REALIZADO="Coordenação e Condução Técnica do Contrato de Prestação de Serviços de Metodologia para Levantamento Topográfico da Área 2 de Influência &amp;quot;Anel Viário, Parque da Orla&amp;quot;, com 43,3 ha, Ilha do Fundão, RJ."/><SERVICO-TECNICO-ESPECIALIZADO SEQUENCIA-FUNCAO-ATIVIDADE="4" FLAG-PERIODO="ANTERIOR" MES-INICIO="09" ANO-INICIO="2010" MES-FIM="12" ANO-FIM="2010" CODIGO-ORGAO="000104000996" NOME-ORGAO="DIRAC - Fiocruz" CODIGO-UNIDADE="" NOME-UNIDADE="" SERVICO-REALIZADO="Coordenação e Condução Técnica do Contrato de Execução de Serviços Técnicos de Levantamento Topográfico, Cadastro das Redes de Infraestrutura e Sondagem do Subsolo da Área de Expansão do Campus Manguinhos, com 5,5 ha, situada na Av. Brasil 4036, RJ."/><SERVICO-TECNICO-ESPECIALIZADO SEQUENCIA-FUNCAO-ATIVIDADE="5" FLAG-PERIODO="ANTERIOR" MES-INICIO="12" ANO-INICIO="2004" MES-FIM="01" ANO-FIM="2005" CODIGO-ORGAO="000104000996" NOME-ORGAO="DIRAC - Fiocruz" CODIGO-UNIDADE="" NOME-UNIDADE="" SERVICO-REALIZADO="Coordenação e Condução Técnica do Contrato de Execução de 147 Furos de Sondagem a Percussão na área da futura construção do CDTS, Campus Manguinhos - Fiocruz, Av. Brasil 4365, Rio de Janeiro, RJ."/><SERVICO-TECNICO-ESPECIALIZADO SEQUENCIA-FUNCAO-ATIVIDADE="6" FLAG-PERIODO="ANTERIOR" MES-INICIO="06" ANO-INICIO="2010" MES-FIM="09" ANO-FIM="2010" CODIGO-ORGAO="000104000996" NOME-ORGAO="DIRAC - Fiocruz" CODIGO-UNIDADE="" NOME-UNIDADE="" SERVICO-REALIZADO="Coordenação e Condução Técnica do Contrato de Lecantamento Topográfico da área do entorno das edificações do Centro de Desenvolvimento Tecnológico em Saúde - CDTS, Campus Manguinhos - Fiocruz, Av. Brasil 4365, Rio de Janeiro, RJ."/><SERVICO-TECNICO-ESPECIALIZADO SEQUENCIA-FUNCAO-ATIVIDADE="7" FLAG-PERIODO="ANTERIOR" MES-INICIO="09" ANO-INICIO="1998" MES-FIM="12" ANO-FIM="1998" CODIGO-ORGAO="000105000990" NOME-ORGAO="F. Luz Arquitetura Ltda" CODIGO-UNIDADE="" NOME-UNIDADE="" SERVICO-REALIZADO="Coordenação e Condução Técnica do Contrato de Execução dos Serviços Técnicos de Levantamento Topográfico do trecho da Rua São Luiz Gonzaga situado entre o Campo de S. Cristóvão e o Largo do Pedregulho, com 5,9 ha, Rio de Janeiro, RJ."/><SERVICO-TECNICO-ESPECIALIZADO SEQUENCIA-FUNCAO-ATIVIDADE="8" FLAG-PERIODO="ANTERIOR" MES-INICIO="09" ANO-INICIO="2001" MES-FIM="12" ANO-FIM="2002" CODIGO-ORGAO="000106000993" NOME-ORGAO="Rio Águas - Prefeitura da Cidade do Rio de Janeiro" CODIGO-UNIDADE="" NOME-UNIDADE="" SERVICO-REALIZADO="Coordenação e Condução Técnica do Contrato de Execução de Serviços de Topografia e Cadastro de Galerias de Drenagem em apoio à elaboração de projetos e execução de obras da Fundação Rio Águas, Rio de Janeiro, RJ."/><SERVICO-TECNICO-ESPECIALIZADO SEQUENCIA-FUNCAO-ATIVIDADE="9" FLAG-PERIODO="ANTERIOR" MES-INICIO="07" ANO-INICIO="2008" MES-FIM="11" ANO-FIM="2009" CODIGO-ORGAO="000106000993" NOME-ORGAO="Rio Águas - Prefeitura da Cidade do Rio de Janeiro" CODIGO-UNIDADE="" NOME-UNIDADE="" SERVICO-REALIZADO="Coordenação e Condução Técnica do Contrato de Execução de Serviços Técnicos de apoio à execução de obras e projetos referentes às ações de Saneamento e Manejo de Águas Pluviais, com elaboração de Levantamentos Planialtimétricos e Cadastro de Redes, RJ."/><SERVICO-TECNICO-ESPECIALIZADO SEQUENCIA-FUNCAO-ATIVIDADE="10" FLAG-PERIODO="ANTERIOR" MES-INICIO="01" ANO-INICIO="2003" MES-FIM="03" ANO-FIM="2003" CODIGO-ORGAO="000107000997" NOME-ORGAO="Furnas Centrais Elétricas SA" CODIGO-UNIDADE="" NOME-UNIDADE="" SERVICO-REALIZADO="Coordenação e Condução Técnica do Contrato de Execução de Serviços Técnicos de Topografia referentes ao Controle de Recalque de Edificação do Bloco A das Instalações de Furnas por meio de Nivelamento Geométrico de Precisão dos pinos A1 a A12, Botafogo, RJ"/><SERVICO-TECNICO-ESPECIALIZADO SEQUENCIA-FUNCAO-ATIVIDADE="11" FLAG-PERIODO="ANTERIOR" MES-INICIO="11" ANO-INICIO="2008" MES-FIM="05" ANO-FIM="2009" CODIGO-ORGAO="000108000990" NOME-ORGAO="PUC - Pontifícia Universidade Católica" CODIGO-UNIDADE="" NOME-UNIDADE="" SERVICO-REALIZADO="Coordenação e Condução Técnica do Contrato de Execução de Serviços Técnicos de Levantamento Topográfico Planialtimétrico, Cadastramento das redes de infraestrutura e Base de Dados SIG da área do Campus Gávea, com 17 ha, Rio de Janeiro, RJ"/><SERVICO-TECNICO-ESPECIALIZADO SEQUENCIA-FUNCAO-ATIVIDADE="12" FLAG-PERIODO="ANTERIOR" MES-INICIO="06" ANO-INICIO="2003" MES-FIM="09" ANO-FIM="2003" CODIGO-ORGAO="000109000994" NOME-ORGAO="Prefeitura Municipal de Quissamã" CODIGO-UNIDADE="" NOME-UNIDADE="" SERVICO-REALIZADO="Coordenação e Condução Técnica do Contrato de Execução de Serviços Técnicos de Projetos e Traçados Viários da Estrada Municipa QSM 102, com 8,5 km de extensão, Quissamã, RJ"/><SERVICO-TECNICO-ESPECIALIZADO SEQUENCIA-FUNCAO-ATIVIDADE="13" FLAG-PERIODO="ANTERIOR" MES-INICIO="01" ANO-INICIO="2002" MES-FIM="10" ANO-FIM="2002" CODIGO-ORGAO="000109000994" NOME-ORGAO="Prefeitura Municipal de Quissamã" CODIGO-UNIDADE="" NOME-UNIDADE="" SERVICO-REALIZADO="Coordenação e Condução Técnica de Execução de Serviços Técnicos de Topografia nas localidades de Barra do Furado, Praia João Francisco e Penha, com o total de 98 ha, incluindo a Implantação de Rede de Pontos de apoio com tecnologia GNSS, Quissamã, RJ"/><SERVICO-TECNICO-ESPECIALIZADO SEQUENCIA-FUNCAO-ATIVIDADE="14" FLAG-PERIODO="ANTERIOR" MES-INICIO="08" ANO-INICIO="2002" MES-FIM="04" ANO-FIM="2003" CODIGO-ORGAO="000109000994" NOME-ORGAO="Prefeitura Municipal de Quissamã" CODIGO-UNIDADE="" NOME-UNIDADE="" SERVICO-REALIZADO="Coordenação e Condução Técnica de Contrato de Execução de Levantamento Topográfico Planialtimétrico e Cadastral Urbano das localidades de Santa Catarina, Penha e Praia do Visgueiro, com o total de 52 ha, Quissamã, RJ"/><SERVICO-TECNICO-ESPECIALIZADO SEQUENCIA-FUNCAO-ATIVIDADE="15" FLAG-PERIODO="ANTERIOR" MES-INICIO="08" ANO-INICIO="2003" MES-FIM="03" ANO-FIM="2004" CODIGO-ORGAO="000109000994" NOME-ORGAO="Prefeitura Municipal de Quissamã" CODIGO-UNIDADE="" NOME-UNIDADE="" SERVICO-REALIZADO="Coordenação e Condução Técnica do Contrato de Execução de Serviços de Demarcação dos limites do Parque Nacional Rest. Jurubatiba e Áreas atingidas pelas Faixa de Marinha e Orla Marítima nos Bairros Visgueiro, João Francisco e Barra do Furado, Quissamã, RJ"/><SERVICO-TECNICO-ESPECIALIZADO SEQUENCIA-FUNCAO-ATIVIDADE="16" FLAG-PERIODO="ANTERIOR" MES-INICIO="12" ANO-INICIO="1998" MES-FIM="01" ANO-FIM="1999" CODIGO-ORGAO="000110000994" NOME-ORGAO="SANO S.A." CODIGO-UNIDADE="" NOME-UNIDADE="" SERVICO-REALIZADO="Coordenação e Condução Técnica do Contrato de Execução de Serviços Técncicos de Topografia em Área com 8 ha situada na Rodovia RJ 115 n. 2446, Engenheiro Rocha Freire, Nova Iguaçu, RJ"/><SERVICO-TECNICO-ESPECIALIZADO SEQUENCIA-FUNCAO-ATIVIDADE="17" FLAG-PERIODO="ANTERIOR" MES-INICIO="12" ANO-INICIO="1998" MES-FIM="03" ANO-FIM="1999" CODIGO-ORGAO="000111000998" NOME-ORGAO="SMH - Prefeitura da Cidade do Rio de Janeiro" CODIGO-UNIDADE="" NOME-UNIDADE="" SERVICO-REALIZADO="Coordenação e Condução Técnica do Contrato de Execução de Levantamento Topográfico Planialtimétrico e Cadastral de área com 5,6 ha, na escala de 1:250, situada na Autoestrada Lagoa Barra, São Conrado, Rio de Janeiro, RJ"/><SERVICO-TECNICO-ESPECIALIZADO SEQUENCIA-FUNCAO-ATIVIDADE="18" FLAG-PERIODO="ANTERIOR" MES-INICIO="06" ANO-INICIO="2003" MES-FIM="03" ANO-FIM="2004" CODIGO-ORGAO="000112000991" NOME-ORGAO="Condomínio Vale do Sossego, Petrópolis" CODIGO-UNIDADE="" NOME-UNIDADE="" SERVICO-REALIZADO="Coordenação e Condução Técnica de Serviços Técnicos de Projetos de Drenagem de Águas Pluviais, Contenção de Encostas e Levantamento Topográfico no interior do Condomínio Vale do Sossego, com total de 10 mil metros lineares de vias, Correas, Petropolis, RJ"/><SERVICO-TECNICO-ESPECIALIZADO SEQUENCIA-FUNCAO-ATIVIDADE="20" FLAG-PERIODO="ANTERIOR" MES-INICIO="01" ANO-INICIO="2015" MES-FIM="09" ANO-FIM="2016" CODIGO-ORGAO="000104000996" NOME-ORGAO="DIRAC - Fiocruz" CODIGO-UNIDADE="" NOME-UNIDADE="" SERVICO-REALIZADO="Coordenação e Condução Técnica do Contrato de Prestação de Serviços Técnicos de Consultoria e Topografia, para Suporte à Atividade de Levantamento Topográfico Planimétrico Cadastral e Cadastro de Redes de Infraestrutura do Campus Manguinhos, Fiocruz, RJ"/><SERVICO-TECNICO-ESPECIALIZADO SEQUENCIA-FUNCAO-ATIVIDADE="21" FLAG-PERIODO="ANTERIOR" MES-INICIO="08" ANO-INICIO="2005" MES-FIM="12" ANO-FIM="2005" CODIGO-ORGAO="000114000999" NOME-ORGAO="Condominio do Edificio Shelly, Tijuca" CODIGO-UNIDADE="" NOME-UNIDADE="" SERVICO-REALIZADO="Coordenação e Condução Técnica do Contrato de Consultoria Técnica de Vistoria, Inspeção Visual e Verificação da Estabilidade Estrutural da Marquise do Edifício Shelly, situado na Rua São Francisco Xavier 2, Tijuca, RJ"/><SERVICO-TECNICO-ESPECIALIZADO SEQUENCIA-FUNCAO-ATIVIDADE="22" FLAG-PERIODO="ANTERIOR" MES-INICIO="01" ANO-INICIO="2012" MES-FIM="02" ANO-FIM="2012" CODIGO-ORGAO="000114000999" NOME-ORGAO="Condominio do Edificio Shelly, Tijuca" CODIGO-UNIDADE="" NOME-UNIDADE="" SERVICO-REALIZADO="Coordenação e Condução Técnica do Contrato de Consultoria Técnica de Vistoria e Inspeção Visual da Marquise do Edifício Shelly, situado na Rua São Francisco Xavier 2, Tijuca, RJ."/><SERVICO-TECNICO-ESPECIALIZADO SEQUENCIA-FUNCAO-ATIVIDADE="23" FLAG-PERIODO="ANTERIOR" MES-INICIO="09" ANO-INICIO="2012" MES-FIM="10" ANO-FIM="2012" CODIGO-ORGAO="000115000992" NOME-ORGAO="Edifício Condomínio Nazareth, Tijuca" CODIGO-UNIDADE="" NOME-UNIDADE="" SERVICO-REALIZADO="Coordenação e Condução Técnica do Contrato de Consultoria Técnica de Vistoria e Inspeção Visual do Edifício Nazareth, situado na Rua Barão de Mesquita 48, Tijuca, RJ."/><SERVICO-TECNICO-ESPECIALIZADO SEQUENCIA-FUNCAO-ATIVIDADE="19" FLAG-PERIODO="ANTERIOR" MES-INICIO="01" ANO-INICIO="2015" MES-FIM="04" ANO-FIM="2016" CODIGO-ORGAO="000113000995" NOME-ORGAO="SAGAP - SA" CODIGO-UNIDADE="" NOME-UNIDADE="" SERVICO-REALIZADO="Coordenação e Condução Técnica do Contrato de Elaboração de Estudo de Alternativas para o Cadastro Ambiental Rural (CAR) das Áreas Denominadas de Campo do Saco, Peri-Peri e Remanescentes das Fazendas do Saco e Mato Alto, Guaratiba, RJ"/></ATIVIDADES-DE-SERVICO-TECNICO-ESPECIALIZADO><atividadesProfissionaisPlanificadas/></ATUACAO-PROFISSIONAL><ATUACAO-PROFISSIONAL CODIGO-INSTITUICAO="201900000008" NOME-INSTITUICAO="Centro Universitário Augusto Motta" SEQUENCIA-ATIVIDADE="6" SEQUENCIA-IMPORTANCIA="2"><VINCULOS SEQUENCIA-HISTORICO="1" TIPO-DE-VINCULO="CELETISTA" ENQUADRAMENTO-FUNCIONAL="LIVRE" CARGA-HORARIA-SEMANAL="20" FLAG-DEDICACAO-EXCLUSIVA="NAO" MES-INICIO="09" ANO-INICIO="2016" MES-FIM="" ANO-FIM="" OUTRAS-INFORMACOES="" FLAG-VINCULO-EMPREGATICIO="NAO" OUTRO-VINCULO-INFORMADO="" OUTRO-ENQUADRAMENTO-FUNCIONAL-INFORMADO="Professor Auxiliar" OUTRO-ENQUADRAMENTO-FUNCIONAL-INFORMADO-INGLES="" OUTRAS-INFORMACOES-INGLES=""/><ATIVIDADES-DE-ENSINO><ENSINO SEQUENCIA-FUNCAO-ATIVIDADE="1" FLAG-PERIODO="ATUAL" TIPO-ENSINO="GRADUACAO" MES-INICIO="09" ANO-INICIO="2016" MES-FIM="" ANO-FIM="" CODIGO-ORGAO="" NOME-ORGAO="" CODIGO-CURSO="60135387" NOME-CURSO="Arquitetura e Urbanismo" NOME-CURSO-INGLES=""><DISCIPLINA SEQUENCIA-ESPECIFICACAO="1">Construção Civil</DISCIPLINA><DISCIPLINA SEQUENCIA-ESPECIFICACAO="2">Estática das Construções</DISCIPLINA><DISCIPLINA SEQUENCIA-ESPECIFICACAO="3">Estudo dos Solos e Fundações</DISCIPLINA><DISCIPLINA SEQUENCIA-ESPECIFICACAO="4">Laboratório de Materiais de Construção </DISCIPLINA></ENSINO></ATIVIDADES-DE-ENSINO><atividadesProfissionaisPlanificadas/></ATUACAO-PROFISSIONAL></ATUACOES-PROFISSIONAIS><AREAS-DE-ATUACAO><AREA-DE-ATUACAO SEQUENCIA-AREA-DE-ATUACAO="1" NOME-GRANDE-AREA-DO-CONHECIMENTO="ENGENHARIAS" NOME-DA-AREA-DO-CONHECIMENTO="Engenharia Civil" NOME-DA-SUB-AREA-DO-CONHECIMENTO="" NOME-DA-ESPECIALIDADE=""/></AREAS-DE-ATUACAO><IDIOMAS><IDIOMA IDIOMA="ES" DESCRICAO-DO-IDIOMA="Espanhol" PROFICIENCIA-DE-LEITURA="RAZOAVELMENTE" PROFICIENCIA-DE-FALA="POUCO" PROFICIENCIA-DE-ESCRITA="POUCO" PROFICIENCIA-DE-COMPREENSAO="RAZOAVELMENTE"/><IDIOMA IDIOMA="FR" DESCRICAO-DO-IDIOMA="Francês" PROFICIENCIA-DE-LEITURA="BEM" PROFICIENCIA-DE-FALA="RAZOAVELMENTE" PROFICIENCIA-DE-ESCRITA="RAZOAVELMENTE" PROFICIENCIA-DE-COMPREENSAO="RAZOAVELMENTE"/><IDIOMA IDIOMA="EN" DESCRICAO-DO-IDIOMA="Inglês" PROFICIENCIA-DE-LEITURA="BEM" PROFICIENCIA-DE-FALA="RAZOAVELMENTE" PROFICIENCIA-DE-ESCRITA="RAZOAVELMENTE" PROFICIENCIA-DE-COMPREENSAO="RAZOAVELMENTE"/><IDIOMA IDIOMA="PT" DESCRICAO-DO-IDIOMA="Português" PROFICIENCIA-DE-LEITURA="BEM" PROFICIENCIA-DE-FALA="BEM" PROFICIENCIA-DE-ESCRITA="BEM" PROFICIENCIA-DE-COMPREENSAO="BEM"/></IDIOMAS><PREMIOS-TITULOS><PREMIO-TITULO NOME-DO-PREMIO-OU-TITULO="Paraninfo e Professor Homenageado" NOME-DA-ENTIDADE-PROMOTORA="Curso Técnico de Edificações da ETEFV, Turma Herbert de Souza (Betinho)" ANO-DA-PREMIACAO="1997" NOME-DO-PREMIO-OU-TITULO-INGLES=""/><PREMIO-TITULO NOME-DO-PREMIO-OU-TITULO="1º Colocado no Concurso Público para Prof. I - Edificações" NOME-DA-ENTIDADE-PROMOTORA="FAETEC - RJ" ANO-DA-PREMIACAO="1998" NOME-DO-PREMIO-OU-TITULO-INGLES=""/><PREMIO-TITULO NOME-DO-PREMIO-OU-TITULO="Paraninfo e Professor Homenageado" NOME-DA-ENTIDADE-PROMOTORA="Curso Técnico de Edificações da ETEFV" ANO-DA-PREMIACAO="2001" NOME-DO-PREMIO-OU-TITULO-INGLES=""/><PREMIO-TITULO NOME-DO-PREMIO-OU-TITULO="Professor Homenageado" NOME-DA-ENTIDADE-PROMOTORA="Curso Técnico de Edificações da ETEFV" ANO-DA-PREMIACAO="2004" NOME-DO-PREMIO-OU-TITULO-INGLES=""/><PREMIO-TITULO NOME-DO-PREMIO-OU-TITULO="Paraninfo" NOME-DA-ENTIDADE-PROMOTORA="Curso Técnico de Edificações da ETEFV" ANO-DA-PREMIACAO="2006" NOME-DO-PREMIO-OU-TITULO-INGLES=""/><PREMIO-TITULO NOME-DO-PREMIO-OU-TITULO="1º Lugar (Equipe) no Concurso Público Nacional para o Anteprojeto de Urbanização e Paisagismo do Campus do Observatório Nacional e do Museu de Astronomia e Ciências Afins" NOME-DA-ENTIDADE-PROMOTORA="ON-MAST" ANO-DA-PREMIACAO="2007" NOME-DO-PREMIO-OU-TITULO-INGLES=""/><PREMIO-TITULO NOME-DO-PREMIO-OU-TITULO="2º Lugar no Concurso Público para Professor Substituto - Área de Construção Civil" NOME-DA-ENTIDADE-PROMOTORA="Centro Federal de Educação Tecnológica Celso Suckow da Fonseca" ANO-DA-PREMIACAO="2014" NOME-DO-PREMIO-OU-TITULO-INGLES=""/></PREMIOS-TITULOS><staValidado/><dataExibicao/><dadosBolsista/></DADOS-GERAIS><PRODUCAO-BIBLIOGRAFICA><TRABALHOS-EM-EVENTOS><TRABALHO-EM-EVENTOS SEQUENCIA-PRODUCAO="6"><DADOS-BASICOS-DO-TRABALHO NATUREZA="COMPLETO" TITULO-DO-TRABALHO="Medição de Recalques da Ponte Velha da Barra da Tijuca" ANO-DO-TRABALHO="2009" PAIS-DO-EVENTO="Brasil" IDIOMA="Português" MEIO-DE-DIVULGACAO="VARIOS" HOME-PAGE-DO-TRABALHO="" FLAG-RELEVANCIA="NAO" DOI="" TITULO-DO-TRABALHO-INGLES="" FLAG-DIVULGACAO-CIENTIFICA="SIM"/><DETALHAMENTO-DO-TRABALHO CLASSIFICACAO-DO-EVENTO="INTERNACIONAL" NOME-DO-EVENTO="51º Congresso Brasileiro do Concreto - CBC2009" CIDADE-DO-EVENTO="Curitiba" ANO-DE-REALIZACAO="2009" TITULO-DOS-ANAIS-OU-PROCEEDINGS="Concretos para Infraestrutura Sustentável" VOLUME="1" FASCICULO="" SERIE="" PAGINA-INICIAL="245" PAGINA-FINAL="245" ISBN="2175-8182" NOME-DA-EDITORA="Arte Interativa" CIDADE-DA-EDITORA="São Paulo" NOME-DO-EVENTO-INGLES=""/><AUTORES NOME-COMPLETO-DO-AUTOR="Mário Ribeiro da Cruz Moura" NOME-PARA-CITACAO="MOURA, M. R. C." ORDEM-DE-AUTORIA="1" NRO-ID-CNPQ=""/><AUTORES NOME-COMPLETO-DO-AUTOR="Emil de Souza Sánchez Filho" NOME-PARA-CITACAO="SANCHEZ FILHO, E. S." ORDEM-DE-AUTORIA="2" NRO-ID-CNPQ=""/><PALAVRAS-CHAVE PALAVRA-CHAVE-1="monitoramento de estruturas" PALAVRA-CHAVE-2="Deslocamentos" PALAVRA-CHAVE-3="Recalques" PALAVRA-CHAVE-4="" PALAVRA-CHAVE-5="" PALAVRA-CHAVE-6=""/><AREAS-DO-CONHECIMENTO><AREA-DO-CONHECIMENTO-1 NOME-GRANDE-AREA-DO-CONHECIMENTO="ENGENHARIAS" NOME-DA-AREA-DO-CONHECIMENTO="" NOME-DA-SUB-AREA-DO-CONHECIMENTO="" NOME-DA-ESPECIALIDADE=""/><AREA-DO-CONHECIMENTO-2 NOME-GRANDE-AREA-DO-CONHECIMENTO="ENGENHARIAS" NOME-DA-AREA-DO-CONHECIMENTO="Engenharia Civil" NOME-DA-SUB-AREA-DO-CONHECIMENTO="Geotécnica" NOME-DA-ESPECIALIDADE="Fundações e Escavações"/><AREA-DO-CONHECIMENTO-3 NOME-GRANDE-AREA-DO-CONHECIMENTO="CIENCIAS_EXATAS_E_DA_TERRA" NOME-DA-AREA-DO-CONHECIMENTO="Geociências" NOME-DA-SUB-AREA-DO-CONHECIMENTO="Geodésia" NOME-DA-ESPECIALIDADE=""/></AREAS-DO-CONHECIMENTO></TRABALHO-EM-EVENTOS></TRABALHOS-EM-EVENTOS><ARTIGOS-PUBLICADOS><ARTIGO-PUBLICADO SEQUENCIA-PRODUCAO="5" ORDEM-IMPORTANCIA=""><DADOS-BASICOS-DO-ARTIGO NATUREZA="COMPLETO" TITULO-DO-ARTIGO="Controle de Recalque de Edifício no Centro da Cidade do Rio de Janeiro" ANO-DO-ARTIGO="2009" PAIS-DE-PUBLICACAO="" IDIOMA="Português" MEIO-DE-DIVULGACAO="MEIO_DIGITAL" HOME-PAGE-DO-TRABALHO="[http://academic.uprm.edu/laccei/index.php/RIDNAIC/article/view/204]" FLAG-RELEVANCIA="SIM" DOI="" TITULO-DO-ARTIGO-INGLES="" FLAG-DIVULGACAO-CIENTIFICA="SIM"/><DETALHAMENTO-DO-ARTIGO TITULO-DO-PERIODICO-OU-REVISTA="RIDNAIC" ISSN="19361483" VOLUME="9" FASCICULO="" SERIE="2009" PAGINA-INICIAL="115" PAGINA-FINAL="142" LOCAL-DE-PUBLICACAO=""/><AUTORES NOME-COMPLETO-DO-AUTOR="Mário Ribeiro da Cruz Moura" NOME-PARA-CITACAO="MOURA, M. R. C." ORDEM-DE-AUTORIA="1" NRO-ID-CNPQ=""/><AUTORES NOME-COMPLETO-DO-AUTOR="Emil de Souza Sánchez Filho" NOME-PARA-CITACAO="SANCHEZ FILHO, E. S." ORDEM-DE-AUTORIA="2" NRO-ID-CNPQ=""/><PALAVRAS-CHAVE PALAVRA-CHAVE-1="Monitoramento" PALAVRA-CHAVE-2="Estruturas" PALAVRA-CHAVE-3="Recalques" PALAVRA-CHAVE-4="" PALAVRA-CHAVE-5="" PALAVRA-CHAVE-6=""/><AREAS-DO-CONHECIMENTO><AREA-DO-CONHECIMENTO-1 NOME-GRANDE-AREA-DO-CONHECIMENTO="ENGENHARIAS" NOME-DA-AREA-DO-CONHECIMENTO="" NOME-DA-SUB-AREA-DO-CONHECIMENTO="Construção Civil" NOME-DA-ESPECIALIDADE=""/></AREAS-DO-CONHECIMENTO></ARTIGO-PUBLICADO></ARTIGOS-PUBLICADOS></PRODUCAO-BIBLIOGRAFICA><PRODUCAO-TECNICA><TRABALHO-TECNICO SEQUENCIA-PRODUCAO="14"><DADOS-BASICOS-DO-TRABALHO-TECNICO NATUREZA="ASSESSORIA" TITULO-DO-TRABALHO-TECNICO="Elaboração de Estudo de Alternativas para o Cadastro Ambiental Rural (CAR) das Áreas Denominadas de Campo do Saco, Peri-Peri e Remanescentes das Fazendas do Saco e Mato Alto, pertencentes à Sagap Granja Agrícola e Pastoril S/A, Guaratiba, Rio de Janeiro/RJ" ANO="2015" PAIS="Brasil" MEIO-DE-DIVULGACAO="NAO_INFORMADO" HOME-PAGE-DO-TRABALHO="" IDIOMA="Português" FLAG-RELEVANCIA="NAO" DOI="" TITULO-DO-TRABALHO-TECNICO-INGLES=""/><DETALHAMENTO-DO-TRABALHO-TECNICO FINALIDADE="" DURACAO-EM-MESES="" NUMERO-DE-PAGINAS="" DISPONIBILIDADE="NAO_INFORMADO" INSTITUICAO-FINANCIADORA="" CIDADE-DO-TRABALHO="" FINALIDADE-INGLES=""/><AUTORES NOME-COMPLETO-DO-AUTOR="Fernando Henrique de Souza Moura" NOME-PARA-CITACAO="MOURA, F. H." ORDEM-DE-AUTORIA="1" NRO-ID-CNPQ=""/><AUTORES NOME-COMPLETO-DO-AUTOR="Mário Ribeiro da Cruz Moura" NOME-PARA-CITACAO="MOURA, M. R. C." ORDEM-DE-AUTORIA="2" NRO-ID-CNPQ=""/></TRABALHO-TECNICO><TRABALHO-TECNICO SEQUENCIA-PRODUCAO="15"><DADOS-BASICOS-DO-TRABALHO-TECNICO NATUREZA="CONSULTORIA" TITULO-DO-TRABALHO-TECNICO="Elaboração de Vistoria e Inspeção Visual do Edifício Nazareth, situado na Rua Barão de Mesquita 48, Tijuca, RJ" ANO="2012" PAIS="Brasil" MEIO-DE-DIVULGACAO="NAO_INFORMADO" HOME-PAGE-DO-TRABALHO="" IDIOMA="Português" FLAG-RELEVANCIA="NAO" DOI="" TITULO-DO-TRABALHO-TECNICO-INGLES=""/><DETALHAMENTO-DO-TRABALHO-TECNICO FINALIDADE="" DURACAO-EM-MESES="" NUMERO-DE-PAGINAS="" DISPONIBILIDADE="NAO_INFORMADO" INSTITUICAO-FINANCIADORA="" CIDADE-DO-TRABALHO="" FINALIDADE-INGLES=""/><AUTORES NOME-COMPLETO-DO-AUTOR="Mário Ribeiro da Cruz Moura" NOME-PARA-CITACAO="MOURA, M. R. C." ORDEM-DE-AUTORIA="1" NRO-ID-CNPQ=""/></TRABALHO-TECNICO><TRABALHO-TECNICO SEQUENCIA-PRODUCAO="16"><DADOS-BASICOS-DO-TRABALHO-TECNICO NATUREZA="CONSULTORIA" TITULO-DO-TRABALHO-TECNICO="Elaboração de Vistoria e Inspeção Visual da Marquise do Edifício Shelly, situado na Rua São Francisco Xavier 2, Tijuca, RJ" ANO="2012" PAIS="Brasil" MEIO-DE-DIVULGACAO="NAO_INFORMADO" HOME-PAGE-DO-TRABALHO="" IDIOMA="Português" FLAG-RELEVANCIA="NAO" DOI="" TITULO-DO-TRABALHO-TECNICO-INGLES=""/><DETALHAMENTO-DO-TRABALHO-TECNICO FINALIDADE="" DURACAO-EM-MESES="" NUMERO-DE-PAGINAS="" DISPONIBILIDADE="NAO_INFORMADO" INSTITUICAO-FINANCIADORA="" CIDADE-DO-TRABALHO="" FINALIDADE-INGLES=""/><AUTORES NOME-COMPLETO-DO-AUTOR="Mário Ribeiro da Cruz Moura" NOME-PARA-CITACAO="MOURA, M. R. C." ORDEM-DE-AUTORIA="1" NRO-ID-CNPQ=""/></TRABALHO-TECNICO><TRABALHO-TECNICO SEQUENCIA-PRODUCAO="17"><DADOS-BASICOS-DO-TRABALHO-TECNICO NATUREZA="CONSULTORIA" TITULO-DO-TRABALHO-TECNICO="Elaboração de Vistoria, Inspeção Visual e Verificação da Estabilidade Estrutural da Marquise do Edifício Shelly, situado na Rua São Francisco Xavier 2, Tijuca, RJ" ANO="2005" PAIS="Brasil" MEIO-DE-DIVULGACAO="NAO_INFORMADO" HOME-PAGE-DO-TRABALHO="" IDIOMA="Português" FLAG-RELEVANCIA="NAO" DOI="" TITULO-DO-TRABALHO-TECNICO-INGLES=""/><DETALHAMENTO-DO-TRABALHO-TECNICO FINALIDADE="" DURACAO-EM-MESES="" NUMERO-DE-PAGINAS="" DISPONIBILIDADE="NAO_INFORMADO" INSTITUICAO-FINANCIADORA="" CIDADE-DO-TRABALHO="" FINALIDADE-INGLES=""/><AUTORES NOME-COMPLETO-DO-AUTOR="Mário Ribeiro da Cruz Moura" NOME-PARA-CITACAO="MOURA, M. R. C." ORDEM-DE-AUTORIA="1" NRO-ID-CNPQ=""/></TRABALHO-TECNICO><TRABALHO-TECNICO SEQUENCIA-PRODUCAO="18"><DADOS-BASICOS-DO-TRABALHO-TECNICO NATUREZA="PARECER" TITULO-DO-TRABALHO-TECNICO="Elaboração de Relatório Técnico de Vistoria e Inspeção Visual, com emissão de Parecer Técnico, do Edifício Nazareth, situado na Rua Barão de Mesquita 48, Tijuca, RJ" ANO="2012" PAIS="Brasil" MEIO-DE-DIVULGACAO="NAO_INFORMADO" HOME-PAGE-DO-TRABALHO="" IDIOMA="Português" FLAG-RELEVANCIA="NAO" DOI="" TITULO-DO-TRABALHO-TECNICO-INGLES=""/><DETALHAMENTO-DO-TRABALHO-TECNICO FINALIDADE="atendimento às exigências do Departamento de Vistoria Estrutural da Prefeitura da Cidade do Rio de Janeiro" DURACAO-EM-MESES="" NUMERO-DE-PAGINAS="" DISPONIBILIDADE="NAO_INFORMADO" INSTITUICAO-FINANCIADORA="" CIDADE-DO-TRABALHO="" FINALIDADE-INGLES=""/><AUTORES NOME-COMPLETO-DO-AUTOR="Mário Ribeiro da Cruz Moura" NOME-PARA-CITACAO="MOURA, M. R. C." ORDEM-DE-AUTORIA="1" NRO-ID-CNPQ=""/></TRABALHO-TECNICO><TRABALHO-TECNICO SEQUENCIA-PRODUCAO="20"><DADOS-BASICOS-DO-TRABALHO-TECNICO NATUREZA="RELATORIO_TECNICO" TITULO-DO-TRABALHO-TECNICO="Elaboração de Relatório Técnico de Vistoria e Inspeção Visual da Marquise do Edifício Shelly, situado na Rua São Francisco Xavier 2, Tijuca, RJ" ANO="2012" PAIS="Brasil" MEIO-DE-DIVULGACAO="NAO_INFORMADO" HOME-PAGE-DO-TRABALHO="" IDIOMA="Português" FLAG-RELEVANCIA="NAO" DOI="" TITULO-DO-TRABALHO-TECNICO-INGLES=""/><DETALHAMENTO-DO-TRABALHO-TECNICO FINALIDADE="" DURACAO-EM-MESES="" NUMERO-DE-PAGINAS="" DISPONIBILIDADE="NAO_INFORMADO" INSTITUICAO-FINANCIADORA="" CIDADE-DO-TRABALHO="" FINALIDADE-INGLES=""/><AUTORES NOME-COMPLETO-DO-AUTOR="Mário Ribeiro da Cruz Moura" NOME-PARA-CITACAO="MOURA, M. R. C." ORDEM-DE-AUTORIA="1" NRO-ID-CNPQ=""/></TRABALHO-TECNICO><TRABALHO-TECNICO SEQUENCIA-PRODUCAO="19"><DADOS-BASICOS-DO-TRABALHO-TECNICO NATUREZA="RELATORIO_TECNICO" TITULO-DO-TRABALHO-TECNICO="Elaboração de Relatório Técnico de Vistoria, Inspeção Visual e Verificação da Estabilidade Estrutural da Marquise, com emissão de Parecer Técnico, do Edifício Shelly, situado na Rua São Francisco Xavier 2, Tijuca, RJ" ANO="2005" PAIS="Brasil" MEIO-DE-DIVULGACAO="NAO_INFORMADO" HOME-PAGE-DO-TRABALHO="" IDIOMA="Português" FLAG-RELEVANCIA="NAO" DOI="" TITULO-DO-TRABALHO-TECNICO-INGLES=""/><DETALHAMENTO-DO-TRABALHO-TECNICO FINALIDADE="atendimento às exigências do Departamento de Vistoria Estrutural da Prefeitura da Cidade do Rio de Janeiro" DURACAO-EM-MESES="" NUMERO-DE-PAGINAS="" DISPONIBILIDADE="NAO_INFORMADO" INSTITUICAO-FINANCIADORA="" CIDADE-DO-TRABALHO="" FINALIDADE-INGLES=""/><AUTORES NOME-COMPLETO-DO-AUTOR="Mário Ribeiro da Cruz Moura" NOME-PARA-CITACAO="MOURA, M. R. C." ORDEM-DE-AUTORIA="1" NRO-ID-CNPQ=""/></TRABALHO-TECNICO><DEMAIS-TIPOS-DE-PRODUCAO-TECNICA><APRESENTACAO-DE-TRABALHO SEQUENCIA-PRODUCAO="1"><DADOS-BASICOS-DA-APRESENTACAO-DE-TRABALHO NATUREZA="CONGRESSO" TITULO="Ataque Marinho à Estrutura da Passarela da Ilha da Boa Viagem, Niterói, Rio de Janeiro" ANO="1998" PAIS="Brasil" IDIOMA="Português" FLAG-RELEVANCIA="SIM" DOI="" TITULO-INGLES="" FLAG-DIVULGACAO-CIENTIFICA="SIM"/><DETALHAMENTO-DA-APRESENTACAO-DE-TRABALHO NOME-DO-EVENTO="1º Congresso Internacional Sobre o Comportamento de Estruturas Danificadas" INSTITUICAO-PROMOTORA="Universidade Federal Fluminense e University College London" LOCAL-DA-APRESENTACAO="Hotel Meridien, Rio de Janeiro, Brasil" CIDADE-DA-APRESENTACAO="Rio de Janeiro" NOME-DO-EVENTO-INGLES=""/><AUTORES NOME-COMPLETO-DO-AUTOR="Ana Beatriz Alves" NOME-PARA-CITACAO="ALVES, A. B." ORDEM-DE-AUTORIA="1" NRO-ID-CNPQ=""/><AUTORES NOME-COMPLETO-DO-AUTOR="José Bedran Filho" NOME-PARA-CITACAO="BEDRAN FILHO, J." ORDEM-DE-AUTORIA="2" NRO-ID-CNPQ=""/><AUTORES NOME-COMPLETO-DO-AUTOR="Vicente Custódio Moreira de Souza" NOME-PARA-CITACAO="DE SOUZA, V. C. M." ORDEM-DE-AUTORIA="3" NRO-ID-CNPQ=""/><AUTORES NOME-COMPLETO-DO-AUTOR="Mário Ribeiro da Cruz Moura" NOME-PARA-CITACAO="MOURA, M. R. C." ORDEM-DE-AUTORIA="4" NRO-ID-CNPQ=""/><PALAVRAS-CHAVE PALAVRA-CHAVE-1="Estruturas" PALAVRA-CHAVE-2="Concreto Armado" PALAVRA-CHAVE-3="Patologia da Estruturas de Concreto" PALAVRA-CHAVE-4="Corrosão das Armaduras" PALAVRA-CHAVE-5="" PALAVRA-CHAVE-6=""/><AREAS-DO-CONHECIMENTO><AREA-DO-CONHECIMENTO-1 NOME-GRANDE-AREA-DO-CONHECIMENTO="ENGENHARIAS" NOME-DA-AREA-DO-CONHECIMENTO="" NOME-DA-SUB-AREA-DO-CONHECIMENTO="" NOME-DA-ESPECIALIDADE=""/></AREAS-DO-CONHECIMENTO></APRESENTACAO-DE-TRABALHO><APRESENTACAO-DE-TRABALHO SEQUENCIA-PRODUCAO="2"><DADOS-BASICOS-DA-APRESENTACAO-DE-TRABALHO NATUREZA="CONGRESSO" TITULO="Medição de Recalques da Ponte Velha da Barra da Tijuca" ANO="2009" PAIS="Brasil" IDIOMA="Português" FLAG-RELEVANCIA="SIM" DOI="" TITULO-INGLES="" FLAG-DIVULGACAO-CIENTIFICA="SIM"/><DETALHAMENTO-DA-APRESENTACAO-DE-TRABALHO NOME-DO-EVENTO="51º Congresso Brasileiro do Concreto" INSTITUICAO-PROMOTORA="Instituto Brasileiro do Concreto" LOCAL-DA-APRESENTACAO="Expo Unimed" CIDADE-DA-APRESENTACAO="Curitiba, Paraná, Brasil" NOME-DO-EVENTO-INGLES=""/><AUTORES NOME-COMPLETO-DO-AUTOR="Mário Ribeiro da Cruz Moura" NOME-PARA-CITACAO="MOURA, M. R. C." ORDEM-DE-AUTORIA="1" NRO-ID-CNPQ=""/><AUTORES NOME-COMPLETO-DO-AUTOR="Emil de Souza Sánchez Filho" NOME-PARA-CITACAO="SANCHEZ FILHO, E. S." ORDEM-DE-AUTORIA="2" NRO-ID-CNPQ=""/><PALAVRAS-CHAVE PALAVRA-CHAVE-1="Monitoramento" PALAVRA-CHAVE-2="Deslocamentos" PALAVRA-CHAVE-3="Recalques" PALAVRA-CHAVE-4="" PALAVRA-CHAVE-5="" PALAVRA-CHAVE-6=""/><AREAS-DO-CONHECIMENTO><AREA-DO-CONHECIMENTO-1 NOME-GRANDE-AREA-DO-CONHECIMENTO="ENGENHARIAS" NOME-DA-AREA-DO-CONHECIMENTO="" NOME-DA-SUB-AREA-DO-CONHECIMENTO="Construção Civil" NOME-DA-ESPECIALIDADE=""/></AREAS-DO-CONHECIMENTO><INFORMACOES-ADICIONAIS DESCRICAO-INFORMACOES-ADICIONAIS="Livro de Resumos - ISSN 2175-8182 - IBRACON 2009" DESCRICAO-INFORMACOES-ADICIONAIS-INGLES=""/></APRESENTACAO-DE-TRABALHO><APRESENTACAO-DE-TRABALHO SEQUENCIA-PRODUCAO="4"><DADOS-BASICOS-DA-APRESENTACAO-DE-TRABALHO NATUREZA="CONFERENCIA" TITULO="Topografia: Conceitos e Aplicações. A interface com o paisagismo" ANO="2010" PAIS="Brasil" IDIOMA="Português" FLAG-RELEVANCIA="SIM" DOI="" TITULO-INGLES="" FLAG-DIVULGACAO-CIENTIFICA="SIM"/><DETALHAMENTO-DA-APRESENTACAO-DE-TRABALHO NOME-DO-EVENTO="Palestra a turma do Curso de Paisagismo" INSTITUICAO-PROMOTORA="UFRJ" LOCAL-DA-APRESENTACAO="Cidade Universitária" CIDADE-DA-APRESENTACAO="Rio de Janeiro" NOME-DO-EVENTO-INGLES=""/><AUTORES NOME-COMPLETO-DO-AUTOR="Mário Ribeiro da Cruz Moura" NOME-PARA-CITACAO="MOURA, M. R. C." ORDEM-DE-AUTORIA="1" NRO-ID-CNPQ=""/><PALAVRAS-CHAVE PALAVRA-CHAVE-1="Topografia" PALAVRA-CHAVE-2="" PALAVRA-CHAVE-3="" PALAVRA-CHAVE-4="" PALAVRA-CHAVE-5="" PALAVRA-CHAVE-6=""/><AREAS-DO-CONHECIMENTO><AREA-DO-CONHECIMENTO-1 NOME-GRANDE-AREA-DO-CONHECIMENTO="ENGENHARIAS" NOME-DA-AREA-DO-CONHECIMENTO="" NOME-DA-SUB-AREA-DO-CONHECIMENTO="" NOME-DA-ESPECIALIDADE=""/><AREA-DO-CONHECIMENTO-2 NOME-GRANDE-AREA-DO-CONHECIMENTO="CIENCIAS_SOCIAIS_APLICADAS" NOME-DA-AREA-DO-CONHECIMENTO="Arquitetura e Urbanismo" NOME-DA-SUB-AREA-DO-CONHECIMENTO="Paisagismo" NOME-DA-ESPECIALIDADE=""/></AREAS-DO-CONHECIMENTO></APRESENTACAO-DE-TRABALHO><APRESENTACAO-DE-TRABALHO SEQUENCIA-PRODUCAO="3"><DADOS-BASICOS-DA-APRESENTACAO-DE-TRABALHO NATUREZA="CONFERENCIA" TITULO="Aplicação da Topografia na Construção Civil" ANO="2011" PAIS="Brasil" IDIOMA="Português" FLAG-RELEVANCIA="SIM" DOI="" TITULO-INGLES="" FLAG-DIVULGACAO-CIENTIFICA="SIM"/><DETALHAMENTO-DA-APRESENTACAO-DE-TRABALHO NOME-DO-EVENTO="VIII Fórum de Tecnologia" INSTITUICAO-PROMOTORA="Escola Técnica Estadual Ferreira Viana" LOCAL-DA-APRESENTACAO="Rua General Canabarro 291" CIDADE-DA-APRESENTACAO="Rio de Janeiro" NOME-DO-EVENTO-INGLES=""/><AUTORES NOME-COMPLETO-DO-AUTOR="Mário Ribeiro da Cruz Moura" NOME-PARA-CITACAO="MOURA, M. R. C." ORDEM-DE-AUTORIA="1" NRO-ID-CNPQ=""/><PALAVRAS-CHAVE PALAVRA-CHAVE-1="Topografia" PALAVRA-CHAVE-2="" PALAVRA-CHAVE-3="" PALAVRA-CHAVE-4="" PALAVRA-CHAVE-5="" PALAVRA-CHAVE-6=""/><AREAS-DO-CONHECIMENTO><AREA-DO-CONHECIMENTO-1 NOME-GRANDE-AREA-DO-CONHECIMENTO="ENGENHARIAS" NOME-DA-AREA-DO-CONHECIMENTO="" NOME-DA-SUB-AREA-DO-CONHECIMENTO="Construção Civil" NOME-DA-ESPECIALIDADE=""/></AREAS-DO-CONHECIMENTO></APRESENTACAO-DE-TRABALHO><DESENVOLVIMENTO-DE-MATERIAL-DIDATICO-OU-INSTRUCIONAL SEQUENCIA-PRODUCAO="12"><DADOS-BASICOS-DO-MATERIAL-DIDATICO-OU-INSTRUCIONAL NATUREZA="Texto Base - Material Didático" TITULO="Topógrafo de Dutos Terrestres / SENAI-RJ" ANO="2006" PAIS="Brasil" IDIOMA="Português" MEIO-DE-DIVULGACAO="IMPRESSO" HOME-PAGE-DO-TRABALHO="" FLAG-RELEVANCIA="NAO" DOI="" TITULO-INGLES="" NATUREZA-INGLES="" FLAG-DIVULGACAO-CIENTIFICA="SIM"/><DETALHAMENTO-DO-MATERIAL-DIDATICO-OU-INSTRUCIONAL FINALIDADE="Programa de Desenvolvimento de Mão de Obra" FINALIDADE-INGLES=""/><AUTORES NOME-COMPLETO-DO-AUTOR="Mário Ribeiro da Cruz Moura" NOME-PARA-CITACAO="MOURA, M. R. C." ORDEM-DE-AUTORIA="1" NRO-ID-CNPQ=""/><PALAVRAS-CHAVE PALAVRA-CHAVE-1="Topografia" PALAVRA-CHAVE-2="GNSS/GPS" PALAVRA-CHAVE-3="Geodésia" PALAVRA-CHAVE-4="Cartografia" PALAVRA-CHAVE-5="" PALAVRA-CHAVE-6=""/><AREAS-DO-CONHECIMENTO><AREA-DO-CONHECIMENTO-1 NOME-GRANDE-AREA-DO-CONHECIMENTO="ENGENHARIAS" NOME-DA-AREA-DO-CONHECIMENTO="" NOME-DA-SUB-AREA-DO-CONHECIMENTO="Construção Civil" NOME-DA-ESPECIALIDADE=""/></AREAS-DO-CONHECIMENTO><SETORES-DE-ATIVIDADE SETOR-DE-ATIVIDADE-1="Extração de Petróleo e Gás Natural" SETOR-DE-ATIVIDADE-2="" SETOR-DE-ATIVIDADE-3=""/></DESENVOLVIMENTO-DE-MATERIAL-DIDATICO-OU-INSTRUCIONAL></DEMAIS-TIPOS-DE-PRODUCAO-TECNICA></PRODUCAO-TECNICA><DADOS-COMPLEMENTARES><FORMACAO-COMPLEMENTAR><FORMACAO-COMPLEMENTAR-DE-EXTENSAO-UNIVERSITARIA SEQUENCIA-FORMACAO="7" NIVEL="8" CARGA-HORARIA="270" CODIGO-INSTITUICAO="000500000000" NOME-INSTITUICAO="Universidade Federal Fluminense" CODIGO-ORGAO="" NOME-ORGAO="" CODIGO-CURSO="90000004" NOME-CURSO="Atualização em Produção Civil" STATUS-DO-CURSO="CONCLUIDO" ANO-DE-INICIO="1997" ANO-DE-CONCLUSAO="1997" NOME-CURSO-INGLES=""/><FORMACAO-COMPLEMENTAR-CURSO-DE-CURTA-DURACAO SEQUENCIA-FORMACAO="8" NIVEL="F" CARGA-HORARIA="24" CODIGO-INSTITUICAO="IV6N00000003" NOME-INSTITUICAO="SENAI - Departamento Regional do Rio de Janeiro" CODIGO-ORGAO="" NOME-ORGAO="" CODIGO-CURSO="90000005" NOME-CURSO="Tecnologia de Impermeabilização e Recuperação Estr" STATUS-DO-CURSO="CONCLUIDO" ANO-DE-INICIO="2004" ANO-DE-CONCLUSAO="2004" NOME-CURSO-INGLES=""/><FORMACAO-COMPLEMENTAR-CURSO-DE-CURTA-DURACAO SEQUENCIA-FORMACAO="5" NIVEL="F" CARGA-HORARIA="60" CODIGO-INSTITUICAO="001300000004" NOME-INSTITUICAO="Instituto Brasileiro de Administração Municipal" CODIGO-ORGAO="" NOME-ORGAO="" CODIGO-CURSO="90000006" NOME-CURSO="Projeto e Cálculo de Estruturas em Concreto Armado" STATUS-DO-CURSO="CONCLUIDO" ANO-DE-INICIO="1987" ANO-DE-CONCLUSAO="1987" NOME-CURSO-INGLES=""/><FORMACAO-COMPLEMENTAR-CURSO-DE-CURTA-DURACAO SEQUENCIA-FORMACAO="6" NIVEL="F" CARGA-HORARIA="30" CODIGO-INSTITUICAO="208800000003" NOME-INSTITUICAO="Fundação para o Incremento da Pesquisa e do Aperfeiçoamento Industrial" CODIGO-ORGAO="" NOME-ORGAO="" CODIGO-CURSO="90000003" NOME-CURSO="Atualização em GPS e Topografia" STATUS-DO-CURSO="CONCLUIDO" ANO-DE-INICIO="1996" ANO-DE-CONCLUSAO="1996" NOME-CURSO-INGLES=""/><FORMACAO-COMPLEMENTAR-CURSO-DE-CURTA-DURACAO SEQUENCIA-FORMACAO="10" NIVEL="F" CARGA-HORARIA="40" CODIGO-INSTITUICAO="985600102420" NOME-INSTITUICAO="Autodesk , Inc" CODIGO-ORGAO="" NOME-ORGAO="" CODIGO-CURSO="90000008" NOME-CURSO="AutoCAD Civil 3D - 2016" STATUS-DO-CURSO="CONCLUIDO" ANO-DE-INICIO="2015" ANO-DE-CONCLUSAO="2015" NOME-CURSO-INGLES=""/><OUTROS SEQUENCIA-FORMACAO="4" NIVEL="Y" CARGA-HORARIA="600" CODIGO-INSTITUICAO="032600000000" NOME-INSTITUICAO="Universidade do Estado do Rio de Janeiro" CODIGO-ORGAO="" NOME-ORGAO="" CODIGO-CURSO="90000001" NOME-CURSO="Formação de Topógrafos" STATUS-DO-CURSO="CONCLUIDO" ANO-DE-INICIO="1977" ANO-DE-CONCLUSAO="1978" NOME-CURSO-INGLES=""/><formacoesComplementaresPlana/></FORMACAO-COMPLEMENTAR><PARTICIPACAO-EM-EVENTOS-CONGRESSOS><PARTICIPACAO-EM-CONGRESSO SEQUENCIA-PRODUCAO="10"><PARTICIPANTE-DE-EVENTOS-CONGRESSOS NOME-COMPLETO-DO-PARTICIPANTE-DE-EVENTOS-CONGRESSOS="Mário Ribeiro da Cruz Moura" NOME-PARA-CITACAO-DO-PARTICIPANTE-DE-EVENTOS-CONGRESSOS="MOURA, M. R. C.;MOURA, M.;Moura, M. R. C." ORDEM-PARTICIPANTE="1" NRO-ID-CNPQ="8645141775293983"/><DADOS-BASICOS-DA-PARTICIPACAO-EM-CONGRESSO NATUREZA="Congresso" TITULO="Medição de Recalques da Ponte Velha da Barra da Tijuca" ANO="2009" PAIS="Brasil" IDIOMA="" MEIO-DE-DIVULGACAO="NAO_INFORMADO" HOME-PAGE-DO-TRABALHO="" FLAG-RELEVANCIA="NAO" TIPO-PARTICIPACAO="Apresentação Oral" FORMA-PARTICIPACAO="Participante" DOI="" TITULO-INGLES="" FLAG-DIVULGACAO-CIENTIFICA="SIM"/><DETALHAMENTO-DA-PARTICIPACAO-EM-CONGRESSO NOME-DO-EVENTO="51º Congresso Brasileiro do Concreto - IBRACON" CODIGO-INSTITUICAO="" NOME-INSTITUICAO="" LOCAL-DO-EVENTO="" CIDADE-DO-EVENTO="Curitiba" NOME-DO-EVENTO-INGLES=""/></PARTICIPACAO-EM-CONGRESSO><PARTICIPACAO-EM-CONGRESSO SEQUENCIA-PRODUCAO="7"><PARTICIPANTE-DE-EVENTOS-CONGRESSOS NOME-COMPLETO-DO-PARTICIPANTE-DE-EVENTOS-CONGRESSOS="Mário Ribeiro da Cruz Moura" NOME-PARA-CITACAO-DO-PARTICIPANTE-DE-EVENTOS-CONGRESSOS="MOURA, M. R. C.;MOURA, M.;Moura, M. R. C." ORDEM-PARTICIPANTE="1" NRO-ID-CNPQ="8645141775293983"/><DADOS-BASICOS-DA-PARTICIPACAO-EM-CONGRESSO NATUREZA="Congresso" TITULO="Ataque Marinho à Estrutura da Passarela da Ilha da Boa Viagem, Niterói, Rio de Janeiro" ANO="1998" PAIS="Brasil" IDIOMA="" MEIO-DE-DIVULGACAO="NAO_INFORMADO" HOME-PAGE-DO-TRABALHO="" FLAG-RELEVANCIA="NAO" TIPO-PARTICIPACAO="Apresentação oral" FORMA-PARTICIPACAO="Participante" DOI="" TITULO-INGLES="" FLAG-DIVULGACAO-CIENTIFICA="NAO"/><DETALHAMENTO-DA-PARTICIPACAO-EM-CONGRESSO NOME-DO-EVENTO="1º Congresso Internacional Sobre o Comportamento de Estruturas Danificadas" CODIGO-INSTITUICAO="" NOME-INSTITUICAO="" LOCAL-DO-EVENTO="" CIDADE-DO-EVENTO="Rio de Janeiro" NOME-DO-EVENTO-INGLES=""/></PARTICIPACAO-EM-CONGRESSO><PARTICIPACAO-EM-SEMINARIO SEQUENCIA-PRODUCAO="9"><PARTICIPANTE-DE-EVENTOS-CONGRESSOS NOME-COMPLETO-DO-PARTICIPANTE-DE-EVENTOS-CONGRESSOS="Mário Ribeiro da Cruz Moura" NOME-PARA-CITACAO-DO-PARTICIPANTE-DE-EVENTOS-CONGRESSOS="MOURA, M. R. C.;MOURA, M.;Moura, M. R. C." ORDEM-PARTICIPANTE="1" NRO-ID-CNPQ="8645141775293983"/><DADOS-BASICOS-DA-PARTICIPACAO-EM-SEMINARIO NATUREZA="Seminário" TITULO="" ANO="2007" PAIS="Brasil" IDIOMA="" MEIO-DE-DIVULGACAO="NAO_INFORMADO" HOME-PAGE-DO-TRABALHO="" FLAG-RELEVANCIA="NAO" TIPO-PARTICIPACAO="" FORMA-PARTICIPACAO="Ouvinte" DOI="" TITULO-INGLES="" FLAG-DIVULGACAO-CIENTIFICA="NAO"/><DETALHAMENTO-DA-PARTICIPACAO-EM-SEMINARIO NOME-DO-EVENTO="Seminário Estruturas de Concreto - UFF" CODIGO-INSTITUICAO="" NOME-INSTITUICAO="" LOCAL-DO-EVENTO="" CIDADE-DO-EVENTO="Niterói" NOME-DO-EVENTO-INGLES=""/></PARTICIPACAO-EM-SEMINARIO><PARTICIPACAO-EM-SEMINARIO SEQUENCIA-PRODUCAO="8"><PARTICIPANTE-DE-EVENTOS-CONGRESSOS NOME-COMPLETO-DO-PARTICIPANTE-DE-EVENTOS-CONGRESSOS="Mário Ribeiro da Cruz Moura" NOME-PARA-CITACAO-DO-PARTICIPANTE-DE-EVENTOS-CONGRESSOS="MOURA, M. R. C.;MOURA, M.;Moura, M. R. C." ORDEM-PARTICIPANTE="1" NRO-ID-CNPQ="8645141775293983"/><DADOS-BASICOS-DA-PARTICIPACAO-EM-SEMINARIO NATUREZA="Seminário" TITULO="" ANO="1999" PAIS="Brasil" IDIOMA="" MEIO-DE-DIVULGACAO="NAO_INFORMADO" HOME-PAGE-DO-TRABALHO="" FLAG-RELEVANCIA="NAO" TIPO-PARTICIPACAO="" FORMA-PARTICIPACAO="Ouvinte" DOI="" TITULO-INGLES="" FLAG-DIVULGACAO-CIENTIFICA="NAO"/><DETALHAMENTO-DA-PARTICIPACAO-EM-SEMINARIO NOME-DO-EVENTO="III Seminário Fluminense de Engenharia - UFF" CODIGO-INSTITUICAO="" NOME-INSTITUICAO="" LOCAL-DO-EVENTO="" CIDADE-DO-EVENTO="Niterói" NOME-DO-EVENTO-INGLES=""/></PARTICIPACAO-EM-SEMINARIO><PARTICIPACAO-EM-SIMPOSIO SEQUENCIA-PRODUCAO="13"><PARTICIPANTE-DE-EVENTOS-CONGRESSOS NOME-COMPLETO-DO-PARTICIPANTE-DE-EVENTOS-CONGRESSOS="Mário Ribeiro da Cruz Moura" NOME-PARA-CITACAO-DO-PARTICIPANTE-DE-EVENTOS-CONGRESSOS="MOURA, M. R. C.;MOURA, M.;Moura, M. R. C." ORDEM-PARTICIPANTE="1" NRO-ID-CNPQ="8645141775293983"/><DADOS-BASICOS-DA-PARTICIPACAO-EM-SIMPOSIO NATUREZA="Simpósio" TITULO="" ANO="2015" PAIS="Brasil" IDIOMA="" MEIO-DE-DIVULGACAO="NAO_INFORMADO" HOME-PAGE-DO-TRABALHO="" FLAG-RELEVANCIA="NAO" TIPO-PARTICIPACAO="" FORMA-PARTICIPACAO="Ouvinte" DOI="" TITULO-INGLES="" FLAG-DIVULGACAO-CIENTIFICA="NAO"/><DETALHAMENTO-DA-PARTICIPACAO-EM-SIMPOSIO NOME-DO-EVENTO="Geotecnologias de Apoio as Grandes Obras de Engenharia e Arquitetura" CODIGO-INSTITUICAO="" NOME-INSTITUICAO="" LOCAL-DO-EVENTO="" CIDADE-DO-EVENTO="Rio de Janeiro" NOME-DO-EVENTO-INGLES=""/></PARTICIPACAO-EM-SIMPOSIO><PARTICIPACAO-EM-SIMPOSIO SEQUENCIA-PRODUCAO="11"><PARTICIPANTE-DE-EVENTOS-CONGRESSOS NOME-COMPLETO-DO-PARTICIPANTE-DE-EVENTOS-CONGRESSOS="Mário Ribeiro da Cruz Moura" NOME-PARA-CITACAO-DO-PARTICIPANTE-DE-EVENTOS-CONGRESSOS="MOURA, M. R. C.;MOURA, M.;Moura, M. R. C." ORDEM-PARTICIPANTE="1" NRO-ID-CNPQ="8645141775293983"/><DADOS-BASICOS-DA-PARTICIPACAO-EM-SIMPOSIO NATUREZA="Simpósio" TITULO="Aplicação da Topografia na Construção Civil" ANO="2011" PAIS="Brasil" IDIOMA="" MEIO-DE-DIVULGACAO="NAO_INFORMADO" HOME-PAGE-DO-TRABALHO="" FLAG-RELEVANCIA="NAO" TIPO-PARTICIPACAO="Apresentação oral" FORMA-PARTICIPACAO="Participante" DOI="" TITULO-INGLES="" FLAG-DIVULGACAO-CIENTIFICA="SIM"/><DETALHAMENTO-DA-PARTICIPACAO-EM-SIMPOSIO NOME-DO-EVENTO="VIII Forum de Tecnologia - Escola Técnica Estadual Ferreira Viana - FAETEC/RJ" CODIGO-INSTITUICAO="" NOME-INSTITUICAO="" LOCAL-DO-EVENTO="" CIDADE-DO-EVENTO="Rio de Janeiro" NOME-DO-EVENTO-INGLES=""/></PARTICIPACAO-EM-SIMPOSIO></PARTICIPACAO-EM-EVENTOS-CONGRESSOS><INFORMACOES-ADICIONAIS-INSTITUICOES><INFORMACAO-ADICIONAL-INSTITUICAO CODIGO-INSTITUICAO="000100000991" SIGLA-INSTITUICAO="TEC" SIGLA-UF-INSTITUICAO="" SIGLA-PAIS-INSTITUICAO="BRA" NOME-PAIS-INSTITUICAO="Brasil" FLAG-AGENCIA-FOMENTO="NAO" FLAG-INSTITUICAO-DE-ENSINO="NAO"/><INFORMACAO-ADICIONAL-INSTITUICAO CODIGO-INSTITUICAO="000101000995" SIGLA-INSTITUICAO="" SIGLA-UF-INSTITUICAO="RJ" SIGLA-PAIS-INSTITUICAO="BRA" NOME-PAIS-INSTITUICAO="Brasil" FLAG-AGENCIA-FOMENTO="NAO" FLAG-INSTITUICAO-DE-ENSINO="NAO"/><INFORMACAO-ADICIONAL-INSTITUICAO CODIGO-INSTITUICAO="000102000999" SIGLA-INSTITUICAO="" SIGLA-UF-INSTITUICAO="RJ" SIGLA-PAIS-INSTITUICAO="BRA" NOME-PAIS-INSTITUICAO="Brasil" FLAG-AGENCIA-FOMENTO="NAO" FLAG-INSTITUICAO-DE-ENSINO="NAO"/><INFORMACAO-ADICIONAL-INSTITUICAO CODIGO-INSTITUICAO="000103000992" SIGLA-INSTITUICAO="" SIGLA-UF-INSTITUICAO="RJ" SIGLA-PAIS-INSTITUICAO="BRA" NOME-PAIS-INSTITUICAO="Brasil" FLAG-AGENCIA-FOMENTO="NAO" FLAG-INSTITUICAO-DE-ENSINO="NAO"/><INFORMACAO-ADICIONAL-INSTITUICAO CODIGO-INSTITUICAO="000104000996" SIGLA-INSTITUICAO="" SIGLA-UF-INSTITUICAO="RJ" SIGLA-PAIS-INSTITUICAO="BRA" NOME-PAIS-INSTITUICAO="Brasil" FLAG-AGENCIA-FOMENTO="NAO" FLAG-INSTITUICAO-DE-ENSINO="NAO"/><INFORMACAO-ADICIONAL-INSTITUICAO CODIGO-INSTITUICAO="000105000990" SIGLA-INSTITUICAO="" SIGLA-UF-INSTITUICAO="RJ" SIGLA-PAIS-INSTITUICAO="BRA" NOME-PAIS-INSTITUICAO="Brasil" FLAG-AGENCIA-FOMENTO="NAO" FLAG-INSTITUICAO-DE-ENSINO="NAO"/><INFORMACAO-ADICIONAL-INSTITUICAO CODIGO-INSTITUICAO="000106000993" SIGLA-INSTITUICAO="" SIGLA-UF-INSTITUICAO="RJ" SIGLA-PAIS-INSTITUICAO="BRA" NOME-PAIS-INSTITUICAO="Brasil" FLAG-AGENCIA-FOMENTO="NAO" FLAG-INSTITUICAO-DE-ENSINO="NAO"/><INFORMACAO-ADICIONAL-INSTITUICAO CODIGO-INSTITUICAO="000107000997" SIGLA-INSTITUICAO="" SIGLA-UF-INSTITUICAO="RJ" SIGLA-PAIS-INSTITUICAO="BRA" NOME-PAIS-INSTITUICAO="Brasil" FLAG-AGENCIA-FOMENTO="NAO" FLAG-INSTITUICAO-DE-ENSINO="NAO"/><INFORMACAO-ADICIONAL-INSTITUICAO CODIGO-INSTITUICAO="000108000990" SIGLA-INSTITUICAO="" SIGLA-UF-INSTITUICAO="RJ" SIGLA-PAIS-INSTITUICAO="BRA" NOME-PAIS-INSTITUICAO="Brasil" FLAG-AGENCIA-FOMENTO="NAO" FLAG-INSTITUICAO-DE-ENSINO="NAO"/><INFORMACAO-ADICIONAL-INSTITUICAO CODIGO-INSTITUICAO="000109000994" SIGLA-INSTITUICAO="" SIGLA-UF-INSTITUICAO="RJ" SIGLA-PAIS-INSTITUICAO="BRA" NOME-PAIS-INSTITUICAO="Brasil" FLAG-AGENCIA-FOMENTO="NAO" FLAG-INSTITUICAO-DE-ENSINO="NAO"/><INFORMACAO-ADICIONAL-INSTITUICAO CODIGO-INSTITUICAO="000110000994" SIGLA-INSTITUICAO="" SIGLA-UF-INSTITUICAO="RJ" SIGLA-PAIS-INSTITUICAO="BRA" NOME-PAIS-INSTITUICAO="Brasil" FLAG-AGENCIA-FOMENTO="NAO" FLAG-INSTITUICAO-DE-ENSINO="NAO"/><INFORMACAO-ADICIONAL-INSTITUICAO CODIGO-INSTITUICAO="000111000998" SIGLA-INSTITUICAO="" SIGLA-UF-INSTITUICAO="RJ" SIGLA-PAIS-INSTITUICAO="BRA" NOME-PAIS-INSTITUICAO="Brasil" FLAG-AGENCIA-FOMENTO="NAO" FLAG-INSTITUICAO-DE-ENSINO="NAO"/><INFORMACAO-ADICIONAL-INSTITUICAO CODIGO-INSTITUICAO="000112000991" SIGLA-INSTITUICAO="" SIGLA-UF-INSTITUICAO="RJ" SIGLA-PAIS-INSTITUICAO="BRA" NOME-PAIS-INSTITUICAO="Brasil" FLAG-AGENCIA-FOMENTO="NAO" FLAG-INSTITUICAO-DE-ENSINO="NAO"/><INFORMACAO-ADICIONAL-INSTITUICAO CODIGO-INSTITUICAO="000113000995" SIGLA-INSTITUICAO="" SIGLA-UF-INSTITUICAO="RJ" SIGLA-PAIS-INSTITUICAO="BRA" NOME-PAIS-INSTITUICAO="Brasil" FLAG-AGENCIA-FOMENTO="NAO" FLAG-INSTITUICAO-DE-ENSINO="NAO"/><INFORMACAO-ADICIONAL-INSTITUICAO CODIGO-INSTITUICAO="000114000999" SIGLA-INSTITUICAO="" SIGLA-UF-INSTITUICAO="RJ" SIGLA-PAIS-INSTITUICAO="BRA" NOME-PAIS-INSTITUICAO="Brasil" FLAG-AGENCIA-FOMENTO="NAO" FLAG-INSTITUICAO-DE-ENSINO="NAO"/><INFORMACAO-ADICIONAL-INSTITUICAO CODIGO-INSTITUICAO="000115000992" SIGLA-INSTITUICAO="" SIGLA-UF-INSTITUICAO="RJ" SIGLA-PAIS-INSTITUICAO="BRA" NOME-PAIS-INSTITUICAO="Brasil" FLAG-AGENCIA-FOMENTO="NAO" FLAG-INSTITUICAO-DE-ENSINO="NAO"/><INFORMACAO-ADICIONAL-INSTITUICAO CODIGO-INSTITUICAO="000200000993" SIGLA-INSTITUICAO="ISERJ" SIGLA-UF-INSTITUICAO="RJ" SIGLA-PAIS-INSTITUICAO="BRA" NOME-PAIS-INSTITUICAO="Brasil" FLAG-AGENCIA-FOMENTO="NAO" FLAG-INSTITUICAO-DE-ENSINO="NAO"/><INFORMACAO-ADICIONAL-INSTITUICAO CODIGO-INSTITUICAO="000300000995" SIGLA-INSTITUICAO="META" SIGLA-UF-INSTITUICAO="RJ" SIGLA-PAIS-INSTITUICAO="BRA" NOME-PAIS-INSTITUICAO="Brasil" FLAG-AGENCIA-FOMENTO="NAO" FLAG-INSTITUICAO-DE-ENSINO="NAO"/><INFORMACAO-ADICIONAL-INSTITUICAO CODIGO-INSTITUICAO="000400000997" SIGLA-INSTITUICAO="ESE" SIGLA-UF-INSTITUICAO="RJ" SIGLA-PAIS-INSTITUICAO="BRA" NOME-PAIS-INSTITUICAO="Brasil" FLAG-AGENCIA-FOMENTO="NAO" FLAG-INSTITUICAO-DE-ENSINO="NAO"/><INFORMACAO-ADICIONAL-INSTITUICAO CODIGO-INSTITUICAO="000500000000" SIGLA-INSTITUICAO="UFF" SIGLA-UF-INSTITUICAO="RJ" SIGLA-PAIS-INSTITUICAO="BRA" NOME-PAIS-INSTITUICAO="Brasil" FLAG-AGENCIA-FOMENTO="NAO" FLAG-INSTITUICAO-DE-ENSINO="SIM"/><INFORMACAO-ADICIONAL-INSTITUICAO CODIGO-INSTITUICAO="001300000004" SIGLA-INSTITUICAO="IBAM" SIGLA-UF-INSTITUICAO="RJ" SIGLA-PAIS-INSTITUICAO="BRA" NOME-PAIS-INSTITUICAO="Brasil" FLAG-AGENCIA-FOMENTO="NAO" FLAG-INSTITUICAO-DE-ENSINO="NAO"/><INFORMACAO-ADICIONAL-INSTITUICAO CODIGO-INSTITUICAO="032600000000" SIGLA-INSTITUICAO="UERJ" SIGLA-UF-INSTITUICAO="RJ" SIGLA-PAIS-INSTITUICAO="BRA" NOME-PAIS-INSTITUICAO="Brasil" FLAG-AGENCIA-FOMENTO="NAO" FLAG-INSTITUICAO-DE-ENSINO="SIM"/><INFORMACAO-ADICIONAL-INSTITUICAO CODIGO-INSTITUICAO="201900000008" SIGLA-INSTITUICAO="UNISUAM" SIGLA-UF-INSTITUICAO="RJ" SIGLA-PAIS-INSTITUICAO="BRA" NOME-PAIS-INSTITUICAO="Brasil" FLAG-AGENCIA-FOMENTO="NAO" FLAG-INSTITUICAO-DE-ENSINO="SIM"/><INFORMACAO-ADICIONAL-INSTITUICAO CODIGO-INSTITUICAO="208800000003" SIGLA-INSTITUICAO="FIPAI" SIGLA-UF-INSTITUICAO="SP" SIGLA-PAIS-INSTITUICAO="BRA" NOME-PAIS-INSTITUICAO="Brasil" FLAG-AGENCIA-FOMENTO="NAO" FLAG-INSTITUICAO-DE-ENSINO="NAO"/><INFORMACAO-ADICIONAL-INSTITUICAO CODIGO-INSTITUICAO="549000000005" SIGLA-INSTITUICAO="UAN" SIGLA-UF-INSTITUICAO="" SIGLA-PAIS-INSTITUICAO="ANG" NOME-PAIS-INSTITUICAO="Angola" FLAG-AGENCIA-FOMENTO="NAO" FLAG-INSTITUICAO-DE-ENSINO="NAO"/><INFORMACAO-ADICIONAL-INSTITUICAO CODIGO-INSTITUICAO="586600000000" SIGLA-INSTITUICAO="UVA/RJ" SIGLA-UF-INSTITUICAO="RJ" SIGLA-PAIS-INSTITUICAO="BRA" NOME-PAIS-INSTITUICAO="Brasil" FLAG-AGENCIA-FOMENTO="NAO" FLAG-INSTITUICAO-DE-ENSINO="SIM"/><INFORMACAO-ADICIONAL-INSTITUICAO CODIGO-INSTITUICAO="985600102420" SIGLA-INSTITUICAO="AUTODESK" SIGLA-UF-INSTITUICAO="" SIGLA-PAIS-INSTITUICAO="EUA" NOME-PAIS-INSTITUICAO="Estados Unidos" FLAG-AGENCIA-FOMENTO="NAO" FLAG-INSTITUICAO-DE-ENSINO="NAO"/><INFORMACAO-ADICIONAL-INSTITUICAO CODIGO-INSTITUICAO="IV6N00000003" SIGLA-INSTITUICAO="SENAI/DR/RJ" SIGLA-UF-INSTITUICAO="RJ" SIGLA-PAIS-INSTITUICAO="BRA" NOME-PAIS-INSTITUICAO="Brasil" FLAG-AGENCIA-FOMENTO="NAO" FLAG-INSTITUICAO-DE-ENSINO="NAO"/><INFORMACAO-ADICIONAL-INSTITUICAO CODIGO-INSTITUICAO="JCPM00000007" SIGLA-INSTITUICAO="FAETEC" SIGLA-UF-INSTITUICAO="RJ" SIGLA-PAIS-INSTITUICAO="BRA" NOME-PAIS-INSTITUICAO="Brasil" FLAG-AGENCIA-FOMENTO="NAO" FLAG-INSTITUICAO-DE-ENSINO="SIM"/><INFORMACAO-ADICIONAL-INSTITUICAO CODIGO-INSTITUICAO="JCPM01000990" SIGLA-INSTITUICAO="" SIGLA-UF-INSTITUICAO="RJ" SIGLA-PAIS-INSTITUICAO="BRA" NOME-PAIS-INSTITUICAO="Brasil" FLAG-AGENCIA-FOMENTO="NAO" FLAG-INSTITUICAO-DE-ENSINO="NAO"/></INFORMACOES-ADICIONAIS-INSTITUICOES><INFORMACOES-ADICIONAIS-CURSOS><INFORMACAO-ADICIONAL-CURSO CODIGO-CURSO="31020062" CODIGO-ORGAO="" NOME-ORGAO="" CODIGO-INSTITUICAO="000500000000" NOME-INSTITUICAO="Universidade Federal Fluminense" NOME-GRANDE-AREA-DO-CONHECIMENTO="ENGENHARIAS" NOME-DA-AREA-DO-CONHECIMENTO="Engenharia Civil" NOME-DA-SUB-AREA-DO-CONHECIMENTO="" NOME-DA-ESPECIALIDADE="" NIVEL-CURSO="MESTRADO_DOUTORADO"/><INFORMACAO-ADICIONAL-CURSO CODIGO-CURSO="60135387" CODIGO-ORGAO="" NOME-ORGAO="" CODIGO-INSTITUICAO="201900000008" NOME-INSTITUICAO="Centro Universitário Augusto Motta" NOME-GRANDE-AREA-DO-CONHECIMENTO="OUTROS" NOME-DA-AREA-DO-CONHECIMENTO="" NOME-DA-SUB-AREA-DO-CONHECIMENTO="" NOME-DA-ESPECIALIDADE="" NIVEL-CURSO="GRADUACAO"/><INFORMACAO-ADICIONAL-CURSO CODIGO-CURSO="60399228" CODIGO-ORGAO="" NOME-ORGAO="" CODIGO-INSTITUICAO="586600000000" NOME-INSTITUICAO="Universidade Veiga de Almeida" NOME-GRANDE-AREA-DO-CONHECIMENTO="OUTROS" NOME-DA-AREA-DO-CONHECIMENTO="" NOME-DA-SUB-AREA-DO-CONHECIMENTO="" NOME-DA-ESPECIALIDADE="" NIVEL-CURSO="GRADUACAO"/><INFORMACAO-ADICIONAL-CURSO CODIGO-CURSO="90000000" CODIGO-ORGAO="" NOME-ORGAO="" CODIGO-INSTITUICAO="549000000005" NOME-INSTITUICAO="Universidade Agostinho Neto" NOME-GRANDE-AREA-DO-CONHECIMENTO="ENGENHARIAS" NOME-DA-AREA-DO-CONHECIMENTO="Engenharia Civil" NOME-DA-SUB-AREA-DO-CONHECIMENTO="" NOME-DA-ESPECIALIDADE="" NIVEL-CURSO="GRADUACAO"/><INFORMACAO-ADICIONAL-CURSO CODIGO-CURSO="90000001" CODIGO-ORGAO="" NOME-ORGAO="" CODIGO-INSTITUICAO="032600000000" NOME-INSTITUICAO="Universidade do Estado do Rio de Janeiro" NOME-GRANDE-AREA-DO-CONHECIMENTO="ENGENHARIAS" NOME-DA-AREA-DO-CONHECIMENTO="Engenharia Civil" NOME-DA-SUB-AREA-DO-CONHECIMENTO="" NOME-DA-ESPECIALIDADE="" NIVEL-CURSO="OT"/><INFORMACAO-ADICIONAL-CURSO CODIGO-CURSO="90000002" CODIGO-ORGAO="" NOME-ORGAO="" CODIGO-INSTITUICAO="001300000004" NOME-INSTITUICAO="Instituto Brasileiro de Administração Municipal" NOME-GRANDE-AREA-DO-CONHECIMENTO="ENGENHARIAS" NOME-DA-AREA-DO-CONHECIMENTO="Engenharia Civil" NOME-DA-SUB-AREA-DO-CONHECIMENTO="" NOME-DA-ESPECIALIDADE="" NIVEL-CURSO="CURSO_DE_CURTA_DURACAO"/><INFORMACAO-ADICIONAL-CURSO CODIGO-CURSO="90000003" CODIGO-ORGAO="" NOME-ORGAO="" CODIGO-INSTITUICAO="208800000003" NOME-INSTITUICAO="Fundação para o Incremento da Pesquisa e do Aperfeiçoamento Industrial" NOME-GRANDE-AREA-DO-CONHECIMENTO="CIENCIAS_EXATAS_E_DA_TERRA" NOME-DA-AREA-DO-CONHECIMENTO="Geociências" NOME-DA-SUB-AREA-DO-CONHECIMENTO="Geodésia" NOME-DA-ESPECIALIDADE="" NIVEL-CURSO="CURSO_DE_CURTA_DURACAO"/><INFORMACAO-ADICIONAL-CURSO CODIGO-CURSO="90000004" CODIGO-ORGAO="" NOME-ORGAO="" CODIGO-INSTITUICAO="000500000000" NOME-INSTITUICAO="Universidade Federal Fluminense" NOME-GRANDE-AREA-DO-CONHECIMENTO="ENGENHARIAS" NOME-DA-AREA-DO-CONHECIMENTO="Engenharia Civil" NOME-DA-SUB-AREA-DO-CONHECIMENTO="Construção Civil" NOME-DA-ESPECIALIDADE="" NIVEL-CURSO="EXTENSAO_UNIVERSITARIA"/><INFORMACAO-ADICIONAL-CURSO CODIGO-CURSO="90000005" CODIGO-ORGAO="" NOME-ORGAO="" CODIGO-INSTITUICAO="IV6N00000003" NOME-INSTITUICAO="SENAI - Departamento Regional do Rio de Janeiro" NOME-GRANDE-AREA-DO-CONHECIMENTO="ENGENHARIAS" NOME-DA-AREA-DO-CONHECIMENTO="Engenharia Civil" NOME-DA-SUB-AREA-DO-CONHECIMENTO="Construção Civil" NOME-DA-ESPECIALIDADE="" NIVEL-CURSO="CURSO_DE_CURTA_DURACAO"/><INFORMACAO-ADICIONAL-CURSO CODIGO-CURSO="90000006" CODIGO-ORGAO="" NOME-ORGAO="" CODIGO-INSTITUICAO="001300000004" NOME-INSTITUICAO="Instituto Brasileiro de Administração Municipal" NOME-GRANDE-AREA-DO-CONHECIMENTO="ENGENHARIAS" NOME-DA-AREA-DO-CONHECIMENTO="Engenharia Civil" NOME-DA-SUB-AREA-DO-CONHECIMENTO="Construção Civil" NOME-DA-ESPECIALIDADE="" NIVEL-CURSO="CURSO_DE_CURTA_DURACAO"/><INFORMACAO-ADICIONAL-CURSO CODIGO-CURSO="90000007" CODIGO-ORGAO="" NOME-ORGAO="" CODIGO-INSTITUICAO="000200000993" NOME-INSTITUICAO="Instituto Superior de Educação do Rio de Janeiro" NOME-GRANDE-AREA-DO-CONHECIMENTO="CIENCIAS_HUMANAS" NOME-DA-AREA-DO-CONHECIMENTO="Educação" NOME-DA-SUB-AREA-DO-CONHECIMENTO="" NOME-DA-ESPECIALIDADE="" NIVEL-CURSO="GRADUACAO"/><INFORMACAO-ADICIONAL-CURSO CODIGO-CURSO="90000008" CODIGO-ORGAO="" NOME-ORGAO="" CODIGO-INSTITUICAO="985600102420" NOME-INSTITUICAO="Autodesk , Inc" NOME-GRANDE-AREA-DO-CONHECIMENTO="ENGENHARIAS" NOME-DA-AREA-DO-CONHECIMENTO="Engenharia Civil" NOME-DA-SUB-AREA-DO-CONHECIMENTO="" NOME-DA-ESPECIALIDADE="" NIVEL-CURSO="CURSO_DE_CURTA_DURACAO"/></INFORMACOES-ADICIONAIS-CURSOS></DADOS-COMPLEMENTARES><eventos/></CURRICULO-VITAE>