<CURRICULO-VITAE SISTEMA-ORIGEM-XML="LATTES_OFFLINE" NUMERO-IDENTIFICADOR="8922587549718409" FORMATO-DATA-ATUALIZACAO="DDMMAAAA" DATA-ATUALIZACAO="02122016" FORMATO-HORA-ATUALIZACAO="HHMMSS" HORA-ATUALIZACAO="111845"><DADOS-GERAIS NOME-COMPLETO="Antônio José Dias da Silva" NOME-EM-CITACOES-BIBLIOGRAFICAS="SILVA, Antônio José Dias da;DA SILVA, ANTÔNIO JOSÉ DIAS;Dias A." NACIONALIDADE="B" PAIS-DE-NASCIMENTO="Brasil" FORMATO-DATA-DE-NASCIMENTO="DDMMAAAA" FORMATO-DATA-DE-EMISSAO="DDMMAAAA" PERMISSAO-DE-DIVULGACAO="NAO" DATA-FALECIMENTO="" SIGLA-PAIS-NACIONALIDADE="BRA" PAIS-DE-NACIONALIDADE="Brasil"><RESUMO-CV TEXTO-RESUMO-CV-RH="Graduado em Engenharia Elétrica e Eletrônica pela Sociedade Educacional Professor Nuno Lisboa (1984) e Mestrado em Informática pela Universidade Federal do Rio de Janeiro (2012). Atualmente professor do Centro Universitário Augusto Motta e da Universidade Castelo Branco. Atuando nas áreas de Engenharias, Sistemas de Informação e Educação à Distância." TEXTO-RESUMO-CV-RH-EN="bachelor's at Engenharia Eletrica e Eletronica from Sociedade Educacional Professor Nuno Lisboa (1984). , acting on the following subjects: ensino a distância, informática."/><ENDERECO FLAG-DE-PREFERENCIA="ENDERECO_RESIDENCIAL"><ENDERECO-PROFISSIONAL CODIGO-INSTITUICAO-EMPRESA="000100000991" NOME-INSTITUICAO-EMPRESA="Universidade Castelo Branco" CODIGO-ORGAO="000101000995" NOME-ORGAO="Coordenação de Curso" CODIGO-UNIDADE="" NOME-UNIDADE="" LOGRADOURO-COMPLEMENTO="Avenida Santa Cruz, 1631" PAIS="Brasil" UF="RJ" CEP="21715321" CIDADE="Rio de Janeiro" BAIRRO="Realengo" DDD="0021" TELEFONE="32167700" RAMAL="7746" FAX="" E-MAIL="antoniojoseds@gmail.com" HOME-PAGE=""/></ENDERECO><FORMACAO-ACADEMICA-TITULACAO><GRADUACAO SEQUENCIA-FORMACAO="2" NIVEL="1" TITULO-DO-TRABALHO-DE-CONCLUSAO-DE-CURSO="" NOME-DO-ORIENTADOR="" CODIGO-INSTITUICAO="452700000001" NOME-INSTITUICAO="Sociedade Educacional Professor Nuno Lisboa" CODIGO-ORGAO="" NOME-ORGAO="" CODIGO-CURSO="90000003" NOME-CURSO="Engenharia Eletrica e Eletronica" CODIGO-AREA-CURSO="90000003" STATUS-DO-CURSO="CONCLUIDO" ANO-DE-INICIO="1979" ANO-DE-CONCLUSAO="1984" FLAG-BOLSA="NAO" CODIGO-AGENCIA-FINANCIADORA="" NOME-AGENCIA="" NUMERO-ID-ORIENTADOR="" CODIGO-CURSO-CAPES="" TITULO-DO-TRABALHO-DE-CONCLUSAO-DE-CURSO-INGLES="" NOME-CURSO-INGLES="" FORMACAO-ACADEMICA-TITULACAO="" TIPO-GRADUACAO="" CODIGO-INSTITUICAO-GRAD="" NOME-INSTITUICAO-GRAD="" CODIGO-INSTITUICAO-OUTRA-GRAD="" NOME-INSTITUICAO-OUTRA-GRAD="" NOME-ORIENTADOR-GRAD=""/><ESPECIALIZACAO SEQUENCIA-FORMACAO="1" NIVEL="2" TITULO-DA-MONOGRAFIA="A Importância da Informática na Educação" NOME-DO-ORIENTADOR="Profesor Jesus" CODIGO-INSTITUICAO="000100000991" NOME-INSTITUICAO="Universidade Castelo Branco" CODIGO-ORGAO="" NOME-ORGAO="" CODIGO-CURSO="90000000" NOME-CURSO="Métodos e Técnicas doEnsino Superior" STATUS-DO-CURSO="CONCLUIDO" ANO-DE-INICIO="1992" ANO-DE-CONCLUSAO="1993" FLAG-BOLSA="NAO" CODIGO-AGENCIA-FINANCIADORA="" NOME-AGENCIA="" CARGA-HORARIA="360" TITULO-DA-MONOGRAFIA-INGLES="" NOME-CURSO-INGLES=""/><MESTRADO SEQUENCIA-FORMACAO="4" NIVEL="3" CODIGO-INSTITUICAO="020200000009" NOME-INSTITUICAO="Universidade Federal do Rio de Janeiro" CODIGO-ORGAO="" NOME-ORGAO="" CODIGO-CURSO="60002263" NOME-CURSO="Informática" CODIGO-AREA-CURSO="10300007" STATUS-DO-CURSO="CONCLUIDO" ANO-DE-INICIO="2010" ANO-DE-CONCLUSAO="2012" FLAG-BOLSA="NAO" CODIGO-AGENCIA-FINANCIADORA="" NOME-AGENCIA="" ANO-DE-OBTENCAO-DO-TITULO="2012" TITULO-DA-DISSERTACAO-TESE="Sistemas de Emergência" NOME-COMPLETO-DO-ORIENTADOR="Paulo Victor Rodrigues de Carvalho, D. Sc." TIPO-MESTRADO="N" NUMERO-ID-ORIENTADOR="8486882484125774" CODIGO-CURSO-CAPES="31001017110P8" TITULO-DA-DISSERTACAO-TESE-INGLES="" NOME-CURSO-INGLES="Computer Science" NOME-DO-CO-ORIENTADOR="" CODIGO-INSTITUICAO-DOUT="" NOME-INSTITUICAO-DOUT="" CODIGO-INSTITUICAO-OUTRA-DOUT="" NOME-INSTITUICAO-OUTRA-DOUT="" NOME-ORIENTADOR-DOUT=""><conceitoCapes/></MESTRADO></FORMACAO-ACADEMICA-TITULACAO><ATUACOES-PROFISSIONAIS><ATUACAO-PROFISSIONAL CODIGO-INSTITUICAO="000100000991" NOME-INSTITUICAO="Universidade Castelo Branco" SEQUENCIA-ATIVIDADE="1" SEQUENCIA-IMPORTANCIA="1"><VINCULOS SEQUENCIA-HISTORICO="1" TIPO-DE-VINCULO="LIVRE" ENQUADRAMENTO-FUNCIONAL="OUTRO" CARGA-HORARIA-SEMANAL="40" FLAG-DEDICACAO-EXCLUSIVA="NAO" MES-INICIO="9" ANO-INICIO="1990" MES-FIM="" ANO-FIM="" OUTRAS-INFORMACOES="" FLAG-VINCULO-EMPREGATICIO="NAO" OUTRO-VINCULO-INFORMADO="" OUTRO-ENQUADRAMENTO-FUNCIONAL-INFORMADO="" OUTRO-ENQUADRAMENTO-FUNCIONAL-INFORMADO-INGLES="" OUTRAS-INFORMACOES-INGLES=""/><ATIVIDADES-DE-DIRECAO-E-ADMINISTRACAO><DIRECAO-E-ADMINISTRACAO SEQUENCIA-FUNCAO-ATIVIDADE="2" FLAG-PERIODO="ATUAL" MES-INICIO="07" ANO-INICIO="2004" MES-FIM="" ANO-FIM="" CODIGO-ORGAO="000101000995" NOME-ORGAO="Coordenação de Curso" CODIGO-UNIDADE="" FORMATO-CARGO-OU-FUNCAO="COORDENADOR_DE_CURSO" CARGO-OU-FUNCAO="" NOME-UNIDADE="" CARGO-OU-FUNCAO-INGLES=""/></ATIVIDADES-DE-DIRECAO-E-ADMINISTRACAO><ATIVIDADES-DE-ENSINO><ENSINO SEQUENCIA-FUNCAO-ATIVIDADE="1" FLAG-PERIODO="ATUAL" TIPO-ENSINO="GRADUACAO" MES-INICIO="09" ANO-INICIO="1990" MES-FIM="" ANO-FIM="" CODIGO-ORGAO="" NOME-ORGAO="" CODIGO-CURSO="90000001" NOME-CURSO="Sistemas de Informação" NOME-CURSO-INGLES=""><DISCIPLINA SEQUENCIA-ESPECIFICACAO="1">Orientação de Estágio Supervisionado</DISCIPLINA><DISCIPLINA SEQUENCIA-ESPECIFICACAO="2">Sistemas Operacionais</DISCIPLINA><DISCIPLINA SEQUENCIA-ESPECIFICACAO="3">Informática Aplicada a outros Cursos</DISCIPLINA><DISCIPLINA SEQUENCIA-ESPECIFICACAO="4">Informática Básica para outros cursos</DISCIPLINA><DISCIPLINA SEQUENCIA-ESPECIFICACAO="5">Organização e Arquitetura de Computadores</DISCIPLINA><DISCIPLINA SEQUENCIA-ESPECIFICACAO="6">Introdução a Computação</DISCIPLINA></ENSINO></ATIVIDADES-DE-ENSINO><ATIVIDADES-DE-PARTICIPACAO-EM-PROJETO><PARTICIPACAO-EM-PROJETO SEQUENCIA-FUNCAO-ATIVIDADE="3" FLAG-PERIODO="ANTERIOR" MES-INICIO="" ANO-INICIO="2016" MES-FIM="" ANO-FIM="2016" CODIGO-ORGAO="000103000992" NOME-ORGAO="Pro-Reitoria de Extensão" CODIGO-UNIDADE="" NOME-UNIDADE=""><PROJETO-DE-PESQUISA SEQUENCIA-PROJETO="1" ANO-INICIO="2016" ANO-FIM="2016" NOME-DO-PROJETO="Lext-Oesste" SITUACAO="CONCLUIDO" NATUREZA="EXTENSAO" NUMERO-GRADUACAO="2" NUMERO-ESPECIALIZACAO="" NUMERO-MESTRADO-ACADEMICO="" NUMERO-MESTRADO-PROF="" NUMERO-DOUTORADO="" DESCRICAO-DO-PROJETO="Capacitação em conhecimentos básicos em Informática" IDENTIFICADOR-PROJETO="" DESCRICAO-DO-PROJETO-INGLES="" NOME-DO-PROJETO-INGLES="Lext-Oesste" FLAG-POTENCIAL-INOVACAO="NAO" FLAG-PROJETO-CERTIFICADO="nao" NOME-COORDENADOR-CERTIFICACAO="" FORMATO-DATA-CERTIFICACAO="DDMMAAAA" DATA-CERTIFICACAO="" NUMERO_TECNICO_NIVEL_MEDIO=""><EQUIPE-DO-PROJETO><INTEGRANTES-DO-PROJETO NOME-COMPLETO="Antônio José Dias da Silva" NOME-PARA-CITACAO="SILVA, Antônio José Dias da;DA SILVA, ANTÔNIO JOSÉ DIAS;Dias A." ORDEM-DE-INTEGRACAO="1" FLAG-RESPONSAVEL="SIM" NRO-ID-CNPQ="8922587549718409"/></EQUIPE-DO-PROJETO></PROJETO-DE-PESQUISA></PARTICIPACAO-EM-PROJETO><PARTICIPACAO-EM-PROJETO SEQUENCIA-FUNCAO-ATIVIDADE="4" FLAG-PERIODO="ANTERIOR" MES-INICIO="" ANO-INICIO="2016" MES-FIM="" ANO-FIM="2016" CODIGO-ORGAO="000103000992" NOME-ORGAO="Pro-Reitoria de Extensão" CODIGO-UNIDADE="" NOME-UNIDADE=""><PROJETO-DE-PESQUISA SEQUENCIA-PROJETO="2" ANO-INICIO="2016" ANO-FIM="2016" NOME-DO-PROJETO="Capacitação de Portadores de Deficiência" SITUACAO="CONCLUIDO" NATUREZA="EXTENSAO" NUMERO-GRADUACAO="" NUMERO-ESPECIALIZACAO="" NUMERO-MESTRADO-ACADEMICO="" NUMERO-MESTRADO-PROF="" NUMERO-DOUTORADO="" DESCRICAO-DO-PROJETO="Capacitação em Pacote Office  (Word, Excel e Power Point)" IDENTIFICADOR-PROJETO="" DESCRICAO-DO-PROJETO-INGLES="" NOME-DO-PROJETO-INGLES="" FLAG-POTENCIAL-INOVACAO="NAO" FLAG-PROJETO-CERTIFICADO="nao" NOME-COORDENADOR-CERTIFICACAO="" FORMATO-DATA-CERTIFICACAO="DDMMAAAA" DATA-CERTIFICACAO="" NUMERO_TECNICO_NIVEL_MEDIO=""><EQUIPE-DO-PROJETO><INTEGRANTES-DO-PROJETO NOME-COMPLETO="Antônio José Dias da Silva" NOME-PARA-CITACAO="SILVA, Antônio José Dias da;DA SILVA, ANTÔNIO JOSÉ DIAS;Dias A." ORDEM-DE-INTEGRACAO="1" FLAG-RESPONSAVEL="SIM" NRO-ID-CNPQ="8922587549718409"/></EQUIPE-DO-PROJETO></PROJETO-DE-PESQUISA></PARTICIPACAO-EM-PROJETO></ATIVIDADES-DE-PARTICIPACAO-EM-PROJETO><atividadesProfissionaisPlanificadas/></ATUACAO-PROFISSIONAL><ATUACAO-PROFISSIONAL CODIGO-INSTITUICAO="201900000008" NOME-INSTITUICAO="Centro Universitário Augusto Motta" SEQUENCIA-ATIVIDADE="2" SEQUENCIA-IMPORTANCIA="2"><VINCULOS SEQUENCIA-HISTORICO="1" TIPO-DE-VINCULO="CELETISTA" ENQUADRAMENTO-FUNCIONAL="LIVRE" CARGA-HORARIA-SEMANAL="15" FLAG-DEDICACAO-EXCLUSIVA="NAO" MES-INICIO="02" ANO-INICIO="2005" MES-FIM="" ANO-FIM="" OUTRAS-INFORMACOES="" FLAG-VINCULO-EMPREGATICIO="NAO" OUTRO-VINCULO-INFORMADO="" OUTRO-ENQUADRAMENTO-FUNCIONAL-INFORMADO="Professor Auxiliar" OUTRO-ENQUADRAMENTO-FUNCIONAL-INFORMADO-INGLES="" OUTRAS-INFORMACOES-INGLES=""/><ATIVIDADES-DE-ENSINO><ENSINO SEQUENCIA-FUNCAO-ATIVIDADE="2" FLAG-PERIODO="ATUAL" TIPO-ENSINO="GRADUACAO" MES-INICIO="02" ANO-INICIO="2005" MES-FIM="" ANO-FIM="" CODIGO-ORGAO="" NOME-ORGAO="" CODIGO-CURSO="90000002" NOME-CURSO="Ciência da Computação" NOME-CURSO-INGLES=""><DISCIPLINA SEQUENCIA-ESPECIFICACAO="1">Arquitetura e Organização de Computadores</DISCIPLINA><DISCIPLINA SEQUENCIA-ESPECIFICACAO="2">Computador e Sociedade</DISCIPLINA><DISCIPLINA SEQUENCIA-ESPECIFICACAO="3">Introdução a Informática</DISCIPLINA><DISCIPLINA SEQUENCIA-ESPECIFICACAO="4">Orientação de Estágio</DISCIPLINA><DISCIPLINA SEQUENCIA-ESPECIFICACAO="5">Informática Aplicada a Educação</DISCIPLINA><DISCIPLINA SEQUENCIA-ESPECIFICACAO="6">Circuitos Digitais</DISCIPLINA></ENSINO></ATIVIDADES-DE-ENSINO><atividadesProfissionaisPlanificadas/></ATUACAO-PROFISSIONAL><ATUACAO-PROFISSIONAL CODIGO-INSTITUICAO="419100000009" NOME-INSTITUICAO="Centro Universitário da Cidade" SEQUENCIA-ATIVIDADE="4" SEQUENCIA-IMPORTANCIA="6"><VINCULOS SEQUENCIA-HISTORICO="1" TIPO-DE-VINCULO="LIVRE" ENQUADRAMENTO-FUNCIONAL="LIVRE" CARGA-HORARIA-SEMANAL="0" FLAG-DEDICACAO-EXCLUSIVA="NAO" MES-INICIO="03" ANO-INICIO="2000" MES-FIM="07" ANO-FIM="2014" OUTRAS-INFORMACOES="Universidade descredenciada pelo Ministério da Educação em 14/01/2014. Estando dessa forma com a carga horária zerada." FLAG-VINCULO-EMPREGATICIO="NAO" OUTRO-VINCULO-INFORMADO="" OUTRO-ENQUADRAMENTO-FUNCIONAL-INFORMADO="Professor" OUTRO-ENQUADRAMENTO-FUNCIONAL-INFORMADO-INGLES="" OUTRAS-INFORMACOES-INGLES=""/><ATIVIDADES-DE-ENSINO><ENSINO SEQUENCIA-FUNCAO-ATIVIDADE="1" FLAG-PERIODO="ATUAL" TIPO-ENSINO="GRADUACAO" MES-INICIO="03" ANO-INICIO="2000" MES-FIM="" ANO-FIM="" CODIGO-ORGAO="" NOME-ORGAO="" CODIGO-CURSO="90000005" NOME-CURSO="Sistemas de Informação" NOME-CURSO-INGLES=""><DISCIPLINA SEQUENCIA-ESPECIFICACAO="1">Organização e Arquitetura de Computadores</DISCIPLINA><DISCIPLINA SEQUENCIA-ESPECIFICACAO="2">Sistemas Operacionais</DISCIPLINA><DISCIPLINA SEQUENCIA-ESPECIFICACAO="3">Introdução a Computação</DISCIPLINA></ENSINO></ATIVIDADES-DE-ENSINO><atividadesProfissionaisPlanificadas/></ATUACAO-PROFISSIONAL><ATUACAO-PROFISSIONAL CODIGO-INSTITUICAO="000200000993" NOME-INSTITUICAO="UNICARIOCA" SEQUENCIA-ATIVIDADE="5" SEQUENCIA-IMPORTANCIA="4"><VINCULOS SEQUENCIA-HISTORICO="1" TIPO-DE-VINCULO="LIVRE" ENQUADRAMENTO-FUNCIONAL="LIVRE" CARGA-HORARIA-SEMANAL="4" FLAG-DEDICACAO-EXCLUSIVA="NAO" MES-INICIO="02" ANO-INICIO="2004" MES-FIM="12" ANO-FIM="2014" OUTRAS-INFORMACOES="Atualmente com licença sem vencimento. Não estando ministrando nenhuma disciplina." FLAG-VINCULO-EMPREGATICIO="NAO" OUTRO-VINCULO-INFORMADO="" OUTRO-ENQUADRAMENTO-FUNCIONAL-INFORMADO="Professor." OUTRO-ENQUADRAMENTO-FUNCIONAL-INFORMADO-INGLES="" OUTRAS-INFORMACOES-INGLES=""/><ATIVIDADES-DE-ENSINO><ENSINO SEQUENCIA-FUNCAO-ATIVIDADE="1" FLAG-PERIODO="ATUAL" TIPO-ENSINO="GRADUACAO" MES-INICIO="02" ANO-INICIO="2004" MES-FIM="" ANO-FIM="" CODIGO-ORGAO="" NOME-ORGAO="" CODIGO-CURSO="90000006" NOME-CURSO="Sistemas de Informação" NOME-CURSO-INGLES=""><DISCIPLINA SEQUENCIA-ESPECIFICACAO="1">Informática Aplicada a Administração</DISCIPLINA><DISCIPLINA SEQUENCIA-ESPECIFICACAO="2">Introdução a Computação</DISCIPLINA><DISCIPLINA SEQUENCIA-ESPECIFICACAO="3">Organização e Arquitetura de Computadores</DISCIPLINA></ENSINO></ATIVIDADES-DE-ENSINO><atividadesProfissionaisPlanificadas/></ATUACAO-PROFISSIONAL><ATUACAO-PROFISSIONAL CODIGO-INSTITUICAO="110600000005" NOME-INSTITUICAO="Indústria de Material Bélico do Brasil" SEQUENCIA-ATIVIDADE="6" SEQUENCIA-IMPORTANCIA="8"><VINCULOS SEQUENCIA-HISTORICO="1" TIPO-DE-VINCULO="LIVRE" ENQUADRAMENTO-FUNCIONAL="LIVRE" CARGA-HORARIA-SEMANAL="44" FLAG-DEDICACAO-EXCLUSIVA="NAO" MES-INICIO="07" ANO-INICIO="1986" MES-FIM="03" ANO-FIM="1998" OUTRAS-INFORMACOES="" FLAG-VINCULO-EMPREGATICIO="NAO" OUTRO-VINCULO-INFORMADO="Celetista formal" OUTRO-ENQUADRAMENTO-FUNCIONAL-INFORMADO="Engenheiro" OUTRO-ENQUADRAMENTO-FUNCIONAL-INFORMADO-INGLES="" OUTRAS-INFORMACOES-INGLES=""/><atividadesProfissionaisPlanificadas/></ATUACAO-PROFISSIONAL><ATUACAO-PROFISSIONAL CODIGO-INSTITUICAO="000300000995" NOME-INSTITUICAO="Centro de Educação e Cultura" SEQUENCIA-ATIVIDADE="7" SEQUENCIA-IMPORTANCIA="7"><VINCULOS SEQUENCIA-HISTORICO="1" TIPO-DE-VINCULO="LIVRE" ENQUADRAMENTO-FUNCIONAL="LIVRE" CARGA-HORARIA-SEMANAL="20" FLAG-DEDICACAO-EXCLUSIVA="NAO" MES-INICIO="03" ANO-INICIO="1998" MES-FIM="12" ANO-FIM="2000" OUTRAS-INFORMACOES="" FLAG-VINCULO-EMPREGATICIO="NAO" OUTRO-VINCULO-INFORMADO="Celetista formal" OUTRO-ENQUADRAMENTO-FUNCIONAL-INFORMADO="Coordenador de Curso" OUTRO-ENQUADRAMENTO-FUNCIONAL-INFORMADO-INGLES="" OUTRAS-INFORMACOES-INGLES=""/><atividadesProfissionaisPlanificadas/></ATUACAO-PROFISSIONAL><ATUACAO-PROFISSIONAL CODIGO-INSTITUICAO="JIR500000002" NOME-INSTITUICAO="SENAC" SEQUENCIA-ATIVIDADE="9" SEQUENCIA-IMPORTANCIA="5"><VINCULOS SEQUENCIA-HISTORICO="1" TIPO-DE-VINCULO="PROFESSOR_VISITANTE" ENQUADRAMENTO-FUNCIONAL="LIVRE" CARGA-HORARIA-SEMANAL="" FLAG-DEDICACAO-EXCLUSIVA="NAO" MES-INICIO="07" ANO-INICIO="2011" MES-FIM="12" ANO-FIM="2014" OUTRAS-INFORMACOES="Tutor das disciplinas do curso de Pós graduação latu Senso à distância." FLAG-VINCULO-EMPREGATICIO="SIM" OUTRO-VINCULO-INFORMADO="" OUTRO-ENQUADRAMENTO-FUNCIONAL-INFORMADO="Professor" OUTRO-ENQUADRAMENTO-FUNCIONAL-INFORMADO-INGLES="" OUTRAS-INFORMACOES-INGLES=""/><atividadesProfissionaisPlanificadas/></ATUACAO-PROFISSIONAL><ATUACAO-PROFISSIONAL CODIGO-INSTITUICAO="294800000006" NOME-INSTITUICAO="Universidade Estácio de Sá" SEQUENCIA-ATIVIDADE="10" SEQUENCIA-IMPORTANCIA="3"><VINCULOS SEQUENCIA-HISTORICO="1" TIPO-DE-VINCULO="CELETISTA" ENQUADRAMENTO-FUNCIONAL="LIVRE" CARGA-HORARIA-SEMANAL="8" FLAG-DEDICACAO-EXCLUSIVA="NAO" MES-INICIO="03" ANO-INICIO="2014" MES-FIM="03" ANO-FIM="2015" OUTRAS-INFORMACOES="" FLAG-VINCULO-EMPREGATICIO="NAO" OUTRO-VINCULO-INFORMADO="" OUTRO-ENQUADRAMENTO-FUNCIONAL-INFORMADO="Professor." OUTRO-ENQUADRAMENTO-FUNCIONAL-INFORMADO-INGLES="" OUTRAS-INFORMACOES-INGLES=""/><atividadesProfissionaisPlanificadas/></ATUACAO-PROFISSIONAL></ATUACOES-PROFISSIONAIS><IDIOMAS><IDIOMA IDIOMA="EN" DESCRICAO-DO-IDIOMA="Inglês" PROFICIENCIA-DE-LEITURA="RAZOAVELMENTE" PROFICIENCIA-DE-FALA="RAZOAVELMENTE" PROFICIENCIA-DE-ESCRITA="RAZOAVELMENTE" PROFICIENCIA-DE-COMPREENSAO="RAZOAVELMENTE"/><IDIOMA IDIOMA="ES" DESCRICAO-DO-IDIOMA="Espanhol" PROFICIENCIA-DE-LEITURA="RAZOAVELMENTE" PROFICIENCIA-DE-FALA="RAZOAVELMENTE" PROFICIENCIA-DE-ESCRITA="RAZOAVELMENTE" PROFICIENCIA-DE-COMPREENSAO="RAZOAVELMENTE"/></IDIOMAS><PREMIOS-TITULOS><PREMIO-TITULO NOME-DO-PREMIO-OU-TITULO="IV Jornada de Estudos de Casos de Pequenas e Médias Empresas" NOME-DA-ENTIDADE-PROMOTORA="SEBRAE / RJ" ANO-DA-PREMIACAO="2006" NOME-DO-PREMIO-OU-TITULO-INGLES=""/><PREMIO-TITULO NOME-DO-PREMIO-OU-TITULO="COLABORADOR EMÉRITO DO EXÉRCITO" NOME-DA-ENTIDADE-PROMOTORA="COMANDO MILITAR DO LESTE" ANO-DA-PREMIACAO="1994" NOME-DO-PREMIO-OU-TITULO-INGLES=""/></PREMIOS-TITULOS><staValidado/><dataExibicao/><dadosBolsista/></DADOS-GERAIS><PRODUCAO-BIBLIOGRAFICA><TRABALHOS-EM-EVENTOS><TRABALHO-EM-EVENTOS SEQUENCIA-PRODUCAO="31"><DADOS-BASICOS-DO-TRABALHO NATUREZA="COMPLETO" TITULO-DO-TRABALHO="Sistema de computação móvel para auxílio à resposta a emergências radiológicas" ANO-DO-TRABALHO="2012" PAIS-DO-EVENTO="Peru" IDIOMA="Português" MEIO-DE-DIVULGACAO="MEIO_DIGITAL" HOME-PAGE-DO-TRABALHO="" FLAG-RELEVANCIA="NAO" DOI="" TITULO-DO-TRABALHO-INGLES="" FLAG-DIVULGACAO-CIENTIFICA="NAO"/><DETALHAMENTO-DO-TRABALHO CLASSIFICACAO-DO-EVENTO="INTERNACIONAL" NOME-DO-EVENTO="Simposio Internacional sobre Protección Radiológica" CIDADE-DO-EVENTO="Cusco" ANO-DE-REALIZACAO="2012" TITULO-DOS-ANAIS-OU-PROCEEDINGS="Simposio Internacional sobre Protección Radiológica" VOLUME="" FASCICULO="" SERIE="" PAGINA-INICIAL="" PAGINA-FINAL="" ISBN="" NOME-DA-EDITORA="Sociedade peruana de Protección Radiológica" CIDADE-DA-EDITORA="Lima" NOME-DO-EVENTO-INGLES=""/><AUTORES NOME-COMPLETO-DO-AUTOR="Antônio José Dias da Silva" NOME-PARA-CITACAO="Dias A." ORDEM-DE-AUTORIA="1" NRO-ID-CNPQ=""/><AUTORES NOME-COMPLETO-DO-AUTOR="Cláudio Márcio do Nascimento Abreu Pereira" NOME-PARA-CITACAO="PEREIRA, C. M. N. A." ORDEM-DE-AUTORIA="2" NRO-ID-CNPQ="2341184189645578"/><AUTORES NOME-COMPLETO-DO-AUTOR="Paulo Victor Rodrigues de Carvalho" NOME-PARA-CITACAO="CARVALHO, P. V. R." ORDEM-DE-AUTORIA="3" NRO-ID-CNPQ="8486882484125774"/></TRABALHO-EM-EVENTOS><TRABALHO-EM-EVENTOS SEQUENCIA-PRODUCAO="34"><DADOS-BASICOS-DO-TRABALHO NATUREZA="RESUMO" TITULO-DO-TRABALHO="A Análise do Trabalho dos Meteorologistas na Previsão de Chuvas Intensas no Rio de Janeiro." ANO-DO-TRABALHO="2010" PAIS-DO-EVENTO="Brasil" IDIOMA="Português" MEIO-DE-DIVULGACAO="MEIO_DIGITAL" HOME-PAGE-DO-TRABALHO="" FLAG-RELEVANCIA="NAO" DOI="" TITULO-DO-TRABALHO-INGLES="" FLAG-DIVULGACAO-CIENTIFICA="NAO"/><DETALHAMENTO-DO-TRABALHO CLASSIFICACAO-DO-EVENTO="NAO_INFORMADO" NOME-DO-EVENTO="XVI Congresso Brasileiro de Ergonomia - ABERGO 2010" CIDADE-DO-EVENTO="Rio de Janeiro" ANO-DE-REALIZACAO="2010" TITULO-DOS-ANAIS-OU-PROCEEDINGS="Anais do XVI Congresso Brasileiro de Ergonomia - ABERGO 2010" VOLUME="" FASCICULO="" SERIE="" PAGINA-INICIAL="" PAGINA-FINAL="" ISBN="" NOME-DA-EDITORA="Associação brasileira de Ergonomia - ABERGO" CIDADE-DA-EDITORA="Rio de Janeiro" NOME-DO-EVENTO-INGLES=""/><AUTORES NOME-COMPLETO-DO-AUTOR="André Engelbrecht" NOME-PARA-CITACAO="ENGELBRECHT, A." ORDEM-DE-AUTORIA="1" NRO-ID-CNPQ=""/><AUTORES NOME-COMPLETO-DO-AUTOR="Giovanni Dolif Neto" NOME-PARA-CITACAO="Dolif G." ORDEM-DE-AUTORIA="2" NRO-ID-CNPQ=""/><AUTORES NOME-COMPLETO-DO-AUTOR="Alessandro Jatobá" NOME-PARA-CITACAO="JATOBA, A." ORDEM-DE-AUTORIA="3" NRO-ID-CNPQ=""/><AUTORES NOME-COMPLETO-DO-AUTOR="Antônio José Dias da Silva" NOME-PARA-CITACAO="Dias A." ORDEM-DE-AUTORIA="4" NRO-ID-CNPQ=""/><AUTORES NOME-COMPLETO-DO-AUTOR="Paulo Victor Rodrigues de Carvalho" NOME-PARA-CITACAO="CARVALHO, P. V. R." ORDEM-DE-AUTORIA="5" NRO-ID-CNPQ="8486882484125774"/><AUTORES NOME-COMPLETO-DO-AUTOR="Jose Orlando Gomes" NOME-PARA-CITACAO="GOMES, J. O." ORDEM-DE-AUTORIA="6" NRO-ID-CNPQ=""/><AUTORES NOME-COMPLETO-DO-AUTOR="Carlos Afonso Nobre" NOME-PARA-CITACAO="NOBRE A. C." ORDEM-DE-AUTORIA="7" NRO-ID-CNPQ=""/></TRABALHO-EM-EVENTOS><TRABALHO-EM-EVENTOS SEQUENCIA-PRODUCAO="32"><DADOS-BASICOS-DO-TRABALHO NATUREZA="COMPLETO" TITULO-DO-TRABALHO="Critical Decision Method to Access Resilience and Brittleness in Heavy Rainfall Forecast" ANO-DO-TRABALHO="2011" PAIS-DO-EVENTO="França" IDIOMA="Inglês" MEIO-DE-DIVULGACAO="MEIO_DIGITAL" HOME-PAGE-DO-TRABALHO="" FLAG-RELEVANCIA="NAO" DOI="" TITULO-DO-TRABALHO-INGLES="" FLAG-DIVULGACAO-CIENTIFICA="NAO"/><DETALHAMENTO-DO-TRABALHO CLASSIFICACAO-DO-EVENTO="INTERNACIONAL" NOME-DO-EVENTO="4th Symposium on Resilience Engineering" CIDADE-DO-EVENTO="Sophia Antipolis" ANO-DE-REALIZACAO="2011" TITULO-DOS-ANAIS-OU-PROCEEDINGS="4th Symposium on Resilience Engineering" VOLUME="1" FASCICULO="" SERIE="" PAGINA-INICIAL="86" PAGINA-FINAL="92" ISBN="" NOME-DA-EDITORA="Presses des Mines" CIDADE-DA-EDITORA="Paris" NOME-DO-EVENTO-INGLES=""/><AUTORES NOME-COMPLETO-DO-AUTOR="Giovanni Dolif Neto" NOME-PARA-CITACAO="Dolif G." ORDEM-DE-AUTORIA="1" NRO-ID-CNPQ=""/><AUTORES NOME-COMPLETO-DO-AUTOR="André Engelbrecht" NOME-PARA-CITACAO="ENGELBRECHT, A." ORDEM-DE-AUTORIA="2" NRO-ID-CNPQ=""/><AUTORES NOME-COMPLETO-DO-AUTOR="Alessandro Jatobá" NOME-PARA-CITACAO="JATOBA, A." ORDEM-DE-AUTORIA="3" NRO-ID-CNPQ=""/><AUTORES NOME-COMPLETO-DO-AUTOR="Antônio José Dias da Silva" NOME-PARA-CITACAO="Dias A." ORDEM-DE-AUTORIA="4" NRO-ID-CNPQ=""/><AUTORES NOME-COMPLETO-DO-AUTOR="Jose Orlando Gomes" NOME-PARA-CITACAO="GOMES, J. O." ORDEM-DE-AUTORIA="5" NRO-ID-CNPQ=""/><AUTORES NOME-COMPLETO-DO-AUTOR="Marcos Roberto da Silva Borges" NOME-PARA-CITACAO="BORGES, M R S" ORDEM-DE-AUTORIA="6" NRO-ID-CNPQ="5378961528259963"/><AUTORES NOME-COMPLETO-DO-AUTOR="Carlos Afonso Nobre" NOME-PARA-CITACAO="NOBRE A. C." ORDEM-DE-AUTORIA="7" NRO-ID-CNPQ=""/><AUTORES NOME-COMPLETO-DO-AUTOR="Paulo Victor Rodrigues de Carvalho" NOME-PARA-CITACAO="CARVALHO, P. V. R." ORDEM-DE-AUTORIA="8" NRO-ID-CNPQ="8486882484125774"/></TRABALHO-EM-EVENTOS></TRABALHOS-EM-EVENTOS><ARTIGOS-PUBLICADOS><ARTIGO-PUBLICADO SEQUENCIA-PRODUCAO="29" ORDEM-IMPORTANCIA=""><DADOS-BASICOS-DO-ARTIGO NATUREZA="COMPLETO" TITULO-DO-ARTIGO="Resilience and brittleness in the ALERTA RIO system: a field study about the decision-making of forecasters" ANO-DO-ARTIGO="2013" PAIS-DE-PUBLICACAO="" IDIOMA="Inglês" MEIO-DE-DIVULGACAO="MEIO_DIGITAL" HOME-PAGE-DO-TRABALHO="[doi:10.1007/s11069-012-0448-2]" FLAG-RELEVANCIA="NAO" DOI="10.1007/s11069-012-0448-2" TITULO-DO-ARTIGO-INGLES="" FLAG-DIVULGACAO-CIENTIFICA="NAO"/><DETALHAMENTO-DO-ARTIGO TITULO-DO-PERIODICO-OU-REVISTA="Natural Hazards (Dordrecht. Online)" ISSN="15730840" VOLUME="65" FASCICULO="" SERIE="3" PAGINA-INICIAL="1831" PAGINA-FINAL="1847" LOCAL-DE-PUBLICACAO=""/><AUTORES NOME-COMPLETO-DO-AUTOR="DOLIF, GIOVANNI" NOME-PARA-CITACAO="DOLIF, GIOVANNI" ORDEM-DE-AUTORIA="1" NRO-ID-CNPQ=""/><AUTORES NOME-COMPLETO-DO-AUTOR="ENGELBRECHT, ANDRE" NOME-PARA-CITACAO="ENGELBRECHT, ANDRE" ORDEM-DE-AUTORIA="2" NRO-ID-CNPQ=""/><AUTORES NOME-COMPLETO-DO-AUTOR="JATOBÁ, ALESSANDRO" NOME-PARA-CITACAO="JATOBÁ, ALESSANDRO" ORDEM-DE-AUTORIA="3" NRO-ID-CNPQ=""/><AUTORES NOME-COMPLETO-DO-AUTOR="Antônio José Dias da Silva" NOME-PARA-CITACAO="DA SILVA, ANTÔNIO JOSÉ DIAS" ORDEM-DE-AUTORIA="4" NRO-ID-CNPQ=""/><AUTORES NOME-COMPLETO-DO-AUTOR="GOMES, JOSÉ ORLANDO" NOME-PARA-CITACAO="GOMES, JOSÉ ORLANDO" ORDEM-DE-AUTORIA="5" NRO-ID-CNPQ=""/><AUTORES NOME-COMPLETO-DO-AUTOR="BORGES, MARCOS R. S." NOME-PARA-CITACAO="BORGES, MARCOS R. S." ORDEM-DE-AUTORIA="6" NRO-ID-CNPQ=""/><AUTORES NOME-COMPLETO-DO-AUTOR="NOBRE, CARLOS A." NOME-PARA-CITACAO="NOBRE, CARLOS A." ORDEM-DE-AUTORIA="7" NRO-ID-CNPQ=""/><AUTORES NOME-COMPLETO-DO-AUTOR="CARVALHO, PAULO VICTOR R." NOME-PARA-CITACAO="CARVALHO, PAULO VICTOR R." ORDEM-DE-AUTORIA="8" NRO-ID-CNPQ=""/></ARTIGO-PUBLICADO><ARTIGO-PUBLICADO SEQUENCIA-PRODUCAO="30" ORDEM-IMPORTANCIA=""><DADOS-BASICOS-DO-ARTIGO NATUREZA="COMPLETO" TITULO-DO-ARTIGO="A análise do trabalho dos meteorologistas na previsão de chuvas intensas no Rio de Janeiro" ANO-DO-ARTIGO="2011" PAIS-DE-PUBLICACAO="" IDIOMA="Português" MEIO-DE-DIVULGACAO="MEIO_DIGITAL" HOME-PAGE-DO-TRABALHO="[http://www.abergo.org.br/revista/index.php/ae/article/view/115/114]" FLAG-RELEVANCIA="NAO" DOI="" TITULO-DO-ARTIGO-INGLES="" FLAG-DIVULGACAO-CIENTIFICA="NAO"/><DETALHAMENTO-DO-ARTIGO TITULO-DO-PERIODICO-OU-REVISTA="Ação Ergonômica" ISSN="15197859" VOLUME="6" FASCICULO="" SERIE="" PAGINA-INICIAL="11" PAGINA-FINAL="17" LOCAL-DE-PUBLICACAO=""/><AUTORES NOME-COMPLETO-DO-AUTOR="André Engelbrecht" NOME-PARA-CITACAO="ENGELBRECHT, A." ORDEM-DE-AUTORIA="1" NRO-ID-CNPQ=""/><AUTORES NOME-COMPLETO-DO-AUTOR="Giovanni Dolif Neto" NOME-PARA-CITACAO="Dolif G." ORDEM-DE-AUTORIA="2" NRO-ID-CNPQ=""/><AUTORES NOME-COMPLETO-DO-AUTOR="Carlos Afonso Nobre" NOME-PARA-CITACAO="NOBRE, C. A." ORDEM-DE-AUTORIA="3" NRO-ID-CNPQ=""/><AUTORES NOME-COMPLETO-DO-AUTOR="Alessandro Jatobá" NOME-PARA-CITACAO="JATOBA, A." ORDEM-DE-AUTORIA="4" NRO-ID-CNPQ=""/><AUTORES NOME-COMPLETO-DO-AUTOR="Antônio José Dias da Silva" NOME-PARA-CITACAO="Dias A." ORDEM-DE-AUTORIA="5" NRO-ID-CNPQ=""/><AUTORES NOME-COMPLETO-DO-AUTOR="José Orlando Gomes" NOME-PARA-CITACAO="Gomes, José Orlando" ORDEM-DE-AUTORIA="6" NRO-ID-CNPQ="7794093582671639"/><AUTORES NOME-COMPLETO-DO-AUTOR="Paulo Victor Rodrigues de Carvalho" NOME-PARA-CITACAO="CARVALHO, P. V. R." ORDEM-DE-AUTORIA="7" NRO-ID-CNPQ="8486882484125774"/></ARTIGO-PUBLICADO></ARTIGOS-PUBLICADOS><DEMAIS-TIPOS-DE-PRODUCAO-BIBLIOGRAFICA><OUTRA-PRODUCAO-BIBLIOGRAFICA SEQUENCIA-PRODUCAO="2"><DADOS-BASICOS-DE-OUTRA-PRODUCAO NATUREZA="Instrucional para Ensino a Distância" TITULO="Linguagem de Programação" ANO="1999" PAIS-DE-PUBLICACAO="Brasil" IDIOMA="Português" MEIO-DE-DIVULGACAO="IMPRESSO" HOME-PAGE-DO-TRABALHO="" FLAG-RELEVANCIA="SIM" DOI="" TITULO-INGLES="" NATUREZA-INGLES="" FLAG-DIVULGACAO-CIENTIFICA="NAO"/><DETALHAMENTO-DE-OUTRA-PRODUCAO EDITORA="Centro Editorial da Universidade Castelo Branco" CIDADE-DA-EDITORA="Rio de Janeiro" NUMERO-DE-PAGINAS="80" ISSN-ISBN=""/><AUTORES NOME-COMPLETO-DO-AUTOR="Rubens Lopes" NOME-PARA-CITACAO="Lopes Rubens" ORDEM-DE-AUTORIA="1" NRO-ID-CNPQ=""/><AUTORES NOME-COMPLETO-DO-AUTOR="Antônio José Dias da Silva" NOME-PARA-CITACAO="SILVA, Antônio José Dias da" ORDEM-DE-AUTORIA="2" NRO-ID-CNPQ=""/></OUTRA-PRODUCAO-BIBLIOGRAFICA><OUTRA-PRODUCAO-BIBLIOGRAFICA SEQUENCIA-PRODUCAO="3"><DADOS-BASICOS-DE-OUTRA-PRODUCAO NATUREZA="Instrucional para Cursos de Pós - Graduação na Modalidade a Distância" TITULO="Gestão da Informação e do Conhecimento" ANO="2003" PAIS-DE-PUBLICACAO="Brasil" IDIOMA="Português" MEIO-DE-DIVULGACAO="VARIOS" HOME-PAGE-DO-TRABALHO="" FLAG-RELEVANCIA="SIM" DOI="" TITULO-INGLES="" NATUREZA-INGLES="" FLAG-DIVULGACAO-CIENTIFICA="NAO"/><DETALHAMENTO-DE-OUTRA-PRODUCAO EDITORA="IESDE" CIDADE-DA-EDITORA="Curitiba" NUMERO-DE-PAGINAS="150" ISSN-ISBN=""/><AUTORES NOME-COMPLETO-DO-AUTOR="Antônio José Dias da Silva" NOME-PARA-CITACAO="SILVA, Antônio José Dias da" ORDEM-DE-AUTORIA="1" NRO-ID-CNPQ=""/></OUTRA-PRODUCAO-BIBLIOGRAFICA><OUTRA-PRODUCAO-BIBLIOGRAFICA SEQUENCIA-PRODUCAO="1"><DADOS-BASICOS-DE-OUTRA-PRODUCAO NATUREZA="Instrucional para o Ensino a Distância" TITULO="Informática" ANO="1998" PAIS-DE-PUBLICACAO="Brasil" IDIOMA="Português" MEIO-DE-DIVULGACAO="IMPRESSO" HOME-PAGE-DO-TRABALHO="" FLAG-RELEVANCIA="SIM" DOI="" TITULO-INGLES="" NATUREZA-INGLES="" FLAG-DIVULGACAO-CIENTIFICA="NAO"/><DETALHAMENTO-DE-OUTRA-PRODUCAO EDITORA="Centro Editorial da Universidade Castelo Branco" CIDADE-DA-EDITORA="Rio de Janeiro" NUMERO-DE-PAGINAS="70" ISSN-ISBN=""/><AUTORES NOME-COMPLETO-DO-AUTOR="Antônio José Dias da Silva" NOME-PARA-CITACAO="SILVA, Antônio José Dias da" ORDEM-DE-AUTORIA="1" NRO-ID-CNPQ=""/></OUTRA-PRODUCAO-BIBLIOGRAFICA></DEMAIS-TIPOS-DE-PRODUCAO-BIBLIOGRAFICA></PRODUCAO-BIBLIOGRAFICA><PRODUCAO-TECNICA><TRABALHO-TECNICO SEQUENCIA-PRODUCAO="35"><DADOS-BASICOS-DO-TRABALHO-TECNICO NATUREZA="ELABORACAO_DE_PROJETO" TITULO-DO-TRABALHO-TECNICO="Projeto Político Pedagógico do Curso de Engenharia Elétrica" ANO="2015" PAIS="Brasil" MEIO-DE-DIVULGACAO="NAO_INFORMADO" HOME-PAGE-DO-TRABALHO="www.unisuam.edu.br" IDIOMA="Português" FLAG-RELEVANCIA="NAO" DOI="" TITULO-DO-TRABALHO-TECNICO-INGLES=""/><DETALHAMENTO-DO-TRABALHO-TECNICO FINALIDADE="" DURACAO-EM-MESES="12" NUMERO-DE-PAGINAS="" DISPONIBILIDADE="IRRESTRITA" INSTITUICAO-FINANCIADORA="" CIDADE-DO-TRABALHO="Rio de Janeiro" FINALIDADE-INGLES=""/><AUTORES NOME-COMPLETO-DO-AUTOR="Antônio José Dias da Silva" NOME-PARA-CITACAO="Dias A." ORDEM-DE-AUTORIA="1" NRO-ID-CNPQ=""/><AUTORES NOME-COMPLETO-DO-AUTOR="Marcelo de Jesus Rodrigues Nobrega" NOME-PARA-CITACAO="NOBREGA, M. J. R." ORDEM-DE-AUTORIA="2" NRO-ID-CNPQ=""/><AUTORES NOME-COMPLETO-DO-AUTOR="Geraldo Mota de Azevedo Junior" NOME-PARA-CITACAO="AZEVEDO JUNIOR, G. M." ORDEM-DE-AUTORIA="3" NRO-ID-CNPQ=""/><AUTORES NOME-COMPLETO-DO-AUTOR="Everton Rangel Bispo" NOME-PARA-CITACAO="BISPO, E. R." ORDEM-DE-AUTORIA="4" NRO-ID-CNPQ=""/><AUTORES NOME-COMPLETO-DO-AUTOR="Luiz Eduardo Amancio de Aguiar" NOME-PARA-CITACAO="AGUIAR, L. E. A." ORDEM-DE-AUTORIA="5" NRO-ID-CNPQ=""/></TRABALHO-TECNICO><TRABALHO-TECNICO SEQUENCIA-PRODUCAO="36"><DADOS-BASICOS-DO-TRABALHO-TECNICO NATUREZA="ELABORACAO_DE_PROJETO" TITULO-DO-TRABALHO-TECNICO="Projeto Político Pedagógico do Curso de Engenharia Elétrica" ANO="2016" PAIS="Brasil" MEIO-DE-DIVULGACAO="IMPRESSO" HOME-PAGE-DO-TRABALHO="www.unisuam.edu.br" IDIOMA="Português" FLAG-RELEVANCIA="NAO" DOI="" TITULO-DO-TRABALHO-TECNICO-INGLES=""/><DETALHAMENTO-DO-TRABALHO-TECNICO FINALIDADE="" DURACAO-EM-MESES="12" NUMERO-DE-PAGINAS="" DISPONIBILIDADE="IRRESTRITA" INSTITUICAO-FINANCIADORA="" CIDADE-DO-TRABALHO="Rio de Janeiro" FINALIDADE-INGLES=""/><AUTORES NOME-COMPLETO-DO-AUTOR="Antônio José Dias da Silva" NOME-PARA-CITACAO="Dias A." ORDEM-DE-AUTORIA="1" NRO-ID-CNPQ=""/><AUTORES NOME-COMPLETO-DO-AUTOR="Marcelo de Jesus Rodrigues Nobrega" NOME-PARA-CITACAO="NOBREGA, M. J. R." ORDEM-DE-AUTORIA="2" NRO-ID-CNPQ=""/><AUTORES NOME-COMPLETO-DO-AUTOR="Everton Rangel Bispo" NOME-PARA-CITACAO="BISPO, E. R." ORDEM-DE-AUTORIA="3" NRO-ID-CNPQ=""/><AUTORES NOME-COMPLETO-DO-AUTOR="Luiz Eduardo Amancio de Aguiar" NOME-PARA-CITACAO="AGUIAR, L. E. A." ORDEM-DE-AUTORIA="4" NRO-ID-CNPQ=""/><AUTORES NOME-COMPLETO-DO-AUTOR="Gladson Silva Fontes" NOME-PARA-CITACAO="FONTES, G. S." ORDEM-DE-AUTORIA="5" NRO-ID-CNPQ=""/></TRABALHO-TECNICO><TRABALHO-TECNICO SEQUENCIA-PRODUCAO="38"><DADOS-BASICOS-DO-TRABALHO-TECNICO NATUREZA="EXTENSAO_TECNOLOGICA" TITULO-DO-TRABALHO-TECNICO="Visita Técnica" ANO="2016" PAIS="Brasil" MEIO-DE-DIVULGACAO="MEIO_MAGNETICO" HOME-PAGE-DO-TRABALHO="www.unisuam.edu.br" IDIOMA="Português" FLAG-RELEVANCIA="NAO" DOI="" TITULO-DO-TRABALHO-TECNICO-INGLES=""/><DETALHAMENTO-DO-TRABALHO-TECNICO FINALIDADE="Visita Técnica a Hidrelétrica de Itaipu com alunos do curso de Engenharia Elétrica" DURACAO-EM-MESES="" NUMERO-DE-PAGINAS="" DISPONIBILIDADE="NAO_INFORMADO" INSTITUICAO-FINANCIADORA="" CIDADE-DO-TRABALHO="Foz do Iguaçu" FINALIDADE-INGLES=""/><AUTORES NOME-COMPLETO-DO-AUTOR="Antônio José Dias da Silva" NOME-PARA-CITACAO="Dias A." ORDEM-DE-AUTORIA="1" NRO-ID-CNPQ=""/></TRABALHO-TECNICO><TRABALHO-TECNICO SEQUENCIA-PRODUCAO="39"><DADOS-BASICOS-DO-TRABALHO-TECNICO NATUREZA="EXTENSAO_TECNOLOGICA" TITULO-DO-TRABALHO-TECNICO="Visita Técnica" ANO="2016" PAIS="Brasil" MEIO-DE-DIVULGACAO="MEIO_MAGNETICO" HOME-PAGE-DO-TRABALHO="www.unisuam.edu.br" IDIOMA="Português" FLAG-RELEVANCIA="NAO" DOI="" TITULO-DO-TRABALHO-TECNICO-INGLES=""/><DETALHAMENTO-DO-TRABALHO-TECNICO FINALIDADE="Visita Técnica a Usina Nuclear Angra II" DURACAO-EM-MESES="" NUMERO-DE-PAGINAS="" DISPONIBILIDADE="NAO_INFORMADO" INSTITUICAO-FINANCIADORA="" CIDADE-DO-TRABALHO="Angra dos Reis" FINALIDADE-INGLES=""/><AUTORES NOME-COMPLETO-DO-AUTOR="Antônio José Dias da Silva" NOME-PARA-CITACAO="Dias A." ORDEM-DE-AUTORIA="1" NRO-ID-CNPQ=""/></TRABALHO-TECNICO><DEMAIS-TIPOS-DE-PRODUCAO-TECNICA><APRESENTACAO-DE-TRABALHO SEQUENCIA-PRODUCAO="7"><DADOS-BASICOS-DA-APRESENTACAO-DE-TRABALHO NATUREZA="CONGRESSO" TITULO="Análise do trabalho dos meteorologistas na previsão de chuvas intensas no Rio de Janeiro." ANO="2010" PAIS="Brasil" IDIOMA="Português" FLAG-RELEVANCIA="SIM" DOI="" TITULO-INGLES="" FLAG-DIVULGACAO-CIENTIFICA="NAO"/><DETALHAMENTO-DA-APRESENTACAO-DE-TRABALHO NOME-DO-EVENTO="ABERGO" INSTITUICAO-PROMOTORA="Centro de Convenções Sulamérica" LOCAL-DA-APRESENTACAO="Rio de Janeiro" CIDADE-DA-APRESENTACAO="Rio de Janeiro" NOME-DO-EVENTO-INGLES=""/><AUTORES NOME-COMPLETO-DO-AUTOR="Antônio José Dias da Silva" NOME-PARA-CITACAO="SILVA, Antônio José Dias da" ORDEM-DE-AUTORIA="1" NRO-ID-CNPQ=""/><PALAVRAS-CHAVE PALAVRA-CHAVE-1="meteorologistas" PALAVRA-CHAVE-2="chuvas intensas" PALAVRA-CHAVE-3="" PALAVRA-CHAVE-4="" PALAVRA-CHAVE-5="" PALAVRA-CHAVE-6=""/><AREAS-DO-CONHECIMENTO><AREA-DO-CONHECIMENTO-1 NOME-GRANDE-AREA-DO-CONHECIMENTO="CIENCIAS_EXATAS_E_DA_TERRA" NOME-DA-AREA-DO-CONHECIMENTO="" NOME-DA-SUB-AREA-DO-CONHECIMENTO="Meteorologia" NOME-DA-ESPECIALIDADE=""/></AREAS-DO-CONHECIMENTO><SETORES-DE-ATIVIDADE SETOR-DE-ATIVIDADE-1="Atividades profissionais, científicas e técnicas" SETOR-DE-ATIVIDADE-2="" SETOR-DE-ATIVIDADE-3=""/></APRESENTACAO-DE-TRABALHO><DESENVOLVIMENTO-DE-MATERIAL-DIDATICO-OU-INSTRUCIONAL SEQUENCIA-PRODUCAO="5"><DADOS-BASICOS-DO-MATERIAL-DIDATICO-OU-INSTRUCIONAL NATUREZA="Acadêmica" TITULO="Instrucional de Informática para o Ensino a Distância" ANO="2000" PAIS="Brasil" IDIOMA="Português" MEIO-DE-DIVULGACAO="NAO_INFORMADO" HOME-PAGE-DO-TRABALHO="" FLAG-RELEVANCIA="NAO" DOI="" TITULO-INGLES="" NATUREZA-INGLES="" FLAG-DIVULGACAO-CIENTIFICA="NAO"/><DETALHAMENTO-DO-MATERIAL-DIDATICO-OU-INSTRUCIONAL FINALIDADE="Educação a Distância" FINALIDADE-INGLES=""/><AUTORES NOME-COMPLETO-DO-AUTOR="Antônio José Dias da Silva" NOME-PARA-CITACAO="SILVA, Antônio José Dias da" ORDEM-DE-AUTORIA="1" NRO-ID-CNPQ=""/><PALAVRAS-CHAVE PALAVRA-CHAVE-1="Ensino a Distância" PALAVRA-CHAVE-2="Informática" PALAVRA-CHAVE-3="Instrucional" PALAVRA-CHAVE-4="" PALAVRA-CHAVE-5="" PALAVRA-CHAVE-6=""/><AREAS-DO-CONHECIMENTO><AREA-DO-CONHECIMENTO-1 NOME-GRANDE-AREA-DO-CONHECIMENTO="CIENCIAS_HUMANAS" NOME-DA-AREA-DO-CONHECIMENTO="" NOME-DA-SUB-AREA-DO-CONHECIMENTO="Administração Educacional" NOME-DA-ESPECIALIDADE="Administração de Sistemas Educacionais"/></AREAS-DO-CONHECIMENTO><SETORES-DE-ATIVIDADE SETOR-DE-ATIVIDADE-1="Educação" SETOR-DE-ATIVIDADE-2="" SETOR-DE-ATIVIDADE-3=""/></DESENVOLVIMENTO-DE-MATERIAL-DIDATICO-OU-INSTRUCIONAL><DESENVOLVIMENTO-DE-MATERIAL-DIDATICO-OU-INSTRUCIONAL SEQUENCIA-PRODUCAO="37"><DADOS-BASICOS-DO-MATERIAL-DIDATICO-OU-INSTRUCIONAL NATUREZA="Atividades Experimentais de Laboratórios" TITULO="Manuais de atividades esperimentais dos laboratórios do Curso de bacharelado em Engenharia Elétrica" ANO="2014" PAIS="Brasil" IDIOMA="Português" MEIO-DE-DIVULGACAO="IMPRESSO" HOME-PAGE-DO-TRABALHO="www.unisuam.edu.br" FLAG-RELEVANCIA="NAO" DOI="" TITULO-INGLES="" NATUREZA-INGLES="" FLAG-DIVULGACAO-CIENTIFICA="SIM"/><DETALHAMENTO-DO-MATERIAL-DIDATICO-OU-INSTRUCIONAL FINALIDADE="Apoio as atividades de laboratório dos Curso de Engenharia Elétrica" FINALIDADE-INGLES=""/><AUTORES NOME-COMPLETO-DO-AUTOR="Antônio José Dias da Silva" NOME-PARA-CITACAO="Dias A." ORDEM-DE-AUTORIA="1" NRO-ID-CNPQ=""/><AUTORES NOME-COMPLETO-DO-AUTOR="Elisandra Cananea de Sá Elias" NOME-PARA-CITACAO="ELIAS, E. C. S." ORDEM-DE-AUTORIA="10" NRO-ID-CNPQ=""/><AUTORES NOME-COMPLETO-DO-AUTOR="Luis andre Subtil Machado" NOME-PARA-CITACAO="MACHADO, L. A. S." ORDEM-DE-AUTORIA="11" NRO-ID-CNPQ=""/><AUTORES NOME-COMPLETO-DO-AUTOR="Antonio Carnevale Neto" NOME-PARA-CITACAO="CARNEVALE NETO, A." ORDEM-DE-AUTORIA="12" NRO-ID-CNPQ=""/><AUTORES NOME-COMPLETO-DO-AUTOR="Aida Pereira Baeta" NOME-PARA-CITACAO="BAETA, A. P." ORDEM-DE-AUTORIA="13" NRO-ID-CNPQ=""/><AUTORES NOME-COMPLETO-DO-AUTOR="Andre Luis da Silva Pinheiro" NOME-PARA-CITACAO="PINHEIRO, A. L. S." ORDEM-DE-AUTORIA="2" NRO-ID-CNPQ=""/><AUTORES NOME-COMPLETO-DO-AUTOR="Josiel Gonçalves dos Santos" NOME-PARA-CITACAO="SANTOS, J. G." ORDEM-DE-AUTORIA="3" NRO-ID-CNPQ=""/><AUTORES NOME-COMPLETO-DO-AUTOR="Roberto Cruz da Silva" NOME-PARA-CITACAO="SILVA, R. C." ORDEM-DE-AUTORIA="4" NRO-ID-CNPQ=""/><AUTORES NOME-COMPLETO-DO-AUTOR="Gladson Silva Fontes" NOME-PARA-CITACAO="FONTES, G. S." ORDEM-DE-AUTORIA="5" NRO-ID-CNPQ=""/><AUTORES NOME-COMPLETO-DO-AUTOR="Alex de Lima Silva" NOME-PARA-CITACAO="SILVA, A. L." ORDEM-DE-AUTORIA="6" NRO-ID-CNPQ=""/><AUTORES NOME-COMPLETO-DO-AUTOR="Daniel da Silva" NOME-PARA-CITACAO="SILVA, D." ORDEM-DE-AUTORIA="7" NRO-ID-CNPQ=""/><AUTORES NOME-COMPLETO-DO-AUTOR="Marlon Ferreira Corsi" NOME-PARA-CITACAO="CORSI, M. F." ORDEM-DE-AUTORIA="8" NRO-ID-CNPQ=""/><AUTORES NOME-COMPLETO-DO-AUTOR="Jurandyr de Souza Cunha Filho" NOME-PARA-CITACAO="CUNHA FILHO, J. S." ORDEM-DE-AUTORIA="9" NRO-ID-CNPQ=""/></DESENVOLVIMENTO-DE-MATERIAL-DIDATICO-OU-INSTRUCIONAL><ORGANIZACAO-DE-EVENTO SEQUENCIA-PRODUCAO="40"><DADOS-BASICOS-DA-ORGANIZACAO-DE-EVENTO TIPO="OUTRO" NATUREZA="ORGANIZACAO" TITULO="SIMEPEC" ANO="2015" PAIS="Brasil" IDIOMA="Português" MEIO-DE-DIVULGACAO="MEIO_MAGNETICO" HOME-PAGE-DO-TRABALHO="" FLAG-RELEVANCIA="NAO" DOI="" TITULO-INGLES="" FLAG-DIVULGACAO-CIENTIFICA="NAO"/><DETALHAMENTO-DA-ORGANIZACAO-DE-EVENTO INSTITUICAO-PROMOTORA="Centro Universitário Augusto Mota" DURACAO-EM-SEMANAS="1" FLAG-EVENTO-ITINERANTE="N" FLAG-CATALOGO="" LOCAL="Centro Universitário Augusto Mota" CIDADE="Rio de Janeiro"/><AUTORES NOME-COMPLETO-DO-AUTOR="Antônio José Dias da Silva" NOME-PARA-CITACAO="Dias A." ORDEM-DE-AUTORIA="1" NRO-ID-CNPQ=""/><AUTORES NOME-COMPLETO-DO-AUTOR="Geraldo Mota de Azevedo Junior" NOME-PARA-CITACAO="AZEVEDO JUNIOR, G. M." ORDEM-DE-AUTORIA="2" NRO-ID-CNPQ=""/><AUTORES NOME-COMPLETO-DO-AUTOR="Luiz Eduardo Amancio de Aguiar" NOME-PARA-CITACAO="AGUIAR, L. E. A." ORDEM-DE-AUTORIA="3" NRO-ID-CNPQ=""/></ORGANIZACAO-DE-EVENTO><OUTRA-PRODUCAO-TECNICA SEQUENCIA-PRODUCAO="4"><DADOS-BASICOS-DE-OUTRA-PRODUCAO-TECNICA NATUREZA="Curso de Nivelamento de Informática" TITULO="Curso de Informática" ANO="2005" PAIS="Brasil" MEIO-DE-DIVULGACAO="OUTRO" IDIOMA="Português" HOME-PAGE-DO-TRABALHO="" FLAG-RELEVANCIA="SIM" DOI="" TITULO-INGLES="" NATUREZA-INGLES="" FLAG-DIVULGACAO-CIENTIFICA="NAO"/><DETALHAMENTO-DE-OUTRA-PRODUCAO-TECNICA FINALIDADE="UNISUAM" INSTITUICAO-PROMOTORA="UNISUAM" LOCAL="Laboratórios de Informática da UNISUAM" CIDADE="Rio de Janeiro" FINALIDADE-INGLES=""/><AUTORES NOME-COMPLETO-DO-AUTOR="Antônio José Dias da Silva" NOME-PARA-CITACAO="SILVA, Antônio José Dias da" ORDEM-DE-AUTORIA="1" NRO-ID-CNPQ=""/><INFORMACOES-ADICIONAIS DESCRICAO-INFORMACOES-ADICIONAIS="Coordenando alunos monitores em diversas turmas e horários.  Tendo cada turma em média 20 (vinte) alunos. São 10 (dez) turmas por semestre. Perfazendo um nivelamento de 200 alunos por semestre." DESCRICAO-INFORMACOES-ADICIONAIS-INGLES=""/></OUTRA-PRODUCAO-TECNICA></DEMAIS-TIPOS-DE-PRODUCAO-TECNICA></PRODUCAO-TECNICA><DADOS-COMPLEMENTARES><FORMACAO-COMPLEMENTAR><OUTROS SEQUENCIA-FORMACAO="3" NIVEL="Y" CARGA-HORARIA="100" CODIGO-INSTITUICAO="985600096510" NOME-INSTITUICAO="Serviço de Apoio às Micro e Pequenas Empresas do Rio de Janeiro" CODIGO-ORGAO="" NOME-ORGAO="" CODIGO-CURSO="90000007" NOME-CURSO="Empretec" STATUS-DO-CURSO="CONCLUIDO" ANO-DE-INICIO="2006" ANO-DE-CONCLUSAO="2006" NOME-CURSO-INGLES=""/><formacoesComplementaresPlana/></FORMACAO-COMPLEMENTAR><PARTICIPACAO-EM-BANCA-TRABALHOS-CONCLUSAO><PARTICIPACAO-EM-BANCA-DE-APERFEICOAMENTO-ESPECIALIZACAO SEQUENCIA-PRODUCAO="10"><DADOS-BASICOS-DA-PARTICIPACAO-EM-BANCA-DE-APERFEICOAMENTO-ESPECIALIZACAO NATUREZA="Curso de aperfeiçoamento/especialização" TITULO="ENGENHARIA DE SOFTWARE APLICADA AO DESENVOLVIMENTO PREVENTIVO" ANO="2012" PAIS="Brasil" IDIOMA="Português" HOME-PAGE="" DOI="" TITULO-INGLES=""/><DETALHAMENTO-DA-PARTICIPACAO-EM-BANCA-DE-APERFEICOAMENTO-ESPECIALIZACAO NOME-DO-CANDIDATO="Antonio Clementino Neto" CODIGO-INSTITUICAO="JCHU00000000" NOME-INSTITUICAO="Serviço Nacional de Aprendizagem Comercial - RJ" CODIGO-ORGAO="" NOME-ORGAO="" CODIGO-CURSO="90000010" NOME-CURSO="Gestão de Tecnologia de Informação" NOME-CURSO-INGLES=""/><PARTICIPANTE-BANCA NOME-COMPLETO-DO-PARTICIPANTE-DA-BANCA="Antônio José Dias da Silva" NOME-PARA-CITACAO-DO-PARTICIPANTE-DA-BANCA="SILVA, Antônio José Dias da" ORDEM-PARTICIPANTE="1" NRO-ID-CNPQ=""/></PARTICIPACAO-EM-BANCA-DE-APERFEICOAMENTO-ESPECIALIZACAO><PARTICIPACAO-EM-BANCA-DE-APERFEICOAMENTO-ESPECIALIZACAO SEQUENCIA-PRODUCAO="11"><DADOS-BASICOS-DA-PARTICIPACAO-EM-BANCA-DE-APERFEICOAMENTO-ESPECIALIZACAO NATUREZA="Curso de aperfeiçoamento/especialização" TITULO="A IMPORTÂNCIA DA TECNOLOGIA PARA O E-COMMERCE" ANO="2012" PAIS="Brasil" IDIOMA="Português" HOME-PAGE="" DOI="" TITULO-INGLES=""/><DETALHAMENTO-DA-PARTICIPACAO-EM-BANCA-DE-APERFEICOAMENTO-ESPECIALIZACAO NOME-DO-CANDIDATO="Camila Rodrigues Fernandes" CODIGO-INSTITUICAO="JCHU00000000" NOME-INSTITUICAO="Serviço Nacional de Aprendizagem Comercial - RJ" CODIGO-ORGAO="" NOME-ORGAO="" CODIGO-CURSO="90000010" NOME-CURSO="Gestão de Tecnologia de Informação" NOME-CURSO-INGLES=""/><PARTICIPANTE-BANCA NOME-COMPLETO-DO-PARTICIPANTE-DA-BANCA="Antônio José Dias da Silva" NOME-PARA-CITACAO-DO-PARTICIPANTE-DA-BANCA="SILVA, Antônio José Dias da" ORDEM-PARTICIPANTE="1" NRO-ID-CNPQ=""/></PARTICIPACAO-EM-BANCA-DE-APERFEICOAMENTO-ESPECIALIZACAO><PARTICIPACAO-EM-BANCA-DE-APERFEICOAMENTO-ESPECIALIZACAO SEQUENCIA-PRODUCAO="12"><DADOS-BASICOS-DA-PARTICIPACAO-EM-BANCA-DE-APERFEICOAMENTO-ESPECIALIZACAO NATUREZA="Curso de aperfeiçoamento/especialização" TITULO="GESTÃO ESTRATÉGICA DA CENTRAL DE ATENDIMENTO AO CIDADÃO POR MEIO DA GOVERNANÇA DE TI" ANO="2012" PAIS="Brasil" IDIOMA="Português" HOME-PAGE="" DOI="" TITULO-INGLES=""/><DETALHAMENTO-DA-PARTICIPACAO-EM-BANCA-DE-APERFEICOAMENTO-ESPECIALIZACAO NOME-DO-CANDIDATO="Cristina Lucchesi" CODIGO-INSTITUICAO="JCHU00000000" NOME-INSTITUICAO="Serviço Nacional de Aprendizagem Comercial - RJ" CODIGO-ORGAO="" NOME-ORGAO="" CODIGO-CURSO="90000010" NOME-CURSO="Gestão de Tecnologia de Informação" NOME-CURSO-INGLES=""/><PARTICIPANTE-BANCA NOME-COMPLETO-DO-PARTICIPANTE-DA-BANCA="Antônio José Dias da Silva" NOME-PARA-CITACAO-DO-PARTICIPANTE-DA-BANCA="SILVA, Antônio José Dias da" ORDEM-PARTICIPANTE="1" NRO-ID-CNPQ=""/></PARTICIPACAO-EM-BANCA-DE-APERFEICOAMENTO-ESPECIALIZACAO><PARTICIPACAO-EM-BANCA-DE-APERFEICOAMENTO-ESPECIALIZACAO SEQUENCIA-PRODUCAO="13"><DADOS-BASICOS-DA-PARTICIPACAO-EM-BANCA-DE-APERFEICOAMENTO-ESPECIALIZACAO NATUREZA="Curso de aperfeiçoamento/especialização" TITULO="ESCRITÓRIO DE GERENCIAMENTO DE PROJETOS: UM ESTUDO DE CASO COM EMPRESA LIDER NO MERCADO DE TELECOMUNICAÇÕES" ANO="2012" PAIS="Brasil" IDIOMA="Português" HOME-PAGE="" DOI="" TITULO-INGLES=""/><DETALHAMENTO-DA-PARTICIPACAO-EM-BANCA-DE-APERFEICOAMENTO-ESPECIALIZACAO NOME-DO-CANDIDATO="Daniel de Souza Correa" CODIGO-INSTITUICAO="JCHU00000000" NOME-INSTITUICAO="Serviço Nacional de Aprendizagem Comercial - RJ" CODIGO-ORGAO="" NOME-ORGAO="" CODIGO-CURSO="90000010" NOME-CURSO="Gestão de Tecnologia de Informação" NOME-CURSO-INGLES=""/><PARTICIPANTE-BANCA NOME-COMPLETO-DO-PARTICIPANTE-DA-BANCA="Antônio José Dias da Silva" NOME-PARA-CITACAO-DO-PARTICIPANTE-DA-BANCA="SILVA, Antônio José Dias da" ORDEM-PARTICIPANTE="1" NRO-ID-CNPQ=""/></PARTICIPACAO-EM-BANCA-DE-APERFEICOAMENTO-ESPECIALIZACAO><PARTICIPACAO-EM-BANCA-DE-APERFEICOAMENTO-ESPECIALIZACAO SEQUENCIA-PRODUCAO="14"><DADOS-BASICOS-DA-PARTICIPACAO-EM-BANCA-DE-APERFEICOAMENTO-ESPECIALIZACAO NATUREZA="Curso de aperfeiçoamento/especialização" TITULO="UM MODELO DE USO DO COBIT NO ALINHAMENTO ESTRATÉGICO DE TI EM ESTRUTURAS ORGANIZACIONAIS BUROCRÁTICAS" ANO="2012" PAIS="Brasil" IDIOMA="Português" HOME-PAGE="" DOI="" TITULO-INGLES=""/><DETALHAMENTO-DA-PARTICIPACAO-EM-BANCA-DE-APERFEICOAMENTO-ESPECIALIZACAO NOME-DO-CANDIDATO="Eric Lopes Mello" CODIGO-INSTITUICAO="JCHU00000000" NOME-INSTITUICAO="Serviço Nacional de Aprendizagem Comercial - RJ" CODIGO-ORGAO="" NOME-ORGAO="" CODIGO-CURSO="90000010" NOME-CURSO="Gestão de Tecnologia de Informação" NOME-CURSO-INGLES=""/><PARTICIPANTE-BANCA NOME-COMPLETO-DO-PARTICIPANTE-DA-BANCA="Antônio José Dias da Silva" NOME-PARA-CITACAO-DO-PARTICIPANTE-DA-BANCA="SILVA, Antônio José Dias da" ORDEM-PARTICIPANTE="1" NRO-ID-CNPQ=""/></PARTICIPACAO-EM-BANCA-DE-APERFEICOAMENTO-ESPECIALIZACAO><PARTICIPACAO-EM-BANCA-DE-APERFEICOAMENTO-ESPECIALIZACAO SEQUENCIA-PRODUCAO="15"><DADOS-BASICOS-DA-PARTICIPACAO-EM-BANCA-DE-APERFEICOAMENTO-ESPECIALIZACAO NATUREZA="Curso de aperfeiçoamento/especialização" TITULO="GESTÃO DE RISCOS DE TI" ANO="2012" PAIS="Brasil" IDIOMA="Português" HOME-PAGE="" DOI="" TITULO-INGLES=""/><DETALHAMENTO-DA-PARTICIPACAO-EM-BANCA-DE-APERFEICOAMENTO-ESPECIALIZACAO NOME-DO-CANDIDATO="Fábio Justo Hildebrand" CODIGO-INSTITUICAO="JCHU00000000" NOME-INSTITUICAO="Serviço Nacional de Aprendizagem Comercial - RJ" CODIGO-ORGAO="" NOME-ORGAO="" CODIGO-CURSO="90000010" NOME-CURSO="Gestão de Tecnologia de Informação" NOME-CURSO-INGLES=""/><PARTICIPANTE-BANCA NOME-COMPLETO-DO-PARTICIPANTE-DA-BANCA="Antônio José Dias da Silva" NOME-PARA-CITACAO-DO-PARTICIPANTE-DA-BANCA="SILVA, Antônio José Dias da" ORDEM-PARTICIPANTE="1" NRO-ID-CNPQ=""/></PARTICIPACAO-EM-BANCA-DE-APERFEICOAMENTO-ESPECIALIZACAO><PARTICIPACAO-EM-BANCA-DE-APERFEICOAMENTO-ESPECIALIZACAO SEQUENCIA-PRODUCAO="16"><DADOS-BASICOS-DA-PARTICIPACAO-EM-BANCA-DE-APERFEICOAMENTO-ESPECIALIZACAO NATUREZA="Curso de aperfeiçoamento/especialização" TITULO="PROCESSO DE GESTÃO DE TI" ANO="2012" PAIS="Brasil" IDIOMA="Português" HOME-PAGE="" DOI="" TITULO-INGLES=""/><DETALHAMENTO-DA-PARTICIPACAO-EM-BANCA-DE-APERFEICOAMENTO-ESPECIALIZACAO NOME-DO-CANDIDATO="Fernando Gustavo Bertoni Gomes" CODIGO-INSTITUICAO="JCHU00000000" NOME-INSTITUICAO="Serviço Nacional de Aprendizagem Comercial - RJ" CODIGO-ORGAO="" NOME-ORGAO="" CODIGO-CURSO="90000010" NOME-CURSO="Gestão de Tecnologia de Informação" NOME-CURSO-INGLES=""/><PARTICIPANTE-BANCA NOME-COMPLETO-DO-PARTICIPANTE-DA-BANCA="Antônio José Dias da Silva" NOME-PARA-CITACAO-DO-PARTICIPANTE-DA-BANCA="SILVA, Antônio José Dias da" ORDEM-PARTICIPANTE="1" NRO-ID-CNPQ=""/></PARTICIPACAO-EM-BANCA-DE-APERFEICOAMENTO-ESPECIALIZACAO><PARTICIPACAO-EM-BANCA-DE-APERFEICOAMENTO-ESPECIALIZACAO SEQUENCIA-PRODUCAO="17"><DADOS-BASICOS-DA-PARTICIPACAO-EM-BANCA-DE-APERFEICOAMENTO-ESPECIALIZACAO NATUREZA="Curso de aperfeiçoamento/especialização" TITULO="UM MODELO DE COMO UTILIZAR O E-MAIL COM SEGURANÇA" ANO="2012" PAIS="Brasil" IDIOMA="Português" HOME-PAGE="" DOI="" TITULO-INGLES=""/><DETALHAMENTO-DA-PARTICIPACAO-EM-BANCA-DE-APERFEICOAMENTO-ESPECIALIZACAO NOME-DO-CANDIDATO="Gilberto Barbosa dos Santos" CODIGO-INSTITUICAO="JCHU00000000" NOME-INSTITUICAO="Serviço Nacional de Aprendizagem Comercial - RJ" CODIGO-ORGAO="" NOME-ORGAO="" CODIGO-CURSO="90000010" NOME-CURSO="Gestão de Tecnologia de Informação" NOME-CURSO-INGLES=""/><PARTICIPANTE-BANCA NOME-COMPLETO-DO-PARTICIPANTE-DA-BANCA="Antônio José Dias da Silva" NOME-PARA-CITACAO-DO-PARTICIPANTE-DA-BANCA="SILVA, Antônio José Dias da" ORDEM-PARTICIPANTE="1" NRO-ID-CNPQ=""/></PARTICIPACAO-EM-BANCA-DE-APERFEICOAMENTO-ESPECIALIZACAO><PARTICIPACAO-EM-BANCA-DE-APERFEICOAMENTO-ESPECIALIZACAO SEQUENCIA-PRODUCAO="18"><DADOS-BASICOS-DA-PARTICIPACAO-EM-BANCA-DE-APERFEICOAMENTO-ESPECIALIZACAO NATUREZA="Curso de aperfeiçoamento/especialização" TITULO="ANÁLISE INFORMATIZADA PARA GERENCIAMENTO E MONITORAMENTO DOS CRITÉRIOS DE DESEMPENHO DOS PROCESSOS ORGANIZACIONAIS DE MEDIÇÃO, ANÁLISE E MELHORIA COM PADRÃO DE QUALIDADE ISO 9000" ANO="2012" PAIS="Brasil" IDIOMA="Português" HOME-PAGE="" DOI="" TITULO-INGLES=""/><DETALHAMENTO-DA-PARTICIPACAO-EM-BANCA-DE-APERFEICOAMENTO-ESPECIALIZACAO NOME-DO-CANDIDATO="Gustavo dos Reis Oliveira" CODIGO-INSTITUICAO="JCHU00000000" NOME-INSTITUICAO="Serviço Nacional de Aprendizagem Comercial - RJ" CODIGO-ORGAO="" NOME-ORGAO="" CODIGO-CURSO="90000010" NOME-CURSO="Gestão de Tecnologia de Informação" NOME-CURSO-INGLES=""/><PARTICIPANTE-BANCA NOME-COMPLETO-DO-PARTICIPANTE-DA-BANCA="Antônio José Dias da Silva" NOME-PARA-CITACAO-DO-PARTICIPANTE-DA-BANCA="SILVA, Antônio José Dias da" ORDEM-PARTICIPANTE="1" NRO-ID-CNPQ=""/></PARTICIPACAO-EM-BANCA-DE-APERFEICOAMENTO-ESPECIALIZACAO><PARTICIPACAO-EM-BANCA-DE-APERFEICOAMENTO-ESPECIALIZACAO SEQUENCIA-PRODUCAO="19"><DADOS-BASICOS-DA-PARTICIPACAO-EM-BANCA-DE-APERFEICOAMENTO-ESPECIALIZACAO NATUREZA="Curso de aperfeiçoamento/especialização" TITULO="PLANO DE CONTINUIDADE DOS NEGÓCIOS: FUNDAMENTOS PARA ANÁLISE DOS RISCOS E PRINCIPAIS IMPACTOS NAS ORGANIZAÇÕES ATUAIS" ANO="2012" PAIS="Brasil" IDIOMA="Português" HOME-PAGE="" DOI="" TITULO-INGLES=""/><DETALHAMENTO-DA-PARTICIPACAO-EM-BANCA-DE-APERFEICOAMENTO-ESPECIALIZACAO NOME-DO-CANDIDATO="Jose Antonio Morandi" CODIGO-INSTITUICAO="JCHU00000000" NOME-INSTITUICAO="Serviço Nacional de Aprendizagem Comercial - RJ" CODIGO-ORGAO="" NOME-ORGAO="" CODIGO-CURSO="90000010" NOME-CURSO="Gestão de Tecnologia de Informação" NOME-CURSO-INGLES=""/><PARTICIPANTE-BANCA NOME-COMPLETO-DO-PARTICIPANTE-DA-BANCA="Antônio José Dias da Silva" NOME-PARA-CITACAO-DO-PARTICIPANTE-DA-BANCA="SILVA, Antônio José Dias da" ORDEM-PARTICIPANTE="1" NRO-ID-CNPQ=""/></PARTICIPACAO-EM-BANCA-DE-APERFEICOAMENTO-ESPECIALIZACAO><PARTICIPACAO-EM-BANCA-DE-APERFEICOAMENTO-ESPECIALIZACAO SEQUENCIA-PRODUCAO="20"><DADOS-BASICOS-DA-PARTICIPACAO-EM-BANCA-DE-APERFEICOAMENTO-ESPECIALIZACAO NATUREZA="Curso de aperfeiçoamento/especialização" TITULO="UM MODELO DE CRESCIMENTO SOB DEMENDA USANDO COMPUTAÇÃO EM NUVEM" ANO="2012" PAIS="Brasil" IDIOMA="Português" HOME-PAGE="" DOI="" TITULO-INGLES=""/><DETALHAMENTO-DA-PARTICIPACAO-EM-BANCA-DE-APERFEICOAMENTO-ESPECIALIZACAO NOME-DO-CANDIDATO="Kleber Florentino Gonçalves" CODIGO-INSTITUICAO="JCHU00000000" NOME-INSTITUICAO="Serviço Nacional de Aprendizagem Comercial - RJ" CODIGO-ORGAO="" NOME-ORGAO="" CODIGO-CURSO="90000010" NOME-CURSO="Gestão de Tecnologia de Informação" NOME-CURSO-INGLES=""/><PARTICIPANTE-BANCA NOME-COMPLETO-DO-PARTICIPANTE-DA-BANCA="Antônio José Dias da Silva" NOME-PARA-CITACAO-DO-PARTICIPANTE-DA-BANCA="SILVA, Antônio José Dias da" ORDEM-PARTICIPANTE="1" NRO-ID-CNPQ=""/></PARTICIPACAO-EM-BANCA-DE-APERFEICOAMENTO-ESPECIALIZACAO><PARTICIPACAO-EM-BANCA-DE-APERFEICOAMENTO-ESPECIALIZACAO SEQUENCIA-PRODUCAO="21"><DADOS-BASICOS-DA-PARTICIPACAO-EM-BANCA-DE-APERFEICOAMENTO-ESPECIALIZACAO NATUREZA="Curso de aperfeiçoamento/especialização" TITULO="BENEFÍCIOS E DIFICULDADES NA IMPLANTAÇÃO DE FRAMEWORKS DE GERENCIAMENTO DE SERVIÇOS DE TI" ANO="2012" PAIS="Brasil" IDIOMA="Português" HOME-PAGE="" DOI="" TITULO-INGLES=""/><DETALHAMENTO-DA-PARTICIPACAO-EM-BANCA-DE-APERFEICOAMENTO-ESPECIALIZACAO NOME-DO-CANDIDATO="Luiz Henrique de Santana Junior" CODIGO-INSTITUICAO="JCHU00000000" NOME-INSTITUICAO="Serviço Nacional de Aprendizagem Comercial - RJ" CODIGO-ORGAO="" NOME-ORGAO="" CODIGO-CURSO="90000010" NOME-CURSO="Gestão de Tecnologia de Informação" NOME-CURSO-INGLES=""/><PARTICIPANTE-BANCA NOME-COMPLETO-DO-PARTICIPANTE-DA-BANCA="Antônio José Dias da Silva" NOME-PARA-CITACAO-DO-PARTICIPANTE-DA-BANCA="SILVA, Antônio José Dias da" ORDEM-PARTICIPANTE="1" NRO-ID-CNPQ=""/></PARTICIPACAO-EM-BANCA-DE-APERFEICOAMENTO-ESPECIALIZACAO><PARTICIPACAO-EM-BANCA-DE-APERFEICOAMENTO-ESPECIALIZACAO SEQUENCIA-PRODUCAO="22"><DADOS-BASICOS-DA-PARTICIPACAO-EM-BANCA-DE-APERFEICOAMENTO-ESPECIALIZACAO NATUREZA="Curso de aperfeiçoamento/especialização" TITULO="UM MODELO DE BUSINESS PROCESS MANAGEMENT (BPM) COMO APOIO À IMPLANTAÇÃO DA LEI DE ACESSO À INFORMAÇÃO" ANO="2012" PAIS="Brasil" IDIOMA="Português" HOME-PAGE="" DOI="" TITULO-INGLES=""/><DETALHAMENTO-DA-PARTICIPACAO-EM-BANCA-DE-APERFEICOAMENTO-ESPECIALIZACAO NOME-DO-CANDIDATO="Marco Aurelio Giovani Visconti" CODIGO-INSTITUICAO="JCHU00000000" NOME-INSTITUICAO="Serviço Nacional de Aprendizagem Comercial - RJ" CODIGO-ORGAO="" NOME-ORGAO="" CODIGO-CURSO="90000010" NOME-CURSO="Gestão de Tecnologia de Informação" NOME-CURSO-INGLES=""/><PARTICIPANTE-BANCA NOME-COMPLETO-DO-PARTICIPANTE-DA-BANCA="Antônio José Dias da Silva" NOME-PARA-CITACAO-DO-PARTICIPANTE-DA-BANCA="SILVA, Antônio José Dias da" ORDEM-PARTICIPANTE="1" NRO-ID-CNPQ=""/></PARTICIPACAO-EM-BANCA-DE-APERFEICOAMENTO-ESPECIALIZACAO><PARTICIPACAO-EM-BANCA-DE-APERFEICOAMENTO-ESPECIALIZACAO SEQUENCIA-PRODUCAO="23"><DADOS-BASICOS-DA-PARTICIPACAO-EM-BANCA-DE-APERFEICOAMENTO-ESPECIALIZACAO NATUREZA="Curso de aperfeiçoamento/especialização" TITULO="UM MODELO METODOLÓGICO DE PROJETO ASAP COMO APOIO NA IMPLANTAÇÃO DO SISTEMA ERP EM UMA EMPRESA DE MÉDIO PORTE COM BAIXO NÍVEL DE AMADURECIMENTO EM PROCESSOS, PROJETOS E PRÁTICAS DE GOVERNANÇA DE TI" ANO="2012" PAIS="Brasil" IDIOMA="Português" HOME-PAGE="" DOI="" TITULO-INGLES=""/><DETALHAMENTO-DA-PARTICIPACAO-EM-BANCA-DE-APERFEICOAMENTO-ESPECIALIZACAO NOME-DO-CANDIDATO="Mauricio Luis Oliveira Fazzole Ferreira" CODIGO-INSTITUICAO="JCHU00000000" NOME-INSTITUICAO="Serviço Nacional de Aprendizagem Comercial - RJ" CODIGO-ORGAO="" NOME-ORGAO="" CODIGO-CURSO="90000010" NOME-CURSO="Gestão de Tecnologia de Informação" NOME-CURSO-INGLES=""/><PARTICIPANTE-BANCA NOME-COMPLETO-DO-PARTICIPANTE-DA-BANCA="Antônio José Dias da Silva" NOME-PARA-CITACAO-DO-PARTICIPANTE-DA-BANCA="SILVA, Antônio José Dias da" ORDEM-PARTICIPANTE="1" NRO-ID-CNPQ=""/></PARTICIPACAO-EM-BANCA-DE-APERFEICOAMENTO-ESPECIALIZACAO><PARTICIPACAO-EM-BANCA-DE-APERFEICOAMENTO-ESPECIALIZACAO SEQUENCIA-PRODUCAO="24"><DADOS-BASICOS-DA-PARTICIPACAO-EM-BANCA-DE-APERFEICOAMENTO-ESPECIALIZACAO NATUREZA="Curso de aperfeiçoamento/especialização" TITULO="EXECUÇÃO DE TRABALHO COLABORATIVO ATRAVÉS DA AQUISIÇÃO DE HARDWARE E SOFTWARE NECESSÁRIOS PARA TAL NA COMPAHIA PAULISTA DE ÁGUAS E ESGOTO VISANDO MELHORA DO DESEMPENHO NOS PROCESSOS DE TRABALHO E QUEDA DO CUSTO DE SUPORTE" ANO="2012" PAIS="Brasil" IDIOMA="Português" HOME-PAGE="" DOI="" TITULO-INGLES=""/><DETALHAMENTO-DA-PARTICIPACAO-EM-BANCA-DE-APERFEICOAMENTO-ESPECIALIZACAO NOME-DO-CANDIDATO="Omar Nascimento Nassif" CODIGO-INSTITUICAO="JCHU00000000" NOME-INSTITUICAO="Serviço Nacional de Aprendizagem Comercial - RJ" CODIGO-ORGAO="" NOME-ORGAO="" CODIGO-CURSO="90000010" NOME-CURSO="Gestão de Tecnologia de Informação" NOME-CURSO-INGLES=""/><PARTICIPANTE-BANCA NOME-COMPLETO-DO-PARTICIPANTE-DA-BANCA="Antônio José Dias da Silva" NOME-PARA-CITACAO-DO-PARTICIPANTE-DA-BANCA="SILVA, Antônio José Dias da" ORDEM-PARTICIPANTE="1" NRO-ID-CNPQ=""/></PARTICIPACAO-EM-BANCA-DE-APERFEICOAMENTO-ESPECIALIZACAO><PARTICIPACAO-EM-BANCA-DE-APERFEICOAMENTO-ESPECIALIZACAO SEQUENCIA-PRODUCAO="25"><DADOS-BASICOS-DA-PARTICIPACAO-EM-BANCA-DE-APERFEICOAMENTO-ESPECIALIZACAO NATUREZA="Curso de aperfeiçoamento/especialização" TITULO="MODELO DE PLANO DE SEGURANÇA DE INFORMAÇÃO PARA ÁREA DE E-COMMERCE" ANO="2012" PAIS="Brasil" IDIOMA="Português" HOME-PAGE="" DOI="" TITULO-INGLES=""/><DETALHAMENTO-DA-PARTICIPACAO-EM-BANCA-DE-APERFEICOAMENTO-ESPECIALIZACAO NOME-DO-CANDIDATO="Paula Teresa do Amaral Fidalgo" CODIGO-INSTITUICAO="JCHU00000000" NOME-INSTITUICAO="Serviço Nacional de Aprendizagem Comercial - RJ" CODIGO-ORGAO="" NOME-ORGAO="" CODIGO-CURSO="90000010" NOME-CURSO="Gestão de Tecnologia de Informação" NOME-CURSO-INGLES=""/><PARTICIPANTE-BANCA NOME-COMPLETO-DO-PARTICIPANTE-DA-BANCA="Antônio José Dias da Silva" NOME-PARA-CITACAO-DO-PARTICIPANTE-DA-BANCA="SILVA, Antônio José Dias da" ORDEM-PARTICIPANTE="1" NRO-ID-CNPQ=""/></PARTICIPACAO-EM-BANCA-DE-APERFEICOAMENTO-ESPECIALIZACAO><PARTICIPACAO-EM-BANCA-DE-APERFEICOAMENTO-ESPECIALIZACAO SEQUENCIA-PRODUCAO="26"><DADOS-BASICOS-DA-PARTICIPACAO-EM-BANCA-DE-APERFEICOAMENTO-ESPECIALIZACAO NATUREZA="Curso de aperfeiçoamento/especialização" TITULO="CONSEGUINDO UM DIFERENCIAL NA COMPETITIVIDADE UTILIZANDO-SE INSTRUMENTOS DE GOVERNANÇA DE TI" ANO="2012" PAIS="Brasil" IDIOMA="Português" HOME-PAGE="" DOI="" TITULO-INGLES=""/><DETALHAMENTO-DA-PARTICIPACAO-EM-BANCA-DE-APERFEICOAMENTO-ESPECIALIZACAO NOME-DO-CANDIDATO="Ricardo Vassao dos Santos" CODIGO-INSTITUICAO="JCHU00000000" NOME-INSTITUICAO="Serviço Nacional de Aprendizagem Comercial - RJ" CODIGO-ORGAO="" NOME-ORGAO="" CODIGO-CURSO="90000010" NOME-CURSO="Gestão de Tecnologia de Informação" NOME-CURSO-INGLES=""/><PARTICIPANTE-BANCA NOME-COMPLETO-DO-PARTICIPANTE-DA-BANCA="Antônio José Dias da Silva" NOME-PARA-CITACAO-DO-PARTICIPANTE-DA-BANCA="SILVA, Antônio José Dias da" ORDEM-PARTICIPANTE="1" NRO-ID-CNPQ=""/></PARTICIPACAO-EM-BANCA-DE-APERFEICOAMENTO-ESPECIALIZACAO><PARTICIPACAO-EM-BANCA-DE-APERFEICOAMENTO-ESPECIALIZACAO SEQUENCIA-PRODUCAO="27"><DADOS-BASICOS-DA-PARTICIPACAO-EM-BANCA-DE-APERFEICOAMENTO-ESPECIALIZACAO NATUREZA="Curso de aperfeiçoamento/especialização" TITULO="UM MODELO DE ESTUDO DE VIABILIDADE DE APLICAÇÃO DO COBIT PARA EMPRESAS DE PEQUENO PORTE ? ESTUDO DE CASO DA EMPRESA IEPTB-SP" ANO="2012" PAIS="Brasil" IDIOMA="Português" HOME-PAGE="" DOI="" TITULO-INGLES=""/><DETALHAMENTO-DA-PARTICIPACAO-EM-BANCA-DE-APERFEICOAMENTO-ESPECIALIZACAO NOME-DO-CANDIDATO="Roberta Toscano Teixeira" CODIGO-INSTITUICAO="JCHU00000000" NOME-INSTITUICAO="Serviço Nacional de Aprendizagem Comercial - RJ" CODIGO-ORGAO="" NOME-ORGAO="" CODIGO-CURSO="90000010" NOME-CURSO="Gestão de Tecnologia de Informação" NOME-CURSO-INGLES=""/><PARTICIPANTE-BANCA NOME-COMPLETO-DO-PARTICIPANTE-DA-BANCA="Antônio José Dias da Silva" NOME-PARA-CITACAO-DO-PARTICIPANTE-DA-BANCA="SILVA, Antônio José Dias da" ORDEM-PARTICIPANTE="1" NRO-ID-CNPQ=""/></PARTICIPACAO-EM-BANCA-DE-APERFEICOAMENTO-ESPECIALIZACAO><PARTICIPACAO-EM-BANCA-DE-APERFEICOAMENTO-ESPECIALIZACAO SEQUENCIA-PRODUCAO="28"><DADOS-BASICOS-DA-PARTICIPACAO-EM-BANCA-DE-APERFEICOAMENTO-ESPECIALIZACAO NATUREZA="Curso de aperfeiçoamento/especialização" TITULO="IMPLEMENTAÇÃO DO PROCESSO DE GESTÃO DE INCIDENTES BASEADO NO MODELO ITIL" ANO="2012" PAIS="Brasil" IDIOMA="Português" HOME-PAGE="" DOI="" TITULO-INGLES=""/><DETALHAMENTO-DA-PARTICIPACAO-EM-BANCA-DE-APERFEICOAMENTO-ESPECIALIZACAO NOME-DO-CANDIDATO="Sidnei Novaes Magalhaes Filho" CODIGO-INSTITUICAO="JCHU00000000" NOME-INSTITUICAO="Serviço Nacional de Aprendizagem Comercial - RJ" CODIGO-ORGAO="" NOME-ORGAO="" CODIGO-CURSO="90000010" NOME-CURSO="Gestão de Tecnologia de Informação" NOME-CURSO-INGLES=""/><PARTICIPANTE-BANCA NOME-COMPLETO-DO-PARTICIPANTE-DA-BANCA="Antônio José Dias da Silva" NOME-PARA-CITACAO-DO-PARTICIPANTE-DA-BANCA="SILVA, Antônio José Dias da" ORDEM-PARTICIPANTE="1" NRO-ID-CNPQ=""/></PARTICIPACAO-EM-BANCA-DE-APERFEICOAMENTO-ESPECIALIZACAO><PARTICIPACAO-EM-BANCA-DE-GRADUACAO SEQUENCIA-PRODUCAO="8"><DADOS-BASICOS-DA-PARTICIPACAO-EM-BANCA-DE-GRADUACAO NATUREZA="Graduação" TITULO="As contribuições da oficina Educação Digital no cotidiano das famílias inseridas no Núcleo de Gestão e Projetos Sociais (NGPS)." ANO="2008" PAIS="Brasil" IDIOMA="Português" HOME-PAGE="" DOI="" TITULO-INGLES=""/><DETALHAMENTO-DA-PARTICIPACAO-EM-BANCA-DE-GRADUACAO NOME-DO-CANDIDATO="Luciana Amaral" CODIGO-INSTITUICAO="375700000004" NOME-INSTITUICAO="Universidade Castelo Branco" CODIGO-ORGAO="" NOME-ORGAO="" CODIGO-CURSO="90000008" NOME-CURSO="Serviço Social." NOME-CURSO-INGLES=""/><PARTICIPANTE-BANCA NOME-COMPLETO-DO-PARTICIPANTE-DA-BANCA="Antônio José Dias da Silva" NOME-PARA-CITACAO-DO-PARTICIPANTE-DA-BANCA="SILVA, Antônio José Dias da" ORDEM-PARTICIPANTE="1" NRO-ID-CNPQ=""/></PARTICIPACAO-EM-BANCA-DE-GRADUACAO></PARTICIPACAO-EM-BANCA-TRABALHOS-CONCLUSAO><PARTICIPACAO-EM-EVENTOS-CONGRESSOS><PARTICIPACAO-EM-CONGRESSO SEQUENCIA-PRODUCAO="6"><PARTICIPANTE-DE-EVENTOS-CONGRESSOS NOME-COMPLETO-DO-PARTICIPANTE-DE-EVENTOS-CONGRESSOS="Antônio José Dias da Silva" NOME-PARA-CITACAO-DO-PARTICIPANTE-DE-EVENTOS-CONGRESSOS="SILVA, Antônio José Dias da;DA SILVA, ANTÔNIO JOSÉ DIAS;Dias A." ORDEM-PARTICIPANTE="1" NRO-ID-CNPQ="8922587549718409"/><DADOS-BASICOS-DA-PARTICIPACAO-EM-CONGRESSO NATUREZA="Congresso" TITULO="Análise de trabalho dos meteorologistas na previsão de chuvas intensas no Rio de Janeiro." ANO="2010" PAIS="Brasil" IDIOMA="" MEIO-DE-DIVULGACAO="NAO_INFORMADO" HOME-PAGE-DO-TRABALHO="" FLAG-RELEVANCIA="NAO" TIPO-PARTICIPACAO="Poster / Painel" FORMA-PARTICIPACAO="Participante" DOI="" TITULO-INGLES="" FLAG-DIVULGACAO-CIENTIFICA="NAO"/><DETALHAMENTO-DA-PARTICIPACAO-EM-CONGRESSO NOME-DO-EVENTO="ABERGO" CODIGO-INSTITUICAO="" NOME-INSTITUICAO="" LOCAL-DO-EVENTO="" CIDADE-DO-EVENTO="Rio de Janeiro" NOME-DO-EVENTO-INGLES=""/></PARTICIPACAO-EM-CONGRESSO><PARTICIPACAO-EM-SIMPOSIO SEQUENCIA-PRODUCAO="9"><PARTICIPANTE-DE-EVENTOS-CONGRESSOS NOME-COMPLETO-DO-PARTICIPANTE-DE-EVENTOS-CONGRESSOS="Antônio José Dias da Silva" NOME-PARA-CITACAO-DO-PARTICIPANTE-DE-EVENTOS-CONGRESSOS="SILVA, Antônio José Dias da;DA SILVA, ANTÔNIO JOSÉ DIAS;Dias A." ORDEM-PARTICIPANTE="1" NRO-ID-CNPQ="8922587549718409"/><DADOS-BASICOS-DA-PARTICIPACAO-EM-SIMPOSIO NATUREZA="Simpósio" TITULO="" ANO="2012" PAIS="Brasil" IDIOMA="" MEIO-DE-DIVULGACAO="NAO_INFORMADO" HOME-PAGE-DO-TRABALHO="" FLAG-RELEVANCIA="NAO" TIPO-PARTICIPACAO="" FORMA-PARTICIPACAO="Ouvinte" DOI="" TITULO-INGLES="" FLAG-DIVULGACAO-CIENTIFICA="NAO"/><DETALHAMENTO-DA-PARTICIPACAO-EM-SIMPOSIO NOME-DO-EVENTO="10º Forum Universitário Pearson" CODIGO-INSTITUICAO="" NOME-INSTITUICAO="" LOCAL-DO-EVENTO="" CIDADE-DO-EVENTO="Rio de Janeiro" NOME-DO-EVENTO-INGLES=""/></PARTICIPACAO-EM-SIMPOSIO></PARTICIPACAO-EM-EVENTOS-CONGRESSOS><INFORMACOES-ADICIONAIS-INSTITUICOES><INFORMACAO-ADICIONAL-INSTITUICAO CODIGO-INSTITUICAO="000100000991" SIGLA-INSTITUICAO="UCB" SIGLA-UF-INSTITUICAO="RJ" SIGLA-PAIS-INSTITUICAO="BRA" NOME-PAIS-INSTITUICAO="Brasil" FLAG-AGENCIA-FOMENTO="NAO" FLAG-INSTITUICAO-DE-ENSINO="NAO"/><INFORMACAO-ADICIONAL-INSTITUICAO CODIGO-INSTITUICAO="000101000995" SIGLA-INSTITUICAO="" SIGLA-UF-INSTITUICAO="RJ" SIGLA-PAIS-INSTITUICAO="BRA" NOME-PAIS-INSTITUICAO="Brasil" FLAG-AGENCIA-FOMENTO="NAO" FLAG-INSTITUICAO-DE-ENSINO="NAO"/><INFORMACAO-ADICIONAL-INSTITUICAO CODIGO-INSTITUICAO="000102000999" SIGLA-INSTITUICAO="" SIGLA-UF-INSTITUICAO="RJ" SIGLA-PAIS-INSTITUICAO="BRA" NOME-PAIS-INSTITUICAO="Brasil" FLAG-AGENCIA-FOMENTO="NAO" FLAG-INSTITUICAO-DE-ENSINO="NAO"/><INFORMACAO-ADICIONAL-INSTITUICAO CODIGO-INSTITUICAO="000103000992" SIGLA-INSTITUICAO="" SIGLA-UF-INSTITUICAO="RJ" SIGLA-PAIS-INSTITUICAO="BRA" NOME-PAIS-INSTITUICAO="Brasil" FLAG-AGENCIA-FOMENTO="NAO" FLAG-INSTITUICAO-DE-ENSINO="NAO"/><INFORMACAO-ADICIONAL-INSTITUICAO CODIGO-INSTITUICAO="000200000993" SIGLA-INSTITUICAO="UNICARIOCA" SIGLA-UF-INSTITUICAO="RJ" SIGLA-PAIS-INSTITUICAO="BRA" NOME-PAIS-INSTITUICAO="Brasil" FLAG-AGENCIA-FOMENTO="NAO" FLAG-INSTITUICAO-DE-ENSINO="NAO"/><INFORMACAO-ADICIONAL-INSTITUICAO CODIGO-INSTITUICAO="000300000995" SIGLA-INSTITUICAO="CEDUC" SIGLA-UF-INSTITUICAO="RJ" SIGLA-PAIS-INSTITUICAO="BRA" NOME-PAIS-INSTITUICAO="Brasil" FLAG-AGENCIA-FOMENTO="NAO" FLAG-INSTITUICAO-DE-ENSINO="NAO"/><INFORMACAO-ADICIONAL-INSTITUICAO CODIGO-INSTITUICAO="000400000997" SIGLA-INSTITUICAO="IRD" SIGLA-UF-INSTITUICAO="RJ" SIGLA-PAIS-INSTITUICAO="BRA" NOME-PAIS-INSTITUICAO="Brasil" FLAG-AGENCIA-FOMENTO="NAO" FLAG-INSTITUICAO-DE-ENSINO="NAO"/><INFORMACAO-ADICIONAL-INSTITUICAO CODIGO-INSTITUICAO="020200000009" SIGLA-INSTITUICAO="UFRJ" SIGLA-UF-INSTITUICAO="RJ" SIGLA-PAIS-INSTITUICAO="BRA" NOME-PAIS-INSTITUICAO="Brasil" FLAG-AGENCIA-FOMENTO="NAO" FLAG-INSTITUICAO-DE-ENSINO="SIM"/><INFORMACAO-ADICIONAL-INSTITUICAO CODIGO-INSTITUICAO="110600000005" SIGLA-INSTITUICAO="IMBEL" SIGLA-UF-INSTITUICAO="DF" SIGLA-PAIS-INSTITUICAO="BRA" NOME-PAIS-INSTITUICAO="Brasil" FLAG-AGENCIA-FOMENTO="NAO" FLAG-INSTITUICAO-DE-ENSINO="NAO"/><INFORMACAO-ADICIONAL-INSTITUICAO CODIGO-INSTITUICAO="201900000008" SIGLA-INSTITUICAO="UNISUAM" SIGLA-UF-INSTITUICAO="RJ" SIGLA-PAIS-INSTITUICAO="BRA" NOME-PAIS-INSTITUICAO="Brasil" FLAG-AGENCIA-FOMENTO="NAO" FLAG-INSTITUICAO-DE-ENSINO="SIM"/><INFORMACAO-ADICIONAL-INSTITUICAO CODIGO-INSTITUICAO="201901000990" SIGLA-INSTITUICAO="" SIGLA-UF-INSTITUICAO="RJ" SIGLA-PAIS-INSTITUICAO="BRA" NOME-PAIS-INSTITUICAO="Brasil" FLAG-AGENCIA-FOMENTO="NAO" FLAG-INSTITUICAO-DE-ENSINO="NAO"/><INFORMACAO-ADICIONAL-INSTITUICAO CODIGO-INSTITUICAO="294800000006" SIGLA-INSTITUICAO="UNESA" SIGLA-UF-INSTITUICAO="RJ" SIGLA-PAIS-INSTITUICAO="BRA" NOME-PAIS-INSTITUICAO="Brasil" FLAG-AGENCIA-FOMENTO="NAO" FLAG-INSTITUICAO-DE-ENSINO="SIM"/><INFORMACAO-ADICIONAL-INSTITUICAO CODIGO-INSTITUICAO="419100000009" SIGLA-INSTITUICAO="UniverCidade" SIGLA-UF-INSTITUICAO="RJ" SIGLA-PAIS-INSTITUICAO="BRA" NOME-PAIS-INSTITUICAO="Brasil" FLAG-AGENCIA-FOMENTO="NAO" FLAG-INSTITUICAO-DE-ENSINO="SIM"/><INFORMACAO-ADICIONAL-INSTITUICAO CODIGO-INSTITUICAO="452700000001" SIGLA-INSTITUICAO="SEPNL" SIGLA-UF-INSTITUICAO="RJ" SIGLA-PAIS-INSTITUICAO="BRA" NOME-PAIS-INSTITUICAO="Brasil" FLAG-AGENCIA-FOMENTO="NAO" FLAG-INSTITUICAO-DE-ENSINO="NAO"/><INFORMACAO-ADICIONAL-INSTITUICAO CODIGO-INSTITUICAO="985600096510" SIGLA-INSTITUICAO="SEBRAE/RJ" SIGLA-UF-INSTITUICAO="RJ" SIGLA-PAIS-INSTITUICAO="BRA" NOME-PAIS-INSTITUICAO="Brasil" FLAG-AGENCIA-FOMENTO="NAO" FLAG-INSTITUICAO-DE-ENSINO="NAO"/><INFORMACAO-ADICIONAL-INSTITUICAO CODIGO-INSTITUICAO="JIR500000002" SIGLA-INSTITUICAO="S_FORN" SIGLA-UF-INSTITUICAO="RJ" SIGLA-PAIS-INSTITUICAO="BRA" NOME-PAIS-INSTITUICAO="Brasil" FLAG-AGENCIA-FOMENTO="NAO" FLAG-INSTITUICAO-DE-ENSINO="NAO"/></INFORMACOES-ADICIONAIS-INSTITUICOES><INFORMACOES-ADICIONAIS-CURSOS><INFORMACAO-ADICIONAL-CURSO CODIGO-CURSO="60002263" CODIGO-ORGAO="" NOME-ORGAO="" CODIGO-INSTITUICAO="020200000009" NOME-INSTITUICAO="Universidade Federal do Rio de Janeiro" NOME-GRANDE-AREA-DO-CONHECIMENTO="CIENCIAS_EXATAS_E_DA_TERRA" NOME-DA-AREA-DO-CONHECIMENTO="Ciência da Computação" NOME-DA-SUB-AREA-DO-CONHECIMENTO="" NOME-DA-ESPECIALIDADE="" NIVEL-CURSO="MESTRADO_DOUTORADO"/><INFORMACAO-ADICIONAL-CURSO CODIGO-CURSO="90000000" CODIGO-ORGAO="" NOME-ORGAO="" CODIGO-INSTITUICAO="000100000991" NOME-INSTITUICAO="Universidade Castelo Branco" NOME-GRANDE-AREA-DO-CONHECIMENTO="CIENCIAS_HUMANAS" NOME-DA-AREA-DO-CONHECIMENTO="Educação" NOME-DA-SUB-AREA-DO-CONHECIMENTO="" NOME-DA-ESPECIALIDADE="" NIVEL-CURSO="APERFEICOAMENTO"/><INFORMACAO-ADICIONAL-CURSO CODIGO-CURSO="90000001" CODIGO-ORGAO="" NOME-ORGAO="" CODIGO-INSTITUICAO="000100000991" NOME-INSTITUICAO="Universidade Castelo Branco" NOME-GRANDE-AREA-DO-CONHECIMENTO="CIENCIAS_EXATAS_E_DA_TERRA" NOME-DA-AREA-DO-CONHECIMENTO="Ciência da Computação" NOME-DA-SUB-AREA-DO-CONHECIMENTO="" NOME-DA-ESPECIALIDADE="" NIVEL-CURSO="GRADUACAO"/><INFORMACAO-ADICIONAL-CURSO CODIGO-CURSO="90000002" CODIGO-ORGAO="" NOME-ORGAO="" CODIGO-INSTITUICAO="201900000008" NOME-INSTITUICAO="Centro Universitário Augusto Motta" NOME-GRANDE-AREA-DO-CONHECIMENTO="CIENCIAS_EXATAS_E_DA_TERRA" NOME-DA-AREA-DO-CONHECIMENTO="Ciência da Computação" NOME-DA-SUB-AREA-DO-CONHECIMENTO="" NOME-DA-ESPECIALIDADE="" NIVEL-CURSO="GRADUACAO"/><INFORMACAO-ADICIONAL-CURSO CODIGO-CURSO="90000003" CODIGO-ORGAO="" NOME-ORGAO="" CODIGO-INSTITUICAO="452700000001" NOME-INSTITUICAO="Sociedade Educacional Professor Nuno Lisboa" NOME-GRANDE-AREA-DO-CONHECIMENTO="ENGENHARIAS" NOME-DA-AREA-DO-CONHECIMENTO="Engenharia Elétrica" NOME-DA-SUB-AREA-DO-CONHECIMENTO="" NOME-DA-ESPECIALIDADE="" NIVEL-CURSO="GRADUACAO"/><INFORMACAO-ADICIONAL-CURSO CODIGO-CURSO="90000004" CODIGO-ORGAO="" NOME-ORGAO="" CODIGO-INSTITUICAO="294800000006" NOME-INSTITUICAO="Universidade Estácio de Sá" NOME-GRANDE-AREA-DO-CONHECIMENTO="CIENCIAS_EXATAS_E_DA_TERRA" NOME-DA-AREA-DO-CONHECIMENTO="Ciência da Computação" NOME-DA-SUB-AREA-DO-CONHECIMENTO="Metodologia e Técnicas da Computação" NOME-DA-ESPECIALIDADE="" NIVEL-CURSO="GRADUACAO"/><INFORMACAO-ADICIONAL-CURSO CODIGO-CURSO="90000005" CODIGO-ORGAO="" NOME-ORGAO="" CODIGO-INSTITUICAO="419100000009" NOME-INSTITUICAO="Centro Universitário da Cidade" NOME-GRANDE-AREA-DO-CONHECIMENTO="CIENCIAS_EXATAS_E_DA_TERRA" NOME-DA-AREA-DO-CONHECIMENTO="Ciência da Computação" NOME-DA-SUB-AREA-DO-CONHECIMENTO="Sistemas de Computação" NOME-DA-ESPECIALIDADE="Arquitetura de Sistemas de Computação" NIVEL-CURSO="GRADUACAO"/><INFORMACAO-ADICIONAL-CURSO CODIGO-CURSO="90000006" CODIGO-ORGAO="" NOME-ORGAO="" CODIGO-INSTITUICAO="000200000993" NOME-INSTITUICAO="UNICARIOCA" NOME-GRANDE-AREA-DO-CONHECIMENTO="CIENCIAS_EXATAS_E_DA_TERRA" NOME-DA-AREA-DO-CONHECIMENTO="Ciência da Computação" NOME-DA-SUB-AREA-DO-CONHECIMENTO="Metodologia e Técnicas da Computação" NOME-DA-ESPECIALIDADE="Sistemas de Informação" NIVEL-CURSO="GRADUACAO"/><INFORMACAO-ADICIONAL-CURSO CODIGO-CURSO="90000007" CODIGO-ORGAO="" NOME-ORGAO="" CODIGO-INSTITUICAO="985600096510" NOME-INSTITUICAO="Serviço de Apoio às Micro e Pequenas Empresas do Rio de Janeiro" NOME-GRANDE-AREA-DO-CONHECIMENTO="OUTROS" NOME-DA-AREA-DO-CONHECIMENTO="" NOME-DA-SUB-AREA-DO-CONHECIMENTO="" NOME-DA-ESPECIALIDADE="" NIVEL-CURSO="OT"/><INFORMACAO-ADICIONAL-CURSO CODIGO-CURSO="90000008" CODIGO-ORGAO="" NOME-ORGAO="" CODIGO-INSTITUICAO="375700000004" NOME-INSTITUICAO="Universidade Castelo Branco" NOME-GRANDE-AREA-DO-CONHECIMENTO="OUTROS" NOME-DA-AREA-DO-CONHECIMENTO="" NOME-DA-SUB-AREA-DO-CONHECIMENTO="" NOME-DA-ESPECIALIDADE="" NIVEL-CURSO="GRADUACAO"/><INFORMACAO-ADICIONAL-CURSO CODIGO-CURSO="90000009" CODIGO-ORGAO="" NOME-ORGAO="" CODIGO-INSTITUICAO="419100000009" NOME-INSTITUICAO="Centro Universitário da Cidade" NOME-GRANDE-AREA-DO-CONHECIMENTO="CIENCIAS_EXATAS_E_DA_TERRA" NOME-DA-AREA-DO-CONHECIMENTO="Ciência da Computação" NOME-DA-SUB-AREA-DO-CONHECIMENTO="" NOME-DA-ESPECIALIDADE="" NIVEL-CURSO="GRADUACAO"/><INFORMACAO-ADICIONAL-CURSO CODIGO-CURSO="90000010" CODIGO-ORGAO="" NOME-ORGAO="" CODIGO-INSTITUICAO="JCHU00000000" NOME-INSTITUICAO="Serviço Nacional de Aprendizagem Comercial - RJ" NOME-GRANDE-AREA-DO-CONHECIMENTO="CIENCIAS_EXATAS_E_DA_TERRA" NOME-DA-AREA-DO-CONHECIMENTO="Ciência da Computação" NOME-DA-SUB-AREA-DO-CONHECIMENTO="" NOME-DA-ESPECIALIDADE="" NIVEL-CURSO="APERFEICOAMENTO"/></INFORMACOES-ADICIONAIS-CURSOS></DADOS-COMPLEMENTARES><eventos/></CURRICULO-VITAE>