<CURRICULO-VITAE SISTEMA-ORIGEM-XML="LATTES_OFFLINE" NUMERO-IDENTIFICADOR="7038386072731243" FORMATO-DATA-ATUALIZACAO="DDMMAAAA" DATA-ATUALIZACAO="21082015" FORMATO-HORA-ATUALIZACAO="HHMMSS" HORA-ATUALIZACAO="102706"><DADOS-GERAIS NOME-COMPLETO="Cristiane Rodrigues Augusto" NOME-EM-CITACOES-BIBLIOGRAFICAS="AUGUSTO, C. R.;Augusto, Cristiane Rodrigues;Augusto, Cristiane R;AUGUSTO, C R;RODRIGUES AUGUSTO, CRISTIANE" NACIONALIDADE="B" PAIS-DE-NASCIMENTO="Brasil" FORMATO-DATA-DE-NASCIMENTO="DDMMAAAA" FORMATO-DATA-DE-EMISSAO="DDMMAAAA" PERMISSAO-DE-DIVULGACAO="NAO" DATA-FALECIMENTO="" SIGLA-PAIS-NACIONALIDADE="BRA" PAIS-DE-NACIONALIDADE="Brasil"><RESUMO-CV TEXTO-RESUMO-CV-RH="Possui graduação em Química Industrial pela Universidade Federal do Rio de Janeiro (2002),  mestrado em Tecnologia de Processos Químicos e Bioquímicos pela Universidade Federal do Rio de Janeiro (2007) e doutorado em Tecnologia de Processos Químicos e Bioquímicos pela Universidade Federal do Rio de Janeiro (2011). É pesquisadora do Instituto Nacional de Metrologia, Qualidade e Tecnologia (Inmetro) e responsável pelo Laboratório de Análises de Gases (Lanag) da Divisão de Metrologia Química (Dquim) da Diretoria de Metrologia Científica e Industrial (Dimci) do Inmetro. Além disso, também é professora do Curso de Engenharia de Petróleo do Centro Universitário Augusto Motta (Unisuam)." TEXTO-RESUMO-CV-RH-EN="graduate at Química Industrial from Universidade Federal do Rio de Janeiro (2002) and master's at Chemical Engineering from Universidade Federal do Rio de Janeiro (2007). Has experience in Chemistry, focusing on Organic Physical Chemistry, acting on the following subjects: instrumentação analitica, naphthalene, ethanol-bearing systems, chemical and gas natural."/><OUTRAS-INFORMACOES-RELEVANTES OUTRAS-INFORMACOES-RELEVANTES=""/><ENDERECO FLAG-DE-PREFERENCIA="ENDERECO_RESIDENCIAL"><ENDERECO-PROFISSIONAL CODIGO-INSTITUICAO-EMPRESA="870100000004" NOME-INSTITUICAO-EMPRESA="Instituto Nacional de Metrologia, Qualidade e Tecnologia" CODIGO-ORGAO="870103000005" NOME-ORGAO="Diretoria de Metrologia Científica e Industrial" CODIGO-UNIDADE="" NOME-UNIDADE="" LOGRADOURO-COMPLEMENTO="Av. Nossa Senhora das Graças, 50" PAIS="Brasil" UF="RJ" CEP="25250020" CIDADE="Duque de Caxias" BAIRRO="Xerém" DDD="21" TELEFONE="26799243" RAMAL="" FAX="26799069" E-MAIL="craugusto@inmetro.gov.br" HOME-PAGE=""/></ENDERECO><FORMACAO-ACADEMICA-TITULACAO><GRADUACAO SEQUENCIA-FORMACAO="3" NIVEL="1" TITULO-DO-TRABALHO-DE-CONCLUSAO-DE-CURSO="" NOME-DO-ORIENTADOR="" CODIGO-INSTITUICAO="020200000009" NOME-INSTITUICAO="Universidade Federal do Rio de Janeiro" CODIGO-CURSO="90000000" NOME-CURSO="Química Industrial" CODIGO-AREA-CURSO="" STATUS-DO-CURSO="CONCLUIDO" ANO-DE-INICIO="1996" ANO-DE-CONCLUSAO="2002" FLAG-BOLSA="SIM" CODIGO-AGENCIA-FINANCIADORA="002200000000" NOME-AGENCIA="Conselho Nacional de Desenvolvimento Científico e Tecnológico" NUMERO-ID-ORIENTADOR="" CODIGO-CURSO-CAPES="" TITULO-DO-TRABALHO-DE-CONCLUSAO-DE-CURSO-INGLES="" NOME-CURSO-INGLES="" TIPO-GRADUACAO="" CODIGO-INSTITUICAO-GRAD="" NOME-INSTITUICAO-GRAD="" CODIGO-INSTITUICAO-OUTRA-GRAD="" NOME-INSTITUICAO-OUTRA-GRAD="" NOME-ORIENTADOR-GRAD=""/><MESTRADO SEQUENCIA-FORMACAO="2" NIVEL="3" CODIGO-INSTITUICAO="020200000009" NOME-INSTITUICAO="Universidade Federal do Rio de Janeiro" CODIGO-CURSO="31000371" NOME-CURSO="Tecnologia de Processos Químicos e Bioquímicos" CODIGO-AREA-CURSO="30600006" STATUS-DO-CURSO="CONCLUIDO" ANO-DE-INICIO="2005" ANO-DE-CONCLUSAO="2007" FLAG-BOLSA="SIM" CODIGO-AGENCIA-FINANCIADORA="002200000000" NOME-AGENCIA="Conselho Nacional de Desenvolvimento Científico e Tecnológico" ANO-DE-OBTENCAO-DO-TITULO="2007" TITULO-DA-DISSERTACAO-TESE="A influência da incerteza de medição da análise cromatográfica de uma amostra de Gás Natural no cálculo do poder calorífico superior do gás" NOME-COMPLETO-DO-ORIENTADOR="Peter Rudolf Seidl" TIPO-MESTRADO="" NUMERO-ID-ORIENTADOR="" CODIGO-CURSO-CAPES="31001017037P9" TITULO-DA-DISSERTACAO-TESE-INGLES="" NOME-CURSO-INGLES="Chemical Engineering" NOME-DO-CO-ORIENTADOR="" CODIGO-INSTITUICAO-DOUT="" NOME-INSTITUICAO-DOUT="" CODIGO-INSTITUICAO-OUTRA-DOUT="" NOME-INSTITUICAO-OUTRA-DOUT="" NOME-ORIENTADOR-DOUT=""><conceitoCapes/></MESTRADO><DOUTORADO SEQUENCIA-FORMACAO="4" NIVEL="4" CODIGO-INSTITUICAO="020200000009" NOME-INSTITUICAO="Universidade Federal do Rio de Janeiro" CODIGO-CURSO="31000371" NOME-CURSO="Tecnologia de Processos Químicos e Bioquímicos" CODIGO-AREA-CURSO="30600006" STATUS-DO-CURSO="CONCLUIDO" ANO-DE-INICIO="2007" ANO-DE-CONCLUSAO="2011" FLAG-BOLSA="SIM" CODIGO-AGENCIA-FINANCIADORA="002200000000" NOME-AGENCIA="Conselho Nacional de Desenvolvimento Científico e Tecnológico" ANO-DE-OBTENCAO-DO-TITULO="2011" TITULO-DA-DISSERTACAO-TESE="Influência dos aspectos metrológicos na determinação dos componentes do gás natural por cromatografia gasosa no Brasil e no mundo" NOME-COMPLETO-DO-ORIENTADOR="Peter Rudolf Seidl" TIPO-DOUTORADO="N" CODIGO-INSTITUICAO-DOUT="" NOME-INSTITUICAO-DOUT="" CODIGO-INSTITUICAO-OUTRA-DOUT="" NOME-INSTITUICAO-OUTRA-DOUT="" NOME-ORIENTADOR-DOUT="" NUMERO-ID-ORIENTADOR="" CODIGO-CURSO-CAPES="31001017037P9" TITULO-DA-DISSERTACAO-TESE-INGLES="" NOME-CURSO-INGLES="Chemical Engineering" NOME-DO-ORIENTADOR-CO-TUTELA="" CODIGO-INSTITUICAO-OUTRA-CO-TUTELA="" CODIGO-INSTITUICAO-CO-TUTELA="" NOME-DO-ORIENTADOR-SANDUICHE="" CODIGO-INSTITUICAO-OUTRA-SANDUICHE="" CODIGO-INSTITUICAO-SANDUICHE="" NOME-DO-CO-ORIENTADOR=""><PALAVRAS-CHAVE PALAVRA-CHAVE-1="gas natural" PALAVRA-CHAVE-2="instrumentação analitica" PALAVRA-CHAVE-3="" PALAVRA-CHAVE-4="" PALAVRA-CHAVE-5="" PALAVRA-CHAVE-6=""/><AREAS-DO-CONHECIMENTO><AREA-DO-CONHECIMENTO-1 NOME-GRANDE-AREA-DO-CONHECIMENTO="CIENCIAS_EXATAS_E_DA_TERRA" NOME-DA-AREA-DO-CONHECIMENTO="Química" NOME-DA-SUB-AREA-DO-CONHECIMENTO="Química Analítica" NOME-DA-ESPECIALIDADE="Instrumentação Analítica"/><AREA-DO-CONHECIMENTO-2 NOME-GRANDE-AREA-DO-CONHECIMENTO="CIENCIAS_EXATAS_E_DA_TERRA" NOME-DA-AREA-DO-CONHECIMENTO="Química" NOME-DA-SUB-AREA-DO-CONHECIMENTO="Metrologia Quimica" NOME-DA-ESPECIALIDADE=""/></AREAS-DO-CONHECIMENTO><SETORES-DE-ATIVIDADE SETOR-DE-ATIVIDADE-1="Eletricidade, gás e outras utilidades" SETOR-DE-ATIVIDADE-2="" SETOR-DE-ATIVIDADE-3=""/><conceitoCapes/></DOUTORADO></FORMACAO-ACADEMICA-TITULACAO><ATUACOES-PROFISSIONAIS><ATUACAO-PROFISSIONAL CODIGO-INSTITUICAO="985600001870" NOME-INSTITUICAO="White Martins Gases Industriais" SEQUENCIA-ATIVIDADE="3" SEQUENCIA-IMPORTANCIA="3"><VINCULOS SEQUENCIA-HISTORICO="1" TIPO-DE-VINCULO="CELETISTA" ENQUADRAMENTO-FUNCIONAL="LIVRE" CARGA-HORARIA-SEMANAL="40" FLAG-DEDICACAO-EXCLUSIVA="SIM" MES-INICIO="02" ANO-INICIO="2001" MES-FIM="05" ANO-FIM="2006" OUTRAS-INFORMACOES="Atividades exercidas:    Revisão, elaboração e participação em treinamentos para clientes internos (profissionais e assistentes de vendas) e externos.    Participação na elaboração de novos procedimentos operacionais e revisão dos existentes visando atender as normas para Garantia da Qualidade ISO 9000/2000.    Suporte aos usuários e Gerência com informações estatísticas para definição de estratégias de mercado, retiradas do pacote Impromptu.   Suporte a área comercial no desenvolvimento de novas oportunidades de negócios em clientes cativos e na busca de novos mercados.   Interação com as equipes de marketing visando o desenvolvimento de novos produtos e serviços, participando dos estudos de viabilidade técnica-econômica para lançamento de novas linhas de produto e do desenvolvimento de novas aplicações para estes.    Implementação do plano de desenvolvimento de mercado da linha de produtos de Gases Especiais: participação na divulgação das ofertas deste segmento em feiras, exposições e congressos, atualização e elaboração de materiais promocionais, participação na equipe de revisão e divulgação de informações na internet e na intranet da empresa e desenvolvimento de atividades de identificação de produtos (revisão de rótulos, etiquetas e de fichas de segurança de produtos).   Participação no projeto de lançamento da Central Nacional de Atendimento ao Cliente." FLAG-VINCULO-EMPREGATICIO="NAO" OUTRO-VINCULO-INFORMADO="" OUTRO-ENQUADRAMENTO-FUNCIONAL-INFORMADO="Química de Desenvolvimento de Gases Especiais" OUTRO-ENQUADRAMENTO-FUNCIONAL-INFORMADO-INGLES="" OUTRAS-INFORMACOES-INGLES=""/><atividadesProfissionaisPlanificadas/></ATUACAO-PROFISSIONAL><ATUACAO-PROFISSIONAL CODIGO-INSTITUICAO="000100000991" NOME-INSTITUICAO="RJR - Rio de Janeiro Refrescos" SEQUENCIA-ATIVIDADE="4" SEQUENCIA-IMPORTANCIA="5"><VINCULOS SEQUENCIA-HISTORICO="1" TIPO-DE-VINCULO="LIVRE" ENQUADRAMENTO-FUNCIONAL="LIVRE" CARGA-HORARIA-SEMANAL="20" FLAG-DEDICACAO-EXCLUSIVA="NAO" MES-INICIO="04" ANO-INICIO="2000" MES-FIM="01" ANO-FIM="2001" OUTRAS-INFORMACOES="Atividades exercidas: Participação na equipe que coordenou a implantação do Sistema ISO 14.000 (apoio na descrição de procedimentos para o atendimento aos requisitos necessários para obtenção da certificação ISO e elaboração de banco de dados de normas e procedimentos). Participação nas auditorias internas periódicas necessárias para manutenção do credenciamento ISO 9000. Revisão periódica dos procedimentos operacionais, visando as Boas Práticas de Fabricação." FLAG-VINCULO-EMPREGATICIO="SIM" OUTRO-VINCULO-INFORMADO="Estagiária" OUTRO-ENQUADRAMENTO-FUNCIONAL-INFORMADO="Estagiaria de QSMS" OUTRO-ENQUADRAMENTO-FUNCIONAL-INFORMADO-INGLES="" OUTRAS-INFORMACOES-INGLES=""/><atividadesProfissionaisPlanificadas/></ATUACAO-PROFISSIONAL><ATUACAO-PROFISSIONAL CODIGO-INSTITUICAO="020200000009" NOME-INSTITUICAO="Universidade Federal do Rio de Janeiro" SEQUENCIA-ATIVIDADE="5" SEQUENCIA-IMPORTANCIA=""><VINCULOS SEQUENCIA-HISTORICO="1" TIPO-DE-VINCULO="LIVRE" ENQUADRAMENTO-FUNCIONAL="LIVRE" CARGA-HORARIA-SEMANAL="20" FLAG-DEDICACAO-EXCLUSIVA="NAO" MES-INICIO="08" ANO-INICIO="1996" MES-FIM="03" ANO-FIM="2000" OUTRAS-INFORMACOES="Participação nas equipes de projeto de pesquisa durante o período de Agosto de 1996 a Março de 2000, desenvolvendo os projetos de pesquisa:  A Química das Cores , orientado por Peter Rudolf Seidl e Arikerne Rodrigues Sucupira, baseado na pesquisa de viabilidade para produção de corantes sintéticos derivados da Tropaeolina 000, com desenvolvimento paralelo de um Banco de Dados em Access de Corantes Sintéticos e o projeto:  Química Industrial: ... Da Teoria à Prática , orientado por Peter Rudolf Seidl,  baseado na reestruturação da disciplina introdutória do curso de Química Industrial, com adaptação de aulas praticas." FLAG-VINCULO-EMPREGATICIO="SIM" OUTRO-VINCULO-INFORMADO="bolsista de iniciacao cientifi" OUTRO-ENQUADRAMENTO-FUNCIONAL-INFORMADO="Bolsista" OUTRO-ENQUADRAMENTO-FUNCIONAL-INFORMADO-INGLES="" OUTRAS-INFORMACOES-INGLES=""/><atividadesProfissionaisPlanificadas/></ATUACAO-PROFISSIONAL><ATUACAO-PROFISSIONAL CODIGO-INSTITUICAO="201900000008" NOME-INSTITUICAO="Centro Universitário Augusto Motta" SEQUENCIA-ATIVIDADE="6" SEQUENCIA-IMPORTANCIA="2"><VINCULOS SEQUENCIA-HISTORICO="1" TIPO-DE-VINCULO="LIVRE" ENQUADRAMENTO-FUNCIONAL="LIVRE" CARGA-HORARIA-SEMANAL="12" FLAG-DEDICACAO-EXCLUSIVA="NAO" MES-INICIO="02" ANO-INICIO="2008" MES-FIM="" ANO-FIM="" OUTRAS-INFORMACOES="" FLAG-VINCULO-EMPREGATICIO="NAO" OUTRO-VINCULO-INFORMADO="Celetista formal" OUTRO-ENQUADRAMENTO-FUNCIONAL-INFORMADO="Professor auxiliar" OUTRO-ENQUADRAMENTO-FUNCIONAL-INFORMADO-INGLES="" OUTRAS-INFORMACOES-INGLES=""/><ATIVIDADES-DE-ENSINO><ENSINO SEQUENCIA-FUNCAO-ATIVIDADE="1" FLAG-PERIODO="ATUAL" TIPO-ENSINO="GRADUACAO" MES-INICIO="02" ANO-INICIO="2008" MES-FIM="" ANO-FIM="" CODIGO-ORGAO="" NOME-ORGAO="" CODIGO-CURSO="90000001" NOME-CURSO="Engenharia de Petroleo" NOME-CURSO-INGLES=""><DISCIPLINA SEQUENCIA-ESPECIFICACAO="1">PROCESSAMENTO DE GÁS NATURAL</DISCIPLINA><DISCIPLINA SEQUENCIA-ESPECIFICACAO="2">QUÍMICA DO PETRÓLEO</DISCIPLINA><DISCIPLINA SEQUENCIA-ESPECIFICACAO="3">QUÍMICA GERAL</DISCIPLINA></ENSINO></ATIVIDADES-DE-ENSINO><atividadesProfissionaisPlanificadas/></ATUACAO-PROFISSIONAL><ATUACAO-PROFISSIONAL CODIGO-INSTITUICAO="870100000004" NOME-INSTITUICAO="Instituto Nacional de Metrologia, Qualidade e Tecnologia" SEQUENCIA-ATIVIDADE="7" SEQUENCIA-IMPORTANCIA="1"><VINCULOS SEQUENCIA-HISTORICO="1" TIPO-DE-VINCULO="SERVIDOR_PUBLICO" ENQUADRAMENTO-FUNCIONAL="LIVRE" CARGA-HORARIA-SEMANAL="40" FLAG-DEDICACAO-EXCLUSIVA="NAO" MES-INICIO="07" ANO-INICIO="2010" MES-FIM="" ANO-FIM="" OUTRAS-INFORMACOES="" FLAG-VINCULO-EMPREGATICIO="NAO" OUTRO-VINCULO-INFORMADO="" OUTRO-ENQUADRAMENTO-FUNCIONAL-INFORMADO="Pesquisador Tecnologista" OUTRO-ENQUADRAMENTO-FUNCIONAL-INFORMADO-INGLES="" OUTRAS-INFORMACOES-INGLES=""/><VINCULOS SEQUENCIA-HISTORICO="2" TIPO-DE-VINCULO="LIVRE" ENQUADRAMENTO-FUNCIONAL="LIVRE" CARGA-HORARIA-SEMANAL="40" FLAG-DEDICACAO-EXCLUSIVA="NAO" MES-INICIO="07" ANO-INICIO="2006" MES-FIM="06" ANO-FIM="2010" OUTRAS-INFORMACOES="" FLAG-VINCULO-EMPREGATICIO="SIM" OUTRO-VINCULO-INFORMADO="Bolsista" OUTRO-ENQUADRAMENTO-FUNCIONAL-INFORMADO="Bolsista" OUTRO-ENQUADRAMENTO-FUNCIONAL-INFORMADO-INGLES="" OUTRAS-INFORMACOES-INGLES=""/><ATIVIDADES-DE-PESQUISA-E-DESENVOLVIMENTO><PESQUISA-E-DESENVOLVIMENTO SEQUENCIA-FUNCAO-ATIVIDADE="1" FLAG-PERIODO="ATUAL" MES-INICIO="07" ANO-INICIO="2010" MES-FIM="" ANO-FIM="" CODIGO-ORGAO="870103000005" NOME-ORGAO="Diretoria de Metrologia Científica e Industrial" CODIGO-UNIDADE="" NOME-UNIDADE=""><LINHA-DE-PESQUISA SEQUENCIA-LINHA="1" TITULO-DA-LINHA-DE-PESQUISA="Gravimetria" FLAG-LINHA-DE-PESQUISA-ATIVA="NAO" OBJETIVOS-LINHA-DE-PESQUISA="" TITULO-DA-LINHA-DE-PESQUISA-INGLES="" OBJETIVOS-LINHA-DE-PESQUISA-INGLES=""/><LINHA-DE-PESQUISA SEQUENCIA-LINHA="2" TITULO-DA-LINHA-DE-PESQUISA="Cromatografia Gasosa" FLAG-LINHA-DE-PESQUISA-ATIVA="NAO" OBJETIVOS-LINHA-DE-PESQUISA="" TITULO-DA-LINHA-DE-PESQUISA-INGLES="" OBJETIVOS-LINHA-DE-PESQUISA-INGLES=""/><LINHA-DE-PESQUISA SEQUENCIA-LINHA="3" TITULO-DA-LINHA-DE-PESQUISA="Metrologia Quimica de Gases" FLAG-LINHA-DE-PESQUISA-ATIVA="NAO" OBJETIVOS-LINHA-DE-PESQUISA="" TITULO-DA-LINHA-DE-PESQUISA-INGLES="" OBJETIVOS-LINHA-DE-PESQUISA-INGLES=""/><LINHA-DE-PESQUISA SEQUENCIA-LINHA="4" TITULO-DA-LINHA-DE-PESQUISA="Gas Natural" FLAG-LINHA-DE-PESQUISA-ATIVA="NAO" OBJETIVOS-LINHA-DE-PESQUISA="" TITULO-DA-LINHA-DE-PESQUISA-INGLES="" OBJETIVOS-LINHA-DE-PESQUISA-INGLES=""/></PESQUISA-E-DESENVOLVIMENTO></ATIVIDADES-DE-PESQUISA-E-DESENVOLVIMENTO><ATIVIDADES-DE-PARTICIPACAO-EM-PROJETO><PARTICIPACAO-EM-PROJETO SEQUENCIA-FUNCAO-ATIVIDADE="2" FLAG-PERIODO="ANTERIOR" MES-INICIO="" ANO-INICIO="2008" MES-FIM="" ANO-FIM="2010" CODIGO-ORGAO="870103000005" NOME-ORGAO="Diretoria de Metrologia Científica e Industrial" CODIGO-UNIDADE="" NOME-UNIDADE=""><PROJETO-DE-PESQUISA SEQUENCIA-PROJETO="1" ANO-INICIO="2008" ANO-FIM="2010" NOME-DO-PROJETO="Desenvolvimento de metodologia analítica para determinação dos componentes do gás natural por cromatografia gasosa" SITUACAO="CONCLUIDO" NATUREZA="DESENVOLVIMENTO" NUMERO-GRADUACAO="" NUMERO-ESPECIALIZACAO="" NUMERO-MESTRADO-ACADEMICO="" NUMERO-MESTRADO-PROF="" NUMERO-DOUTORADO="" DESCRICAO-DO-PROJETO="Desenvolvimento, validação e otimização de metodologia analítica para determinação dos componentes do gás natural por cromatografia gasosa" DESCRICAO-DO-PROJETO-INGLES="" NOME-DO-PROJETO-INGLES="" FLAG-POTENCIAL-INOVACAO="NAO" FLAG-PROJETO-CERTIFICADO="nao" FORMATO-DATA-CERTIFICACAO="DDMMAAAA" NUMERO_TECNICO_NIVEL_MEDIO=""><EQUIPE-DO-PROJETO><INTEGRANTES-DO-PROJETO NOME-COMPLETO="Cristiane Rodrigues Augusto" NOME-PARA-CITACAO="AUGUSTO, C. R.;Augusto, Cristiane Rodrigues;Augusto, Cristiane R;AUGUSTO, C R;RODRIGUES AUGUSTO, CRISTIANE" ORDEM-DE-INTEGRACAO="1" FLAG-RESPONSAVEL="SIM"/></EQUIPE-DO-PROJETO><FINANCIADORES-DO-PROJETO><FINANCIADOR-DO-PROJETO SEQUENCIA-FINANCIADOR="1" CODIGO-INSTITUICAO="187100000004" NOME-INSTITUICAO="Fundação Carlos Chagas Filho de Amparo à Pesquisa do Estado do RJ" NATUREZA="BOLSA"/></FINANCIADORES-DO-PROJETO><PRODUCOES-CT-DO-PROJETO><PRODUCAO-CT-DO-PROJETO SEQUENCIA-PRODUCAO-CT="17" TITULO-DA-PRODUCAO-CT="Comparações Internacionais para Medição de Gás Natural." TIPO-PRODUCAO-CT="Artigo publicado em periódicos(Completo)" TITULO-DA-PRODUCAO-CT-INGLES=""/><PRODUCAO-CT-DO-PROJETO SEQUENCIA-PRODUCAO-CT="19" TITULO-DA-PRODUCAO-CT="Cálculo da Estimativa da  incerteza em análises de Gás Natural" TIPO-PRODUCAO-CT="Trabalho publicado em anais de eventos(Resumido)" TITULO-DA-PRODUCAO-CT-INGLES=""/><PRODUCAO-CT-DO-PROJETO SEQUENCIA-PRODUCAO-CT="20" TITULO-DA-PRODUCAO-CT="Influência da seleção dos padrões de referência na sua determinação" TIPO-PRODUCAO-CT="Artigo publicado em periódicos(Completo)" TITULO-DA-PRODUCAO-CT-INGLES=""/></PRODUCOES-CT-DO-PROJETO></PROJETO-DE-PESQUISA></PARTICIPACAO-EM-PROJETO></ATIVIDADES-DE-PARTICIPACAO-EM-PROJETO><atividadesProfissionaisPlanificadas/></ATUACAO-PROFISSIONAL></ATUACOES-PROFISSIONAIS><AREAS-DE-ATUACAO><AREA-DE-ATUACAO SEQUENCIA-AREA-DE-ATUACAO="1" NOME-GRANDE-AREA-DO-CONHECIMENTO="CIENCIAS_EXATAS_E_DA_TERRA" NOME-DA-AREA-DO-CONHECIMENTO="Química" NOME-DA-SUB-AREA-DO-CONHECIMENTO="Química Orgânica" NOME-DA-ESPECIALIDADE="Físico-Química Orgânica"/><AREA-DE-ATUACAO SEQUENCIA-AREA-DE-ATUACAO="2" NOME-GRANDE-AREA-DO-CONHECIMENTO="CIENCIAS_EXATAS_E_DA_TERRA" NOME-DA-AREA-DO-CONHECIMENTO="Química" NOME-DA-SUB-AREA-DO-CONHECIMENTO="Química Analítica" NOME-DA-ESPECIALIDADE="Gravimetria"/><AREA-DE-ATUACAO SEQUENCIA-AREA-DE-ATUACAO="3" NOME-GRANDE-AREA-DO-CONHECIMENTO="CIENCIAS_EXATAS_E_DA_TERRA" NOME-DA-AREA-DO-CONHECIMENTO="Química" NOME-DA-SUB-AREA-DO-CONHECIMENTO="Química Analítica" NOME-DA-ESPECIALIDADE="Cromatografia"/><AREA-DE-ATUACAO SEQUENCIA-AREA-DE-ATUACAO="4" NOME-GRANDE-AREA-DO-CONHECIMENTO="CIENCIAS_EXATAS_E_DA_TERRA" NOME-DA-AREA-DO-CONHECIMENTO="Química" NOME-DA-SUB-AREA-DO-CONHECIMENTO="Química Analítica" NOME-DA-ESPECIALIDADE="Instrumentação Analítica"/><AREA-DE-ATUACAO SEQUENCIA-AREA-DE-ATUACAO="5" NOME-GRANDE-AREA-DO-CONHECIMENTO="CIENCIAS_EXATAS_E_DA_TERRA" NOME-DA-AREA-DO-CONHECIMENTO="Química" NOME-DA-SUB-AREA-DO-CONHECIMENTO="Metrologia Quimica" NOME-DA-ESPECIALIDADE=""/><AREA-DE-ATUACAO SEQUENCIA-AREA-DE-ATUACAO="6" NOME-GRANDE-AREA-DO-CONHECIMENTO="CIENCIAS_EXATAS_E_DA_TERRA" NOME-DA-AREA-DO-CONHECIMENTO="Química" NOME-DA-SUB-AREA-DO-CONHECIMENTO="Química Analítica" NOME-DA-ESPECIALIDADE=""/></AREAS-DE-ATUACAO><IDIOMAS><IDIOMA IDIOMA="EN" DESCRICAO-DO-IDIOMA="Inglês" PROFICIENCIA-DE-LEITURA="BEM" PROFICIENCIA-DE-FALA="BEM" PROFICIENCIA-DE-ESCRITA="BEM" PROFICIENCIA-DE-COMPREENSAO="BEM"/><IDIOMA IDIOMA="ES" DESCRICAO-DO-IDIOMA="Espanhol" PROFICIENCIA-DE-LEITURA="BEM" PROFICIENCIA-DE-FALA="BEM" PROFICIENCIA-DE-ESCRITA="BEM" PROFICIENCIA-DE-COMPREENSAO="BEM"/></IDIOMAS><staValidado/><dataExibicao/><dadosBolsista/></DADOS-GERAIS><PRODUCAO-BIBLIOGRAFICA><TRABALHOS-EM-EVENTOS><TRABALHO-EM-EVENTOS SEQUENCIA-PRODUCAO="6"><DADOS-BASICOS-DO-TRABALHO NATUREZA="COMPLETO" TITULO-DO-TRABALHO="A Estrutura da Indústria de Gás Natural no Brasil" ANO-DO-TRABALHO="2004" PAIS-DO-EVENTO="Brasil" IDIOMA="Português" MEIO-DE-DIVULGACAO="NAO_INFORMADO" HOME-PAGE-DO-TRABALHO="" FLAG-RELEVANCIA="NAO" DOI="" TITULO-DO-TRABALHO-INGLES="" FLAG-DIVULGACAO-CIENTIFICA="NAO"/><DETALHAMENTO-DO-TRABALHO CLASSIFICACAO-DO-EVENTO="INTERNACIONAL" NOME-DO-EVENTO="Rio Oil &amp;amp; Gas" CIDADE-DO-EVENTO="Rio de Janeiro" ANO-DE-REALIZACAO="2004" TITULO-DOS-ANAIS-OU-PROCEEDINGS="A Estrutura da Indústria de Gás Natural no Brasil" VOLUME="" FASCICULO="" SERIE="" PAGINA-INICIAL="" PAGINA-FINAL="" ISBN="" NOME-DA-EDITORA="" CIDADE-DA-EDITORA=""/><AUTORES NOME-COMPLETO-DO-AUTOR="Joyce Benzaquem" NOME-PARA-CITACAO="BENZAQUEM, J." ORDEM-DE-AUTORIA="2" NRO-ID-CNPQ=""/><AUTORES NOME-COMPLETO-DO-AUTOR="Peter Seidl" NOME-PARA-CITACAO="Seidl, P. R." ORDEM-DE-AUTORIA="3" NRO-ID-CNPQ="3991220273958363"/><AUTORES NOME-COMPLETO-DO-AUTOR="Cristiane Rodrigues Augusto" NOME-PARA-CITACAO="AUGUSTO, C. R.;Augusto, Cristiane Rodrigues;Augusto, Cristiane R;AUGUSTO, C R;RODRIGUES AUGUSTO, CRISTIANE" ORDEM-DE-AUTORIA="1"/><INFORMACOES-ADICIONAIS DESCRICAO-INFORMACOES-ADICIONAIS="" DESCRICAO-INFORMACOES-ADICIONAIS-INGLES=""/></TRABALHO-EM-EVENTOS><TRABALHO-EM-EVENTOS SEQUENCIA-PRODUCAO="8"><DADOS-BASICOS-DO-TRABALHO NATUREZA="COMPLETO" TITULO-DO-TRABALHO="Análise de gases do efeito estufa: aplicação da ISO 5725:1994 partes 1 e 2 e da ISO 6143:2001  para Medição de Dióxido de Carbono. In: Congresso da Qualidade em Metrologia" ANO-DO-TRABALHO="2007" PAIS-DO-EVENTO="Brasil" IDIOMA="Português" MEIO-DE-DIVULGACAO="NAO_INFORMADO" HOME-PAGE-DO-TRABALHO="" FLAG-RELEVANCIA="NAO" DOI="" TITULO-DO-TRABALHO-INGLES="" FLAG-DIVULGACAO-CIENTIFICA="NAO"/><DETALHAMENTO-DO-TRABALHO CLASSIFICACAO-DO-EVENTO="NACIONAL" NOME-DO-EVENTO="Enqualab" CIDADE-DO-EVENTO="São Paulo" ANO-DE-REALIZACAO="2007" TITULO-DOS-ANAIS-OU-PROCEEDINGS="Anais do Enqualab 2007" VOLUME="" FASCICULO="" SERIE="" PAGINA-INICIAL="" PAGINA-FINAL="" ISBN="" NOME-DA-EDITORA="" CIDADE-DA-EDITORA=""/><AUTORES NOME-COMPLETO-DO-AUTOR="Claudia Cipriano Ribeiro" NOME-PARA-CITACAO="RIBEIRO, C. C." ORDEM-DE-AUTORIA="2" NRO-ID-CNPQ="6653073537545212"/><AUTORES NOME-COMPLETO-DO-AUTOR="Valnei smarçaro da cunha" NOME-PARA-CITACAO="CUNHA, V. S." ORDEM-DE-AUTORIA="3" NRO-ID-CNPQ=""/><AUTORES NOME-COMPLETO-DO-AUTOR="Cristiane Rodrigues Augusto" NOME-PARA-CITACAO="AUGUSTO, C. R.;Augusto, Cristiane Rodrigues;Augusto, Cristiane R;AUGUSTO, C R;RODRIGUES AUGUSTO, CRISTIANE" ORDEM-DE-AUTORIA="1"/><INFORMACOES-ADICIONAIS DESCRICAO-INFORMACOES-ADICIONAIS="" DESCRICAO-INFORMACOES-ADICIONAIS-INGLES=""/></TRABALHO-EM-EVENTOS><TRABALHO-EM-EVENTOS SEQUENCIA-PRODUCAO="10"><DADOS-BASICOS-DO-TRABALHO NATUREZA="COMPLETO" TITULO-DO-TRABALHO="Metrologia para medição de Gás Natural" ANO-DO-TRABALHO="2007" PAIS-DO-EVENTO="Brasil" IDIOMA="Português" MEIO-DE-DIVULGACAO="NAO_INFORMADO" HOME-PAGE-DO-TRABALHO="" FLAG-RELEVANCIA="NAO" DOI="" TITULO-DO-TRABALHO-INGLES="" FLAG-DIVULGACAO-CIENTIFICA="NAO"/><DETALHAMENTO-DO-TRABALHO CLASSIFICACAO-DO-EVENTO="NACIONAL" NOME-DO-EVENTO="Enqualab" CIDADE-DO-EVENTO="São Paulo" ANO-DE-REALIZACAO="2007" TITULO-DOS-ANAIS-OU-PROCEEDINGS="Anais do Enqualab 2007" VOLUME="" FASCICULO="" SERIE="" PAGINA-INICIAL="" PAGINA-FINAL="" ISBN="" NOME-DA-EDITORA="" CIDADE-DA-EDITORA=""/><AUTORES NOME-COMPLETO-DO-AUTOR="Claudia Cipriano Ribeiro" NOME-PARA-CITACAO="RIBEIRO, C. C." ORDEM-DE-AUTORIA="2" NRO-ID-CNPQ="6653073537545212"/><AUTORES NOME-COMPLETO-DO-AUTOR="Valnei smarçaro da cunha" NOME-PARA-CITACAO="CUNHA, V. S." ORDEM-DE-AUTORIA="3" NRO-ID-CNPQ=""/><AUTORES NOME-COMPLETO-DO-AUTOR="Cristiane Rodrigues Augusto" NOME-PARA-CITACAO="AUGUSTO, C. R.;Augusto, Cristiane Rodrigues;Augusto, Cristiane R;AUGUSTO, C R;RODRIGUES AUGUSTO, CRISTIANE" ORDEM-DE-AUTORIA="1"/><INFORMACOES-ADICIONAIS DESCRICAO-INFORMACOES-ADICIONAIS="" DESCRICAO-INFORMACOES-ADICIONAIS-INGLES=""/></TRABALHO-EM-EVENTOS><TRABALHO-EM-EVENTOS SEQUENCIA-PRODUCAO="12"><DADOS-BASICOS-DO-TRABALHO NATUREZA="COMPLETO" TITULO-DO-TRABALHO="Validação de metodologia para determinação de CO, CO2 e C3H8 proveniente de emissões veiculares por cromatografia gasosa." ANO-DO-TRABALHO="2007" PAIS-DO-EVENTO="Brasil" IDIOMA="Português" MEIO-DE-DIVULGACAO="NAO_INFORMADO" HOME-PAGE-DO-TRABALHO="" FLAG-RELEVANCIA="NAO" DOI="" TITULO-DO-TRABALHO-INGLES="" FLAG-DIVULGACAO-CIENTIFICA="NAO"/><DETALHAMENTO-DO-TRABALHO CLASSIFICACAO-DO-EVENTO="NACIONAL" NOME-DO-EVENTO="ENQA" CIDADE-DO-EVENTO="João Pessoa" ANO-DE-REALIZACAO="2007" TITULO-DOS-ANAIS-OU-PROCEEDINGS="Anais do ENQA 2007" VOLUME="" FASCICULO="" SERIE="" PAGINA-INICIAL="" PAGINA-FINAL="" ISBN="" NOME-DA-EDITORA="" CIDADE-DA-EDITORA=""/><AUTORES NOME-COMPLETO-DO-AUTOR="Claudia Cipriano Ribeiro" NOME-PARA-CITACAO="RIBEIRO, C. C." ORDEM-DE-AUTORIA="2" NRO-ID-CNPQ="6653073537545212"/><AUTORES NOME-COMPLETO-DO-AUTOR="Valnei smarçaro da cunha" NOME-PARA-CITACAO="CUNHA, V. S." ORDEM-DE-AUTORIA="3" NRO-ID-CNPQ=""/><AUTORES NOME-COMPLETO-DO-AUTOR="Cristiane Rodrigues Augusto" NOME-PARA-CITACAO="AUGUSTO, C. R.;Augusto, Cristiane Rodrigues;Augusto, Cristiane R;AUGUSTO, C R;RODRIGUES AUGUSTO, CRISTIANE" ORDEM-DE-AUTORIA="1"/><INFORMACOES-ADICIONAIS DESCRICAO-INFORMACOES-ADICIONAIS="" DESCRICAO-INFORMACOES-ADICIONAIS-INGLES=""/></TRABALHO-EM-EVENTOS><TRABALHO-EM-EVENTOS SEQUENCIA-PRODUCAO="14"><DADOS-BASICOS-DO-TRABALHO NATUREZA="COMPLETO" TITULO-DO-TRABALHO="Determinação da função linear de calibração" ANO-DO-TRABALHO="2007" PAIS-DO-EVENTO="Brasil" IDIOMA="Português" MEIO-DE-DIVULGACAO="NAO_INFORMADO" HOME-PAGE-DO-TRABALHO="" FLAG-RELEVANCIA="NAO" DOI="" TITULO-DO-TRABALHO-INGLES="" FLAG-DIVULGACAO-CIENTIFICA="NAO"/><DETALHAMENTO-DO-TRABALHO CLASSIFICACAO-DO-EVENTO="NACIONAL" NOME-DO-EVENTO="Encontro Nacional de Química Analítica" CIDADE-DO-EVENTO="João Pessoa" ANO-DE-REALIZACAO="2007" TITULO-DOS-ANAIS-OU-PROCEEDINGS="Anais do ENQA 2007" VOLUME="" FASCICULO="" SERIE="" PAGINA-INICIAL="" PAGINA-FINAL="" ISBN="" NOME-DA-EDITORA="" CIDADE-DA-EDITORA=""/><AUTORES NOME-COMPLETO-DO-AUTOR="Claudia Cipriano Ribeiro" NOME-PARA-CITACAO="RIBEIRO, C. C." ORDEM-DE-AUTORIA="2" NRO-ID-CNPQ="6653073537545212"/><AUTORES NOME-COMPLETO-DO-AUTOR="Valnei smarçaro da cunha" NOME-PARA-CITACAO="CUNHA, V. S." ORDEM-DE-AUTORIA="3" NRO-ID-CNPQ=""/><AUTORES NOME-COMPLETO-DO-AUTOR="Cristiane Rodrigues Augusto" NOME-PARA-CITACAO="AUGUSTO, C. R.;Augusto, Cristiane Rodrigues;Augusto, Cristiane R;AUGUSTO, C R;RODRIGUES AUGUSTO, CRISTIANE" ORDEM-DE-AUTORIA="1"/><INFORMACOES-ADICIONAIS DESCRICAO-INFORMACOES-ADICIONAIS="" DESCRICAO-INFORMACOES-ADICIONAIS-INGLES=""/></TRABALHO-EM-EVENTOS><TRABALHO-EM-EVENTOS SEQUENCIA-PRODUCAO="16"><DADOS-BASICOS-DO-TRABALHO NATUREZA="COMPLETO" TITULO-DO-TRABALHO="Participação no ensaio de proficiência para análise de metano em ar sintético." ANO-DO-TRABALHO="2007" PAIS-DO-EVENTO="Brasil" IDIOMA="Português" MEIO-DE-DIVULGACAO="VARIOS" HOME-PAGE-DO-TRABALHO="" FLAG-RELEVANCIA="NAO" DOI="" TITULO-DO-TRABALHO-INGLES="" FLAG-DIVULGACAO-CIENTIFICA="NAO"/><DETALHAMENTO-DO-TRABALHO CLASSIFICACAO-DO-EVENTO="INTERNACIONAL" NOME-DO-EVENTO="V Congresso Latinoamericano de metrologia" CIDADE-DO-EVENTO="Curitiba" ANO-DE-REALIZACAO="2007" TITULO-DOS-ANAIS-OU-PROCEEDINGS="Anais do Metrosul" VOLUME="" FASCICULO="" SERIE="" PAGINA-INICIAL="" PAGINA-FINAL="" ISBN="" NOME-DA-EDITORA="" CIDADE-DA-EDITORA=""/><AUTORES NOME-COMPLETO-DO-AUTOR="Claudia Cipriano Ribeiro" NOME-PARA-CITACAO="RIBEIRO, C. C." ORDEM-DE-AUTORIA="2" NRO-ID-CNPQ="6653073537545212"/><AUTORES NOME-COMPLETO-DO-AUTOR="Valnei smarçaro da cunha" NOME-PARA-CITACAO="CUNHA, V. S." ORDEM-DE-AUTORIA="3" NRO-ID-CNPQ=""/><AUTORES NOME-COMPLETO-DO-AUTOR="Cristiane Rodrigues Augusto" NOME-PARA-CITACAO="AUGUSTO, C. R.;Augusto, Cristiane Rodrigues;Augusto, Cristiane R;AUGUSTO, C R;RODRIGUES AUGUSTO, CRISTIANE" ORDEM-DE-AUTORIA="1"/><INFORMACOES-ADICIONAIS DESCRICAO-INFORMACOES-ADICIONAIS="" DESCRICAO-INFORMACOES-ADICIONAIS-INGLES=""/></TRABALHO-EM-EVENTOS><TRABALHO-EM-EVENTOS SEQUENCIA-PRODUCAO="19"><DADOS-BASICOS-DO-TRABALHO NATUREZA="RESUMO" TITULO-DO-TRABALHO="Cálculo da Estimativa da  incerteza em análises de Gás Natural" ANO-DO-TRABALHO="2008" PAIS-DO-EVENTO="Brasil" IDIOMA="Português" MEIO-DE-DIVULGACAO="MEIO_DIGITAL" HOME-PAGE-DO-TRABALHO="" FLAG-RELEVANCIA="NAO" DOI="" TITULO-DO-TRABALHO-INGLES="" FLAG-DIVULGACAO-CIENTIFICA="NAO"/><DETALHAMENTO-DO-TRABALHO CLASSIFICACAO-DO-EVENTO="NACIONAL" NOME-DO-EVENTO="Encontro dos Laboratorios de Qualidade e de Metrologia - ENQUALAB" CIDADE-DO-EVENTO="São Paulo" ANO-DE-REALIZACAO="2008" TITULO-DOS-ANAIS-OU-PROCEEDINGS="Cálculo da Estimativa da  incerteza em análises de Gás Natural" VOLUME="" FASCICULO="" SERIE="" PAGINA-INICIAL="" PAGINA-FINAL="" ISBN="" NOME-DA-EDITORA="" CIDADE-DA-EDITORA=""/><AUTORES NOME-COMPLETO-DO-AUTOR="Claudia Cipriano Ribeiro" NOME-PARA-CITACAO="RIBEIRO, C. C." ORDEM-DE-AUTORIA="2" NRO-ID-CNPQ="6653073537545212"/><AUTORES NOME-COMPLETO-DO-AUTOR="Valnei smarçaro da cunha" NOME-PARA-CITACAO="CUNHA, V. S." ORDEM-DE-AUTORIA="3" NRO-ID-CNPQ=""/><AUTORES NOME-COMPLETO-DO-AUTOR="Cristiane Rodrigues Augusto" NOME-PARA-CITACAO="AUGUSTO, C. R.;Augusto, Cristiane Rodrigues;Augusto, Cristiane R;AUGUSTO, C R;RODRIGUES AUGUSTO, CRISTIANE" ORDEM-DE-AUTORIA="1"/><INFORMACOES-ADICIONAIS DESCRICAO-INFORMACOES-ADICIONAIS="" DESCRICAO-INFORMACOES-ADICIONAIS-INGLES=""/></TRABALHO-EM-EVENTOS><TRABALHO-EM-EVENTOS SEQUENCIA-PRODUCAO="30"><DADOS-BASICOS-DO-TRABALHO NATUREZA="RESUMO_EXPANDIDO" TITULO-DO-TRABALHO="Comparação das Técnicas de Cromatografia Gasosa e Infravermelho não Dispersivo: Validação de metodologia para Análise de Monóxido de Carbono" ANO-DO-TRABALHO="2008" PAIS-DO-EVENTO="Brasil" IDIOMA="Português" MEIO-DE-DIVULGACAO="MEIO_DIGITAL" HOME-PAGE-DO-TRABALHO="" FLAG-RELEVANCIA="NAO" DOI="" TITULO-DO-TRABALHO-INGLES="" FLAG-DIVULGACAO-CIENTIFICA="NAO"/><DETALHAMENTO-DO-TRABALHO CLASSIFICACAO-DO-EVENTO="INTERNACIONAL" NOME-DO-EVENTO="Congresso Latino Americano de Cromatografia e Técnicas Relacionadas - COLACRO XII" CIDADE-DO-EVENTO="FLORIANÓPOLIS" ANO-DE-REALIZACAO="2008" TITULO-DOS-ANAIS-OU-PROCEEDINGS="Anais do COLACRO XII" VOLUME="" FASCICULO="" SERIE="" PAGINA-INICIAL="720" PAGINA-FINAL="720" ISBN="" NOME-DA-EDITORA="" CIDADE-DA-EDITORA=""/><AUTORES NOME-COMPLETO-DO-AUTOR="Claudia Cipriano Ribeiro" NOME-PARA-CITACAO="RIBEIRO, C. C." ORDEM-DE-AUTORIA="1" NRO-ID-CNPQ="6653073537545212"/><AUTORES NOME-COMPLETO-DO-AUTOR="Valnei smarçaro da cunha" NOME-PARA-CITACAO="CUNHA, V. S." ORDEM-DE-AUTORIA="2" NRO-ID-CNPQ=""/><AUTORES NOME-COMPLETO-DO-AUTOR="Andreia de Lima Fioravante" NOME-PARA-CITACAO="FIORAVANTE, A. L." ORDEM-DE-AUTORIA="3" NRO-ID-CNPQ=""/><AUTORES NOME-COMPLETO-DO-AUTOR="Cristiane Rodrigues Augusto" NOME-PARA-CITACAO="AUGUSTO, C. R." ORDEM-DE-AUTORIA="4" NRO-ID-CNPQ=""/><AUTORES NOME-COMPLETO-DO-AUTOR="DENISE C. G. SOBRINHO" NOME-PARA-CITACAO="SOBRINHO, D. C. G." ORDEM-DE-AUTORIA="5" NRO-ID-CNPQ="2397126149797766"/><INFORMACOES-ADICIONAIS DESCRICAO-INFORMACOES-ADICIONAIS="" DESCRICAO-INFORMACOES-ADICIONAIS-INGLES=""/></TRABALHO-EM-EVENTOS><TRABALHO-EM-EVENTOS SEQUENCIA-PRODUCAO="31"><DADOS-BASICOS-DO-TRABALHO NATUREZA="RESUMO_EXPANDIDO" TITULO-DO-TRABALHO="Validação de Metodologia Analítica Aplicada para a determinação dos Componentes do Gás Natural." ANO-DO-TRABALHO="2008" PAIS-DO-EVENTO="Brasil" IDIOMA="Português" MEIO-DE-DIVULGACAO="MEIO_DIGITAL" HOME-PAGE-DO-TRABALHO="" FLAG-RELEVANCIA="NAO" DOI="" TITULO-DO-TRABALHO-INGLES="" FLAG-DIVULGACAO-CIENTIFICA="NAO"/><DETALHAMENTO-DO-TRABALHO CLASSIFICACAO-DO-EVENTO="INTERNACIONAL" NOME-DO-EVENTO="Congresso Latino Americano de Cromatografia e Técnicas Relacionadas - COLACRO XII" CIDADE-DO-EVENTO="Florianópolis" ANO-DE-REALIZACAO="2008" TITULO-DOS-ANAIS-OU-PROCEEDINGS="Anais do COLACRO XII" VOLUME="" FASCICULO="" SERIE="" PAGINA-INICIAL="" PAGINA-FINAL="" ISBN="" NOME-DA-EDITORA="" CIDADE-DA-EDITORA=""/><AUTORES NOME-COMPLETO-DO-AUTOR="Cristiane Rodrigues Augusto" NOME-PARA-CITACAO="AUGUSTO, C. R." ORDEM-DE-AUTORIA="1" NRO-ID-CNPQ=""/><AUTORES NOME-COMPLETO-DO-AUTOR="Valnei smarçaro da cunha" NOME-PARA-CITACAO="CUNHA, V. S." ORDEM-DE-AUTORIA="2" NRO-ID-CNPQ=""/><AUTORES NOME-COMPLETO-DO-AUTOR="Andreia de Lima Fioravante" NOME-PARA-CITACAO="FIORAVANTE, A. L." ORDEM-DE-AUTORIA="3" NRO-ID-CNPQ=""/><AUTORES NOME-COMPLETO-DO-AUTOR="Claudia Cipriano Ribeiro" NOME-PARA-CITACAO="RIBEIRO, C. C." ORDEM-DE-AUTORIA="4" NRO-ID-CNPQ="6653073537545212"/><AUTORES NOME-COMPLETO-DO-AUTOR="Peter Seidl" NOME-PARA-CITACAO="Seidl, P. R." ORDEM-DE-AUTORIA="5" NRO-ID-CNPQ="3991220273958363"/><INFORMACOES-ADICIONAIS DESCRICAO-INFORMACOES-ADICIONAIS="" DESCRICAO-INFORMACOES-ADICIONAIS-INGLES=""/></TRABALHO-EM-EVENTOS><TRABALHO-EM-EVENTOS SEQUENCIA-PRODUCAO="32"><DADOS-BASICOS-DO-TRABALHO NATUREZA="RESUMO_EXPANDIDO" TITULO-DO-TRABALHO="Influência da seleção dos padrões de referência na determinação da função linear de calibração." ANO-DO-TRABALHO="2007" PAIS-DO-EVENTO="Brasil" IDIOMA="Português" MEIO-DE-DIVULGACAO="MEIO_DIGITAL" HOME-PAGE-DO-TRABALHO="" FLAG-RELEVANCIA="NAO" DOI="" TITULO-DO-TRABALHO-INGLES="" FLAG-DIVULGACAO-CIENTIFICA="NAO"/><DETALHAMENTO-DO-TRABALHO CLASSIFICACAO-DO-EVENTO="NACIONAL" NOME-DO-EVENTO="14º ENQA - Encontro Nacional de Química Analítica, 2007" CIDADE-DO-EVENTO="Joao Pessoa" ANO-DE-REALIZACAO="2007" TITULO-DOS-ANAIS-OU-PROCEEDINGS="Livro de resumo" VOLUME="" FASCICULO="" SERIE="" PAGINA-INICIAL="" PAGINA-FINAL="" ISBN="" NOME-DA-EDITORA="" CIDADE-DA-EDITORA=""/><AUTORES NOME-COMPLETO-DO-AUTOR="Cristiane Rodrigues Augusto" NOME-PARA-CITACAO="AUGUSTO, C. R." ORDEM-DE-AUTORIA="1" NRO-ID-CNPQ=""/><AUTORES NOME-COMPLETO-DO-AUTOR="Valnei smarçaro da cunha" NOME-PARA-CITACAO="CUNHA, V. S." ORDEM-DE-AUTORIA="2" NRO-ID-CNPQ=""/><AUTORES NOME-COMPLETO-DO-AUTOR="Claudia Cipriano Ribeiro" NOME-PARA-CITACAO="RIBEIRO, C. C." ORDEM-DE-AUTORIA="3" NRO-ID-CNPQ="6653073537545212"/><INFORMACOES-ADICIONAIS DESCRICAO-INFORMACOES-ADICIONAIS="" DESCRICAO-INFORMACOES-ADICIONAIS-INGLES=""/></TRABALHO-EM-EVENTOS><TRABALHO-EM-EVENTOS SEQUENCIA-PRODUCAO="33"><DADOS-BASICOS-DO-TRABALHO NATUREZA="RESUMO_EXPANDIDO" TITULO-DO-TRABALHO="VALIDAÇÃO DE METODOLOGIA PARA DETERMINAÇÃO DE CO, CO2 e C3H8 PROVENIENTE DE EMISSÕES VEICULARES POR CROMATOGRAFIA GASOSA" ANO-DO-TRABALHO="2007" PAIS-DO-EVENTO="Brasil" IDIOMA="Português" MEIO-DE-DIVULGACAO="MEIO_DIGITAL" HOME-PAGE-DO-TRABALHO="" FLAG-RELEVANCIA="NAO" DOI="" TITULO-DO-TRABALHO-INGLES="" FLAG-DIVULGACAO-CIENTIFICA="NAO"/><DETALHAMENTO-DO-TRABALHO CLASSIFICACAO-DO-EVENTO="NACIONAL" NOME-DO-EVENTO="14º ENQA - Encontro Nacional de Química Analítica, 2007" CIDADE-DO-EVENTO="Joao Pessoa" ANO-DE-REALIZACAO="2007" TITULO-DOS-ANAIS-OU-PROCEEDINGS="Livro de resumos" VOLUME="" FASCICULO="" SERIE="" PAGINA-INICIAL="" PAGINA-FINAL="" ISBN="" NOME-DA-EDITORA="" CIDADE-DA-EDITORA=""/><AUTORES NOME-COMPLETO-DO-AUTOR="Claudia Cipriano Ribeiro" NOME-PARA-CITACAO="RIBEIRO, C. C." ORDEM-DE-AUTORIA="1" NRO-ID-CNPQ="6653073537545212"/><AUTORES NOME-COMPLETO-DO-AUTOR="Cristiane Rodrigues Augusto" NOME-PARA-CITACAO="AUGUSTO, C. R." ORDEM-DE-AUTORIA="2" NRO-ID-CNPQ=""/><AUTORES NOME-COMPLETO-DO-AUTOR="Valnei smarçaro da cunha" NOME-PARA-CITACAO="CUNHA, V. S." ORDEM-DE-AUTORIA="3" NRO-ID-CNPQ=""/><INFORMACOES-ADICIONAIS DESCRICAO-INFORMACOES-ADICIONAIS="" DESCRICAO-INFORMACOES-ADICIONAIS-INGLES=""/></TRABALHO-EM-EVENTOS></TRABALHOS-EM-EVENTOS><ARTIGOS-PUBLICADOS><ARTIGO-PUBLICADO SEQUENCIA-PRODUCAO="35" ORDEM-IMPORTANCIA=""><DADOS-BASICOS-DO-ARTIGO NATUREZA="COMPLETO" TITULO-DO-ARTIGO="Final report on EURAMET.QM-S9/1212: Supplementary comparison of analytical capabilities for synthetic natural gas" ANO-DO-ARTIGO="2014" PAIS-DE-PUBLICACAO="" IDIOMA="Inglês" MEIO-DE-DIVULGACAO="VARIOS" HOME-PAGE-DO-TRABALHO="[doi:10.1088/0026-1394/51/1a/08015]" FLAG-RELEVANCIA="SIM" DOI="10.1088/0026-1394/51/1a/08015" TITULO-DO-ARTIGO-INGLES="" FLAG-DIVULGACAO-CIENTIFICA="NAO"/><DETALHAMENTO-DO-ARTIGO TITULO-DO-PERIODICO-OU-REVISTA="Metrologia (Online)" ISSN="16817575" VOLUME="51" FASCICULO="" SERIE="1A" PAGINA-INICIAL="08015" PAGINA-FINAL="08015" LOCAL-DE-PUBLICACAO=""/><AUTORES NOME-COMPLETO-DO-AUTOR="VALKOVÁ, M" NOME-PARA-CITACAO="VALKOVÁ, M" ORDEM-DE-AUTORIA="1" NRO-ID-CNPQ=""/><AUTORES NOME-COMPLETO-DO-AUTOR="MIRT, M" NOME-PARA-CITACAO="MIRT, M" ORDEM-DE-AUTORIA="2" NRO-ID-CNPQ=""/><AUTORES NOME-COMPLETO-DO-AUTOR="BERANEK, J" NOME-PARA-CITACAO="BERANEK, J" ORDEM-DE-AUTORIA="3" NRO-ID-CNPQ=""/><AUTORES NOME-COMPLETO-DO-AUTOR="BÁRTA, M" NOME-PARA-CITACAO="BÁRTA, M" ORDEM-DE-AUTORIA="4" NRO-ID-CNPQ=""/><AUTORES NOME-COMPLETO-DO-AUTOR="'AMBEROVA, I" NOME-PARA-CITACAO="'AMBEROVA, I" ORDEM-DE-AUTORIA="5" NRO-ID-CNPQ=""/><AUTORES NOME-COMPLETO-DO-AUTOR="VAN DER VEEN, A M H" NOME-PARA-CITACAO="VAN DER VEEN, A M H" ORDEM-DE-AUTORIA="6" NRO-ID-CNPQ=""/><AUTORES NOME-COMPLETO-DO-AUTOR="ZIEL, P R" NOME-PARA-CITACAO="ZIEL, P R" ORDEM-DE-AUTORIA="7" NRO-ID-CNPQ=""/><AUTORES NOME-COMPLETO-DO-AUTOR="Cristiane Rodrigues Augusto" NOME-PARA-CITACAO="AUGUSTO, C R" ORDEM-DE-AUTORIA="8" NRO-ID-CNPQ=""/><AUTORES NOME-COMPLETO-DO-AUTOR="RIBEIRO, C C" NOME-PARA-CITACAO="RIBEIRO, C C" ORDEM-DE-AUTORIA="9" NRO-ID-CNPQ=""/><AUTORES NOME-COMPLETO-DO-AUTOR="TEIXEIRA, D C G S" NOME-PARA-CITACAO="TEIXEIRA, D C G S" ORDEM-DE-AUTORIA="10" NRO-ID-CNPQ=""/><AUTORES NOME-COMPLETO-DO-AUTOR="OUDWATER, R J" NOME-PARA-CITACAO="OUDWATER, R J" ORDEM-DE-AUTORIA="11" NRO-ID-CNPQ=""/><INFORMACOES-ADICIONAIS DESCRICAO-INFORMACOES-ADICIONAIS="" DESCRICAO-INFORMACOES-ADICIONAIS-INGLES=""/></ARTIGO-PUBLICADO><ARTIGO-PUBLICADO SEQUENCIA-PRODUCAO="36" ORDEM-IMPORTANCIA=""><DADOS-BASICOS-DO-ARTIGO NATUREZA="COMPLETO" TITULO-DO-ARTIGO="Final report on COOMET.QM-S1 (COOMET project no 483/RU/09): Supplementary comparison of primary standard gas mixtures: Nitrogen monoxide in nitrogen (50  mol/mol)" ANO-DO-ARTIGO="2014" PAIS-DE-PUBLICACAO="" IDIOMA="Inglês" MEIO-DE-DIVULGACAO="VARIOS" HOME-PAGE-DO-TRABALHO="[doi:10.1088/0026-1394/51/1a/08001]" FLAG-RELEVANCIA="SIM" DOI="10.1088/0026-1394/51/1a/08001" TITULO-DO-ARTIGO-INGLES="" FLAG-DIVULGACAO-CIENTIFICA="NAO"/><DETALHAMENTO-DO-ARTIGO TITULO-DO-PERIODICO-OU-REVISTA="Metrologia (Online)" ISSN="16817575" VOLUME="51" FASCICULO="" SERIE="1A" PAGINA-INICIAL="08001" PAGINA-FINAL="08001" LOCAL-DE-PUBLICACAO=""/><AUTORES NOME-COMPLETO-DO-AUTOR="Konopelko, L A" NOME-PARA-CITACAO="Konopelko, L A" ORDEM-DE-AUTORIA="1" NRO-ID-CNPQ=""/><AUTORES NOME-COMPLETO-DO-AUTOR="Kustikov, Y A" NOME-PARA-CITACAO="Kustikov, Y A" ORDEM-DE-AUTORIA="2" NRO-ID-CNPQ=""/><AUTORES NOME-COMPLETO-DO-AUTOR="KOLOBOVA, A V" NOME-PARA-CITACAO="KOLOBOVA, A V" ORDEM-DE-AUTORIA="3" NRO-ID-CNPQ=""/><AUTORES NOME-COMPLETO-DO-AUTOR="SHOR, N B" NOME-PARA-CITACAO="SHOR, N B" ORDEM-DE-AUTORIA="4" NRO-ID-CNPQ=""/><AUTORES NOME-COMPLETO-DO-AUTOR="EFREMOVA, O V" NOME-PARA-CITACAO="EFREMOVA, O V" ORDEM-DE-AUTORIA="5" NRO-ID-CNPQ=""/><AUTORES NOME-COMPLETO-DO-AUTOR="ROZHNOV, M S" NOME-PARA-CITACAO="ROZHNOV, M S" ORDEM-DE-AUTORIA="6" NRO-ID-CNPQ=""/><AUTORES NOME-COMPLETO-DO-AUTOR="MELNYK, D M" NOME-PARA-CITACAO="MELNYK, D M" ORDEM-DE-AUTORIA="7" NRO-ID-CNPQ=""/><AUTORES NOME-COMPLETO-DO-AUTOR="KOZIA, V G" NOME-PARA-CITACAO="KOZIA, V G" ORDEM-DE-AUTORIA="8" NRO-ID-CNPQ=""/><AUTORES NOME-COMPLETO-DO-AUTOR="SHPILNYI, S A" NOME-PARA-CITACAO="SHPILNYI, S A" ORDEM-DE-AUTORIA="9" NRO-ID-CNPQ=""/><AUTORES NOME-COMPLETO-DO-AUTOR="PETRYSHYN, P V" NOME-PARA-CITACAO="PETRYSHYN, P V" ORDEM-DE-AUTORIA="10" NRO-ID-CNPQ=""/><AUTORES NOME-COMPLETO-DO-AUTOR="IAKUBOV, S E" NOME-PARA-CITACAO="IAKUBOV, S E" ORDEM-DE-AUTORIA="11" NRO-ID-CNPQ=""/><AUTORES NOME-COMPLETO-DO-AUTOR="KLUCHITS, A S" NOME-PARA-CITACAO="KLUCHITS, A S" ORDEM-DE-AUTORIA="12" NRO-ID-CNPQ=""/><AUTORES NOME-COMPLETO-DO-AUTOR="ANANYIN, V N" NOME-PARA-CITACAO="ANANYIN, V N" ORDEM-DE-AUTORIA="13" NRO-ID-CNPQ=""/><AUTORES NOME-COMPLETO-DO-AUTOR="MIRONCHIK, A M" NOME-PARA-CITACAO="MIRONCHIK, A M" ORDEM-DE-AUTORIA="14" NRO-ID-CNPQ=""/><AUTORES NOME-COMPLETO-DO-AUTOR="MOKHNACH, M V" NOME-PARA-CITACAO="MOKHNACH, M V" ORDEM-DE-AUTORIA="15" NRO-ID-CNPQ=""/><AUTORES NOME-COMPLETO-DO-AUTOR="VALKOVA, M" NOME-PARA-CITACAO="VALKOVA, M" ORDEM-DE-AUTORIA="16" NRO-ID-CNPQ=""/><AUTORES NOME-COMPLETO-DO-AUTOR="STOVCIK, V" NOME-PARA-CITACAO="STOVCIK, V" ORDEM-DE-AUTORIA="17" NRO-ID-CNPQ=""/><AUTORES NOME-COMPLETO-DO-AUTOR="WALDEN, J" NOME-PARA-CITACAO="WALDEN, J" ORDEM-DE-AUTORIA="18" NRO-ID-CNPQ=""/><AUTORES NOME-COMPLETO-DO-AUTOR="Cristiane Rodrigues Augusto" NOME-PARA-CITACAO="AUGUSTO, C R" ORDEM-DE-AUTORIA="19" NRO-ID-CNPQ=""/><AUTORES NOME-COMPLETO-DO-AUTOR="FIORAVANTE, A L" NOME-PARA-CITACAO="FIORAVANTE, A L" ORDEM-DE-AUTORIA="20" NRO-ID-CNPQ=""/><AUTORES NOME-COMPLETO-DO-AUTOR="RIBEIRO, C C" NOME-PARA-CITACAO="RIBEIRO, C C" ORDEM-DE-AUTORIA="21" NRO-ID-CNPQ=""/><AUTORES NOME-COMPLETO-DO-AUTOR="SOBRINHO, D C G" NOME-PARA-CITACAO="SOBRINHO, D C G" ORDEM-DE-AUTORIA="22" NRO-ID-CNPQ=""/><AUTORES NOME-COMPLETO-DO-AUTOR="OUDWATER, R J" NOME-PARA-CITACAO="OUDWATER, R J" ORDEM-DE-AUTORIA="23" NRO-ID-CNPQ=""/><AUTORES NOME-COMPLETO-DO-AUTOR="DA CUNHA, V S" NOME-PARA-CITACAO="DA CUNHA, V S" ORDEM-DE-AUTORIA="24" NRO-ID-CNPQ=""/><INFORMACOES-ADICIONAIS DESCRICAO-INFORMACOES-ADICIONAIS="" DESCRICAO-INFORMACOES-ADICIONAIS-INGLES=""/></ARTIGO-PUBLICADO><ARTIGO-PUBLICADO SEQUENCIA-PRODUCAO="39" ORDEM-IMPORTANCIA=""><DADOS-BASICOS-DO-ARTIGO NATUREZA="COMPLETO" TITULO-DO-ARTIGO="Final report on COOMET.QM-S2 (COOMET project no 556/RU/12): Comparison of primary standard gas mixtures: gravimetry production of CH &amp;lt;sub&amp;gt;4&amp;lt;/sub&amp;gt; in synthetic air (100  mol/mol)" ANO-DO-ARTIGO="2014" PAIS-DE-PUBLICACAO="" IDIOMA="Inglês" MEIO-DE-DIVULGACAO="VARIOS" HOME-PAGE-DO-TRABALHO="[doi:10.1088/0026-1394/51/1a/08002]" FLAG-RELEVANCIA="SIM" DOI="10.1088/0026-1394/51/1a/08002" TITULO-DO-ARTIGO-INGLES="" FLAG-DIVULGACAO-CIENTIFICA="NAO"/><DETALHAMENTO-DO-ARTIGO TITULO-DO-PERIODICO-OU-REVISTA="Metrologia (Online)" ISSN="16817575" VOLUME="51" FASCICULO="" SERIE="1A" PAGINA-INICIAL="08002" PAGINA-FINAL="08002" LOCAL-DE-PUBLICACAO=""/><AUTORES NOME-COMPLETO-DO-AUTOR="Konopelko, L A" NOME-PARA-CITACAO="Konopelko, L A" ORDEM-DE-AUTORIA="1" NRO-ID-CNPQ=""/><AUTORES NOME-COMPLETO-DO-AUTOR="Kustikov, Y A" NOME-PARA-CITACAO="Kustikov, Y A" ORDEM-DE-AUTORIA="2" NRO-ID-CNPQ=""/><AUTORES NOME-COMPLETO-DO-AUTOR="KOLOBOVA, A V" NOME-PARA-CITACAO="KOLOBOVA, A V" ORDEM-DE-AUTORIA="3" NRO-ID-CNPQ=""/><AUTORES NOME-COMPLETO-DO-AUTOR="Pankratov, V V" NOME-PARA-CITACAO="Pankratov, V V" ORDEM-DE-AUTORIA="4" NRO-ID-CNPQ=""/><AUTORES NOME-COMPLETO-DO-AUTOR="BEDNOV, M" NOME-PARA-CITACAO="BEDNOV, M" ORDEM-DE-AUTORIA="5" NRO-ID-CNPQ=""/><AUTORES NOME-COMPLETO-DO-AUTOR="EFREMOVA, O V" NOME-PARA-CITACAO="EFREMOVA, O V" ORDEM-DE-AUTORIA="6" NRO-ID-CNPQ=""/><AUTORES NOME-COMPLETO-DO-AUTOR="DE LIMA FIORAVANTE, ANDREIA" NOME-PARA-CITACAO="DE LIMA FIORAVANTE, ANDREIA" ORDEM-DE-AUTORIA="7" NRO-ID-CNPQ=""/><AUTORES NOME-COMPLETO-DO-AUTOR="CIPRIANO RIBEIRO, CLAUDIA" NOME-PARA-CITACAO="CIPRIANO RIBEIRO, CLAUDIA" ORDEM-DE-AUTORIA="8" NRO-ID-CNPQ=""/><AUTORES NOME-COMPLETO-DO-AUTOR="Cristiane Rodrigues Augusto" NOME-PARA-CITACAO="RODRIGUES AUGUSTO, CRISTIANE" ORDEM-DE-AUTORIA="9" NRO-ID-CNPQ=""/><AUTORES NOME-COMPLETO-DO-AUTOR="GONÇALVES SOBRINHO TEIXEIRA, DENISE CRISTINE" NOME-PARA-CITACAO="GONÇALVES SOBRINHO TEIXEIRA, DENISE CRISTINE" ORDEM-DE-AUTORIA="10" NRO-ID-CNPQ=""/><AUTORES NOME-COMPLETO-DO-AUTOR="CANANEA DE SÁ ELIAS, ELIZANDRA" NOME-PARA-CITACAO="CANANEA DE SÁ ELIAS, ELIZANDRA" ORDEM-DE-AUTORIA="11" NRO-ID-CNPQ=""/><AUTORES NOME-COMPLETO-DO-AUTOR="OUDWATER, RUTGER JACOB" NOME-PARA-CITACAO="OUDWATER, RUTGER JACOB" ORDEM-DE-AUTORIA="12" NRO-ID-CNPQ=""/><AUTORES NOME-COMPLETO-DO-AUTOR="SALES PEREIRA DE SOUSA, SUELLEN CRISTINA" NOME-PARA-CITACAO="SALES PEREIRA DE SOUSA, SUELLEN CRISTINA" ORDEM-DE-AUTORIA="13" NRO-ID-CNPQ=""/><INFORMACOES-ADICIONAIS DESCRICAO-INFORMACOES-ADICIONAIS="" DESCRICAO-INFORMACOES-ADICIONAIS-INGLES=""/></ARTIGO-PUBLICADO><ARTIGO-PUBLICADO SEQUENCIA-PRODUCAO="38" ORDEM-IMPORTANCIA=""><DADOS-BASICOS-DO-ARTIGO NATUREZA="COMPLETO" TITULO-DO-ARTIGO="Final report on CCQM-K93: Preparative comparison of ethanol in nitrogen" ANO-DO-ARTIGO="2013" PAIS-DE-PUBLICACAO="" IDIOMA="Inglês" MEIO-DE-DIVULGACAO="VARIOS" HOME-PAGE-DO-TRABALHO="[doi:10.1088/0026-1394/50/1a/08025]" FLAG-RELEVANCIA="SIM" DOI="10.1088/0026-1394/50/1a/08025" TITULO-DO-ARTIGO-INGLES="" FLAG-DIVULGACAO-CIENTIFICA="NAO"/><DETALHAMENTO-DO-ARTIGO TITULO-DO-PERIODICO-OU-REVISTA="Metrologia (Online)" ISSN="16817575" VOLUME="50" FASCICULO="" SERIE="1A" PAGINA-INICIAL="08025" PAGINA-FINAL="08025" LOCAL-DE-PUBLICACAO=""/><AUTORES NOME-COMPLETO-DO-AUTOR="BROWN, ANDREW S" NOME-PARA-CITACAO="BROWN, ANDREW S" ORDEM-DE-AUTORIA="1" NRO-ID-CNPQ=""/><AUTORES NOME-COMPLETO-DO-AUTOR="MILTON, MARTIN J T" NOME-PARA-CITACAO="MILTON, MARTIN J T" ORDEM-DE-AUTORIA="2" NRO-ID-CNPQ=""/><AUTORES NOME-COMPLETO-DO-AUTOR="Brookes, Chris" NOME-PARA-CITACAO="Brookes, Chris" ORDEM-DE-AUTORIA="3" NRO-ID-CNPQ=""/><AUTORES NOME-COMPLETO-DO-AUTOR="VARGHA, GERGELY M" NOME-PARA-CITACAO="VARGHA, GERGELY M" ORDEM-DE-AUTORIA="4" NRO-ID-CNPQ=""/><AUTORES NOME-COMPLETO-DO-AUTOR="DOWNEY, MICHAEL L" NOME-PARA-CITACAO="DOWNEY, MICHAEL L" ORDEM-DE-AUTORIA="5" NRO-ID-CNPQ=""/><AUTORES NOME-COMPLETO-DO-AUTOR="UEHARA, SHENJI" NOME-PARA-CITACAO="UEHARA, SHENJI" ORDEM-DE-AUTORIA="6" NRO-ID-CNPQ=""/><AUTORES NOME-COMPLETO-DO-AUTOR="Cristiane Rodrigues Augusto" NOME-PARA-CITACAO="Augusto, Cristiane Rodrigues" ORDEM-DE-AUTORIA="7" NRO-ID-CNPQ=""/><AUTORES NOME-COMPLETO-DO-AUTOR="Fioravante, Andreia de Lima" NOME-PARA-CITACAO="Fioravante, Andreia de Lima" ORDEM-DE-AUTORIA="8" NRO-ID-CNPQ=""/><AUTORES NOME-COMPLETO-DO-AUTOR="SOBRINHO, DENISE GONÇALVES" NOME-PARA-CITACAO="SOBRINHO, DENISE GONÇALVES" ORDEM-DE-AUTORIA="9" NRO-ID-CNPQ=""/><AUTORES NOME-COMPLETO-DO-AUTOR="Dias, Florbela" NOME-PARA-CITACAO="Dias, Florbela" ORDEM-DE-AUTORIA="10" NRO-ID-CNPQ=""/><AUTORES NOME-COMPLETO-DO-AUTOR="WOO, JIN CHUN" NOME-PARA-CITACAO="WOO, JIN CHUN" ORDEM-DE-AUTORIA="11" NRO-ID-CNPQ=""/><AUTORES NOME-COMPLETO-DO-AUTOR="KIM, BYUNG MOON" NOME-PARA-CITACAO="KIM, BYUNG MOON" ORDEM-DE-AUTORIA="12" NRO-ID-CNPQ=""/><AUTORES NOME-COMPLETO-DO-AUTOR="KIM, JIN SEOG" NOME-PARA-CITACAO="KIM, JIN SEOG" ORDEM-DE-AUTORIA="13" NRO-ID-CNPQ=""/><AUTORES NOME-COMPLETO-DO-AUTOR="Mace, Tatiana" NOME-PARA-CITACAO="Mace, Tatiana" ORDEM-DE-AUTORIA="14" NRO-ID-CNPQ=""/><AUTORES NOME-COMPLETO-DO-AUTOR="FÜKÖ, JUDIT TÓTHNÉ" NOME-PARA-CITACAO="FÜKÖ, JUDIT TÓTHNÉ" ORDEM-DE-AUTORIA="15" NRO-ID-CNPQ=""/><AUTORES NOME-COMPLETO-DO-AUTOR="Qiao, Han" NOME-PARA-CITACAO="Qiao, Han" ORDEM-DE-AUTORIA="16" NRO-ID-CNPQ=""/><AUTORES NOME-COMPLETO-DO-AUTOR="GUENTHER, FRANK" NOME-PARA-CITACAO="GUENTHER, FRANK" ORDEM-DE-AUTORIA="17" NRO-ID-CNPQ=""/><AUTORES NOME-COMPLETO-DO-AUTOR="RHODERICK, JERRY" NOME-PARA-CITACAO="RHODERICK, JERRY" ORDEM-DE-AUTORIA="18" NRO-ID-CNPQ=""/><AUTORES NOME-COMPLETO-DO-AUTOR="GAMESON, LYN" NOME-PARA-CITACAO="GAMESON, LYN" ORDEM-DE-AUTORIA="19" NRO-ID-CNPQ=""/><AUTORES NOME-COMPLETO-DO-AUTOR="Botha, Angelique" NOME-PARA-CITACAO="Botha, Angelique" ORDEM-DE-AUTORIA="20" NRO-ID-CNPQ=""/><AUTORES NOME-COMPLETO-DO-AUTOR="Tshilongo, James" NOME-PARA-CITACAO="Tshilongo, James" ORDEM-DE-AUTORIA="21" NRO-ID-CNPQ=""/><AUTORES NOME-COMPLETO-DO-AUTOR="NTSASA, NAPO G" NOME-PARA-CITACAO="NTSASA, NAPO G" ORDEM-DE-AUTORIA="22" NRO-ID-CNPQ=""/><AUTORES NOME-COMPLETO-DO-AUTOR="VAL'KOVÁ, MIROSLAVA" NOME-PARA-CITACAO="VAL'KOVÁ, MIROSLAVA" ORDEM-DE-AUTORIA="23" NRO-ID-CNPQ=""/><AUTORES NOME-COMPLETO-DO-AUTOR="Durisova, Zuzana" NOME-PARA-CITACAO="Durisova, Zuzana" ORDEM-DE-AUTORIA="24" NRO-ID-CNPQ=""/><AUTORES NOME-COMPLETO-DO-AUTOR="KUSTIKOV, YURI" NOME-PARA-CITACAO="KUSTIKOV, YURI" ORDEM-DE-AUTORIA="25" NRO-ID-CNPQ=""/><AUTORES NOME-COMPLETO-DO-AUTOR="Konopelko, Leonid" NOME-PARA-CITACAO="Konopelko, Leonid" ORDEM-DE-AUTORIA="26" NRO-ID-CNPQ=""/><AUTORES NOME-COMPLETO-DO-AUTOR="FATINA, OLGA" NOME-PARA-CITACAO="FATINA, OLGA" ORDEM-DE-AUTORIA="27" NRO-ID-CNPQ=""/><AUTORES NOME-COMPLETO-DO-AUTOR="WESSEL, ROB" NOME-PARA-CITACAO="WESSEL, ROB" ORDEM-DE-AUTORIA="28" NRO-ID-CNPQ=""/><INFORMACOES-ADICIONAIS DESCRICAO-INFORMACOES-ADICIONAIS="" DESCRICAO-INFORMACOES-ADICIONAIS-INGLES=""/></ARTIGO-PUBLICADO><ARTIGO-PUBLICADO SEQUENCIA-PRODUCAO="40" ORDEM-IMPORTANCIA=""><DADOS-BASICOS-DO-ARTIGO NATUREZA="COMPLETO" TITULO-DO-ARTIGO="Supplementary comparison EURAMET.QM-S4: automotive gas mixtures" ANO-DO-ARTIGO="2011" PAIS-DE-PUBLICACAO="" IDIOMA="Inglês" MEIO-DE-DIVULGACAO="VARIOS" HOME-PAGE-DO-TRABALHO="[doi:10.1088/0026-1394/48/1a/08016]" FLAG-RELEVANCIA="NAO" DOI="10.1088/0026-1394/48/1a/08016" TITULO-DO-ARTIGO-INGLES="" FLAG-DIVULGACAO-CIENTIFICA="NAO"/><DETALHAMENTO-DO-ARTIGO TITULO-DO-PERIODICO-OU-REVISTA="Metrologia (Online)" ISSN="16817575" VOLUME="48" FASCICULO="" SERIE="" PAGINA-INICIAL="08016" PAGINA-FINAL="08016" LOCAL-DE-PUBLICACAO=""/><AUTORES NOME-COMPLETO-DO-AUTOR="van der Veen, Adriaan M H" NOME-PARA-CITACAO="van der Veen, Adriaan M H" ORDEM-DE-AUTORIA="1" NRO-ID-CNPQ=""/><AUTORES NOME-COMPLETO-DO-AUTOR="Oudwater, Rutger" NOME-PARA-CITACAO="Oudwater, Rutger" ORDEM-DE-AUTORIA="2" NRO-ID-CNPQ=""/><AUTORES NOME-COMPLETO-DO-AUTOR="Ziel, Paul R" NOME-PARA-CITACAO="Ziel, Paul R" ORDEM-DE-AUTORIA="3" NRO-ID-CNPQ=""/><AUTORES NOME-COMPLETO-DO-AUTOR="van Wijk, Janneke I T" NOME-PARA-CITACAO="van Wijk, Janneke I T" ORDEM-DE-AUTORIA="4" NRO-ID-CNPQ=""/><AUTORES NOME-COMPLETO-DO-AUTOR="Cristiane Rodrigues Augusto" NOME-PARA-CITACAO="Augusto, Cristiane Rodrigues" ORDEM-DE-AUTORIA="5" NRO-ID-CNPQ=""/><AUTORES NOME-COMPLETO-DO-AUTOR="Fioravante, Andreia de Lima" NOME-PARA-CITACAO="Fioravante, Andreia de Lima" ORDEM-DE-AUTORIA="6" NRO-ID-CNPQ=""/><AUTORES NOME-COMPLETO-DO-AUTOR="Ribeiro, Claudia Cipriano" NOME-PARA-CITACAO="Ribeiro, Claudia Cipriano" ORDEM-DE-AUTORIA="7" NRO-ID-CNPQ=""/><AUTORES NOME-COMPLETO-DO-AUTOR="Sobrinho, Denise Cristine Gonçalves" NOME-PARA-CITACAO="Sobrinho, Denise Cristine Gonçalves" ORDEM-DE-AUTORIA="8" NRO-ID-CNPQ=""/><AUTORES NOME-COMPLETO-DO-AUTOR="Cunha, Valnei" NOME-PARA-CITACAO="Cunha, Valnei" ORDEM-DE-AUTORIA="9" NRO-ID-CNPQ=""/><AUTORES NOME-COMPLETO-DO-AUTOR="Dias, Florbela" NOME-PARA-CITACAO="Dias, Florbela" ORDEM-DE-AUTORIA="10" NRO-ID-CNPQ=""/><AUTORES NOME-COMPLETO-DO-AUTOR="Baptista, Gonçalo" NOME-PARA-CITACAO="Baptista, Gonçalo" ORDEM-DE-AUTORIA="11" NRO-ID-CNPQ=""/><AUTORES NOME-COMPLETO-DO-AUTOR="Botha, Angelique" NOME-PARA-CITACAO="Botha, Angelique" ORDEM-DE-AUTORIA="12" NRO-ID-CNPQ=""/><AUTORES NOME-COMPLETO-DO-AUTOR="Valkova, Miroslava" NOME-PARA-CITACAO="Valkova, Miroslava" ORDEM-DE-AUTORIA="13" NRO-ID-CNPQ=""/><AUTORES NOME-COMPLETO-DO-AUTOR="Durisova, Zuzana" NOME-PARA-CITACAO="Durisova, Zuzana" ORDEM-DE-AUTORIA="14" NRO-ID-CNPQ=""/><INFORMACOES-ADICIONAIS DESCRICAO-INFORMACOES-ADICIONAIS="" DESCRICAO-INFORMACOES-ADICIONAIS-INGLES=""/></ARTIGO-PUBLICADO><ARTIGO-PUBLICADO SEQUENCIA-PRODUCAO="41" ORDEM-IMPORTANCIA=""><DADOS-BASICOS-DO-ARTIGO NATUREZA="COMPLETO" TITULO-DO-ARTIGO="International comparison CCQM-K76: Sulfur dioxide in nitrogen" ANO-DO-ARTIGO="2011" PAIS-DE-PUBLICACAO="" IDIOMA="Inglês" MEIO-DE-DIVULGACAO="VARIOS" HOME-PAGE-DO-TRABALHO="[doi:10.1088/0026-1394/48/1a/08015]" FLAG-RELEVANCIA="NAO" DOI="10.1088/0026-1394/48/1a/08015" TITULO-DO-ARTIGO-INGLES="" FLAG-DIVULGACAO-CIENTIFICA="NAO"/><DETALHAMENTO-DO-ARTIGO TITULO-DO-PERIODICO-OU-REVISTA="Metrologia (Online)" ISSN="16817575" VOLUME="48" FASCICULO="" SERIE="" PAGINA-INICIAL="08015" PAGINA-FINAL="08015" LOCAL-DE-PUBLICACAO=""/><AUTORES NOME-COMPLETO-DO-AUTOR="Guenther, Franklin R" NOME-PARA-CITACAO="Guenther, Franklin R" ORDEM-DE-AUTORIA="1" NRO-ID-CNPQ=""/><AUTORES NOME-COMPLETO-DO-AUTOR="Kelley, Michael E" NOME-PARA-CITACAO="Kelley, Michael E" ORDEM-DE-AUTORIA="2" NRO-ID-CNPQ=""/><AUTORES NOME-COMPLETO-DO-AUTOR="Mitchell, Gerald D" NOME-PARA-CITACAO="Mitchell, Gerald D" ORDEM-DE-AUTORIA="3" NRO-ID-CNPQ=""/><AUTORES NOME-COMPLETO-DO-AUTOR="Avila Salas, Manuel de Jesús" NOME-PARA-CITACAO="Avila Salas, Manuel de Jesús" ORDEM-DE-AUTORIA="4" NRO-ID-CNPQ=""/><AUTORES NOME-COMPLETO-DO-AUTOR="Delgado, Jorge Koelliker" NOME-PARA-CITACAO="Delgado, Jorge Koelliker" ORDEM-DE-AUTORIA="5" NRO-ID-CNPQ=""/><AUTORES NOME-COMPLETO-DO-AUTOR="Murillo, Francisco Rangel" NOME-PARA-CITACAO="Murillo, Francisco Rangel" ORDEM-DE-AUTORIA="6" NRO-ID-CNPQ=""/><AUTORES NOME-COMPLETO-DO-AUTOR="Caballero, Victor M Serrano" NOME-PARA-CITACAO="Caballero, Victor M Serrano" ORDEM-DE-AUTORIA="7" NRO-ID-CNPQ=""/><AUTORES NOME-COMPLETO-DO-AUTOR="Castorena, Alejandro Pérez" NOME-PARA-CITACAO="Castorena, Alejandro Pérez" ORDEM-DE-AUTORIA="8" NRO-ID-CNPQ=""/><AUTORES NOME-COMPLETO-DO-AUTOR="Shinji, Uehara" NOME-PARA-CITACAO="Shinji, Uehara" ORDEM-DE-AUTORIA="9" NRO-ID-CNPQ=""/><AUTORES NOME-COMPLETO-DO-AUTOR="Ciecior, Dariusz" NOME-PARA-CITACAO="Ciecior, Dariusz" ORDEM-DE-AUTORIA="10" NRO-ID-CNPQ=""/><AUTORES NOME-COMPLETO-DO-AUTOR="da Cunha, Valnei Smarçaro" NOME-PARA-CITACAO="da Cunha, Valnei Smarçaro" ORDEM-DE-AUTORIA="11" NRO-ID-CNPQ=""/><AUTORES NOME-COMPLETO-DO-AUTOR="Cristiane Rodrigues Augusto" NOME-PARA-CITACAO="Augusto, Cristiane Rodrigues" ORDEM-DE-AUTORIA="12" NRO-ID-CNPQ=""/><AUTORES NOME-COMPLETO-DO-AUTOR="Ribeiro, Claudia Cipriano" NOME-PARA-CITACAO="Ribeiro, Claudia Cipriano" ORDEM-DE-AUTORIA="13" NRO-ID-CNPQ=""/><AUTORES NOME-COMPLETO-DO-AUTOR="Fioravante, Andreia de Lima" NOME-PARA-CITACAO="Fioravante, Andreia de Lima" ORDEM-DE-AUTORIA="14" NRO-ID-CNPQ=""/><AUTORES NOME-COMPLETO-DO-AUTOR="Dias, Florbela" NOME-PARA-CITACAO="Dias, Florbela" ORDEM-DE-AUTORIA="15" NRO-ID-CNPQ=""/><AUTORES NOME-COMPLETO-DO-AUTOR="Sang-Hyub, Oh" NOME-PARA-CITACAO="Sang-Hyub, Oh" ORDEM-DE-AUTORIA="16" NRO-ID-CNPQ=""/><AUTORES NOME-COMPLETO-DO-AUTOR="Macé, Tatiana" NOME-PARA-CITACAO="Macé, Tatiana" ORDEM-DE-AUTORIA="17" NRO-ID-CNPQ=""/><AUTORES NOME-COMPLETO-DO-AUTOR="Sutour, Christophe" NOME-PARA-CITACAO="Sutour, Christophe" ORDEM-DE-AUTORIA="18" NRO-ID-CNPQ=""/><AUTORES NOME-COMPLETO-DO-AUTOR="Büki, Tamás" NOME-PARA-CITACAO="Büki, Tamás" ORDEM-DE-AUTORIA="19" NRO-ID-CNPQ=""/><AUTORES NOME-COMPLETO-DO-AUTOR="Qiao, Han" NOME-PARA-CITACAO="Qiao, Han" ORDEM-DE-AUTORIA="20" NRO-ID-CNPQ=""/><AUTORES NOME-COMPLETO-DO-AUTOR="Botha, Angelique" NOME-PARA-CITACAO="Botha, Angelique" ORDEM-DE-AUTORIA="21" NRO-ID-CNPQ=""/><AUTORES NOME-COMPLETO-DO-AUTOR="Mogale, David M" NOME-PARA-CITACAO="Mogale, David M" ORDEM-DE-AUTORIA="22" NRO-ID-CNPQ=""/><AUTORES NOME-COMPLETO-DO-AUTOR="Tshilongo, James" NOME-PARA-CITACAO="Tshilongo, James" ORDEM-DE-AUTORIA="23" NRO-ID-CNPQ=""/><AUTORES NOME-COMPLETO-DO-AUTOR="Ntsasa, Napo" NOME-PARA-CITACAO="Ntsasa, Napo" ORDEM-DE-AUTORIA="24" NRO-ID-CNPQ=""/><AUTORES NOME-COMPLETO-DO-AUTOR="Mphamo, Tshepiso" NOME-PARA-CITACAO="Mphamo, Tshepiso" ORDEM-DE-AUTORIA="25" NRO-ID-CNPQ=""/><AUTORES NOME-COMPLETO-DO-AUTOR="Uprichard, Ian" NOME-PARA-CITACAO="Uprichard, Ian" ORDEM-DE-AUTORIA="26" NRO-ID-CNPQ=""/><AUTORES NOME-COMPLETO-DO-AUTOR="Milton, Martin" NOME-PARA-CITACAO="Milton, Martin" ORDEM-DE-AUTORIA="27" NRO-ID-CNPQ=""/><AUTORES NOME-COMPLETO-DO-AUTOR="Vargha, Gergely" NOME-PARA-CITACAO="Vargha, Gergely" ORDEM-DE-AUTORIA="28" NRO-ID-CNPQ=""/><AUTORES NOME-COMPLETO-DO-AUTOR="Brookes, Chris" NOME-PARA-CITACAO="Brookes, Chris" ORDEM-DE-AUTORIA="29" NRO-ID-CNPQ=""/><AUTORES NOME-COMPLETO-DO-AUTOR="Johri, Prabha" NOME-PARA-CITACAO="Johri, Prabha" ORDEM-DE-AUTORIA="30" NRO-ID-CNPQ=""/><AUTORES NOME-COMPLETO-DO-AUTOR="Valkova, Miroslava" NOME-PARA-CITACAO="Valkova, Miroslava" ORDEM-DE-AUTORIA="31" NRO-ID-CNPQ=""/><AUTORES NOME-COMPLETO-DO-AUTOR="Konopelko, Leonid" NOME-PARA-CITACAO="Konopelko, Leonid" ORDEM-DE-AUTORIA="32" NRO-ID-CNPQ=""/><AUTORES NOME-COMPLETO-DO-AUTOR="Kustikov, Yury" NOME-PARA-CITACAO="Kustikov, Yury" ORDEM-DE-AUTORIA="33" NRO-ID-CNPQ=""/><AUTORES NOME-COMPLETO-DO-AUTOR="Pankratov, V V" NOME-PARA-CITACAO="Pankratov, V V" ORDEM-DE-AUTORIA="34" NRO-ID-CNPQ=""/><AUTORES NOME-COMPLETO-DO-AUTOR="Rumyantsev, D V" NOME-PARA-CITACAO="Rumyantsev, D V" ORDEM-DE-AUTORIA="35" NRO-ID-CNPQ=""/><AUTORES NOME-COMPLETO-DO-AUTOR="Pavlov, M V" NOME-PARA-CITACAO="Pavlov, M V" ORDEM-DE-AUTORIA="36" NRO-ID-CNPQ=""/><AUTORES NOME-COMPLETO-DO-AUTOR="Gromova, E V" NOME-PARA-CITACAO="Gromova, E V" ORDEM-DE-AUTORIA="37" NRO-ID-CNPQ=""/><AUTORES NOME-COMPLETO-DO-AUTOR="van der Veen, Adriaan" NOME-PARA-CITACAO="van der Veen, Adriaan" ORDEM-DE-AUTORIA="38" NRO-ID-CNPQ=""/><AUTORES NOME-COMPLETO-DO-AUTOR="van Otterloo, Peter" NOME-PARA-CITACAO="van Otterloo, Peter" ORDEM-DE-AUTORIA="39" NRO-ID-CNPQ=""/><AUTORES NOME-COMPLETO-DO-AUTOR="Wessel, Rob M" NOME-PARA-CITACAO="Wessel, Rob M" ORDEM-DE-AUTORIA="40" NRO-ID-CNPQ=""/><INFORMACOES-ADICIONAIS DESCRICAO-INFORMACOES-ADICIONAIS="" DESCRICAO-INFORMACOES-ADICIONAIS-INGLES=""/></ARTIGO-PUBLICADO><ARTIGO-PUBLICADO SEQUENCIA-PRODUCAO="37" ORDEM-IMPORTANCIA=""><DADOS-BASICOS-DO-ARTIGO NATUREZA="COMPLETO" TITULO-DO-ARTIGO="International comparison CCQM-K51: Carbon monoxide (CO) in nitrogen (5  mol mol &amp;lt;sup&amp;gt; 1&amp;lt;/sup&amp;gt; )" ANO-DO-ARTIGO="2010" PAIS-DE-PUBLICACAO="" IDIOMA="Inglês" MEIO-DE-DIVULGACAO="VARIOS" HOME-PAGE-DO-TRABALHO="[doi:10.1088/0026-1394/47/1a/08008]" FLAG-RELEVANCIA="SIM" DOI="10.1088/0026-1394/47/1a/08008" TITULO-DO-ARTIGO-INGLES="" FLAG-DIVULGACAO-CIENTIFICA="NAO"/><DETALHAMENTO-DO-ARTIGO TITULO-DO-PERIODICO-OU-REVISTA="Metrologia (Online)" ISSN="16817575" VOLUME="47" FASCICULO="" SERIE="1A" PAGINA-INICIAL="08008" PAGINA-FINAL="08008" LOCAL-DE-PUBLICACAO=""/><AUTORES NOME-COMPLETO-DO-AUTOR="Botha, Angelique" NOME-PARA-CITACAO="Botha, Angelique" ORDEM-DE-AUTORIA="1" NRO-ID-CNPQ=""/><AUTORES NOME-COMPLETO-DO-AUTOR="Rensburg, Mellisa Janse van" NOME-PARA-CITACAO="Rensburg, Mellisa Janse van" ORDEM-DE-AUTORIA="2" NRO-ID-CNPQ=""/><AUTORES NOME-COMPLETO-DO-AUTOR="Tshilongo, James" NOME-PARA-CITACAO="Tshilongo, James" ORDEM-DE-AUTORIA="3" NRO-ID-CNPQ=""/><AUTORES NOME-COMPLETO-DO-AUTOR="Leshabane, Nompumelelo" NOME-PARA-CITACAO="Leshabane, Nompumelelo" ORDEM-DE-AUTORIA="4" NRO-ID-CNPQ=""/><AUTORES NOME-COMPLETO-DO-AUTOR="Ntsasa, Napo" NOME-PARA-CITACAO="Ntsasa, Napo" ORDEM-DE-AUTORIA="5" NRO-ID-CNPQ=""/><AUTORES NOME-COMPLETO-DO-AUTOR="Kato, Kenji" NOME-PARA-CITACAO="Kato, Kenji" ORDEM-DE-AUTORIA="6" NRO-ID-CNPQ=""/><AUTORES NOME-COMPLETO-DO-AUTOR="Matsumoto, Nobuhiro" NOME-PARA-CITACAO="Matsumoto, Nobuhiro" ORDEM-DE-AUTORIA="7" NRO-ID-CNPQ=""/><AUTORES NOME-COMPLETO-DO-AUTOR="Stummer, Volker" NOME-PARA-CITACAO="Stummer, Volker" ORDEM-DE-AUTORIA="8" NRO-ID-CNPQ=""/><AUTORES NOME-COMPLETO-DO-AUTOR="Konopelko, L A" NOME-PARA-CITACAO="Konopelko, L A" ORDEM-DE-AUTORIA="9" NRO-ID-CNPQ=""/><AUTORES NOME-COMPLETO-DO-AUTOR="Kustikov, Y A" NOME-PARA-CITACAO="Kustikov, Y A" ORDEM-DE-AUTORIA="10" NRO-ID-CNPQ=""/><AUTORES NOME-COMPLETO-DO-AUTOR="Pankratov, V V" NOME-PARA-CITACAO="Pankratov, V V" ORDEM-DE-AUTORIA="11" NRO-ID-CNPQ=""/><AUTORES NOME-COMPLETO-DO-AUTOR="Vasserman, I I" NOME-PARA-CITACAO="Vasserman, I I" ORDEM-DE-AUTORIA="12" NRO-ID-CNPQ=""/><AUTORES NOME-COMPLETO-DO-AUTOR="Zavyalov, C V" NOME-PARA-CITACAO="Zavyalov, C V" ORDEM-DE-AUTORIA="13" NRO-ID-CNPQ=""/><AUTORES NOME-COMPLETO-DO-AUTOR="Gromova, E V" NOME-PARA-CITACAO="Gromova, E V" ORDEM-DE-AUTORIA="14" NRO-ID-CNPQ=""/><AUTORES NOME-COMPLETO-DO-AUTOR="Uprichard, Ian" NOME-PARA-CITACAO="Uprichard, Ian" ORDEM-DE-AUTORIA="15" NRO-ID-CNPQ=""/><AUTORES NOME-COMPLETO-DO-AUTOR="Vargha, Gergely" NOME-PARA-CITACAO="Vargha, Gergely" ORDEM-DE-AUTORIA="16" NRO-ID-CNPQ=""/><AUTORES NOME-COMPLETO-DO-AUTOR="Maruyama, M" NOME-PARA-CITACAO="Maruyama, M" ORDEM-DE-AUTORIA="17" NRO-ID-CNPQ=""/><AUTORES NOME-COMPLETO-DO-AUTOR="Heine, Hans-Joachim" NOME-PARA-CITACAO="Heine, Hans-Joachim" ORDEM-DE-AUTORIA="18" NRO-ID-CNPQ=""/><AUTORES NOME-COMPLETO-DO-AUTOR="Murillo, Francisco Rangel" NOME-PARA-CITACAO="Murillo, Francisco Rangel" ORDEM-DE-AUTORIA="19" NRO-ID-CNPQ=""/><AUTORES NOME-COMPLETO-DO-AUTOR="Caballero, Victor M Serrano" NOME-PARA-CITACAO="Caballero, Victor M Serrano" ORDEM-DE-AUTORIA="20" NRO-ID-CNPQ=""/><AUTORES NOME-COMPLETO-DO-AUTOR="Castorena, Alejandro Pérez" NOME-PARA-CITACAO="Castorena, Alejandro Pérez" ORDEM-DE-AUTORIA="21" NRO-ID-CNPQ=""/><AUTORES NOME-COMPLETO-DO-AUTOR="Mace, Tatiana" NOME-PARA-CITACAO="Mace, Tatiana" ORDEM-DE-AUTORIA="22" NRO-ID-CNPQ=""/><AUTORES NOME-COMPLETO-DO-AUTOR="Guenther, Franklin" NOME-PARA-CITACAO="Guenther, Franklin" ORDEM-DE-AUTORIA="23" NRO-ID-CNPQ=""/><AUTORES NOME-COMPLETO-DO-AUTOR="Miller, Walter" NOME-PARA-CITACAO="Miller, Walter" ORDEM-DE-AUTORIA="24" NRO-ID-CNPQ=""/><AUTORES NOME-COMPLETO-DO-AUTOR="Rojo, Andrés" NOME-PARA-CITACAO="Rojo, Andrés" ORDEM-DE-AUTORIA="25" NRO-ID-CNPQ=""/><AUTORES NOME-COMPLETO-DO-AUTOR="Fernández, Teresa" NOME-PARA-CITACAO="Fernández, Teresa" ORDEM-DE-AUTORIA="26" NRO-ID-CNPQ=""/><AUTORES NOME-COMPLETO-DO-AUTOR="Cieciora, Dariusz" NOME-PARA-CITACAO="Cieciora, Dariusz" ORDEM-DE-AUTORIA="27" NRO-ID-CNPQ=""/><AUTORES NOME-COMPLETO-DO-AUTOR="Cunha, Valnei S" NOME-PARA-CITACAO="Cunha, Valnei S" ORDEM-DE-AUTORIA="28" NRO-ID-CNPQ=""/><AUTORES NOME-COMPLETO-DO-AUTOR="Ribeiro, Claudia C" NOME-PARA-CITACAO="Ribeiro, Claudia C" ORDEM-DE-AUTORIA="29" NRO-ID-CNPQ=""/><AUTORES NOME-COMPLETO-DO-AUTOR="Cristiane Rodrigues Augusto" NOME-PARA-CITACAO="Augusto, Cristiane R" ORDEM-DE-AUTORIA="30" NRO-ID-CNPQ=""/><AUTORES NOME-COMPLETO-DO-AUTOR="Qiao, Han" NOME-PARA-CITACAO="Qiao, Han" ORDEM-DE-AUTORIA="31" NRO-ID-CNPQ=""/><AUTORES NOME-COMPLETO-DO-AUTOR="Zhou, Zeyi" NOME-PARA-CITACAO="Zhou, Zeyi" ORDEM-DE-AUTORIA="32" NRO-ID-CNPQ=""/><AUTORES NOME-COMPLETO-DO-AUTOR="Smeulders, Damian" NOME-PARA-CITACAO="Smeulders, Damian" ORDEM-DE-AUTORIA="33" NRO-ID-CNPQ=""/><AUTORES NOME-COMPLETO-DO-AUTOR="Gerboles, Michel" NOME-PARA-CITACAO="Gerboles, Michel" ORDEM-DE-AUTORIA="34" NRO-ID-CNPQ=""/><AUTORES NOME-COMPLETO-DO-AUTOR="Kapus, Matej" NOME-PARA-CITACAO="Kapus, Matej" ORDEM-DE-AUTORIA="35" NRO-ID-CNPQ=""/><AUTORES NOME-COMPLETO-DO-AUTOR="Wessel, Rob M" NOME-PARA-CITACAO="Wessel, Rob M" ORDEM-DE-AUTORIA="36" NRO-ID-CNPQ=""/><AUTORES NOME-COMPLETO-DO-AUTOR="Dias, Florbela" NOME-PARA-CITACAO="Dias, Florbela" ORDEM-DE-AUTORIA="37" NRO-ID-CNPQ=""/><AUTORES NOME-COMPLETO-DO-AUTOR="Baptista, Gonçalo" NOME-PARA-CITACAO="Baptista, Gonçalo" ORDEM-DE-AUTORIA="38" NRO-ID-CNPQ=""/><AUTORES NOME-COMPLETO-DO-AUTOR="Gupta, Prabhat K" NOME-PARA-CITACAO="Gupta, Prabhat K" ORDEM-DE-AUTORIA="39" NRO-ID-CNPQ=""/><AUTORES NOME-COMPLETO-DO-AUTOR="Johri, P" NOME-PARA-CITACAO="Johri, P" ORDEM-DE-AUTORIA="40" NRO-ID-CNPQ=""/><AUTORES NOME-COMPLETO-DO-AUTOR="LAONGSRI, BUNTHOON" NOME-PARA-CITACAO="LAONGSRI, BUNTHOON" ORDEM-DE-AUTORIA="41" NRO-ID-CNPQ=""/><AUTORES NOME-COMPLETO-DO-AUTOR="SINWEERUTHAI, RATIRAT" NOME-PARA-CITACAO="SINWEERUTHAI, RATIRAT" ORDEM-DE-AUTORIA="42" NRO-ID-CNPQ=""/><AUTORES NOME-COMPLETO-DO-AUTOR="NIEDERHAUSER, BERNHARD" NOME-PARA-CITACAO="NIEDERHAUSER, BERNHARD" ORDEM-DE-AUTORIA="43" NRO-ID-CNPQ=""/><AUTORES NOME-COMPLETO-DO-AUTOR="ACKERMANN, ANDREAS" NOME-PARA-CITACAO="ACKERMANN, ANDREAS" ORDEM-DE-AUTORIA="44" NRO-ID-CNPQ=""/><AUTORES NOME-COMPLETO-DO-AUTOR="FROEHLICH, MARINA" NOME-PARA-CITACAO="FROEHLICH, MARINA" ORDEM-DE-AUTORIA="45" NRO-ID-CNPQ=""/><AUTORES NOME-COMPLETO-DO-AUTOR="WOLF, ANDREAS" NOME-PARA-CITACAO="WOLF, ANDREAS" ORDEM-DE-AUTORIA="46" NRO-ID-CNPQ=""/><AUTORES NOME-COMPLETO-DO-AUTOR="LEE, JEONGSOON" NOME-PARA-CITACAO="LEE, JEONGSOON" ORDEM-DE-AUTORIA="47" NRO-ID-CNPQ=""/><AUTORES NOME-COMPLETO-DO-AUTOR="MUSIL, STANISLAV" NOME-PARA-CITACAO="MUSIL, STANISLAV" ORDEM-DE-AUTORIA="48" NRO-ID-CNPQ=""/><AUTORES NOME-COMPLETO-DO-AUTOR="Valkova, Miroslava" NOME-PARA-CITACAO="Valkova, Miroslava" ORDEM-DE-AUTORIA="49" NRO-ID-CNPQ=""/><AUTORES NOME-COMPLETO-DO-AUTOR="WALDEN, JARI" NOME-PARA-CITACAO="WALDEN, JARI" ORDEM-DE-AUTORIA="50" NRO-ID-CNPQ=""/><AUTORES NOME-COMPLETO-DO-AUTOR="LAURILA, SISKO" NOME-PARA-CITACAO="LAURILA, SISKO" ORDEM-DE-AUTORIA="51" NRO-ID-CNPQ=""/><INFORMACOES-ADICIONAIS DESCRICAO-INFORMACOES-ADICIONAIS="" DESCRICAO-INFORMACOES-ADICIONAIS-INGLES=""/></ARTIGO-PUBLICADO><ARTIGO-PUBLICADO SEQUENCIA-PRODUCAO="17" ORDEM-IMPORTANCIA=""><DADOS-BASICOS-DO-ARTIGO NATUREZA="COMPLETO" TITULO-DO-ARTIGO="Comparações Internacionais para Medição de Gás Natural." ANO-DO-ARTIGO="2008" PAIS-DE-PUBLICACAO="" IDIOMA="Português" MEIO-DE-DIVULGACAO="IMPRESSO" HOME-PAGE-DO-TRABALHO="" FLAG-RELEVANCIA="NAO" DOI="" TITULO-DO-ARTIGO-INGLES="" FLAG-DIVULGACAO-CIENTIFICA="NAO"/><DETALHAMENTO-DO-ARTIGO TITULO-DO-PERIODICO-OU-REVISTA="Metrologia &amp;amp; Instrumentação" ISSN="15191575" VOLUME="v.06" FASCICULO="" SERIE="2008" PAGINA-INICIAL="p. 31" PAGINA-FINAL="40" LOCAL-DE-PUBLICACAO=""/><AUTORES NOME-COMPLETO-DO-AUTOR="Cristiane Rodrigues Augusto" NOME-PARA-CITACAO="AUGUSTO, C. R.;Augusto, Cristiane Rodrigues;Augusto, Cristiane R;AUGUSTO, C R;RODRIGUES AUGUSTO, CRISTIANE" ORDEM-DE-AUTORIA="1"/><AUTORES NOME-COMPLETO-DO-AUTOR="Claudia Cipriano Ribeiro" NOME-PARA-CITACAO="RIBEIRO, C. C." ORDEM-DE-AUTORIA="2" NRO-ID-CNPQ="6653073537545212"/><AUTORES NOME-COMPLETO-DO-AUTOR="Valnei smarçaro da cunha" NOME-PARA-CITACAO="CUNHA, V. S." ORDEM-DE-AUTORIA="3" NRO-ID-CNPQ=""/><PALAVRAS-CHAVE PALAVRA-CHAVE-1="gas natural" PALAVRA-CHAVE-2="" PALAVRA-CHAVE-3="" PALAVRA-CHAVE-4="" PALAVRA-CHAVE-5="" PALAVRA-CHAVE-6=""/><AREAS-DO-CONHECIMENTO><AREA-DO-CONHECIMENTO-1 NOME-GRANDE-AREA-DO-CONHECIMENTO="CIENCIAS_EXATAS_E_DA_TERRA" NOME-DA-AREA-DO-CONHECIMENTO="Química" NOME-DA-SUB-AREA-DO-CONHECIMENTO="Química Analítica" NOME-DA-ESPECIALIDADE="Instrumentação Analítica"/></AREAS-DO-CONHECIMENTO><INFORMACOES-ADICIONAIS DESCRICAO-INFORMACOES-ADICIONAIS="" DESCRICAO-INFORMACOES-ADICIONAIS-INGLES=""/></ARTIGO-PUBLICADO><ARTIGO-PUBLICADO SEQUENCIA-PRODUCAO="20" ORDEM-IMPORTANCIA=""><DADOS-BASICOS-DO-ARTIGO NATUREZA="COMPLETO" TITULO-DO-ARTIGO="Influência da seleção dos padrões de referência na sua determinação" ANO-DO-ARTIGO="2008" PAIS-DE-PUBLICACAO="" IDIOMA="Português" MEIO-DE-DIVULGACAO="IMPRESSO" HOME-PAGE-DO-TRABALHO="" FLAG-RELEVANCIA="NAO" DOI="" TITULO-DO-ARTIGO-INGLES="" FLAG-DIVULGACAO-CIENTIFICA="NAO"/><DETALHAMENTO-DO-ARTIGO TITULO-DO-PERIODICO-OU-REVISTA="Metrologia &amp;amp; Instrumentação" ISSN="15191575" VOLUME="v.7" FASCICULO="" SERIE="2008" PAGINA-INICIAL="p.6" PAGINA-FINAL="p.8" LOCAL-DE-PUBLICACAO=""/><AUTORES NOME-COMPLETO-DO-AUTOR="Cristiane Rodrigues Augusto" NOME-PARA-CITACAO="AUGUSTO, C. R.;Augusto, Cristiane Rodrigues;Augusto, Cristiane R;AUGUSTO, C R;RODRIGUES AUGUSTO, CRISTIANE" ORDEM-DE-AUTORIA="1"/><AUTORES NOME-COMPLETO-DO-AUTOR="Claudia Cipriano Ribeiro" NOME-PARA-CITACAO="RIBEIRO, C. C." ORDEM-DE-AUTORIA="2" NRO-ID-CNPQ="6653073537545212"/><AUTORES NOME-COMPLETO-DO-AUTOR="Valnei smarçaro da cunha" NOME-PARA-CITACAO="CUNHA, V. S." ORDEM-DE-AUTORIA="3" NRO-ID-CNPQ=""/><PALAVRAS-CHAVE PALAVRA-CHAVE-1="instrumentação analitica" PALAVRA-CHAVE-2="" PALAVRA-CHAVE-3="" PALAVRA-CHAVE-4="" PALAVRA-CHAVE-5="" PALAVRA-CHAVE-6=""/><AREAS-DO-CONHECIMENTO><AREA-DO-CONHECIMENTO-1 NOME-GRANDE-AREA-DO-CONHECIMENTO="CIENCIAS_EXATAS_E_DA_TERRA" NOME-DA-AREA-DO-CONHECIMENTO="Química" NOME-DA-SUB-AREA-DO-CONHECIMENTO="Química Analítica" NOME-DA-ESPECIALIDADE="Instrumentação Analítica"/></AREAS-DO-CONHECIMENTO><INFORMACOES-ADICIONAIS DESCRICAO-INFORMACOES-ADICIONAIS="" DESCRICAO-INFORMACOES-ADICIONAIS-INGLES=""/></ARTIGO-PUBLICADO><ARTIGO-PUBLICADO SEQUENCIA-PRODUCAO="21" ORDEM-IMPORTANCIA=""><DADOS-BASICOS-DO-ARTIGO NATUREZA="COMPLETO" TITULO-DO-ARTIGO="Uma metodologia para a determinação de CO, CO2 e C3H8" ANO-DO-ARTIGO="2008" PAIS-DE-PUBLICACAO="" IDIOMA="Português" MEIO-DE-DIVULGACAO="IMPRESSO" HOME-PAGE-DO-TRABALHO="" FLAG-RELEVANCIA="NAO" DOI="" TITULO-DO-ARTIGO-INGLES="" FLAG-DIVULGACAO-CIENTIFICA="NAO"/><DETALHAMENTO-DO-ARTIGO TITULO-DO-PERIODICO-OU-REVISTA="Metrologia &amp;amp; Instrumentação" ISSN="15191575" VOLUME="v.7" FASCICULO="" SERIE="2008" PAGINA-INICIAL="p.28" PAGINA-FINAL="p.29" LOCAL-DE-PUBLICACAO=""/><AUTORES NOME-COMPLETO-DO-AUTOR="Claudia Cipriano Ribeiro" NOME-PARA-CITACAO="RIBEIRO, C. C." ORDEM-DE-AUTORIA="1" NRO-ID-CNPQ="6653073537545212"/><AUTORES NOME-COMPLETO-DO-AUTOR="Valnei smarçaro da cunha" NOME-PARA-CITACAO="CUNHA, V. S." ORDEM-DE-AUTORIA="3" NRO-ID-CNPQ=""/><AUTORES NOME-COMPLETO-DO-AUTOR="Cristiane Rodrigues Augusto" NOME-PARA-CITACAO="AUGUSTO, C. R.;Augusto, Cristiane Rodrigues;Augusto, Cristiane R;AUGUSTO, C R;RODRIGUES AUGUSTO, CRISTIANE" ORDEM-DE-AUTORIA="2"/><PALAVRAS-CHAVE PALAVRA-CHAVE-1="instrumentação analitica" PALAVRA-CHAVE-2="" PALAVRA-CHAVE-3="" PALAVRA-CHAVE-4="" PALAVRA-CHAVE-5="" PALAVRA-CHAVE-6=""/><AREAS-DO-CONHECIMENTO><AREA-DO-CONHECIMENTO-1 NOME-GRANDE-AREA-DO-CONHECIMENTO="CIENCIAS_EXATAS_E_DA_TERRA" NOME-DA-AREA-DO-CONHECIMENTO="Química" NOME-DA-SUB-AREA-DO-CONHECIMENTO="Química Analítica" NOME-DA-ESPECIALIDADE="Instrumentação Analítica"/></AREAS-DO-CONHECIMENTO><INFORMACOES-ADICIONAIS DESCRICAO-INFORMACOES-ADICIONAIS="" DESCRICAO-INFORMACOES-ADICIONAIS-INGLES=""/></ARTIGO-PUBLICADO><ARTIGO-PUBLICADO SEQUENCIA-PRODUCAO="18" ORDEM-IMPORTANCIA=""><DADOS-BASICOS-DO-ARTIGO NATUREZA="COMPLETO" TITULO-DO-ARTIGO="Análise metrológica de dióxido de carbono em ar sintético para a medição confiável de gases do efeito estufa." ANO-DO-ARTIGO="2007" PAIS-DE-PUBLICACAO="" IDIOMA="Português" MEIO-DE-DIVULGACAO="IMPRESSO" HOME-PAGE-DO-TRABALHO="" FLAG-RELEVANCIA="NAO" DOI="" TITULO-DO-ARTIGO-INGLES="" FLAG-DIVULGACAO-CIENTIFICA="NAO"/><DETALHAMENTO-DO-ARTIGO TITULO-DO-PERIODICO-OU-REVISTA="Petro &amp;amp; Química" ISSN="01015397" VOLUME="v.298" FASCICULO="" SERIE="2007" PAGINA-INICIAL="p.50" PAGINA-FINAL="p.53" LOCAL-DE-PUBLICACAO=""/><AUTORES NOME-COMPLETO-DO-AUTOR="Cristiane Rodrigues Augusto" NOME-PARA-CITACAO="AUGUSTO, C. R.;Augusto, Cristiane Rodrigues;Augusto, Cristiane R;AUGUSTO, C R;RODRIGUES AUGUSTO, CRISTIANE" ORDEM-DE-AUTORIA="1"/><AUTORES NOME-COMPLETO-DO-AUTOR="Claudia Cipriano Ribeiro" NOME-PARA-CITACAO="RIBEIRO, C. C." ORDEM-DE-AUTORIA="2" NRO-ID-CNPQ="6653073537545212"/><AUTORES NOME-COMPLETO-DO-AUTOR="Valnei smarçaro da cunha" NOME-PARA-CITACAO="CUNHA, V. S." ORDEM-DE-AUTORIA="3" NRO-ID-CNPQ=""/><INFORMACOES-ADICIONAIS DESCRICAO-INFORMACOES-ADICIONAIS="" DESCRICAO-INFORMACOES-ADICIONAIS-INGLES=""/></ARTIGO-PUBLICADO><ARTIGO-PUBLICADO SEQUENCIA-PRODUCAO="1" ORDEM-IMPORTANCIA=""><DADOS-BASICOS-DO-ARTIGO NATUREZA="COMPLETO" TITULO-DO-ARTIGO="The growth of bacteria cells in naphthalene and ethanol-bearing systems in the presence of cadmium" ANO-DO-ARTIGO="2003" PAIS-DE-PUBLICACAO="" IDIOMA="Inglês" MEIO-DE-DIVULGACAO="IMPRESSO" HOME-PAGE-DO-TRABALHO="" FLAG-RELEVANCIA="NAO" DOI="jounal de physique iv france, vol 107, 2003" TITULO-DO-ARTIGO-INGLES="" FLAG-DIVULGACAO-CIENTIFICA="NAO"/><DETALHAMENTO-DO-ARTIGO TITULO-DO-PERIODICO-OU-REVISTA="Journal de Physique. IV (Cessou em 2006. Cont. ISSN 1951-6355 The European Physical Journal. Special Topics)" ISSN="11554339" VOLUME="107" FASCICULO="" SERIE="" PAGINA-INICIAL="467" PAGINA-FINAL="" LOCAL-DE-PUBLICACAO=""/><AUTORES NOME-COMPLETO-DO-AUTOR="Cristiane Rodrigues Augusto" NOME-PARA-CITACAO="AUGUSTO, C. R.;Augusto, Cristiane Rodrigues;Augusto, Cristiane R;AUGUSTO, C R;RODRIGUES AUGUSTO, CRISTIANE" ORDEM-DE-AUTORIA="1"/><AUTORES NOME-COMPLETO-DO-AUTOR="Joyce Benzaquem" NOME-PARA-CITACAO="BENZAQUEM, J." ORDEM-DE-AUTORIA="2" NRO-ID-CNPQ=""/><AUTORES NOME-COMPLETO-DO-AUTOR="Eliane Barbosa" NOME-PARA-CITACAO="Barbosa, E." ORDEM-DE-AUTORIA="3" NRO-ID-CNPQ=""/><AUTORES NOME-COMPLETO-DO-AUTOR="Selma Leite" NOME-PARA-CITACAO="LEITE, S." ORDEM-DE-AUTORIA="4" NRO-ID-CNPQ="2878770983264825"/><PALAVRAS-CHAVE PALAVRA-CHAVE-1="naphthalene" PALAVRA-CHAVE-2="bacteria cells" PALAVRA-CHAVE-3="ethanol-bearing systems" PALAVRA-CHAVE-4="" PALAVRA-CHAVE-5="" PALAVRA-CHAVE-6=""/><AREAS-DO-CONHECIMENTO><AREA-DO-CONHECIMENTO-1 NOME-GRANDE-AREA-DO-CONHECIMENTO="CIENCIAS_EXATAS_E_DA_TERRA" NOME-DA-AREA-DO-CONHECIMENTO="Química" NOME-DA-SUB-AREA-DO-CONHECIMENTO="Química Analítica" NOME-DA-ESPECIALIDADE="Instrumentação Analítica"/></AREAS-DO-CONHECIMENTO><INFORMACOES-ADICIONAIS DESCRICAO-INFORMACOES-ADICIONAIS="" DESCRICAO-INFORMACOES-ADICIONAIS-INGLES=""/></ARTIGO-PUBLICADO><ARTIGO-PUBLICADO SEQUENCIA-PRODUCAO="2" ORDEM-IMPORTANCIA=""><DADOS-BASICOS-DO-ARTIGO NATUREZA="COMPLETO" TITULO-DO-ARTIGO="An Introductory Course in Industrial Chemistry for Freshmen" ANO-DO-ARTIGO="2000" PAIS-DE-PUBLICACAO="" IDIOMA="Inglês" MEIO-DE-DIVULGACAO="IMPRESSO" HOME-PAGE-DO-TRABALHO="" FLAG-RELEVANCIA="NAO" DOI="" TITULO-DO-ARTIGO-INGLES="" FLAG-DIVULGACAO-CIENTIFICA="NAO"/><DETALHAMENTO-DO-ARTIGO TITULO-DO-PERIODICO-OU-REVISTA="Journal of Chemical Education" ISSN="00219584" VOLUME="77" FASCICULO="" SERIE="xx" PAGINA-INICIAL="120" PAGINA-FINAL="" LOCAL-DE-PUBLICACAO=""/><AUTORES NOME-COMPLETO-DO-AUTOR="Peter Seidl" NOME-PARA-CITACAO="Seidl, P. R." ORDEM-DE-AUTORIA="1" NRO-ID-CNPQ="3991220273958363"/><AUTORES NOME-COMPLETO-DO-AUTOR="Cristiane Rodrigues Augusto" NOME-PARA-CITACAO="AUGUSTO, C. R.;Augusto, Cristiane Rodrigues;Augusto, Cristiane R;AUGUSTO, C R;RODRIGUES AUGUSTO, CRISTIANE" ORDEM-DE-AUTORIA="2"/><PALAVRAS-CHAVE PALAVRA-CHAVE-1="education" PALAVRA-CHAVE-2="chemical" PALAVRA-CHAVE-3="" PALAVRA-CHAVE-4="" PALAVRA-CHAVE-5="" PALAVRA-CHAVE-6=""/><AREAS-DO-CONHECIMENTO><AREA-DO-CONHECIMENTO-1 NOME-GRANDE-AREA-DO-CONHECIMENTO="CIENCIAS_EXATAS_E_DA_TERRA" NOME-DA-AREA-DO-CONHECIMENTO="Química" NOME-DA-SUB-AREA-DO-CONHECIMENTO="Química Orgânica" NOME-DA-ESPECIALIDADE="Educação em química"/></AREAS-DO-CONHECIMENTO><INFORMACOES-ADICIONAIS DESCRICAO-INFORMACOES-ADICIONAIS="" DESCRICAO-INFORMACOES-ADICIONAIS-INGLES=""/></ARTIGO-PUBLICADO></ARTIGOS-PUBLICADOS><TEXTOS-EM-JORNAIS-OU-REVISTAS><TEXTO-EM-JORNAL-OU-REVISTA SEQUENCIA-PRODUCAO="3"><DADOS-BASICOS-DO-TEXTO NATUREZA="REVISTA_MAGAZINE" TITULO-DO-TEXTO="Química Industrial: uma nova disciplina introdutória" ANO-DO-TEXTO="2000" PAIS-DE-PUBLICACAO="Brasil" IDIOMA="Português" MEIO-DE-DIVULGACAO="VARIOS" HOME-PAGE-DO-TRABALHO="" FLAG-RELEVANCIA="NAO" DOI="" TITULO-DO-TEXTO-INGLES="" FLAG-DIVULGACAO-CIENTIFICA="NAO"/><DETALHAMENTO-DO-TEXTO TITULO-DO-JORNAL-OU-REVISTA="Revista de Química Industrial" ISSN="" FORMATO-DATA-DE-PUBLICACAO="DDMMAAAA" DATA-DE-PUBLICACAO="01082000" VOLUME="" PAGINA-INICIAL="" PAGINA-FINAL="" LOCAL-DE-PUBLICACAO=""><dataPublicacaoFormatoSimples/></DETALHAMENTO-DO-TEXTO><AUTORES NOME-COMPLETO-DO-AUTOR="Peter Seidl" NOME-PARA-CITACAO="Seidl, P. R." ORDEM-DE-AUTORIA="1" NRO-ID-CNPQ="3991220273958363"/><AUTORES NOME-COMPLETO-DO-AUTOR="Cristiane Rodrigues Augusto" NOME-PARA-CITACAO="AUGUSTO, C. R.;Augusto, Cristiane Rodrigues;Augusto, Cristiane R;AUGUSTO, C R;RODRIGUES AUGUSTO, CRISTIANE" ORDEM-DE-AUTORIA="2"/><INFORMACOES-ADICIONAIS DESCRICAO-INFORMACOES-ADICIONAIS="" DESCRICAO-INFORMACOES-ADICIONAIS-INGLES=""/></TEXTO-EM-JORNAL-OU-REVISTA><TEXTO-EM-JORNAL-OU-REVISTA SEQUENCIA-PRODUCAO="4"><DADOS-BASICOS-DO-TEXTO NATUREZA="REVISTA_MAGAZINE" TITULO-DO-TEXTO="Análise Metrológica de dióxido de carbono em ar sintético para a medição confiável de gases do efeito estufa" ANO-DO-TEXTO="2007" PAIS-DE-PUBLICACAO="Brasil" IDIOMA="Português" MEIO-DE-DIVULGACAO="VARIOS" HOME-PAGE-DO-TRABALHO="" FLAG-RELEVANCIA="NAO" DOI="" TITULO-DO-TEXTO-INGLES="" FLAG-DIVULGACAO-CIENTIFICA="NAO"/><DETALHAMENTO-DO-TEXTO TITULO-DO-JORNAL-OU-REVISTA="Revista Petro &amp;amp; Química" ISSN="" FORMATO-DATA-DE-PUBLICACAO="DDMMAAAA" DATA-DE-PUBLICACAO="01102007" VOLUME="" PAGINA-INICIAL="" PAGINA-FINAL="" LOCAL-DE-PUBLICACAO=""><dataPublicacaoFormatoSimples/></DETALHAMENTO-DO-TEXTO><AUTORES NOME-COMPLETO-DO-AUTOR="Claudia Cipriano Ribeiro" NOME-PARA-CITACAO="RIBEIRO, C. C." ORDEM-DE-AUTORIA="2" NRO-ID-CNPQ="6653073537545212"/><AUTORES NOME-COMPLETO-DO-AUTOR="Valnei smarçaro da cunha" NOME-PARA-CITACAO="CUNHA, V. S." ORDEM-DE-AUTORIA="3" NRO-ID-CNPQ=""/><AUTORES NOME-COMPLETO-DO-AUTOR="Cristiane Rodrigues Augusto" NOME-PARA-CITACAO="AUGUSTO, C. R.;Augusto, Cristiane Rodrigues;Augusto, Cristiane R;AUGUSTO, C R;RODRIGUES AUGUSTO, CRISTIANE" ORDEM-DE-AUTORIA="1"/><INFORMACOES-ADICIONAIS DESCRICAO-INFORMACOES-ADICIONAIS="" DESCRICAO-INFORMACOES-ADICIONAIS-INGLES=""/></TEXTO-EM-JORNAL-OU-REVISTA><TEXTO-EM-JORNAL-OU-REVISTA SEQUENCIA-PRODUCAO="34"><DADOS-BASICOS-DO-TEXTO NATUREZA="REVISTA_MAGAZINE" TITULO-DO-TEXTO="PRIMARY STANDARDS GAS MIXTURES DEVELOPED AT BRAZILIAN INSTITUTE OF METROLOGY" ANO-DO-TEXTO="2011" PAIS-DE-PUBLICACAO="Brasil" IDIOMA="Português" MEIO-DE-DIVULGACAO="VARIOS" HOME-PAGE-DO-TRABALHO="" FLAG-RELEVANCIA="NAO" DOI="" TITULO-DO-TEXTO-INGLES="" FLAG-DIVULGACAO-CIENTIFICA="NAO"/><DETALHAMENTO-DO-TEXTO TITULO-DO-JORNAL-OU-REVISTA="INFORMATIVE BULLETIN OF THE INTERAMERICAN METROLOGY SYSTEM - OAS" ISSN="" FORMATO-DATA-DE-PUBLICACAO="DDMMAAAA" DATA-DE-PUBLICACAO="01072011" VOLUME="" PAGINA-INICIAL="12" PAGINA-FINAL="16" LOCAL-DE-PUBLICACAO="America Latina"><dataPublicacaoFormatoSimples/></DETALHAMENTO-DO-TEXTO><AUTORES NOME-COMPLETO-DO-AUTOR="Cristiane Rodrigues Augusto" NOME-PARA-CITACAO="AUGUSTO, C. R." ORDEM-DE-AUTORIA="1" NRO-ID-CNPQ=""/><AUTORES NOME-COMPLETO-DO-AUTOR="Andreia de Lima Fioravante" NOME-PARA-CITACAO="FIORAVANTE, A. L." ORDEM-DE-AUTORIA="2" NRO-ID-CNPQ=""/><AUTORES NOME-COMPLETO-DO-AUTOR="Claudia Cipriano Ribeiro" NOME-PARA-CITACAO="RIBEIRO, C. C." ORDEM-DE-AUTORIA="3" NRO-ID-CNPQ="6653073537545212"/><AUTORES NOME-COMPLETO-DO-AUTOR="Elizandra Cananea de Sa Elias" NOME-PARA-CITACAO="Elias, E.C." ORDEM-DE-AUTORIA="4" NRO-ID-CNPQ="6245069813653172"/><AUTORES NOME-COMPLETO-DO-AUTOR="DENISE C. G. SOBRINHO" NOME-PARA-CITACAO="SOBRINHO, D. C. G." ORDEM-DE-AUTORIA="5" NRO-ID-CNPQ="2397126149797766"/><AUTORES NOME-COMPLETO-DO-AUTOR="Ronlado Garcia Reis" NOME-PARA-CITACAO="REIS, R. G." ORDEM-DE-AUTORIA="6" NRO-ID-CNPQ=""/><AUTORES NOME-COMPLETO-DO-AUTOR="Valnei smarçaro da cunha" NOME-PARA-CITACAO="CUNHA, V. S." ORDEM-DE-AUTORIA="7" NRO-ID-CNPQ=""/><INFORMACOES-ADICIONAIS DESCRICAO-INFORMACOES-ADICIONAIS="" DESCRICAO-INFORMACOES-ADICIONAIS-INGLES=""/></TEXTO-EM-JORNAL-OU-REVISTA></TEXTOS-EM-JORNAIS-OU-REVISTAS></PRODUCAO-BIBLIOGRAFICA><OUTRA-PRODUCAO><ORIENTACOES-CONCLUIDAS><ORIENTACOES-CONCLUIDAS-PARA-MESTRADO SEQUENCIA-PRODUCAO="42"><DADOS-BASICOS-DE-ORIENTACOES-CONCLUIDAS-PARA-MESTRADO NATUREZA="Dissertação de mestrado" TIPO="ACADEMICO" TITULO="THE DEVELOPMENT OF PRIMARY REFERENCE GAS MIXTURES PROVIDING METROLOGICAL TRACEABILITY FOR THE NATURAL GAS MARKET." ANO="2014" PAIS="Brasil" IDIOMA="Inglês" HOME-PAGE="" FLAG-RELEVANCIA="NAO" DOI="" TITULO-INGLES=""/><DETALHAMENTO-DE-ORIENTACOES-CONCLUIDAS-PARA-MESTRADO TIPO-DE-ORIENTACAO="ORIENTADOR_PRINCIPAL" NOME-DO-ORIENTADO="RUTGER JACOB OUDWATER" CODIGO-INSTITUICAO="870100000004" NOME-DA-INSTITUICAO="Instituto Nacional de Metrologia, Qualidade e Tecnologia" CODIGO-CURSO="90000007" NOME-DO-CURSO="Mestrado profissional em Metrologia e Qualidade" FLAG-BOLSA="NAO" CODIGO-AGENCIA-FINANCIADORA="" NOME-DA-AGENCIA="" NUMERO-DE-PAGINAS="" NUMERO-ID-ORIENTADO="8510541412977507" NOME-DO-CURSO-INGLES=""/><INFORMACOES-ADICIONAIS DESCRICAO-INFORMACOES-ADICIONAIS="" DESCRICAO-INFORMACOES-ADICIONAIS-INGLES=""/></ORIENTACOES-CONCLUIDAS-PARA-MESTRADO></ORIENTACOES-CONCLUIDAS></OUTRA-PRODUCAO><DADOS-COMPLEMENTARES><FORMACAO-COMPLEMENTAR><OUTROS SEQUENCIA-FORMACAO="7" NIVEL="Y" CARGA-HORARIA="8" CODIGO-INSTITUICAO="870100000004" NOME-INSTITUICAO="Instituto Nacional de Metrologia, Qualidade e Tecnologia" CODIGO-CURSO="90000004" NOME-CURSO="Utilização do Micro Cromatófo - Certif. de Mistura" STATUS-DO-CURSO="CONCLUIDO" ANO-DE-INICIO="2009" ANO-DE-CONCLUSAO="2009" NOME-CURSO-INGLES=""/><OUTROS SEQUENCIA-FORMACAO="8" NIVEL="Y" CARGA-HORARIA="32" CODIGO-INSTITUICAO="870100000004" NOME-INSTITUICAO="Instituto Nacional de Metrologia, Qualidade e Tecnologia" CODIGO-CURSO="90000005" NOME-CURSO="Analise de Traços de Gases com PDHID" STATUS-DO-CURSO="CONCLUIDO" ANO-DE-INICIO="2009" ANO-DE-CONCLUSAO="2009" NOME-CURSO-INGLES=""/><OUTROS SEQUENCIA-FORMACAO="9" NIVEL="Y" CARGA-HORARIA="16" CODIGO-INSTITUICAO="870100000004" NOME-INSTITUICAO="Instituto Nacional de Metrologia, Qualidade e Tecnologia" CODIGO-CURSO="90000006" NOME-CURSO="Preparação de Padrões Gasosos" STATUS-DO-CURSO="CONCLUIDO" ANO-DE-INICIO="2008" ANO-DE-CONCLUSAO="2008" NOME-CURSO-INGLES=""/><formacoesComplementaresPlana/></FORMACAO-COMPLEMENTAR><PARTICIPACAO-EM-EVENTOS-CONGRESSOS><PARTICIPACAO-EM-CONGRESSO SEQUENCIA-PRODUCAO="5"><PARTICIPANTE-DE-EVENTOS-CONGRESSOS NOME-COMPLETO-DO-PARTICIPANTE-DE-EVENTOS-CONGRESSOS="Cristiane Rodrigues Augusto" NOME-PARA-CITACAO-DO-PARTICIPANTE-DE-EVENTOS-CONGRESSOS="AUGUSTO, C. R.;Augusto, Cristiane Rodrigues;Augusto, Cristiane R;AUGUSTO, C R;RODRIGUES AUGUSTO, CRISTIANE" ORDEM-PARTICIPANTE="1"/><INFORMACOES-ADICIONAIS DESCRICAO-INFORMACOES-ADICIONAIS="" DESCRICAO-INFORMACOES-ADICIONAIS-INGLES=""/><DADOS-BASICOS-DA-PARTICIPACAO-EM-CONGRESSO NATUREZA="Congresso" TITULO="A Estrutura da Indústria de Gás Natural no Brasil" ANO="2004" PAIS="Brasil" IDIOMA="" MEIO-DE-DIVULGACAO="NAO_INFORMADO" HOME-PAGE-DO-TRABALHO="" FLAG-RELEVANCIA="NAO" TIPO-PARTICIPACAO="Poster / Painel" FORMA-PARTICIPACAO="Participante" DOI="" TITULO-INGLES="" FLAG-DIVULGACAO-CIENTIFICA="NAO"/><DETALHAMENTO-DA-PARTICIPACAO-EM-CONGRESSO NOME-DO-EVENTO="Rio Oil &amp;amp; Gas" NOME-INSTITUICAO="" LOCAL-DO-EVENTO="" CIDADE-DO-EVENTO="Rio de Janeiro" NOME-DO-EVENTO-INGLES=""/></PARTICIPACAO-EM-CONGRESSO><PARTICIPACAO-EM-CONGRESSO SEQUENCIA-PRODUCAO="11"><PARTICIPANTE-DE-EVENTOS-CONGRESSOS NOME-COMPLETO-DO-PARTICIPANTE-DE-EVENTOS-CONGRESSOS="Cristiane Rodrigues Augusto" NOME-PARA-CITACAO-DO-PARTICIPANTE-DE-EVENTOS-CONGRESSOS="AUGUSTO, C. R.;Augusto, Cristiane Rodrigues;Augusto, Cristiane R;AUGUSTO, C R;RODRIGUES AUGUSTO, CRISTIANE" ORDEM-PARTICIPANTE="1"/><INFORMACOES-ADICIONAIS DESCRICAO-INFORMACOES-ADICIONAIS="" DESCRICAO-INFORMACOES-ADICIONAIS-INGLES=""/><DADOS-BASICOS-DA-PARTICIPACAO-EM-CONGRESSO NATUREZA="Congresso" TITULO="Validação de metodologia para determinação de CO, CO2 e C3H8 proveniente de emissões veiculares por cromatografia gasosa." ANO="2007" PAIS="Brasil" IDIOMA="" MEIO-DE-DIVULGACAO="NAO_INFORMADO" HOME-PAGE-DO-TRABALHO="" FLAG-RELEVANCIA="NAO" TIPO-PARTICIPACAO="Poster / Painel" FORMA-PARTICIPACAO="Participante" DOI="" TITULO-INGLES="" FLAG-DIVULGACAO-CIENTIFICA="NAO"/><DETALHAMENTO-DA-PARTICIPACAO-EM-CONGRESSO NOME-DO-EVENTO="ENQA" NOME-INSTITUICAO="" LOCAL-DO-EVENTO="" CIDADE-DO-EVENTO="João Pessoa" NOME-DO-EVENTO-INGLES=""/></PARTICIPACAO-EM-CONGRESSO><PARTICIPACAO-EM-CONGRESSO SEQUENCIA-PRODUCAO="13"><PARTICIPANTE-DE-EVENTOS-CONGRESSOS NOME-COMPLETO-DO-PARTICIPANTE-DE-EVENTOS-CONGRESSOS="Cristiane Rodrigues Augusto" NOME-PARA-CITACAO-DO-PARTICIPANTE-DE-EVENTOS-CONGRESSOS="AUGUSTO, C. R.;Augusto, Cristiane Rodrigues;Augusto, Cristiane R;AUGUSTO, C R;RODRIGUES AUGUSTO, CRISTIANE" ORDEM-PARTICIPANTE="1"/><INFORMACOES-ADICIONAIS DESCRICAO-INFORMACOES-ADICIONAIS="" DESCRICAO-INFORMACOES-ADICIONAIS-INGLES=""/><DADOS-BASICOS-DA-PARTICIPACAO-EM-CONGRESSO NATUREZA="Congresso" TITULO="Determinação da função linear de calibração" ANO="2007" PAIS="Brasil" IDIOMA="" MEIO-DE-DIVULGACAO="NAO_INFORMADO" HOME-PAGE-DO-TRABALHO="" FLAG-RELEVANCIA="NAO" TIPO-PARTICIPACAO="Poster / Painel" FORMA-PARTICIPACAO="Participante" DOI="" TITULO-INGLES="" FLAG-DIVULGACAO-CIENTIFICA="NAO"/><DETALHAMENTO-DA-PARTICIPACAO-EM-CONGRESSO NOME-DO-EVENTO="Encontro Nacional de Química Analítica" NOME-INSTITUICAO="" LOCAL-DO-EVENTO="" CIDADE-DO-EVENTO="João Pessoa" NOME-DO-EVENTO-INGLES=""/></PARTICIPACAO-EM-CONGRESSO><PARTICIPACAO-EM-CONGRESSO SEQUENCIA-PRODUCAO="15"><PARTICIPANTE-DE-EVENTOS-CONGRESSOS NOME-COMPLETO-DO-PARTICIPANTE-DE-EVENTOS-CONGRESSOS="Cristiane Rodrigues Augusto" NOME-PARA-CITACAO-DO-PARTICIPANTE-DE-EVENTOS-CONGRESSOS="AUGUSTO, C. R.;Augusto, Cristiane Rodrigues;Augusto, Cristiane R;AUGUSTO, C R;RODRIGUES AUGUSTO, CRISTIANE" ORDEM-PARTICIPANTE="1"/><INFORMACOES-ADICIONAIS DESCRICAO-INFORMACOES-ADICIONAIS="" DESCRICAO-INFORMACOES-ADICIONAIS-INGLES=""/><DADOS-BASICOS-DA-PARTICIPACAO-EM-CONGRESSO NATUREZA="Congresso" TITULO="Participação no ensaio de proficiência para análise de metano em ar sintético." ANO="2007" PAIS="Brasil" IDIOMA="" MEIO-DE-DIVULGACAO="NAO_INFORMADO" HOME-PAGE-DO-TRABALHO="" FLAG-RELEVANCIA="NAO" TIPO-PARTICIPACAO="Poster / Painel" FORMA-PARTICIPACAO="Participante" DOI="" TITULO-INGLES="" FLAG-DIVULGACAO-CIENTIFICA="NAO"/><DETALHAMENTO-DA-PARTICIPACAO-EM-CONGRESSO NOME-DO-EVENTO="V Congresso Latinoamericano de metrologia" NOME-INSTITUICAO="" LOCAL-DO-EVENTO="" CIDADE-DO-EVENTO="Curitiba" NOME-DO-EVENTO-INGLES=""/></PARTICIPACAO-EM-CONGRESSO><PARTICIPACAO-EM-ENCONTRO SEQUENCIA-PRODUCAO="7"><PARTICIPANTE-DE-EVENTOS-CONGRESSOS NOME-COMPLETO-DO-PARTICIPANTE-DE-EVENTOS-CONGRESSOS="Cristiane Rodrigues Augusto" NOME-PARA-CITACAO-DO-PARTICIPANTE-DE-EVENTOS-CONGRESSOS="AUGUSTO, C. R.;Augusto, Cristiane Rodrigues;Augusto, Cristiane R;AUGUSTO, C R;RODRIGUES AUGUSTO, CRISTIANE" ORDEM-PARTICIPANTE="1"/><INFORMACOES-ADICIONAIS DESCRICAO-INFORMACOES-ADICIONAIS="" DESCRICAO-INFORMACOES-ADICIONAIS-INGLES=""/><DADOS-BASICOS-DA-PARTICIPACAO-EM-ENCONTRO NATUREZA="Encontro" TITULO="Análise de gases do efeito estufa: aplicação da ISO 5725:1994 partes 1 e 2 e da ISO 6143:2001  para Medição de Dióxido de Carbono. In: Congresso da Qualidade em Metrologia" ANO="2007" PAIS="Brasil" IDIOMA="" MEIO-DE-DIVULGACAO="NAO_INFORMADO" HOME-PAGE-DO-TRABALHO="" FLAG-RELEVANCIA="NAO" TIPO-PARTICIPACAO="Apresentação Oral" FORMA-PARTICIPACAO="Participante" DOI="" TITULO-INGLES="" FLAG-DIVULGACAO-CIENTIFICA="NAO"/><DETALHAMENTO-DA-PARTICIPACAO-EM-ENCONTRO NOME-DO-EVENTO="Enqualab" NOME-INSTITUICAO="" LOCAL-DO-EVENTO="" CIDADE-DO-EVENTO="São Paulo" NOME-DO-EVENTO-INGLES=""/></PARTICIPACAO-EM-ENCONTRO><PARTICIPACAO-EM-ENCONTRO SEQUENCIA-PRODUCAO="9"><PARTICIPANTE-DE-EVENTOS-CONGRESSOS NOME-COMPLETO-DO-PARTICIPANTE-DE-EVENTOS-CONGRESSOS="Cristiane Rodrigues Augusto" NOME-PARA-CITACAO-DO-PARTICIPANTE-DE-EVENTOS-CONGRESSOS="AUGUSTO, C. R.;Augusto, Cristiane Rodrigues;Augusto, Cristiane R;AUGUSTO, C R;RODRIGUES AUGUSTO, CRISTIANE" ORDEM-PARTICIPANTE="1"/><INFORMACOES-ADICIONAIS DESCRICAO-INFORMACOES-ADICIONAIS="" DESCRICAO-INFORMACOES-ADICIONAIS-INGLES=""/><DADOS-BASICOS-DA-PARTICIPACAO-EM-ENCONTRO NATUREZA="Encontro" TITULO="Metrologia para medição de Gás Natural" ANO="2007" PAIS="Brasil" IDIOMA="" MEIO-DE-DIVULGACAO="NAO_INFORMADO" HOME-PAGE-DO-TRABALHO="" FLAG-RELEVANCIA="NAO" TIPO-PARTICIPACAO="Apresentação Oral" FORMA-PARTICIPACAO="Participante" DOI="" TITULO-INGLES="" FLAG-DIVULGACAO-CIENTIFICA="NAO"/><DETALHAMENTO-DA-PARTICIPACAO-EM-ENCONTRO NOME-DO-EVENTO="Enqualab" NOME-INSTITUICAO="" LOCAL-DO-EVENTO="" CIDADE-DO-EVENTO="São Paulo" NOME-DO-EVENTO-INGLES=""/></PARTICIPACAO-EM-ENCONTRO></PARTICIPACAO-EM-EVENTOS-CONGRESSOS><INFORMACOES-ADICIONAIS-INSTITUICOES><INFORMACAO-ADICIONAL-INSTITUICAO CODIGO-INSTITUICAO="000100000991" SIGLA-INSTITUICAO="RJR" SIGLA-UF-INSTITUICAO="RJ" SIGLA-PAIS-INSTITUICAO="BRA" NOME-PAIS-INSTITUICAO="Brasil" FLAG-AGENCIA-FOMENTO="NAO" FLAG-INSTITUICAO-DE-ENSINO="NAO"/><INFORMACAO-ADICIONAL-INSTITUICAO CODIGO-INSTITUICAO="020200000009" SIGLA-INSTITUICAO="UFRJ" SIGLA-UF-INSTITUICAO="RJ" SIGLA-PAIS-INSTITUICAO="BRA" NOME-PAIS-INSTITUICAO="Brasil" FLAG-AGENCIA-FOMENTO="NAO" FLAG-INSTITUICAO-DE-ENSINO="SIM"/><INFORMACAO-ADICIONAL-INSTITUICAO CODIGO-INSTITUICAO="187100000004" SIGLA-INSTITUICAO="FAPERJ" SIGLA-UF-INSTITUICAO="RJ" SIGLA-PAIS-INSTITUICAO="BRA" NOME-PAIS-INSTITUICAO="Brasil" FLAG-AGENCIA-FOMENTO="SIM" FLAG-INSTITUICAO-DE-ENSINO="SIM"/><INFORMACAO-ADICIONAL-INSTITUICAO CODIGO-INSTITUICAO="201900000008" SIGLA-INSTITUICAO="UNISUAM" SIGLA-UF-INSTITUICAO="RJ" SIGLA-PAIS-INSTITUICAO="BRA" NOME-PAIS-INSTITUICAO="Brasil" FLAG-AGENCIA-FOMENTO="NAO" FLAG-INSTITUICAO-DE-ENSINO="SIM"/><INFORMACAO-ADICIONAL-INSTITUICAO CODIGO-INSTITUICAO="870100000004" SIGLA-INSTITUICAO="INMETRO" SIGLA-UF-INSTITUICAO="RJ" SIGLA-PAIS-INSTITUICAO="BRA" NOME-PAIS-INSTITUICAO="Brasil" FLAG-AGENCIA-FOMENTO="NAO" FLAG-INSTITUICAO-DE-ENSINO="SIM"/><INFORMACAO-ADICIONAL-INSTITUICAO CODIGO-INSTITUICAO="985600001870" SIGLA-INSTITUICAO="WHITE MARTINS" SIGLA-UF-INSTITUICAO="RJ" SIGLA-PAIS-INSTITUICAO="BRA" NOME-PAIS-INSTITUICAO="Brasil" FLAG-AGENCIA-FOMENTO="NAO" FLAG-INSTITUICAO-DE-ENSINO="NAO"/></INFORMACOES-ADICIONAIS-INSTITUICOES><INFORMACOES-ADICIONAIS-CURSOS><INFORMACAO-ADICIONAL-CURSO CODIGO-CURSO="31000371" CODIGO-ORGAO="" NOME-ORGAO="" CODIGO-INSTITUICAO="020200000009" NOME-INSTITUICAO="Universidade Federal do Rio de Janeiro" NOME-GRANDE-AREA-DO-CONHECIMENTO="ENGENHARIAS" NOME-DA-AREA-DO-CONHECIMENTO="Engenharia Química" NOME-DA-SUB-AREA-DO-CONHECIMENTO="" NOME-DA-ESPECIALIDADE="" NIVEL-CURSO="MESTRADO_DOUTORADO"/><INFORMACAO-ADICIONAL-CURSO CODIGO-CURSO="90000000" CODIGO-ORGAO="" NOME-ORGAO="" CODIGO-INSTITUICAO="020200000009" NOME-INSTITUICAO="Universidade Federal do Rio de Janeiro" NOME-GRANDE-AREA-DO-CONHECIMENTO="CIENCIAS_EXATAS_E_DA_TERRA" NOME-DA-AREA-DO-CONHECIMENTO="Química" NOME-DA-SUB-AREA-DO-CONHECIMENTO="" NOME-DA-ESPECIALIDADE="" NIVEL-CURSO="GRADUACAO"/><INFORMACAO-ADICIONAL-CURSO CODIGO-CURSO="90000001" CODIGO-ORGAO="" NOME-ORGAO="" CODIGO-INSTITUICAO="201900000008" NOME-INSTITUICAO="Centro Universitário Augusto Motta" NOME-GRANDE-AREA-DO-CONHECIMENTO="ENGENHARIAS" NOME-DA-AREA-DO-CONHECIMENTO="Engenharia de Produção" NOME-DA-SUB-AREA-DO-CONHECIMENTO="" NOME-DA-ESPECIALIDADE="" NIVEL-CURSO="GRADUACAO"/><INFORMACAO-ADICIONAL-CURSO CODIGO-CURSO="90000007" CODIGO-ORGAO="" NOME-ORGAO="" CODIGO-INSTITUICAO="870100000004" NOME-INSTITUICAO="Instituto Nacional de Metrologia, Qualidade e Tecnologia" NOME-GRANDE-AREA-DO-CONHECIMENTO="OUTROS" NOME-DA-AREA-DO-CONHECIMENTO="" NOME-DA-SUB-AREA-DO-CONHECIMENTO="" NOME-DA-ESPECIALIDADE="" NIVEL-CURSO="MESTRADO"/></INFORMACOES-ADICIONAIS-CURSOS></DADOS-COMPLEMENTARES><eventos/></CURRICULO-VITAE>