<CURRICULO-VITAE SISTEMA-ORIGEM-XML="LATTES_OFFLINE" NUMERO-IDENTIFICADOR="1243357067310376" FORMATO-DATA-ATUALIZACAO="DDMMAAAA" DATA-ATUALIZACAO="04042017" FORMATO-HORA-ATUALIZACAO="HHMMSS" HORA-ATUALIZACAO="093922"><DADOS-GERAIS NOME-COMPLETO="Claudio da Silva Sameiro" NOME-EM-CITACOES-BIBLIOGRAFICAS="SAMEIRO, C. S." NACIONALIDADE="B" PAIS-DE-NASCIMENTO="Brasil" FORMATO-DATA-DE-NASCIMENTO="DDMMAAAA" FORMATO-DATA-DE-EMISSAO="DDMMAAAA" PERMISSAO-DE-DIVULGACAO="NAO" DATA-FALECIMENTO="" SIGLA-PAIS-NACIONALIDADE="BRA" PAIS-DE-NACIONALIDADE="Brasil"><RESUMO-CV TEXTO-RESUMO-CV-RH="Mestre em Economia Empresarial pela Universidade Cândido Mendes - UCAM (2010). Participou do programa de empreendedorismo da Babson College, em Massachusetts, EUA (2013). Possui graduação em Ciências Contábeis (1994), possui Licenciatura em Matemática pela Universidade Castelo Branco - UCB (2001), Especialização em docência Superior pelo Isep/Fabes (1997), Especialização em Finanças e Gestão Corporativa pela Universidade Cândido Mendes - UCAM (2000). Foi sócio-fundador da Sameiro Contabilidade Ltda. Articulista de Contabilidade e Tributos no jornal Nosso Bairro Jacarepaguá. Atualmente exerce atividades como Professor Universitário, Contador e Perito Judicial. Registrado no Cadastro Nacional de Perícia Contábil (CNPC/CFC). Membro do Colegiado do Curso de Ciências Contábeis da Unisuam. Coordenou Projeto de Extensão Universitária de Práticas em Perícia Contábil na UNISUAM (2014-2015), Membro do NDE do Curso de Ciências Contábeis da Universidade Veiga de Almeida (UVA)." TEXTO-RESUMO-CV-RH-EN="Master in Business Economics from the Cândido Mendes University - UCAM (2010). He attended the Babson College entrepreneurship program in Massachusetts, USA (2013). Graduated in Accounting (1994), has Degree in Mathematics from the University Castelo Branco - UCB (2001), Specialization in Higher teaching by Isep/Fabes (1997), Specialization in Finance and Corporate Management from the Universidade Cândido Mendes - UCAM (2000) . He was the founding partner Sameiro Accounting Ltda. Currently does business as University Professor, Accountant and Legal Expert. Registered in the National Register of Forensic Accounting (CNPC / CFC). Member of the Board of Accounting Course of Unisuam. Coordinated University Extension Project Practices in Forensic Accounting in UNISUAM (2014-2015), NDE member of the course in Accounting Sciences at the University Veiga de Almeida (UVA)."/><ENDERECO FLAG-DE-PREFERENCIA="ENDERECO_RESIDENCIAL"><ENDERECO-PROFISSIONAL CODIGO-INSTITUICAO-EMPRESA="" NOME-INSTITUICAO-EMPRESA="" CODIGO-ORGAO="" NOME-ORGAO="" CODIGO-UNIDADE="" NOME-UNIDADE="" LOGRADOURO-COMPLEMENTO="" PAIS="" UF="" CEP="" CIDADE="" BAIRRO="" DDD="" TELEFONE="" RAMAL="" FAX="" E-MAIL="professor@claudiosameiro.com" HOME-PAGE=""/></ENDERECO><FORMACAO-ACADEMICA-TITULACAO><GRADUACAO SEQUENCIA-FORMACAO="4" NIVEL="1" TITULO-DO-TRABALHO-DE-CONCLUSAO-DE-CURSO="Sistema Informatizado de Contabilidade" NOME-DO-ORIENTADOR="" CODIGO-INSTITUICAO="560000000006" NOME-INSTITUICAO="Faculdades Integradas Simonsen" CODIGO-ORGAO="" NOME-ORGAO="" CODIGO-CURSO="90000003" NOME-CURSO="Ciências Contábeis" CODIGO-AREA-CURSO="90000003" STATUS-DO-CURSO="CONCLUIDO" ANO-DE-INICIO="1990" ANO-DE-CONCLUSAO="1994" FLAG-BOLSA="NAO" CODIGO-AGENCIA-FINANCIADORA="" NOME-AGENCIA="" NUMERO-ID-ORIENTADOR="" CODIGO-CURSO-CAPES="" TITULO-DO-TRABALHO-DE-CONCLUSAO-DE-CURSO-INGLES="" NOME-CURSO-INGLES="" FORMACAO-ACADEMICA-TITULACAO="" TIPO-GRADUACAO="" CODIGO-INSTITUICAO-GRAD="" NOME-INSTITUICAO-GRAD="" CODIGO-INSTITUICAO-OUTRA-GRAD="" NOME-INSTITUICAO-OUTRA-GRAD="" NOME-ORIENTADOR-GRAD=""/><GRADUACAO SEQUENCIA-FORMACAO="5" NIVEL="1" TITULO-DO-TRABALHO-DE-CONCLUSAO-DE-CURSO="" NOME-DO-ORIENTADOR="" CODIGO-INSTITUICAO="375700000004" NOME-INSTITUICAO="Universidade Castelo Branco" CODIGO-ORGAO="" NOME-ORGAO="" CODIGO-CURSO="90000004" NOME-CURSO="Licenciatura em Matemática" CODIGO-AREA-CURSO="90000004" STATUS-DO-CURSO="CONCLUIDO" ANO-DE-INICIO="2000" ANO-DE-CONCLUSAO="2001" FLAG-BOLSA="NAO" CODIGO-AGENCIA-FINANCIADORA="" NOME-AGENCIA="" NUMERO-ID-ORIENTADOR="" CODIGO-CURSO-CAPES="" TITULO-DO-TRABALHO-DE-CONCLUSAO-DE-CURSO-INGLES="" NOME-CURSO-INGLES="" FORMACAO-ACADEMICA-TITULACAO="" TIPO-GRADUACAO="" CODIGO-INSTITUICAO-GRAD="" NOME-INSTITUICAO-GRAD="" CODIGO-INSTITUICAO-OUTRA-GRAD="" NOME-INSTITUICAO-OUTRA-GRAD="" NOME-ORIENTADOR-GRAD=""/><ESPECIALIZACAO SEQUENCIA-FORMACAO="3" NIVEL="2" TITULO-DA-MONOGRAFIA="Historia da Contabilidade" NOME-DO-ORIENTADOR="" CODIGO-INSTITUICAO="000100000991" NOME-INSTITUICAO="Faculdade Bethencourt da silva" CODIGO-ORGAO="" NOME-ORGAO="" CODIGO-CURSO="90000002" NOME-CURSO="Docência Superior" STATUS-DO-CURSO="CONCLUIDO" ANO-DE-INICIO="1996" ANO-DE-CONCLUSAO="1997" FLAG-BOLSA="NAO" CODIGO-AGENCIA-FINANCIADORA="" NOME-AGENCIA="" CARGA-HORARIA="450" TITULO-DA-MONOGRAFIA-INGLES="" NOME-CURSO-INGLES=""/><ESPECIALIZACAO SEQUENCIA-FORMACAO="2" NIVEL="2" TITULO-DA-MONOGRAFIA="Contabilidade Ambiental" NOME-DO-ORIENTADOR="" CODIGO-INSTITUICAO="060100000006" NOME-INSTITUICAO="Universidade Candido Mendes" CODIGO-ORGAO="" NOME-ORGAO="" CODIGO-CURSO="90000000" NOME-CURSO="Finanças e Gestão Corporativa" STATUS-DO-CURSO="CONCLUIDO" ANO-DE-INICIO="2000" ANO-DE-CONCLUSAO="2000" FLAG-BOLSA="NAO" CODIGO-AGENCIA-FINANCIADORA="" NOME-AGENCIA="" CARGA-HORARIA="380" TITULO-DA-MONOGRAFIA-INGLES="" NOME-CURSO-INGLES=""/><ESPECIALIZACAO SEQUENCIA-FORMACAO="16" NIVEL="2" TITULO-DA-MONOGRAFIA="" NOME-DO-ORIENTADOR="" CODIGO-INSTITUICAO="201900000008" NOME-INSTITUICAO="Centro Universitário Augusto Motta" CODIGO-ORGAO="" NOME-ORGAO="" CODIGO-CURSO="90000021" NOME-CURSO="Docência Online - Tutoria EAD" STATUS-DO-CURSO="EM_ANDAMENTO" ANO-DE-INICIO="2015" ANO-DE-CONCLUSAO="" FLAG-BOLSA="NAO" CODIGO-AGENCIA-FINANCIADORA="" NOME-AGENCIA="" CARGA-HORARIA="360" TITULO-DA-MONOGRAFIA-INGLES="" NOME-CURSO-INGLES=""/><MESTRADO-PROFISSIONALIZANTE SEQUENCIA-FORMACAO="1" NIVEL="9" CODIGO-INSTITUICAO="060100000006" NOME-INSTITUICAO="Universidade Candido Mendes" CODIGO-ORGAO="" NOME-ORGAO="" CODIGO-CURSO="90000001" NOME-CURSO="Economia Empresarial" CODIGO-AREA-CURSO="90000001" STATUS-DO-CURSO="CONCLUIDO" ANO-DE-INICIO="2004" ANO-DE-CONCLUSAO="2010" FLAG-BOLSA="NAO" CODIGO-AGENCIA-FINANCIADORA="" NOME-AGENCIA="" ANO-DE-OBTENCAO-DO-TITULO="2010" TITULO-DA-DISSERTACAO-TESE="RESPONSABILIDADE SOCIAL EMPRESARIAL: Uma análise comparativa do desempenho financeiro das empresas listadas no Índice de Sustentabilidade Empresarial com as demais empresas negociadas na Bovespa entre 2005 e 2009" NOME-COMPLETO-DO-ORIENTADOR="Roberta Montello Amaral" NUMERO-ID-ORIENTADOR="" CODIGO-CURSO-CAPES="" TITULO-DA-DISSERTACAO-TESE-INGLES="" NOME-CURSO-INGLES="" NOME-DO-CO-ORIENTADOR=""><PALAVRAS-CHAVE PALAVRA-CHAVE-1="responsabilidade social empresarial" PALAVRA-CHAVE-2="desempenho financeiro" PALAVRA-CHAVE-3="índice de sustentabilidade empresarial" PALAVRA-CHAVE-4="" PALAVRA-CHAVE-5="" PALAVRA-CHAVE-6=""/><conceitoCapes/></MESTRADO-PROFISSIONALIZANTE></FORMACAO-ACADEMICA-TITULACAO><ATUACOES-PROFISSIONAIS><ATUACAO-PROFISSIONAL CODIGO-INSTITUICAO="000200000993" NOME-INSTITUICAO="Vulcan Material Plástico SA" SEQUENCIA-ATIVIDADE="1" SEQUENCIA-IMPORTANCIA="9"><VINCULOS SEQUENCIA-HISTORICO="1" TIPO-DE-VINCULO="LIVRE" ENQUADRAMENTO-FUNCIONAL="LIVRE" CARGA-HORARIA-SEMANAL="44" FLAG-DEDICACAO-EXCLUSIVA="NAO" MES-INICIO="01" ANO-INICIO="1999" MES-FIM="02" ANO-FIM="2002" OUTRAS-INFORMACOES="" FLAG-VINCULO-EMPREGATICIO="NAO" OUTRO-VINCULO-INFORMADO="Celetista formal" OUTRO-ENQUADRAMENTO-FUNCIONAL-INFORMADO="Analista contábil" OUTRO-ENQUADRAMENTO-FUNCIONAL-INFORMADO-INGLES="" OUTRAS-INFORMACOES-INGLES=""/><atividadesProfissionaisPlanificadas/></ATUACAO-PROFISSIONAL><ATUACAO-PROFISSIONAL CODIGO-INSTITUICAO="000300000995" NOME-INSTITUICAO="Fininvest SA" SEQUENCIA-ATIVIDADE="2" SEQUENCIA-IMPORTANCIA="10"><VINCULOS SEQUENCIA-HISTORICO="1" TIPO-DE-VINCULO="LIVRE" ENQUADRAMENTO-FUNCIONAL="LIVRE" CARGA-HORARIA-SEMANAL="44" FLAG-DEDICACAO-EXCLUSIVA="NAO" MES-INICIO="04" ANO-INICIO="1998" MES-FIM="01" ANO-FIM="1999" OUTRAS-INFORMACOES="" FLAG-VINCULO-EMPREGATICIO="NAO" OUTRO-VINCULO-INFORMADO="Celetista formal" OUTRO-ENQUADRAMENTO-FUNCIONAL-INFORMADO="Analista contábil" OUTRO-ENQUADRAMENTO-FUNCIONAL-INFORMADO-INGLES="" OUTRAS-INFORMACOES-INGLES=""/><atividadesProfissionaisPlanificadas/></ATUACAO-PROFISSIONAL><ATUACAO-PROFISSIONAL CODIGO-INSTITUICAO="000400000997" NOME-INSTITUICAO="Banco Bozano Simonsen SA" SEQUENCIA-ATIVIDADE="3" SEQUENCIA-IMPORTANCIA="11"><VINCULOS SEQUENCIA-HISTORICO="1" TIPO-DE-VINCULO="LIVRE" ENQUADRAMENTO-FUNCIONAL="LIVRE" CARGA-HORARIA-SEMANAL="44" FLAG-DEDICACAO-EXCLUSIVA="NAO" MES-INICIO="03" ANO-INICIO="1995" MES-FIM="08" ANO-FIM="1997" OUTRAS-INFORMACOES="" FLAG-VINCULO-EMPREGATICIO="NAO" OUTRO-VINCULO-INFORMADO="Celetista formal" OUTRO-ENQUADRAMENTO-FUNCIONAL-INFORMADO="Analista contábil" OUTRO-ENQUADRAMENTO-FUNCIONAL-INFORMADO-INGLES="" OUTRAS-INFORMACOES-INGLES=""/><atividadesProfissionaisPlanificadas/></ATUACAO-PROFISSIONAL><ATUACAO-PROFISSIONAL CODIGO-INSTITUICAO="000500000999" NOME-INSTITUICAO="Brazilian Food Distribuidora de Alimentos Ltda" SEQUENCIA-ATIVIDADE="4" SEQUENCIA-IMPORTANCIA="12"><VINCULOS SEQUENCIA-HISTORICO="1" TIPO-DE-VINCULO="LIVRE" ENQUADRAMENTO-FUNCIONAL="LIVRE" CARGA-HORARIA-SEMANAL="44" FLAG-DEDICACAO-EXCLUSIVA="NAO" MES-INICIO="06" ANO-INICIO="1993" MES-FIM="03" ANO-FIM="1995" OUTRAS-INFORMACOES="" FLAG-VINCULO-EMPREGATICIO="NAO" OUTRO-VINCULO-INFORMADO="Celetista formal" OUTRO-ENQUADRAMENTO-FUNCIONAL-INFORMADO="Assistente contábil / Auxiliar de logística" OUTRO-ENQUADRAMENTO-FUNCIONAL-INFORMADO-INGLES="" OUTRAS-INFORMACOES-INGLES=""/><atividadesProfissionaisPlanificadas/></ATUACAO-PROFISSIONAL><ATUACAO-PROFISSIONAL CODIGO-INSTITUICAO="000600000990" NOME-INSTITUICAO="Método Org. e Planej. Admin. e Sistemas Empresariais Ltda" SEQUENCIA-ATIVIDADE="5" SEQUENCIA-IMPORTANCIA="13"><VINCULOS SEQUENCIA-HISTORICO="1" TIPO-DE-VINCULO="LIVRE" ENQUADRAMENTO-FUNCIONAL="LIVRE" CARGA-HORARIA-SEMANAL="44" FLAG-DEDICACAO-EXCLUSIVA="NAO" MES-INICIO="04" ANO-INICIO="1992" MES-FIM="06" ANO-FIM="1993" OUTRAS-INFORMACOES="" FLAG-VINCULO-EMPREGATICIO="NAO" OUTRO-VINCULO-INFORMADO="Celetista formal" OUTRO-ENQUADRAMENTO-FUNCIONAL-INFORMADO="Assistente contábil" OUTRO-ENQUADRAMENTO-FUNCIONAL-INFORMADO-INGLES="" OUTRAS-INFORMACOES-INGLES=""/><atividadesProfissionaisPlanificadas/></ATUACAO-PROFISSIONAL><ATUACAO-PROFISSIONAL CODIGO-INSTITUICAO="985600042720" NOME-INSTITUICAO="Centro Universitário da Cidade" SEQUENCIA-ATIVIDADE="6" SEQUENCIA-IMPORTANCIA="4"><VINCULOS SEQUENCIA-HISTORICO="1" TIPO-DE-VINCULO="LIVRE" ENQUADRAMENTO-FUNCIONAL="LIVRE" CARGA-HORARIA-SEMANAL="32" FLAG-DEDICACAO-EXCLUSIVA="NAO" MES-INICIO="02" ANO-INICIO="2002" MES-FIM="06" ANO-FIM="2011" OUTRAS-INFORMACOES="" FLAG-VINCULO-EMPREGATICIO="NAO" OUTRO-VINCULO-INFORMADO="Celetista formal" OUTRO-ENQUADRAMENTO-FUNCIONAL-INFORMADO="Professor Auxiliar" OUTRO-ENQUADRAMENTO-FUNCIONAL-INFORMADO-INGLES="" OUTRAS-INFORMACOES-INGLES=""/><VINCULOS SEQUENCIA-HISTORICO="2" TIPO-DE-VINCULO="LIVRE" ENQUADRAMENTO-FUNCIONAL="LIVRE" CARGA-HORARIA-SEMANAL="10" FLAG-DEDICACAO-EXCLUSIVA="NAO" MES-INICIO="07" ANO-INICIO="2011" MES-FIM="04" ANO-FIM="2014" OUTRAS-INFORMACOES="" FLAG-VINCULO-EMPREGATICIO="NAO" OUTRO-VINCULO-INFORMADO="Celetista formal" OUTRO-ENQUADRAMENTO-FUNCIONAL-INFORMADO="Professor Assistente" OUTRO-ENQUADRAMENTO-FUNCIONAL-INFORMADO-INGLES="" OUTRAS-INFORMACOES-INGLES=""/><ATIVIDADES-DE-ENSINO><ENSINO SEQUENCIA-FUNCAO-ATIVIDADE="1" FLAG-PERIODO="ANTERIOR" TIPO-ENSINO="GRADUACAO" MES-INICIO="02" ANO-INICIO="2002" MES-FIM="04" ANO-FIM="2014" CODIGO-ORGAO="" NOME-ORGAO="" CODIGO-CURSO="90000005" NOME-CURSO="Contabilidade" NOME-CURSO-INGLES=""><DISCIPLINA SEQUENCIA-ESPECIFICACAO="1">Análise das Demonstrações</DISCIPLINA><DISCIPLINA SEQUENCIA-ESPECIFICACAO="2">Contabilidade Ambiental</DISCIPLINA><DISCIPLINA SEQUENCIA-ESPECIFICACAO="3">Contabilidade de Custos</DISCIPLINA><DISCIPLINA SEQUENCIA-ESPECIFICACAO="4">Contabilidade Geral</DISCIPLINA><DISCIPLINA SEQUENCIA-ESPECIFICACAO="5">Contabilidade Gerencial</DISCIPLINA><DISCIPLINA SEQUENCIA-ESPECIFICACAO="6">Contabilidade Intermediária</DISCIPLINA><DISCIPLINA SEQUENCIA-ESPECIFICACAO="7">Contabilidade Tributária</DISCIPLINA><DISCIPLINA SEQUENCIA-ESPECIFICACAO="8">Perícia Contábil</DISCIPLINA><DISCIPLINA SEQUENCIA-ESPECIFICACAO="9">Práticas Contábeis Informatizadas</DISCIPLINA><DISCIPLINA SEQUENCIA-ESPECIFICACAO="10">Práticas de Auditagem</DISCIPLINA><DISCIPLINA SEQUENCIA-ESPECIFICACAO="11">Teoria da Contabilidade</DISCIPLINA></ENSINO><ENSINO SEQUENCIA-FUNCAO-ATIVIDADE="2" FLAG-PERIODO="ANTERIOR" TIPO-ENSINO="GRADUACAO" MES-INICIO="02" ANO-INICIO="2002" MES-FIM="04" ANO-FIM="2014" CODIGO-ORGAO="" NOME-ORGAO="" CODIGO-CURSO="90000006" NOME-CURSO="administração" NOME-CURSO-INGLES=""><DISCIPLINA SEQUENCIA-ESPECIFICACAO="1">Análise de Viabilidade Financeira</DISCIPLINA><DISCIPLINA SEQUENCIA-ESPECIFICACAO="2">Análise Macroeconômica</DISCIPLINA><DISCIPLINA SEQUENCIA-ESPECIFICACAO="3">Contabilidade Geral</DISCIPLINA><DISCIPLINA SEQUENCIA-ESPECIFICACAO="4">Contabilidade Gerencial</DISCIPLINA><DISCIPLINA SEQUENCIA-ESPECIFICACAO="5">Controladoria</DISCIPLINA><DISCIPLINA SEQUENCIA-ESPECIFICACAO="6">Matemática Aplicada</DISCIPLINA><DISCIPLINA SEQUENCIA-ESPECIFICACAO="7">Matemática Financeira</DISCIPLINA><DISCIPLINA SEQUENCIA-ESPECIFICACAO="8">Orçamento Empresarial</DISCIPLINA></ENSINO></ATIVIDADES-DE-ENSINO><atividadesProfissionaisPlanificadas/></ATUACAO-PROFISSIONAL><ATUACAO-PROFISSIONAL CODIGO-INSTITUICAO="201900000008" NOME-INSTITUICAO="Centro Universitário Augusto Motta" SEQUENCIA-ATIVIDADE="7" SEQUENCIA-IMPORTANCIA="2"><VINCULOS SEQUENCIA-HISTORICO="1" TIPO-DE-VINCULO="LIVRE" ENQUADRAMENTO-FUNCIONAL="LIVRE" CARGA-HORARIA-SEMANAL="20" FLAG-DEDICACAO-EXCLUSIVA="NAO" MES-INICIO="02" ANO-INICIO="2011" MES-FIM="" ANO-FIM="" OUTRAS-INFORMACOES="" FLAG-VINCULO-EMPREGATICIO="SIM" OUTRO-VINCULO-INFORMADO="" OUTRO-ENQUADRAMENTO-FUNCIONAL-INFORMADO="Professor Auxiliar" OUTRO-ENQUADRAMENTO-FUNCIONAL-INFORMADO-INGLES="" OUTRAS-INFORMACOES-INGLES=""/><ATIVIDADES-DE-ENSINO><ENSINO SEQUENCIA-FUNCAO-ATIVIDADE="1" FLAG-PERIODO="ATUAL" TIPO-ENSINO="GRADUACAO" MES-INICIO="02" ANO-INICIO="2011" MES-FIM="" ANO-FIM="" CODIGO-ORGAO="" NOME-ORGAO="" CODIGO-CURSO="90000007" NOME-CURSO="Contabilidade" NOME-CURSO-INGLES=""><DISCIPLINA SEQUENCIA-ESPECIFICACAO="1">Análise das Demonstrações Contábeis</DISCIPLINA><DISCIPLINA SEQUENCIA-ESPECIFICACAO="2">Contabilidade Básica</DISCIPLINA><DISCIPLINA SEQUENCIA-ESPECIFICACAO="3">Contabilidade de Custos</DISCIPLINA><DISCIPLINA SEQUENCIA-ESPECIFICACAO="4">Contabilidade Gerencial</DISCIPLINA><DISCIPLINA SEQUENCIA-ESPECIFICACAO="5">Controladoria</DISCIPLINA><DISCIPLINA SEQUENCIA-ESPECIFICACAO="6">Práticas Contábeis</DISCIPLINA><DISCIPLINA SEQUENCIA-ESPECIFICACAO="7">Teoria da Contabilidade</DISCIPLINA></ENSINO></ATIVIDADES-DE-ENSINO><ATIVIDADES-DE-EXTENSAO-UNIVERSITARIA><EXTENSAO-UNIVERSITARIA SEQUENCIA-FUNCAO-ATIVIDADE="4" FLAG-PERIODO="ANTERIOR" MES-INICIO="02" ANO-INICIO="2014" MES-FIM="12" ANO-FIM="2015" CODIGO-ORGAO="201901000990" NOME-ORGAO="Núcleo de Práticas Jurídicas" CODIGO-UNIDADE="" NOME-UNIDADE="" ATIVIDADE-DE-EXTENSAO-REALIZADA="Coordenação do Projeto de Práticas em Perícia Contábil"/></ATIVIDADES-DE-EXTENSAO-UNIVERSITARIA><ATIVIDADES-DE-CONSELHO-COMISSAO-E-CONSULTORIA><CONSELHO-COMISSAO-E-CONSULTORIA SEQUENCIA-FUNCAO-ATIVIDADE="5" FLAG-PERIODO="ATUAL" MES-INICIO="12" ANO-INICIO="2014" MES-FIM="" ANO-FIM="" CODIGO-ORGAO="201902000994" NOME-ORGAO="Curso de Ciências Contábeis" CODIGO-UNIDADE="" NOME-UNIDADE="" ESPECIFICACAO="Membro do Colegiado do Cursos de Ciências Contábeis"/></ATIVIDADES-DE-CONSELHO-COMISSAO-E-CONSULTORIA><ATIVIDADES-DE-PARTICIPACAO-EM-PROJETO><PARTICIPACAO-EM-PROJETO SEQUENCIA-FUNCAO-ATIVIDADE="3" FLAG-PERIODO="ANTERIOR" MES-INICIO="" ANO-INICIO="2014" MES-FIM="" ANO-FIM="2015" CODIGO-ORGAO="201901000990" NOME-ORGAO="Núcleo de Práticas Jurídicas" CODIGO-UNIDADE="" NOME-UNIDADE=""><PROJETO-DE-PESQUISA SEQUENCIA-PROJETO="1" ANO-INICIO="2014" ANO-FIM="2015" NOME-DO-PROJETO="Práticas em Perícia Contábil" SITUACAO="DESATIVADO" NATUREZA="EXTENSAO" NUMERO-GRADUACAO="5" NUMERO-ESPECIALIZACAO="0" NUMERO-MESTRADO-ACADEMICO="0" NUMERO-MESTRADO-PROF="0" NUMERO-DOUTORADO="0" DESCRICAO-DO-PROJETO="Este projeto de extensão tem como objetivo geral desenvolver trabalhos de cálculos perícias e análises de prestação de contas da utilização dos recursos do Programa Dinheiro Direto na Escola ? PDDE,/FNDE. Os cálculos periciais são desenvolvidos em parceria com o Núcleo de Práticas Jurídicas da Unisuam e atende a comunidade. A análise de prestações de contas são realizadas em parceria com o Projeto Voluntariado do CRC-RJ e Ministério Público Federal - MPF.  Por meio deste projeto, os alunos têm a oportunidade de vivenciar os aspectos práticos dos conceitos e técnicas aprendidos nas aulas do curso de Ciências Contábeis." IDENTIFICADOR-PROJETO="" DESCRICAO-DO-PROJETO-INGLES="The forensic accounting practices in project aims to create opportunities practical experimentation to student accounting and serve the community." NOME-DO-PROJETO-INGLES="Práticas em Perícia Contábil" FLAG-POTENCIAL-INOVACAO="NAO" FLAG-PROJETO-CERTIFICADO="nao" NOME-COORDENADOR-CERTIFICACAO="" FORMATO-DATA-CERTIFICACAO="DDMMAAAA" DATA-CERTIFICACAO="" NUMERO_TECNICO_NIVEL_MEDIO=""><EQUIPE-DO-PROJETO><INTEGRANTES-DO-PROJETO NOME-COMPLETO="Claudio da Silva Sameiro" NOME-PARA-CITACAO="SAMEIRO, C. S." ORDEM-DE-INTEGRACAO="1" FLAG-RESPONSAVEL="SIM" NRO-ID-CNPQ="1243357067310376"/></EQUIPE-DO-PROJETO></PROJETO-DE-PESQUISA></PARTICIPACAO-EM-PROJETO></ATIVIDADES-DE-PARTICIPACAO-EM-PROJETO><atividadesProfissionaisPlanificadas/></ATUACAO-PROFISSIONAL><ATUACAO-PROFISSIONAL CODIGO-INSTITUICAO="000800000994" NOME-INSTITUICAO="Serviço Nacional de Aprendizagem Comercial - RJ" SEQUENCIA-ATIVIDADE="8" SEQUENCIA-IMPORTANCIA="6"><VINCULOS SEQUENCIA-HISTORICO="1" TIPO-DE-VINCULO="LIVRE" ENQUADRAMENTO-FUNCIONAL="LIVRE" CARGA-HORARIA-SEMANAL="3" FLAG-DEDICACAO-EXCLUSIVA="NAO" MES-INICIO="08" ANO-INICIO="2006" MES-FIM="09" ANO-FIM="2006" OUTRAS-INFORMACOES="Treinamento em Escrituração Fiscal - 18h" FLAG-VINCULO-EMPREGATICIO="SIM" OUTRO-VINCULO-INFORMADO="Professor vistante" OUTRO-ENQUADRAMENTO-FUNCIONAL-INFORMADO="Instrutor" OUTRO-ENQUADRAMENTO-FUNCIONAL-INFORMADO-INGLES="" OUTRAS-INFORMACOES-INGLES=""/><VINCULOS SEQUENCIA-HISTORICO="2" TIPO-DE-VINCULO="PROFESSOR_VISITANTE" ENQUADRAMENTO-FUNCIONAL="LIVRE" CARGA-HORARIA-SEMANAL="4" FLAG-DEDICACAO-EXCLUSIVA="NAO" MES-INICIO="07" ANO-INICIO="2003" MES-FIM="10" ANO-FIM="2003" OUTRAS-INFORMACOES="Treinamento em Contabilidade Básica - 48h" FLAG-VINCULO-EMPREGATICIO="SIM" OUTRO-VINCULO-INFORMADO="" OUTRO-ENQUADRAMENTO-FUNCIONAL-INFORMADO="Instrutor" OUTRO-ENQUADRAMENTO-FUNCIONAL-INFORMADO-INGLES="" OUTRAS-INFORMACOES-INGLES=""/><VINCULOS SEQUENCIA-HISTORICO="3" TIPO-DE-VINCULO="PROFESSOR_VISITANTE" ENQUADRAMENTO-FUNCIONAL="LIVRE" CARGA-HORARIA-SEMANAL="4" FLAG-DEDICACAO-EXCLUSIVA="NAO" MES-INICIO="08" ANO-INICIO="2003" MES-FIM="12" ANO-FIM="2003" OUTRAS-INFORMACOES="Treinamento em Contabilidade Básica - 48h" FLAG-VINCULO-EMPREGATICIO="SIM" OUTRO-VINCULO-INFORMADO="" OUTRO-ENQUADRAMENTO-FUNCIONAL-INFORMADO="Instrutor" OUTRO-ENQUADRAMENTO-FUNCIONAL-INFORMADO-INGLES="" OUTRAS-INFORMACOES-INGLES=""/><VINCULOS SEQUENCIA-HISTORICO="4" TIPO-DE-VINCULO="PROFESSOR_VISITANTE" ENQUADRAMENTO-FUNCIONAL="LIVRE" CARGA-HORARIA-SEMANAL="4" FLAG-DEDICACAO-EXCLUSIVA="NAO" MES-INICIO="10" ANO-INICIO="2003" MES-FIM="01" ANO-FIM="2004" OUTRAS-INFORMACOES="Treinamento em Contabilidade Avançada - 48h" FLAG-VINCULO-EMPREGATICIO="SIM" OUTRO-VINCULO-INFORMADO="" OUTRO-ENQUADRAMENTO-FUNCIONAL-INFORMADO="Instrutor" OUTRO-ENQUADRAMENTO-FUNCIONAL-INFORMADO-INGLES="" OUTRAS-INFORMACOES-INGLES=""/><VINCULOS SEQUENCIA-HISTORICO="5" TIPO-DE-VINCULO="PROFESSOR_VISITANTE" ENQUADRAMENTO-FUNCIONAL="LIVRE" CARGA-HORARIA-SEMANAL="4" FLAG-DEDICACAO-EXCLUSIVA="NAO" MES-INICIO="03" ANO-INICIO="2004" MES-FIM="05" ANO-FIM="2004" OUTRAS-INFORMACOES="Treinamento em Contabilidade Básica - 48h" FLAG-VINCULO-EMPREGATICIO="SIM" OUTRO-VINCULO-INFORMADO="" OUTRO-ENQUADRAMENTO-FUNCIONAL-INFORMADO="Instrutor" OUTRO-ENQUADRAMENTO-FUNCIONAL-INFORMADO-INGLES="" OUTRAS-INFORMACOES-INGLES=""/><atividadesProfissionaisPlanificadas/></ATUACAO-PROFISSIONAL><ATUACAO-PROFISSIONAL CODIGO-INSTITUICAO="000900000996" NOME-INSTITUICAO="Sameiro Contabilidade Ltda ME" SEQUENCIA-ATIVIDADE="9" SEQUENCIA-IMPORTANCIA="5"><VINCULOS SEQUENCIA-HISTORICO="1" TIPO-DE-VINCULO="LIVRE" ENQUADRAMENTO-FUNCIONAL="LIVRE" CARGA-HORARIA-SEMANAL="" FLAG-DEDICACAO-EXCLUSIVA="NAO" MES-INICIO="06" ANO-INICIO="2007" MES-FIM="03" ANO-FIM="2010" OUTRAS-INFORMACOES="A empresa presta serviços de assessoramento contábil a micro e pequenas empresas de diversas atividades. Atua na elaboração das demonstrações contábeis, no cumprimento das obrigações fiscais acessórias, além da confecção de folhas de pagamento de salários, e cumprimento das demais obrigações trabalhistas e previdenciárias." FLAG-VINCULO-EMPREGATICIO="SIM" OUTRO-VINCULO-INFORMADO="Sócio Administrador" OUTRO-ENQUADRAMENTO-FUNCIONAL-INFORMADO="Diretor e Responsável técnico Contábil" OUTRO-ENQUADRAMENTO-FUNCIONAL-INFORMADO-INGLES="" OUTRAS-INFORMACOES-INGLES=""/><ATIVIDADES-DE-DIRECAO-E-ADMINISTRACAO><DIRECAO-E-ADMINISTRACAO SEQUENCIA-FUNCAO-ATIVIDADE="1" FLAG-PERIODO="ANTERIOR" MES-INICIO="06" ANO-INICIO="2007" MES-FIM="01" ANO-FIM="2010" CODIGO-ORGAO="000901000990" NOME-ORGAO="Direção" CODIGO-UNIDADE="" FORMATO-CARGO-OU-FUNCAO="LIVRE" CARGO-OU-FUNCAO="Diretor e Responsável técnico Contábil" NOME-UNIDADE="" CARGO-OU-FUNCAO-INGLES=""/></ATIVIDADES-DE-DIRECAO-E-ADMINISTRACAO><atividadesProfissionaisPlanificadas/></ATUACAO-PROFISSIONAL><ATUACAO-PROFISSIONAL CODIGO-INSTITUICAO="001000000998" NOME-INSTITUICAO="Curso Jair Avillez Ltda" SEQUENCIA-ATIVIDADE="10" SEQUENCIA-IMPORTANCIA="8"><VINCULOS SEQUENCIA-HISTORICO="1" TIPO-DE-VINCULO="LIVRE" ENQUADRAMENTO-FUNCIONAL="LIVRE" CARGA-HORARIA-SEMANAL="12" FLAG-DEDICACAO-EXCLUSIVA="NAO" MES-INICIO="03" ANO-INICIO="2001" MES-FIM="07" ANO-FIM="2002" OUTRAS-INFORMACOES="" FLAG-VINCULO-EMPREGATICIO="NAO" OUTRO-VINCULO-INFORMADO="Celetista formal" OUTRO-ENQUADRAMENTO-FUNCIONAL-INFORMADO="Professor" OUTRO-ENQUADRAMENTO-FUNCIONAL-INFORMADO-INGLES="" OUTRAS-INFORMACOES-INGLES=""/><ATIVIDADES-DE-ENSINO><ENSINO SEQUENCIA-FUNCAO-ATIVIDADE="1" FLAG-PERIODO="ANTERIOR" TIPO-ENSINO="ENSINO-MEDIO" MES-INICIO="03" ANO-INICIO="2001" MES-FIM="07" ANO-FIM="2002" CODIGO-ORGAO="" NOME-ORGAO="" CODIGO-CURSO="" NOME-CURSO="" NOME-CURSO-INGLES=""><DISCIPLINA SEQUENCIA-ESPECIFICACAO="1">Matemática</DISCIPLINA><DISCIPLINA SEQUENCIA-ESPECIFICACAO="2">Contabilidade de Custos</DISCIPLINA></ENSINO></ATIVIDADES-DE-ENSINO><atividadesProfissionaisPlanificadas/></ATUACAO-PROFISSIONAL><ATUACAO-PROFISSIONAL CODIGO-INSTITUICAO="985600156601" NOME-INSTITUICAO="Secretaria de Educação do Estado do Rio de Janeiro - Santo Cristo" SEQUENCIA-ATIVIDADE="11" SEQUENCIA-IMPORTANCIA="7"><VINCULOS SEQUENCIA-HISTORICO="1" TIPO-DE-VINCULO="LIVRE" ENQUADRAMENTO-FUNCIONAL="LIVRE" CARGA-HORARIA-SEMANAL="16" FLAG-DEDICACAO-EXCLUSIVA="NAO" MES-INICIO="01" ANO-INICIO="2005" MES-FIM="06" ANO-FIM="2008" OUTRAS-INFORMACOES="Professor de matemática no ensino médio." FLAG-VINCULO-EMPREGATICIO="SIM" OUTRO-VINCULO-INFORMADO="" OUTRO-ENQUADRAMENTO-FUNCIONAL-INFORMADO="Professor II" OUTRO-ENQUADRAMENTO-FUNCIONAL-INFORMADO-INGLES="" OUTRAS-INFORMACOES-INGLES=""/><ATIVIDADES-DE-ENSINO><ENSINO SEQUENCIA-FUNCAO-ATIVIDADE="1" FLAG-PERIODO="ANTERIOR" TIPO-ENSINO="ENSINO-MEDIO" MES-INICIO="01" ANO-INICIO="2005" MES-FIM="06" ANO-FIM="2008" CODIGO-ORGAO="" NOME-ORGAO="" CODIGO-CURSO="" NOME-CURSO="" NOME-CURSO-INGLES=""><DISCIPLINA SEQUENCIA-ESPECIFICACAO="1">Matemática</DISCIPLINA></ENSINO></ATIVIDADES-DE-ENSINO><atividadesProfissionaisPlanificadas/></ATUACAO-PROFISSIONAL><ATUACAO-PROFISSIONAL CODIGO-INSTITUICAO="375700000004" NOME-INSTITUICAO="Universidade Castelo Branco" SEQUENCIA-ATIVIDADE="12" SEQUENCIA-IMPORTANCIA="3"><VINCULOS SEQUENCIA-HISTORICO="1" TIPO-DE-VINCULO="LIVRE" ENQUADRAMENTO-FUNCIONAL="LIVRE" CARGA-HORARIA-SEMANAL="6" FLAG-DEDICACAO-EXCLUSIVA="NAO" MES-INICIO="02" ANO-INICIO="2016" MES-FIM="" ANO-FIM="" OUTRAS-INFORMACOES="Professor de contabilidade" FLAG-VINCULO-EMPREGATICIO="SIM" OUTRO-VINCULO-INFORMADO="" OUTRO-ENQUADRAMENTO-FUNCIONAL-INFORMADO="Professor Auxiliar" OUTRO-ENQUADRAMENTO-FUNCIONAL-INFORMADO-INGLES="" OUTRAS-INFORMACOES-INGLES=""/><ATIVIDADES-DE-ENSINO><ENSINO SEQUENCIA-FUNCAO-ATIVIDADE="1" FLAG-PERIODO="ATUAL" TIPO-ENSINO="GRADUACAO" MES-INICIO="02" ANO-INICIO="2016" MES-FIM="" ANO-FIM="" CODIGO-ORGAO="" NOME-ORGAO="" CODIGO-CURSO="60588497" NOME-CURSO="Ciências Contábeis" NOME-CURSO-INGLES=""><DISCIPLINA SEQUENCIA-ESPECIFICACAO="1">Contabilidade de Instituições Financeiras</DISCIPLINA><DISCIPLINA SEQUENCIA-ESPECIFICACAO="2">Práticas Investigativas em Contabilidade</DISCIPLINA><DISCIPLINA SEQUENCIA-ESPECIFICACAO="3">Perícia, Arbitragem e Avaliação</DISCIPLINA></ENSINO></ATIVIDADES-DE-ENSINO><atividadesProfissionaisPlanificadas/></ATUACAO-PROFISSIONAL><ATUACAO-PROFISSIONAL CODIGO-INSTITUICAO="586600000000" NOME-INSTITUICAO="Universidade Veiga de Almeida" SEQUENCIA-ATIVIDADE="13" SEQUENCIA-IMPORTANCIA="1"><VINCULOS SEQUENCIA-HISTORICO="1" TIPO-DE-VINCULO="LIVRE" ENQUADRAMENTO-FUNCIONAL="LIVRE" CARGA-HORARIA-SEMANAL="40" FLAG-DEDICACAO-EXCLUSIVA="NAO" MES-INICIO="08" ANO-INICIO="2016" MES-FIM="" ANO-FIM="" OUTRAS-INFORMACOES="Professor de contabilidade" FLAG-VINCULO-EMPREGATICIO="SIM" OUTRO-VINCULO-INFORMADO="" OUTRO-ENQUADRAMENTO-FUNCIONAL-INFORMADO="Professor Auxiliar TI" OUTRO-ENQUADRAMENTO-FUNCIONAL-INFORMADO-INGLES="" OUTRAS-INFORMACOES-INGLES="Accounting Professor"/><ATIVIDADES-DE-ENSINO><ENSINO SEQUENCIA-FUNCAO-ATIVIDADE="1" FLAG-PERIODO="ATUAL" TIPO-ENSINO="GRADUACAO" MES-INICIO="08" ANO-INICIO="2016" MES-FIM="" ANO-FIM="" CODIGO-ORGAO="" NOME-ORGAO="" CODIGO-CURSO="60732970" NOME-CURSO="Ciências Contábeis" NOME-CURSO-INGLES=""><DISCIPLINA SEQUENCIA-ESPECIFICACAO="1">Auditoria</DISCIPLINA><DISCIPLINA SEQUENCIA-ESPECIFICACAO="2">Contabilidade Gerencial</DISCIPLINA><DISCIPLINA SEQUENCIA-ESPECIFICACAO="3">Gestão Financeira</DISCIPLINA><DISCIPLINA SEQUENCIA-ESPECIFICACAO="4">Teoria da Contabilidade</DISCIPLINA></ENSINO></ATIVIDADES-DE-ENSINO><ATIVIDADES-DE-CONSELHO-COMISSAO-E-CONSULTORIA><CONSELHO-COMISSAO-E-CONSULTORIA SEQUENCIA-FUNCAO-ATIVIDADE="2" FLAG-PERIODO="ATUAL" MES-INICIO="08" ANO-INICIO="2016" MES-FIM="" ANO-FIM="" CODIGO-ORGAO="586605000009" NOME-ORGAO="Universidade Veiga de Almeida - Tijuca" CODIGO-UNIDADE="586605001994" NOME-UNIDADE="Universidade Veiga de Almeida - Centro RJ" ESPECIFICACAO="Membro do NDE do curso de Ciências Contábeis"/></ATIVIDADES-DE-CONSELHO-COMISSAO-E-CONSULTORIA><atividadesProfissionaisPlanificadas/></ATUACAO-PROFISSIONAL></ATUACOES-PROFISSIONAIS><AREAS-DE-ATUACAO><AREA-DE-ATUACAO SEQUENCIA-AREA-DE-ATUACAO="1" NOME-GRANDE-AREA-DO-CONHECIMENTO="CIENCIAS_SOCIAIS_APLICADAS" NOME-DA-AREA-DO-CONHECIMENTO="Administração" NOME-DA-SUB-AREA-DO-CONHECIMENTO="Ciências Contábeis" NOME-DA-ESPECIALIDADE=""/><AREA-DE-ATUACAO SEQUENCIA-AREA-DE-ATUACAO="2" NOME-GRANDE-AREA-DO-CONHECIMENTO="CIENCIAS_EXATAS_E_DA_TERRA" NOME-DA-AREA-DO-CONHECIMENTO="Matemática" NOME-DA-SUB-AREA-DO-CONHECIMENTO="Matemática Aplicada" NOME-DA-ESPECIALIDADE="Matemática Financeira"/><AREA-DE-ATUACAO SEQUENCIA-AREA-DE-ATUACAO="3" NOME-GRANDE-AREA-DO-CONHECIMENTO="CIENCIAS_EXATAS_E_DA_TERRA" NOME-DA-AREA-DO-CONHECIMENTO="Matemática" NOME-DA-SUB-AREA-DO-CONHECIMENTO="Matemática Aplicada" NOME-DA-ESPECIALIDADE=""/></AREAS-DE-ATUACAO><IDIOMAS><IDIOMA IDIOMA="EN" DESCRICAO-DO-IDIOMA="Inglês" PROFICIENCIA-DE-LEITURA="RAZOAVELMENTE" PROFICIENCIA-DE-FALA="POUCO" PROFICIENCIA-DE-ESCRITA="RAZOAVELMENTE" PROFICIENCIA-DE-COMPREENSAO="POUCO"/><IDIOMA IDIOMA="ES" DESCRICAO-DO-IDIOMA="Espanhol" PROFICIENCIA-DE-LEITURA="POUCO" PROFICIENCIA-DE-FALA="POUCO" PROFICIENCIA-DE-ESCRITA="POUCO" PROFICIENCIA-DE-COMPREENSAO="POUCO"/></IDIOMAS><staValidado/><dataExibicao/><dadosBolsista/></DADOS-GERAIS><PRODUCAO-BIBLIOGRAFICA><TEXTOS-EM-JORNAIS-OU-REVISTAS><TEXTO-EM-JORNAL-OU-REVISTA SEQUENCIA-PRODUCAO="44"><DADOS-BASICOS-DO-TEXTO NATUREZA="JORNAL_DE_NOTICIAS" TITULO-DO-TEXTO="Organize os documentos para o imposto de renda 2017" ANO-DO-TEXTO="2017" PAIS-DE-PUBLICACAO="Brasil" IDIOMA="Português" MEIO-DE-DIVULGACAO="VARIOS" HOME-PAGE-DO-TRABALHO="www.nossobairro.net" FLAG-RELEVANCIA="NAO" DOI="" TITULO-DO-TEXTO-INGLES="" FLAG-DIVULGACAO-CIENTIFICA="NAO"/><DETALHAMENTO-DO-TEXTO TITULO-DO-JORNAL-OU-REVISTA="Nosso Bairro Jacarepaguá" ISSN="" FORMATO-DATA-DE-PUBLICACAO="DDMMAAAA" DATA-DE-PUBLICACAO="01022017" VOLUME="114" PAGINA-INICIAL="8" PAGINA-FINAL="8" LOCAL-DE-PUBLICACAO="Rio de Janeiro"><dataPublicacaoFormatoSimples/></DETALHAMENTO-DO-TEXTO><AUTORES NOME-COMPLETO-DO-AUTOR="Claudio da Silva Sameiro" NOME-PARA-CITACAO="SAMEIRO, C. S." ORDEM-DE-AUTORIA="1" NRO-ID-CNPQ="1243357067310376"/><PALAVRAS-CHAVE PALAVRA-CHAVE-1="imposto de renda" PALAVRA-CHAVE-2="tributos" PALAVRA-CHAVE-3="" PALAVRA-CHAVE-4="" PALAVRA-CHAVE-5="" PALAVRA-CHAVE-6=""/><AREAS-DO-CONHECIMENTO><AREA-DO-CONHECIMENTO-1 NOME-GRANDE-AREA-DO-CONHECIMENTO="CIENCIAS_SOCIAIS_APLICADAS" NOME-DA-AREA-DO-CONHECIMENTO="" NOME-DA-SUB-AREA-DO-CONHECIMENTO="Ciências Contábeis" NOME-DA-ESPECIALIDADE=""/></AREAS-DO-CONHECIMENTO><SETORES-DE-ATIVIDADE SETOR-DE-ATIVIDADE-1="Atividades jurídicas, de contabilidade e de auditoria" SETOR-DE-ATIVIDADE-2="" SETOR-DE-ATIVIDADE-3=""/></TEXTO-EM-JORNAL-OU-REVISTA><TEXTO-EM-JORNAL-OU-REVISTA SEQUENCIA-PRODUCAO="45"><DADOS-BASICOS-DO-TEXTO NATUREZA="JORNAL_DE_NOTICIAS" TITULO-DO-TEXTO="Cuidados ao preencher a declaração do imposto de renda 2017" ANO-DO-TEXTO="2017" PAIS-DE-PUBLICACAO="Brasil" IDIOMA="Português" MEIO-DE-DIVULGACAO="VARIOS" HOME-PAGE-DO-TRABALHO="http://nossobairro.net/index.php/edicao-digital-2/" FLAG-RELEVANCIA="NAO" DOI="" TITULO-DO-TEXTO-INGLES="" FLAG-DIVULGACAO-CIENTIFICA="NAO"/><DETALHAMENTO-DO-TEXTO TITULO-DO-JORNAL-OU-REVISTA="Nosso Bairro Jacarepaguá" ISSN="" FORMATO-DATA-DE-PUBLICACAO="DDMMAAAA" DATA-DE-PUBLICACAO="01032017" VOLUME="115" PAGINA-INICIAL="8" PAGINA-FINAL="8" LOCAL-DE-PUBLICACAO="Rio de Janeiro"><dataPublicacaoFormatoSimples/></DETALHAMENTO-DO-TEXTO><AUTORES NOME-COMPLETO-DO-AUTOR="Claudio da Silva Sameiro" NOME-PARA-CITACAO="SAMEIRO, C. S." ORDEM-DE-AUTORIA="1" NRO-ID-CNPQ="1243357067310376"/><PALAVRAS-CHAVE PALAVRA-CHAVE-1="imposto de renda" PALAVRA-CHAVE-2="tributos" PALAVRA-CHAVE-3="" PALAVRA-CHAVE-4="" PALAVRA-CHAVE-5="" PALAVRA-CHAVE-6=""/><AREAS-DO-CONHECIMENTO><AREA-DO-CONHECIMENTO-1 NOME-GRANDE-AREA-DO-CONHECIMENTO="CIENCIAS_SOCIAIS_APLICADAS" NOME-DA-AREA-DO-CONHECIMENTO="" NOME-DA-SUB-AREA-DO-CONHECIMENTO="Ciências Contábeis" NOME-DA-ESPECIALIDADE=""/></AREAS-DO-CONHECIMENTO><SETORES-DE-ATIVIDADE SETOR-DE-ATIVIDADE-1="Atividades jurídicas, de contabilidade e de auditoria" SETOR-DE-ATIVIDADE-2="" SETOR-DE-ATIVIDADE-3=""/></TEXTO-EM-JORNAL-OU-REVISTA><TEXTO-EM-JORNAL-OU-REVISTA SEQUENCIA-PRODUCAO="46"><DADOS-BASICOS-DO-TEXTO NATUREZA="JORNAL_DE_NOTICIAS" TITULO-DO-TEXTO="Como evitar que sua declaração IR2017 caia na malha fina do Leão" ANO-DO-TEXTO="2017" PAIS-DE-PUBLICACAO="Brasil" IDIOMA="Português" MEIO-DE-DIVULGACAO="VARIOS" HOME-PAGE-DO-TRABALHO="http://nossobairro.net/" FLAG-RELEVANCIA="NAO" DOI="" TITULO-DO-TEXTO-INGLES="" FLAG-DIVULGACAO-CIENTIFICA="NAO"/><DETALHAMENTO-DO-TEXTO TITULO-DO-JORNAL-OU-REVISTA="Nosso Bairro Jacarepaguá" ISSN="" FORMATO-DATA-DE-PUBLICACAO="DDMMAAAA" DATA-DE-PUBLICACAO="03042017" VOLUME="116" PAGINA-INICIAL="8" PAGINA-FINAL="8" LOCAL-DE-PUBLICACAO="Rio de Janeiro"><dataPublicacaoFormatoSimples/></DETALHAMENTO-DO-TEXTO><AUTORES NOME-COMPLETO-DO-AUTOR="Claudio da Silva Sameiro" NOME-PARA-CITACAO="SAMEIRO, C. S." ORDEM-DE-AUTORIA="1" NRO-ID-CNPQ="1243357067310376"/><PALAVRAS-CHAVE PALAVRA-CHAVE-1="imposto de renda" PALAVRA-CHAVE-2="tributos" PALAVRA-CHAVE-3="pessoa física" PALAVRA-CHAVE-4="" PALAVRA-CHAVE-5="" PALAVRA-CHAVE-6=""/><AREAS-DO-CONHECIMENTO><AREA-DO-CONHECIMENTO-1 NOME-GRANDE-AREA-DO-CONHECIMENTO="CIENCIAS_SOCIAIS_APLICADAS" NOME-DA-AREA-DO-CONHECIMENTO="" NOME-DA-SUB-AREA-DO-CONHECIMENTO="Ciências Contábeis" NOME-DA-ESPECIALIDADE=""/></AREAS-DO-CONHECIMENTO><SETORES-DE-ATIVIDADE SETOR-DE-ATIVIDADE-1="Atividades jurídicas, de contabilidade e de auditoria" SETOR-DE-ATIVIDADE-2="" SETOR-DE-ATIVIDADE-3=""/></TEXTO-EM-JORNAL-OU-REVISTA></TEXTOS-EM-JORNAIS-OU-REVISTAS><DEMAIS-TIPOS-DE-PRODUCAO-BIBLIOGRAFICA><OUTRA-PRODUCAO-BIBLIOGRAFICA SEQUENCIA-PRODUCAO="36"><DADOS-BASICOS-DE-OUTRA-PRODUCAO NATUREZA="Projeto Pedagógico de Curso" TITULO="Projeto Pedagógico de Curso: Ciências Contábeis" ANO="2015" PAIS-DE-PUBLICACAO="Brasil" IDIOMA="Português" MEIO-DE-DIVULGACAO="IMPRESSO" HOME-PAGE-DO-TRABALHO="" FLAG-RELEVANCIA="SIM" DOI="" TITULO-INGLES="" NATUREZA-INGLES="" FLAG-DIVULGACAO-CIENTIFICA="NAO"/><DETALHAMENTO-DE-OUTRA-PRODUCAO EDITORA="SUAM" CIDADE-DA-EDITORA="Rio de Janeiro" NUMERO-DE-PAGINAS="88" ISSN-ISBN="9788588474413"/><AUTORES NOME-COMPLETO-DO-AUTOR="Claudio da Silva Sameiro" NOME-PARA-CITACAO="SAMEIRO, C. S." ORDEM-DE-AUTORIA="1" NRO-ID-CNPQ="1243357067310376"/><PALAVRAS-CHAVE PALAVRA-CHAVE-1="Ensino Superior" PALAVRA-CHAVE-2="Currículo" PALAVRA-CHAVE-3="Ciências Contábeis" PALAVRA-CHAVE-4="" PALAVRA-CHAVE-5="" PALAVRA-CHAVE-6=""/><SETORES-DE-ATIVIDADE SETOR-DE-ATIVIDADE-1="Educação" SETOR-DE-ATIVIDADE-2="" SETOR-DE-ATIVIDADE-3=""/></OUTRA-PRODUCAO-BIBLIOGRAFICA></DEMAIS-TIPOS-DE-PRODUCAO-BIBLIOGRAFICA></PRODUCAO-BIBLIOGRAFICA><PRODUCAO-TECNICA><TRABALHO-TECNICO SEQUENCIA-PRODUCAO="1"><DADOS-BASICOS-DO-TRABALHO-TECNICO NATUREZA="PARECER" TITULO-DO-TRABALHO-TECNICO="Laudo Pericial Contábil - Processo TJRJ 1998.530.017348-9 PKR Aviamentos Ltda X Microlite SA" ANO="2003" PAIS="Brasil" MEIO-DE-DIVULGACAO="IMPRESSO" HOME-PAGE-DO-TRABALHO="" IDIOMA="Português" FLAG-RELEVANCIA="NAO" DOI="" TITULO-DO-TRABALHO-TECNICO-INGLES=""/><DETALHAMENTO-DO-TRABALHO-TECNICO FINALIDADE="Prova judicial - Processo Cível 1998.530.017348-9" DURACAO-EM-MESES="1" NUMERO-DE-PAGINAS="6" DISPONIBILIDADE="RESTRITA" INSTITUICAO-FINANCIADORA="" CIDADE-DO-TRABALHO="Nova Iguaçu" FINALIDADE-INGLES=""/><AUTORES NOME-COMPLETO-DO-AUTOR="Claudio da Silva Sameiro" NOME-PARA-CITACAO="SAMEIRO, C. S." ORDEM-DE-AUTORIA="1" NRO-ID-CNPQ="1243357067310376"/><PALAVRAS-CHAVE PALAVRA-CHAVE-1="Perícia Contábil" PALAVRA-CHAVE-2="" PALAVRA-CHAVE-3="" PALAVRA-CHAVE-4="" PALAVRA-CHAVE-5="" PALAVRA-CHAVE-6=""/><AREAS-DO-CONHECIMENTO><AREA-DO-CONHECIMENTO-1 NOME-GRANDE-AREA-DO-CONHECIMENTO="CIENCIAS_SOCIAIS_APLICADAS" NOME-DA-AREA-DO-CONHECIMENTO="" NOME-DA-SUB-AREA-DO-CONHECIMENTO="Ciências Contábeis" NOME-DA-ESPECIALIDADE=""/></AREAS-DO-CONHECIMENTO><INFORMACOES-ADICIONAIS DESCRICAO-INFORMACOES-ADICIONAIS="Laudo Pericial Contábil elaborado como prova judicial no processo cível 1998.530.017348-9, Autor: PKR Aviamentos Ltda, Réu: Microlite SA" DESCRICAO-INFORMACOES-ADICIONAIS-INGLES=""/></TRABALHO-TECNICO><TRABALHO-TECNICO SEQUENCIA-PRODUCAO="22"><DADOS-BASICOS-DO-TRABALHO-TECNICO NATUREZA="PARECER" TITULO-DO-TRABALHO-TECNICO="Laudo Pericial Contábil - Processo TJRJ 2002.208.003250-4 Jorge da Paixão Mello X Banco Itaú" ANO="2004" PAIS="Brasil" MEIO-DE-DIVULGACAO="IMPRESSO" HOME-PAGE-DO-TRABALHO="" IDIOMA="Português" FLAG-RELEVANCIA="NAO" DOI="" TITULO-DO-TRABALHO-TECNICO-INGLES=""/><DETALHAMENTO-DO-TRABALHO-TECNICO FINALIDADE="Prova Judicial Processo Cível 2002.208.003250-4 Jorge da Paixão Mello X Banco Itaú" DURACAO-EM-MESES="1" NUMERO-DE-PAGINAS="6" DISPONIBILIDADE="RESTRITA" INSTITUICAO-FINANCIADORA="" CIDADE-DO-TRABALHO="Rio de Janeiro" FINALIDADE-INGLES=""/><AUTORES NOME-COMPLETO-DO-AUTOR="Claudio da Silva Sameiro" NOME-PARA-CITACAO="SAMEIRO, C. S." ORDEM-DE-AUTORIA="1" NRO-ID-CNPQ="1243357067310376"/><PALAVRAS-CHAVE PALAVRA-CHAVE-1="Perícia Contábil" PALAVRA-CHAVE-2="" PALAVRA-CHAVE-3="" PALAVRA-CHAVE-4="" PALAVRA-CHAVE-5="" PALAVRA-CHAVE-6=""/><AREAS-DO-CONHECIMENTO><AREA-DO-CONHECIMENTO-1 NOME-GRANDE-AREA-DO-CONHECIMENTO="CIENCIAS_SOCIAIS_APLICADAS" NOME-DA-AREA-DO-CONHECIMENTO="" NOME-DA-SUB-AREA-DO-CONHECIMENTO="Ciências Contábeis" NOME-DA-ESPECIALIDADE=""/></AREAS-DO-CONHECIMENTO><INFORMACOES-ADICIONAIS DESCRICAO-INFORMACOES-ADICIONAIS="Laudo Pericial Contábil - Processo Cível 2002.208.003250-4 Jorge da Paixão Mello X Banco Itaú" DESCRICAO-INFORMACOES-ADICIONAIS-INGLES=""/></TRABALHO-TECNICO><TRABALHO-TECNICO SEQUENCIA-PRODUCAO="23"><DADOS-BASICOS-DO-TRABALHO-TECNICO NATUREZA="PARECER" TITULO-DO-TRABALHO-TECNICO="Parecer Pericial Contábil - Processo TRT-RJ 00832-2005-011-01-00-7 SINECAAERJ X Rioja Frigorífico Ltda" ANO="2007" PAIS="Brasil" MEIO-DE-DIVULGACAO="IMPRESSO" HOME-PAGE-DO-TRABALHO="" IDIOMA="Bretão" FLAG-RELEVANCIA="NAO" DOI="" TITULO-DO-TRABALHO-TECNICO-INGLES=""/><DETALHAMENTO-DO-TRABALHO-TECNICO FINALIDADE="Prova Judicial - Processo TRT-RJ 00832-2005-011-01-00-7 SINECAAERJ X Rioja Frigorífico Ltda" DURACAO-EM-MESES="1" NUMERO-DE-PAGINAS="5" DISPONIBILIDADE="RESTRITA" INSTITUICAO-FINANCIADORA="" CIDADE-DO-TRABALHO="Rio de Janeiro" FINALIDADE-INGLES=""/><AUTORES NOME-COMPLETO-DO-AUTOR="Claudio da Silva Sameiro" NOME-PARA-CITACAO="SAMEIRO, C. S." ORDEM-DE-AUTORIA="1" NRO-ID-CNPQ="1243357067310376"/><PALAVRAS-CHAVE PALAVRA-CHAVE-1="Perícia Contábil" PALAVRA-CHAVE-2="" PALAVRA-CHAVE-3="" PALAVRA-CHAVE-4="" PALAVRA-CHAVE-5="" PALAVRA-CHAVE-6=""/><AREAS-DO-CONHECIMENTO><AREA-DO-CONHECIMENTO-1 NOME-GRANDE-AREA-DO-CONHECIMENTO="CIENCIAS_SOCIAIS_APLICADAS" NOME-DA-AREA-DO-CONHECIMENTO="" NOME-DA-SUB-AREA-DO-CONHECIMENTO="Ciências Contábeis" NOME-DA-ESPECIALIDADE=""/></AREAS-DO-CONHECIMENTO><INFORMACOES-ADICIONAIS DESCRICAO-INFORMACOES-ADICIONAIS="Parecer Pericial Contábil - Processo TRT-RJ 00832-2005-011-01-00-7 SINECAAERJ X Rioja Frigorífico Ltda" DESCRICAO-INFORMACOES-ADICIONAIS-INGLES=""/></TRABALHO-TECNICO><TRABALHO-TECNICO SEQUENCIA-PRODUCAO="24"><DADOS-BASICOS-DO-TRABALHO-TECNICO NATUREZA="PARECER" TITULO-DO-TRABALHO-TECNICO="Laudo Pericial Contábil - Processo TJRJ 2004.210.001347-3 Wlademir Costa de Oliveira X Banco ABN Amro Real SA" ANO="2008" PAIS="Brasil" MEIO-DE-DIVULGACAO="NAO_INFORMADO" HOME-PAGE-DO-TRABALHO="" IDIOMA="Bretão" FLAG-RELEVANCIA="NAO" DOI="" TITULO-DO-TRABALHO-TECNICO-INGLES=""/><DETALHAMENTO-DO-TRABALHO-TECNICO FINALIDADE="Prova Judicial" DURACAO-EM-MESES="1" NUMERO-DE-PAGINAS="8" DISPONIBILIDADE="RESTRITA" INSTITUICAO-FINANCIADORA="" CIDADE-DO-TRABALHO="Rio de Janeiro" FINALIDADE-INGLES=""/><AUTORES NOME-COMPLETO-DO-AUTOR="Claudio da Silva Sameiro" NOME-PARA-CITACAO="SAMEIRO, C. S." ORDEM-DE-AUTORIA="1" NRO-ID-CNPQ="1243357067310376"/><PALAVRAS-CHAVE PALAVRA-CHAVE-1="Perícia Contábil" PALAVRA-CHAVE-2="" PALAVRA-CHAVE-3="" PALAVRA-CHAVE-4="" PALAVRA-CHAVE-5="" PALAVRA-CHAVE-6=""/><AREAS-DO-CONHECIMENTO><AREA-DO-CONHECIMENTO-1 NOME-GRANDE-AREA-DO-CONHECIMENTO="CIENCIAS_SOCIAIS_APLICADAS" NOME-DA-AREA-DO-CONHECIMENTO="" NOME-DA-SUB-AREA-DO-CONHECIMENTO="Ciências Contábeis" NOME-DA-ESPECIALIDADE=""/></AREAS-DO-CONHECIMENTO><INFORMACOES-ADICIONAIS DESCRICAO-INFORMACOES-ADICIONAIS="Laudo Pericial Contábil - Processo TJRJ 2004.210.001347-3 Wlademir Costa de Oliveira X Banco ABN Amro Real SA" DESCRICAO-INFORMACOES-ADICIONAIS-INGLES=""/></TRABALHO-TECNICO><TRABALHO-TECNICO SEQUENCIA-PRODUCAO="25"><DADOS-BASICOS-DO-TRABALHO-TECNICO NATUREZA="PARECER" TITULO-DO-TRABALHO-TECNICO="Laudo Pericial Contábil - Processo TJRJ 2007209.001326-9 Banco Itaubank SA X Oscar Rodrigues Neto" ANO="2009" PAIS="Brasil" MEIO-DE-DIVULGACAO="IMPRESSO" HOME-PAGE-DO-TRABALHO="" IDIOMA="Bretão" FLAG-RELEVANCIA="NAO" DOI="" TITULO-DO-TRABALHO-TECNICO-INGLES=""/><DETALHAMENTO-DO-TRABALHO-TECNICO FINALIDADE="Prova Judicial" DURACAO-EM-MESES="1" NUMERO-DE-PAGINAS="3" DISPONIBILIDADE="RESTRITA" INSTITUICAO-FINANCIADORA="" CIDADE-DO-TRABALHO="Rio de Janeiro" FINALIDADE-INGLES=""/><AUTORES NOME-COMPLETO-DO-AUTOR="Claudio da Silva Sameiro" NOME-PARA-CITACAO="SAMEIRO, C. S." ORDEM-DE-AUTORIA="1" NRO-ID-CNPQ="1243357067310376"/><PALAVRAS-CHAVE PALAVRA-CHAVE-1="Perícia Contábil" PALAVRA-CHAVE-2="" PALAVRA-CHAVE-3="" PALAVRA-CHAVE-4="" PALAVRA-CHAVE-5="" PALAVRA-CHAVE-6=""/><AREAS-DO-CONHECIMENTO><AREA-DO-CONHECIMENTO-1 NOME-GRANDE-AREA-DO-CONHECIMENTO="CIENCIAS_SOCIAIS_APLICADAS" NOME-DA-AREA-DO-CONHECIMENTO="" NOME-DA-SUB-AREA-DO-CONHECIMENTO="Ciências Contábeis" NOME-DA-ESPECIALIDADE=""/></AREAS-DO-CONHECIMENTO><INFORMACOES-ADICIONAIS DESCRICAO-INFORMACOES-ADICIONAIS="Laudo Pericial Contábil - Processo TJRJ 2007209.001326-9 Banco Itaubank SA X Oscar Rodrigues Neto" DESCRICAO-INFORMACOES-ADICIONAIS-INGLES=""/></TRABALHO-TECNICO><TRABALHO-TECNICO SEQUENCIA-PRODUCAO="26"><DADOS-BASICOS-DO-TRABALHO-TECNICO NATUREZA="PARECER" TITULO-DO-TRABALHO-TECNICO="Laudo Pericial Contábil - Processo TJRJ 2003.026.000864-0 Ramon José Viana de Carvalho X Banco Ford SA" ANO="2010" PAIS="Brasil" MEIO-DE-DIVULGACAO="IMPRESSO" HOME-PAGE-DO-TRABALHO="" IDIOMA="Bretão" FLAG-RELEVANCIA="NAO" DOI="" TITULO-DO-TRABALHO-TECNICO-INGLES=""/><DETALHAMENTO-DO-TRABALHO-TECNICO FINALIDADE="Prova Judicial" DURACAO-EM-MESES="1" NUMERO-DE-PAGINAS="5" DISPONIBILIDADE="RESTRITA" INSTITUICAO-FINANCIADORA="" CIDADE-DO-TRABALHO="Rio de Janeiro" FINALIDADE-INGLES=""/><AUTORES NOME-COMPLETO-DO-AUTOR="Claudio da Silva Sameiro" NOME-PARA-CITACAO="SAMEIRO, C. S." ORDEM-DE-AUTORIA="1" NRO-ID-CNPQ="1243357067310376"/><PALAVRAS-CHAVE PALAVRA-CHAVE-1="Perícia Contábil" PALAVRA-CHAVE-2="" PALAVRA-CHAVE-3="" PALAVRA-CHAVE-4="" PALAVRA-CHAVE-5="" PALAVRA-CHAVE-6=""/><AREAS-DO-CONHECIMENTO><AREA-DO-CONHECIMENTO-1 NOME-GRANDE-AREA-DO-CONHECIMENTO="CIENCIAS_SOCIAIS_APLICADAS" NOME-DA-AREA-DO-CONHECIMENTO="" NOME-DA-SUB-AREA-DO-CONHECIMENTO="Ciências Contábeis" NOME-DA-ESPECIALIDADE=""/></AREAS-DO-CONHECIMENTO><INFORMACOES-ADICIONAIS DESCRICAO-INFORMACOES-ADICIONAIS="Laudo Pericial Contábil - Processo TJRJ 2003.026.000864-0 Ramon José Viana de Carvalho X Banco Ford SA" DESCRICAO-INFORMACOES-ADICIONAIS-INGLES=""/></TRABALHO-TECNICO><TRABALHO-TECNICO SEQUENCIA-PRODUCAO="28"><DADOS-BASICOS-DO-TRABALHO-TECNICO NATUREZA="PARECER" TITULO-DO-TRABALHO-TECNICO="Laudo Pericial Contábil - Processo TJRJ 0014380-12-2008.8.19.0206 Maria Romilia Rocha Alves X Banco Itau SA" ANO="2011" PAIS="Brasil" MEIO-DE-DIVULGACAO="IMPRESSO" HOME-PAGE-DO-TRABALHO="" IDIOMA="Bretão" FLAG-RELEVANCIA="NAO" DOI="" TITULO-DO-TRABALHO-TECNICO-INGLES=""/><DETALHAMENTO-DO-TRABALHO-TECNICO FINALIDADE="Prova Judicial" DURACAO-EM-MESES="1" NUMERO-DE-PAGINAS="4" DISPONIBILIDADE="RESTRITA" INSTITUICAO-FINANCIADORA="" CIDADE-DO-TRABALHO="Rio de Janeiro" FINALIDADE-INGLES=""/><AUTORES NOME-COMPLETO-DO-AUTOR="Claudio da Silva Sameiro" NOME-PARA-CITACAO="SAMEIRO, C. S." ORDEM-DE-AUTORIA="1" NRO-ID-CNPQ="1243357067310376"/><PALAVRAS-CHAVE PALAVRA-CHAVE-1="Perícia Contábil" PALAVRA-CHAVE-2="" PALAVRA-CHAVE-3="" PALAVRA-CHAVE-4="" PALAVRA-CHAVE-5="" PALAVRA-CHAVE-6=""/><AREAS-DO-CONHECIMENTO><AREA-DO-CONHECIMENTO-1 NOME-GRANDE-AREA-DO-CONHECIMENTO="CIENCIAS_SOCIAIS_APLICADAS" NOME-DA-AREA-DO-CONHECIMENTO="" NOME-DA-SUB-AREA-DO-CONHECIMENTO="Ciências Contábeis" NOME-DA-ESPECIALIDADE=""/></AREAS-DO-CONHECIMENTO><INFORMACOES-ADICIONAIS DESCRICAO-INFORMACOES-ADICIONAIS="Laudo Pericial Contábil - Processo TJRJ 0014380-12-2008.8.19.0206 Maria Romilia Rocha Alves X Banco Itau SA" DESCRICAO-INFORMACOES-ADICIONAIS-INGLES=""/></TRABALHO-TECNICO><TRABALHO-TECNICO SEQUENCIA-PRODUCAO="27"><DADOS-BASICOS-DO-TRABALHO-TECNICO NATUREZA="PARECER" TITULO-DO-TRABALHO-TECNICO="Laudo Pericial Contábil - Processo TJRJ 2007.206.005078-1 Eronildes da Silva e Silva X Banco Itau Cartões SA" ANO="2010" PAIS="Brasil" MEIO-DE-DIVULGACAO="IMPRESSO" HOME-PAGE-DO-TRABALHO="" IDIOMA="Bretão" FLAG-RELEVANCIA="NAO" DOI="" TITULO-DO-TRABALHO-TECNICO-INGLES=""/><DETALHAMENTO-DO-TRABALHO-TECNICO FINALIDADE="Prova Judicial" DURACAO-EM-MESES="1" NUMERO-DE-PAGINAS="7" DISPONIBILIDADE="RESTRITA" INSTITUICAO-FINANCIADORA="" CIDADE-DO-TRABALHO="Rio de Janeiro" FINALIDADE-INGLES=""/><AUTORES NOME-COMPLETO-DO-AUTOR="Claudio da Silva Sameiro" NOME-PARA-CITACAO="SAMEIRO, C. S." ORDEM-DE-AUTORIA="1" NRO-ID-CNPQ="1243357067310376"/><PALAVRAS-CHAVE PALAVRA-CHAVE-1="Perícia Contábil" PALAVRA-CHAVE-2="" PALAVRA-CHAVE-3="" PALAVRA-CHAVE-4="" PALAVRA-CHAVE-5="" PALAVRA-CHAVE-6=""/><AREAS-DO-CONHECIMENTO><AREA-DO-CONHECIMENTO-1 NOME-GRANDE-AREA-DO-CONHECIMENTO="CIENCIAS_SOCIAIS_APLICADAS" NOME-DA-AREA-DO-CONHECIMENTO="" NOME-DA-SUB-AREA-DO-CONHECIMENTO="Ciências Contábeis" NOME-DA-ESPECIALIDADE=""/></AREAS-DO-CONHECIMENTO><INFORMACOES-ADICIONAIS DESCRICAO-INFORMACOES-ADICIONAIS="Laudo Pericial Contábil - Processo TJRJ 2007.206.005078-1 Eronildes da Silva e Silva X Banco Itau Cartões SA" DESCRICAO-INFORMACOES-ADICIONAIS-INGLES=""/></TRABALHO-TECNICO><DEMAIS-TIPOS-DE-PRODUCAO-TECNICA><APRESENTACAO-DE-TRABALHO SEQUENCIA-PRODUCAO="39"><DADOS-BASICOS-DA-APRESENTACAO-DE-TRABALHO NATUREZA="OUTRA" TITULO="Balanço Social" ANO="2015" PAIS="Brasil" IDIOMA="Português" FLAG-RELEVANCIA="NAO" DOI="" TITULO-INGLES="Social Accounting" FLAG-DIVULGACAO-CIENTIFICA="NAO"/><DETALHAMENTO-DA-APRESENTACAO-DE-TRABALHO NOME-DO-EVENTO="Dia Mundial do Meio Ambiente" INSTITUICAO-PROMOTORA="Escola TécnicaEstadual Oscar Tenório - ETEOC/FAETEC" LOCAL-DA-APRESENTACAO="Rio de Janeiro" CIDADE-DA-APRESENTACAO="Rio de Janeiro" NOME-DO-EVENTO-INGLES=""/><AUTORES NOME-COMPLETO-DO-AUTOR="Claudio da Silva Sameiro" NOME-PARA-CITACAO="SAMEIRO, C. S." ORDEM-DE-AUTORIA="1" NRO-ID-CNPQ="1243357067310376"/><PALAVRAS-CHAVE PALAVRA-CHAVE-1="balanço social" PALAVRA-CHAVE-2="contabilidade" PALAVRA-CHAVE-3="responsabilidade social empresarial" PALAVRA-CHAVE-4="" PALAVRA-CHAVE-5="" PALAVRA-CHAVE-6=""/><AREAS-DO-CONHECIMENTO><AREA-DO-CONHECIMENTO-1 NOME-GRANDE-AREA-DO-CONHECIMENTO="CIENCIAS_SOCIAIS_APLICADAS" NOME-DA-AREA-DO-CONHECIMENTO="" NOME-DA-SUB-AREA-DO-CONHECIMENTO="Ciências Contábeis" NOME-DA-ESPECIALIDADE=""/></AREAS-DO-CONHECIMENTO><SETORES-DE-ATIVIDADE SETOR-DE-ATIVIDADE-1="Serviços de escritório, de apoio administrativo e outros serviços prestados às empresas" SETOR-DE-ATIVIDADE-2="" SETOR-DE-ATIVIDADE-3=""/></APRESENTACAO-DE-TRABALHO><APRESENTACAO-DE-TRABALHO SEQUENCIA-PRODUCAO="40"><DADOS-BASICOS-DA-APRESENTACAO-DE-TRABALHO NATUREZA="OUTRA" TITULO="Palestra Transparência da Prestação de Contas de Ongs e Oscips" ANO="2015" PAIS="Brasil" IDIOMA="Português" FLAG-RELEVANCIA="NAO" DOI="" TITULO-INGLES="Lecture Transparency Accountability of NGOs and Oscips" FLAG-DIVULGACAO-CIENTIFICA="NAO"/><DETALHAMENTO-DA-APRESENTACAO-DE-TRABALHO NOME-DO-EVENTO="Fórum Unisuam do Terceiro Setor e Lideranças Sociais" INSTITUICAO-PROMOTORA="Centro Universitário Augusto Motta" LOCAL-DA-APRESENTACAO="Rio de Janeiro" CIDADE-DA-APRESENTACAO="Rio de Janeiro" NOME-DO-EVENTO-INGLES=""/><AUTORES NOME-COMPLETO-DO-AUTOR="Claudio da Silva Sameiro" NOME-PARA-CITACAO="SAMEIRO, C. S." ORDEM-DE-AUTORIA="1" NRO-ID-CNPQ="1243357067310376"/><PALAVRAS-CHAVE PALAVRA-CHAVE-1="responsabilidade social empresarial" PALAVRA-CHAVE-2="contabilidade" PALAVRA-CHAVE-3="terceiro setor" PALAVRA-CHAVE-4="" PALAVRA-CHAVE-5="" PALAVRA-CHAVE-6=""/><AREAS-DO-CONHECIMENTO><AREA-DO-CONHECIMENTO-1 NOME-GRANDE-AREA-DO-CONHECIMENTO="CIENCIAS_SOCIAIS_APLICADAS" NOME-DA-AREA-DO-CONHECIMENTO="" NOME-DA-SUB-AREA-DO-CONHECIMENTO="Ciências Contábeis" NOME-DA-ESPECIALIDADE=""/></AREAS-DO-CONHECIMENTO><SETORES-DE-ATIVIDADE SETOR-DE-ATIVIDADE-1="Atividades jurídicas, de contabilidade e de auditoria" SETOR-DE-ATIVIDADE-2="" SETOR-DE-ATIVIDADE-3=""/></APRESENTACAO-DE-TRABALHO><APRESENTACAO-DE-TRABALHO SEQUENCIA-PRODUCAO="41"><DADOS-BASICOS-DA-APRESENTACAO-DE-TRABALHO NATUREZA="CONFERENCIA" TITULO="Transparência da Prestação de Contas de Ongs e Oscips" ANO="2015" PAIS="Brasil" IDIOMA="Bretão" FLAG-RELEVANCIA="NAO" DOI="" TITULO-INGLES="Transparency Accountability of NGOs and Oscips" FLAG-DIVULGACAO-CIENTIFICA="NAO"/><DETALHAMENTO-DA-APRESENTACAO-DE-TRABALHO NOME-DO-EVENTO="VI Fórum Unisuam do Terceiro Setor e Lideranças Sociais da Zona Oeste" INSTITUICAO-PROMOTORA="Centro Universitário Augusto Motta - Unisuam" LOCAL-DA-APRESENTACAO="Rio de Janeiro" CIDADE-DA-APRESENTACAO="Rio de Janeiro" NOME-DO-EVENTO-INGLES=""/><AUTORES NOME-COMPLETO-DO-AUTOR="Claudio da Silva Sameiro" NOME-PARA-CITACAO="SAMEIRO, C. S." ORDEM-DE-AUTORIA="1" NRO-ID-CNPQ="1243357067310376"/><PALAVRAS-CHAVE PALAVRA-CHAVE-1="responsabilidade social empresarial" PALAVRA-CHAVE-2="contabilidade" PALAVRA-CHAVE-3="terceiro setor" PALAVRA-CHAVE-4="" PALAVRA-CHAVE-5="" PALAVRA-CHAVE-6=""/><AREAS-DO-CONHECIMENTO><AREA-DO-CONHECIMENTO-1 NOME-GRANDE-AREA-DO-CONHECIMENTO="CIENCIAS_SOCIAIS_APLICADAS" NOME-DA-AREA-DO-CONHECIMENTO="" NOME-DA-SUB-AREA-DO-CONHECIMENTO="Ciências Contábeis" NOME-DA-ESPECIALIDADE=""/></AREAS-DO-CONHECIMENTO><SETORES-DE-ATIVIDADE SETOR-DE-ATIVIDADE-1="Atividades jurídicas, de contabilidade e de auditoria" SETOR-DE-ATIVIDADE-2="" SETOR-DE-ATIVIDADE-3=""/></APRESENTACAO-DE-TRABALHO><APRESENTACAO-DE-TRABALHO SEQUENCIA-PRODUCAO="38"><DADOS-BASICOS-DA-APRESENTACAO-DE-TRABALHO NATUREZA="SIMPOSIO" TITULO="Quiz com feedback imediato - Uma experiência de sala de aula" ANO="2016" PAIS="Brasil" IDIOMA="Português" FLAG-RELEVANCIA="NAO" DOI="" TITULO-INGLES="Quiz with immediate feedback - A classroom experience" FLAG-DIVULGACAO-CIENTIFICA="NAO"/><DETALHAMENTO-DA-APRESENTACAO-DE-TRABALHO NOME-DO-EVENTO="XV Simpósio Docente - Metodologias Ativas Numa Visão Interdisciplinar" INSTITUICAO-PROMOTORA="Centro Universitário Augusto Motta - Unisuam" LOCAL-DA-APRESENTACAO="Rio de Janeiro" CIDADE-DA-APRESENTACAO="Rio de Janeiro" NOME-DO-EVENTO-INGLES=""/><AUTORES NOME-COMPLETO-DO-AUTOR="Claudio da Silva Sameiro" NOME-PARA-CITACAO="SAMEIRO, C. S." ORDEM-DE-AUTORIA="1" NRO-ID-CNPQ="1243357067310376"/><AREAS-DO-CONHECIMENTO><AREA-DO-CONHECIMENTO-1 NOME-GRANDE-AREA-DO-CONHECIMENTO="CIENCIAS_HUMANAS" NOME-DA-AREA-DO-CONHECIMENTO="" NOME-DA-SUB-AREA-DO-CONHECIMENTO="Ensino-Aprendizagem" NOME-DA-ESPECIALIDADE="Tecnologia Educacional"/></AREAS-DO-CONHECIMENTO><SETORES-DE-ATIVIDADE SETOR-DE-ATIVIDADE-1="Educação" SETOR-DE-ATIVIDADE-2="" SETOR-DE-ATIVIDADE-3=""/></APRESENTACAO-DE-TRABALHO><DESENVOLVIMENTO-DE-MATERIAL-DIDATICO-OU-INSTRUCIONAL SEQUENCIA-PRODUCAO="42"><DADOS-BASICOS-DO-MATERIAL-DIDATICO-OU-INSTRUCIONAL NATUREZA="Revisão e Ampliação dos Conteúdos e Atividades para a Disciplina de Contabilidade Geral" TITULO="Revisão e Ampliação dos Conteúdos e Atividades EAD para a Disciplina de Contabilidade Geral - Universidade Veiga de Almeida" ANO="2016" PAIS="Brasil" IDIOMA="Português" MEIO-DE-DIVULGACAO="HIPERTEXTO" HOME-PAGE-DO-TRABALHO="" FLAG-RELEVANCIA="NAO" DOI="" TITULO-INGLES="" NATUREZA-INGLES="" FLAG-DIVULGACAO-CIENTIFICA="NAO"/><DETALHAMENTO-DO-MATERIAL-DIDATICO-OU-INSTRUCIONAL FINALIDADE="" FINALIDADE-INGLES=""/><AUTORES NOME-COMPLETO-DO-AUTOR="Claudio da Silva Sameiro" NOME-PARA-CITACAO="SAMEIRO, C. S." ORDEM-DE-AUTORIA="1" NRO-ID-CNPQ="1243357067310376"/></DESENVOLVIMENTO-DE-MATERIAL-DIDATICO-OU-INSTRUCIONAL></DEMAIS-TIPOS-DE-PRODUCAO-TECNICA></PRODUCAO-TECNICA><DADOS-COMPLEMENTARES><FORMACAO-COMPLEMENTAR><FORMACAO-COMPLEMENTAR-DE-EXTENSAO-UNIVERSITARIA SEQUENCIA-FORMACAO="9" NIVEL="8" CARGA-HORARIA="33" CODIGO-INSTITUICAO="690000000004" NOME-INSTITUICAO="Babson College" CODIGO-ORGAO="" NOME-ORGAO="" CODIGO-CURSO="90000014" NOME-CURSO="Babson Entrepreneurship Program" STATUS-DO-CURSO="CONCLUIDO" ANO-DE-INICIO="2013" ANO-DE-CONCLUSAO="2013" NOME-CURSO-INGLES=""/><FORMACAO-COMPLEMENTAR-DE-EXTENSAO-UNIVERSITARIA SEQUENCIA-FORMACAO="6" NIVEL="8" CARGA-HORARIA="120" CODIGO-INSTITUICAO="020200000009" NOME-INSTITUICAO="Universidade Federal do Rio de Janeiro" CODIGO-ORGAO="" NOME-ORGAO="" CODIGO-CURSO="90000011" NOME-CURSO="Atualização para Professores de Ensino Médio" STATUS-DO-CURSO="CONCLUIDO" ANO-DE-INICIO="2005" ANO-DE-CONCLUSAO="2005" NOME-CURSO-INGLES=""/><FORMACAO-COMPLEMENTAR-CURSO-DE-CURTA-DURACAO SEQUENCIA-FORMACAO="8" NIVEL="F" CARGA-HORARIA="14" CODIGO-INSTITUICAO="J7OK00000001" NOME-INSTITUICAO="Conselho Regional de Contabilidade do Estado do Rio de Janeiro" CODIGO-ORGAO="" NOME-ORGAO="" CODIGO-CURSO="90000013" NOME-CURSO="Previdência Social - Benefícios" STATUS-DO-CURSO="CONCLUIDO" ANO-DE-INICIO="2008" ANO-DE-CONCLUSAO="2008" NOME-CURSO-INGLES=""/><FORMACAO-COMPLEMENTAR-CURSO-DE-CURTA-DURACAO SEQUENCIA-FORMACAO="17" NIVEL="F" CARGA-HORARIA="24" CODIGO-INSTITUICAO="044900000009" NOME-INSTITUICAO="Instituto Nacional de Estudos e Pesquisas Educacionais Anísio Teixeira" CODIGO-ORGAO="" NOME-ORGAO="" CODIGO-CURSO="90000022" NOME-CURSO="Capacitação para elaboradores de itens do Banco Nacional de Itens (BNI)" STATUS-DO-CURSO="CONCLUIDO" ANO-DE-INICIO="2015" ANO-DE-CONCLUSAO="2015" NOME-CURSO-INGLES=""/><FORMACAO-COMPLEMENTAR-CURSO-DE-CURTA-DURACAO SEQUENCIA-FORMACAO="12" NIVEL="F" CARGA-HORARIA="6" CODIGO-INSTITUICAO="201900000008" NOME-INSTITUICAO="Centro Universitário Augusto Motta" CODIGO-ORGAO="" NOME-ORGAO="" CODIGO-CURSO="90000017" NOME-CURSO="Curso Canvas" STATUS-DO-CURSO="CONCLUIDO" ANO-DE-INICIO="2014" ANO-DE-CONCLUSAO="2014" NOME-CURSO-INGLES=""/><FORMACAO-COMPLEMENTAR-CURSO-DE-CURTA-DURACAO SEQUENCIA-FORMACAO="11" NIVEL="F" CARGA-HORARIA="2" CODIGO-INSTITUICAO="201900000008" NOME-INSTITUICAO="Centro Universitário Augusto Motta" CODIGO-ORGAO="" NOME-ORGAO="" CODIGO-CURSO="90000016" NOME-CURSO="Peer Instruction: Apredizagem em Pares" STATUS-DO-CURSO="CONCLUIDO" ANO-DE-INICIO="2015" ANO-DE-CONCLUSAO="2015" NOME-CURSO-INGLES=""/><FORMACAO-COMPLEMENTAR-CURSO-DE-CURTA-DURACAO SEQUENCIA-FORMACAO="15" NIVEL="F" CARGA-HORARIA="2" CODIGO-INSTITUICAO="201900000008" NOME-INSTITUICAO="Centro Universitário Augusto Motta" CODIGO-ORGAO="" NOME-ORGAO="" CODIGO-CURSO="90000020" NOME-CURSO="Formação Continuada" STATUS-DO-CURSO="CONCLUIDO" ANO-DE-INICIO="2014" ANO-DE-CONCLUSAO="2014" NOME-CURSO-INGLES=""/><FORMACAO-COMPLEMENTAR-CURSO-DE-CURTA-DURACAO SEQUENCIA-FORMACAO="10" NIVEL="F" CARGA-HORARIA="8" CODIGO-INSTITUICAO="J7OK00000001" NOME-INSTITUICAO="Conselho Regional de Contabilidade do Estado do Rio de Janeiro" CODIGO-ORGAO="" NOME-ORGAO="" CODIGO-CURSO="90000015" NOME-CURSO="IFRS/CPC E NBC TG - Teoria e Aplicação - Os Princi" STATUS-DO-CURSO="CONCLUIDO" ANO-DE-INICIO="2014" ANO-DE-CONCLUSAO="2014" NOME-CURSO-INGLES=""/><FORMACAO-COMPLEMENTAR-CURSO-DE-CURTA-DURACAO SEQUENCIA-FORMACAO="7" NIVEL="F" CARGA-HORARIA="11" CODIGO-INSTITUICAO="J7OK00000001" NOME-INSTITUICAO="Conselho Regional de Contabilidade do Estado do Rio de Janeiro" CODIGO-ORGAO="" NOME-ORGAO="" CODIGO-CURSO="90000012" NOME-CURSO="Nota Fiscal Eletrônica" STATUS-DO-CURSO="CONCLUIDO" ANO-DE-INICIO="2008" ANO-DE-CONCLUSAO="2008" NOME-CURSO-INGLES=""/><OUTROS SEQUENCIA-FORMACAO="13" NIVEL="Y" CARGA-HORARIA="2" CODIGO-INSTITUICAO="201900000008" NOME-INSTITUICAO="Centro Universitário Augusto Motta" CODIGO-ORGAO="" NOME-ORGAO="" CODIGO-CURSO="90000018" NOME-CURSO="Oficina da Aula Invertida" STATUS-DO-CURSO="CONCLUIDO" ANO-DE-INICIO="2015" ANO-DE-CONCLUSAO="2015" NOME-CURSO-INGLES=""/><OUTROS SEQUENCIA-FORMACAO="14" NIVEL="Y" CARGA-HORARIA="2013" CODIGO-INSTITUICAO="201900000008" NOME-INSTITUICAO="Centro Universitário Augusto Motta" CODIGO-ORGAO="" NOME-ORGAO="" CODIGO-CURSO="90000019" NOME-CURSO="Palestra Avaliação da Aprendizagem do Ensino Super" STATUS-DO-CURSO="CONCLUIDO" ANO-DE-INICIO="2013" ANO-DE-CONCLUSAO="2013" NOME-CURSO-INGLES=""/><formacoesComplementaresPlana/></FORMACAO-COMPLEMENTAR><PARTICIPACAO-EM-BANCA-TRABALHOS-CONCLUSAO><PARTICIPACAO-EM-BANCA-DE-GRADUACAO SEQUENCIA-PRODUCAO="4"><DADOS-BASICOS-DA-PARTICIPACAO-EM-BANCA-DE-GRADUACAO NATUREZA="Graduação" TITULO="A Importância do Sistema de Informação sobre Orçamento Público em Educação" ANO="2013" PAIS="Brasil" IDIOMA="Português" HOME-PAGE="" DOI="" TITULO-INGLES=""/><DETALHAMENTO-DA-PARTICIPACAO-EM-BANCA-DE-GRADUACAO NOME-DO-CANDIDATO="Adriana Carla Nepomuceno Ferreira Bastos" CODIGO-INSTITUICAO="201900000008" NOME-INSTITUICAO="Centro Universitário Augusto Motta" CODIGO-ORGAO="" NOME-ORGAO="" CODIGO-CURSO="60141654" NOME-CURSO="Ciências Contábeis" NOME-CURSO-INGLES=""/><PARTICIPANTE-BANCA NOME-COMPLETO-DO-PARTICIPANTE-DA-BANCA="Adriana Carla Nepomuceno Ferreira Bastos" NOME-PARA-CITACAO-DO-PARTICIPANTE-DA-BANCA="BASTOS, Adriana Carla N. F." ORDEM-PARTICIPANTE="1" NRO-ID-CNPQ=""/><PARTICIPANTE-BANCA NOME-COMPLETO-DO-PARTICIPANTE-DA-BANCA="Sergio Correa Barbosa" NOME-PARA-CITACAO-DO-PARTICIPANTE-DA-BANCA="BARBOSA, Sergio C." ORDEM-PARTICIPANTE="3" NRO-ID-CNPQ=""/><PARTICIPANTE-BANCA NOME-COMPLETO-DO-PARTICIPANTE-DA-BANCA="Marcelo Jácomo Lemos" NOME-PARA-CITACAO-DO-PARTICIPANTE-DA-BANCA="Marcelo J. Lemos" ORDEM-PARTICIPANTE="4" NRO-ID-CNPQ=""/><PARTICIPANTE-BANCA NOME-COMPLETO-DO-PARTICIPANTE-DA-BANCA="Claudio da Silva Sameiro" NOME-PARA-CITACAO-DO-PARTICIPANTE-DA-BANCA="SAMEIRO, C. S." ORDEM-PARTICIPANTE="2" NRO-ID-CNPQ="1243357067310376"/><PALAVRAS-CHAVE PALAVRA-CHAVE-1="Orçamento público" PALAVRA-CHAVE-2="Sistema de Informação" PALAVRA-CHAVE-3="" PALAVRA-CHAVE-4="" PALAVRA-CHAVE-5="" PALAVRA-CHAVE-6=""/><AREAS-DO-CONHECIMENTO><AREA-DO-CONHECIMENTO-1 NOME-GRANDE-AREA-DO-CONHECIMENTO="CIENCIAS_SOCIAIS_APLICADAS" NOME-DA-AREA-DO-CONHECIMENTO="" NOME-DA-SUB-AREA-DO-CONHECIMENTO="Administração Pública" NOME-DA-ESPECIALIDADE="Contabilidade e Finanças Públicas"/></AREAS-DO-CONHECIMENTO></PARTICIPACAO-EM-BANCA-DE-GRADUACAO><PARTICIPACAO-EM-BANCA-DE-GRADUACAO SEQUENCIA-PRODUCAO="5"><DADOS-BASICOS-DA-PARTICIPACAO-EM-BANCA-DE-GRADUACAO NATUREZA="Graduação" TITULO="Planejamento de Auditoria Externa" ANO="2013" PAIS="Brasil" IDIOMA="Português" HOME-PAGE="" DOI="" TITULO-INGLES=""/><DETALHAMENTO-DA-PARTICIPACAO-EM-BANCA-DE-GRADUACAO NOME-DO-CANDIDATO="Priscilla Cristine C. da Silva" CODIGO-INSTITUICAO="201900000008" NOME-INSTITUICAO="Centro Universitário Augusto Motta" CODIGO-ORGAO="" NOME-ORGAO="" CODIGO-CURSO="60141654" NOME-CURSO="Ciências Contábeis" NOME-CURSO-INGLES=""/><PARTICIPANTE-BANCA NOME-COMPLETO-DO-PARTICIPANTE-DA-BANCA="Sergio Correa Barbosa" NOME-PARA-CITACAO-DO-PARTICIPANTE-DA-BANCA="BARBOSA, Sergio C." ORDEM-PARTICIPANTE="2" NRO-ID-CNPQ=""/><PARTICIPANTE-BANCA NOME-COMPLETO-DO-PARTICIPANTE-DA-BANCA="Marcelo Jácomo Lemos" NOME-PARA-CITACAO-DO-PARTICIPANTE-DA-BANCA="Marcelo J. Lemos" ORDEM-PARTICIPANTE="1" NRO-ID-CNPQ=""/><PARTICIPANTE-BANCA NOME-COMPLETO-DO-PARTICIPANTE-DA-BANCA="Claudio da Silva Sameiro" NOME-PARA-CITACAO-DO-PARTICIPANTE-DA-BANCA="SAMEIRO, C. S." ORDEM-PARTICIPANTE="3" NRO-ID-CNPQ="1243357067310376"/></PARTICIPACAO-EM-BANCA-DE-GRADUACAO><PARTICIPACAO-EM-BANCA-DE-GRADUACAO SEQUENCIA-PRODUCAO="6"><DADOS-BASICOS-DA-PARTICIPACAO-EM-BANCA-DE-GRADUACAO NATUREZA="Graduação" TITULO="A Essencialidade dos Preceitos Éticos na Contabilidade" ANO="2013" PAIS="Brasil" IDIOMA="Português" HOME-PAGE="" DOI="" TITULO-INGLES=""/><DETALHAMENTO-DA-PARTICIPACAO-EM-BANCA-DE-GRADUACAO NOME-DO-CANDIDATO="Fabiana Alves Ferreira" CODIGO-INSTITUICAO="201900000008" NOME-INSTITUICAO="Centro Universitário Augusto Motta" CODIGO-ORGAO="" NOME-ORGAO="" CODIGO-CURSO="60141654" NOME-CURSO="Ciências Contábeis" NOME-CURSO-INGLES=""/><PARTICIPANTE-BANCA NOME-COMPLETO-DO-PARTICIPANTE-DA-BANCA="Sergio Correa Barbosa" NOME-PARA-CITACAO-DO-PARTICIPANTE-DA-BANCA="BARBOSA, Sergio C." ORDEM-PARTICIPANTE="2" NRO-ID-CNPQ=""/><PARTICIPANTE-BANCA NOME-COMPLETO-DO-PARTICIPANTE-DA-BANCA="Marcelo Jácomo Lemos" NOME-PARA-CITACAO-DO-PARTICIPANTE-DA-BANCA="Marcelo J. Lemos" ORDEM-PARTICIPANTE="1" NRO-ID-CNPQ=""/><PARTICIPANTE-BANCA NOME-COMPLETO-DO-PARTICIPANTE-DA-BANCA="Claudio da Silva Sameiro" NOME-PARA-CITACAO-DO-PARTICIPANTE-DA-BANCA="SAMEIRO, C. S." ORDEM-PARTICIPANTE="3" NRO-ID-CNPQ="1243357067310376"/></PARTICIPACAO-EM-BANCA-DE-GRADUACAO><PARTICIPACAO-EM-BANCA-DE-GRADUACAO SEQUENCIA-PRODUCAO="7"><DADOS-BASICOS-DA-PARTICIPACAO-EM-BANCA-DE-GRADUACAO NATUREZA="Graduação" TITULO="Perícia Contábil Judicial: Sua Importância para Elucidação de Litígios" ANO="2013" PAIS="Brasil" IDIOMA="Português" HOME-PAGE="" DOI="" TITULO-INGLES=""/><DETALHAMENTO-DA-PARTICIPACAO-EM-BANCA-DE-GRADUACAO NOME-DO-CANDIDATO="Abigail M. Mendonça" CODIGO-INSTITUICAO="201900000008" NOME-INSTITUICAO="Centro Universitário Augusto Motta" CODIGO-ORGAO="" NOME-ORGAO="" CODIGO-CURSO="60141654" NOME-CURSO="Ciências Contábeis" NOME-CURSO-INGLES=""/><PARTICIPANTE-BANCA NOME-COMPLETO-DO-PARTICIPANTE-DA-BANCA="Sergio Correa Barbosa" NOME-PARA-CITACAO-DO-PARTICIPANTE-DA-BANCA="BARBOSA, Sergio C." ORDEM-PARTICIPANTE="2" NRO-ID-CNPQ=""/><PARTICIPANTE-BANCA NOME-COMPLETO-DO-PARTICIPANTE-DA-BANCA="Marcelo Jácomo Lemos" NOME-PARA-CITACAO-DO-PARTICIPANTE-DA-BANCA="Marcelo J. Lemos" ORDEM-PARTICIPANTE="1" NRO-ID-CNPQ=""/><PARTICIPANTE-BANCA NOME-COMPLETO-DO-PARTICIPANTE-DA-BANCA="Claudio da Silva Sameiro" NOME-PARA-CITACAO-DO-PARTICIPANTE-DA-BANCA="SAMEIRO, C. S." ORDEM-PARTICIPANTE="3" NRO-ID-CNPQ="1243357067310376"/></PARTICIPACAO-EM-BANCA-DE-GRADUACAO><PARTICIPACAO-EM-BANCA-DE-GRADUACAO SEQUENCIA-PRODUCAO="8"><DADOS-BASICOS-DA-PARTICIPACAO-EM-BANCA-DE-GRADUACAO NATUREZA="Graduação" TITULO="Ética na Profissão Contábil" ANO="2013" PAIS="Brasil" IDIOMA="Português" HOME-PAGE="" DOI="" TITULO-INGLES=""/><DETALHAMENTO-DA-PARTICIPACAO-EM-BANCA-DE-GRADUACAO NOME-DO-CANDIDATO="Gabriela Silva" CODIGO-INSTITUICAO="201900000008" NOME-INSTITUICAO="Centro Universitário Augusto Motta" CODIGO-ORGAO="" NOME-ORGAO="" CODIGO-CURSO="60141654" NOME-CURSO="Ciências Contábeis" NOME-CURSO-INGLES=""/><PARTICIPANTE-BANCA NOME-COMPLETO-DO-PARTICIPANTE-DA-BANCA="Sergio Correa Barbosa" NOME-PARA-CITACAO-DO-PARTICIPANTE-DA-BANCA="BARBOSA, Sergio C." ORDEM-PARTICIPANTE="2" NRO-ID-CNPQ=""/><PARTICIPANTE-BANCA NOME-COMPLETO-DO-PARTICIPANTE-DA-BANCA="Marcelo Jácomo Lemos" NOME-PARA-CITACAO-DO-PARTICIPANTE-DA-BANCA="Marcelo J. Lemos" ORDEM-PARTICIPANTE="1" NRO-ID-CNPQ=""/><PARTICIPANTE-BANCA NOME-COMPLETO-DO-PARTICIPANTE-DA-BANCA="Claudio da Silva Sameiro" NOME-PARA-CITACAO-DO-PARTICIPANTE-DA-BANCA="SAMEIRO, C. S." ORDEM-PARTICIPANTE="3" NRO-ID-CNPQ="1243357067310376"/></PARTICIPACAO-EM-BANCA-DE-GRADUACAO><PARTICIPACAO-EM-BANCA-DE-GRADUACAO SEQUENCIA-PRODUCAO="9"><DADOS-BASICOS-DA-PARTICIPACAO-EM-BANCA-DE-GRADUACAO NATUREZA="Graduação" TITULO="Análise Comparativa dos Métodos de Custeio por Absorção x Variável" ANO="2013" PAIS="Brasil" IDIOMA="Português" HOME-PAGE="" DOI="" TITULO-INGLES=""/><DETALHAMENTO-DA-PARTICIPACAO-EM-BANCA-DE-GRADUACAO NOME-DO-CANDIDATO="Eduardo Francisco" CODIGO-INSTITUICAO="201900000008" NOME-INSTITUICAO="Centro Universitário Augusto Motta" CODIGO-ORGAO="" NOME-ORGAO="" CODIGO-CURSO="60141654" NOME-CURSO="Ciências Contábeis" NOME-CURSO-INGLES=""/><PARTICIPANTE-BANCA NOME-COMPLETO-DO-PARTICIPANTE-DA-BANCA="Sergio Correa Barbosa" NOME-PARA-CITACAO-DO-PARTICIPANTE-DA-BANCA="BARBOSA, Sergio C." ORDEM-PARTICIPANTE="2" NRO-ID-CNPQ=""/><PARTICIPANTE-BANCA NOME-COMPLETO-DO-PARTICIPANTE-DA-BANCA="Marcelo Jácomo Lemos" NOME-PARA-CITACAO-DO-PARTICIPANTE-DA-BANCA="Marcelo J. Lemos" ORDEM-PARTICIPANTE="1" NRO-ID-CNPQ=""/><PARTICIPANTE-BANCA NOME-COMPLETO-DO-PARTICIPANTE-DA-BANCA="Claudio da Silva Sameiro" NOME-PARA-CITACAO-DO-PARTICIPANTE-DA-BANCA="SAMEIRO, C. S." ORDEM-PARTICIPANTE="3" NRO-ID-CNPQ="1243357067310376"/></PARTICIPACAO-EM-BANCA-DE-GRADUACAO><PARTICIPACAO-EM-BANCA-DE-GRADUACAO SEQUENCIA-PRODUCAO="10"><DADOS-BASICOS-DA-PARTICIPACAO-EM-BANCA-DE-GRADUACAO NATUREZA="Graduação" TITULO="Substituição Tributária: Benefícios para o Estado do Rio de Janeiro e Desvantagem para o Contribuinte" ANO="2013" PAIS="Brasil" IDIOMA="Português" HOME-PAGE="" DOI="" TITULO-INGLES=""/><DETALHAMENTO-DA-PARTICIPACAO-EM-BANCA-DE-GRADUACAO NOME-DO-CANDIDATO="Cristiane Marques de Braga e Silva" CODIGO-INSTITUICAO="201900000008" NOME-INSTITUICAO="Centro Universitário Augusto Motta" CODIGO-ORGAO="" NOME-ORGAO="" CODIGO-CURSO="60141654" NOME-CURSO="Ciências Contábeis" NOME-CURSO-INGLES=""/><PARTICIPANTE-BANCA NOME-COMPLETO-DO-PARTICIPANTE-DA-BANCA="Sergio Correa Barbosa" NOME-PARA-CITACAO-DO-PARTICIPANTE-DA-BANCA="BARBOSA, Sergio C." ORDEM-PARTICIPANTE="2" NRO-ID-CNPQ=""/><PARTICIPANTE-BANCA NOME-COMPLETO-DO-PARTICIPANTE-DA-BANCA="Marcelo Jácomo Lemos" NOME-PARA-CITACAO-DO-PARTICIPANTE-DA-BANCA="Marcelo J. Lemos" ORDEM-PARTICIPANTE="1" NRO-ID-CNPQ=""/><PARTICIPANTE-BANCA NOME-COMPLETO-DO-PARTICIPANTE-DA-BANCA="Claudio da Silva Sameiro" NOME-PARA-CITACAO-DO-PARTICIPANTE-DA-BANCA="SAMEIRO, C. S." ORDEM-PARTICIPANTE="3" NRO-ID-CNPQ="1243357067310376"/></PARTICIPACAO-EM-BANCA-DE-GRADUACAO><PARTICIPACAO-EM-BANCA-DE-GRADUACAO SEQUENCIA-PRODUCAO="11"><DADOS-BASICOS-DA-PARTICIPACAO-EM-BANCA-DE-GRADUACAO NATUREZA="Graduação" TITULO="CPC PME: Sua Adoção já foi feita por todos as MEs?" ANO="2013" PAIS="Brasil" IDIOMA="Português" HOME-PAGE="" DOI="" TITULO-INGLES=""/><DETALHAMENTO-DA-PARTICIPACAO-EM-BANCA-DE-GRADUACAO NOME-DO-CANDIDATO="Tatiana de O. Chaves" CODIGO-INSTITUICAO="201900000008" NOME-INSTITUICAO="Centro Universitário Augusto Motta" CODIGO-ORGAO="" NOME-ORGAO="" CODIGO-CURSO="60141654" NOME-CURSO="Ciências Contábeis" NOME-CURSO-INGLES=""/><PARTICIPANTE-BANCA NOME-COMPLETO-DO-PARTICIPANTE-DA-BANCA="Sergio Correa Barbosa" NOME-PARA-CITACAO-DO-PARTICIPANTE-DA-BANCA="BARBOSA, Sergio C." ORDEM-PARTICIPANTE="2" NRO-ID-CNPQ=""/><PARTICIPANTE-BANCA NOME-COMPLETO-DO-PARTICIPANTE-DA-BANCA="Marcelo Jácomo Lemos" NOME-PARA-CITACAO-DO-PARTICIPANTE-DA-BANCA="Marcelo J. Lemos" ORDEM-PARTICIPANTE="1" NRO-ID-CNPQ=""/><PARTICIPANTE-BANCA NOME-COMPLETO-DO-PARTICIPANTE-DA-BANCA="Claudio da Silva Sameiro" NOME-PARA-CITACAO-DO-PARTICIPANTE-DA-BANCA="SAMEIRO, C. S." ORDEM-PARTICIPANTE="3" NRO-ID-CNPQ="1243357067310376"/></PARTICIPACAO-EM-BANCA-DE-GRADUACAO><PARTICIPACAO-EM-BANCA-DE-GRADUACAO SEQUENCIA-PRODUCAO="12"><DADOS-BASICOS-DA-PARTICIPACAO-EM-BANCA-DE-GRADUACAO NATUREZA="Graduação" TITULO="O Desafio do SPED na Realidade dos Escritórios Contábeis" ANO="2013" PAIS="Brasil" IDIOMA="Português" HOME-PAGE="" DOI="" TITULO-INGLES=""/><DETALHAMENTO-DA-PARTICIPACAO-EM-BANCA-DE-GRADUACAO NOME-DO-CANDIDATO="Heber Brum" CODIGO-INSTITUICAO="201900000008" NOME-INSTITUICAO="Centro Universitário Augusto Motta" CODIGO-ORGAO="" NOME-ORGAO="" CODIGO-CURSO="60141654" NOME-CURSO="Ciências Contábeis" NOME-CURSO-INGLES=""/><PARTICIPANTE-BANCA NOME-COMPLETO-DO-PARTICIPANTE-DA-BANCA="Sergio Correa Barbosa" NOME-PARA-CITACAO-DO-PARTICIPANTE-DA-BANCA="BARBOSA, Sergio C." ORDEM-PARTICIPANTE="2" NRO-ID-CNPQ=""/><PARTICIPANTE-BANCA NOME-COMPLETO-DO-PARTICIPANTE-DA-BANCA="Marcelo Jácomo Lemos" NOME-PARA-CITACAO-DO-PARTICIPANTE-DA-BANCA="Marcelo J. Lemos" ORDEM-PARTICIPANTE="1" NRO-ID-CNPQ=""/><PARTICIPANTE-BANCA NOME-COMPLETO-DO-PARTICIPANTE-DA-BANCA="Claudio da Silva Sameiro" NOME-PARA-CITACAO-DO-PARTICIPANTE-DA-BANCA="SAMEIRO, C. S." ORDEM-PARTICIPANTE="3" NRO-ID-CNPQ="1243357067310376"/></PARTICIPACAO-EM-BANCA-DE-GRADUACAO><PARTICIPACAO-EM-BANCA-DE-GRADUACAO SEQUENCIA-PRODUCAO="13"><DADOS-BASICOS-DA-PARTICIPACAO-EM-BANCA-DE-GRADUACAO NATUREZA="Graduação" TITULO="A Importância do Simples Nacional na Vida das ME/EPP" ANO="2013" PAIS="Brasil" IDIOMA="Português" HOME-PAGE="" DOI="" TITULO-INGLES=""/><DETALHAMENTO-DA-PARTICIPACAO-EM-BANCA-DE-GRADUACAO NOME-DO-CANDIDATO="Manoel Ferreira B. Neto" CODIGO-INSTITUICAO="201900000008" NOME-INSTITUICAO="Centro Universitário Augusto Motta" CODIGO-ORGAO="" NOME-ORGAO="" CODIGO-CURSO="60141654" NOME-CURSO="Ciências Contábeis" NOME-CURSO-INGLES=""/><PARTICIPANTE-BANCA NOME-COMPLETO-DO-PARTICIPANTE-DA-BANCA="Sergio Correa Barbosa" NOME-PARA-CITACAO-DO-PARTICIPANTE-DA-BANCA="BARBOSA, Sergio C." ORDEM-PARTICIPANTE="2" NRO-ID-CNPQ=""/><PARTICIPANTE-BANCA NOME-COMPLETO-DO-PARTICIPANTE-DA-BANCA="Marcelo Jácomo Lemos" NOME-PARA-CITACAO-DO-PARTICIPANTE-DA-BANCA="Marcelo J. Lemos" ORDEM-PARTICIPANTE="1" NRO-ID-CNPQ=""/><PARTICIPANTE-BANCA NOME-COMPLETO-DO-PARTICIPANTE-DA-BANCA="Claudio da Silva Sameiro" NOME-PARA-CITACAO-DO-PARTICIPANTE-DA-BANCA="SAMEIRO, C. S." ORDEM-PARTICIPANTE="3" NRO-ID-CNPQ="1243357067310376"/></PARTICIPACAO-EM-BANCA-DE-GRADUACAO></PARTICIPACAO-EM-BANCA-TRABALHOS-CONCLUSAO><PARTICIPACAO-EM-BANCA-JULGADORA><OUTRAS-BANCAS-JULGADORAS SEQUENCIA-PRODUCAO="20"><DADOS-BASICOS-DE-OUTRAS-BANCAS-JULGADORAS TIPO="" NATUREZA="Outra" TITULO="4º Meeting Empreendedor Unisuam 2015" ANO="2015" PAIS="Brasil" IDIOMA="Português" HOME-PAGE="" DOI="" TITULO-INGLES="" TIPO-INGLES=""/><DETALHAMENTO-DE-OUTRAS-BANCAS-JULGADORAS CODIGO-INSTITUICAO="201900000008" NOME-INSTITUICAO="Centro Universitário Augusto Motta"/><PARTICIPANTE-BANCA NOME-COMPLETO-DO-PARTICIPANTE-DA-BANCA="Claudio da Silva Sameiro" NOME-PARA-CITACAO-DO-PARTICIPANTE-DA-BANCA="SAMEIRO, C. S." ORDEM-PARTICIPANTE="1" NRO-ID-CNPQ="1243357067310376"/><AREAS-DO-CONHECIMENTO><AREA-DO-CONHECIMENTO-1 NOME-GRANDE-AREA-DO-CONHECIMENTO="CIENCIAS_SOCIAIS_APLICADAS" NOME-DA-AREA-DO-CONHECIMENTO="" NOME-DA-SUB-AREA-DO-CONHECIMENTO="Administração de Empresas" NOME-DA-ESPECIALIDADE=""/></AREAS-DO-CONHECIMENTO><INFORMACOES-ADICIONAIS DESCRICAO-INFORMACOES-ADICIONAIS="A Quarta Edição do Meeting Empreendedor UNISUAM, aconteceu no Auditório UNISUAM, Unidade Bonsucesso, nos dias 16 e 23 de maio, e mostrou que existe a possibilidade de passar por qualquer instabilidade econômica, tendo bons lucros com o desenvolvimento de ideias inovadoras, e que ainda por cima, promovem transformações sociais.  A proposta do Meeting é criar um ambiente propício para o desenvolvimento de empreendimentos, a partir de ideias inovadoras. Tudo no evento foi pensado para criar uma atmosfera de novidade, de excitamento, de criatividade e de negócios.  Mais do que a ideia em si, o evento propõe a experiência de formar times/equipes de empreendedores ligados a uma ideia, que desejam juntar suas experiências, competências e habilidades para a geração de negócios e empreendimentos de valor." DESCRICAO-INFORMACOES-ADICIONAIS-INGLES=""/></OUTRAS-BANCAS-JULGADORAS></PARTICIPACAO-EM-BANCA-JULGADORA><PARTICIPACAO-EM-EVENTOS-CONGRESSOS><PARTICIPACAO-EM-SIMPOSIO SEQUENCIA-PRODUCAO="16"><PARTICIPANTE-DE-EVENTOS-CONGRESSOS NOME-COMPLETO-DO-PARTICIPANTE-DE-EVENTOS-CONGRESSOS="Claudio da Silva Sameiro" NOME-PARA-CITACAO-DO-PARTICIPANTE-DE-EVENTOS-CONGRESSOS="SAMEIRO, C. S." ORDEM-PARTICIPANTE="1" NRO-ID-CNPQ="1243357067310376"/><DADOS-BASICOS-DA-PARTICIPACAO-EM-SIMPOSIO NATUREZA="Simpósio" TITULO="" ANO="2011" PAIS="Brasil" IDIOMA="" MEIO-DE-DIVULGACAO="NAO_INFORMADO" HOME-PAGE-DO-TRABALHO="" FLAG-RELEVANCIA="NAO" TIPO-PARTICIPACAO="" FORMA-PARTICIPACAO="Ouvinte" DOI="" TITULO-INGLES="" FLAG-DIVULGACAO-CIENTIFICA="NAO"/><DETALHAMENTO-DA-PARTICIPACAO-EM-SIMPOSIO NOME-DO-EVENTO="V Simpósio de Docência Superior Unisuam: Complexidades e Possibilidades na Educação Superior" CODIGO-INSTITUICAO="" NOME-INSTITUICAO="" LOCAL-DO-EVENTO="" CIDADE-DO-EVENTO="Rio de Janeiro" NOME-DO-EVENTO-INGLES=""/></PARTICIPACAO-EM-SIMPOSIO><PARTICIPACAO-EM-SIMPOSIO SEQUENCIA-PRODUCAO="18"><PARTICIPANTE-DE-EVENTOS-CONGRESSOS NOME-COMPLETO-DO-PARTICIPANTE-DE-EVENTOS-CONGRESSOS="Claudio da Silva Sameiro" NOME-PARA-CITACAO-DO-PARTICIPANTE-DE-EVENTOS-CONGRESSOS="SAMEIRO, C. S." ORDEM-PARTICIPANTE="1" NRO-ID-CNPQ="1243357067310376"/><DADOS-BASICOS-DA-PARTICIPACAO-EM-SIMPOSIO NATUREZA="Simpósio" TITULO="" ANO="2013" PAIS="Brasil" IDIOMA="" MEIO-DE-DIVULGACAO="NAO_INFORMADO" HOME-PAGE-DO-TRABALHO="" FLAG-RELEVANCIA="NAO" TIPO-PARTICIPACAO="" FORMA-PARTICIPACAO="Ouvinte" DOI="" TITULO-INGLES="" FLAG-DIVULGACAO-CIENTIFICA="NAO"/><DETALHAMENTO-DA-PARTICIPACAO-EM-SIMPOSIO NOME-DO-EVENTO="IX Simposio Docente Unisuam" CODIGO-INSTITUICAO="" NOME-INSTITUICAO="" LOCAL-DO-EVENTO="" CIDADE-DO-EVENTO="Rio de Janeiro" NOME-DO-EVENTO-INGLES=""/></PARTICIPACAO-EM-SIMPOSIO><PARTICIPACAO-EM-SIMPOSIO SEQUENCIA-PRODUCAO="19"><PARTICIPANTE-DE-EVENTOS-CONGRESSOS NOME-COMPLETO-DO-PARTICIPANTE-DE-EVENTOS-CONGRESSOS="Claudio da Silva Sameiro" NOME-PARA-CITACAO-DO-PARTICIPANTE-DE-EVENTOS-CONGRESSOS="SAMEIRO, C. S." ORDEM-PARTICIPANTE="1" NRO-ID-CNPQ="1243357067310376"/><DADOS-BASICOS-DA-PARTICIPACAO-EM-SIMPOSIO NATUREZA="Simpósio" TITULO="" ANO="2015" PAIS="Brasil" IDIOMA="" MEIO-DE-DIVULGACAO="NAO_INFORMADO" HOME-PAGE-DO-TRABALHO="" FLAG-RELEVANCIA="NAO" TIPO-PARTICIPACAO="" FORMA-PARTICIPACAO="Ouvinte" DOI="" TITULO-INGLES="" FLAG-DIVULGACAO-CIENTIFICA="NAO"/><DETALHAMENTO-DA-PARTICIPACAO-EM-SIMPOSIO NOME-DO-EVENTO="XII Simposio Docente Unisuam" CODIGO-INSTITUICAO="" NOME-INSTITUICAO="" LOCAL-DO-EVENTO="" CIDADE-DO-EVENTO="Rio de Janeiro" NOME-DO-EVENTO-INGLES=""/></PARTICIPACAO-EM-SIMPOSIO><PARTICIPACAO-EM-SIMPOSIO SEQUENCIA-PRODUCAO="15"><PARTICIPANTE-DE-EVENTOS-CONGRESSOS NOME-COMPLETO-DO-PARTICIPANTE-DE-EVENTOS-CONGRESSOS="Claudio da Silva Sameiro" NOME-PARA-CITACAO-DO-PARTICIPANTE-DE-EVENTOS-CONGRESSOS="SAMEIRO, C. S." ORDEM-PARTICIPANTE="1" NRO-ID-CNPQ="1243357067310376"/><DADOS-BASICOS-DA-PARTICIPACAO-EM-SIMPOSIO NATUREZA="Simpósio" TITULO="" ANO="2012" PAIS="Brasil" IDIOMA="" MEIO-DE-DIVULGACAO="NAO_INFORMADO" HOME-PAGE-DO-TRABALHO="" FLAG-RELEVANCIA="NAO" TIPO-PARTICIPACAO="" FORMA-PARTICIPACAO="Ouvinte" DOI="" TITULO-INGLES="" FLAG-DIVULGACAO-CIENTIFICA="NAO"/><DETALHAMENTO-DA-PARTICIPACAO-EM-SIMPOSIO NOME-DO-EVENTO="VIII Simpósio Docente Unisuam" CODIGO-INSTITUICAO="" NOME-INSTITUICAO="" LOCAL-DO-EVENTO="" CIDADE-DO-EVENTO="Rio de Janeiro" NOME-DO-EVENTO-INGLES=""/></PARTICIPACAO-EM-SIMPOSIO><PARTICIPACAO-EM-SIMPOSIO SEQUENCIA-PRODUCAO="37"><PARTICIPANTE-DE-EVENTOS-CONGRESSOS NOME-COMPLETO-DO-PARTICIPANTE-DE-EVENTOS-CONGRESSOS="Claudio da Silva Sameiro" NOME-PARA-CITACAO-DO-PARTICIPANTE-DE-EVENTOS-CONGRESSOS="SAMEIRO, C. S." ORDEM-PARTICIPANTE="1" NRO-ID-CNPQ="1243357067310376"/><DADOS-BASICOS-DA-PARTICIPACAO-EM-SIMPOSIO NATUREZA="Simpósio" TITULO="Quiz com feedback imediato - Uma experiência de sala de aula" ANO="2016" PAIS="Brasil" IDIOMA="" MEIO-DE-DIVULGACAO="NAO_INFORMADO" HOME-PAGE-DO-TRABALHO="" FLAG-RELEVANCIA="NAO" TIPO-PARTICIPACAO="Apresentação Oral" FORMA-PARTICIPACAO="Participante" DOI="" TITULO-INGLES="Quiz with immediate feedback - A classroom experience" FLAG-DIVULGACAO-CIENTIFICA="NAO"/><DETALHAMENTO-DA-PARTICIPACAO-EM-SIMPOSIO NOME-DO-EVENTO="XV Simpósio Docente - Metodologias Ativas Numa Visão Interdisciplinar" CODIGO-INSTITUICAO="" NOME-INSTITUICAO="" LOCAL-DO-EVENTO="" CIDADE-DO-EVENTO="Rio de Janeiro" NOME-DO-EVENTO-INGLES=""/></PARTICIPACAO-EM-SIMPOSIO><PARTICIPACAO-EM-SIMPOSIO SEQUENCIA-PRODUCAO="17"><PARTICIPANTE-DE-EVENTOS-CONGRESSOS NOME-COMPLETO-DO-PARTICIPANTE-DE-EVENTOS-CONGRESSOS="Claudio da Silva Sameiro" NOME-PARA-CITACAO-DO-PARTICIPANTE-DE-EVENTOS-CONGRESSOS="SAMEIRO, C. S." ORDEM-PARTICIPANTE="1" NRO-ID-CNPQ="1243357067310376"/><DADOS-BASICOS-DA-PARTICIPACAO-EM-SIMPOSIO NATUREZA="Simpósio" TITULO="" ANO="2012" PAIS="Brasil" IDIOMA="" MEIO-DE-DIVULGACAO="NAO_INFORMADO" HOME-PAGE-DO-TRABALHO="" FLAG-RELEVANCIA="NAO" TIPO-PARTICIPACAO="" FORMA-PARTICIPACAO="Ouvinte" DOI="" TITULO-INGLES="" FLAG-DIVULGACAO-CIENTIFICA="NAO"/><DETALHAMENTO-DA-PARTICIPACAO-EM-SIMPOSIO NOME-DO-EVENTO="VI Simpósio Docente Superior Unisuam" CODIGO-INSTITUICAO="" NOME-INSTITUICAO="" LOCAL-DO-EVENTO="" CIDADE-DO-EVENTO="Rio de Janeiro" NOME-DO-EVENTO-INGLES=""/></PARTICIPACAO-EM-SIMPOSIO><PARTICIPACAO-EM-ENCONTRO SEQUENCIA-PRODUCAO="43"><PARTICIPANTE-DE-EVENTOS-CONGRESSOS NOME-COMPLETO-DO-PARTICIPANTE-DE-EVENTOS-CONGRESSOS="Claudio da Silva Sameiro" NOME-PARA-CITACAO-DO-PARTICIPANTE-DE-EVENTOS-CONGRESSOS="SAMEIRO, C. S." ORDEM-PARTICIPANTE="1" NRO-ID-CNPQ="1243357067310376"/><DADOS-BASICOS-DA-PARTICIPACAO-EM-ENCONTRO NATUREZA="Encontro" TITULO="A Importância da Contabilidade para a Sociedade e o Mercado de Trabalho" ANO="2016" PAIS="Brasil" IDIOMA="" MEIO-DE-DIVULGACAO="NAO_INFORMADO" HOME-PAGE-DO-TRABALHO="" FLAG-RELEVANCIA="NAO" TIPO-PARTICIPACAO="Apresentação oral" FORMA-PARTICIPACAO="Participante" DOI="" TITULO-INGLES="" FLAG-DIVULGACAO-CIENTIFICA="NAO"/><DETALHAMENTO-DA-PARTICIPACAO-EM-ENCONTRO NOME-DO-EVENTO="Semana da Contabilidade Unisuam 2016" CODIGO-INSTITUICAO="" NOME-INSTITUICAO="" LOCAL-DO-EVENTO="" CIDADE-DO-EVENTO="Rio de Janeiro" NOME-DO-EVENTO-INGLES=""/></PARTICIPACAO-EM-ENCONTRO><PARTICIPACAO-EM-ENCONTRO SEQUENCIA-PRODUCAO="2"><PARTICIPANTE-DE-EVENTOS-CONGRESSOS NOME-COMPLETO-DO-PARTICIPANTE-DE-EVENTOS-CONGRESSOS="Claudio da Silva Sameiro" NOME-PARA-CITACAO-DO-PARTICIPANTE-DE-EVENTOS-CONGRESSOS="SAMEIRO, C. S." ORDEM-PARTICIPANTE="1" NRO-ID-CNPQ="1243357067310376"/><DADOS-BASICOS-DA-PARTICIPACAO-EM-ENCONTRO NATUREZA="Encontro" TITULO="" ANO="2007" PAIS="Brasil" IDIOMA="" MEIO-DE-DIVULGACAO="NAO_INFORMADO" HOME-PAGE-DO-TRABALHO="" FLAG-RELEVANCIA="NAO" TIPO-PARTICIPACAO="" FORMA-PARTICIPACAO="Ouvinte" DOI="" TITULO-INGLES="" FLAG-DIVULGACAO-CIENTIFICA="NAO"/><DETALHAMENTO-DA-PARTICIPACAO-EM-ENCONTRO NOME-DO-EVENTO="Fórum Estadual de Professores de Contabilidade" CODIGO-INSTITUICAO="" NOME-INSTITUICAO="" LOCAL-DO-EVENTO="" CIDADE-DO-EVENTO="Rio de Janeiro" NOME-DO-EVENTO-INGLES=""/></PARTICIPACAO-EM-ENCONTRO><OUTRAS-PARTICIPACOES-EM-EVENTOS-CONGRESSOS SEQUENCIA-PRODUCAO="21"><PARTICIPANTE-DE-EVENTOS-CONGRESSOS NOME-COMPLETO-DO-PARTICIPANTE-DE-EVENTOS-CONGRESSOS="Claudio da Silva Sameiro" NOME-PARA-CITACAO-DO-PARTICIPANTE-DE-EVENTOS-CONGRESSOS="SAMEIRO, C. S." ORDEM-PARTICIPANTE="1" NRO-ID-CNPQ="1243357067310376"/><DADOS-BASICOS-DE-OUTRAS-PARTICIPACOES-EM-EVENTOS-CONGRESSOS NATUREZA="Outra" TITULO="Palestra Balanço Social" ANO="2015" PAIS="Brasil" IDIOMA="" MEIO-DE-DIVULGACAO="NAO_INFORMADO" HOME-PAGE-DO-TRABALHO="" FLAG-RELEVANCIA="NAO" TIPO-PARTICIPACAO="Apresentação Oral" FORMA-PARTICIPACAO="Participante" DOI="" TITULO-INGLES="" FLAG-DIVULGACAO-CIENTIFICA="NAO"/><DETALHAMENTO-DE-OUTRAS-PARTICIPACOES-EM-EVENTOS-CONGRESSOS NOME-DO-EVENTO="Dia Mundial do Meio Ambiente na ETEOT/FAETEC" CODIGO-INSTITUICAO="" NOME-INSTITUICAO="" LOCAL-DO-EVENTO="" CIDADE-DO-EVENTO="Rio de Janeiro" NOME-DO-EVENTO-INGLES=""/></OUTRAS-PARTICIPACOES-EM-EVENTOS-CONGRESSOS><OUTRAS-PARTICIPACOES-EM-EVENTOS-CONGRESSOS SEQUENCIA-PRODUCAO="14"><PARTICIPANTE-DE-EVENTOS-CONGRESSOS NOME-COMPLETO-DO-PARTICIPANTE-DE-EVENTOS-CONGRESSOS="Claudio da Silva Sameiro" NOME-PARA-CITACAO-DO-PARTICIPANTE-DE-EVENTOS-CONGRESSOS="SAMEIRO, C. S." ORDEM-PARTICIPANTE="1" NRO-ID-CNPQ="1243357067310376"/><DADOS-BASICOS-DE-OUTRAS-PARTICIPACOES-EM-EVENTOS-CONGRESSOS NATUREZA="Outra" TITULO="" ANO="2012" PAIS="Brasil" IDIOMA="" MEIO-DE-DIVULGACAO="NAO_INFORMADO" HOME-PAGE-DO-TRABALHO="" FLAG-RELEVANCIA="NAO" TIPO-PARTICIPACAO="" FORMA-PARTICIPACAO="Ouvinte" DOI="" TITULO-INGLES="" FLAG-DIVULGACAO-CIENTIFICA="NAO"/><DETALHAMENTO-DE-OUTRAS-PARTICIPACOES-EM-EVENTOS-CONGRESSOS NOME-DO-EVENTO="Fórum Unisuam de Educação Para a Comunidade e Desenvolvimento Local" CODIGO-INSTITUICAO="" NOME-INSTITUICAO="" LOCAL-DO-EVENTO="" CIDADE-DO-EVENTO="Rio de Janeiro" NOME-DO-EVENTO-INGLES=""/></OUTRAS-PARTICIPACOES-EM-EVENTOS-CONGRESSOS><OUTRAS-PARTICIPACOES-EM-EVENTOS-CONGRESSOS SEQUENCIA-PRODUCAO="34"><PARTICIPANTE-DE-EVENTOS-CONGRESSOS NOME-COMPLETO-DO-PARTICIPANTE-DE-EVENTOS-CONGRESSOS="Claudio da Silva Sameiro" NOME-PARA-CITACAO-DO-PARTICIPANTE-DE-EVENTOS-CONGRESSOS="SAMEIRO, C. S." ORDEM-PARTICIPANTE="1" NRO-ID-CNPQ="1243357067310376"/><DADOS-BASICOS-DE-OUTRAS-PARTICIPACOES-EM-EVENTOS-CONGRESSOS NATUREZA="Outra" TITULO="Palestra Transparência da Prestação de Contas de Ongs e Oscips" ANO="2015" PAIS="Brasil" IDIOMA="" MEIO-DE-DIVULGACAO="NAO_INFORMADO" HOME-PAGE-DO-TRABALHO="" FLAG-RELEVANCIA="NAO" TIPO-PARTICIPACAO="Apresentação Oral" FORMA-PARTICIPACAO="Participante" DOI="" TITULO-INGLES="" FLAG-DIVULGACAO-CIENTIFICA="NAO"/><DETALHAMENTO-DE-OUTRAS-PARTICIPACOES-EM-EVENTOS-CONGRESSOS NOME-DO-EVENTO="VI Fórum Unisuam do Terceiro Setor e Lideranças Sociais da Nona Oestae" CODIGO-INSTITUICAO="" NOME-INSTITUICAO="" LOCAL-DO-EVENTO="" CIDADE-DO-EVENTO="Rio de Janeiro" NOME-DO-EVENTO-INGLES=""/></OUTRAS-PARTICIPACOES-EM-EVENTOS-CONGRESSOS><OUTRAS-PARTICIPACOES-EM-EVENTOS-CONGRESSOS SEQUENCIA-PRODUCAO="35"><PARTICIPANTE-DE-EVENTOS-CONGRESSOS NOME-COMPLETO-DO-PARTICIPANTE-DE-EVENTOS-CONGRESSOS="Claudio da Silva Sameiro" NOME-PARA-CITACAO-DO-PARTICIPANTE-DE-EVENTOS-CONGRESSOS="SAMEIRO, C. S." ORDEM-PARTICIPANTE="1" NRO-ID-CNPQ="1243357067310376"/><DADOS-BASICOS-DE-OUTRAS-PARTICIPACOES-EM-EVENTOS-CONGRESSOS NATUREZA="Outra" TITULO="Palestra Transparência da Prestação de Contas de Ongs e Oscips" ANO="2015" PAIS="Brasil" IDIOMA="" MEIO-DE-DIVULGACAO="NAO_INFORMADO" HOME-PAGE-DO-TRABALHO="" FLAG-RELEVANCIA="NAO" TIPO-PARTICIPACAO="Apresentação Oral" FORMA-PARTICIPACAO="Participante" DOI="" TITULO-INGLES="" FLAG-DIVULGACAO-CIENTIFICA="NAO"/><DETALHAMENTO-DE-OUTRAS-PARTICIPACOES-EM-EVENTOS-CONGRESSOS NOME-DO-EVENTO="Fórum Unisuam do Terceiro Setor e Lideranças Sociais" CODIGO-INSTITUICAO="" NOME-INSTITUICAO="" LOCAL-DO-EVENTO="" CIDADE-DO-EVENTO="Rio de Janeiro" NOME-DO-EVENTO-INGLES=""/></OUTRAS-PARTICIPACOES-EM-EVENTOS-CONGRESSOS></PARTICIPACAO-EM-EVENTOS-CONGRESSOS><INFORMACOES-ADICIONAIS-INSTITUICOES><INFORMACAO-ADICIONAL-INSTITUICAO CODIGO-INSTITUICAO="000100000991" SIGLA-INSTITUICAO="FABES" SIGLA-UF-INSTITUICAO="RJ" SIGLA-PAIS-INSTITUICAO="BRA" NOME-PAIS-INSTITUICAO="Brasil" FLAG-AGENCIA-FOMENTO="SIM" FLAG-INSTITUICAO-DE-ENSINO="NAO"/><INFORMACAO-ADICIONAL-INSTITUICAO CODIGO-INSTITUICAO="000200000993" SIGLA-INSTITUICAO="VULCAN" SIGLA-UF-INSTITUICAO="RJ" SIGLA-PAIS-INSTITUICAO="BRA" NOME-PAIS-INSTITUICAO="Brasil" FLAG-AGENCIA-FOMENTO="NAO" FLAG-INSTITUICAO-DE-ENSINO="NAO"/><INFORMACAO-ADICIONAL-INSTITUICAO CODIGO-INSTITUICAO="000300000995" SIGLA-INSTITUICAO="FININVEST" SIGLA-UF-INSTITUICAO="RJ" SIGLA-PAIS-INSTITUICAO="BRA" NOME-PAIS-INSTITUICAO="Brasil" FLAG-AGENCIA-FOMENTO="NAO" FLAG-INSTITUICAO-DE-ENSINO="NAO"/><INFORMACAO-ADICIONAL-INSTITUICAO CODIGO-INSTITUICAO="000400000997" SIGLA-INSTITUICAO="BOZANO SIMONSEN" SIGLA-UF-INSTITUICAO="RJ" SIGLA-PAIS-INSTITUICAO="BRA" NOME-PAIS-INSTITUICAO="Brasil" FLAG-AGENCIA-FOMENTO="NAO" FLAG-INSTITUICAO-DE-ENSINO="NAO"/><INFORMACAO-ADICIONAL-INSTITUICAO CODIGO-INSTITUICAO="000500000999" SIGLA-INSTITUICAO="BFA" SIGLA-UF-INSTITUICAO="RJ" SIGLA-PAIS-INSTITUICAO="BRA" NOME-PAIS-INSTITUICAO="Brasil" FLAG-AGENCIA-FOMENTO="NAO" FLAG-INSTITUICAO-DE-ENSINO="NAO"/><INFORMACAO-ADICIONAL-INSTITUICAO CODIGO-INSTITUICAO="000600000990" SIGLA-INSTITUICAO="MÉTODO" SIGLA-UF-INSTITUICAO="RJ" SIGLA-PAIS-INSTITUICAO="BRA" NOME-PAIS-INSTITUICAO="Brasil" FLAG-AGENCIA-FOMENTO="NAO" FLAG-INSTITUICAO-DE-ENSINO="NAO"/><INFORMACAO-ADICIONAL-INSTITUICAO CODIGO-INSTITUICAO="000700000992" SIGLA-INSTITUICAO="SENAC RJ" SIGLA-UF-INSTITUICAO="RJ" SIGLA-PAIS-INSTITUICAO="BRA" NOME-PAIS-INSTITUICAO="Brasil" FLAG-AGENCIA-FOMENTO="NAO" FLAG-INSTITUICAO-DE-ENSINO="NAO"/><INFORMACAO-ADICIONAL-INSTITUICAO CODIGO-INSTITUICAO="000800000994" SIGLA-INSTITUICAO="SENAC RIO" SIGLA-UF-INSTITUICAO="RJ" SIGLA-PAIS-INSTITUICAO="BRA" NOME-PAIS-INSTITUICAO="Brasil" FLAG-AGENCIA-FOMENTO="NAO" FLAG-INSTITUICAO-DE-ENSINO="NAO"/><INFORMACAO-ADICIONAL-INSTITUICAO CODIGO-INSTITUICAO="000801000998" SIGLA-INSTITUICAO="" SIGLA-UF-INSTITUICAO="RJ" SIGLA-PAIS-INSTITUICAO="BRA" NOME-PAIS-INSTITUICAO="Brasil" FLAG-AGENCIA-FOMENTO="NAO" FLAG-INSTITUICAO-DE-ENSINO="NAO"/><INFORMACAO-ADICIONAL-INSTITUICAO CODIGO-INSTITUICAO="000900000996" SIGLA-INSTITUICAO="SAMEIRO" SIGLA-UF-INSTITUICAO="RJ" SIGLA-PAIS-INSTITUICAO="BRA" NOME-PAIS-INSTITUICAO="Brasil" FLAG-AGENCIA-FOMENTO="NAO" FLAG-INSTITUICAO-DE-ENSINO="NAO"/><INFORMACAO-ADICIONAL-INSTITUICAO CODIGO-INSTITUICAO="000901000990" SIGLA-INSTITUICAO="" SIGLA-UF-INSTITUICAO="RJ" SIGLA-PAIS-INSTITUICAO="BRA" NOME-PAIS-INSTITUICAO="Brasil" FLAG-AGENCIA-FOMENTO="NAO" FLAG-INSTITUICAO-DE-ENSINO="NAO"/><INFORMACAO-ADICIONAL-INSTITUICAO CODIGO-INSTITUICAO="001000000998" SIGLA-INSTITUICAO="CJA" SIGLA-UF-INSTITUICAO="RJ" SIGLA-PAIS-INSTITUICAO="BRA" NOME-PAIS-INSTITUICAO="Brasil" FLAG-AGENCIA-FOMENTO="NAO" FLAG-INSTITUICAO-DE-ENSINO="NAO"/><INFORMACAO-ADICIONAL-INSTITUICAO CODIGO-INSTITUICAO="020200000009" SIGLA-INSTITUICAO="UFRJ" SIGLA-UF-INSTITUICAO="RJ" SIGLA-PAIS-INSTITUICAO="BRA" NOME-PAIS-INSTITUICAO="Brasil" FLAG-AGENCIA-FOMENTO="NAO" FLAG-INSTITUICAO-DE-ENSINO="SIM"/><INFORMACAO-ADICIONAL-INSTITUICAO CODIGO-INSTITUICAO="044900000009" SIGLA-INSTITUICAO="INEP/MEC" SIGLA-UF-INSTITUICAO="DF" SIGLA-PAIS-INSTITUICAO="BRA" NOME-PAIS-INSTITUICAO="Brasil" FLAG-AGENCIA-FOMENTO="NAO" FLAG-INSTITUICAO-DE-ENSINO="NAO"/><INFORMACAO-ADICIONAL-INSTITUICAO CODIGO-INSTITUICAO="060100000006" SIGLA-INSTITUICAO="UCAM" SIGLA-UF-INSTITUICAO="RJ" SIGLA-PAIS-INSTITUICAO="BRA" NOME-PAIS-INSTITUICAO="Brasil" FLAG-AGENCIA-FOMENTO="NAO" FLAG-INSTITUICAO-DE-ENSINO="SIM"/><INFORMACAO-ADICIONAL-INSTITUICAO CODIGO-INSTITUICAO="201900000008" SIGLA-INSTITUICAO="UNISUAM" SIGLA-UF-INSTITUICAO="RJ" SIGLA-PAIS-INSTITUICAO="BRA" NOME-PAIS-INSTITUICAO="Brasil" FLAG-AGENCIA-FOMENTO="NAO" FLAG-INSTITUICAO-DE-ENSINO="SIM"/><INFORMACAO-ADICIONAL-INSTITUICAO CODIGO-INSTITUICAO="201901000990" SIGLA-INSTITUICAO="" SIGLA-UF-INSTITUICAO="RJ" SIGLA-PAIS-INSTITUICAO="BRA" NOME-PAIS-INSTITUICAO="Brasil" FLAG-AGENCIA-FOMENTO="NAO" FLAG-INSTITUICAO-DE-ENSINO="NAO"/><INFORMACAO-ADICIONAL-INSTITUICAO CODIGO-INSTITUICAO="201901001997" SIGLA-INSTITUICAO="" SIGLA-UF-INSTITUICAO="RJ" SIGLA-PAIS-INSTITUICAO="BRA" NOME-PAIS-INSTITUICAO="Brasil" FLAG-AGENCIA-FOMENTO="NAO" FLAG-INSTITUICAO-DE-ENSINO="NAO"/><INFORMACAO-ADICIONAL-INSTITUICAO CODIGO-INSTITUICAO="201901002993" SIGLA-INSTITUICAO="" SIGLA-UF-INSTITUICAO="RJ" SIGLA-PAIS-INSTITUICAO="BRA" NOME-PAIS-INSTITUICAO="Brasil" FLAG-AGENCIA-FOMENTO="NAO" FLAG-INSTITUICAO-DE-ENSINO="NAO"/><INFORMACAO-ADICIONAL-INSTITUICAO CODIGO-INSTITUICAO="201902000994" SIGLA-INSTITUICAO="" SIGLA-UF-INSTITUICAO="RJ" SIGLA-PAIS-INSTITUICAO="BRA" NOME-PAIS-INSTITUICAO="Brasil" FLAG-AGENCIA-FOMENTO="NAO" FLAG-INSTITUICAO-DE-ENSINO="NAO"/><INFORMACAO-ADICIONAL-INSTITUICAO CODIGO-INSTITUICAO="375700000004" SIGLA-INSTITUICAO="UCB/RJ" SIGLA-UF-INSTITUICAO="RJ" SIGLA-PAIS-INSTITUICAO="BRA" NOME-PAIS-INSTITUICAO="Brasil" FLAG-AGENCIA-FOMENTO="NAO" FLAG-INSTITUICAO-DE-ENSINO="SIM"/><INFORMACAO-ADICIONAL-INSTITUICAO CODIGO-INSTITUICAO="419101000991" SIGLA-INSTITUICAO="" SIGLA-UF-INSTITUICAO="RJ" SIGLA-PAIS-INSTITUICAO="BRA" NOME-PAIS-INSTITUICAO="Brasil" FLAG-AGENCIA-FOMENTO="NAO" FLAG-INSTITUICAO-DE-ENSINO="NAO"/><INFORMACAO-ADICIONAL-INSTITUICAO CODIGO-INSTITUICAO="419102000995" SIGLA-INSTITUICAO="" SIGLA-UF-INSTITUICAO="RJ" SIGLA-PAIS-INSTITUICAO="BRA" NOME-PAIS-INSTITUICAO="Brasil" FLAG-AGENCIA-FOMENTO="NAO" FLAG-INSTITUICAO-DE-ENSINO="NAO"/><INFORMACAO-ADICIONAL-INSTITUICAO CODIGO-INSTITUICAO="419103000999" SIGLA-INSTITUICAO="" SIGLA-UF-INSTITUICAO="RJ" SIGLA-PAIS-INSTITUICAO="BRA" NOME-PAIS-INSTITUICAO="Brasil" FLAG-AGENCIA-FOMENTO="NAO" FLAG-INSTITUICAO-DE-ENSINO="NAO"/><INFORMACAO-ADICIONAL-INSTITUICAO CODIGO-INSTITUICAO="419104000992" SIGLA-INSTITUICAO="" SIGLA-UF-INSTITUICAO="RJ" SIGLA-PAIS-INSTITUICAO="BRA" NOME-PAIS-INSTITUICAO="Brasil" FLAG-AGENCIA-FOMENTO="NAO" FLAG-INSTITUICAO-DE-ENSINO="NAO"/><INFORMACAO-ADICIONAL-INSTITUICAO CODIGO-INSTITUICAO="560000000006" SIGLA-INSTITUICAO="FIS" SIGLA-UF-INSTITUICAO="RJ" SIGLA-PAIS-INSTITUICAO="BRA" NOME-PAIS-INSTITUICAO="Brasil" FLAG-AGENCIA-FOMENTO="NAO" FLAG-INSTITUICAO-DE-ENSINO="SIM"/><INFORMACAO-ADICIONAL-INSTITUICAO CODIGO-INSTITUICAO="586600000000" SIGLA-INSTITUICAO="UVA/RJ" SIGLA-UF-INSTITUICAO="RJ" SIGLA-PAIS-INSTITUICAO="BRA" NOME-PAIS-INSTITUICAO="Brasil" FLAG-AGENCIA-FOMENTO="NAO" FLAG-INSTITUICAO-DE-ENSINO="SIM"/><INFORMACAO-ADICIONAL-INSTITUICAO CODIGO-INSTITUICAO="586605001994" SIGLA-INSTITUICAO="" SIGLA-UF-INSTITUICAO="RJ" SIGLA-PAIS-INSTITUICAO="BRA" NOME-PAIS-INSTITUICAO="Brasil" FLAG-AGENCIA-FOMENTO="NAO" FLAG-INSTITUICAO-DE-ENSINO="NAO"/><INFORMACAO-ADICIONAL-INSTITUICAO CODIGO-INSTITUICAO="690000000004" SIGLA-INSTITUICAO="B.C." SIGLA-UF-INSTITUICAO="" SIGLA-PAIS-INSTITUICAO="EUA" NOME-PAIS-INSTITUICAO="Estados Unidos" FLAG-AGENCIA-FOMENTO="NAO" FLAG-INSTITUICAO-DE-ENSINO="NAO"/><INFORMACAO-ADICIONAL-INSTITUICAO CODIGO-INSTITUICAO="985600042720" SIGLA-INSTITUICAO="UniverCidade" SIGLA-UF-INSTITUICAO="RJ" SIGLA-PAIS-INSTITUICAO="BRA" NOME-PAIS-INSTITUICAO="Brasil" FLAG-AGENCIA-FOMENTO="NAO" FLAG-INSTITUICAO-DE-ENSINO="SIM"/><INFORMACAO-ADICIONAL-INSTITUICAO CODIGO-INSTITUICAO="985600156601" SIGLA-INSTITUICAO="SEE/RJ" SIGLA-UF-INSTITUICAO="RJ" SIGLA-PAIS-INSTITUICAO="BRA" NOME-PAIS-INSTITUICAO="Brasil" FLAG-AGENCIA-FOMENTO="NAO" FLAG-INSTITUICAO-DE-ENSINO="NAO"/><INFORMACAO-ADICIONAL-INSTITUICAO CODIGO-INSTITUICAO="J7OK00000001" SIGLA-INSTITUICAO="CRCERJ" SIGLA-UF-INSTITUICAO="RJ" SIGLA-PAIS-INSTITUICAO="BRA" NOME-PAIS-INSTITUICAO="Brasil" FLAG-AGENCIA-FOMENTO="NAO" FLAG-INSTITUICAO-DE-ENSINO="NAO"/></INFORMACOES-ADICIONAIS-INSTITUICOES><INFORMACOES-ADICIONAIS-CURSOS><INFORMACAO-ADICIONAL-CURSO CODIGO-CURSO="60141654" CODIGO-ORGAO="" NOME-ORGAO="" CODIGO-INSTITUICAO="201900000008" NOME-INSTITUICAO="Centro Universitário Augusto Motta" NOME-GRANDE-AREA-DO-CONHECIMENTO="OUTROS" NOME-DA-AREA-DO-CONHECIMENTO="" NOME-DA-SUB-AREA-DO-CONHECIMENTO="" NOME-DA-ESPECIALIDADE="" NIVEL-CURSO="GRADUACAO"/><INFORMACAO-ADICIONAL-CURSO CODIGO-CURSO="60588497" CODIGO-ORGAO="" NOME-ORGAO="" CODIGO-INSTITUICAO="375700000004" NOME-INSTITUICAO="Universidade Castelo Branco" NOME-GRANDE-AREA-DO-CONHECIMENTO="OUTROS" NOME-DA-AREA-DO-CONHECIMENTO="" NOME-DA-SUB-AREA-DO-CONHECIMENTO="" NOME-DA-ESPECIALIDADE="" NIVEL-CURSO="GRADUACAO"/><INFORMACAO-ADICIONAL-CURSO CODIGO-CURSO="60732970" CODIGO-ORGAO="" NOME-ORGAO="" CODIGO-INSTITUICAO="586600000000" NOME-INSTITUICAO="Universidade Veiga de Almeida" NOME-GRANDE-AREA-DO-CONHECIMENTO="OUTROS" NOME-DA-AREA-DO-CONHECIMENTO="" NOME-DA-SUB-AREA-DO-CONHECIMENTO="" NOME-DA-ESPECIALIDADE="" NIVEL-CURSO="GRADUACAO"/><INFORMACAO-ADICIONAL-CURSO CODIGO-CURSO="90000000" CODIGO-ORGAO="" NOME-ORGAO="" CODIGO-INSTITUICAO="060100000006" NOME-INSTITUICAO="Universidade Candido Mendes" NOME-GRANDE-AREA-DO-CONHECIMENTO="CIENCIAS_SOCIAIS_APLICADAS" NOME-DA-AREA-DO-CONHECIMENTO="Administração" NOME-DA-SUB-AREA-DO-CONHECIMENTO="Administração de Empresas" NOME-DA-ESPECIALIDADE="Administração Financeira" NIVEL-CURSO="APERFEICOAMENTO"/><INFORMACAO-ADICIONAL-CURSO CODIGO-CURSO="90000001" CODIGO-ORGAO="" NOME-ORGAO="" CODIGO-INSTITUICAO="060100000006" NOME-INSTITUICAO="Universidade Candido Mendes" NOME-GRANDE-AREA-DO-CONHECIMENTO="CIENCIAS_SOCIAIS_APLICADAS" NOME-DA-AREA-DO-CONHECIMENTO="Economia" NOME-DA-SUB-AREA-DO-CONHECIMENTO="" NOME-DA-ESPECIALIDADE="" NIVEL-CURSO="MESTRADO"/><INFORMACAO-ADICIONAL-CURSO CODIGO-CURSO="90000002" CODIGO-ORGAO="" NOME-ORGAO="" CODIGO-INSTITUICAO="000100000991" NOME-INSTITUICAO="Faculdade Bethencourt da silva" NOME-GRANDE-AREA-DO-CONHECIMENTO="OUTROS" NOME-DA-AREA-DO-CONHECIMENTO="" NOME-DA-SUB-AREA-DO-CONHECIMENTO="" NOME-DA-ESPECIALIDADE="" NIVEL-CURSO="APERFEICOAMENTO"/><INFORMACAO-ADICIONAL-CURSO CODIGO-CURSO="90000003" CODIGO-ORGAO="" NOME-ORGAO="" CODIGO-INSTITUICAO="560000000006" NOME-INSTITUICAO="Faculdades Integradas Simonsen" NOME-GRANDE-AREA-DO-CONHECIMENTO="CIENCIAS_SOCIAIS_APLICADAS" NOME-DA-AREA-DO-CONHECIMENTO="Administração" NOME-DA-SUB-AREA-DO-CONHECIMENTO="Ciências Contábeis" NOME-DA-ESPECIALIDADE="" NIVEL-CURSO="GRADUACAO"/><INFORMACAO-ADICIONAL-CURSO CODIGO-CURSO="90000004" CODIGO-ORGAO="" NOME-ORGAO="" CODIGO-INSTITUICAO="375700000004" NOME-INSTITUICAO="Universidade Castelo Branco" NOME-GRANDE-AREA-DO-CONHECIMENTO="CIENCIAS_HUMANAS" NOME-DA-AREA-DO-CONHECIMENTO="Educação" NOME-DA-SUB-AREA-DO-CONHECIMENTO="" NOME-DA-ESPECIALIDADE="" NIVEL-CURSO="GRADUACAO"/><INFORMACAO-ADICIONAL-CURSO CODIGO-CURSO="90000005" CODIGO-ORGAO="" NOME-ORGAO="" CODIGO-INSTITUICAO="985600042720" NOME-INSTITUICAO="Centro Universitário da Cidade" NOME-GRANDE-AREA-DO-CONHECIMENTO="CIENCIAS_SOCIAIS_APLICADAS" NOME-DA-AREA-DO-CONHECIMENTO="Administração" NOME-DA-SUB-AREA-DO-CONHECIMENTO="Ciências Contábeis" NOME-DA-ESPECIALIDADE="" NIVEL-CURSO="GRADUACAO"/><INFORMACAO-ADICIONAL-CURSO CODIGO-CURSO="90000006" CODIGO-ORGAO="" NOME-ORGAO="" CODIGO-INSTITUICAO="985600042720" NOME-INSTITUICAO="Centro Universitário da Cidade" NOME-GRANDE-AREA-DO-CONHECIMENTO="CIENCIAS_SOCIAIS_APLICADAS" NOME-DA-AREA-DO-CONHECIMENTO="Administração" NOME-DA-SUB-AREA-DO-CONHECIMENTO="" NOME-DA-ESPECIALIDADE="" NIVEL-CURSO="GRADUACAO"/><INFORMACAO-ADICIONAL-CURSO CODIGO-CURSO="90000007" CODIGO-ORGAO="" NOME-ORGAO="" CODIGO-INSTITUICAO="201900000008" NOME-INSTITUICAO="Centro Universitário Augusto Motta" NOME-GRANDE-AREA-DO-CONHECIMENTO="CIENCIAS_SOCIAIS_APLICADAS" NOME-DA-AREA-DO-CONHECIMENTO="Administração" NOME-DA-SUB-AREA-DO-CONHECIMENTO="Ciências Contábeis" NOME-DA-ESPECIALIDADE="" NIVEL-CURSO="GRADUACAO"/><INFORMACAO-ADICIONAL-CURSO CODIGO-CURSO="90000008" CODIGO-ORGAO="" NOME-ORGAO="" CODIGO-INSTITUICAO="000800000994" NOME-INSTITUICAO="Serviço Nacional de Aprendizagem Comercial - RJ" NOME-GRANDE-AREA-DO-CONHECIMENTO="CIENCIAS_SOCIAIS_APLICADAS" NOME-DA-AREA-DO-CONHECIMENTO="Administração" NOME-DA-SUB-AREA-DO-CONHECIMENTO="Ciências Contábeis" NOME-DA-ESPECIALIDADE="" NIVEL-CURSO="APERFEICOAMENTO"/><INFORMACAO-ADICIONAL-CURSO CODIGO-CURSO="90000009" CODIGO-ORGAO="" NOME-ORGAO="" CODIGO-INSTITUICAO="020200000009" NOME-INSTITUICAO="Universidade Federal do Rio de Janeiro" NOME-GRANDE-AREA-DO-CONHECIMENTO="CIENCIAS_EXATAS_E_DA_TERRA" NOME-DA-AREA-DO-CONHECIMENTO="Matemática" NOME-DA-SUB-AREA-DO-CONHECIMENTO="" NOME-DA-ESPECIALIDADE="" NIVEL-CURSO="EXTENSAO_UNIVERSITARIA"/><INFORMACAO-ADICIONAL-CURSO CODIGO-CURSO="90000010" CODIGO-ORGAO="" NOME-ORGAO="" CODIGO-INSTITUICAO="020200000009" NOME-INSTITUICAO="Universidade Federal do Rio de Janeiro" NOME-GRANDE-AREA-DO-CONHECIMENTO="CIENCIAS_EXATAS_E_DA_TERRA" NOME-DA-AREA-DO-CONHECIMENTO="Matemática" NOME-DA-SUB-AREA-DO-CONHECIMENTO="" NOME-DA-ESPECIALIDADE="" NIVEL-CURSO="EXTENSAO_UNIVERSITARIA"/><INFORMACAO-ADICIONAL-CURSO CODIGO-CURSO="90000011" CODIGO-ORGAO="" NOME-ORGAO="" CODIGO-INSTITUICAO="020200000009" NOME-INSTITUICAO="Universidade Federal do Rio de Janeiro" NOME-GRANDE-AREA-DO-CONHECIMENTO="CIENCIAS_EXATAS_E_DA_TERRA" NOME-DA-AREA-DO-CONHECIMENTO="Matemática" NOME-DA-SUB-AREA-DO-CONHECIMENTO="" NOME-DA-ESPECIALIDADE="" NIVEL-CURSO="EXTENSAO_UNIVERSITARIA"/><INFORMACAO-ADICIONAL-CURSO CODIGO-CURSO="90000012" CODIGO-ORGAO="" NOME-ORGAO="" CODIGO-INSTITUICAO="J7OK00000001" NOME-INSTITUICAO="Conselho Regional de Contabilidade do Estado do Rio de Janeiro" NOME-GRANDE-AREA-DO-CONHECIMENTO="CIENCIAS_SOCIAIS_APLICADAS" NOME-DA-AREA-DO-CONHECIMENTO="Administração" NOME-DA-SUB-AREA-DO-CONHECIMENTO="Ciências Contábeis" NOME-DA-ESPECIALIDADE="" NIVEL-CURSO="CURSO_DE_CURTA_DURACAO"/><INFORMACAO-ADICIONAL-CURSO CODIGO-CURSO="90000013" CODIGO-ORGAO="" NOME-ORGAO="" CODIGO-INSTITUICAO="J7OK00000001" NOME-INSTITUICAO="Conselho Regional de Contabilidade do Estado do Rio de Janeiro" NOME-GRANDE-AREA-DO-CONHECIMENTO="CIENCIAS_SOCIAIS_APLICADAS" NOME-DA-AREA-DO-CONHECIMENTO="Administração" NOME-DA-SUB-AREA-DO-CONHECIMENTO="Ciências Contábeis" NOME-DA-ESPECIALIDADE="" NIVEL-CURSO="CURSO_DE_CURTA_DURACAO"/><INFORMACAO-ADICIONAL-CURSO CODIGO-CURSO="90000014" CODIGO-ORGAO="" NOME-ORGAO="" CODIGO-INSTITUICAO="690000000004" NOME-INSTITUICAO="Babson College" NOME-GRANDE-AREA-DO-CONHECIMENTO="CIENCIAS_SOCIAIS_APLICADAS" NOME-DA-AREA-DO-CONHECIMENTO="Administração" NOME-DA-SUB-AREA-DO-CONHECIMENTO="Administração de Empresas" NOME-DA-ESPECIALIDADE="" NIVEL-CURSO="EXTENSAO_UNIVERSITARIA"/><INFORMACAO-ADICIONAL-CURSO CODIGO-CURSO="90000015" CODIGO-ORGAO="" NOME-ORGAO="" CODIGO-INSTITUICAO="J7OK00000001" NOME-INSTITUICAO="Conselho Regional de Contabilidade do Estado do Rio de Janeiro" NOME-GRANDE-AREA-DO-CONHECIMENTO="OUTROS" NOME-DA-AREA-DO-CONHECIMENTO="" NOME-DA-SUB-AREA-DO-CONHECIMENTO="" NOME-DA-ESPECIALIDADE="" NIVEL-CURSO="CURSO_DE_CURTA_DURACAO"/><INFORMACAO-ADICIONAL-CURSO CODIGO-CURSO="90000016" CODIGO-ORGAO="" NOME-ORGAO="" CODIGO-INSTITUICAO="201900000008" NOME-INSTITUICAO="Centro Universitário Augusto Motta" NOME-GRANDE-AREA-DO-CONHECIMENTO="CIENCIAS_HUMANAS" NOME-DA-AREA-DO-CONHECIMENTO="Educação" NOME-DA-SUB-AREA-DO-CONHECIMENTO="" NOME-DA-ESPECIALIDADE="" NIVEL-CURSO="CURSO_DE_CURTA_DURACAO"/><INFORMACAO-ADICIONAL-CURSO CODIGO-CURSO="90000017" CODIGO-ORGAO="" NOME-ORGAO="" CODIGO-INSTITUICAO="201900000008" NOME-INSTITUICAO="Centro Universitário Augusto Motta" NOME-GRANDE-AREA-DO-CONHECIMENTO="OUTROS" NOME-DA-AREA-DO-CONHECIMENTO="" NOME-DA-SUB-AREA-DO-CONHECIMENTO="" NOME-DA-ESPECIALIDADE="" NIVEL-CURSO="CURSO_DE_CURTA_DURACAO"/><INFORMACAO-ADICIONAL-CURSO CODIGO-CURSO="90000018" CODIGO-ORGAO="" NOME-ORGAO="" CODIGO-INSTITUICAO="201900000008" NOME-INSTITUICAO="Centro Universitário Augusto Motta" NOME-GRANDE-AREA-DO-CONHECIMENTO="CIENCIAS_HUMANAS" NOME-DA-AREA-DO-CONHECIMENTO="Educação" NOME-DA-SUB-AREA-DO-CONHECIMENTO="" NOME-DA-ESPECIALIDADE="" NIVEL-CURSO="OT"/><INFORMACAO-ADICIONAL-CURSO CODIGO-CURSO="90000019" CODIGO-ORGAO="" NOME-ORGAO="" CODIGO-INSTITUICAO="201900000008" NOME-INSTITUICAO="Centro Universitário Augusto Motta" NOME-GRANDE-AREA-DO-CONHECIMENTO="CIENCIAS_HUMANAS" NOME-DA-AREA-DO-CONHECIMENTO="Educação" NOME-DA-SUB-AREA-DO-CONHECIMENTO="" NOME-DA-ESPECIALIDADE="" NIVEL-CURSO="OT"/><INFORMACAO-ADICIONAL-CURSO CODIGO-CURSO="90000020" CODIGO-ORGAO="" NOME-ORGAO="" CODIGO-INSTITUICAO="201900000008" NOME-INSTITUICAO="Centro Universitário Augusto Motta" NOME-GRANDE-AREA-DO-CONHECIMENTO="OUTROS" NOME-DA-AREA-DO-CONHECIMENTO="" NOME-DA-SUB-AREA-DO-CONHECIMENTO="" NOME-DA-ESPECIALIDADE="" NIVEL-CURSO="CURSO_DE_CURTA_DURACAO"/><INFORMACAO-ADICIONAL-CURSO CODIGO-CURSO="90000021" CODIGO-ORGAO="" NOME-ORGAO="" CODIGO-INSTITUICAO="201900000008" NOME-INSTITUICAO="Centro Universitário Augusto Motta" NOME-GRANDE-AREA-DO-CONHECIMENTO="CIENCIAS_HUMANAS" NOME-DA-AREA-DO-CONHECIMENTO="Educação" NOME-DA-SUB-AREA-DO-CONHECIMENTO="Ensino-Aprendizagem" NOME-DA-ESPECIALIDADE="" NIVEL-CURSO="APERFEICOAMENTO"/><INFORMACAO-ADICIONAL-CURSO CODIGO-CURSO="90000022" CODIGO-ORGAO="" NOME-ORGAO="" CODIGO-INSTITUICAO="044900000009" NOME-INSTITUICAO="Instituto Nacional de Estudos e Pesquisas Educacionais Anísio Teixeira" NOME-GRANDE-AREA-DO-CONHECIMENTO="CIENCIAS_HUMANAS" NOME-DA-AREA-DO-CONHECIMENTO="Educação" NOME-DA-SUB-AREA-DO-CONHECIMENTO="Planejamento e Avaliação Educacional" NOME-DA-ESPECIALIDADE="" NIVEL-CURSO="CURSO_DE_CURTA_DURACAO"/></INFORMACOES-ADICIONAIS-CURSOS></DADOS-COMPLEMENTARES><eventos/></CURRICULO-VITAE>