<CURRICULO-VITAE SISTEMA-ORIGEM-XML="LATTES_OFFLINE" NUMERO-IDENTIFICADOR="2841673131254050" FORMATO-DATA-ATUALIZACAO="DDMMAAAA" DATA-ATUALIZACAO="26092016" FORMATO-HORA-ATUALIZACAO="HHMMSS" HORA-ATUALIZACAO="114817"><DADOS-GERAIS NOME-COMPLETO="Jurandyr de Souza Cunha Filho" NOME-EM-CITACOES-BIBLIOGRAFICAS="Cunha Filho, Jurandyr de Souza;CUNHA FILHO, JURANDYR S." NACIONALIDADE="B" PAIS-DE-NASCIMENTO="Brasil" FORMATO-DATA-DE-NASCIMENTO="DDMMAAAA" FORMATO-DATA-DE-EMISSAO="DDMMAAAA" PERMISSAO-DE-DIVULGACAO="NAO" DATA-FALECIMENTO="" SIGLA-PAIS-NACIONALIDADE="BRA" PAIS-DE-NACIONALIDADE="Brasil"><RESUMO-CV TEXTO-RESUMO-CV-RH="Possui graduação em Engenharia Mecânica pela Fundação Técnico Educacional Souza Marques (1985), mestrado em Projetos Tecnológicos pelo Centro Federal de Educação Tecnológica Celso Suckow da Fonseca (2003) e doutorado pelo Programa de Engenharia Nuclear da COPPE/UFRJ (2010). Atualmente é professor titular da Fundação de Apoio a Escola Técnica, coordenador do curso técnico de eletromecânica e adjunto técnico da unidade ETEVM. Professor Assistente do Centro Universitário Augusto Motta. Tem experiência na área de Engenharia Mecânica, inspeção de equipamentos com ênfase em Ensaios Não Destrutivos, atuando principalmente nos seguintes temas: ultra-som, escoamentos bi-fásicos, ensaios não destrutivos, e produção mecânica." TEXTO-RESUMO-CV-RH-EN="graduate at Engenharia Mecânica from Fundação Técnico Educacional Souza Marques (1985) and master's at Projetos Tecnológicos from Centro Federal de Educação Tecnológica Celso Suckow da Fonseca (2003). Has experience in Mechanical Engineering, acting on the following subjects: ultra-som, ensaios não destrutivos, bolhas, escoamento bi-fásico and end."/><ENDERECO FLAG-DE-PREFERENCIA="ENDERECO_RESIDENCIAL"><ENDERECO-PROFISSIONAL CODIGO-INSTITUICAO-EMPRESA="985600043530" NOME-INSTITUICAO-EMPRESA="Fundação de Apoio à Escola Técnica do Estado do Rio de Janeiro" CODIGO-ORGAO="" NOME-ORGAO="" CODIGO-UNIDADE="" NOME-UNIDADE="" LOGRADOURO-COMPLEMENTO="Rua João Vicente" PAIS="Brasil" UF="RJ" CEP="21440010" CIDADE="Rio de Janeiro" BAIRRO="Marechal Hermes" DDD="" TELEFONE="" RAMAL="" FAX="" E-MAIL="jurandyrcunha@gmail.com" HOME-PAGE=""/></ENDERECO><FORMACAO-ACADEMICA-TITULACAO><GRADUACAO SEQUENCIA-FORMACAO="2" NIVEL="1" TITULO-DO-TRABALHO-DE-CONCLUSAO-DE-CURSO="Projeto mecânico de equipamentos de refinaria de petróleo" NOME-DO-ORIENTADOR="" CODIGO-INSTITUICAO="412000000000" NOME-INSTITUICAO="Fundação Técnico Educacional Souza Marques" CODIGO-ORGAO="" NOME-ORGAO="" CODIGO-CURSO="90000001" NOME-CURSO="Engenharia Mecânica" CODIGO-AREA-CURSO="90000001" STATUS-DO-CURSO="CONCLUIDO" ANO-DE-INICIO="1980" ANO-DE-CONCLUSAO="1985" FLAG-BOLSA="NAO" CODIGO-AGENCIA-FINANCIADORA="" NOME-AGENCIA="" NUMERO-ID-ORIENTADOR="" CODIGO-CURSO-CAPES="" TITULO-DO-TRABALHO-DE-CONCLUSAO-DE-CURSO-INGLES="" NOME-CURSO-INGLES="" FORMACAO-ACADEMICA-TITULACAO="" TIPO-GRADUACAO="" CODIGO-INSTITUICAO-GRAD="" NOME-INSTITUICAO-GRAD="" CODIGO-INSTITUICAO-OUTRA-GRAD="" NOME-INSTITUICAO-OUTRA-GRAD="" NOME-ORIENTADOR-GRAD=""/><ESPECIALIZACAO SEQUENCIA-FORMACAO="8" NIVEL="2" TITULO-DA-MONOGRAFIA="ANÁLISE COMPARATIVA DE CRITÉRIOS DE PROJETO DE SOLDA EM FILETE APLICADO EM COMPONENTES ESTRUTURAIS SUJEITO AS TENSÕES SIMULTÂNEAS DE CISALHAMENTO E TORÇÃO" NOME-DO-ORIENTADOR="Ângelo Éder Amoras Collares" CODIGO-INSTITUICAO="159000000007" NOME-INSTITUICAO="Universidade Católica de Petrópolis" CODIGO-ORGAO="" NOME-ORGAO="" CODIGO-CURSO="90000005" NOME-CURSO="Engenharia da Soldagem" STATUS-DO-CURSO="CONCLUIDO" ANO-DE-INICIO="2013" ANO-DE-CONCLUSAO="2015" FLAG-BOLSA="NAO" CODIGO-AGENCIA-FINANCIADORA="" NOME-AGENCIA="" CARGA-HORARIA="360" TITULO-DA-MONOGRAFIA-INGLES="" NOME-CURSO-INGLES=""/><ESPECIALIZACAO SEQUENCIA-FORMACAO="4" NIVEL="2" TITULO-DA-MONOGRAFIA="" NOME-DO-ORIENTADOR="" CODIGO-INSTITUICAO="412000000000" NOME-INSTITUICAO="Fundação Técnico Educacional Souza Marques" CODIGO-ORGAO="" NOME-ORGAO="" CODIGO-CURSO="90000002" NOME-CURSO="Licenciatura Física" STATUS-DO-CURSO="CONCLUIDO" ANO-DE-INICIO="2003" ANO-DE-CONCLUSAO="2003" FLAG-BOLSA="NAO" CODIGO-AGENCIA-FINANCIADORA="" NOME-AGENCIA="" CARGA-HORARIA="" TITULO-DA-MONOGRAFIA-INGLES="" NOME-CURSO-INGLES=""/><ESPECIALIZACAO SEQUENCIA-FORMACAO="9" NIVEL="2" TITULO-DA-MONOGRAFIA="A Matemática nas Escolas Técnicas" NOME-DO-ORIENTADOR="" CODIGO-INSTITUICAO="060100000006" NOME-INSTITUICAO="Universidade Candido Mendes" CODIGO-ORGAO="" NOME-ORGAO="" CODIGO-CURSO="90000006" NOME-CURSO="Docência do ensino Médio e Fundamental" STATUS-DO-CURSO="CONCLUIDO" ANO-DE-INICIO="1999" ANO-DE-CONCLUSAO="2000" FLAG-BOLSA="NAO" CODIGO-AGENCIA-FINANCIADORA="" NOME-AGENCIA="" CARGA-HORARIA="360" TITULO-DA-MONOGRAFIA-INGLES="" NOME-CURSO-INGLES=""/><MESTRADO SEQUENCIA-FORMACAO="5" NIVEL="3" CODIGO-INSTITUICAO="350700000009" NOME-INSTITUICAO="Centro Federal de Educação Tecnológica Celso Suckow da Fonseca" CODIGO-ORGAO="" NOME-ORGAO="" CODIGO-CURSO="90000003" NOME-CURSO="Projetos Tecnológicos" CODIGO-AREA-CURSO="90000003" STATUS-DO-CURSO="CONCLUIDO" ANO-DE-INICIO="2001" ANO-DE-CONCLUSAO="2003" FLAG-BOLSA="NAO" CODIGO-AGENCIA-FINANCIADORA="" NOME-AGENCIA="" ANO-DE-OBTENCAO-DO-TITULO="2003" TITULO-DA-DISSERTACAO-TESE="Metodologia ultra-sônica para caracterização de escoamento bi-fásico" NOME-COMPLETO-DO-ORIENTADOR="Maurício Saldanha Motta" TIPO-MESTRADO="" NUMERO-ID-ORIENTADOR="" CODIGO-CURSO-CAPES="" TITULO-DA-DISSERTACAO-TESE-INGLES="" NOME-CURSO-INGLES="" NOME-DO-CO-ORIENTADOR="" CODIGO-INSTITUICAO-DOUT="" NOME-INSTITUICAO-DOUT="" CODIGO-INSTITUICAO-OUTRA-DOUT="" NOME-INSTITUICAO-OUTRA-DOUT="" NOME-ORIENTADOR-DOUT=""><PALAVRAS-CHAVE PALAVRA-CHAVE-1="tecnologia" PALAVRA-CHAVE-2="escoamento bi-fásico" PALAVRA-CHAVE-3="técnica ulta-sônica" PALAVRA-CHAVE-4="" PALAVRA-CHAVE-5="" PALAVRA-CHAVE-6=""/><AREAS-DO-CONHECIMENTO><AREA-DO-CONHECIMENTO-1 NOME-GRANDE-AREA-DO-CONHECIMENTO="ENGENHARIAS" NOME-DA-AREA-DO-CONHECIMENTO="" NOME-DA-SUB-AREA-DO-CONHECIMENTO="Projetos de Máquinas" NOME-DA-ESPECIALIDADE="Ensaios Não Destrutivos"/></AREAS-DO-CONHECIMENTO><conceitoCapes/></MESTRADO><DOUTORADO SEQUENCIA-FORMACAO="6" NIVEL="4" CODIGO-INSTITUICAO="000200000993" NOME-INSTITUICAO="Instituto Alberto Luiz Coimbra de Pós-graduação e Pesquisa de Engen" CODIGO-ORGAO="" NOME-ORGAO="" CODIGO-CURSO="90000004" NOME-CURSO="Programa de Engenharia Nuclear" CODIGO-AREA-CURSO="90000004" STATUS-DO-CURSO="CONCLUIDO" ANO-DE-INICIO="2005" ANO-DE-CONCLUSAO="2010" FLAG-BOLSA="NAO" CODIGO-AGENCIA-FINANCIADORA="" NOME-AGENCIA="" ANO-DE-OBTENCAO-DO-TITULO="2010" TITULO-DA-DISSERTACAO-TESE="ESTUDO EXPERIMENTAL DE ESCOAMENTO BIFÁSICO EM TUBO CIRCULAR INCLINADO USANDO TÉCNICAS ULTRASSÔNICAS E DE VISUALIZAÇÃO" NOME-COMPLETO-DO-ORIENTADOR="SU JIAN" TIPO-DOUTORADO="N" CODIGO-INSTITUICAO-DOUT="" NOME-INSTITUICAO-DOUT="" CODIGO-INSTITUICAO-OUTRA-DOUT="" NOME-INSTITUICAO-OUTRA-DOUT="" NOME-ORIENTADOR-DOUT="" NUMERO-ID-ORIENTADOR="0934428004504955" CODIGO-CURSO-CAPES="" TITULO-DA-DISSERTACAO-TESE-INGLES="" NOME-CURSO-INGLES="" NOME-DO-ORIENTADOR-CO-TUTELA="" CODIGO-INSTITUICAO-OUTRA-CO-TUTELA="" CODIGO-INSTITUICAO-CO-TUTELA="" NOME-DO-ORIENTADOR-SANDUICHE="" CODIGO-INSTITUICAO-OUTRA-SANDUICHE="" CODIGO-INSTITUICAO-SANDUICHE="" NOME-DO-CO-ORIENTADOR=""><AREAS-DO-CONHECIMENTO><AREA-DO-CONHECIMENTO-1 NOME-GRANDE-AREA-DO-CONHECIMENTO="ENGENHARIAS" NOME-DA-AREA-DO-CONHECIMENTO="" NOME-DA-SUB-AREA-DO-CONHECIMENTO="" NOME-DA-ESPECIALIDADE=""/></AREAS-DO-CONHECIMENTO><conceitoCapes/></DOUTORADO><CURSO-TECNICO-PROFISSIONALIZANTE SEQUENCIA-FORMACAO="3" NIVEL="7" CODIGO-INSTITUICAO="350700000009" NOME-INSTITUICAO="Centro Federal de Educação Tecnológica Celso Suckow da Fonseca" CODIGO-ORGAO="" NOME-ORGAO="" CODIGO-CURSO="" NOME-CURSO="" STATUS-DO-CURSO="CONCLUIDO" ANO-DE-INICIO="1976" ANO-DE-CONCLUSAO="1979" FLAG-BOLSA="NAO" CODIGO-AGENCIA-FINANCIADORA="" NOME-AGENCIA="" NOME-CURSO-INGLES=""/></FORMACAO-ACADEMICA-TITULACAO><ATUACOES-PROFISSIONAIS><ATUACAO-PROFISSIONAL CODIGO-INSTITUICAO="000100000991" NOME-INSTITUICAO="Fundação de Apoio a Escola Técnica" SEQUENCIA-ATIVIDADE="1" SEQUENCIA-IMPORTANCIA="1"><VINCULOS SEQUENCIA-HISTORICO="1" TIPO-DE-VINCULO="SERVIDOR_PUBLICO" ENQUADRAMENTO-FUNCIONAL="LIVRE" CARGA-HORARIA-SEMANAL="40" FLAG-DEDICACAO-EXCLUSIVA="NAO" MES-INICIO="5" ANO-INICIO="1999" MES-FIM="" ANO-FIM="" OUTRAS-INFORMACOES="Professor dos cursos técnicos de Mecânica e Eletromecânica da Fundação de Apoio as Escolas Técnicas do Rio de Janeiro, trabalhando na Escola Técnica Estadual Visconde de Mauá. Atuando também como coordenador do curso técnico de Eletromecânica e adjunto técnico de direção da escola." FLAG-VINCULO-EMPREGATICIO="NAO" OUTRO-VINCULO-INFORMADO="" OUTRO-ENQUADRAMENTO-FUNCIONAL-INFORMADO="Professor titular de mecânica" OUTRO-ENQUADRAMENTO-FUNCIONAL-INFORMADO-INGLES="" OUTRAS-INFORMACOES-INGLES=""/><ATIVIDADES-DE-ENSINO><ENSINO SEQUENCIA-FUNCAO-ATIVIDADE="2" FLAG-PERIODO="ATUAL" TIPO-ENSINO="ENSINO-MEDIO" MES-INICIO="5" ANO-INICIO="1999" MES-FIM="" ANO-FIM="" CODIGO-ORGAO="" NOME-ORGAO="" CODIGO-CURSO="" NOME-CURSO="" NOME-CURSO-INGLES=""><DISCIPLINA SEQUENCIA-ESPECIFICACAO="1">Reisitência dos materiais</DISCIPLINA><DISCIPLINA SEQUENCIA-ESPECIFICACAO="2">Máquinas hidráulicas</DISCIPLINA><DISCIPLINA SEQUENCIA-ESPECIFICACAO="3">Máquinas térmicas</DISCIPLINA><DISCIPLINA SEQUENCIA-ESPECIFICACAO="4">Elementos de máquinas</DISCIPLINA></ENSINO><ENSINO SEQUENCIA-FUNCAO-ATIVIDADE="1" FLAG-PERIODO="ATUAL" TIPO-ENSINO="ENSINO-MEDIO" MES-INICIO="6" ANO-INICIO="1999" MES-FIM="" ANO-FIM="" CODIGO-ORGAO="" NOME-ORGAO="" CODIGO-CURSO="" NOME-CURSO="" NOME-CURSO-INGLES=""><DISCIPLINA SEQUENCIA-ESPECIFICACAO="1">Resistência dos materiais</DISCIPLINA><DISCIPLINA SEQUENCIA-ESPECIFICACAO="2">Máquinas hidráulicas</DISCIPLINA><DISCIPLINA SEQUENCIA-ESPECIFICACAO="3">Desenho técnico</DISCIPLINA></ENSINO></ATIVIDADES-DE-ENSINO><atividadesProfissionaisPlanificadas/></ATUACAO-PROFISSIONAL><ATUACAO-PROFISSIONAL CODIGO-INSTITUICAO="201900000008" NOME-INSTITUICAO="Centro Universitário Augusto Motta" SEQUENCIA-ATIVIDADE="3" SEQUENCIA-IMPORTANCIA="2"><VINCULOS SEQUENCIA-HISTORICO="1" TIPO-DE-VINCULO="CELETISTA" ENQUADRAMENTO-FUNCIONAL="LIVRE" CARGA-HORARIA-SEMANAL="20" FLAG-DEDICACAO-EXCLUSIVA="NAO" MES-INICIO="04" ANO-INICIO="2016" MES-FIM="" ANO-FIM="" OUTRAS-INFORMACOES="" FLAG-VINCULO-EMPREGATICIO="NAO" OUTRO-VINCULO-INFORMADO="" OUTRO-ENQUADRAMENTO-FUNCIONAL-INFORMADO="Professor assistente" OUTRO-ENQUADRAMENTO-FUNCIONAL-INFORMADO-INGLES="" OUTRAS-INFORMACOES-INGLES=""/><atividadesProfissionaisPlanificadas/></ATUACAO-PROFISSIONAL><ATUACAO-PROFISSIONAL CODIGO-INSTITUICAO="491100000001" NOME-INSTITUICAO="Fundação Brasileira de Tecnologia da Soldagem" SEQUENCIA-ATIVIDADE="4" SEQUENCIA-IMPORTANCIA="3"><VINCULOS SEQUENCIA-HISTORICO="1" TIPO-DE-VINCULO="PROFESSOR_VISITANTE" ENQUADRAMENTO-FUNCIONAL="LIVRE" CARGA-HORARIA-SEMANAL="8" FLAG-DEDICACAO-EXCLUSIVA="NAO" MES-INICIO="03" ANO-INICIO="2008" MES-FIM="11" ANO-FIM="2015" OUTRAS-INFORMACOES="Professor convidado para disciplinas do último período do curso de Inspetor de Equipamentos" FLAG-VINCULO-EMPREGATICIO="SIM" OUTRO-VINCULO-INFORMADO="" OUTRO-ENQUADRAMENTO-FUNCIONAL-INFORMADO="Professor do curso de Inspetor de Equipamento" OUTRO-ENQUADRAMENTO-FUNCIONAL-INFORMADO-INGLES="" OUTRAS-INFORMACOES-INGLES=""/><atividadesProfissionaisPlanificadas/></ATUACAO-PROFISSIONAL></ATUACOES-PROFISSIONAIS><AREAS-DE-ATUACAO><AREA-DE-ATUACAO SEQUENCIA-AREA-DE-ATUACAO="1" NOME-GRANDE-AREA-DO-CONHECIMENTO="ENGENHARIAS" NOME-DA-AREA-DO-CONHECIMENTO="Engenharia Nuclear" NOME-DA-SUB-AREA-DO-CONHECIMENTO="" NOME-DA-ESPECIALIDADE=""/></AREAS-DE-ATUACAO><IDIOMAS><IDIOMA IDIOMA="EN" DESCRICAO-DO-IDIOMA="Inglês" PROFICIENCIA-DE-LEITURA="BEM" PROFICIENCIA-DE-FALA="RAZOAVELMENTE" PROFICIENCIA-DE-ESCRITA="RAZOAVELMENTE" PROFICIENCIA-DE-COMPREENSAO="RAZOAVELMENTE"/><IDIOMA IDIOMA="FR" DESCRICAO-DO-IDIOMA="Francês" PROFICIENCIA-DE-LEITURA="RAZOAVELMENTE" PROFICIENCIA-DE-FALA="POUCO" PROFICIENCIA-DE-ESCRITA="RAZOAVELMENTE" PROFICIENCIA-DE-COMPREENSAO="RAZOAVELMENTE"/></IDIOMAS><PREMIOS-TITULOS><PREMIO-TITULO NOME-DO-PREMIO-OU-TITULO="Prêmio Metal Chek" NOME-DA-ENTIDADE-PROMOTORA="ABENDE" ANO-DA-PREMIACAO="2002" NOME-DO-PREMIO-OU-TITULO-INGLES=""/></PREMIOS-TITULOS><staValidado/><dataExibicao/><dadosBolsista/></DADOS-GERAIS><PRODUCAO-BIBLIOGRAFICA><TRABALHOS-EM-EVENTOS><TRABALHO-EM-EVENTOS SEQUENCIA-PRODUCAO="3"><DADOS-BASICOS-DO-TRABALHO NATUREZA="COMPLETO" TITULO-DO-TRABALHO="ENSAIOS NÃO DESTRUTIVOS: ANÁLISE DE CUSTOS versus BENEFÍCIOS" ANO-DO-TRABALHO="2002" PAIS-DO-EVENTO="Brasil" IDIOMA="Português" MEIO-DE-DIVULGACAO="IMPRESSO" HOME-PAGE-DO-TRABALHO="" FLAG-RELEVANCIA="NAO" DOI="" TITULO-DO-TRABALHO-INGLES="" FLAG-DIVULGACAO-CIENTIFICA="NAO"/><DETALHAMENTO-DO-TRABALHO CLASSIFICACAO-DO-EVENTO="NACIONAL" NOME-DO-EVENTO="COTEQ-2002" CIDADE-DO-EVENTO="Salvador" ANO-DE-REALIZACAO="2002" TITULO-DOS-ANAIS-OU-PROCEEDINGS="" VOLUME="" FASCICULO="" SERIE="" PAGINA-INICIAL="" PAGINA-FINAL="" ISBN="" NOME-DA-EDITORA="" CIDADE-DA-EDITORA="" NOME-DO-EVENTO-INGLES=""/><AUTORES NOME-COMPLETO-DO-AUTOR="Jurandyr de Souza Cunha Filho" NOME-PARA-CITACAO="Cunha Filho, Jurandyr de Souza;CUNHA FILHO, JURANDYR S." ORDEM-DE-AUTORIA="1" NRO-ID-CNPQ="2841673131254050"/><AUTORES NOME-COMPLETO-DO-AUTOR="Maurício Saldanha Motta" NOME-PARA-CITACAO="MOTTA, Maurício Saldanha" ORDEM-DE-AUTORIA="2" NRO-ID-CNPQ=""/><PALAVRAS-CHAVE PALAVRA-CHAVE-1="Ensaios não destrutivos" PALAVRA-CHAVE-2="ultra-som" PALAVRA-CHAVE-3="Análise de custos" PALAVRA-CHAVE-4="" PALAVRA-CHAVE-5="" PALAVRA-CHAVE-6=""/><AREAS-DO-CONHECIMENTO><AREA-DO-CONHECIMENTO-1 NOME-GRANDE-AREA-DO-CONHECIMENTO="ENGENHARIAS" NOME-DA-AREA-DO-CONHECIMENTO="" NOME-DA-SUB-AREA-DO-CONHECIMENTO="Ensaios Mecânicos" NOME-DA-ESPECIALIDADE="Ensaios Não Destrutivos"/></AREAS-DO-CONHECIMENTO></TRABALHO-EM-EVENTOS><TRABALHO-EM-EVENTOS SEQUENCIA-PRODUCAO="5"><DADOS-BASICOS-DO-TRABALHO NATUREZA="COMPLETO" TITULO-DO-TRABALHO="Metodologia ultra-sônica para caracterização de escoamento bi-fásico" ANO-DO-TRABALHO="2005" PAIS-DO-EVENTO="Brasil" IDIOMA="Inglês" MEIO-DE-DIVULGACAO="IMPRESSO" HOME-PAGE-DO-TRABALHO="" FLAG-RELEVANCIA="NAO" DOI="" TITULO-DO-TRABALHO-INGLES="" FLAG-DIVULGACAO-CIENTIFICA="NAO"/><DETALHAMENTO-DO-TRABALHO CLASSIFICACAO-DO-EVENTO="INTERNACIONAL" NOME-DO-EVENTO="18th International Congress of Mechanical Engineering" CIDADE-DO-EVENTO="Ouro Preto" ANO-DE-REALIZACAO="2005" TITULO-DOS-ANAIS-OU-PROCEEDINGS="" VOLUME="" FASCICULO="" SERIE="" PAGINA-INICIAL="" PAGINA-FINAL="" ISBN="" NOME-DA-EDITORA="" CIDADE-DA-EDITORA="" NOME-DO-EVENTO-INGLES=""/><AUTORES NOME-COMPLETO-DO-AUTOR="Jurandyr de Souza Cunha Filho" NOME-PARA-CITACAO="Cunha Filho, Jurandyr de Souza;CUNHA FILHO, JURANDYR S." ORDEM-DE-AUTORIA="1" NRO-ID-CNPQ="2841673131254050"/><AUTORES NOME-COMPLETO-DO-AUTOR="Maurício Saldanha Motta" NOME-PARA-CITACAO="MOTTA, Maurício Saldanha" ORDEM-DE-AUTORIA="2" NRO-ID-CNPQ=""/><PALAVRAS-CHAVE PALAVRA-CHAVE-1="ultra-som" PALAVRA-CHAVE-2="escoamento bi-fásico" PALAVRA-CHAVE-3="bolhas" PALAVRA-CHAVE-4="" PALAVRA-CHAVE-5="" PALAVRA-CHAVE-6=""/><AREAS-DO-CONHECIMENTO><AREA-DO-CONHECIMENTO-1 NOME-GRANDE-AREA-DO-CONHECIMENTO="ENGENHARIAS" NOME-DA-AREA-DO-CONHECIMENTO="" NOME-DA-SUB-AREA-DO-CONHECIMENTO="Ensaios Mecânicos" NOME-DA-ESPECIALIDADE="Ensaios Não Destrutivos"/></AREAS-DO-CONHECIMENTO><SETORES-DE-ATIVIDADE SETOR-DE-ATIVIDADE-1="Outros" SETOR-DE-ATIVIDADE-2="" SETOR-DE-ATIVIDADE-3=""/><INFORMACOES-ADICIONAIS DESCRICAO-INFORMACOES-ADICIONAIS=": Caracterização de escoamento bi-fásico ar/água através de técnicas  ultra-sônicas, com objetivo de determinar os parâmetros coeficiente de vazio,  área interfacial, função distribuição de bolhas existentes em coluna vertical de  água. Experimentos realizados em protótipo simulando sistema de refrigeração  de usinas nucleares.." DESCRICAO-INFORMACOES-ADICIONAIS-INGLES=""/></TRABALHO-EM-EVENTOS><TRABALHO-EM-EVENTOS SEQUENCIA-PRODUCAO="6"><DADOS-BASICOS-DO-TRABALHO NATUREZA="COMPLETO" TITULO-DO-TRABALHO="Experimental investigation of attenuation of ultrasonic field in a circular pipe by a spherical body" ANO-DO-TRABALHO="2007" PAIS-DO-EVENTO="Brasil" IDIOMA="Inglês" MEIO-DE-DIVULGACAO="MEIO_MAGNETICO" HOME-PAGE-DO-TRABALHO="" FLAG-RELEVANCIA="SIM" DOI="" TITULO-DO-TRABALHO-INGLES=". Experimental investigation of attenuation of ultrasonic field in a circular pipe by a spherical body" FLAG-DIVULGACAO-CIENTIFICA="NAO"/><DETALHAMENTO-DO-TRABALHO CLASSIFICACAO-DO-EVENTO="INTERNACIONAL" NOME-DO-EVENTO="19th International Congress of Mechanical Engineering" CIDADE-DO-EVENTO="Brasília" ANO-DE-REALIZACAO="2007" TITULO-DOS-ANAIS-OU-PROCEEDINGS="Mecânica" VOLUME="" FASCICULO="" SERIE="" PAGINA-INICIAL="" PAGINA-FINAL="" ISBN="" NOME-DA-EDITORA="" CIDADE-DA-EDITORA="" NOME-DO-EVENTO-INGLES=""/><AUTORES NOME-COMPLETO-DO-AUTOR="Carlos Alfredo Lamy" NOME-PARA-CITACAO="LAMY, C. A." ORDEM-DE-AUTORIA="1" NRO-ID-CNPQ=""/><AUTORES NOME-COMPLETO-DO-AUTOR="Jurandyr de Souza Cunha Filho" NOME-PARA-CITACAO="Cunha Filho, Jurandyr de Souza;CUNHA FILHO, JURANDYR S." ORDEM-DE-AUTORIA="2" NRO-ID-CNPQ="2841673131254050"/><AUTORES NOME-COMPLETO-DO-AUTOR="José Luiz Horácio Faccini" NOME-PARA-CITACAO="Faccini" ORDEM-DE-AUTORIA="3" NRO-ID-CNPQ=""/><AUTORES NOME-COMPLETO-DO-AUTOR="LAMY, Carlos Alfredo" NOME-PARA-CITACAO="Lamy" ORDEM-DE-AUTORIA="4" NRO-ID-CNPQ=""/><AUTORES NOME-COMPLETO-DO-AUTOR="Jian Su" NOME-PARA-CITACAO="Su Jian" ORDEM-DE-AUTORIA="5" NRO-ID-CNPQ=""/><AREAS-DO-CONHECIMENTO><AREA-DO-CONHECIMENTO-1 NOME-GRANDE-AREA-DO-CONHECIMENTO="ENGENHARIAS" NOME-DA-AREA-DO-CONHECIMENTO="" NOME-DA-SUB-AREA-DO-CONHECIMENTO="" NOME-DA-ESPECIALIDADE=""/></AREAS-DO-CONHECIMENTO></TRABALHO-EM-EVENTOS><TRABALHO-EM-EVENTOS SEQUENCIA-PRODUCAO="7"><DADOS-BASICOS-DO-TRABALHO NATUREZA="COMPLETO" TITULO-DO-TRABALHO="Experimental investigation of ultrasonic field in two-phase bubbly-flow using rigid sphere" ANO-DO-TRABALHO="2007" PAIS-DO-EVENTO="Brasil" IDIOMA="Inglês" MEIO-DE-DIVULGACAO="MEIO_DIGITAL" HOME-PAGE-DO-TRABALHO="" FLAG-RELEVANCIA="NAO" DOI="" TITULO-DO-TRABALHO-INGLES="Experimental investigation of ultrasonic field in two-phase bubbly-flow using rigid sphere" FLAG-DIVULGACAO-CIENTIFICA="NAO"/><DETALHAMENTO-DO-TRABALHO CLASSIFICACAO-DO-EVENTO="INTERNACIONAL" NOME-DO-EVENTO=": International Nuclear Atlantic Conference" CIDADE-DO-EVENTO="Santos" ANO-DE-REALIZACAO="2007" TITULO-DOS-ANAIS-OU-PROCEEDINGS="ENFIR" VOLUME="" FASCICULO="" SERIE="" PAGINA-INICIAL="" PAGINA-FINAL="" ISBN="" NOME-DA-EDITORA="" CIDADE-DA-EDITORA="" NOME-DO-EVENTO-INGLES=""/><AUTORES NOME-COMPLETO-DO-AUTOR="LAMY, Carlos Alfredo" NOME-PARA-CITACAO="Lamy" ORDEM-DE-AUTORIA="1" NRO-ID-CNPQ=""/><AUTORES NOME-COMPLETO-DO-AUTOR="Jurandyr de Souza Cunha Filho" NOME-PARA-CITACAO="Cunha Filho, Jurandyr de Souza;CUNHA FILHO, JURANDYR S." ORDEM-DE-AUTORIA="2" NRO-ID-CNPQ="2841673131254050"/><AUTORES NOME-COMPLETO-DO-AUTOR="José Luiz Horácio Faccini" NOME-PARA-CITACAO="Faccini" ORDEM-DE-AUTORIA="3" NRO-ID-CNPQ=""/><AUTORES NOME-COMPLETO-DO-AUTOR="Jian Su" NOME-PARA-CITACAO="Su Jian" ORDEM-DE-AUTORIA="4" NRO-ID-CNPQ=""/><AREAS-DO-CONHECIMENTO><AREA-DO-CONHECIMENTO-1 NOME-GRANDE-AREA-DO-CONHECIMENTO="ENGENHARIAS" NOME-DA-AREA-DO-CONHECIMENTO="" NOME-DA-SUB-AREA-DO-CONHECIMENTO="" NOME-DA-ESPECIALIDADE=""/></AREAS-DO-CONHECIMENTO></TRABALHO-EM-EVENTOS><TRABALHO-EM-EVENTOS SEQUENCIA-PRODUCAO="9"><DADOS-BASICOS-DO-TRABALHO NATUREZA="COMPLETO" TITULO-DO-TRABALHO="Measurement of Velocity and Shape of Elongated Bubble in a Horizontal Two-Phase Gas-Liquid Flow Using a High Speed Ultrasonic System" ANO-DO-TRABALHO="2009" PAIS-DO-EVENTO="Brasil" IDIOMA="Inglês" MEIO-DE-DIVULGACAO="IMPRESSO" HOME-PAGE-DO-TRABALHO="" FLAG-RELEVANCIA="NAO" DOI="" TITULO-DO-TRABALHO-INGLES="" FLAG-DIVULGACAO-CIENTIFICA="NAO"/><DETALHAMENTO-DO-TRABALHO CLASSIFICACAO-DO-EVENTO="INTERNACIONAL" NOME-DO-EVENTO="20th International Congress of Mechanical Engineering" CIDADE-DO-EVENTO="Gramado" ANO-DE-REALIZACAO="2009" TITULO-DOS-ANAIS-OU-PROCEEDINGS="20th International Congress of Mechanical Engineering - Proceedings" VOLUME="" FASCICULO="" SERIE="" PAGINA-INICIAL="" PAGINA-FINAL="" ISBN="" NOME-DA-EDITORA="" CIDADE-DA-EDITORA="" NOME-DO-EVENTO-INGLES=""/><AUTORES NOME-COMPLETO-DO-AUTOR="Jurandyr de Souza Cunha Filho" NOME-PARA-CITACAO="Cunha Filho, Jurandyr de Souza;CUNHA FILHO, JURANDYR S." ORDEM-DE-AUTORIA="1" NRO-ID-CNPQ="2841673131254050"/><AUTORES NOME-COMPLETO-DO-AUTOR="José Luiz Horácio Faccini" NOME-PARA-CITACAO="Faccini" ORDEM-DE-AUTORIA="2" NRO-ID-CNPQ=""/><AUTORES NOME-COMPLETO-DO-AUTOR="LAMY, Carlos Alfredo" NOME-PARA-CITACAO="Lamy" ORDEM-DE-AUTORIA="3" NRO-ID-CNPQ=""/><AUTORES NOME-COMPLETO-DO-AUTOR="Jian Su" NOME-PARA-CITACAO="Su Jian" ORDEM-DE-AUTORIA="4" NRO-ID-CNPQ=""/><AREAS-DO-CONHECIMENTO><AREA-DO-CONHECIMENTO-1 NOME-GRANDE-AREA-DO-CONHECIMENTO="ENGENHARIAS" NOME-DA-AREA-DO-CONHECIMENTO="" NOME-DA-SUB-AREA-DO-CONHECIMENTO="Tecnologia dos Reatores" NOME-DA-ESPECIALIDADE=""/></AREAS-DO-CONHECIMENTO></TRABALHO-EM-EVENTOS><TRABALHO-EM-EVENTOS SEQUENCIA-PRODUCAO="10"><DADOS-BASICOS-DO-TRABALHO NATUREZA="COMPLETO" TITULO-DO-TRABALHO="NEURAL NETWORK TO MEASURE VOLUMETRIC FRACTION OF A BUBBLY COLUMN USING ULTRASONIC WAVE" ANO-DO-TRABALHO="2009" PAIS-DO-EVENTO="Brasil" IDIOMA="Inglês" MEIO-DE-DIVULGACAO="MEIO_DIGITAL" HOME-PAGE-DO-TRABALHO="" FLAG-RELEVANCIA="NAO" DOI="" TITULO-DO-TRABALHO-INGLES="" FLAG-DIVULGACAO-CIENTIFICA="NAO"/><DETALHAMENTO-DO-TRABALHO CLASSIFICACAO-DO-EVENTO="INTERNACIONAL" NOME-DO-EVENTO="20th International Congress of Mechanical Engineering" CIDADE-DO-EVENTO="Gramado" ANO-DE-REALIZACAO="2009" TITULO-DOS-ANAIS-OU-PROCEEDINGS="20th International Congress of Mechanical Engineering - Proceedings" VOLUME="" FASCICULO="" SERIE="" PAGINA-INICIAL="" PAGINA-FINAL="" ISBN="" NOME-DA-EDITORA="" CIDADE-DA-EDITORA="" NOME-DO-EVENTO-INGLES=""/><AUTORES NOME-COMPLETO-DO-AUTOR="Jurandyr de Souza Cunha Filho" NOME-PARA-CITACAO="Cunha Filho, Jurandyr de Souza;CUNHA FILHO, JURANDYR S." ORDEM-DE-AUTORIA="1" NRO-ID-CNPQ="2841673131254050"/><AUTORES NOME-COMPLETO-DO-AUTOR="Baroni, D. B. (Douglas B. Baroni)" NOME-PARA-CITACAO="Baroni, D. B. (Douglas B. Baroni)" ORDEM-DE-AUTORIA="2" NRO-ID-CNPQ=""/><AUTORES NOME-COMPLETO-DO-AUTOR="Carlos Alfredo Lamy" NOME-PARA-CITACAO="LAMY, C. A." ORDEM-DE-AUTORIA="3" NRO-ID-CNPQ=""/><AUTORES NOME-COMPLETO-DO-AUTOR="Bittencourt, M. S. Q. (Marcelo S. Q. Bittencourt)" NOME-PARA-CITACAO="Bittencourt, M. S. Q. (Marcelo S. Q. Bittencourt)" ORDEM-DE-AUTORIA="4" NRO-ID-CNPQ=""/><AUTORES NOME-COMPLETO-DO-AUTOR="Maurício Saldanha Motta" NOME-PARA-CITACAO="MOTTA, Maurício Saldanha" ORDEM-DE-AUTORIA="5" NRO-ID-CNPQ=""/><AUTORES NOME-COMPLETO-DO-AUTOR="Su, J (Jian Su)" NOME-PARA-CITACAO="Su, J (Jian Su)" ORDEM-DE-AUTORIA="6" NRO-ID-CNPQ=""/><PALAVRAS-CHAVE PALAVRA-CHAVE-1="Neural network" PALAVRA-CHAVE-2="Two-phase flow" PALAVRA-CHAVE-3="Volumetric fraction" PALAVRA-CHAVE-4="Frequency domain" PALAVRA-CHAVE-5="" PALAVRA-CHAVE-6=""/><AREAS-DO-CONHECIMENTO><AREA-DO-CONHECIMENTO-1 NOME-GRANDE-AREA-DO-CONHECIMENTO="ENGENHARIAS" NOME-DA-AREA-DO-CONHECIMENTO="" NOME-DA-SUB-AREA-DO-CONHECIMENTO="" NOME-DA-ESPECIALIDADE=""/></AREAS-DO-CONHECIMENTO></TRABALHO-EM-EVENTOS><TRABALHO-EM-EVENTOS SEQUENCIA-PRODUCAO="11"><DADOS-BASICOS-DO-TRABALHO NATUREZA="COMPLETO" TITULO-DO-TRABALHO="High Speed Ultrasonic System to Measure Bubbles Velocities in a Horizontal Two-Phase Flow" ANO-DO-TRABALHO="2009" PAIS-DO-EVENTO="Brasil" IDIOMA="Inglês" MEIO-DE-DIVULGACAO="MEIO_DIGITAL" HOME-PAGE-DO-TRABALHO="" FLAG-RELEVANCIA="NAO" DOI="" TITULO-DO-TRABALHO-INGLES="" FLAG-DIVULGACAO-CIENTIFICA="NAO"/><DETALHAMENTO-DO-TRABALHO CLASSIFICACAO-DO-EVENTO="INTERNACIONAL" NOME-DO-EVENTO="International Nuclear Atlantic Conference" CIDADE-DO-EVENTO="Rio de Janeiro" ANO-DE-REALIZACAO="2009" TITULO-DOS-ANAIS-OU-PROCEEDINGS="International Nuclear Atlantic Conference - INAC 2009" VOLUME="" FASCICULO="" SERIE="" PAGINA-INICIAL="" PAGINA-FINAL="" ISBN="" NOME-DA-EDITORA="" CIDADE-DA-EDITORA="" NOME-DO-EVENTO-INGLES=""/><AUTORES NOME-COMPLETO-DO-AUTOR="Jurandyr de Souza Cunha Filho" NOME-PARA-CITACAO="Cunha Filho, Jurandyr de Souza;CUNHA FILHO, JURANDYR S." ORDEM-DE-AUTORIA="1" NRO-ID-CNPQ="2841673131254050"/><AUTORES NOME-COMPLETO-DO-AUTOR="Farias, Marcos Santana" NOME-PARA-CITACAO="Farias, M. S." ORDEM-DE-AUTORIA="2" NRO-ID-CNPQ=""/><AUTORES NOME-COMPLETO-DO-AUTOR="Faccini, J. L. H. (José Luiz Horácio Faccini)" NOME-PARA-CITACAO="Faccini, J. L. H. (José Luiz Horácio Faccini)" ORDEM-DE-AUTORIA="3" NRO-ID-CNPQ=""/><AUTORES NOME-COMPLETO-DO-AUTOR="Lamy, C. A. (Carlos Alfredo Lamy)" NOME-PARA-CITACAO="Lamy, C. A. (Carlos Alfredo Lamy)" ORDEM-DE-AUTORIA="4" NRO-ID-CNPQ=""/><AUTORES NOME-COMPLETO-DO-AUTOR="Su, J (Jian Su)" NOME-PARA-CITACAO="Su, J (Jian Su)" ORDEM-DE-AUTORIA="5" NRO-ID-CNPQ=""/><PALAVRAS-CHAVE PALAVRA-CHAVE-1="Ultrasonic system" PALAVRA-CHAVE-2="Intermittent gas-liquid flow" PALAVRA-CHAVE-3="" PALAVRA-CHAVE-4="" PALAVRA-CHAVE-5="" PALAVRA-CHAVE-6=""/><AREAS-DO-CONHECIMENTO><AREA-DO-CONHECIMENTO-1 NOME-GRANDE-AREA-DO-CONHECIMENTO="ENGENHARIAS" NOME-DA-AREA-DO-CONHECIMENTO="" NOME-DA-SUB-AREA-DO-CONHECIMENTO="Tecnologia dos Reatores" NOME-DA-ESPECIALIDADE=""/></AREAS-DO-CONHECIMENTO></TRABALHO-EM-EVENTOS><TRABALHO-EM-EVENTOS SEQUENCIA-PRODUCAO="12"><DADOS-BASICOS-DO-TRABALHO NATUREZA="COMPLETO" TITULO-DO-TRABALHO="Estudo Experimental de Escoamentos Bifásicos em Duto Horizontal Usando uma Técnica de Visualização" ANO-DO-TRABALHO="2009" PAIS-DO-EVENTO="Brasil" IDIOMA="Português" MEIO-DE-DIVULGACAO="MEIO_DIGITAL" HOME-PAGE-DO-TRABALHO="" FLAG-RELEVANCIA="NAO" DOI="" TITULO-DO-TRABALHO-INGLES="" FLAG-DIVULGACAO-CIENTIFICA="NAO"/><DETALHAMENTO-DO-TRABALHO CLASSIFICACAO-DO-EVENTO="INTERNACIONAL" NOME-DO-EVENTO="International Nuclear Atlantic Conference" CIDADE-DO-EVENTO="Rio de Janeiro" ANO-DE-REALIZACAO="2009" TITULO-DOS-ANAIS-OU-PROCEEDINGS="International Nuclear Atlantic Conference - INAC 2009" VOLUME="" FASCICULO="" SERIE="" PAGINA-INICIAL="" PAGINA-FINAL="" ISBN="" NOME-DA-EDITORA="" CIDADE-DA-EDITORA="" NOME-DO-EVENTO-INGLES=""/><AUTORES NOME-COMPLETO-DO-AUTOR="Oliveira, L. A. (Lívia Alves de Oliveira)" NOME-PARA-CITACAO="Oliveira, L. A. (Lívia Alves de Oliveira)" ORDEM-DE-AUTORIA="1" NRO-ID-CNPQ=""/><AUTORES NOME-COMPLETO-DO-AUTOR="Tomas, B. T. (Bruno T. Tomas)" NOME-PARA-CITACAO="Tomas, B. T. (Bruno T. Tomas)" ORDEM-DE-AUTORIA="2" NRO-ID-CNPQ=""/><AUTORES NOME-COMPLETO-DO-AUTOR="Jurandyr de Souza Cunha Filho" NOME-PARA-CITACAO="Cunha Filho, Jurandyr de Souza;CUNHA FILHO, JURANDYR S." ORDEM-DE-AUTORIA="3" NRO-ID-CNPQ="2841673131254050"/><AUTORES NOME-COMPLETO-DO-AUTOR="Faccini, J. L. H. (José Luiz Horácio Faccini)" NOME-PARA-CITACAO="Faccini, J. L. H. (José Luiz Horácio Faccini)" ORDEM-DE-AUTORIA="4" NRO-ID-CNPQ=""/><AUTORES NOME-COMPLETO-DO-AUTOR="Su, J (Jian Su)" NOME-PARA-CITACAO="Su, J (Jian Su)" ORDEM-DE-AUTORIA="5" NRO-ID-CNPQ=""/><PALAVRAS-CHAVE PALAVRA-CHAVE-1="Técnica de visualização" PALAVRA-CHAVE-2="Escoamento bifásico" PALAVRA-CHAVE-3="" PALAVRA-CHAVE-4="" PALAVRA-CHAVE-5="" PALAVRA-CHAVE-6=""/><AREAS-DO-CONHECIMENTO><AREA-DO-CONHECIMENTO-1 NOME-GRANDE-AREA-DO-CONHECIMENTO="ENGENHARIAS" NOME-DA-AREA-DO-CONHECIMENTO="" NOME-DA-SUB-AREA-DO-CONHECIMENTO="Tecnologia dos Reatores" NOME-DA-ESPECIALIDADE=""/><AREA-DO-CONHECIMENTO-2 NOME-GRANDE-AREA-DO-CONHECIMENTO="ENGENHARIAS" NOME-DA-AREA-DO-CONHECIMENTO="Engenharia Nuclear" NOME-DA-SUB-AREA-DO-CONHECIMENTO="Fusão Controlada" NOME-DA-ESPECIALIDADE=""/></AREAS-DO-CONHECIMENTO></TRABALHO-EM-EVENTOS><TRABALHO-EM-EVENTOS SEQUENCIA-PRODUCAO="13"><DADOS-BASICOS-DO-TRABALHO NATUREZA="COMPLETO" TITULO-DO-TRABALHO="Visualization of Two-Phase Gas-Liquid Flow Regimes in Horizontal and Slightly-Inclined Circular Tube" ANO-DO-TRABALHO="2010" PAIS-DO-EVENTO="Brasil" IDIOMA="Inglês" MEIO-DE-DIVULGACAO="MEIO_DIGITAL" HOME-PAGE-DO-TRABALHO="" FLAG-RELEVANCIA="NAO" DOI="" TITULO-DO-TRABALHO-INGLES="" FLAG-DIVULGACAO-CIENTIFICA="NAO"/><DETALHAMENTO-DO-TRABALHO CLASSIFICACAO-DO-EVENTO="INTERNACIONAL" NOME-DO-EVENTO="13th Brazilian Congress of Thermal Sciences and Engineering" CIDADE-DO-EVENTO="Uberlândia" ANO-DE-REALIZACAO="2010" TITULO-DOS-ANAIS-OU-PROCEEDINGS="13th Brazilian Congress of Thermal Sciences and Engineering - ENCIT" VOLUME="" FASCICULO="" SERIE="" PAGINA-INICIAL="" PAGINA-FINAL="" ISBN="" NOME-DA-EDITORA="" CIDADE-DA-EDITORA="" NOME-DO-EVENTO-INGLES=""/><AUTORES NOME-COMPLETO-DO-AUTOR="Oliveira, L. A. (Lívia Alves de Oliveira)" NOME-PARA-CITACAO="Oliveira, L. A. (Lívia Alves de Oliveira)" ORDEM-DE-AUTORIA="1" NRO-ID-CNPQ=""/><AUTORES NOME-COMPLETO-DO-AUTOR="Jurandyr de Souza Cunha Filho" NOME-PARA-CITACAO="Cunha Filho, Jurandyr de Souza;CUNHA FILHO, JURANDYR S." ORDEM-DE-AUTORIA="2" NRO-ID-CNPQ="2841673131254050"/><AUTORES NOME-COMPLETO-DO-AUTOR="Faccini, J. L. H. (José Luiz Horácio Faccini)" NOME-PARA-CITACAO="Faccini, J. L. H. (José Luiz Horácio Faccini)" ORDEM-DE-AUTORIA="3" NRO-ID-CNPQ=""/><AUTORES NOME-COMPLETO-DO-AUTOR="Su, J (Jian Su)" NOME-PARA-CITACAO="Su, J (Jian Su)" ORDEM-DE-AUTORIA="4" NRO-ID-CNPQ=""/><PALAVRAS-CHAVE PALAVRA-CHAVE-1="Visualization technique" PALAVRA-CHAVE-2="Two-phase flow" PALAVRA-CHAVE-3="" PALAVRA-CHAVE-4="" PALAVRA-CHAVE-5="" PALAVRA-CHAVE-6=""/><AREAS-DO-CONHECIMENTO><AREA-DO-CONHECIMENTO-1 NOME-GRANDE-AREA-DO-CONHECIMENTO="ENGENHARIAS" NOME-DA-AREA-DO-CONHECIMENTO="" NOME-DA-SUB-AREA-DO-CONHECIMENTO="Engenharia Térmica" NOME-DA-ESPECIALIDADE=""/></AREAS-DO-CONHECIMENTO></TRABALHO-EM-EVENTOS><TRABALHO-EM-EVENTOS SEQUENCIA-PRODUCAO="14"><DADOS-BASICOS-DO-TRABALHO NATUREZA="COMPLETO" TITULO-DO-TRABALHO="TWO-PHASE FLOW EXPERIMENTAL STUDY IN HORIZONTAL AND INCLINED PIPES USING A VISUALIZATION TECHNIQUE" ANO-DO-TRABALHO="2010" PAIS-DO-EVENTO="Brasil" IDIOMA="Inglês" MEIO-DE-DIVULGACAO="MEIO_DIGITAL" HOME-PAGE-DO-TRABALHO="" FLAG-RELEVANCIA="NAO" DOI="" TITULO-DO-TRABALHO-INGLES="" FLAG-DIVULGACAO-CIENTIFICA="NAO"/><DETALHAMENTO-DO-TRABALHO CLASSIFICACAO-DO-EVENTO="INTERNACIONAL" NOME-DO-EVENTO="Rio Oil &amp;amp; Gas Expo and Conference" CIDADE-DO-EVENTO="Rio de Janeiro" ANO-DE-REALIZACAO="2010" TITULO-DOS-ANAIS-OU-PROCEEDINGS="Rio Oil &amp;amp; Gas Expo and Conference" VOLUME="" FASCICULO="" SERIE="" PAGINA-INICIAL="" PAGINA-FINAL="" ISBN="" NOME-DA-EDITORA="" CIDADE-DA-EDITORA="" NOME-DO-EVENTO-INGLES=""/><AUTORES NOME-COMPLETO-DO-AUTOR="Oliveira, L. A. (Lívia Alves de Oliveira)" NOME-PARA-CITACAO="Oliveira, L. A. (Lívia Alves de Oliveira)" ORDEM-DE-AUTORIA="1" NRO-ID-CNPQ=""/><AUTORES NOME-COMPLETO-DO-AUTOR="Jurandyr de Souza Cunha Filho" NOME-PARA-CITACAO="Cunha Filho, Jurandyr de Souza;CUNHA FILHO, JURANDYR S." ORDEM-DE-AUTORIA="2" NRO-ID-CNPQ="2841673131254050"/><AUTORES NOME-COMPLETO-DO-AUTOR="Faccini, J. L. H. (José Luiz Horácio Faccini)" NOME-PARA-CITACAO="Faccini, J. L. H. (José Luiz Horácio Faccini)" ORDEM-DE-AUTORIA="3" NRO-ID-CNPQ=""/><AUTORES NOME-COMPLETO-DO-AUTOR="Su, J (Jian Su)" NOME-PARA-CITACAO="Su, J (Jian Su)" ORDEM-DE-AUTORIA="4" NRO-ID-CNPQ=""/><PALAVRAS-CHAVE PALAVRA-CHAVE-1="Visualization technique" PALAVRA-CHAVE-2="Two-phase flow" PALAVRA-CHAVE-3="Horizontal and inclined pipes" PALAVRA-CHAVE-4="" PALAVRA-CHAVE-5="" PALAVRA-CHAVE-6=""/><AREAS-DO-CONHECIMENTO><AREA-DO-CONHECIMENTO-1 NOME-GRANDE-AREA-DO-CONHECIMENTO="ENGENHARIAS" NOME-DA-AREA-DO-CONHECIMENTO="" NOME-DA-SUB-AREA-DO-CONHECIMENTO="Operações Industriais e Equipamentos para Engenharia Química" NOME-DA-ESPECIALIDADE=""/></AREAS-DO-CONHECIMENTO></TRABALHO-EM-EVENTOS><TRABALHO-EM-EVENTOS SEQUENCIA-PRODUCAO="15"><DADOS-BASICOS-DO-TRABALHO NATUREZA="COMPLETO" TITULO-DO-TRABALHO="Experimental Measurement of Interfacial Parameters of Elongated Bubbles in Two Phase Gas-Liquid Flow in Horizontal and Slightly Inclined Circular Pipes" ANO-DO-TRABALHO="2010" PAIS-DO-EVENTO="China" IDIOMA="Português" MEIO-DE-DIVULGACAO="NAO_INFORMADO" HOME-PAGE-DO-TRABALHO="" FLAG-RELEVANCIA="NAO" DOI="" TITULO-DO-TRABALHO-INGLES="" FLAG-DIVULGACAO-CIENTIFICA="NAO"/><DETALHAMENTO-DO-TRABALHO CLASSIFICACAO-DO-EVENTO="INTERNACIONAL" NOME-DO-EVENTO="18th International Conference on Nuclear Engineering" CIDADE-DO-EVENTO="Xi'an" ANO-DE-REALIZACAO="2010" TITULO-DOS-ANAIS-OU-PROCEEDINGS="18th International Conference on Nuclear Engineering - ICONE18." VOLUME="" FASCICULO="" SERIE="" PAGINA-INICIAL="" PAGINA-FINAL="" ISBN="" NOME-DA-EDITORA="" CIDADE-DA-EDITORA="" NOME-DO-EVENTO-INGLES=""/><AUTORES NOME-COMPLETO-DO-AUTOR="Jurandyr de Souza Cunha Filho" NOME-PARA-CITACAO="Cunha Filho, Jurandyr de Souza;CUNHA FILHO, JURANDYR S." ORDEM-DE-AUTORIA="1" NRO-ID-CNPQ="2841673131254050"/><AUTORES NOME-COMPLETO-DO-AUTOR="Faccini, J. L. H. (José Luiz Horácio Faccini)" NOME-PARA-CITACAO="Faccini, J. L. H. (José Luiz Horácio Faccini)" ORDEM-DE-AUTORIA="2" NRO-ID-CNPQ=""/><AUTORES NOME-COMPLETO-DO-AUTOR="Lamy, C. A. (Carlos Alfredo Lamy)" NOME-PARA-CITACAO="Lamy, C. A. (Carlos Alfredo Lamy)" ORDEM-DE-AUTORIA="3" NRO-ID-CNPQ=""/><AUTORES NOME-COMPLETO-DO-AUTOR="Su, J (Jian Su)" NOME-PARA-CITACAO="Su, J (Jian Su)" ORDEM-DE-AUTORIA="4" NRO-ID-CNPQ=""/><PALAVRAS-CHAVE PALAVRA-CHAVE-1="Two-phase flow" PALAVRA-CHAVE-2="Horizontal and inclined pipes" PALAVRA-CHAVE-3="Intermittent gas-liquid flow" PALAVRA-CHAVE-4="" PALAVRA-CHAVE-5="" PALAVRA-CHAVE-6=""/><AREAS-DO-CONHECIMENTO><AREA-DO-CONHECIMENTO-1 NOME-GRANDE-AREA-DO-CONHECIMENTO="ENGENHARIAS" NOME-DA-AREA-DO-CONHECIMENTO="" NOME-DA-SUB-AREA-DO-CONHECIMENTO="Fusão Controlada" NOME-DA-ESPECIALIDADE=""/><AREA-DO-CONHECIMENTO-2 NOME-GRANDE-AREA-DO-CONHECIMENTO="ENGENHARIAS" NOME-DA-AREA-DO-CONHECIMENTO="Engenharia Nuclear" NOME-DA-SUB-AREA-DO-CONHECIMENTO="Tecnologia dos Reatores" NOME-DA-ESPECIALIDADE=""/></AREAS-DO-CONHECIMENTO></TRABALHO-EM-EVENTOS><TRABALHO-EM-EVENTOS SEQUENCIA-PRODUCAO="16"><DADOS-BASICOS-DO-TRABALHO NATUREZA="COMPLETO" TITULO-DO-TRABALHO="EXPERIMENTAL AND NUMERICAL STUDIES OF TWO-PHASE GAS-LIQUID FLOW IN HORIZONTAL AND SLIGHTLY INCLINED CIRCULAR PIPES" ANO-DO-TRABALHO="2010" PAIS-DO-EVENTO="Brasil" IDIOMA="Inglês" MEIO-DE-DIVULGACAO="NAO_INFORMADO" HOME-PAGE-DO-TRABALHO="" FLAG-RELEVANCIA="NAO" DOI="" TITULO-DO-TRABALHO-INGLES="" FLAG-DIVULGACAO-CIENTIFICA="NAO"/><DETALHAMENTO-DO-TRABALHO CLASSIFICACAO-DO-EVENTO="INTERNACIONAL" NOME-DO-EVENTO="2º Encontro Brasileiro sobre Ebulição, Condensação e Escoamentos Multifásicos" CIDADE-DO-EVENTO="São Carlos" ANO-DE-REALIZACAO="2010" TITULO-DOS-ANAIS-OU-PROCEEDINGS="2º Encontro Brasileiro sobre Ebulição, Condensação e Escoamentos Multifásicos - EBECEM 2010" VOLUME="" FASCICULO="" SERIE="" PAGINA-INICIAL="" PAGINA-FINAL="" ISBN="" NOME-DA-EDITORA="" CIDADE-DA-EDITORA="" NOME-DO-EVENTO-INGLES=""/><AUTORES NOME-COMPLETO-DO-AUTOR="Jurandyr de Souza Cunha Filho" NOME-PARA-CITACAO="Cunha Filho, Jurandyr de Souza;CUNHA FILHO, JURANDYR S." ORDEM-DE-AUTORIA="1" NRO-ID-CNPQ="2841673131254050"/><AUTORES NOME-COMPLETO-DO-AUTOR="Faccini, J. L. H. (José Luiz Horácio Faccini)" NOME-PARA-CITACAO="Faccini, J. L. H. (José Luiz Horácio Faccini)" ORDEM-DE-AUTORIA="2" NRO-ID-CNPQ=""/><AUTORES NOME-COMPLETO-DO-AUTOR="Sampaio, P. A. B. (Paulo Augusto B. de Sampaio)" NOME-PARA-CITACAO="Sampaio, P. A. B. (Paulo Augusto B. de Sampaio)" ORDEM-DE-AUTORIA="3" NRO-ID-CNPQ=""/><AUTORES NOME-COMPLETO-DO-AUTOR="Lamy, C. A. (Carlos Alfredo Lamy)" NOME-PARA-CITACAO="Lamy, C. A. (Carlos Alfredo Lamy)" ORDEM-DE-AUTORIA="4" NRO-ID-CNPQ=""/><AUTORES NOME-COMPLETO-DO-AUTOR="Su, J (Jian Su)" NOME-PARA-CITACAO="Su, J (Jian Su)" ORDEM-DE-AUTORIA="5" NRO-ID-CNPQ=""/><PALAVRAS-CHAVE PALAVRA-CHAVE-1="Two-phase flow" PALAVRA-CHAVE-2="Experimental and numerical studies" PALAVRA-CHAVE-3="Horizontal and inclined pipes" PALAVRA-CHAVE-4="Ultrasonic system" PALAVRA-CHAVE-5="Visualization technique" PALAVRA-CHAVE-6=""/><AREAS-DO-CONHECIMENTO><AREA-DO-CONHECIMENTO-1 NOME-GRANDE-AREA-DO-CONHECIMENTO="ENGENHARIAS" NOME-DA-AREA-DO-CONHECIMENTO="" NOME-DA-SUB-AREA-DO-CONHECIMENTO="Engenharia Térmica" NOME-DA-ESPECIALIDADE=""/></AREAS-DO-CONHECIMENTO></TRABALHO-EM-EVENTOS><TRABALHO-EM-EVENTOS SEQUENCIA-PRODUCAO="17"><DADOS-BASICOS-DO-TRABALHO NATUREZA="COMPLETO" TITULO-DO-TRABALHO="An Experimental Study of Elongated Bubble Lengths and Translational Velocities in Two Phase Gas-Liquid Flow in Horizontal and Slightly Upward and Downward Circular Pipes" ANO-DO-TRABALHO="2011" PAIS-DO-EVENTO="Brasil" IDIOMA="Inglês" MEIO-DE-DIVULGACAO="MEIO_DIGITAL" HOME-PAGE-DO-TRABALHO="" FLAG-RELEVANCIA="NAO" DOI="" TITULO-DO-TRABALHO-INGLES="" FLAG-DIVULGACAO-CIENTIFICA="NAO"/><DETALHAMENTO-DO-TRABALHO CLASSIFICACAO-DO-EVENTO="INTERNACIONAL" NOME-DO-EVENTO="INAC 2011 - International Nuclear Atlantic Conference" CIDADE-DO-EVENTO="Belo Horizonte" ANO-DE-REALIZACAO="2011" TITULO-DOS-ANAIS-OU-PROCEEDINGS="XVII ENFIR" VOLUME="" FASCICULO="" SERIE="" PAGINA-INICIAL="" PAGINA-FINAL="" ISBN="9788599141" NOME-DA-EDITORA="" CIDADE-DA-EDITORA="" NOME-DO-EVENTO-INGLES=""/><AUTORES NOME-COMPLETO-DO-AUTOR="Jurandyr de Souza Cunha Filho" NOME-PARA-CITACAO="Cunha Filho, Jurandyr de Souza;CUNHA FILHO, JURANDYR S." ORDEM-DE-AUTORIA="1" NRO-ID-CNPQ="2841673131254050"/><AUTORES NOME-COMPLETO-DO-AUTOR="Lívia Alves Oliveira" NOME-PARA-CITACAO="OLIVEIRA, L. A." ORDEM-DE-AUTORIA="2" NRO-ID-CNPQ=""/><AUTORES NOME-COMPLETO-DO-AUTOR="José Luiz Horácio Faccini" NOME-PARA-CITACAO="FACCINI, J. L. H." ORDEM-DE-AUTORIA="3" NRO-ID-CNPQ=""/><AUTORES NOME-COMPLETO-DO-AUTOR="Jian Su" NOME-PARA-CITACAO="SU, J." ORDEM-DE-AUTORIA="4" NRO-ID-CNPQ="0934428004504955"/><PALAVRAS-CHAVE PALAVRA-CHAVE-1="translational velocity" PALAVRA-CHAVE-2="elongated bubble length" PALAVRA-CHAVE-3="horizontal flow" PALAVRA-CHAVE-4="slightly inclined upward flow" PALAVRA-CHAVE-5="high speed ultrasonic system" PALAVRA-CHAVE-6=""/><AREAS-DO-CONHECIMENTO><AREA-DO-CONHECIMENTO-1 NOME-GRANDE-AREA-DO-CONHECIMENTO="ENGENHARIAS" NOME-DA-AREA-DO-CONHECIMENTO="" NOME-DA-SUB-AREA-DO-CONHECIMENTO="Tecnologia dos Reatores" NOME-DA-ESPECIALIDADE=""/></AREAS-DO-CONHECIMENTO></TRABALHO-EM-EVENTOS><TRABALHO-EM-EVENTOS SEQUENCIA-PRODUCAO="8"><DADOS-BASICOS-DO-TRABALHO NATUREZA="COMPLETO" TITULO-DO-TRABALHO="Estudos experimentais da interação do campo ultra-sônico com esferas de aço imersas em água simulando bolhas de ar" ANO-DO-TRABALHO="2008" PAIS-DO-EVENTO="Brasil" IDIOMA="Português" MEIO-DE-DIVULGACAO="MEIO_DIGITAL" HOME-PAGE-DO-TRABALHO="" FLAG-RELEVANCIA="NAO" DOI="" TITULO-DO-TRABALHO-INGLES="" FLAG-DIVULGACAO-CIENTIFICA="NAO"/><DETALHAMENTO-DO-TRABALHO CLASSIFICACAO-DO-EVENTO="NACIONAL" NOME-DO-EVENTO=": 1º Encontro Brasileiro sobre Ebulição, Condensação e Escoamento Multifásico Líquido-Gás" CIDADE-DO-EVENTO="Santa Catarina" ANO-DE-REALIZACAO="2008" TITULO-DOS-ANAIS-OU-PROCEEDINGS="Multifásico" VOLUME="" FASCICULO="" SERIE="" PAGINA-INICIAL="" PAGINA-FINAL="" ISBN="" NOME-DA-EDITORA="" CIDADE-DA-EDITORA="" NOME-DO-EVENTO-INGLES=""/><AUTORES NOME-COMPLETO-DO-AUTOR="Jurandyr de Souza Cunha Filho" NOME-PARA-CITACAO="Cunha Filho, Jurandyr de Souza;CUNHA FILHO, JURANDYR S." ORDEM-DE-AUTORIA="1" NRO-ID-CNPQ="2841673131254050"/><AUTORES NOME-COMPLETO-DO-AUTOR="Carlos Alfredo Lamy" NOME-PARA-CITACAO="LAMY, C. A." ORDEM-DE-AUTORIA="2" NRO-ID-CNPQ=""/><AUTORES NOME-COMPLETO-DO-AUTOR="José Luiz Horácio Faccini" NOME-PARA-CITACAO="Faccini" ORDEM-DE-AUTORIA="3" NRO-ID-CNPQ=""/><AUTORES NOME-COMPLETO-DO-AUTOR="Jian Su" NOME-PARA-CITACAO="Su Jian" ORDEM-DE-AUTORIA="4" NRO-ID-CNPQ=""/><AREAS-DO-CONHECIMENTO><AREA-DO-CONHECIMENTO-1 NOME-GRANDE-AREA-DO-CONHECIMENTO="ENGENHARIAS" NOME-DA-AREA-DO-CONHECIMENTO="" NOME-DA-SUB-AREA-DO-CONHECIMENTO="" NOME-DA-ESPECIALIDADE=""/><AREA-DO-CONHECIMENTO-2 NOME-GRANDE-AREA-DO-CONHECIMENTO="ENGENHARIAS" NOME-DA-AREA-DO-CONHECIMENTO="Engenharia Mecânica" NOME-DA-SUB-AREA-DO-CONHECIMENTO="" NOME-DA-ESPECIALIDADE=""/></AREAS-DO-CONHECIMENTO></TRABALHO-EM-EVENTOS></TRABALHOS-EM-EVENTOS><ARTIGOS-PUBLICADOS><ARTIGO-PUBLICADO SEQUENCIA-PRODUCAO="18" ORDEM-IMPORTANCIA=""><DADOS-BASICOS-DO-ARTIGO NATUREZA="COMPLETO" TITULO-DO-ARTIGO="Experimental and Numerical Investigation of Stratified Gas-Liquid Flow in Downward-Inclined Pipes" ANO-DO-ARTIGO="2015" PAIS-DE-PUBLICACAO="" IDIOMA="Inglês" MEIO-DE-DIVULGACAO="MEIO_DIGITAL" HOME-PAGE-DO-TRABALHO="[doi:10.1080/01457632.2015.972729]" FLAG-RELEVANCIA="NAO" DOI="10.1080/01457632.2015.972729" TITULO-DO-ARTIGO-INGLES="" FLAG-DIVULGACAO-CIENTIFICA="NAO"/><DETALHAMENTO-DO-ARTIGO TITULO-DO-PERIODICO-OU-REVISTA="Heat Transfer Engineering" ISSN="01457632" VOLUME="36" FASCICULO="" SERIE="11" PAGINA-INICIAL="943" PAGINA-FINAL="951" LOCAL-DE-PUBLICACAO=""/><AUTORES NOME-COMPLETO-DO-AUTOR="FACCINI, JOSÉ L. H." NOME-PARA-CITACAO="FACCINI, JOSÉ L. H." ORDEM-DE-AUTORIA="1" NRO-ID-CNPQ=""/><AUTORES NOME-COMPLETO-DO-AUTOR="Jurandyr de Souza Cunha Filho" NOME-PARA-CITACAO="CUNHA FILHO, JURANDYR S." ORDEM-DE-AUTORIA="2" NRO-ID-CNPQ=""/><AUTORES NOME-COMPLETO-DO-AUTOR="DE SAMPAIO, PAULO A. B." NOME-PARA-CITACAO="DE SAMPAIO, PAULO A. B." ORDEM-DE-AUTORIA="3" NRO-ID-CNPQ=""/><AUTORES NOME-COMPLETO-DO-AUTOR="SU, JIAN" NOME-PARA-CITACAO="SU, JIAN" ORDEM-DE-AUTORIA="4" NRO-ID-CNPQ=""/></ARTIGO-PUBLICADO></ARTIGOS-PUBLICADOS></PRODUCAO-BIBLIOGRAFICA><DADOS-COMPLEMENTARES><PARTICIPACAO-EM-EVENTOS-CONGRESSOS><PARTICIPACAO-EM-CONGRESSO SEQUENCIA-PRODUCAO="1"><PARTICIPANTE-DE-EVENTOS-CONGRESSOS NOME-COMPLETO-DO-PARTICIPANTE-DE-EVENTOS-CONGRESSOS="Jurandyr de Souza Cunha Filho" NOME-PARA-CITACAO-DO-PARTICIPANTE-DE-EVENTOS-CONGRESSOS="Cunha Filho, Jurandyr de Souza;CUNHA FILHO, JURANDYR S." ORDEM-PARTICIPANTE="1" NRO-ID-CNPQ="2841673131254050"/><PALAVRAS-CHAVE PALAVRA-CHAVE-1="END" PALAVRA-CHAVE-2="" PALAVRA-CHAVE-3="" PALAVRA-CHAVE-4="" PALAVRA-CHAVE-5="" PALAVRA-CHAVE-6=""/><AREAS-DO-CONHECIMENTO><AREA-DO-CONHECIMENTO-1 NOME-GRANDE-AREA-DO-CONHECIMENTO="ENGENHARIAS" NOME-DA-AREA-DO-CONHECIMENTO="" NOME-DA-SUB-AREA-DO-CONHECIMENTO="Ensaios Mecânicos" NOME-DA-ESPECIALIDADE="Ensaios Não Destrutivos"/></AREAS-DO-CONHECIMENTO><SETORES-DE-ATIVIDADE SETOR-DE-ATIVIDADE-1="Fabricação de Estruturas Metálicas, Caldeiraria Pesada, Tanques, Reservatórios e Outros Produtos de Metal, Exclusive Máquinas e Equipamentos" SETOR-DE-ATIVIDADE-2="" SETOR-DE-ATIVIDADE-3=""/><INFORMACOES-ADICIONAIS DESCRICAO-INFORMACOES-ADICIONAIS="Para um melhor entendimento da aplicação dos ensaios não destrutivos (END), seus custos e vantagens, foi realizada análise em dois ramos industriais distintos. O primeiro as industriais de fabricação de filtros industriais, que é um ramo industrial de concorrência acirrada onde o preço é fator determinante para as vendas, porém não podendo abrir mão da qualidade como diferencial para satisfação dos clientes e retorno de novos pedidos de compra. A segunda análise foi realizada na indústria aeronáutica, mais precisamente na manutenção das rodas da aeronave MC Donnell Douglas DC-10, neste mercado o fator segurança é o primeiro objetivo a ser alcançado pela empresa para se manter em igualdade de competitividade com as concorrentes. As conclusões obtidas foram que os END pouco influenciam no preço final e as vantagens e os lucros intangíveis trazidos com sua aplicação proporcionam às empresas competitividade e consolidação no mercado." DESCRICAO-INFORMACOES-ADICIONAIS-INGLES=""/><DADOS-BASICOS-DA-PARTICIPACAO-EM-CONGRESSO NATUREZA="Congresso" TITULO="6 Conferência sobre Tecnologia de Equipamentos" ANO="2002" PAIS="Brasil" IDIOMA="" MEIO-DE-DIVULGACAO="NAO_INFORMADO" HOME-PAGE-DO-TRABALHO="" FLAG-RELEVANCIA="NAO" TIPO-PARTICIPACAO="" FORMA-PARTICIPACAO="" DOI="" TITULO-INGLES="" FLAG-DIVULGACAO-CIENTIFICA="NAO"/><DETALHAMENTO-DA-PARTICIPACAO-EM-CONGRESSO NOME-DO-EVENTO="XXI CONAEND" CODIGO-INSTITUICAO="" NOME-INSTITUICAO="ABENDE" LOCAL-DO-EVENTO="Bahia" CIDADE-DO-EVENTO="Salvador" NOME-DO-EVENTO-INGLES=""/></PARTICIPACAO-EM-CONGRESSO></PARTICIPACAO-EM-EVENTOS-CONGRESSOS><INFORMACOES-ADICIONAIS-INSTITUICOES><INFORMACAO-ADICIONAL-INSTITUICAO CODIGO-INSTITUICAO="000100000991" SIGLA-INSTITUICAO="FAETEC*" SIGLA-UF-INSTITUICAO="RJ" SIGLA-PAIS-INSTITUICAO="BRA" NOME-PAIS-INSTITUICAO="Brasil" FLAG-AGENCIA-FOMENTO="NAO" FLAG-INSTITUICAO-DE-ENSINO="NAO"/><INFORMACAO-ADICIONAL-INSTITUICAO CODIGO-INSTITUICAO="000200000993" SIGLA-INSTITUICAO="COPPE" SIGLA-UF-INSTITUICAO="RJ" SIGLA-PAIS-INSTITUICAO="BRA" NOME-PAIS-INSTITUICAO="Brasil" FLAG-AGENCIA-FOMENTO="NAO" FLAG-INSTITUICAO-DE-ENSINO="NAO"/><INFORMACAO-ADICIONAL-INSTITUICAO CODIGO-INSTITUICAO="060100000006" SIGLA-INSTITUICAO="UCAM" SIGLA-UF-INSTITUICAO="RJ" SIGLA-PAIS-INSTITUICAO="BRA" NOME-PAIS-INSTITUICAO="Brasil" FLAG-AGENCIA-FOMENTO="NAO" FLAG-INSTITUICAO-DE-ENSINO="SIM"/><INFORMACAO-ADICIONAL-INSTITUICAO CODIGO-INSTITUICAO="159000000007" SIGLA-INSTITUICAO="UCP" SIGLA-UF-INSTITUICAO="RJ" SIGLA-PAIS-INSTITUICAO="BRA" NOME-PAIS-INSTITUICAO="Brasil" FLAG-AGENCIA-FOMENTO="NAO" FLAG-INSTITUICAO-DE-ENSINO="SIM"/><INFORMACAO-ADICIONAL-INSTITUICAO CODIGO-INSTITUICAO="201900000008" SIGLA-INSTITUICAO="UNISUAM" SIGLA-UF-INSTITUICAO="RJ" SIGLA-PAIS-INSTITUICAO="BRA" NOME-PAIS-INSTITUICAO="Brasil" FLAG-AGENCIA-FOMENTO="NAO" FLAG-INSTITUICAO-DE-ENSINO="SIM"/><INFORMACAO-ADICIONAL-INSTITUICAO CODIGO-INSTITUICAO="350700000009" SIGLA-INSTITUICAO="CEFET/RJ" SIGLA-UF-INSTITUICAO="RJ" SIGLA-PAIS-INSTITUICAO="BRA" NOME-PAIS-INSTITUICAO="Brasil" FLAG-AGENCIA-FOMENTO="NAO" FLAG-INSTITUICAO-DE-ENSINO="SIM"/><INFORMACAO-ADICIONAL-INSTITUICAO CODIGO-INSTITUICAO="412000000000" SIGLA-INSTITUICAO="FTESM" SIGLA-UF-INSTITUICAO="RJ" SIGLA-PAIS-INSTITUICAO="BRA" NOME-PAIS-INSTITUICAO="Brasil" FLAG-AGENCIA-FOMENTO="NAO" FLAG-INSTITUICAO-DE-ENSINO="SIM"/><INFORMACAO-ADICIONAL-INSTITUICAO CODIGO-INSTITUICAO="491100000001" SIGLA-INSTITUICAO="FBTS" SIGLA-UF-INSTITUICAO="RJ" SIGLA-PAIS-INSTITUICAO="BRA" NOME-PAIS-INSTITUICAO="Brasil" FLAG-AGENCIA-FOMENTO="NAO" FLAG-INSTITUICAO-DE-ENSINO="NAO"/></INFORMACOES-ADICIONAIS-INSTITUICOES><INFORMACOES-ADICIONAIS-CURSOS><INFORMACAO-ADICIONAL-CURSO CODIGO-CURSO="90000001" CODIGO-ORGAO="" NOME-ORGAO="" CODIGO-INSTITUICAO="412000000000" NOME-INSTITUICAO="Fundação Técnico Educacional Souza Marques" NOME-GRANDE-AREA-DO-CONHECIMENTO="ENGENHARIAS" NOME-DA-AREA-DO-CONHECIMENTO="Engenharia Mecânica" NOME-DA-SUB-AREA-DO-CONHECIMENTO="" NOME-DA-ESPECIALIDADE="" NIVEL-CURSO="GRADUACAO"/><INFORMACAO-ADICIONAL-CURSO CODIGO-CURSO="90000002" CODIGO-ORGAO="" NOME-ORGAO="" CODIGO-INSTITUICAO="412000000000" NOME-INSTITUICAO="Fundação Técnico Educacional Souza Marques" NOME-GRANDE-AREA-DO-CONHECIMENTO="OUTROS" NOME-DA-AREA-DO-CONHECIMENTO="" NOME-DA-SUB-AREA-DO-CONHECIMENTO="" NOME-DA-ESPECIALIDADE="" NIVEL-CURSO="ESPECIALIZACAO"/><INFORMACAO-ADICIONAL-CURSO CODIGO-CURSO="90000003" CODIGO-ORGAO="" NOME-ORGAO="" CODIGO-INSTITUICAO="350700000009" NOME-INSTITUICAO="Centro Federal de Educação Tecnológica Celso Suckow da Fonseca" NOME-GRANDE-AREA-DO-CONHECIMENTO="ENGENHARIAS" NOME-DA-AREA-DO-CONHECIMENTO="Engenharia Mecânica" NOME-DA-SUB-AREA-DO-CONHECIMENTO="" NOME-DA-ESPECIALIDADE="" NIVEL-CURSO="MESTRADO"/><INFORMACAO-ADICIONAL-CURSO CODIGO-CURSO="90000004" CODIGO-ORGAO="" NOME-ORGAO="" CODIGO-INSTITUICAO="000200000993" NOME-INSTITUICAO="Instituto Alberto Luiz Coimbra de Pós-graduação e Pesquisa de Engen" NOME-GRANDE-AREA-DO-CONHECIMENTO="ENGENHARIAS" NOME-DA-AREA-DO-CONHECIMENTO="Engenharia Nuclear" NOME-DA-SUB-AREA-DO-CONHECIMENTO="" NOME-DA-ESPECIALIDADE="" NIVEL-CURSO="DOUTORADO"/><INFORMACAO-ADICIONAL-CURSO CODIGO-CURSO="90000005" CODIGO-ORGAO="" NOME-ORGAO="" CODIGO-INSTITUICAO="159000000007" NOME-INSTITUICAO="Universidade Católica de Petrópolis" NOME-GRANDE-AREA-DO-CONHECIMENTO="ENGENHARIAS" NOME-DA-AREA-DO-CONHECIMENTO="Engenharia Mecânica" NOME-DA-SUB-AREA-DO-CONHECIMENTO="" NOME-DA-ESPECIALIDADE="" NIVEL-CURSO="APERFEICOAMENTO"/><INFORMACAO-ADICIONAL-CURSO CODIGO-CURSO="90000006" CODIGO-ORGAO="" NOME-ORGAO="" CODIGO-INSTITUICAO="060100000006" NOME-INSTITUICAO="Universidade Candido Mendes" NOME-GRANDE-AREA-DO-CONHECIMENTO="CIENCIAS_HUMANAS" NOME-DA-AREA-DO-CONHECIMENTO="Educação" NOME-DA-SUB-AREA-DO-CONHECIMENTO="Ensino-Aprendizagem" NOME-DA-ESPECIALIDADE="" NIVEL-CURSO="APERFEICOAMENTO"/></INFORMACOES-ADICIONAIS-CURSOS></DADOS-COMPLEMENTARES><eventos/></CURRICULO-VITAE>