<CURRICULO-VITAE SISTEMA-ORIGEM-XML="LATTES_OFFLINE" NUMERO-IDENTIFICADOR="5494620662107642" FORMATO-DATA-ATUALIZACAO="DDMMAAAA" DATA-ATUALIZACAO="20122016" FORMATO-HORA-ATUALIZACAO="HHMMSS" HORA-ATUALIZACAO="023405"><DADOS-GERAIS NOME-COMPLETO="Alejandra Mireya Faúndez Cáceres" NOME-EM-CITACOES-BIBLIOGRAFICAS="Alejandra Faúndez Cáceres" NACIONALIDADE="E" PAIS-DE-NASCIMENTO="Chile" FORMATO-DATA-DE-NASCIMENTO="DDMMAAAA" FORMATO-DATA-DE-EMISSAO="DDMMAAAA" PERMISSAO-DE-DIVULGACAO="NAO" DATA-FALECIMENTO="" SIGLA-PAIS-NACIONALIDADE="CHL" PAIS-DE-NACIONALIDADE="Chile"><RESUMO-CV TEXTO-RESUMO-CV-RH="Possui graduação de Tecnóloga em gastronomia e culinária pela Universidade Estácio de Sá (2007), Pós Graduação em Gestão Educacional. Membro da APC (Associação de Profissionais de Cozinha do Brasil).  Atualmente é dona da AF Gastronomia (Serviços gastronômicos personalizados). Professora de gastronomia na Graduação e Pós Graduação da UNISUAM, Graduação e Pós Graduação da Estácio de Sá." TEXTO-RESUMO-CV-RH-EN="graduate at Tecnologia em gastronomia e culinária from Universidade Estácio de Sá (2007)."/><ENDERECO FLAG-DE-PREFERENCIA="ENDERECO_INSTITUCIONAL"><ENDERECO-PROFISSIONAL CODIGO-INSTITUICAO-EMPRESA="001000000998" NOME-INSTITUICAO-EMPRESA="Alemazzi Serviços Empresariais Ltda." CODIGO-ORGAO="" NOME-ORGAO="" CODIGO-UNIDADE="" NOME-UNIDADE="" LOGRADOURO-COMPLEMENTO="Rua Mario Agostinelli 150" PAIS="Brasil" UF="RJ" CEP="22775046" CIDADE="Rio de Janeiro" BAIRRO="Barra da Tijuca" DDD="21" TELEFONE="38829772" RAMAL="" FAX="" E-MAIL="contato@afgastronomia.com" HOME-PAGE="www.afgastronomia.com"/></ENDERECO><FORMACAO-ACADEMICA-TITULACAO><GRADUACAO SEQUENCIA-FORMACAO="1" NIVEL="1" TITULO-DO-TRABALHO-DE-CONCLUSAO-DE-CURSO="" NOME-DO-ORIENTADOR="" CODIGO-INSTITUICAO="294800000006" NOME-INSTITUICAO="Universidade Estácio de Sá" CODIGO-ORGAO="" NOME-ORGAO="" CODIGO-CURSO="90000000" NOME-CURSO="Tecnologia em gastronomia e culinária" CODIGO-AREA-CURSO="90000000" STATUS-DO-CURSO="CONCLUIDO" ANO-DE-INICIO="2005" ANO-DE-CONCLUSAO="2007" FLAG-BOLSA="NAO" CODIGO-AGENCIA-FINANCIADORA="" NOME-AGENCIA="" NUMERO-ID-ORIENTADOR="" CODIGO-CURSO-CAPES="" TITULO-DO-TRABALHO-DE-CONCLUSAO-DE-CURSO-INGLES="" NOME-CURSO-INGLES="" FORMACAO-ACADEMICA-TITULACAO="" TIPO-GRADUACAO="" CODIGO-INSTITUICAO-GRAD="" NOME-INSTITUICAO-GRAD="" CODIGO-INSTITUICAO-OUTRA-GRAD="" NOME-INSTITUICAO-OUTRA-GRAD="" NOME-ORIENTADOR-GRAD=""/><ESPECIALIZACAO SEQUENCIA-FORMACAO="7" NIVEL="2" TITULO-DA-MONOGRAFIA="Novas tecnologias na educação" NOME-DO-ORIENTADOR="Vera Neri" CODIGO-INSTITUICAO="201900000008" NOME-INSTITUICAO="Centro Universitário Augusto Motta" CODIGO-ORGAO="" NOME-ORGAO="" CODIGO-CURSO="90000006" NOME-CURSO="Docência de Ensino Superior" STATUS-DO-CURSO="EM_ANDAMENTO" ANO-DE-INICIO="2009" ANO-DE-CONCLUSAO="" FLAG-BOLSA="NAO" CODIGO-AGENCIA-FINANCIADORA="" NOME-AGENCIA="" CARGA-HORARIA="" TITULO-DA-MONOGRAFIA-INGLES="" NOME-CURSO-INGLES=""/><ESPECIALIZACAO SEQUENCIA-FORMACAO="8" NIVEL="2" TITULO-DA-MONOGRAFIA="O modelo de Gestão da Escola Pública Municipal do Rio de Janeiro" NOME-DO-ORIENTADOR="Icléa Braga de Farias Passos" CODIGO-INSTITUICAO="201900000008" NOME-INSTITUICAO="Centro Universitário Augusto Motta" CODIGO-ORGAO="" NOME-ORGAO="" CODIGO-CURSO="90000007" NOME-CURSO="Gestão Educacional" STATUS-DO-CURSO="CONCLUIDO" ANO-DE-INICIO="2009" ANO-DE-CONCLUSAO="2010" FLAG-BOLSA="NAO" CODIGO-AGENCIA-FINANCIADORA="" NOME-AGENCIA="" CARGA-HORARIA="" TITULO-DA-MONOGRAFIA-INGLES="" NOME-CURSO-INGLES=""/></FORMACAO-ACADEMICA-TITULACAO><ATUACOES-PROFISSIONAIS><ATUACAO-PROFISSIONAL CODIGO-INSTITUICAO="IW2D00000008" NOME-INSTITUICAO="Faculdade CCAA" SEQUENCIA-ATIVIDADE="1" SEQUENCIA-IMPORTANCIA="4"><VINCULOS SEQUENCIA-HISTORICO="1" TIPO-DE-VINCULO="LIVRE" ENQUADRAMENTO-FUNCIONAL="LIVRE" CARGA-HORARIA-SEMANAL="" FLAG-DEDICACAO-EXCLUSIVA="NAO" MES-INICIO="" ANO-INICIO="2002" MES-FIM="" ANO-FIM="2002" OUTRAS-INFORMACOES="" FLAG-VINCULO-EMPREGATICIO="NAO" OUTRO-VINCULO-INFORMADO="Contratada" OUTRO-ENQUADRAMENTO-FUNCIONAL-INFORMADO="Professora de Espanhol" OUTRO-ENQUADRAMENTO-FUNCIONAL-INFORMADO-INGLES="" OUTRAS-INFORMACOES-INGLES=""/><atividadesProfissionaisPlanificadas/></ATUACAO-PROFISSIONAL><ATUACAO-PROFISSIONAL CODIGO-INSTITUICAO="294800000006" NOME-INSTITUICAO="Universidade Estácio de Sá" SEQUENCIA-ATIVIDADE="5" SEQUENCIA-IMPORTANCIA="3"><VINCULOS SEQUENCIA-HISTORICO="1" TIPO-DE-VINCULO="LIVRE" ENQUADRAMENTO-FUNCIONAL="LIVRE" CARGA-HORARIA-SEMANAL="" FLAG-DEDICACAO-EXCLUSIVA="NAO" MES-INICIO="05" ANO-INICIO="2007" MES-FIM="06" ANO-FIM="2007" OUTRAS-INFORMACOES="Professora de Gastronomia Chilena no curso de Hotelaria e Turismo.  Telefone para referências: David Eleutério (Chef Consultor) (21) 8895-6155                       e-mail: david.consultor@uol.com.br" FLAG-VINCULO-EMPREGATICIO="SIM" OUTRO-VINCULO-INFORMADO="Professora" OUTRO-ENQUADRAMENTO-FUNCIONAL-INFORMADO="Professora de Gastronomia Chilena" OUTRO-ENQUADRAMENTO-FUNCIONAL-INFORMADO-INGLES="" OUTRAS-INFORMACOES-INGLES=""/><atividadesProfissionaisPlanificadas/></ATUACAO-PROFISSIONAL><ATUACAO-PROFISSIONAL CODIGO-INSTITUICAO="201900000008" NOME-INSTITUICAO="Centro Universitário Augusto Motta" SEQUENCIA-ATIVIDADE="10" SEQUENCIA-IMPORTANCIA="1"><VINCULOS SEQUENCIA-HISTORICO="1" TIPO-DE-VINCULO="LIVRE" ENQUADRAMENTO-FUNCIONAL="LIVRE" CARGA-HORARIA-SEMANAL="44" FLAG-DEDICACAO-EXCLUSIVA="NAO" MES-INICIO="08" ANO-INICIO="2008" MES-FIM="" ANO-FIM="" OUTRAS-INFORMACOES="- Professora de Graduação:   * Cozinha das Américas  * Eventos Gastronômicos  * Cozinha Mediterrânea e Européia  * Projeto de Criação  - Coordenadora Técnica do Curso Superior de Tecnologia em Gastronomia  de Agosto de 2009 até Dezembro de 2011 - Professora de Pós-Graduação em Pâtisserie: Harmonização de Bebidas em Sobremesas - Membro do NDE  - Membro de Banca Examinadora de Trabalho de Conclusão de Curso (TCC) - Orientadora de Trabalho de Conclusão de Curso (TCC) - Supervisora de Estágio" FLAG-VINCULO-EMPREGATICIO="SIM" OUTRO-VINCULO-INFORMADO="Professora Auxiliar" OUTRO-ENQUADRAMENTO-FUNCIONAL-INFORMADO="Professora" OUTRO-ENQUADRAMENTO-FUNCIONAL-INFORMADO-INGLES="" OUTRAS-INFORMACOES-INGLES="- Professora de Graduação:   * Cozinha das Américas  * Eventos Gastronômicos  * Cozinha Mediterrânea e Européia  * Projeto de Criação  - Professora de Pós-Graduação em Pâtisserie: Harmonização de Bebidas em Sobremesas - Membro do NDE  - Membro de Banca Examinadora de Trabalho de Conclusão de Curso (TCC) - Orientadora de Trabalho de Conclusão de Curso (TCC) - Supervisora de Estágio - Coordenadora Técnica do Curso Superior de Tecnologia em Gastronomia"/><atividadesProfissionaisPlanificadas/></ATUACAO-PROFISSIONAL><ATUACAO-PROFISSIONAL CODIGO-INSTITUICAO="001500000997" NOME-INSTITUICAO="IBMR LAUREATE INTERNATIONAL UNIVERSITIES" SEQUENCIA-ATIVIDADE="13" SEQUENCIA-IMPORTANCIA="2"><VINCULOS SEQUENCIA-HISTORICO="1" TIPO-DE-VINCULO="PROFESSOR_VISITANTE" ENQUADRAMENTO-FUNCIONAL="LIVRE" CARGA-HORARIA-SEMANAL="12" FLAG-DEDICACAO-EXCLUSIVA="NAO" MES-INICIO="01" ANO-INICIO="2012" MES-FIM="07" ANO-FIM="2014" OUTRAS-INFORMACOES="Professora de Cozinha das Américas" FLAG-VINCULO-EMPREGATICIO="SIM" OUTRO-VINCULO-INFORMADO="" OUTRO-ENQUADRAMENTO-FUNCIONAL-INFORMADO="PROFESSOR AUXILIAR | TP" OUTRO-ENQUADRAMENTO-FUNCIONAL-INFORMADO-INGLES="" OUTRAS-INFORMACOES-INGLES=""/><atividadesProfissionaisPlanificadas/></ATUACAO-PROFISSIONAL><ATUACAO-PROFISSIONAL CODIGO-INSTITUICAO="001700000990" NOME-INSTITUICAO="ESTÁCIO DE SÁ" SEQUENCIA-ATIVIDADE="14" SEQUENCIA-IMPORTANCIA=""><VINCULOS SEQUENCIA-HISTORICO="1" TIPO-DE-VINCULO="LIVRE" ENQUADRAMENTO-FUNCIONAL="LIVRE" CARGA-HORARIA-SEMANAL="18" FLAG-DEDICACAO-EXCLUSIVA="NAO" MES-INICIO="02" ANO-INICIO="2015" MES-FIM="" ANO-FIM="" OUTRAS-INFORMACOES="" FLAG-VINCULO-EMPREGATICIO="SIM" OUTRO-VINCULO-INFORMADO="PROFESSORA" OUTRO-ENQUADRAMENTO-FUNCIONAL-INFORMADO="PROFESSORA DE GESTÃO DE EVENTOS GASTRONÔMICOS" OUTRO-ENQUADRAMENTO-FUNCIONAL-INFORMADO-INGLES="" OUTRAS-INFORMACOES-INGLES=""/><atividadesProfissionaisPlanificadas/></ATUACAO-PROFISSIONAL></ATUACOES-PROFISSIONAIS><IDIOMAS><IDIOMA IDIOMA="ES" DESCRICAO-DO-IDIOMA="Espanhol" PROFICIENCIA-DE-LEITURA="BEM" PROFICIENCIA-DE-FALA="BEM" PROFICIENCIA-DE-ESCRITA="BEM" PROFICIENCIA-DE-COMPREENSAO="BEM"/><IDIOMA IDIOMA="PT" DESCRICAO-DO-IDIOMA="Português" PROFICIENCIA-DE-LEITURA="BEM" PROFICIENCIA-DE-FALA="BEM" PROFICIENCIA-DE-ESCRITA="BEM" PROFICIENCIA-DE-COMPREENSAO="BEM"/></IDIOMAS><PREMIOS-TITULOS><PREMIO-TITULO NOME-DO-PREMIO-OU-TITULO="Profissional" NOME-DA-ENTIDADE-PROMOTORA="ABAGA (Associação Brasileira da Alta Gastronomia)" ANO-DA-PREMIACAO="2011" NOME-DO-PREMIO-OU-TITULO-INGLES=""/></PREMIOS-TITULOS><staValidado/><dataExibicao/><dadosBolsista/></DADOS-GERAIS><PRODUCAO-TECNICA><DEMAIS-TIPOS-DE-PRODUCAO-TECNICA><PROGRAMA-DE-RADIO-OU-TV SEQUENCIA-PRODUCAO="14"><DADOS-BASICOS-DO-PROGRAMA-DE-RADIO-OU-TV NATUREZA="ENTREVISTA" TITULO="&amp;quot;A culinária é uma arte e uma profissão em alta no Rio&amp;quot;" ANO="2011" PAIS="Brasil" IDIOMA="Português" FLAG-RELEVANCIA="SIM" DOI="" TITULO-INGLES="" HOME-PAGE="" MEIO-DE-DIVULGACAO="NAO_INFORMADO" FLAG-DIVULGACAO-CIENTIFICA="NAO"/><DETALHAMENTO-DO-PROGRAMA-DE-RADIO-OU-TV EMISSORA="Red Record: Programa Hoje em Dia" TEMA="Gastronomia nas Olimpiadas e Copa do Mundo" FORMATO-DATA-DA-APRESENTACAO="DDMMAAAA" DATA-DA-APRESENTACAO="14012011" DURACAO-EM-MINUTOS="5" CIDADE="Rio de Janeiro"/><AUTORES NOME-COMPLETO-DO-AUTOR="Alejandra Mireya Faúndez Cáceres" NOME-PARA-CITACAO="Alejandra Faúndez Cáceres" ORDEM-DE-AUTORIA="1" NRO-ID-CNPQ="5494620662107642"/></PROGRAMA-DE-RADIO-OU-TV><PROGRAMA-DE-RADIO-OU-TV SEQUENCIA-PRODUCAO="15"><DADOS-BASICOS-DO-PROGRAMA-DE-RADIO-OU-TV NATUREZA="OUTRA" TITULO="Big Brother Brasil" ANO="2010" PAIS="Brasil" IDIOMA="Português" FLAG-RELEVANCIA="SIM" DOI="" TITULO-INGLES="" HOME-PAGE="" MEIO-DE-DIVULGACAO="NAO_INFORMADO" FLAG-DIVULGACAO-CIENTIFICA="NAO"/><DETALHAMENTO-DO-PROGRAMA-DE-RADIO-OU-TV EMISSORA="Red Globo de Comunicações" TEMA="Festa Temática: Elvis Presley" FORMATO-DATA-DA-APRESENTACAO="DDMMAAAA" DATA-DA-APRESENTACAO="16012010" DURACAO-EM-MINUTOS="100" CIDADE="Rio de Janeiro"/><AUTORES NOME-COMPLETO-DO-AUTOR="Alejandra Mireya Faúndez Cáceres" NOME-PARA-CITACAO="Alejandra Faúndez Cáceres" ORDEM-DE-AUTORIA="1" NRO-ID-CNPQ="5494620662107642"/><INFORMACOES-ADICIONAIS DESCRICAO-INFORMACOES-ADICIONAIS="Criação e elaboração de cardápio: Elvis Presley para o Big Brother Brasil.   http://bbb.globo.com/BBB10/Fotos/0,,GF78767-17401,00-FOTOS+DECORACAO+FESTA+ELVIS.html#fotogaleria=1" DESCRICAO-INFORMACOES-ADICIONAIS-INGLES=""/></PROGRAMA-DE-RADIO-OU-TV><PROGRAMA-DE-RADIO-OU-TV SEQUENCIA-PRODUCAO="16"><DADOS-BASICOS-DO-PROGRAMA-DE-RADIO-OU-TV NATUREZA="OUTRA" TITULO="Big Brother Brasil" ANO="2010" PAIS="Brasil" IDIOMA="Português" FLAG-RELEVANCIA="SIM" DOI="" TITULO-INGLES="" HOME-PAGE="" MEIO-DE-DIVULGACAO="NAO_INFORMADO" FLAG-DIVULGACAO-CIENTIFICA="NAO"/><DETALHAMENTO-DO-PROGRAMA-DE-RADIO-OU-TV EMISSORA="Red Globo de Comunicações" TEMA="Festa Temática: Embratel" FORMATO-DATA-DA-APRESENTACAO="DDMMAAAA" DATA-DA-APRESENTACAO="10022010" DURACAO-EM-MINUTOS="120" CIDADE="Rio de Janeiro"/><AUTORES NOME-COMPLETO-DO-AUTOR="Alejandra Mireya Faúndez Cáceres" NOME-PARA-CITACAO="Alejandra Faúndez Cáceres" ORDEM-DE-AUTORIA="1" NRO-ID-CNPQ="5494620662107642"/><INFORMACOES-ADICIONAIS DESCRICAO-INFORMACOES-ADICIONAIS="Criação e elaboração de Festa Temática: Cozinha brasileira para o Big Brother Brasil.  http://bbb.globo.com/BBB10/Fotos/0,,GF79624-17401,00-FOTOS+FESTA+EMBRATEL+ANIMA+BROTHERS.html#fotogaleria=8" DESCRICAO-INFORMACOES-ADICIONAIS-INGLES=""/></PROGRAMA-DE-RADIO-OU-TV><PROGRAMA-DE-RADIO-OU-TV SEQUENCIA-PRODUCAO="17"><DADOS-BASICOS-DO-PROGRAMA-DE-RADIO-OU-TV NATUREZA="OUTRA" TITULO="Big Brother Brasil" ANO="2010" PAIS="Brasil" IDIOMA="Português" FLAG-RELEVANCIA="SIM" DOI="" TITULO-INGLES="" HOME-PAGE="" MEIO-DE-DIVULGACAO="NAO_INFORMADO" FLAG-DIVULGACAO-CIENTIFICA="NAO"/><DETALHAMENTO-DO-PROGRAMA-DE-RADIO-OU-TV EMISSORA="Red Globo de Comunicações" TEMA="Festa Temática: Chilli Beans" FORMATO-DATA-DA-APRESENTACAO="DDMMAAAA" DATA-DA-APRESENTACAO="27022010" DURACAO-EM-MINUTOS="120" CIDADE="Rio de Janeiro"/><AUTORES NOME-COMPLETO-DO-AUTOR="Alejandra Mireya Faúndez Cáceres" NOME-PARA-CITACAO="Alejandra Faúndez Cáceres" ORDEM-DE-AUTORIA="1" NRO-ID-CNPQ="5494620662107642"/><INFORMACOES-ADICIONAIS DESCRICAO-INFORMACOES-ADICIONAIS="Criação e elaboração de festa temática de cozinha brasileira apimentada para o Big Brother Brasil.  http://bbb.globo.com/BBB10/Fotos/0,,GF80206-17401,00-FOTOS+FESTA+CHILLI+BEANS" DESCRICAO-INFORMACOES-ADICIONAIS-INGLES=""/></PROGRAMA-DE-RADIO-OU-TV><PROGRAMA-DE-RADIO-OU-TV SEQUENCIA-PRODUCAO="18"><DADOS-BASICOS-DO-PROGRAMA-DE-RADIO-OU-TV NATUREZA="OUTRA" TITULO="Big Brother Brasil" ANO="2011" PAIS="Brasil" IDIOMA="Português" FLAG-RELEVANCIA="NAO" DOI="" TITULO-INGLES="" HOME-PAGE="" MEIO-DE-DIVULGACAO="NAO_INFORMADO" FLAG-DIVULGACAO-CIENTIFICA="NAO"/><DETALHAMENTO-DO-PROGRAMA-DE-RADIO-OU-TV EMISSORA="Red Globo de Comunicações" TEMA="Festa Temática: Caliente" FORMATO-DATA-DA-APRESENTACAO="DDMMAAAA" DATA-DA-APRESENTACAO="16012011" DURACAO-EM-MINUTOS="120" CIDADE="Rio de Janeiro"/><AUTORES NOME-COMPLETO-DO-AUTOR="Alejandra Mireya Faúndez Cáceres" NOME-PARA-CITACAO="Alejandra Faúndez Cáceres" ORDEM-DE-AUTORIA="1" NRO-ID-CNPQ="5494620662107642"/><INFORMACOES-ADICIONAIS DESCRICAO-INFORMACOES-ADICIONAIS="Criação e elaboração do cardápio temático: Caliente para o Big Brother Brasil.  http://bbb.globo.com/noticias/fotos/2011/01/veja-o-cardapio-da-festa-caliente.html?evento=festa-caliente" DESCRICAO-INFORMACOES-ADICIONAIS-INGLES=""/></PROGRAMA-DE-RADIO-OU-TV><PROGRAMA-DE-RADIO-OU-TV SEQUENCIA-PRODUCAO="19"><DADOS-BASICOS-DO-PROGRAMA-DE-RADIO-OU-TV NATUREZA="OUTRA" TITULO="Big Brother Brasil" ANO="2011" PAIS="Brasil" IDIOMA="Português" FLAG-RELEVANCIA="SIM" DOI="" TITULO-INGLES="" HOME-PAGE="" MEIO-DE-DIVULGACAO="NAO_INFORMADO" FLAG-DIVULGACAO-CIENTIFICA="NAO"/><DETALHAMENTO-DO-PROGRAMA-DE-RADIO-OU-TV EMISSORA="Red Globo de Comunicações" TEMA="Festa Temática: Ipanema Flora" FORMATO-DATA-DA-APRESENTACAO="DDMMAAAA" DATA-DA-APRESENTACAO="02022011" DURACAO-EM-MINUTOS="120" CIDADE="Rio de Janeiro"/><AUTORES NOME-COMPLETO-DO-AUTOR="Alejandra Mireya Faúndez Cáceres" NOME-PARA-CITACAO="Alejandra Faúndez Cáceres" ORDEM-DE-AUTORIA="1" NRO-ID-CNPQ="5494620662107642"/><INFORMACOES-ADICIONAIS DESCRICAO-INFORMACOES-ADICIONAIS="Criação e elaboração do cardápio temático: Ipanema Flora do Big Brother Brasil.  http://bbb.globo.com/noticias/noticia/2011/02/cardapio-com-espaguete-faz-sucesso-na-festa-ipanema-flora.html" DESCRICAO-INFORMACOES-ADICIONAIS-INGLES=""/></PROGRAMA-DE-RADIO-OU-TV><PROGRAMA-DE-RADIO-OU-TV SEQUENCIA-PRODUCAO="20"><DADOS-BASICOS-DO-PROGRAMA-DE-RADIO-OU-TV NATUREZA="OUTRA" TITULO="Big Brother Brasil" ANO="2011" PAIS="Brasil" IDIOMA="Português" FLAG-RELEVANCIA="NAO" DOI="" TITULO-INGLES="" HOME-PAGE="" MEIO-DE-DIVULGACAO="NAO_INFORMADO" FLAG-DIVULGACAO-CIENTIFICA="NAO"/><DETALHAMENTO-DO-PROGRAMA-DE-RADIO-OU-TV EMISSORA="Red Globo de Comunicações" TEMA="Festa Temática: Rasta" FORMATO-DATA-DA-APRESENTACAO="DDMMAAAA" DATA-DA-APRESENTACAO="13022011" DURACAO-EM-MINUTOS="120" CIDADE="RIo de Janeiro"/><AUTORES NOME-COMPLETO-DO-AUTOR="Alejandra Mireya Faúndez Cáceres" NOME-PARA-CITACAO="Alejandra Faúndez Cáceres" ORDEM-DE-AUTORIA="1" NRO-ID-CNPQ="5494620662107642"/><INFORMACOES-ADICIONAIS DESCRICAO-INFORMACOES-ADICIONAIS="Criação e elaboração de cardápio temático Rasta para o Big Brother Brasil.  http://bbb.globo.com/noticias/fotos/2011/02/festa-rasta-traz-delicias-jamaicanas-para-os-brothers.html?evento=festa-rasta" DESCRICAO-INFORMACOES-ADICIONAIS-INGLES=""/></PROGRAMA-DE-RADIO-OU-TV><PROGRAMA-DE-RADIO-OU-TV SEQUENCIA-PRODUCAO="21"><DADOS-BASICOS-DO-PROGRAMA-DE-RADIO-OU-TV NATUREZA="OUTRA" TITULO="Big Brother Brasil" ANO="2011" PAIS="Brasil" IDIOMA="Português" FLAG-RELEVANCIA="NAO" DOI="" TITULO-INGLES="" HOME-PAGE="" MEIO-DE-DIVULGACAO="NAO_INFORMADO" FLAG-DIVULGACAO-CIENTIFICA="NAO"/><DETALHAMENTO-DO-PROGRAMA-DE-RADIO-OU-TV EMISSORA="Red Globo de Comunicações" TEMA="Festa Temática: Dance Vibe" FORMATO-DATA-DA-APRESENTACAO="DDMMAAAA" DATA-DA-APRESENTACAO="09022011" DURACAO-EM-MINUTOS="120" CIDADE="Rio de Janeiro"/><AUTORES NOME-COMPLETO-DO-AUTOR="Alejandra Mireya Faúndez Cáceres" NOME-PARA-CITACAO="Alejandra Faúndez Cáceres" ORDEM-DE-AUTORIA="1" NRO-ID-CNPQ="5494620662107642"/><INFORMACOES-ADICIONAIS DESCRICAO-INFORMACOES-ADICIONAIS="Criação e elaboração de esta temática Dance Vibe   http://bbb.globo.com/noticias/fotos/2011/03/veja-o-cardapio-da-festa-dance-vibe.html" DESCRICAO-INFORMACOES-ADICIONAIS-INGLES=""/></PROGRAMA-DE-RADIO-OU-TV><PROGRAMA-DE-RADIO-OU-TV SEQUENCIA-PRODUCAO="22"><DADOS-BASICOS-DO-PROGRAMA-DE-RADIO-OU-TV NATUREZA="OUTRA" TITULO="Extra Explica: Receitas" ANO="2011" PAIS="Brasil" IDIOMA="Português" FLAG-RELEVANCIA="NAO" DOI="" TITULO-INGLES="" HOME-PAGE="" MEIO-DE-DIVULGACAO="NAO_INFORMADO" FLAG-DIVULGACAO-CIENTIFICA="NAO"/><DETALHAMENTO-DO-PROGRAMA-DE-RADIO-OU-TV EMISSORA="Extra Online" TEMA="Rosbife Recheado" FORMATO-DATA-DA-APRESENTACAO="DDMMAAAA" DATA-DA-APRESENTACAO="02042011" DURACAO-EM-MINUTOS="10" CIDADE="Rio de Janeiro"/><AUTORES NOME-COMPLETO-DO-AUTOR="Alejandra Mireya Faúndez Cáceres" NOME-PARA-CITACAO="Alejandra Faúndez Cáceres" ORDEM-DE-AUTORIA="1" NRO-ID-CNPQ="5494620662107642"/></PROGRAMA-DE-RADIO-OU-TV><PROGRAMA-DE-RADIO-OU-TV SEQUENCIA-PRODUCAO="24"><DADOS-BASICOS-DO-PROGRAMA-DE-RADIO-OU-TV NATUREZA="OUTRA" TITULO="Extra Explica: Receitas" ANO="2011" PAIS="Brasil" IDIOMA="Português" FLAG-RELEVANCIA="NAO" DOI="" TITULO-INGLES="" HOME-PAGE="" MEIO-DE-DIVULGACAO="NAO_INFORMADO" FLAG-DIVULGACAO-CIENTIFICA="NAO"/><DETALHAMENTO-DO-PROGRAMA-DE-RADIO-OU-TV EMISSORA="Extra Online" TEMA="Arroz com Lentilha" FORMATO-DATA-DA-APRESENTACAO="DDMMAAAA" DATA-DA-APRESENTACAO="10042011" DURACAO-EM-MINUTOS="10" CIDADE="Rio de Janeiro"/><AUTORES NOME-COMPLETO-DO-AUTOR="Alejandra Mireya Faúndez Cáceres" NOME-PARA-CITACAO="Alejandra Faúndez Cáceres" ORDEM-DE-AUTORIA="1" NRO-ID-CNPQ="5494620662107642"/></PROGRAMA-DE-RADIO-OU-TV><PROGRAMA-DE-RADIO-OU-TV SEQUENCIA-PRODUCAO="25"><DADOS-BASICOS-DO-PROGRAMA-DE-RADIO-OU-TV NATUREZA="OUTRA" TITULO="Extra Explica: Receitas" ANO="2011" PAIS="Brasil" IDIOMA="Português" FLAG-RELEVANCIA="NAO" DOI="" TITULO-INGLES="" HOME-PAGE="" MEIO-DE-DIVULGACAO="NAO_INFORMADO" FLAG-DIVULGACAO-CIENTIFICA="NAO"/><DETALHAMENTO-DO-PROGRAMA-DE-RADIO-OU-TV EMISSORA="Extra Online" TEMA="Frango Recheado" FORMATO-DATA-DA-APRESENTACAO="DDMMAAAA" DATA-DA-APRESENTACAO="12042011" DURACAO-EM-MINUTOS="10" CIDADE="Rio de Janeiro"/><AUTORES NOME-COMPLETO-DO-AUTOR="Alejandra Mireya Faúndez Cáceres" NOME-PARA-CITACAO="Alejandra Faúndez Cáceres" ORDEM-DE-AUTORIA="1" NRO-ID-CNPQ="5494620662107642"/></PROGRAMA-DE-RADIO-OU-TV><PROGRAMA-DE-RADIO-OU-TV SEQUENCIA-PRODUCAO="26"><DADOS-BASICOS-DO-PROGRAMA-DE-RADIO-OU-TV NATUREZA="OUTRA" TITULO="Extra Explica: Receitas" ANO="2011" PAIS="Brasil" IDIOMA="Português" FLAG-RELEVANCIA="NAO" DOI="" TITULO-INGLES="" HOME-PAGE="" MEIO-DE-DIVULGACAO="NAO_INFORMADO" FLAG-DIVULGACAO-CIENTIFICA="NAO"/><DETALHAMENTO-DO-PROGRAMA-DE-RADIO-OU-TV EMISSORA="Extra Online" TEMA="Bolinho de Bacalhau Delicioso" FORMATO-DATA-DA-APRESENTACAO="DDMMAAAA" DATA-DA-APRESENTACAO="15042011" DURACAO-EM-MINUTOS="10" CIDADE="Rio de Janeiro"/><AUTORES NOME-COMPLETO-DO-AUTOR="Alejandra Mireya Faúndez Cáceres" NOME-PARA-CITACAO="Alejandra Faúndez Cáceres" ORDEM-DE-AUTORIA="1" NRO-ID-CNPQ="5494620662107642"/></PROGRAMA-DE-RADIO-OU-TV><PROGRAMA-DE-RADIO-OU-TV SEQUENCIA-PRODUCAO="27"><DADOS-BASICOS-DO-PROGRAMA-DE-RADIO-OU-TV NATUREZA="OUTRA" TITULO="Extra Explica: Receitas" ANO="2011" PAIS="Brasil" IDIOMA="Português" FLAG-RELEVANCIA="NAO" DOI="" TITULO-INGLES="" HOME-PAGE="" MEIO-DE-DIVULGACAO="NAO_INFORMADO" FLAG-DIVULGACAO-CIENTIFICA="NAO"/><DETALHAMENTO-DO-PROGRAMA-DE-RADIO-OU-TV EMISSORA="Extra Online" TEMA="Petit Gateau" FORMATO-DATA-DA-APRESENTACAO="DDMMAAAA" DATA-DA-APRESENTACAO="18042011" DURACAO-EM-MINUTOS="10" CIDADE="Rio de Janeiro"/><AUTORES NOME-COMPLETO-DO-AUTOR="Alejandra Mireya Faúndez Cáceres" NOME-PARA-CITACAO="Alejandra Faúndez Cáceres" ORDEM-DE-AUTORIA="1" NRO-ID-CNPQ="5494620662107642"/></PROGRAMA-DE-RADIO-OU-TV><PROGRAMA-DE-RADIO-OU-TV SEQUENCIA-PRODUCAO="28"><DADOS-BASICOS-DO-PROGRAMA-DE-RADIO-OU-TV NATUREZA="OUTRA" TITULO="Extra Explica: Receitas" ANO="2011" PAIS="Brasil" IDIOMA="Português" FLAG-RELEVANCIA="NAO" DOI="" TITULO-INGLES="" HOME-PAGE="" MEIO-DE-DIVULGACAO="NAO_INFORMADO" FLAG-DIVULGACAO-CIENTIFICA="NAO"/><DETALHAMENTO-DO-PROGRAMA-DE-RADIO-OU-TV EMISSORA="Extra Online" TEMA="Costela ao Barbecue" FORMATO-DATA-DA-APRESENTACAO="DDMMAAAA" DATA-DA-APRESENTACAO="20042011" DURACAO-EM-MINUTOS="10" CIDADE="Rio de Janeiro"/><AUTORES NOME-COMPLETO-DO-AUTOR="Alejandra Mireya Faúndez Cáceres" NOME-PARA-CITACAO="Alejandra Faúndez Cáceres" ORDEM-DE-AUTORIA="1" NRO-ID-CNPQ="5494620662107642"/></PROGRAMA-DE-RADIO-OU-TV><PROGRAMA-DE-RADIO-OU-TV SEQUENCIA-PRODUCAO="29"><DADOS-BASICOS-DO-PROGRAMA-DE-RADIO-OU-TV NATUREZA="OUTRA" TITULO="Extra Explica: Receitas" ANO="2011" PAIS="Brasil" IDIOMA="Português" FLAG-RELEVANCIA="NAO" DOI="" TITULO-INGLES="" HOME-PAGE="" MEIO-DE-DIVULGACAO="NAO_INFORMADO" FLAG-DIVULGACAO-CIENTIFICA="NAO"/><DETALHAMENTO-DO-PROGRAMA-DE-RADIO-OU-TV EMISSORA="Extra Online" TEMA="Batata ao Murro" FORMATO-DATA-DA-APRESENTACAO="DDMMAAAA" DATA-DA-APRESENTACAO="22042011" DURACAO-EM-MINUTOS="10" CIDADE="Rio de Janeiro"/><AUTORES NOME-COMPLETO-DO-AUTOR="Alejandra Mireya Faúndez Cáceres" NOME-PARA-CITACAO="Alejandra Faúndez Cáceres" ORDEM-DE-AUTORIA="1" NRO-ID-CNPQ="5494620662107642"/></PROGRAMA-DE-RADIO-OU-TV><PROGRAMA-DE-RADIO-OU-TV SEQUENCIA-PRODUCAO="30"><DADOS-BASICOS-DO-PROGRAMA-DE-RADIO-OU-TV NATUREZA="OUTRA" TITULO="Extra Explica: Receitas" ANO="2011" PAIS="Brasil" IDIOMA="Português" FLAG-RELEVANCIA="NAO" DOI="" TITULO-INGLES="" HOME-PAGE="" MEIO-DE-DIVULGACAO="NAO_INFORMADO" FLAG-DIVULGACAO-CIENTIFICA="NAO"/><DETALHAMENTO-DO-PROGRAMA-DE-RADIO-OU-TV EMISSORA="Extra Online" TEMA="Risoto de Camarão e Manga" FORMATO-DATA-DA-APRESENTACAO="DDMMAAAA" DATA-DA-APRESENTACAO="05052011" DURACAO-EM-MINUTOS="10" CIDADE="Rio de Janeiro"/><AUTORES NOME-COMPLETO-DO-AUTOR="Alejandra Mireya Faúndez Cáceres" NOME-PARA-CITACAO="Alejandra Faúndez Cáceres" ORDEM-DE-AUTORIA="1" NRO-ID-CNPQ="5494620662107642"/></PROGRAMA-DE-RADIO-OU-TV><PROGRAMA-DE-RADIO-OU-TV SEQUENCIA-PRODUCAO="31"><DADOS-BASICOS-DO-PROGRAMA-DE-RADIO-OU-TV NATUREZA="OUTRA" TITULO="Extra Explica: Receitas" ANO="2011" PAIS="Brasil" IDIOMA="Português" FLAG-RELEVANCIA="NAO" DOI="" TITULO-INGLES="" HOME-PAGE="" MEIO-DE-DIVULGACAO="NAO_INFORMADO" FLAG-DIVULGACAO-CIENTIFICA="NAO"/><DETALHAMENTO-DO-PROGRAMA-DE-RADIO-OU-TV EMISSORA="Extra Online" TEMA="Arroz à Piamontese" FORMATO-DATA-DA-APRESENTACAO="DDMMAAAA" DATA-DA-APRESENTACAO="18052011" DURACAO-EM-MINUTOS="10" CIDADE="Rio de Janeiro"/><AUTORES NOME-COMPLETO-DO-AUTOR="Alejandra Mireya Faúndez Cáceres" NOME-PARA-CITACAO="Alejandra Faúndez Cáceres" ORDEM-DE-AUTORIA="1" NRO-ID-CNPQ="5494620662107642"/></PROGRAMA-DE-RADIO-OU-TV><PROGRAMA-DE-RADIO-OU-TV SEQUENCIA-PRODUCAO="32"><DADOS-BASICOS-DO-PROGRAMA-DE-RADIO-OU-TV NATUREZA="OUTRA" TITULO="Extra Explica: Receitas" ANO="2011" PAIS="Brasil" IDIOMA="Português" FLAG-RELEVANCIA="NAO" DOI="" TITULO-INGLES="" HOME-PAGE="" MEIO-DE-DIVULGACAO="NAO_INFORMADO" FLAG-DIVULGACAO-CIENTIFICA="NAO"/><DETALHAMENTO-DO-PROGRAMA-DE-RADIO-OU-TV EMISSORA="Extra Online" TEMA="Cafta ao molho de mostarda e mel" FORMATO-DATA-DA-APRESENTACAO="DDMMAAAA" DATA-DA-APRESENTACAO="20052011" DURACAO-EM-MINUTOS="10" CIDADE="Rio de Janeiro"/><AUTORES NOME-COMPLETO-DO-AUTOR="Alejandra Mireya Faúndez Cáceres" NOME-PARA-CITACAO="Alejandra Faúndez Cáceres" ORDEM-DE-AUTORIA="1" NRO-ID-CNPQ="5494620662107642"/></PROGRAMA-DE-RADIO-OU-TV><PROGRAMA-DE-RADIO-OU-TV SEQUENCIA-PRODUCAO="33"><DADOS-BASICOS-DO-PROGRAMA-DE-RADIO-OU-TV NATUREZA="OUTRA" TITULO="Extra Explica: Receitas" ANO="2011" PAIS="Brasil" IDIOMA="Português" FLAG-RELEVANCIA="NAO" DOI="" TITULO-INGLES="" HOME-PAGE="" MEIO-DE-DIVULGACAO="NAO_INFORMADO" FLAG-DIVULGACAO-CIENTIFICA="NAO"/><DETALHAMENTO-DO-PROGRAMA-DE-RADIO-OU-TV EMISSORA="Extra Online" TEMA="Cheesecake com calda de mirtilo" FORMATO-DATA-DA-APRESENTACAO="DDMMAAAA" DATA-DA-APRESENTACAO="27052011" DURACAO-EM-MINUTOS="10" CIDADE="Rio de Janeiro"/><AUTORES NOME-COMPLETO-DO-AUTOR="Alejandra Mireya Faúndez Cáceres" NOME-PARA-CITACAO="Alejandra Faúndez Cáceres" ORDEM-DE-AUTORIA="1" NRO-ID-CNPQ="5494620662107642"/></PROGRAMA-DE-RADIO-OU-TV><PROGRAMA-DE-RADIO-OU-TV SEQUENCIA-PRODUCAO="34"><DADOS-BASICOS-DO-PROGRAMA-DE-RADIO-OU-TV NATUREZA="OUTRA" TITULO="Extra Explica: Receitas" ANO="2011" PAIS="Brasil" IDIOMA="Português" FLAG-RELEVANCIA="NAO" DOI="" TITULO-INGLES="" HOME-PAGE="" MEIO-DE-DIVULGACAO="NAO_INFORMADO" FLAG-DIVULGACAO-CIENTIFICA="NAO"/><DETALHAMENTO-DO-PROGRAMA-DE-RADIO-OU-TV EMISSORA="Extra Online" TEMA="Picadinho Carioca" FORMATO-DATA-DA-APRESENTACAO="DDMMAAAA" DATA-DA-APRESENTACAO="30052011" DURACAO-EM-MINUTOS="10" CIDADE="Rio de Janeiro"/><AUTORES NOME-COMPLETO-DO-AUTOR="Alejandra Mireya Faúndez Cáceres" NOME-PARA-CITACAO="Alejandra Faúndez Cáceres" ORDEM-DE-AUTORIA="1" NRO-ID-CNPQ="5494620662107642"/></PROGRAMA-DE-RADIO-OU-TV><PROGRAMA-DE-RADIO-OU-TV SEQUENCIA-PRODUCAO="35"><DADOS-BASICOS-DO-PROGRAMA-DE-RADIO-OU-TV NATUREZA="OUTRA" TITULO="Extra Explica: Receitas" ANO="2011" PAIS="Brasil" IDIOMA="Português" FLAG-RELEVANCIA="NAO" DOI="" TITULO-INGLES="" HOME-PAGE="" MEIO-DE-DIVULGACAO="NAO_INFORMADO" FLAG-DIVULGACAO-CIENTIFICA="NAO"/><DETALHAMENTO-DO-PROGRAMA-DE-RADIO-OU-TV EMISSORA="Extra Online" TEMA="Suflê de Chocolate e recheio de limão siciliano" FORMATO-DATA-DA-APRESENTACAO="DDMMAAAA" DATA-DA-APRESENTACAO="31052011" DURACAO-EM-MINUTOS="10" CIDADE="Rio de Janeiro"/><AUTORES NOME-COMPLETO-DO-AUTOR="Alejandra Mireya Faúndez Cáceres" NOME-PARA-CITACAO="Alejandra Faúndez Cáceres" ORDEM-DE-AUTORIA="1" NRO-ID-CNPQ="5494620662107642"/></PROGRAMA-DE-RADIO-OU-TV><PROGRAMA-DE-RADIO-OU-TV SEQUENCIA-PRODUCAO="36"><DADOS-BASICOS-DO-PROGRAMA-DE-RADIO-OU-TV NATUREZA="OUTRA" TITULO="Extra Explica: Receitas" ANO="2011" PAIS="Brasil" IDIOMA="Português" FLAG-RELEVANCIA="NAO" DOI="" TITULO-INGLES="" HOME-PAGE="" MEIO-DE-DIVULGACAO="NAO_INFORMADO" FLAG-DIVULGACAO-CIENTIFICA="NAO"/><DETALHAMENTO-DO-PROGRAMA-DE-RADIO-OU-TV EMISSORA="Extra Online" TEMA="Escondidinho de camarão" FORMATO-DATA-DA-APRESENTACAO="DDMMAAAA" DATA-DA-APRESENTACAO="09052011" DURACAO-EM-MINUTOS="10" CIDADE="Rio de Janeiro"/><AUTORES NOME-COMPLETO-DO-AUTOR="Alejandra Mireya Faúndez Cáceres" NOME-PARA-CITACAO="Alejandra Faúndez Cáceres" ORDEM-DE-AUTORIA="1" NRO-ID-CNPQ="5494620662107642"/></PROGRAMA-DE-RADIO-OU-TV><PROGRAMA-DE-RADIO-OU-TV SEQUENCIA-PRODUCAO="41"><DADOS-BASICOS-DO-PROGRAMA-DE-RADIO-OU-TV NATUREZA="ENTREVISTA" TITULO="ENTREVISTA | PROFISSIONAL EM DESTAQUE" ANO="2011" PAIS="Brasil" IDIOMA="Português" FLAG-RELEVANCIA="NAO" DOI="" TITULO-INGLES="" HOME-PAGE="http://www.afgastronomia.com/site/noticias_interna.aspx?id=111" MEIO-DE-DIVULGACAO="NAO_INFORMADO" FLAG-DIVULGACAO-CIENTIFICA="NAO"/><DETALHAMENTO-DO-PROGRAMA-DE-RADIO-OU-TV EMISSORA="SAPORE" TEMA="PROFISSIONAL EM DESTAQUE" FORMATO-DATA-DA-APRESENTACAO="DDMMAAAA" DATA-DA-APRESENTACAO="20122011" DURACAO-EM-MINUTOS="" CIDADE=""/><AUTORES NOME-COMPLETO-DO-AUTOR="Alejandra Mireya Faúndez Cáceres" NOME-PARA-CITACAO="Alejandra Faúndez Cáceres" ORDEM-DE-AUTORIA="1" NRO-ID-CNPQ="5494620662107642"/></PROGRAMA-DE-RADIO-OU-TV><PROGRAMA-DE-RADIO-OU-TV SEQUENCIA-PRODUCAO="42"><DADOS-BASICOS-DO-PROGRAMA-DE-RADIO-OU-TV NATUREZA="PROGRAMA" TITULO="APRESENTADORA | QUADRO: RIO CHEF com Alejandra Faúndez" ANO="2012" PAIS="Brasil" IDIOMA="Português" FLAG-RELEVANCIA="NAO" DOI="" TITULO-INGLES="" HOME-PAGE="" MEIO-DE-DIVULGACAO="NAO_INFORMADO" FLAG-DIVULGACAO-CIENTIFICA="NAO"/><DETALHAMENTO-DO-PROGRAMA-DE-RADIO-OU-TV EMISSORA="RIO WELCOME CHANNEL" TEMA="RIO CHEF com Alejandra Faúndez" FORMATO-DATA-DA-APRESENTACAO="DDMMAAAA" DATA-DA-APRESENTACAO="01082012" DURACAO-EM-MINUTOS="" CIDADE=""/><AUTORES NOME-COMPLETO-DO-AUTOR="OPERA PRIMA PRODUÇÕES" NOME-PARA-CITACAO="OPERA PRIMA PRODUÇÕES" ORDEM-DE-AUTORIA="1" NRO-ID-CNPQ=""/><AUTORES NOME-COMPLETO-DO-AUTOR="Alejandra Mireya Faúndez Cáceres" NOME-PARA-CITACAO="Alejandra Faúndez Cáceres" ORDEM-DE-AUTORIA="2" NRO-ID-CNPQ="5494620662107642"/><INFORMACOES-ADICIONAIS DESCRICAO-INFORMACOES-ADICIONAIS="Apresentação de quadro de gastronomia dos restaurantes e redes de hotéis do RIo de Janeiro com a produção técnica audiovisual da OPERA PRIMA e produção técnica gastronômica da Chef Alejandra Faúndez." DESCRICAO-INFORMACOES-ADICIONAIS-INGLES=""/></PROGRAMA-DE-RADIO-OU-TV><PROGRAMA-DE-RADIO-OU-TV SEQUENCIA-PRODUCAO="44"><DADOS-BASICOS-DO-PROGRAMA-DE-RADIO-OU-TV NATUREZA="ENTREVISTA" TITULO="ENTRE NÓS COM TOMAS TROIGROS" ANO="2012" PAIS="Brasil" IDIOMA="Português" FLAG-RELEVANCIA="NAO" DOI="" TITULO-INGLES="" HOME-PAGE="" MEIO-DE-DIVULGACAO="NAO_INFORMADO" FLAG-DIVULGACAO-CIENTIFICA="NAO"/><DETALHAMENTO-DO-PROGRAMA-DE-RADIO-OU-TV EMISSORA="CANAL UNIVERSITÁRIO" TEMA="MERCADO DE GASTRONOMIA" FORMATO-DATA-DA-APRESENTACAO="DDMMAAAA" DATA-DA-APRESENTACAO="20112012" DURACAO-EM-MINUTOS="160" CIDADE=""/><AUTORES NOME-COMPLETO-DO-AUTOR="Alejandra Mireya Faúndez Cáceres" NOME-PARA-CITACAO="Alejandra Faúndez Cáceres" ORDEM-DE-AUTORIA="1" NRO-ID-CNPQ="5494620662107642"/></PROGRAMA-DE-RADIO-OU-TV><PROGRAMA-DE-RADIO-OU-TV SEQUENCIA-PRODUCAO="23"><DADOS-BASICOS-DO-PROGRAMA-DE-RADIO-OU-TV NATUREZA="OUTRA" TITULO="Extra Explica: Receitas" ANO="2011" PAIS="Brasil" IDIOMA="Português" FLAG-RELEVANCIA="NAO" DOI="" TITULO-INGLES="" HOME-PAGE="" MEIO-DE-DIVULGACAO="NAO_INFORMADO" FLAG-DIVULGACAO-CIENTIFICA="NAO"/><DETALHAMENTO-DO-PROGRAMA-DE-RADIO-OU-TV EMISSORA="Extra Online" TEMA="Brownie" FORMATO-DATA-DA-APRESENTACAO="DDMMAAAA" DATA-DA-APRESENTACAO="08042011" DURACAO-EM-MINUTOS="10" CIDADE="Rio de Janeiro"/><AUTORES NOME-COMPLETO-DO-AUTOR="Alejandra Mireya Faúndez Cáceres" NOME-PARA-CITACAO="Alejandra Faúndez Cáceres" ORDEM-DE-AUTORIA="1" NRO-ID-CNPQ="5494620662107642"/></PROGRAMA-DE-RADIO-OU-TV></DEMAIS-TIPOS-DE-PRODUCAO-TECNICA></PRODUCAO-TECNICA><OUTRA-PRODUCAO><PRODUCAO-ARTISTICA-CULTURAL><OUTRA-PRODUCAO-ARTISTICA-CULTURAL SEQUENCIA-PRODUCAO="38"><DADOS-BASICOS-DE-OUTRA-PRODUCAO-ARTISTICA-CULTURAL NATUREZA="" TITULO="BIG BROTHER BRASIL" ANO="2012" PAIS="Brasil" IDIOMA="Português" MEIO-DE-DIVULGACAO="NAO_INFORMADO" HOME-PAGE="" FLAG-RELEVANCIA="NAO" DOI="" TITULO-INGLES="" NATUREZA-INGLES="" FLAG-DIVULGACAO-CIENTIFICA="NAO"/><DETALHAMENTO-DE-OUTRA-PRODUCAO-ARTISTICA-CULTURAL INSTITUICAO-PROMOTORA-DO-EVENTO="" LOCAL-DO-EVENTO="" CIDADE="RIO DE JANEIRO" EXPOSICAO="" PREMIACAO=""/><AUTORES NOME-COMPLETO-DO-AUTOR="Alejandra Mireya Faúndez Cáceres" NOME-PARA-CITACAO="Alejandra Faúndez Cáceres" ORDEM-DE-AUTORIA="1" NRO-ID-CNPQ="5494620662107642"/><INFORMACOES-ADICIONAIS DESCRICAO-INFORMACOES-ADICIONAIS="FESTA TEMÁTICA: &amp;quot;BURLESCA&amp;quot;" DESCRICAO-INFORMACOES-ADICIONAIS-INGLES=""/></OUTRA-PRODUCAO-ARTISTICA-CULTURAL><OUTRA-PRODUCAO-ARTISTICA-CULTURAL SEQUENCIA-PRODUCAO="39"><DADOS-BASICOS-DE-OUTRA-PRODUCAO-ARTISTICA-CULTURAL NATUREZA="" TITULO="BIG BROTHER BRASIL" ANO="2012" PAIS="Brasil" IDIOMA="Português" MEIO-DE-DIVULGACAO="NAO_INFORMADO" HOME-PAGE="" FLAG-RELEVANCIA="NAO" DOI="" TITULO-INGLES="" NATUREZA-INGLES="" FLAG-DIVULGACAO-CIENTIFICA="NAO"/><DETALHAMENTO-DE-OUTRA-PRODUCAO-ARTISTICA-CULTURAL INSTITUICAO-PROMOTORA-DO-EVENTO="" LOCAL-DO-EVENTO="" CIDADE="RIO DE JANEIRO" EXPOSICAO="" PREMIACAO=""/><AUTORES NOME-COMPLETO-DO-AUTOR="Alejandra Mireya Faúndez Cáceres" NOME-PARA-CITACAO="Alejandra Faúndez Cáceres" ORDEM-DE-AUTORIA="1" NRO-ID-CNPQ="5494620662107642"/><INFORMACOES-ADICIONAIS DESCRICAO-INFORMACOES-ADICIONAIS="PROVA DA COMIDA" DESCRICAO-INFORMACOES-ADICIONAIS-INGLES=""/></OUTRA-PRODUCAO-ARTISTICA-CULTURAL><OUTRA-PRODUCAO-ARTISTICA-CULTURAL SEQUENCIA-PRODUCAO="40"><DADOS-BASICOS-DE-OUTRA-PRODUCAO-ARTISTICA-CULTURAL NATUREZA="" TITULO="BIG BROTHER BRASIL" ANO="2012" PAIS="Brasil" IDIOMA="Português" MEIO-DE-DIVULGACAO="NAO_INFORMADO" HOME-PAGE="" FLAG-RELEVANCIA="NAO" DOI="" TITULO-INGLES="" NATUREZA-INGLES="" FLAG-DIVULGACAO-CIENTIFICA="NAO"/><DETALHAMENTO-DE-OUTRA-PRODUCAO-ARTISTICA-CULTURAL INSTITUICAO-PROMOTORA-DO-EVENTO="" LOCAL-DO-EVENTO="" CIDADE="RIO DE JANEIRO" EXPOSICAO="" PREMIACAO=""/><AUTORES NOME-COMPLETO-DO-AUTOR="Alejandra Mireya Faúndez Cáceres" NOME-PARA-CITACAO="Alejandra Faúndez Cáceres" ORDEM-DE-AUTORIA="1" NRO-ID-CNPQ="5494620662107642"/><INFORMACOES-ADICIONAIS DESCRICAO-INFORMACOES-ADICIONAIS="FESTA &amp;quot; ZEZÉ DI CAMARGO E LUCIANO" DESCRICAO-INFORMACOES-ADICIONAIS-INGLES=""/></OUTRA-PRODUCAO-ARTISTICA-CULTURAL><OUTRA-PRODUCAO-ARTISTICA-CULTURAL SEQUENCIA-PRODUCAO="47"><DADOS-BASICOS-DE-OUTRA-PRODUCAO-ARTISTICA-CULTURAL NATUREZA="BIG BROTHER BRASIL" TITULO="FESTA 'ENERGIA CONTAGIA'" ANO="2013" PAIS="Brasil" IDIOMA="Português" MEIO-DE-DIVULGACAO="OUTRO" HOME-PAGE="http://tvg.globo.com/bbb/bbb13/noticias/fotos/2013/02/fotos-veja-delicias-do-cardapio-da-festa-energia-que-contagia.html#F123467" FLAG-RELEVANCIA="NAO" DOI="" TITULO-INGLES="" NATUREZA-INGLES="" FLAG-DIVULGACAO-CIENTIFICA="NAO"/><DETALHAMENTO-DE-OUTRA-PRODUCAO-ARTISTICA-CULTURAL INSTITUICAO-PROMOTORA-DO-EVENTO="REDE GLOBO DE TELEVISÃO" LOCAL-DO-EVENTO="" CIDADE="RIO DE JANEIRO" EXPOSICAO="" PREMIACAO=""/><AUTORES NOME-COMPLETO-DO-AUTOR="Alejandra Mireya Faúndez Cáceres" NOME-PARA-CITACAO="Alejandra Faúndez Cáceres" ORDEM-DE-AUTORIA="1" NRO-ID-CNPQ="5494620662107642"/></OUTRA-PRODUCAO-ARTISTICA-CULTURAL><OUTRA-PRODUCAO-ARTISTICA-CULTURAL SEQUENCIA-PRODUCAO="46"><DADOS-BASICOS-DE-OUTRA-PRODUCAO-ARTISTICA-CULTURAL NATUREZA="BIG BROTHER BRASIL" TITULO="FESTA 'SALOON'" ANO="2013" PAIS="Brasil" IDIOMA="Português" MEIO-DE-DIVULGACAO="OUTRO" HOME-PAGE="http://tvg.globo.com/bbb/bbb13/noticias/fotos/2013/01/fotos-confira-delicias-do-cardapio-da-festa-saloon.html" FLAG-RELEVANCIA="NAO" DOI="" TITULO-INGLES="" NATUREZA-INGLES="" FLAG-DIVULGACAO-CIENTIFICA="NAO"/><DETALHAMENTO-DE-OUTRA-PRODUCAO-ARTISTICA-CULTURAL INSTITUICAO-PROMOTORA-DO-EVENTO="REDE GLOBO DE TELEVISÃO" LOCAL-DO-EVENTO="" CIDADE="Rio de Janeiro" EXPOSICAO="" PREMIACAO=""/><AUTORES NOME-COMPLETO-DO-AUTOR="Alejandra Mireya Faúndez Cáceres" NOME-PARA-CITACAO="Alejandra Faúndez Cáceres" ORDEM-DE-AUTORIA="1" NRO-ID-CNPQ="5494620662107642"/></OUTRA-PRODUCAO-ARTISTICA-CULTURAL></PRODUCAO-ARTISTICA-CULTURAL></OUTRA-PRODUCAO><DADOS-COMPLEMENTARES><FORMACAO-COMPLEMENTAR><FORMACAO-COMPLEMENTAR-DE-EXTENSAO-UNIVERSITARIA SEQUENCIA-FORMACAO="9" NIVEL="8" CARGA-HORARIA="72" CODIGO-INSTITUICAO="011100000008" NOME-INSTITUICAO="Pontifícia Universidade Católica do Rio de Janeiro" CODIGO-ORGAO="" NOME-ORGAO="" CODIGO-CURSO="90000011" NOME-CURSO="Design e Tradição em Gastrononomia" STATUS-DO-CURSO="CONCLUIDO" ANO-DE-INICIO="2010" ANO-DE-CONCLUSAO="2010" NOME-CURSO-INGLES=""/><FORMACAO-COMPLEMENTAR-CURSO-DE-CURTA-DURACAO SEQUENCIA-FORMACAO="6" NIVEL="F" CARGA-HORARIA="16" CODIGO-INSTITUICAO="000100000991" NOME-INSTITUICAO="Curso com Viviane Barros e Sebastião Vieira" CODIGO-ORGAO="" NOME-ORGAO="" CODIGO-CURSO="90000005" NOME-CURSO="Consultoria Gastronômica" STATUS-DO-CURSO="CONCLUIDO" ANO-DE-INICIO="2007" ANO-DE-CONCLUSAO="2007" NOME-CURSO-INGLES=""/><FORMACAO-COMPLEMENTAR-CURSO-DE-CURTA-DURACAO SEQUENCIA-FORMACAO="12" NIVEL="F" CARGA-HORARIA="44" CODIGO-INSTITUICAO="JIDW00000004" NOME-INSTITUICAO="Kaplan International Colleges" CODIGO-ORGAO="" NOME-ORGAO="" CODIGO-CURSO="90000015" NOME-CURSO="VACATION ENGLISH" STATUS-DO-CURSO="CONCLUIDO" ANO-DE-INICIO="2013" ANO-DE-CONCLUSAO="2013" NOME-CURSO-INGLES=""/><FORMACAO-COMPLEMENTAR-CURSO-DE-CURTA-DURACAO SEQUENCIA-FORMACAO="3" NIVEL="F" CARGA-HORARIA="40" CODIGO-INSTITUICAO="985600222817" NOME-INSTITUICAO="Instituto Cervantes" CODIGO-ORGAO="" NOME-ORGAO="" CODIGO-CURSO="90000002" NOME-CURSO="II Formação de Professora de Espanhol" STATUS-DO-CURSO="CONCLUIDO" ANO-DE-INICIO="2004" ANO-DE-CONCLUSAO="2004" NOME-CURSO-INGLES=""/><FORMACAO-COMPLEMENTAR-CURSO-DE-CURTA-DURACAO SEQUENCIA-FORMACAO="2" NIVEL="F" CARGA-HORARIA="40" CODIGO-INSTITUICAO="985600222817" NOME-INSTITUICAO="Instituto Cervantes" CODIGO-ORGAO="" NOME-ORGAO="" CODIGO-CURSO="90000001" NOME-CURSO="I Fromação de professora de Espanhol" STATUS-DO-CURSO="CONCLUIDO" ANO-DE-INICIO="2003" ANO-DE-CONCLUSAO="2003" NOME-CURSO-INGLES=""/><FORMACAO-COMPLEMENTAR-CURSO-DE-CURTA-DURACAO SEQUENCIA-FORMACAO="13" NIVEL="F" CARGA-HORARIA="25" CODIGO-INSTITUICAO="001900000994" NOME-INSTITUICAO="KENDALL | School of Culinary Arts" CODIGO-ORGAO="" NOME-ORGAO="" CODIGO-CURSO="90000017" NOME-CURSO="KENDALL BEST PRACTICES" STATUS-DO-CURSO="CONCLUIDO" ANO-DE-INICIO="2013" ANO-DE-CONCLUSAO="2013" NOME-CURSO-INGLES=""/><FORMACAO-COMPLEMENTAR-CURSO-DE-CURTA-DURACAO SEQUENCIA-FORMACAO="11" NIVEL="F" CARGA-HORARIA="12" CODIGO-INSTITUICAO="001800000992" NOME-INSTITUICAO="BURASARI" CODIGO-ORGAO="" NOME-ORGAO="" CODIGO-CURSO="90000014" NOME-CURSO="AULA DE COZINHA TAILANDESA" STATUS-DO-CURSO="CONCLUIDO" ANO-DE-INICIO="2013" ANO-DE-CONCLUSAO="2013" NOME-CURSO-INGLES=""/><FORMACAO-COMPLEMENTAR-CURSO-DE-CURTA-DURACAO SEQUENCIA-FORMACAO="10" NIVEL="F" CARGA-HORARIA="6" CODIGO-INSTITUICAO="001400000995" NOME-INSTITUICAO="Gastronomy Lab" CODIGO-ORGAO="" NOME-ORGAO="" CODIGO-CURSO="90000012" NOME-CURSO="Gastronomia Molecular" STATUS-DO-CURSO="CONCLUIDO" ANO-DE-INICIO="2011" ANO-DE-CONCLUSAO="2011" NOME-CURSO-INGLES=""/><OUTROS SEQUENCIA-FORMACAO="5" NIVEL="Y" CARGA-HORARIA="" CODIGO-INSTITUICAO="294800000006" NOME-INSTITUICAO="Universidade Estácio de Sá" CODIGO-ORGAO="" NOME-ORGAO="" CODIGO-CURSO="90000004" NOME-CURSO="Promotor de Eventos em gastronomia" STATUS-DO-CURSO="CONCLUIDO" ANO-DE-INICIO="2007" ANO-DE-CONCLUSAO="2007" NOME-CURSO-INGLES=""/><OUTROS SEQUENCIA-FORMACAO="4" NIVEL="Y" CARGA-HORARIA="" CODIGO-INSTITUICAO="294800000006" NOME-INSTITUICAO="Universidade Estácio de Sá" CODIGO-ORGAO="" NOME-ORGAO="" CODIGO-CURSO="90000003" NOME-CURSO="Supervisor Gastronômico" STATUS-DO-CURSO="CONCLUIDO" ANO-DE-INICIO="2006" ANO-DE-CONCLUSAO="2006" NOME-CURSO-INGLES=""/><formacoesComplementaresPlana/></FORMACAO-COMPLEMENTAR><PARTICIPACAO-EM-BANCA-TRABALHOS-CONCLUSAO><PARTICIPACAO-EM-BANCA-DE-GRADUACAO SEQUENCIA-PRODUCAO="1"><DADOS-BASICOS-DA-PARTICIPACAO-EM-BANCA-DE-GRADUACAO NATUREZA="Graduação" TITULO="A influência dos ingredientes tipicamente africanos na culinária baiana" ANO="2009" PAIS="Brasil" IDIOMA="Português" HOME-PAGE="" DOI="" TITULO-INGLES=""/><DETALHAMENTO-DA-PARTICIPACAO-EM-BANCA-DE-GRADUACAO NOME-DO-CANDIDATO="Claudio Roberto do Bonfim" CODIGO-INSTITUICAO="201900000008" NOME-INSTITUICAO="Centro Universitário Augusto Motta" CODIGO-ORGAO="" NOME-ORGAO="" CODIGO-CURSO="90000008" NOME-CURSO="Curso Superior de Tecnologia em Gastronomia" NOME-CURSO-INGLES=""/><PARTICIPANTE-BANCA NOME-COMPLETO-DO-PARTICIPANTE-DA-BANCA="Giselle Reis" NOME-PARA-CITACAO-DO-PARTICIPANTE-DA-BANCA="Giselle Reis" ORDEM-PARTICIPANTE="2" NRO-ID-CNPQ=""/><PARTICIPANTE-BANCA NOME-COMPLETO-DO-PARTICIPANTE-DA-BANCA="Adriana Leal" NOME-PARA-CITACAO-DO-PARTICIPANTE-DA-BANCA="LEAL, A." ORDEM-PARTICIPANTE="1" NRO-ID-CNPQ=""/><PARTICIPANTE-BANCA NOME-COMPLETO-DO-PARTICIPANTE-DA-BANCA="Alejandra Mireya Faúndez Cáceres" NOME-PARA-CITACAO-DO-PARTICIPANTE-DA-BANCA="Alejandra Faúndez Cáceres" ORDEM-PARTICIPANTE="3" NRO-ID-CNPQ="5494620662107642"/></PARTICIPACAO-EM-BANCA-DE-GRADUACAO><PARTICIPACAO-EM-BANCA-DE-GRADUACAO SEQUENCIA-PRODUCAO="2"><DADOS-BASICOS-DA-PARTICIPACAO-EM-BANCA-DE-GRADUACAO NATUREZA="Graduação" TITULO="Boulangerie" ANO="2009" PAIS="Brasil" IDIOMA="Português" HOME-PAGE="" DOI="" TITULO-INGLES=""/><DETALHAMENTO-DA-PARTICIPACAO-EM-BANCA-DE-GRADUACAO NOME-DO-CANDIDATO="Marly Ferreira Scalzilli" CODIGO-INSTITUICAO="201900000008" NOME-INSTITUICAO="Centro Universitário Augusto Motta" CODIGO-ORGAO="" NOME-ORGAO="" CODIGO-CURSO="90000008" NOME-CURSO="Curso Superior de Tecnologia em Gastronomia" NOME-CURSO-INGLES=""/><PARTICIPANTE-BANCA NOME-COMPLETO-DO-PARTICIPANTE-DA-BANCA="Giselle Reis" NOME-PARA-CITACAO-DO-PARTICIPANTE-DA-BANCA="Giselle Reis" ORDEM-PARTICIPANTE="2" NRO-ID-CNPQ=""/><PARTICIPANTE-BANCA NOME-COMPLETO-DO-PARTICIPANTE-DA-BANCA="Adriana Leal" NOME-PARA-CITACAO-DO-PARTICIPANTE-DA-BANCA="LEAL, A." ORDEM-PARTICIPANTE="1" NRO-ID-CNPQ=""/><PARTICIPANTE-BANCA NOME-COMPLETO-DO-PARTICIPANTE-DA-BANCA="Alejandra Mireya Faúndez Cáceres" NOME-PARA-CITACAO-DO-PARTICIPANTE-DA-BANCA="Alejandra Faúndez Cáceres" ORDEM-PARTICIPANTE="3" NRO-ID-CNPQ="5494620662107642"/></PARTICIPACAO-EM-BANCA-DE-GRADUACAO><PARTICIPACAO-EM-BANCA-DE-GRADUACAO SEQUENCIA-PRODUCAO="3"><DADOS-BASICOS-DA-PARTICIPACAO-EM-BANCA-DE-GRADUACAO NATUREZA="Graduação" TITULO="Adoçante, o que é?" ANO="2009" PAIS="Brasil" IDIOMA="Português" HOME-PAGE="" DOI="" TITULO-INGLES=""/><DETALHAMENTO-DA-PARTICIPACAO-EM-BANCA-DE-GRADUACAO NOME-DO-CANDIDATO="Edvaldo Braz de Lucena" CODIGO-INSTITUICAO="201900000008" NOME-INSTITUICAO="Centro Universitário Augusto Motta" CODIGO-ORGAO="" NOME-ORGAO="" CODIGO-CURSO="90000008" NOME-CURSO="Curso Superior de Tecnologia em Gastronomia" NOME-CURSO-INGLES=""/><PARTICIPANTE-BANCA NOME-COMPLETO-DO-PARTICIPANTE-DA-BANCA="Giselle Reis" NOME-PARA-CITACAO-DO-PARTICIPANTE-DA-BANCA="Giselle Reis" ORDEM-PARTICIPANTE="2" NRO-ID-CNPQ=""/><PARTICIPANTE-BANCA NOME-COMPLETO-DO-PARTICIPANTE-DA-BANCA="Adriana Leal" NOME-PARA-CITACAO-DO-PARTICIPANTE-DA-BANCA="LEAL, A." ORDEM-PARTICIPANTE="1" NRO-ID-CNPQ=""/><PARTICIPANTE-BANCA NOME-COMPLETO-DO-PARTICIPANTE-DA-BANCA="Alejandra Mireya Faúndez Cáceres" NOME-PARA-CITACAO-DO-PARTICIPANTE-DA-BANCA="Alejandra Faúndez Cáceres" ORDEM-PARTICIPANTE="3" NRO-ID-CNPQ="5494620662107642"/></PARTICIPACAO-EM-BANCA-DE-GRADUACAO><PARTICIPACAO-EM-BANCA-DE-GRADUACAO SEQUENCIA-PRODUCAO="4"><DADOS-BASICOS-DA-PARTICIPACAO-EM-BANCA-DE-GRADUACAO NATUREZA="Graduação" TITULO="As diversificações da massa" ANO="2009" PAIS="Brasil" IDIOMA="Português" HOME-PAGE="" DOI="" TITULO-INGLES=""/><DETALHAMENTO-DA-PARTICIPACAO-EM-BANCA-DE-GRADUACAO NOME-DO-CANDIDATO="Fabienne de Andrade" CODIGO-INSTITUICAO="201900000008" NOME-INSTITUICAO="Centro Universitário Augusto Motta" CODIGO-ORGAO="" NOME-ORGAO="" CODIGO-CURSO="90000008" NOME-CURSO="Curso Superior de Tecnologia em Gastronomia" NOME-CURSO-INGLES=""/><PARTICIPANTE-BANCA NOME-COMPLETO-DO-PARTICIPANTE-DA-BANCA="Adriana Leal" NOME-PARA-CITACAO-DO-PARTICIPANTE-DA-BANCA="LEAL, A." ORDEM-PARTICIPANTE="2" NRO-ID-CNPQ=""/><PARTICIPANTE-BANCA NOME-COMPLETO-DO-PARTICIPANTE-DA-BANCA="Rosangela de Paola Gonçalves" NOME-PARA-CITACAO-DO-PARTICIPANTE-DA-BANCA="Rosangela de Paola Gonçalves" ORDEM-PARTICIPANTE="1" NRO-ID-CNPQ=""/><PARTICIPANTE-BANCA NOME-COMPLETO-DO-PARTICIPANTE-DA-BANCA="Alejandra Mireya Faúndez Cáceres" NOME-PARA-CITACAO-DO-PARTICIPANTE-DA-BANCA="Alejandra Faúndez Cáceres" ORDEM-PARTICIPANTE="3" NRO-ID-CNPQ="5494620662107642"/></PARTICIPACAO-EM-BANCA-DE-GRADUACAO><PARTICIPACAO-EM-BANCA-DE-GRADUACAO SEQUENCIA-PRODUCAO="5"><DADOS-BASICOS-DA-PARTICIPACAO-EM-BANCA-DE-GRADUACAO NATUREZA="Graduação" TITULO="A origem da cozinha mediterrânea e a sua influência no cenário mundial" ANO="2009" PAIS="Brasil" IDIOMA="Português" HOME-PAGE="" DOI="" TITULO-INGLES=""/><DETALHAMENTO-DA-PARTICIPACAO-EM-BANCA-DE-GRADUACAO NOME-DO-CANDIDATO="Luiz Geraldo de Oliveira" CODIGO-INSTITUICAO="201900000008" NOME-INSTITUICAO="Centro Universitário Augusto Motta" CODIGO-ORGAO="" NOME-ORGAO="" CODIGO-CURSO="90000008" NOME-CURSO="Curso Superior de Tecnologia em Gastronomia" NOME-CURSO-INGLES=""/><PARTICIPANTE-BANCA NOME-COMPLETO-DO-PARTICIPANTE-DA-BANCA="Adriana Leal" NOME-PARA-CITACAO-DO-PARTICIPANTE-DA-BANCA="LEAL, A." ORDEM-PARTICIPANTE="2" NRO-ID-CNPQ=""/><PARTICIPANTE-BANCA NOME-COMPLETO-DO-PARTICIPANTE-DA-BANCA="Rosangela de Paola Gonçalves" NOME-PARA-CITACAO-DO-PARTICIPANTE-DA-BANCA="Rosangela de Paola Gonçalves" ORDEM-PARTICIPANTE="1" NRO-ID-CNPQ=""/><PARTICIPANTE-BANCA NOME-COMPLETO-DO-PARTICIPANTE-DA-BANCA="Alejandra Mireya Faúndez Cáceres" NOME-PARA-CITACAO-DO-PARTICIPANTE-DA-BANCA="Alejandra Faúndez Cáceres" ORDEM-PARTICIPANTE="3" NRO-ID-CNPQ="5494620662107642"/></PARTICIPACAO-EM-BANCA-DE-GRADUACAO><PARTICIPACAO-EM-BANCA-DE-GRADUACAO SEQUENCIA-PRODUCAO="6"><DADOS-BASICOS-DA-PARTICIPACAO-EM-BANCA-DE-GRADUACAO NATUREZA="Graduação" TITULO="Pão: História e influência na história da humanidade" ANO="2009" PAIS="Brasil" IDIOMA="Português" HOME-PAGE="" DOI="" TITULO-INGLES=""/><DETALHAMENTO-DA-PARTICIPACAO-EM-BANCA-DE-GRADUACAO NOME-DO-CANDIDATO="Alessandro de Souza Trindade" CODIGO-INSTITUICAO="201900000008" NOME-INSTITUICAO="Centro Universitário Augusto Motta" CODIGO-ORGAO="" NOME-ORGAO="" CODIGO-CURSO="90000008" NOME-CURSO="Curso Superior de Tecnologia em Gastronomia" NOME-CURSO-INGLES=""/><PARTICIPANTE-BANCA NOME-COMPLETO-DO-PARTICIPANTE-DA-BANCA="Adriana Leal" NOME-PARA-CITACAO-DO-PARTICIPANTE-DA-BANCA="LEAL, A." ORDEM-PARTICIPANTE="2" NRO-ID-CNPQ=""/><PARTICIPANTE-BANCA NOME-COMPLETO-DO-PARTICIPANTE-DA-BANCA="Rosangela de Paola Gonçalves" NOME-PARA-CITACAO-DO-PARTICIPANTE-DA-BANCA="Rosangela de Paola Gonçalves" ORDEM-PARTICIPANTE="1" NRO-ID-CNPQ=""/><PARTICIPANTE-BANCA NOME-COMPLETO-DO-PARTICIPANTE-DA-BANCA="Alejandra Mireya Faúndez Cáceres" NOME-PARA-CITACAO-DO-PARTICIPANTE-DA-BANCA="Alejandra Faúndez Cáceres" ORDEM-PARTICIPANTE="3" NRO-ID-CNPQ="5494620662107642"/></PARTICIPACAO-EM-BANCA-DE-GRADUACAO><PARTICIPACAO-EM-BANCA-DE-GRADUACAO SEQUENCIA-PRODUCAO="7"><DADOS-BASICOS-DA-PARTICIPACAO-EM-BANCA-DE-GRADUACAO NATUREZA="Graduação" TITULO="As quatro maiores especiarias: Pimenta do reino, noz moscada e gengibre" ANO="2009" PAIS="Brasil" IDIOMA="Português" HOME-PAGE="" DOI="" TITULO-INGLES=""/><DETALHAMENTO-DA-PARTICIPACAO-EM-BANCA-DE-GRADUACAO NOME-DO-CANDIDATO="Aida Paola Coutinho Lameira" CODIGO-INSTITUICAO="201900000008" NOME-INSTITUICAO="Centro Universitário Augusto Motta" CODIGO-ORGAO="" NOME-ORGAO="" CODIGO-CURSO="90000008" NOME-CURSO="Curso Superior de Tecnologia em Gastronomia" NOME-CURSO-INGLES=""/><PARTICIPANTE-BANCA NOME-COMPLETO-DO-PARTICIPANTE-DA-BANCA="Adriana Leal" NOME-PARA-CITACAO-DO-PARTICIPANTE-DA-BANCA="LEAL, A." ORDEM-PARTICIPANTE="2" NRO-ID-CNPQ=""/><PARTICIPANTE-BANCA NOME-COMPLETO-DO-PARTICIPANTE-DA-BANCA="Rosangela de Paola Gonçalves" NOME-PARA-CITACAO-DO-PARTICIPANTE-DA-BANCA="Rosangela de Paola Gonçalves" ORDEM-PARTICIPANTE="1" NRO-ID-CNPQ=""/><PARTICIPANTE-BANCA NOME-COMPLETO-DO-PARTICIPANTE-DA-BANCA="Alejandra Mireya Faúndez Cáceres" NOME-PARA-CITACAO-DO-PARTICIPANTE-DA-BANCA="Alejandra Faúndez Cáceres" ORDEM-PARTICIPANTE="3" NRO-ID-CNPQ="5494620662107642"/></PARTICIPACAO-EM-BANCA-DE-GRADUACAO><PARTICIPACAO-EM-BANCA-DE-GRADUACAO SEQUENCIA-PRODUCAO="8"><DADOS-BASICOS-DA-PARTICIPACAO-EM-BANCA-DE-GRADUACAO NATUREZA="Graduação" TITULO="Açaí: A pérola da amazônia" ANO="2009" PAIS="Brasil" IDIOMA="Português" HOME-PAGE="" DOI="" TITULO-INGLES=""/><DETALHAMENTO-DA-PARTICIPACAO-EM-BANCA-DE-GRADUACAO NOME-DO-CANDIDATO="Paulo Cesar de Souza" CODIGO-INSTITUICAO="201900000008" NOME-INSTITUICAO="Centro Universitário Augusto Motta" CODIGO-ORGAO="" NOME-ORGAO="" CODIGO-CURSO="90000008" NOME-CURSO="Curso Superior de Tecnologia em Gastronomia" NOME-CURSO-INGLES=""/><PARTICIPANTE-BANCA NOME-COMPLETO-DO-PARTICIPANTE-DA-BANCA="Adriana Leal" NOME-PARA-CITACAO-DO-PARTICIPANTE-DA-BANCA="LEAL, A." ORDEM-PARTICIPANTE="2" NRO-ID-CNPQ=""/><PARTICIPANTE-BANCA NOME-COMPLETO-DO-PARTICIPANTE-DA-BANCA="Rosangela de Paola Gonçalves" NOME-PARA-CITACAO-DO-PARTICIPANTE-DA-BANCA="Rosangela de Paola Gonçalves" ORDEM-PARTICIPANTE="3" NRO-ID-CNPQ=""/><PARTICIPANTE-BANCA NOME-COMPLETO-DO-PARTICIPANTE-DA-BANCA="Alejandra Mireya Faúndez Cáceres" NOME-PARA-CITACAO-DO-PARTICIPANTE-DA-BANCA="Alejandra Faúndez Cáceres" ORDEM-PARTICIPANTE="1" NRO-ID-CNPQ="5494620662107642"/></PARTICIPACAO-EM-BANCA-DE-GRADUACAO><PARTICIPACAO-EM-BANCA-DE-GRADUACAO SEQUENCIA-PRODUCAO="9"><DADOS-BASICOS-DA-PARTICIPACAO-EM-BANCA-DE-GRADUACAO NATUREZA="Graduação" TITULO="Aproveitamento Integral dos alimentos como alimentação alternativa" ANO="2009" PAIS="Brasil" IDIOMA="Português" HOME-PAGE="" DOI="" TITULO-INGLES=""/><DETALHAMENTO-DA-PARTICIPACAO-EM-BANCA-DE-GRADUACAO NOME-DO-CANDIDATO="Cristhine Albuquerque Alves" CODIGO-INSTITUICAO="201900000008" NOME-INSTITUICAO="Centro Universitário Augusto Motta" CODIGO-ORGAO="" NOME-ORGAO="" CODIGO-CURSO="90000008" NOME-CURSO="Curso Superior de Tecnologia em Gastronomia" NOME-CURSO-INGLES=""/><PARTICIPANTE-BANCA NOME-COMPLETO-DO-PARTICIPANTE-DA-BANCA="Adriana Leal" NOME-PARA-CITACAO-DO-PARTICIPANTE-DA-BANCA="LEAL, A." ORDEM-PARTICIPANTE="2" NRO-ID-CNPQ=""/><PARTICIPANTE-BANCA NOME-COMPLETO-DO-PARTICIPANTE-DA-BANCA="Rosangela de Paola Gonçalves" NOME-PARA-CITACAO-DO-PARTICIPANTE-DA-BANCA="Rosangela de Paola Gonçalves" ORDEM-PARTICIPANTE="3" NRO-ID-CNPQ=""/><PARTICIPANTE-BANCA NOME-COMPLETO-DO-PARTICIPANTE-DA-BANCA="Alejandra Mireya Faúndez Cáceres" NOME-PARA-CITACAO-DO-PARTICIPANTE-DA-BANCA="Alejandra Faúndez Cáceres" ORDEM-PARTICIPANTE="1" NRO-ID-CNPQ="5494620662107642"/></PARTICIPACAO-EM-BANCA-DE-GRADUACAO><PARTICIPACAO-EM-BANCA-DE-GRADUACAO SEQUENCIA-PRODUCAO="10"><DADOS-BASICOS-DA-PARTICIPACAO-EM-BANCA-DE-GRADUACAO NATUREZA="Graduação" TITULO="A importância do azeite de oliva na culinária mediterrânea e seus beneficios à saúde" ANO="2009" PAIS="Brasil" IDIOMA="Português" HOME-PAGE="" DOI="" TITULO-INGLES=""/><DETALHAMENTO-DA-PARTICIPACAO-EM-BANCA-DE-GRADUACAO NOME-DO-CANDIDATO="Luiz Claudio Gouvea" CODIGO-INSTITUICAO="201900000008" NOME-INSTITUICAO="Centro Universitário Augusto Motta" CODIGO-ORGAO="" NOME-ORGAO="" CODIGO-CURSO="90000008" NOME-CURSO="Curso Superior de Tecnologia em Gastronomia" NOME-CURSO-INGLES=""/><PARTICIPANTE-BANCA NOME-COMPLETO-DO-PARTICIPANTE-DA-BANCA="Adriana Leal" NOME-PARA-CITACAO-DO-PARTICIPANTE-DA-BANCA="LEAL, A." ORDEM-PARTICIPANTE="2" NRO-ID-CNPQ=""/><PARTICIPANTE-BANCA NOME-COMPLETO-DO-PARTICIPANTE-DA-BANCA="Rosangela de Paola Gonçalves" NOME-PARA-CITACAO-DO-PARTICIPANTE-DA-BANCA="Rosangela de Paola Gonçalves" ORDEM-PARTICIPANTE="3" NRO-ID-CNPQ=""/><PARTICIPANTE-BANCA NOME-COMPLETO-DO-PARTICIPANTE-DA-BANCA="Alejandra Mireya Faúndez Cáceres" NOME-PARA-CITACAO-DO-PARTICIPANTE-DA-BANCA="Alejandra Faúndez Cáceres" ORDEM-PARTICIPANTE="1" NRO-ID-CNPQ="5494620662107642"/></PARTICIPACAO-EM-BANCA-DE-GRADUACAO><PARTICIPACAO-EM-BANCA-DE-GRADUACAO SEQUENCIA-PRODUCAO="11"><DADOS-BASICOS-DA-PARTICIPACAO-EM-BANCA-DE-GRADUACAO NATUREZA="Graduação" TITULO="Pimenta Malagueta do Gênero Capsicum Frutenscens" ANO="2009" PAIS="Brasil" IDIOMA="Português" HOME-PAGE="" DOI="" TITULO-INGLES=""/><DETALHAMENTO-DA-PARTICIPACAO-EM-BANCA-DE-GRADUACAO NOME-DO-CANDIDATO="Débora Cardoso Furtado" CODIGO-INSTITUICAO="201900000008" NOME-INSTITUICAO="Centro Universitário Augusto Motta" CODIGO-ORGAO="" NOME-ORGAO="" CODIGO-CURSO="90000008" NOME-CURSO="Curso Superior de Tecnologia em Gastronomia" NOME-CURSO-INGLES=""/><PARTICIPANTE-BANCA NOME-COMPLETO-DO-PARTICIPANTE-DA-BANCA="Adriana Leal" NOME-PARA-CITACAO-DO-PARTICIPANTE-DA-BANCA="LEAL, A." ORDEM-PARTICIPANTE="2" NRO-ID-CNPQ=""/><PARTICIPANTE-BANCA NOME-COMPLETO-DO-PARTICIPANTE-DA-BANCA="Rosangela de Paola Gonçalves" NOME-PARA-CITACAO-DO-PARTICIPANTE-DA-BANCA="Rosangela de Paola Gonçalves" ORDEM-PARTICIPANTE="3" NRO-ID-CNPQ=""/><PARTICIPANTE-BANCA NOME-COMPLETO-DO-PARTICIPANTE-DA-BANCA="Alejandra Mireya Faúndez Cáceres" NOME-PARA-CITACAO-DO-PARTICIPANTE-DA-BANCA="Alejandra Faúndez Cáceres" ORDEM-PARTICIPANTE="1" NRO-ID-CNPQ="5494620662107642"/></PARTICIPACAO-EM-BANCA-DE-GRADUACAO><PARTICIPACAO-EM-BANCA-DE-GRADUACAO SEQUENCIA-PRODUCAO="12"><DADOS-BASICOS-DA-PARTICIPACAO-EM-BANCA-DE-GRADUACAO NATUREZA="Graduação" TITULO="A introdução do sal na gastronomia do Brasil" ANO="2009" PAIS="Brasil" IDIOMA="Português" HOME-PAGE="" DOI="" TITULO-INGLES=""/><DETALHAMENTO-DA-PARTICIPACAO-EM-BANCA-DE-GRADUACAO NOME-DO-CANDIDATO="Jorgelina Moreira Baptista" CODIGO-INSTITUICAO="201900000008" NOME-INSTITUICAO="Centro Universitário Augusto Motta" CODIGO-ORGAO="" NOME-ORGAO="" CODIGO-CURSO="90000008" NOME-CURSO="Curso Superior de Tecnologia em Gastronomia" NOME-CURSO-INGLES=""/><PARTICIPANTE-BANCA NOME-COMPLETO-DO-PARTICIPANTE-DA-BANCA="Adriana Leal" NOME-PARA-CITACAO-DO-PARTICIPANTE-DA-BANCA="LEAL, A." ORDEM-PARTICIPANTE="2" NRO-ID-CNPQ=""/><PARTICIPANTE-BANCA NOME-COMPLETO-DO-PARTICIPANTE-DA-BANCA="Rosangela de Paola Gonçalves" NOME-PARA-CITACAO-DO-PARTICIPANTE-DA-BANCA="Rosangela de Paola Gonçalves" ORDEM-PARTICIPANTE="3" NRO-ID-CNPQ=""/><PARTICIPANTE-BANCA NOME-COMPLETO-DO-PARTICIPANTE-DA-BANCA="Alejandra Mireya Faúndez Cáceres" NOME-PARA-CITACAO-DO-PARTICIPANTE-DA-BANCA="Alejandra Faúndez Cáceres" ORDEM-PARTICIPANTE="1" NRO-ID-CNPQ="5494620662107642"/></PARTICIPACAO-EM-BANCA-DE-GRADUACAO><PARTICIPACAO-EM-BANCA-DE-GRADUACAO SEQUENCIA-PRODUCAO="13"><DADOS-BASICOS-DA-PARTICIPACAO-EM-BANCA-DE-GRADUACAO NATUREZA="Graduação" TITULO="A merenda escolar como instrumento de ensino e aprendizagem no Brasil" ANO="2009" PAIS="Brasil" IDIOMA="Português" HOME-PAGE="" DOI="" TITULO-INGLES=""/><DETALHAMENTO-DA-PARTICIPACAO-EM-BANCA-DE-GRADUACAO NOME-DO-CANDIDATO="Alberto Domingo Gonçalves Pinto" CODIGO-INSTITUICAO="201900000008" NOME-INSTITUICAO="Centro Universitário Augusto Motta" CODIGO-ORGAO="" NOME-ORGAO="" CODIGO-CURSO="90000008" NOME-CURSO="Curso Superior de Tecnologia em Gastronomia" NOME-CURSO-INGLES=""/><PARTICIPANTE-BANCA NOME-COMPLETO-DO-PARTICIPANTE-DA-BANCA="Adriana Leal" NOME-PARA-CITACAO-DO-PARTICIPANTE-DA-BANCA="LEAL, A." ORDEM-PARTICIPANTE="2" NRO-ID-CNPQ=""/><PARTICIPANTE-BANCA NOME-COMPLETO-DO-PARTICIPANTE-DA-BANCA="Rosangela de Paola Gonçalves" NOME-PARA-CITACAO-DO-PARTICIPANTE-DA-BANCA="Rosangela de Paola Gonçalves" ORDEM-PARTICIPANTE="3" NRO-ID-CNPQ=""/><PARTICIPANTE-BANCA NOME-COMPLETO-DO-PARTICIPANTE-DA-BANCA="Alejandra Mireya Faúndez Cáceres" NOME-PARA-CITACAO-DO-PARTICIPANTE-DA-BANCA="Alejandra Faúndez Cáceres" ORDEM-PARTICIPANTE="1" NRO-ID-CNPQ="5494620662107642"/></PARTICIPACAO-EM-BANCA-DE-GRADUACAO></PARTICIPACAO-EM-BANCA-TRABALHOS-CONCLUSAO><PARTICIPACAO-EM-EVENTOS-CONGRESSOS><PARTICIPACAO-EM-CONGRESSO SEQUENCIA-PRODUCAO="37"><PARTICIPANTE-DE-EVENTOS-CONGRESSOS NOME-COMPLETO-DO-PARTICIPANTE-DE-EVENTOS-CONGRESSOS="Alejandra Mireya Faúndez Cáceres" NOME-PARA-CITACAO-DO-PARTICIPANTE-DE-EVENTOS-CONGRESSOS="Alejandra Faúndez Cáceres" ORDEM-PARTICIPANTE="1" NRO-ID-CNPQ="5494620662107642"/><DADOS-BASICOS-DA-PARTICIPACAO-EM-CONGRESSO NATUREZA="Congresso" TITULO="Cozinhando o desperdício, o uso integral dos alimentos em comunidades do Rio de Janeiro-BR" ANO="2011" PAIS="Brasil" IDIOMA="" MEIO-DE-DIVULGACAO="NAO_INFORMADO" HOME-PAGE-DO-TRABALHO="" FLAG-RELEVANCIA="NAO" TIPO-PARTICIPACAO="Poster / Painel" FORMA-PARTICIPACAO="Participante" DOI="" TITULO-INGLES="" FLAG-DIVULGACAO-CIENTIFICA="NAO"/><DETALHAMENTO-DA-PARTICIPACAO-EM-CONGRESSO NOME-DO-EVENTO="II Congresso Brasileiro de Alimentação Coletiva" CODIGO-INSTITUICAO="" NOME-INSTITUICAO="" LOCAL-DO-EVENTO="" CIDADE-DO-EVENTO="Florianópolis" NOME-DO-EVENTO-INGLES=""/></PARTICIPACAO-EM-CONGRESSO><PARTICIPACAO-EM-CONGRESSO SEQUENCIA-PRODUCAO="45"><PARTICIPANTE-DE-EVENTOS-CONGRESSOS NOME-COMPLETO-DO-PARTICIPANTE-DE-EVENTOS-CONGRESSOS="Alejandra Mireya Faúndez Cáceres" NOME-PARA-CITACAO-DO-PARTICIPANTE-DE-EVENTOS-CONGRESSOS="Alejandra Faúndez Cáceres" ORDEM-PARTICIPANTE="1" NRO-ID-CNPQ="5494620662107642"/><DADOS-BASICOS-DA-PARTICIPACAO-EM-CONGRESSO NATUREZA="Congresso" TITULO="MERKÉN: TESORO DE LA CULTURA GASTRONÓMICA MAPUCHE" ANO="2012" PAIS="Brasil" IDIOMA="" MEIO-DE-DIVULGACAO="NAO_INFORMADO" HOME-PAGE-DO-TRABALHO="" FLAG-RELEVANCIA="NAO" TIPO-PARTICIPACAO="Apresentação oral" FORMA-PARTICIPACAO="Participante" DOI="" TITULO-INGLES="" FLAG-DIVULGACAO-CIENTIFICA="NAO"/><DETALHAMENTO-DA-PARTICIPACAO-EM-CONGRESSO NOME-DO-EVENTO="MESA TENDÊNCIAS" CODIGO-INSTITUICAO="" NOME-INSTITUICAO="" LOCAL-DO-EVENTO="" CIDADE-DO-EVENTO="SÃO PAULO" NOME-DO-EVENTO-INGLES=""/></PARTICIPACAO-EM-CONGRESSO><OUTRAS-PARTICIPACOES-EM-EVENTOS-CONGRESSOS SEQUENCIA-PRODUCAO="52"><PARTICIPANTE-DE-EVENTOS-CONGRESSOS NOME-COMPLETO-DO-PARTICIPANTE-DE-EVENTOS-CONGRESSOS="Alejandra Mireya Faúndez Cáceres" NOME-PARA-CITACAO-DO-PARTICIPANTE-DE-EVENTOS-CONGRESSOS="Alejandra Faúndez Cáceres" ORDEM-PARTICIPANTE="1" NRO-ID-CNPQ="5494620662107642"/><DADOS-BASICOS-DE-OUTRAS-PARTICIPACOES-EM-EVENTOS-CONGRESSOS NATUREZA="Outra" TITULO="NATAL PELO MUNDO - FINGER FOOD" ANO="2014" PAIS="Brasil" IDIOMA="" MEIO-DE-DIVULGACAO="NAO_INFORMADO" HOME-PAGE-DO-TRABALHO="www.casaparkgourmet.com.br" FLAG-RELEVANCIA="NAO" TIPO-PARTICIPACAO="Conferencista" FORMA-PARTICIPACAO="Convidado" DOI="" TITULO-INGLES="" FLAG-DIVULGACAO-CIENTIFICA="NAO"/><DETALHAMENTO-DE-OUTRAS-PARTICIPACOES-EM-EVENTOS-CONGRESSOS NOME-DO-EVENTO="CASA PARK GOURMET" CODIGO-INSTITUICAO="" NOME-INSTITUICAO="" LOCAL-DO-EVENTO="" CIDADE-DO-EVENTO="BRASÍLIA" NOME-DO-EVENTO-INGLES=""/></OUTRAS-PARTICIPACOES-EM-EVENTOS-CONGRESSOS><OUTRAS-PARTICIPACOES-EM-EVENTOS-CONGRESSOS SEQUENCIA-PRODUCAO="50"><PARTICIPANTE-DE-EVENTOS-CONGRESSOS NOME-COMPLETO-DO-PARTICIPANTE-DE-EVENTOS-CONGRESSOS="Alejandra Mireya Faúndez Cáceres" NOME-PARA-CITACAO-DO-PARTICIPANTE-DE-EVENTOS-CONGRESSOS="Alejandra Faúndez Cáceres" ORDEM-PARTICIPANTE="1" NRO-ID-CNPQ="5494620662107642"/><DADOS-BASICOS-DE-OUTRAS-PARTICIPACOES-EM-EVENTOS-CONGRESSOS NATUREZA="Outra" TITULO="Organização do Evento de Gastronomia do IBMR (2013.1)" ANO="2013" PAIS="Brasil" IDIOMA="" MEIO-DE-DIVULGACAO="NAO_INFORMADO" HOME-PAGE-DO-TRABALHO="" FLAG-RELEVANCIA="NAO" TIPO-PARTICIPACAO="Outras formas" FORMA-PARTICIPACAO="Participante" DOI="" TITULO-INGLES="" FLAG-DIVULGACAO-CIENTIFICA="SIM"/><DETALHAMENTO-DE-OUTRAS-PARTICIPACOES-EM-EVENTOS-CONGRESSOS NOME-DO-EVENTO="Semana Científica Cultural do IBMR" CODIGO-INSTITUICAO="" NOME-INSTITUICAO="" LOCAL-DO-EVENTO="" CIDADE-DO-EVENTO="Rio de Janeiro" NOME-DO-EVENTO-INGLES=""/></OUTRAS-PARTICIPACOES-EM-EVENTOS-CONGRESSOS><OUTRAS-PARTICIPACOES-EM-EVENTOS-CONGRESSOS SEQUENCIA-PRODUCAO="49"><PARTICIPANTE-DE-EVENTOS-CONGRESSOS NOME-COMPLETO-DO-PARTICIPANTE-DE-EVENTOS-CONGRESSOS="Alejandra Mireya Faúndez Cáceres" NOME-PARA-CITACAO-DO-PARTICIPANTE-DE-EVENTOS-CONGRESSOS="Alejandra Faúndez Cáceres" ORDEM-PARTICIPANTE="1" NRO-ID-CNPQ="5494620662107642"/><DADOS-BASICOS-DE-OUTRAS-PARTICIPACOES-EM-EVENTOS-CONGRESSOS NATUREZA="Outra" TITULO="Criação: Ravióli de Moela com castanha do brasil e molho de Limoncello." ANO="2013" PAIS="Brasil" IDIOMA="" MEIO-DE-DIVULGACAO="NAO_INFORMADO" HOME-PAGE-DO-TRABALHO="http://prazeresdamesa.uol.com.br/exibirMateria/6645/mesa-ao-vivo-rio-chef-alejandra-faundez-da-af-gastronomia-prepara-ravioli-de-acafrao-recheado-de-moela" FLAG-RELEVANCIA="NAO" TIPO-PARTICIPACAO="Outras Formas" FORMA-PARTICIPACAO="Participante" DOI="" TITULO-INGLES="" FLAG-DIVULGACAO-CIENTIFICA="NAO"/><DETALHAMENTO-DE-OUTRAS-PARTICIPACOES-EM-EVENTOS-CONGRESSOS NOME-DO-EVENTO="PRAZERES DA MESA | MESA AO VIVO RIO (Julho de 2013)" CODIGO-INSTITUICAO="" NOME-INSTITUICAO="" LOCAL-DO-EVENTO="" CIDADE-DO-EVENTO="Rio de Janeiro" NOME-DO-EVENTO-INGLES=""/></OUTRAS-PARTICIPACOES-EM-EVENTOS-CONGRESSOS><OUTRAS-PARTICIPACOES-EM-EVENTOS-CONGRESSOS SEQUENCIA-PRODUCAO="51"><PARTICIPANTE-DE-EVENTOS-CONGRESSOS NOME-COMPLETO-DO-PARTICIPANTE-DE-EVENTOS-CONGRESSOS="Alejandra Mireya Faúndez Cáceres" NOME-PARA-CITACAO-DO-PARTICIPANTE-DE-EVENTOS-CONGRESSOS="Alejandra Faúndez Cáceres" ORDEM-PARTICIPANTE="1" NRO-ID-CNPQ="5494620662107642"/><DADOS-BASICOS-DE-OUTRAS-PARTICIPACOES-EM-EVENTOS-CONGRESSOS NATUREZA="Outra" TITULO="Organização do Evento de Gastronomia do IBMR (2012.2)" ANO="2012" PAIS="Brasil" IDIOMA="" MEIO-DE-DIVULGACAO="NAO_INFORMADO" HOME-PAGE-DO-TRABALHO="" FLAG-RELEVANCIA="NAO" TIPO-PARTICIPACAO="Outras Formas" FORMA-PARTICIPACAO="Participante" DOI="" TITULO-INGLES="" FLAG-DIVULGACAO-CIENTIFICA="NAO"/><DETALHAMENTO-DE-OUTRAS-PARTICIPACOES-EM-EVENTOS-CONGRESSOS NOME-DO-EVENTO="Semana Científica Cultural do IBMR" CODIGO-INSTITUICAO="" NOME-INSTITUICAO="" LOCAL-DO-EVENTO="" CIDADE-DO-EVENTO="Rio de Janeiro" NOME-DO-EVENTO-INGLES=""/></OUTRAS-PARTICIPACOES-EM-EVENTOS-CONGRESSOS><OUTRAS-PARTICIPACOES-EM-EVENTOS-CONGRESSOS SEQUENCIA-PRODUCAO="48"><PARTICIPANTE-DE-EVENTOS-CONGRESSOS NOME-COMPLETO-DO-PARTICIPANTE-DE-EVENTOS-CONGRESSOS="Alejandra Mireya Faúndez Cáceres" NOME-PARA-CITACAO-DO-PARTICIPANTE-DE-EVENTOS-CONGRESSOS="Alejandra Faúndez Cáceres" ORDEM-PARTICIPANTE="1" NRO-ID-CNPQ="5494620662107642"/><DADOS-BASICOS-DE-OUTRAS-PARTICIPACOES-EM-EVENTOS-CONGRESSOS NATUREZA="Outra" TITULO="WORKSHOP DE PRODUTOS &amp;quot;LA PASTINA&amp;quot;" ANO="2013" PAIS="Brasil" IDIOMA="" MEIO-DE-DIVULGACAO="NAO_INFORMADO" HOME-PAGE-DO-TRABALHO="" FLAG-RELEVANCIA="NAO" TIPO-PARTICIPACAO="Outras formas" FORMA-PARTICIPACAO="Participante" DOI="" TITULO-INGLES="" FLAG-DIVULGACAO-CIENTIFICA="NAO"/><DETALHAMENTO-DE-OUTRAS-PARTICIPACOES-EM-EVENTOS-CONGRESSOS NOME-DO-EVENTO="EXPO FOOD" CODIGO-INSTITUICAO="" NOME-INSTITUICAO="" LOCAL-DO-EVENTO="" CIDADE-DO-EVENTO="RIO DE JANEIRO" NOME-DO-EVENTO-INGLES=""/></OUTRAS-PARTICIPACOES-EM-EVENTOS-CONGRESSOS><OUTRAS-PARTICIPACOES-EM-EVENTOS-CONGRESSOS SEQUENCIA-PRODUCAO="53"><PARTICIPANTE-DE-EVENTOS-CONGRESSOS NOME-COMPLETO-DO-PARTICIPANTE-DE-EVENTOS-CONGRESSOS="Alejandra Mireya Faúndez Cáceres" NOME-PARA-CITACAO-DO-PARTICIPANTE-DE-EVENTOS-CONGRESSOS="Alejandra Faúndez Cáceres" ORDEM-PARTICIPANTE="1" NRO-ID-CNPQ="5494620662107642"/><DADOS-BASICOS-DE-OUTRAS-PARTICIPACOES-EM-EVENTOS-CONGRESSOS NATUREZA="Outra" TITULO="UMA VIAGEM PELO CHILE | UNICEUB" ANO="2014" PAIS="Brasil" IDIOMA="" MEIO-DE-DIVULGACAO="NAO_INFORMADO" HOME-PAGE-DO-TRABALHO="" FLAG-RELEVANCIA="NAO" TIPO-PARTICIPACAO="Conferencista" FORMA-PARTICIPACAO="Convidado" DOI="" TITULO-INGLES="" FLAG-DIVULGACAO-CIENTIFICA="NAO"/><DETALHAMENTO-DE-OUTRAS-PARTICIPACOES-EM-EVENTOS-CONGRESSOS NOME-DO-EVENTO="UMA VIAGEM PELO CHILE | UNICEUB" CODIGO-INSTITUICAO="" NOME-INSTITUICAO="" LOCAL-DO-EVENTO="" CIDADE-DO-EVENTO="BRASÍLIA" NOME-DO-EVENTO-INGLES=""/></OUTRAS-PARTICIPACOES-EM-EVENTOS-CONGRESSOS></PARTICIPACAO-EM-EVENTOS-CONGRESSOS><INFORMACOES-ADICIONAIS-INSTITUICOES><INFORMACAO-ADICIONAL-INSTITUICAO CODIGO-INSTITUICAO="000100000991" SIGLA-INSTITUICAO="CG" SIGLA-UF-INSTITUICAO="RJ" SIGLA-PAIS-INSTITUICAO="BRA" NOME-PAIS-INSTITUICAO="Brasil" FLAG-AGENCIA-FOMENTO="NAO" FLAG-INSTITUICAO-DE-ENSINO="NAO"/><INFORMACAO-ADICIONAL-INSTITUICAO CODIGO-INSTITUICAO="000200000993" SIGLA-INSTITUICAO="ALEMAZZI S.E.LTD" SIGLA-UF-INSTITUICAO="RJ" SIGLA-PAIS-INSTITUICAO="BRA" NOME-PAIS-INSTITUICAO="Brasil" FLAG-AGENCIA-FOMENTO="NAO" FLAG-INSTITUICAO-DE-ENSINO="NAO"/><INFORMACAO-ADICIONAL-INSTITUICAO CODIGO-INSTITUICAO="000300000995" SIGLA-INSTITUICAO="ABEC IDIIOMAS" SIGLA-UF-INSTITUICAO="RJ" SIGLA-PAIS-INSTITUICAO="BRA" NOME-PAIS-INSTITUICAO="Brasil" FLAG-AGENCIA-FOMENTO="NAO" FLAG-INSTITUICAO-DE-ENSINO="NAO"/><INFORMACAO-ADICIONAL-INSTITUICAO CODIGO-INSTITUICAO="000400000997" SIGLA-INSTITUICAO="ABEC" SIGLA-UF-INSTITUICAO="RJ" SIGLA-PAIS-INSTITUICAO="BRA" NOME-PAIS-INSTITUICAO="Brasil" FLAG-AGENCIA-FOMENTO="NAO" FLAG-INSTITUICAO-DE-ENSINO="NAO"/><INFORMACAO-ADICIONAL-INSTITUICAO CODIGO-INSTITUICAO="000500000999" SIGLA-INSTITUICAO="FEST GOURMET" SIGLA-UF-INSTITUICAO="RJ" SIGLA-PAIS-INSTITUICAO="BRA" NOME-PAIS-INSTITUICAO="Brasil" FLAG-AGENCIA-FOMENTO="NAO" FLAG-INSTITUICAO-DE-ENSINO="NAO"/><INFORMACAO-ADICIONAL-INSTITUICAO CODIGO-INSTITUICAO="000600000990" SIGLA-INSTITUICAO="AUTÔNOMA" SIGLA-UF-INSTITUICAO="RJ" SIGLA-PAIS-INSTITUICAO="BRA" NOME-PAIS-INSTITUICAO="Brasil" FLAG-AGENCIA-FOMENTO="NAO" FLAG-INSTITUICAO-DE-ENSINO="NAO"/><INFORMACAO-ADICIONAL-INSTITUICAO CODIGO-INSTITUICAO="000700000992" SIGLA-INSTITUICAO="CREPTOON" SIGLA-UF-INSTITUICAO="RJ" SIGLA-PAIS-INSTITUICAO="BRA" NOME-PAIS-INSTITUICAO="Brasil" FLAG-AGENCIA-FOMENTO="NAO" FLAG-INSTITUICAO-DE-ENSINO="NAO"/><INFORMACAO-ADICIONAL-INSTITUICAO CODIGO-INSTITUICAO="000800000994" SIGLA-INSTITUICAO="CREPTOON" SIGLA-UF-INSTITUICAO="RJ" SIGLA-PAIS-INSTITUICAO="BRA" NOME-PAIS-INSTITUICAO="Brasil" FLAG-AGENCIA-FOMENTO="NAO" FLAG-INSTITUICAO-DE-ENSINO="NAO"/><INFORMACAO-ADICIONAL-INSTITUICAO CODIGO-INSTITUICAO="000900000996" SIGLA-INSTITUICAO="AUTÕNOMA" SIGLA-UF-INSTITUICAO="RJ" SIGLA-PAIS-INSTITUICAO="BRA" NOME-PAIS-INSTITUICAO="Brasil" FLAG-AGENCIA-FOMENTO="NAO" FLAG-INSTITUICAO-DE-ENSINO="NAO"/><INFORMACAO-ADICIONAL-INSTITUICAO CODIGO-INSTITUICAO="001000000998" SIGLA-INSTITUICAO="ALEMAZZI" SIGLA-UF-INSTITUICAO="RJ" SIGLA-PAIS-INSTITUICAO="BRA" NOME-PAIS-INSTITUICAO="Brasil" FLAG-AGENCIA-FOMENTO="NAO" FLAG-INSTITUICAO-DE-ENSINO="NAO"/><INFORMACAO-ADICIONAL-INSTITUICAO CODIGO-INSTITUICAO="001100000990" SIGLA-INSTITUICAO="OCEAN PACIFIC" SIGLA-UF-INSTITUICAO="" SIGLA-PAIS-INSTITUICAO="CHL" NOME-PAIS-INSTITUICAO="Chile" FLAG-AGENCIA-FOMENTO="NAO" FLAG-INSTITUICAO-DE-ENSINO="NAO"/><INFORMACAO-ADICIONAL-INSTITUICAO CODIGO-INSTITUICAO="001200000991" SIGLA-INSTITUICAO="AQUÍ ESTÁ COCO" SIGLA-UF-INSTITUICAO="" SIGLA-PAIS-INSTITUICAO="CHL" NOME-PAIS-INSTITUICAO="Chile" FLAG-AGENCIA-FOMENTO="NAO" FLAG-INSTITUICAO-DE-ENSINO="NAO"/><INFORMACAO-ADICIONAL-INSTITUICAO CODIGO-INSTITUICAO="001300000993" SIGLA-INSTITUICAO="SENAC" SIGLA-UF-INSTITUICAO="RJ" SIGLA-PAIS-INSTITUICAO="BRA" NOME-PAIS-INSTITUICAO="Brasil" FLAG-AGENCIA-FOMENTO="NAO" FLAG-INSTITUICAO-DE-ENSINO="NAO"/><INFORMACAO-ADICIONAL-INSTITUICAO CODIGO-INSTITUICAO="001400000995" SIGLA-INSTITUICAO="GASTRONOMY LAB" SIGLA-UF-INSTITUICAO="" SIGLA-PAIS-INSTITUICAO="BRA" NOME-PAIS-INSTITUICAO="Brasil" FLAG-AGENCIA-FOMENTO="NAO" FLAG-INSTITUICAO-DE-ENSINO="NAO"/><INFORMACAO-ADICIONAL-INSTITUICAO CODIGO-INSTITUICAO="001500000997" SIGLA-INSTITUICAO="IBMR" SIGLA-UF-INSTITUICAO="" SIGLA-PAIS-INSTITUICAO="BRA" NOME-PAIS-INSTITUICAO="Brasil" FLAG-AGENCIA-FOMENTO="NAO" FLAG-INSTITUICAO-DE-ENSINO="NAO"/><INFORMACAO-ADICIONAL-INSTITUICAO CODIGO-INSTITUICAO="001600000999" SIGLA-INSTITUICAO="THAI" SIGLA-UF-INSTITUICAO="" SIGLA-PAIS-INSTITUICAO="TAI" NOME-PAIS-INSTITUICAO="Tailândia" FLAG-AGENCIA-FOMENTO="NAO" FLAG-INSTITUICAO-DE-ENSINO="NAO"/><INFORMACAO-ADICIONAL-INSTITUICAO CODIGO-INSTITUICAO="001700000990" SIGLA-INSTITUICAO="ESTÁCIO DE SÁ" SIGLA-UF-INSTITUICAO="RJ" SIGLA-PAIS-INSTITUICAO="BRA" NOME-PAIS-INSTITUICAO="Brasil" FLAG-AGENCIA-FOMENTO="NAO" FLAG-INSTITUICAO-DE-ENSINO="NAO"/><INFORMACAO-ADICIONAL-INSTITUICAO CODIGO-INSTITUICAO="001800000992" SIGLA-INSTITUICAO="BURASARI" SIGLA-UF-INSTITUICAO="" SIGLA-PAIS-INSTITUICAO="TAI" NOME-PAIS-INSTITUICAO="Tailândia" FLAG-AGENCIA-FOMENTO="NAO" FLAG-INSTITUICAO-DE-ENSINO="NAO"/><INFORMACAO-ADICIONAL-INSTITUICAO CODIGO-INSTITUICAO="001900000994" SIGLA-INSTITUICAO="KENDALL" SIGLA-UF-INSTITUICAO="" SIGLA-PAIS-INSTITUICAO="EUA" NOME-PAIS-INSTITUICAO="Estados Unidos" FLAG-AGENCIA-FOMENTO="NAO" FLAG-INSTITUICAO-DE-ENSINO="NAO"/><INFORMACAO-ADICIONAL-INSTITUICAO CODIGO-INSTITUICAO="011100000008" SIGLA-INSTITUICAO="PUC-Rio" SIGLA-UF-INSTITUICAO="RJ" SIGLA-PAIS-INSTITUICAO="BRA" NOME-PAIS-INSTITUICAO="Brasil" FLAG-AGENCIA-FOMENTO="NAO" FLAG-INSTITUICAO-DE-ENSINO="SIM"/><INFORMACAO-ADICIONAL-INSTITUICAO CODIGO-INSTITUICAO="201900000008" SIGLA-INSTITUICAO="UNISUAM" SIGLA-UF-INSTITUICAO="RJ" SIGLA-PAIS-INSTITUICAO="BRA" NOME-PAIS-INSTITUICAO="Brasil" FLAG-AGENCIA-FOMENTO="NAO" FLAG-INSTITUICAO-DE-ENSINO="SIM"/><INFORMACAO-ADICIONAL-INSTITUICAO CODIGO-INSTITUICAO="294800000006" SIGLA-INSTITUICAO="UNESA" SIGLA-UF-INSTITUICAO="RJ" SIGLA-PAIS-INSTITUICAO="BRA" NOME-PAIS-INSTITUICAO="Brasil" FLAG-AGENCIA-FOMENTO="NAO" FLAG-INSTITUICAO-DE-ENSINO="SIM"/><INFORMACAO-ADICIONAL-INSTITUICAO CODIGO-INSTITUICAO="985600222817" SIGLA-INSTITUICAO="IC" SIGLA-UF-INSTITUICAO="RJ" SIGLA-PAIS-INSTITUICAO="BRA" NOME-PAIS-INSTITUICAO="Brasil" FLAG-AGENCIA-FOMENTO="NAO" FLAG-INSTITUICAO-DE-ENSINO="NAO"/><INFORMACAO-ADICIONAL-INSTITUICAO CODIGO-INSTITUICAO="IW2D00000008" SIGLA-INSTITUICAO="Faculdade CCAA" SIGLA-UF-INSTITUICAO="RJ" SIGLA-PAIS-INSTITUICAO="BRA" NOME-PAIS-INSTITUICAO="Brasil" FLAG-AGENCIA-FOMENTO="NAO" FLAG-INSTITUICAO-DE-ENSINO="SIM"/><INFORMACAO-ADICIONAL-INSTITUICAO CODIGO-INSTITUICAO="JIDW00000004" SIGLA-INSTITUICAO="KIC" SIGLA-UF-INSTITUICAO="" SIGLA-PAIS-INSTITUICAO="EUA" NOME-PAIS-INSTITUICAO="Estados Unidos" FLAG-AGENCIA-FOMENTO="NAO" FLAG-INSTITUICAO-DE-ENSINO="NAO"/></INFORMACOES-ADICIONAIS-INSTITUICOES><INFORMACOES-ADICIONAIS-CURSOS><INFORMACAO-ADICIONAL-CURSO CODIGO-CURSO="90000000" CODIGO-ORGAO="" NOME-ORGAO="" CODIGO-INSTITUICAO="294800000006" NOME-INSTITUICAO="Universidade Estácio de Sá" NOME-GRANDE-AREA-DO-CONHECIMENTO="OUTROS" NOME-DA-AREA-DO-CONHECIMENTO="Multidisciplinar" NOME-DA-SUB-AREA-DO-CONHECIMENTO="" NOME-DA-ESPECIALIDADE="" NIVEL-CURSO="GRADUACAO"/><INFORMACAO-ADICIONAL-CURSO CODIGO-CURSO="90000001" CODIGO-ORGAO="" NOME-ORGAO="" CODIGO-INSTITUICAO="985600222817" NOME-INSTITUICAO="Instituto Cervantes" NOME-GRANDE-AREA-DO-CONHECIMENTO="CIENCIAS_HUMANAS" NOME-DA-AREA-DO-CONHECIMENTO="Educação" NOME-DA-SUB-AREA-DO-CONHECIMENTO="Planejamento e Avaliação Educacional" NOME-DA-ESPECIALIDADE="" NIVEL-CURSO="CURSO_DE_CURTA_DURACAO"/><INFORMACAO-ADICIONAL-CURSO CODIGO-CURSO="90000002" CODIGO-ORGAO="" NOME-ORGAO="" CODIGO-INSTITUICAO="985600222817" NOME-INSTITUICAO="Instituto Cervantes" NOME-GRANDE-AREA-DO-CONHECIMENTO="CIENCIAS_HUMANAS" NOME-DA-AREA-DO-CONHECIMENTO="Educação" NOME-DA-SUB-AREA-DO-CONHECIMENTO="Planejamento e Avaliação Educacional" NOME-DA-ESPECIALIDADE="" NIVEL-CURSO="CURSO_DE_CURTA_DURACAO"/><INFORMACAO-ADICIONAL-CURSO CODIGO-CURSO="90000003" CODIGO-ORGAO="" NOME-ORGAO="" CODIGO-INSTITUICAO="294800000006" NOME-INSTITUICAO="Universidade Estácio de Sá" NOME-GRANDE-AREA-DO-CONHECIMENTO="OUTROS" NOME-DA-AREA-DO-CONHECIMENTO="Multidisciplinar" NOME-DA-SUB-AREA-DO-CONHECIMENTO="" NOME-DA-ESPECIALIDADE="" NIVEL-CURSO="OT"/><INFORMACAO-ADICIONAL-CURSO CODIGO-CURSO="90000004" CODIGO-ORGAO="" NOME-ORGAO="" CODIGO-INSTITUICAO="294800000006" NOME-INSTITUICAO="Universidade Estácio de Sá" NOME-GRANDE-AREA-DO-CONHECIMENTO="OUTROS" NOME-DA-AREA-DO-CONHECIMENTO="Multidisciplinar" NOME-DA-SUB-AREA-DO-CONHECIMENTO="" NOME-DA-ESPECIALIDADE="" NIVEL-CURSO="OT"/><INFORMACAO-ADICIONAL-CURSO CODIGO-CURSO="90000005" CODIGO-ORGAO="" NOME-ORGAO="" CODIGO-INSTITUICAO="000100000991" NOME-INSTITUICAO="Curso com Viviane Barros e Sebastião Vieira" NOME-GRANDE-AREA-DO-CONHECIMENTO="OUTROS" NOME-DA-AREA-DO-CONHECIMENTO="Multidisciplinar" NOME-DA-SUB-AREA-DO-CONHECIMENTO="" NOME-DA-ESPECIALIDADE="" NIVEL-CURSO="CURSO_DE_CURTA_DURACAO"/><INFORMACAO-ADICIONAL-CURSO CODIGO-CURSO="90000006" CODIGO-ORGAO="" NOME-ORGAO="" CODIGO-INSTITUICAO="201900000008" NOME-INSTITUICAO="Centro Universitário Augusto Motta" NOME-GRANDE-AREA-DO-CONHECIMENTO="CIENCIAS_HUMANAS" NOME-DA-AREA-DO-CONHECIMENTO="Educação" NOME-DA-SUB-AREA-DO-CONHECIMENTO="" NOME-DA-ESPECIALIDADE="" NIVEL-CURSO="APERFEICOAMENTO"/><INFORMACAO-ADICIONAL-CURSO CODIGO-CURSO="90000007" CODIGO-ORGAO="" NOME-ORGAO="" CODIGO-INSTITUICAO="201900000008" NOME-INSTITUICAO="Centro Universitário Augusto Motta" NOME-GRANDE-AREA-DO-CONHECIMENTO="CIENCIAS_HUMANAS" NOME-DA-AREA-DO-CONHECIMENTO="Educação" NOME-DA-SUB-AREA-DO-CONHECIMENTO="" NOME-DA-ESPECIALIDADE="" NIVEL-CURSO="APERFEICOAMENTO"/><INFORMACAO-ADICIONAL-CURSO CODIGO-CURSO="90000008" CODIGO-ORGAO="" NOME-ORGAO="" CODIGO-INSTITUICAO="201900000008" NOME-INSTITUICAO="Centro Universitário Augusto Motta" NOME-GRANDE-AREA-DO-CONHECIMENTO="CIENCIAS_DA_SAUDE" NOME-DA-AREA-DO-CONHECIMENTO="Nutrição" NOME-DA-SUB-AREA-DO-CONHECIMENTO="" NOME-DA-ESPECIALIDADE="" NIVEL-CURSO="GRADUACAO"/><INFORMACAO-ADICIONAL-CURSO CODIGO-CURSO="90000009" CODIGO-ORGAO="" NOME-ORGAO="" CODIGO-INSTITUICAO="201900000008" NOME-INSTITUICAO="Centro Universitário Augusto Motta" NOME-GRANDE-AREA-DO-CONHECIMENTO="CIENCIAS_HUMANAS" NOME-DA-AREA-DO-CONHECIMENTO="Educação" NOME-DA-SUB-AREA-DO-CONHECIMENTO="" NOME-DA-ESPECIALIDADE="" NIVEL-CURSO="OT"/><INFORMACAO-ADICIONAL-CURSO CODIGO-CURSO="90000010" CODIGO-ORGAO="" NOME-ORGAO="" CODIGO-INSTITUICAO="201900000008" NOME-INSTITUICAO="Centro Universitário Augusto Motta" NOME-GRANDE-AREA-DO-CONHECIMENTO="CIENCIAS_HUMANAS" NOME-DA-AREA-DO-CONHECIMENTO="Educação" NOME-DA-SUB-AREA-DO-CONHECIMENTO="" NOME-DA-ESPECIALIDADE="" NIVEL-CURSO="OT"/><INFORMACAO-ADICIONAL-CURSO CODIGO-CURSO="90000011" CODIGO-ORGAO="" NOME-ORGAO="" CODIGO-INSTITUICAO="011100000008" NOME-INSTITUICAO="Pontifícia Universidade Católica do Rio de Janeiro" NOME-GRANDE-AREA-DO-CONHECIMENTO="CIENCIAS_HUMANAS" NOME-DA-AREA-DO-CONHECIMENTO="História" NOME-DA-SUB-AREA-DO-CONHECIMENTO="" NOME-DA-ESPECIALIDADE="" NIVEL-CURSO="EXTENSAO_UNIVERSITARIA"/><INFORMACAO-ADICIONAL-CURSO CODIGO-CURSO="90000012" CODIGO-ORGAO="" NOME-ORGAO="" CODIGO-INSTITUICAO="001400000995" NOME-INSTITUICAO="Gastronomy Lab" NOME-GRANDE-AREA-DO-CONHECIMENTO="CIENCIAS_DA_SAUDE" NOME-DA-AREA-DO-CONHECIMENTO="Nutrição" NOME-DA-SUB-AREA-DO-CONHECIMENTO="" NOME-DA-ESPECIALIDADE="" NIVEL-CURSO="CURSO_DE_CURTA_DURACAO"/><INFORMACAO-ADICIONAL-CURSO CODIGO-CURSO="90000013" CODIGO-ORGAO="" NOME-ORGAO="" CODIGO-INSTITUICAO="001600000999" NOME-INSTITUICAO="HOTEL THAI" NOME-GRANDE-AREA-DO-CONHECIMENTO="CIENCIAS_DA_SAUDE" NOME-DA-AREA-DO-CONHECIMENTO="Nutrição" NOME-DA-SUB-AREA-DO-CONHECIMENTO="GASTRONOMIA" NOME-DA-ESPECIALIDADE="" NIVEL-CURSO="CURSO_DE_CURTA_DURACAO"/><INFORMACAO-ADICIONAL-CURSO CODIGO-CURSO="90000014" CODIGO-ORGAO="" NOME-ORGAO="" CODIGO-INSTITUICAO="001800000992" NOME-INSTITUICAO="BURASARI" NOME-GRANDE-AREA-DO-CONHECIMENTO="CIENCIAS_DA_SAUDE" NOME-DA-AREA-DO-CONHECIMENTO="Multidisciplinar" NOME-DA-SUB-AREA-DO-CONHECIMENTO="GASTRONOMIA" NOME-DA-ESPECIALIDADE="" NIVEL-CURSO="CURSO_DE_CURTA_DURACAO"/><INFORMACAO-ADICIONAL-CURSO CODIGO-CURSO="90000015" CODIGO-ORGAO="" NOME-ORGAO="" CODIGO-INSTITUICAO="JIDW00000004" NOME-INSTITUICAO="Kaplan International Colleges" NOME-GRANDE-AREA-DO-CONHECIMENTO="OUTROS" NOME-DA-AREA-DO-CONHECIMENTO="Multidisciplinar" NOME-DA-SUB-AREA-DO-CONHECIMENTO="" NOME-DA-ESPECIALIDADE="" NIVEL-CURSO="CURSO_DE_CURTA_DURACAO"/><INFORMACAO-ADICIONAL-CURSO CODIGO-CURSO="90000016" CODIGO-ORGAO="" NOME-ORGAO="" CODIGO-INSTITUICAO="JIDW00000004" NOME-INSTITUICAO="Kaplan International Colleges" NOME-GRANDE-AREA-DO-CONHECIMENTO="OUTROS" NOME-DA-AREA-DO-CONHECIMENTO="Multidisciplinar" NOME-DA-SUB-AREA-DO-CONHECIMENTO="" NOME-DA-ESPECIALIDADE="" NIVEL-CURSO="OT"/><INFORMACAO-ADICIONAL-CURSO CODIGO-CURSO="90000017" CODIGO-ORGAO="" NOME-ORGAO="" CODIGO-INSTITUICAO="001900000994" NOME-INSTITUICAO="KENDALL | School of Culinary Arts" NOME-GRANDE-AREA-DO-CONHECIMENTO="OUTROS" NOME-DA-AREA-DO-CONHECIMENTO="Multidisciplinar" NOME-DA-SUB-AREA-DO-CONHECIMENTO="" NOME-DA-ESPECIALIDADE="" NIVEL-CURSO="CURSO_DE_CURTA_DURACAO"/></INFORMACOES-ADICIONAIS-CURSOS></DADOS-COMPLEMENTARES><eventos/></CURRICULO-VITAE>