<CURRICULO-VITAE SISTEMA-ORIGEM-XML="LATTES_OFFLINE" NUMERO-IDENTIFICADOR="2849734134066469" FORMATO-DATA-ATUALIZACAO="DDMMAAAA" DATA-ATUALIZACAO="30032017" FORMATO-HORA-ATUALIZACAO="HHMMSS" HORA-ATUALIZACAO="164011"><DADOS-GERAIS NOME-COMPLETO="Silvio Eutimio de Barros" NOME-EM-CITACOES-BIBLIOGRAFICAS="BARROS, S. E." NACIONALIDADE="B" PAIS-DE-NASCIMENTO="Brasil" FORMATO-DATA-DE-NASCIMENTO="DDMMAAAA" FORMATO-DATA-DE-EMISSAO="DDMMAAAA" PERMISSAO-DE-DIVULGACAO="NAO" DATA-FALECIMENTO="" SIGLA-PAIS-NACIONALIDADE="BRA" PAIS-DE-NACIONALIDADE="Brasil"><RESUMO-CV TEXTO-RESUMO-CV-RH="Possui graduação em INFORMÁTICA;  Pós-Graduado em Docencia Superior;  Certificado em Gerenciamento de Projeto PRINCE2 Foundation pela APM Group; Certificado em Gerenciamento de Serviços de Tecnologia da Informação (ITSM) - ITIL V3 pela OGC (Office for Government Commerce); Atualmente é Professor Auxiliar do Centro Universitário Augusto Motta, lecionando na área de Engenharia de Software com as disciplinas Analise de requisitos, Projeto de Software, Manutenção de Software, Teste de Software, Qualidade de Software, Gestão de Projetos e Orientação de TCC.  Professor do Curso de Pós-Graduação no Curso de Gestão Eletrônica de Documentos (GED) lecionando as disciplinas de Gestão de Projetos, Gerenciamento de Processos de Negócios (BPM) e Banco de Dados em GED. Gerente de Projetos da Embratel - Empresa Brasileira de Telecomunicações.  Tem experiência na área de Desenvolvimento de Sistemas, com ênfase em Processo de Desenvolvimento de Software, Engenharia de Software e Gerencia de Projetos, participando do Projeto de integração de Sistemas entre Brasil e México e na área acadêmica, lecionando para os Cursos de Analise e Desenvolvimento de Sistema e Ciência da Computação" TEXTO-RESUMO-CV-RH-EN="bachelor's at INFORMÁTICA from Universidade Estácio de Sá (2000). Has experience in Computer Science, focusing on Computer Science, acting on the following subjects: controle, suporte e qualidade."/><ENDERECO FLAG-DE-PREFERENCIA="ENDERECO_RESIDENCIAL"><ENDERECO-PROFISSIONAL CODIGO-INSTITUICAO-EMPRESA="201900000008" NOME-INSTITUICAO-EMPRESA="Centro Universitário Augusto Motta" CODIGO-ORGAO="201901000990" NOME-ORGAO="DEPARTAMENTO DE CIÊNCIAS EXATAS E TECNOLÓGICAS" CODIGO-UNIDADE="" NOME-UNIDADE="" LOGRADOURO-COMPLEMENTO="Avenida Paris, número 70," PAIS="Brasil" UF="RJ" CEP="20071-002" CIDADE="Rio de Janeiro" BAIRRO="Bonsucesso" DDD="21" TELEFONE="38847270" RAMAL="" FAX="" E-MAIL="silvioeutimio@gmail.com" HOME-PAGE="www.suam.edu.br"/></ENDERECO><FORMACAO-ACADEMICA-TITULACAO><GRADUACAO SEQUENCIA-FORMACAO="1" NIVEL="1" TITULO-DO-TRABALHO-DE-CONCLUSAO-DE-CURSO="" NOME-DO-ORIENTADOR="" CODIGO-INSTITUICAO="294800000006" NOME-INSTITUICAO="Universidade Estácio de Sá" CODIGO-ORGAO="" NOME-ORGAO="" CODIGO-CURSO="90000000" NOME-CURSO="INFORMÁTICA" CODIGO-AREA-CURSO="90000000" STATUS-DO-CURSO="CONCLUIDO" ANO-DE-INICIO="1996" ANO-DE-CONCLUSAO="2000" FLAG-BOLSA="NAO" CODIGO-AGENCIA-FINANCIADORA="" NOME-AGENCIA="" NUMERO-ID-ORIENTADOR="" CODIGO-CURSO-CAPES="" TITULO-DO-TRABALHO-DE-CONCLUSAO-DE-CURSO-INGLES="" NOME-CURSO-INGLES="" FORMACAO-ACADEMICA-TITULACAO="" TIPO-GRADUACAO="" CODIGO-INSTITUICAO-GRAD="" NOME-INSTITUICAO-GRAD="" CODIGO-INSTITUICAO-OUTRA-GRAD="" NOME-INSTITUICAO-OUTRA-GRAD="" NOME-ORIENTADOR-GRAD=""/><ESPECIALIZACAO SEQUENCIA-FORMACAO="2" NIVEL="2" TITULO-DA-MONOGRAFIA="" NOME-DO-ORIENTADOR="" CODIGO-INSTITUICAO="507300000005" NOME-INSTITUICAO="Instituto Superior de Estudos Pedagogicos" CODIGO-ORGAO="" NOME-ORGAO="" CODIGO-CURSO="90000001" NOME-CURSO="DOCÊNCIA SUPERIOR" STATUS-DO-CURSO="CONCLUIDO" ANO-DE-INICIO="2001" ANO-DE-CONCLUSAO="2001" FLAG-BOLSA="NAO" CODIGO-AGENCIA-FINANCIADORA="" NOME-AGENCIA="" CARGA-HORARIA="450" TITULO-DA-MONOGRAFIA-INGLES="" NOME-CURSO-INGLES=""/></FORMACAO-ACADEMICA-TITULACAO><ATUACOES-PROFISSIONAIS><ATUACAO-PROFISSIONAL CODIGO-INSTITUICAO="201900000008" NOME-INSTITUICAO="Centro Universitário Augusto Motta" SEQUENCIA-ATIVIDADE="1" SEQUENCIA-IMPORTANCIA="1"><VINCULOS SEQUENCIA-HISTORICO="1" TIPO-DE-VINCULO="LIVRE" ENQUADRAMENTO-FUNCIONAL="LIVRE" CARGA-HORARIA-SEMANAL="17" FLAG-DEDICACAO-EXCLUSIVA="NAO" MES-INICIO="11" ANO-INICIO="2002" MES-FIM="" ANO-FIM="" OUTRAS-INFORMACOES="" FLAG-VINCULO-EMPREGATICIO="NAO" OUTRO-VINCULO-INFORMADO="" OUTRO-ENQUADRAMENTO-FUNCIONAL-INFORMADO="Professor Auxiliar" OUTRO-ENQUADRAMENTO-FUNCIONAL-INFORMADO-INGLES="" OUTRAS-INFORMACOES-INGLES=""/><ATIVIDADES-DE-ENSINO><ENSINO SEQUENCIA-FUNCAO-ATIVIDADE="2" FLAG-PERIODO="ANTERIOR" TIPO-ENSINO="GRADUACAO" MES-INICIO="02" ANO-INICIO="2003" MES-FIM="07" ANO-FIM="2003" CODIGO-ORGAO="" NOME-ORGAO="" CODIGO-CURSO="90000004" NOME-CURSO="DESENVOLVIMENTO DE SOFTWARE - POLITÉCNICO" NOME-CURSO-INGLES=""><DISCIPLINA SEQUENCIA-ESPECIFICACAO="1">INTRODUÇÃO AO SISTEMAS OPERACIONAIS</DISCIPLINA><DISCIPLINA SEQUENCIA-ESPECIFICACAO="2">INTRODUÇÃO AOS BANCOS DE DADOS</DISCIPLINA></ENSINO><ENSINO SEQUENCIA-FUNCAO-ATIVIDADE="3" FLAG-PERIODO="ANTERIOR" TIPO-ENSINO="GRADUACAO" MES-INICIO="02" ANO-INICIO="2003" MES-FIM="07" ANO-FIM="2003" CODIGO-ORGAO="" NOME-ORGAO="" CODIGO-CURSO="90000003" NOME-CURSO="CIÊNCIA DA COMPUTAÇÃO" NOME-CURSO-INGLES=""><DISCIPLINA SEQUENCIA-ESPECIFICACAO="1">INTRODUÇÃO À INFORMÁTICA</DISCIPLINA><DISCIPLINA SEQUENCIA-ESPECIFICACAO="2">LINGUAGEM E TÉCNICA DE PROGRAMAÇÃO</DISCIPLINA><DISCIPLINA SEQUENCIA-ESPECIFICACAO="3">LÓGICA I</DISCIPLINA></ENSINO><ENSINO SEQUENCIA-FUNCAO-ATIVIDADE="4" FLAG-PERIODO="ANTERIOR" TIPO-ENSINO="GRADUACAO" MES-INICIO="08" ANO-INICIO="2003" MES-FIM="12" ANO-FIM="2003" CODIGO-ORGAO="" NOME-ORGAO="" CODIGO-CURSO="90000004" NOME-CURSO="DESENVOLVIMENTO DE SOFTWARE - POLITÉCNICO" NOME-CURSO-INGLES=""><DISCIPLINA SEQUENCIA-ESPECIFICACAO="1">SISTEMAS OPERACIONAIS</DISCIPLINA></ENSINO><ENSINO SEQUENCIA-FUNCAO-ATIVIDADE="5" FLAG-PERIODO="ANTERIOR" TIPO-ENSINO="GRADUACAO" MES-INICIO="08" ANO-INICIO="2003" MES-FIM="12" ANO-FIM="2003" CODIGO-ORGAO="" NOME-ORGAO="" CODIGO-CURSO="90000003" NOME-CURSO="CIÊNCIA DA COMPUTAÇÃO" NOME-CURSO-INGLES=""><DISCIPLINA SEQUENCIA-ESPECIFICACAO="1">ARQUITETURA E ORGANIZAÇÕES DE COMPUTADORES</DISCIPLINA><DISCIPLINA SEQUENCIA-ESPECIFICACAO="2">INTRODUÇÃO À INFORMÁTICA</DISCIPLINA><DISCIPLINA SEQUENCIA-ESPECIFICACAO="3">LINGUAGEM E TÉCNICA DE PROGRAMAÇÃO I</DISCIPLINA><DISCIPLINA SEQUENCIA-ESPECIFICACAO="4">LÓGICA I</DISCIPLINA><DISCIPLINA SEQUENCIA-ESPECIFICACAO="5">TÓPICOS EM ANÁLISE DE SISTEMAS</DISCIPLINA></ENSINO><ENSINO SEQUENCIA-FUNCAO-ATIVIDADE="6" FLAG-PERIODO="ANTERIOR" TIPO-ENSINO="GRADUACAO" MES-INICIO="02" ANO-INICIO="2004" MES-FIM="07" ANO-FIM="2004" CODIGO-ORGAO="" NOME-ORGAO="" CODIGO-CURSO="90000003" NOME-CURSO="CIÊNCIA DA COMPUTAÇÃO" NOME-CURSO-INGLES=""><DISCIPLINA SEQUENCIA-ESPECIFICACAO="1">TÓPICOS EM ANÁLISE DE SISTEMAS</DISCIPLINA><DISCIPLINA SEQUENCIA-ESPECIFICACAO="2">ARQUITETURA E ORGANIZAÇÕES DE COMPUTADORES</DISCIPLINA><DISCIPLINA SEQUENCIA-ESPECIFICACAO="3">INTRODUÇÃO À INFORMÁTICA</DISCIPLINA><DISCIPLINA SEQUENCIA-ESPECIFICACAO="4">LINGUAGEM E TÉCNICA DE PROGRAMAÇÃO I</DISCIPLINA></ENSINO><ENSINO SEQUENCIA-FUNCAO-ATIVIDADE="7" FLAG-PERIODO="ANTERIOR" TIPO-ENSINO="GRADUACAO" MES-INICIO="02" ANO-INICIO="2004" MES-FIM="07" ANO-FIM="2004" CODIGO-ORGAO="" NOME-ORGAO="" CODIGO-CURSO="90000004" NOME-CURSO="DESENVOLVIMENTO DE SOFTWARE - POLITÉCNICO" NOME-CURSO-INGLES=""><DISCIPLINA SEQUENCIA-ESPECIFICACAO="1">INTRODUÇÃO AOS SISTEMAS OPERACIONAIS</DISCIPLINA><DISCIPLINA SEQUENCIA-ESPECIFICACAO="2">SISTEMAS OPERACIONAIS I</DISCIPLINA></ENSINO><ENSINO SEQUENCIA-FUNCAO-ATIVIDADE="8" FLAG-PERIODO="ANTERIOR" TIPO-ENSINO="GRADUACAO" MES-INICIO="08" ANO-INICIO="2004" MES-FIM="12" ANO-FIM="2004" CODIGO-ORGAO="" NOME-ORGAO="" CODIGO-CURSO="90000003" NOME-CURSO="CIÊNCIA DA COMPUTAÇÃO" NOME-CURSO-INGLES=""><DISCIPLINA SEQUENCIA-ESPECIFICACAO="1">INTRODUÇÃO À INFORMÁTICA</DISCIPLINA><DISCIPLINA SEQUENCIA-ESPECIFICACAO="2">TÓPICOS EM ANÁLISE DE SISTEMAS</DISCIPLINA></ENSINO><ENSINO SEQUENCIA-FUNCAO-ATIVIDADE="9" FLAG-PERIODO="ANTERIOR" TIPO-ENSINO="GRADUACAO" MES-INICIO="08" ANO-INICIO="2004" MES-FIM="12" ANO-FIM="2004" CODIGO-ORGAO="" NOME-ORGAO="" CODIGO-CURSO="90000005" NOME-CURSO="SUPERIOR DE TECNOLOGIA" NOME-CURSO-INGLES=""><DISCIPLINA SEQUENCIA-ESPECIFICACAO="1">TÉCNICA DE PROGRAMAÇÃO I</DISCIPLINA><DISCIPLINA SEQUENCIA-ESPECIFICACAO="2">INTRODUÇÃO À INFORMÁTICA</DISCIPLINA></ENSINO><ENSINO SEQUENCIA-FUNCAO-ATIVIDADE="10" FLAG-PERIODO="ANTERIOR" TIPO-ENSINO="GRADUACAO" MES-INICIO="08" ANO-INICIO="2004" MES-FIM="12" ANO-FIM="2004" CODIGO-ORGAO="" NOME-ORGAO="" CODIGO-CURSO="90000004" NOME-CURSO="DESENVOLVIMENTO DE SOFTWARE - POLITÉCNICO" NOME-CURSO-INGLES=""><DISCIPLINA SEQUENCIA-ESPECIFICACAO="1">LINGUAGEM E TÉCNICA DE PROGRAMÇÃO I</DISCIPLINA><DISCIPLINA SEQUENCIA-ESPECIFICACAO="2">INTRODUÇÃO AOS SISTEMAS OPERACIONAIS</DISCIPLINA></ENSINO><ENSINO SEQUENCIA-FUNCAO-ATIVIDADE="11" FLAG-PERIODO="ANTERIOR" TIPO-ENSINO="GRADUACAO" MES-INICIO="02" ANO-INICIO="2005" MES-FIM="07" ANO-FIM="2005" CODIGO-ORGAO="" NOME-ORGAO="" CODIGO-CURSO="90000003" NOME-CURSO="CIÊNCIA DA COMPUTAÇÃO" NOME-CURSO-INGLES=""><DISCIPLINA SEQUENCIA-ESPECIFICACAO="1">LOGICA I</DISCIPLINA><DISCIPLINA SEQUENCIA-ESPECIFICACAO="2">TÓPICOS EM ANÁLISE DE SISTEMAS</DISCIPLINA></ENSINO><ENSINO SEQUENCIA-FUNCAO-ATIVIDADE="12" FLAG-PERIODO="ANTERIOR" TIPO-ENSINO="GRADUACAO" MES-INICIO="02" ANO-INICIO="2005" MES-FIM="04" ANO-FIM="2005" CODIGO-ORGAO="" NOME-ORGAO="" CODIGO-CURSO="90000005" NOME-CURSO="SUPERIOR DE TECNOLOGIA" NOME-CURSO-INGLES=""><DISCIPLINA SEQUENCIA-ESPECIFICACAO="1">ENGENHARIA DE SOFTWARE</DISCIPLINA></ENSINO><ENSINO SEQUENCIA-FUNCAO-ATIVIDADE="13" FLAG-PERIODO="ANTERIOR" TIPO-ENSINO="GRADUACAO" MES-INICIO="02" ANO-INICIO="2005" MES-FIM="07" ANO-FIM="2005" CODIGO-ORGAO="" NOME-ORGAO="" CODIGO-CURSO="90000004" NOME-CURSO="DESENVOLVIMENTO DE SOFTWARE - POLITÉCNICO" NOME-CURSO-INGLES=""><DISCIPLINA SEQUENCIA-ESPECIFICACAO="1">SISTEMAS OPERACIONAIS II</DISCIPLINA><DISCIPLINA SEQUENCIA-ESPECIFICACAO="2">SISTEMAS OPERACIONAIS I</DISCIPLINA></ENSINO><ENSINO SEQUENCIA-FUNCAO-ATIVIDADE="14" FLAG-PERIODO="ANTERIOR" TIPO-ENSINO="GRADUACAO" MES-INICIO="08" ANO-INICIO="2005" MES-FIM="12" ANO-FIM="2005" CODIGO-ORGAO="" NOME-ORGAO="" CODIGO-CURSO="90000003" NOME-CURSO="CIÊNCIA DA COMPUTAÇÃO" NOME-CURSO-INGLES=""><DISCIPLINA SEQUENCIA-ESPECIFICACAO="1">ENGENHARIA DE SOFTWARE II</DISCIPLINA><DISCIPLINA SEQUENCIA-ESPECIFICACAO="2">TÓPICOS EM ANÁLISE DE SISTEMAS</DISCIPLINA></ENSINO><ENSINO SEQUENCIA-FUNCAO-ATIVIDADE="15" FLAG-PERIODO="ANTERIOR" TIPO-ENSINO="GRADUACAO" MES-INICIO="08" ANO-INICIO="2005" MES-FIM="12" ANO-FIM="2005" CODIGO-ORGAO="" NOME-ORGAO="" CODIGO-CURSO="90000004" NOME-CURSO="DESENVOLVIMENTO DE SOFTWARE - POLITÉCNICO" NOME-CURSO-INGLES=""><DISCIPLINA SEQUENCIA-ESPECIFICACAO="1">INFORMÁTICA APLICADA II</DISCIPLINA><DISCIPLINA SEQUENCIA-ESPECIFICACAO="2">TÓPICOS EM DESENVOLVIMENTO DE SOFTWARE</DISCIPLINA><DISCIPLINA SEQUENCIA-ESPECIFICACAO="3">TÓPICOS EM COMPUTAÇÃO</DISCIPLINA><DISCIPLINA SEQUENCIA-ESPECIFICACAO="4">LABORATÓRIO DE SOFTWARES II</DISCIPLINA></ENSINO><ENSINO SEQUENCIA-FUNCAO-ATIVIDADE="17" FLAG-PERIODO="ATUAL" TIPO-ENSINO="GRADUACAO" MES-INICIO="02" ANO-INICIO="2012" MES-FIM="" ANO-FIM="" CODIGO-ORGAO="" NOME-ORGAO="" CODIGO-CURSO="90000005" NOME-CURSO="SUPERIOR DE TECNOLOGIA" NOME-CURSO-INGLES=""><DISCIPLINA SEQUENCIA-ESPECIFICACAO="1">Qualidade de Software</DISCIPLINA></ENSINO><ENSINO SEQUENCIA-FUNCAO-ATIVIDADE="18" FLAG-PERIODO="ATUAL" TIPO-ENSINO="GRADUACAO" MES-INICIO="08" ANO-INICIO="2012" MES-FIM="" ANO-FIM="" CODIGO-ORGAO="" NOME-ORGAO="" CODIGO-CURSO="90000005" NOME-CURSO="SUPERIOR DE TECNOLOGIA" NOME-CURSO-INGLES=""><DISCIPLINA SEQUENCIA-ESPECIFICACAO="1">Projeto de Software</DISCIPLINA></ENSINO><ENSINO SEQUENCIA-FUNCAO-ATIVIDADE="19" FLAG-PERIODO="ATUAL" TIPO-ENSINO="GRADUACAO" MES-INICIO="02" ANO-INICIO="2012" MES-FIM="" ANO-FIM="" CODIGO-ORGAO="" NOME-ORGAO="" CODIGO-CURSO="90000005" NOME-CURSO="SUPERIOR DE TECNOLOGIA" NOME-CURSO-INGLES=""><DISCIPLINA SEQUENCIA-ESPECIFICACAO="1">Teste de Software</DISCIPLINA></ENSINO><ENSINO SEQUENCIA-FUNCAO-ATIVIDADE="20" FLAG-PERIODO="ANTERIOR" TIPO-ENSINO="GRADUACAO" MES-INICIO="02" ANO-INICIO="2007" MES-FIM="12" ANO-FIM="2011" CODIGO-ORGAO="" NOME-ORGAO="" CODIGO-CURSO="90000003" NOME-CURSO="CIÊNCIA DA COMPUTAÇÃO" NOME-CURSO-INGLES=""><DISCIPLINA SEQUENCIA-ESPECIFICACAO="1">Gerenciamento de Projetos</DISCIPLINA></ENSINO><ENSINO SEQUENCIA-FUNCAO-ATIVIDADE="21" FLAG-PERIODO="ATUAL" TIPO-ENSINO="POS-GRADUACAO" MES-INICIO="08" ANO-INICIO="2010" MES-FIM="" ANO-FIM="" CODIGO-ORGAO="" NOME-ORGAO="" CODIGO-CURSO="90000017" NOME-CURSO="Gestão Eletronica de Documentos - GED" NOME-CURSO-INGLES=""><DISCIPLINA SEQUENCIA-ESPECIFICACAO="1">Gerenciamento de Projetos</DISCIPLINA></ENSINO><ENSINO SEQUENCIA-FUNCAO-ATIVIDADE="22" FLAG-PERIODO="ATUAL" TIPO-ENSINO="POS-GRADUACAO" MES-INICIO="01" ANO-INICIO="2014" MES-FIM="" ANO-FIM="" CODIGO-ORGAO="" NOME-ORGAO="" CODIGO-CURSO="90000017" NOME-CURSO="Gestão Eletronica de Documentos - GED" NOME-CURSO-INGLES=""><DISCIPLINA SEQUENCIA-ESPECIFICACAO="1">Banco de Dados</DISCIPLINA></ENSINO><ENSINO SEQUENCIA-FUNCAO-ATIVIDADE="23" FLAG-PERIODO="ATUAL" TIPO-ENSINO="POS-GRADUACAO" MES-INICIO="01" ANO-INICIO="2015" MES-FIM="" ANO-FIM="" CODIGO-ORGAO="" NOME-ORGAO="" CODIGO-CURSO="90000017" NOME-CURSO="Gestão Eletronica de Documentos - GED" NOME-CURSO-INGLES=""><DISCIPLINA SEQUENCIA-ESPECIFICACAO="1">Fundamentos em Gerenciamento de Processos de Negócios - BPM </DISCIPLINA></ENSINO><ENSINO SEQUENCIA-FUNCAO-ATIVIDADE="16" FLAG-PERIODO="ATUAL" TIPO-ENSINO="GRADUACAO" MES-INICIO="02" ANO-INICIO="2008" MES-FIM="" ANO-FIM="" CODIGO-ORGAO="" NOME-ORGAO="" CODIGO-CURSO="90000005" NOME-CURSO="SUPERIOR DE TECNOLOGIA" NOME-CURSO-INGLES=""><DISCIPLINA SEQUENCIA-ESPECIFICACAO="1">Analise e Projetos Orientado a Objetos</DISCIPLINA></ENSINO></ATIVIDADES-DE-ENSINO><atividadesProfissionaisPlanificadas/></ATUACAO-PROFISSIONAL><ATUACAO-PROFISSIONAL CODIGO-INSTITUICAO="985600041952" NOME-INSTITUICAO="Centro de Pesquisa e Desenvolvimento CPqD/Telebrás" SEQUENCIA-ATIVIDADE="3" SEQUENCIA-IMPORTANCIA="3"><VINCULOS SEQUENCIA-HISTORICO="1" TIPO-DE-VINCULO="LIVRE" ENQUADRAMENTO-FUNCIONAL="LIVRE" CARGA-HORARIA-SEMANAL="40" FLAG-DEDICACAO-EXCLUSIVA="NAO" MES-INICIO="07" ANO-INICIO="2000" MES-FIM="07" ANO-FIM="2001" OUTRAS-INFORMACOES="" FLAG-VINCULO-EMPREGATICIO="NAO" OUTRO-VINCULO-INFORMADO="Consultor Técnico" OUTRO-ENQUADRAMENTO-FUNCIONAL-INFORMADO="Consultor Técnico" OUTRO-ENQUADRAMENTO-FUNCIONAL-INFORMADO-INGLES="" OUTRAS-INFORMACOES-INGLES=""/><ATIVIDADES-DE-SERVICO-TECNICO-ESPECIALIZADO><SERVICO-TECNICO-ESPECIALIZADO SEQUENCIA-FUNCAO-ATIVIDADE="1" FLAG-PERIODO="ANTERIOR" MES-INICIO="04" ANO-INICIO="2000" MES-FIM="07" ANO-FIM="2001" CODIGO-ORGAO="" NOME-ORGAO="" CODIGO-UNIDADE="" NOME-UNIDADE="" SERVICO-REALIZADO="Desenvolvedor do Sistema de Informações Gerenciais - SIG"/></ATIVIDADES-DE-SERVICO-TECNICO-ESPECIALIZADO><atividadesProfissionaisPlanificadas/></ATUACAO-PROFISSIONAL><ATUACAO-PROFISSIONAL CODIGO-INSTITUICAO="000300000995" NOME-INSTITUICAO="APOIO MicroInformática Ltda" SEQUENCIA-ATIVIDADE="4" SEQUENCIA-IMPORTANCIA="5"><VINCULOS SEQUENCIA-HISTORICO="1" TIPO-DE-VINCULO="CELETISTA" ENQUADRAMENTO-FUNCIONAL="LIVRE" CARGA-HORARIA-SEMANAL="40" FLAG-DEDICACAO-EXCLUSIVA="NAO" MES-INICIO="01" ANO-INICIO="1997" MES-FIM="01" ANO-FIM="1999" OUTRAS-INFORMACOES="" FLAG-VINCULO-EMPREGATICIO="NAO" OUTRO-VINCULO-INFORMADO="" OUTRO-ENQUADRAMENTO-FUNCIONAL-INFORMADO="Analista de Sistemas Trainner" OUTRO-ENQUADRAMENTO-FUNCIONAL-INFORMADO-INGLES="" OUTRAS-INFORMACOES-INGLES=""/><ATIVIDADES-DE-SERVICO-TECNICO-ESPECIALIZADO><SERVICO-TECNICO-ESPECIALIZADO SEQUENCIA-FUNCAO-ATIVIDADE="1" FLAG-PERIODO="ANTERIOR" MES-INICIO="01" ANO-INICIO="1997" MES-FIM="04" ANO-FIM="1999" CODIGO-ORGAO="" NOME-ORGAO="" CODIGO-UNIDADE="" NOME-UNIDADE="" SERVICO-REALIZADO="Analista de Sistemas - Desenvolvimento em plataforma Unix e Oracle."/></ATIVIDADES-DE-SERVICO-TECNICO-ESPECIALIZADO><atividadesProfissionaisPlanificadas/></ATUACAO-PROFISSIONAL><ATUACAO-PROFISSIONAL CODIGO-INSTITUICAO="I1WK00000005" NOME-INSTITUICAO="Telemar Norte Leste - MA" SEQUENCIA-ATIVIDADE="5" SEQUENCIA-IMPORTANCIA="4"><VINCULOS SEQUENCIA-HISTORICO="1" TIPO-DE-VINCULO="CELETISTA" ENQUADRAMENTO-FUNCIONAL="LIVRE" CARGA-HORARIA-SEMANAL="40" FLAG-DEDICACAO-EXCLUSIVA="NAO" MES-INICIO="04" ANO-INICIO="1999" MES-FIM="05" ANO-FIM="2000" OUTRAS-INFORMACOES="" FLAG-VINCULO-EMPREGATICIO="NAO" OUTRO-VINCULO-INFORMADO="" OUTRO-ENQUADRAMENTO-FUNCIONAL-INFORMADO="Analista de Sistemas" OUTRO-ENQUADRAMENTO-FUNCIONAL-INFORMADO-INGLES="" OUTRAS-INFORMACOES-INGLES=""/><ATIVIDADES-DE-SERVICO-TECNICO-ESPECIALIZADO><SERVICO-TECNICO-ESPECIALIZADO SEQUENCIA-FUNCAO-ATIVIDADE="1" FLAG-PERIODO="ANTERIOR" MES-INICIO="04" ANO-INICIO="1999" MES-FIM="05" ANO-FIM="2000" CODIGO-ORGAO="" NOME-ORGAO="" CODIGO-UNIDADE="" NOME-UNIDADE="" SERVICO-REALIZADO="Suporte e Desenvolvimento do Sistemas de Contas a Receber"/></ATIVIDADES-DE-SERVICO-TECNICO-ESPECIALIZADO><atividadesProfissionaisPlanificadas/></ATUACAO-PROFISSIONAL><ATUACAO-PROFISSIONAL CODIGO-INSTITUICAO="000500000999" NOME-INSTITUICAO="EMPRESA BRASILEIRA DE TELECOMUNICAÇÕES" SEQUENCIA-ATIVIDADE="6" SEQUENCIA-IMPORTANCIA="2"><VINCULOS SEQUENCIA-HISTORICO="1" TIPO-DE-VINCULO="LIVRE" ENQUADRAMENTO-FUNCIONAL="LIVRE" CARGA-HORARIA-SEMANAL="44" FLAG-DEDICACAO-EXCLUSIVA="NAO" MES-INICIO="06" ANO-INICIO="2001" MES-FIM="" ANO-FIM="" OUTRAS-INFORMACOES="Trabalhando como Gerente de Projetos." FLAG-VINCULO-EMPREGATICIO="NAO" OUTRO-VINCULO-INFORMADO="Celetista formal" OUTRO-ENQUADRAMENTO-FUNCIONAL-INFORMADO="Gerente de Projetos" OUTRO-ENQUADRAMENTO-FUNCIONAL-INFORMADO-INGLES="" OUTRAS-INFORMACOES-INGLES=""/><VINCULOS SEQUENCIA-HISTORICO="2" TIPO-DE-VINCULO="CELETISTA" ENQUADRAMENTO-FUNCIONAL="LIVRE" CARGA-HORARIA-SEMANAL="44" FLAG-DEDICACAO-EXCLUSIVA="NAO" MES-INICIO="02" ANO-INICIO="1989" MES-FIM="02" ANO-FIM="1997" OUTRAS-INFORMACOES="" FLAG-VINCULO-EMPREGATICIO="NAO" OUTRO-VINCULO-INFORMADO="" OUTRO-ENQUADRAMENTO-FUNCIONAL-INFORMADO="Gerente de Sistemas" OUTRO-ENQUADRAMENTO-FUNCIONAL-INFORMADO-INGLES="" OUTRAS-INFORMACOES-INGLES=""/><VINCULOS SEQUENCIA-HISTORICO="3" TIPO-DE-VINCULO="LIVRE" ENQUADRAMENTO-FUNCIONAL="LIVRE" CARGA-HORARIA-SEMANAL="44" FLAG-DEDICACAO-EXCLUSIVA="NAO" MES-INICIO="01" ANO-INICIO="2015" MES-FIM="" ANO-FIM="" OUTRAS-INFORMACOES="" FLAG-VINCULO-EMPREGATICIO="SIM" OUTRO-VINCULO-INFORMADO="" OUTRO-ENQUADRAMENTO-FUNCIONAL-INFORMADO="Gerente de Demandas" OUTRO-ENQUADRAMENTO-FUNCIONAL-INFORMADO-INGLES="" OUTRAS-INFORMACOES-INGLES=""/><ATIVIDADES-DE-SERVICO-TECNICO-ESPECIALIZADO><SERVICO-TECNICO-ESPECIALIZADO SEQUENCIA-FUNCAO-ATIVIDADE="1" FLAG-PERIODO="ANTERIOR" MES-INICIO="06" ANO-INICIO="2001" MES-FIM="02" ANO-FIM="2008" CODIGO-ORGAO="000501000992" NOME-ORGAO="Gerencia de Aprovisionamento" CODIGO-UNIDADE="" NOME-UNIDADE="" SERVICO-REALIZADO="Atuando como Gerente de Área e Gerente de Projetos de TI:; Gerência de área de Sistema de Suporte a Operação, envolvendo o desenvolvimento e integração entre empresa de Fábrica de Software do Grupo Telmex Internacional com a Embratel, para implantação do sistema Integrado (?order-to_collection?);; Responsável pela implantação do produto Netfone, envolvendo as empresas Embratel e NET, em solução sistêmica integrada;; Atuando com a Gerencia de área com mais de 40 profissionais (Analistas de Requisitos, Desenvolvedores e Suporte a Aplicação) nos Sistemas voltados para as áreas de engenharia e operações de telecomunicações;"/><SERVICO-TECNICO-ESPECIALIZADO SEQUENCIA-FUNCAO-ATIVIDADE="2" FLAG-PERIODO="ATUAL" MES-INICIO="02" ANO-INICIO="2008" MES-FIM="" ANO-FIM="" CODIGO-ORGAO="000502000996" NOME-ORGAO="Gerencia de Projetos" CODIGO-UNIDADE="" NOME-UNIDADE="" SERVICO-REALIZADO="Responsável pela entrega dos Módulos de Aprovisionamento (workflow), Fraude, Reparo Técnico (?trouble ticket? e Visita Técnica como Gerente de Projetos no Programa BRAMEX;; Responsável pelo relacionamento das Áreas de Engenharia de Telecomunicações e Soluções de Entregas de Aprovisionamento e Marketing"/><SERVICO-TECNICO-ESPECIALIZADO SEQUENCIA-FUNCAO-ATIVIDADE="3" FLAG-PERIODO="ANTERIOR" MES-INICIO="08" ANO-INICIO="1989" MES-FIM="02" ANO-FIM="1997" CODIGO-ORGAO="000503000990" NOME-ORGAO="Gerencia de Informações Gerenciais" CODIGO-UNIDADE="" NOME-UNIDADE="" SERVICO-REALIZADO="Desenvolvimento de sistemas em Natural/Adabas e Cobol voltado para as áreas de aprovisionamento, operações e engenharia de telecomunicações. ; Participação do Projeto de Solução de Processo Sistemicos (SPS) e Sistemas de Informações Gerenciais (SIG)"/></ATIVIDADES-DE-SERVICO-TECNICO-ESPECIALIZADO><atividadesProfissionaisPlanificadas/></ATUACAO-PROFISSIONAL></ATUACOES-PROFISSIONAIS><AREAS-DE-ATUACAO><AREA-DE-ATUACAO SEQUENCIA-AREA-DE-ATUACAO="1" NOME-GRANDE-AREA-DO-CONHECIMENTO="CIENCIAS_EXATAS_E_DA_TERRA" NOME-DA-AREA-DO-CONHECIMENTO="Ciência da Computação" NOME-DA-SUB-AREA-DO-CONHECIMENTO="" NOME-DA-ESPECIALIDADE=""/></AREAS-DE-ATUACAO><IDIOMAS><IDIOMA IDIOMA="EN" DESCRICAO-DO-IDIOMA="Inglês" PROFICIENCIA-DE-LEITURA="BEM" PROFICIENCIA-DE-FALA="BEM" PROFICIENCIA-DE-ESCRITA="BEM" PROFICIENCIA-DE-COMPREENSAO="BEM"/><IDIOMA IDIOMA="ES" DESCRICAO-DO-IDIOMA="Espanhol" PROFICIENCIA-DE-LEITURA="BEM" PROFICIENCIA-DE-FALA="BEM" PROFICIENCIA-DE-ESCRITA="BEM" PROFICIENCIA-DE-COMPREENSAO="BEM"/></IDIOMAS><PREMIOS-TITULOS><PREMIO-TITULO NOME-DO-PREMIO-OU-TITULO="PERFORMANCE EMBRATEL" NOME-DA-ENTIDADE-PROMOTORA="EMPRESA BRASILEIRA DE TELECOMUNICAÇÕES" ANO-DA-PREMIACAO="2001" NOME-DO-PREMIO-OU-TITULO-INGLES=""/><PREMIO-TITULO NOME-DO-PREMIO-OU-TITULO="Certificação em Gerenciamento de Projetos - PRINCE-2" NOME-DA-ENTIDADE-PROMOTORA="APMG-International Accredited Training Organization" ANO-DA-PREMIACAO="2009" NOME-DO-PREMIO-OU-TITULO-INGLES=""/><PREMIO-TITULO NOME-DO-PREMIO-OU-TITULO="Certificação em Lean Belt" NOME-DA-ENTIDADE-PROMOTORA="Seta Desenvolvimento Gerencial Ltda" ANO-DA-PREMIACAO="2012" NOME-DO-PREMIO-OU-TITULO-INGLES=""/><PREMIO-TITULO NOME-DO-PREMIO-OU-TITULO="Certificação em Yellow Belt" NOME-DA-ENTIDADE-PROMOTORA="Empresa Brasileira de Telecomunicações ? EMBRATEL S.A." ANO-DA-PREMIACAO="2012" NOME-DO-PREMIO-OU-TITULO-INGLES=""/><PREMIO-TITULO NOME-DO-PREMIO-OU-TITULO="Certificação em ITIL® Foundation - V3" NOME-DA-ENTIDADE-PROMOTORA="APMG International" ANO-DA-PREMIACAO="2012" NOME-DO-PREMIO-OU-TITULO-INGLES=""/></PREMIOS-TITULOS><staValidado/><dataExibicao/><dadosBolsista/></DADOS-GERAIS><OUTRA-PRODUCAO><ORIENTACOES-CONCLUIDAS><OUTRAS-ORIENTACOES-CONCLUIDAS SEQUENCIA-PRODUCAO="31"><DADOS-BASICOS-DE-OUTRAS-ORIENTACOES-CONCLUIDAS NATUREZA="TRABALHO_DE_CONCLUSAO_DE_CURSO_GRADUACAO" TIPO="" TITULO="Práticas econômicas de energia na área de Sustentabilidade e TI Verde" ANO="2015" PAIS="Brasil" IDIOMA="Português" HOME-PAGE="" FLAG-RELEVANCIA="NAO" DOI="" TITULO-INGLES="" TIPO-INGLES=""/><DETALHAMENTO-DE-OUTRAS-ORIENTACOES-CONCLUIDAS NOME-DO-ORIENTADO="Wagner Da Silva F. da Fonseca, Vinicius Kunz Carneiro Souza" CODIGO-INSTITUICAO="201900000008" NOME-DA-INSTITUICAO="Centro Universitário Augusto Motta" CODIGO-CURSO="90000005" NOME-DO-CURSO="SUPERIOR DE TECNOLOGIA" FLAG-BOLSA="NAO" CODIGO-AGENCIA-FINANCIADORA="" NOME-DA-AGENCIA="" TIPO-DE-ORIENTACAO-CONCLUIDA="CO_ORIENTADOR" NUMERO-DE-PAGINAS="" NUMERO-ID-ORIENTADO="" NOME-DO-CURSO-INGLES=""/></OUTRAS-ORIENTACOES-CONCLUIDAS><OUTRAS-ORIENTACOES-CONCLUIDAS SEQUENCIA-PRODUCAO="30"><DADOS-BASICOS-DE-OUTRAS-ORIENTACOES-CONCLUIDAS NATUREZA="TRABALHO_DE_CONCLUSAO_DE_CURSO_GRADUACAO" TIPO="" TITULO="Implementação de um Sistema de Controle de Medicamentos Controlados" ANO="2015" PAIS="Brasil" IDIOMA="Português" HOME-PAGE="" FLAG-RELEVANCIA="NAO" DOI="" TITULO-INGLES="" TIPO-INGLES=""/><DETALHAMENTO-DE-OUTRAS-ORIENTACOES-CONCLUIDAS NOME-DO-ORIENTADO="José André Coutinho de Jesus" CODIGO-INSTITUICAO="201900000008" NOME-DA-INSTITUICAO="Centro Universitário Augusto Motta" CODIGO-CURSO="90000003" NOME-DO-CURSO="CIÊNCIA DA COMPUTAÇÃO" FLAG-BOLSA="NAO" CODIGO-AGENCIA-FINANCIADORA="" NOME-DA-AGENCIA="" TIPO-DE-ORIENTACAO-CONCLUIDA="CO_ORIENTADOR" NUMERO-DE-PAGINAS="" NUMERO-ID-ORIENTADO="" NOME-DO-CURSO-INGLES=""/></OUTRAS-ORIENTACOES-CONCLUIDAS></ORIENTACOES-CONCLUIDAS></OUTRA-PRODUCAO><DADOS-COMPLEMENTARES><FORMACAO-COMPLEMENTAR><FORMACAO-COMPLEMENTAR-CURSO-DE-CURTA-DURACAO SEQUENCIA-FORMACAO="3" NIVEL="F" CARGA-HORARIA="80" CODIGO-INSTITUICAO="000100000991" NOME-INSTITUICAO="Sinergia de Informações" CODIGO-ORGAO="" NOME-ORGAO="" CODIGO-CURSO="90000007" NOME-CURSO="Hipermídia &amp;amp; Multimídia" STATUS-DO-CURSO="CONCLUIDO" ANO-DE-INICIO="1995" ANO-DE-CONCLUSAO="1995" NOME-CURSO-INGLES=""/><FORMACAO-COMPLEMENTAR-CURSO-DE-CURTA-DURACAO SEQUENCIA-FORMACAO="5" NIVEL="F" CARGA-HORARIA="8" CODIGO-INSTITUICAO="000200000993" NOME-INSTITUICAO="CONSIT - Software AG" CODIGO-ORGAO="" NOME-ORGAO="" CODIGO-CURSO="90000009" NOME-CURSO="ADABS C Fundamentals" STATUS-DO-CURSO="CONCLUIDO" ANO-DE-INICIO="1996" ANO-DE-CONCLUSAO="1996" NOME-CURSO-INGLES=""/><FORMACAO-COMPLEMENTAR-CURSO-DE-CURTA-DURACAO SEQUENCIA-FORMACAO="10" NIVEL="F" CARGA-HORARIA="40" CODIGO-INSTITUICAO="000600000990" NOME-INSTITUICAO="Seta Desenvolvimento Gerencial Ltda" CODIGO-ORGAO="" NOME-ORGAO="" CODIGO-CURSO="90000014" NOME-CURSO="Lean Belt" STATUS-DO-CURSO="CONCLUIDO" ANO-DE-INICIO="2012" ANO-DE-CONCLUSAO="2012" NOME-CURSO-INGLES=""/><FORMACAO-COMPLEMENTAR-CURSO-DE-CURTA-DURACAO SEQUENCIA-FORMACAO="11" NIVEL="F" CARGA-HORARIA="40" CODIGO-INSTITUICAO="000500000999" NOME-INSTITUICAO="EMPRESA BRASILEIRA DE TELECOMUNICAÇÕES" CODIGO-ORGAO="" NOME-ORGAO="" CODIGO-CURSO="90000016" NOME-CURSO="Yellow Belt" STATUS-DO-CURSO="CONCLUIDO" ANO-DE-INICIO="2012" ANO-DE-CONCLUSAO="2012" NOME-CURSO-INGLES=""/><FORMACAO-COMPLEMENTAR-CURSO-DE-CURTA-DURACAO SEQUENCIA-FORMACAO="6" NIVEL="F" CARGA-HORARIA="16" CODIGO-INSTITUICAO="910400000002" NOME-INSTITUICAO="Digilab Laboratório Digital" CODIGO-ORGAO="" NOME-ORGAO="" CODIGO-CURSO="90000010" NOME-CURSO="Programação - Digilab 9075" STATUS-DO-CURSO="CONCLUIDO" ANO-DE-INICIO="1991" ANO-DE-CONCLUSAO="1991" NOME-CURSO-INGLES=""/><FORMACAO-COMPLEMENTAR-CURSO-DE-CURTA-DURACAO SEQUENCIA-FORMACAO="7" NIVEL="F" CARGA-HORARIA="16" CODIGO-INSTITUICAO="177800000000" NOME-INSTITUICAO="Instituto Brasileiro de Pesquisa em Informática" CODIGO-ORGAO="" NOME-ORGAO="" CODIGO-CURSO="90000011" NOME-CURSO="Curso de excel for windows - Básico" STATUS-DO-CURSO="CONCLUIDO" ANO-DE-INICIO="1995" ANO-DE-CONCLUSAO="1995" NOME-CURSO-INGLES=""/><FORMACAO-COMPLEMENTAR-CURSO-DE-CURTA-DURACAO SEQUENCIA-FORMACAO="12" NIVEL="F" CARGA-HORARIA="12" CODIGO-INSTITUICAO="000400000008" NOME-INSTITUICAO="Fundação Getúlio Vargas" CODIGO-ORGAO="" NOME-ORGAO="" CODIGO-CURSO="90000019" NOME-CURSO="Redes e Serviços Corporativos TIC Convergentes" STATUS-DO-CURSO="CONCLUIDO" ANO-DE-INICIO="2013" ANO-DE-CONCLUSAO="2013" NOME-CURSO-INGLES=""/><FORMACAO-COMPLEMENTAR-CURSO-DE-CURTA-DURACAO SEQUENCIA-FORMACAO="8" NIVEL="F" CARGA-HORARIA="20" CODIGO-INSTITUICAO="177800000000" NOME-INSTITUICAO="Instituto Brasileiro de Pesquisa em Informática" CODIGO-ORGAO="" NOME-ORGAO="" CODIGO-CURSO="90000012" NOME-CURSO="Curso de excell for windows - avançado" STATUS-DO-CURSO="CONCLUIDO" ANO-DE-INICIO="1995" ANO-DE-CONCLUSAO="1995" NOME-CURSO-INGLES=""/><FORMACAO-COMPLEMENTAR-CURSO-DE-CURTA-DURACAO SEQUENCIA-FORMACAO="4" NIVEL="F" CARGA-HORARIA="8" CODIGO-INSTITUICAO="000200000993" NOME-INSTITUICAO="CONSIT - Software AG" CODIGO-ORGAO="" NOME-ORGAO="" CODIGO-CURSO="90000008" NOME-CURSO="Performance with NATURAL/ADABAS C Programming" STATUS-DO-CURSO="CONCLUIDO" ANO-DE-INICIO="1996" ANO-DE-CONCLUSAO="1996" NOME-CURSO-INGLES=""/><OUTROS SEQUENCIA-FORMACAO="9" NIVEL="Y" CARGA-HORARIA="128" CODIGO-INSTITUICAO="000400000997" NOME-INSTITUICAO="Dismore Associates" CODIGO-ORGAO="" NOME-ORGAO="" CODIGO-CURSO="90000013" NOME-CURSO="Gerenciamento de Projetos" STATUS-DO-CURSO="CONCLUIDO" ANO-DE-INICIO="2010" ANO-DE-CONCLUSAO="2010" NOME-CURSO-INGLES=""/><formacoesComplementaresPlana/></FORMACAO-COMPLEMENTAR><PARTICIPACAO-EM-BANCA-TRABALHOS-CONCLUSAO><PARTICIPACAO-EM-BANCA-DE-GRADUACAO SEQUENCIA-PRODUCAO="1"><DADOS-BASICOS-DA-PARTICIPACAO-EM-BANCA-DE-GRADUACAO NATUREZA="Graduação" TITULO="PROJETO DE DESENVOLVIMENTO DE SISTEMA PARA CONTROLE INTEGRADO DE QUALIDADE E SUPORTE" ANO="2005" PAIS="Brasil" IDIOMA="Português" HOME-PAGE="" DOI="" TITULO-INGLES=""/><DETALHAMENTO-DA-PARTICIPACAO-EM-BANCA-DE-GRADUACAO NOME-DO-CANDIDATO="ROBSON DIAS FERREIRA" CODIGO-INSTITUICAO="201900000008" NOME-INSTITUICAO="Centro Universitário Augusto Motta" CODIGO-ORGAO="" NOME-ORGAO="" CODIGO-CURSO="90000003" NOME-CURSO="CIÊNCIA DA COMPUTAÇÃO" NOME-CURSO-INGLES=""/><PARTICIPANTE-BANCA NOME-COMPLETO-DO-PARTICIPANTE-DA-BANCA="MARCO ANTONIO XAVIER VALENTIM" NOME-PARA-CITACAO-DO-PARTICIPANTE-DA-BANCA="VALENTIM, M. A. X." ORDEM-PARTICIPANTE="3" NRO-ID-CNPQ=""/><PARTICIPANTE-BANCA NOME-COMPLETO-DO-PARTICIPANTE-DA-BANCA="JOSÉ ANTONIO GAMEIRO SALLES" NOME-PARA-CITACAO-DO-PARTICIPANTE-DA-BANCA="SALLES, J. A. G." ORDEM-PARTICIPANTE="2" NRO-ID-CNPQ=""/><PARTICIPANTE-BANCA NOME-COMPLETO-DO-PARTICIPANTE-DA-BANCA="Silvio Eutimio de Barros" NOME-PARA-CITACAO-DO-PARTICIPANTE-DA-BANCA="BARROS, S. E." ORDEM-PARTICIPANTE="1" NRO-ID-CNPQ="2849734134066469"/><PALAVRAS-CHAVE PALAVRA-CHAVE-1="Controle, Suporte e Qualidade" PALAVRA-CHAVE-2="" PALAVRA-CHAVE-3="" PALAVRA-CHAVE-4="" PALAVRA-CHAVE-5="" PALAVRA-CHAVE-6=""/><AREAS-DO-CONHECIMENTO><AREA-DO-CONHECIMENTO-1 NOME-GRANDE-AREA-DO-CONHECIMENTO="CIENCIAS_EXATAS_E_DA_TERRA" NOME-DA-AREA-DO-CONHECIMENTO="" NOME-DA-SUB-AREA-DO-CONHECIMENTO="" NOME-DA-ESPECIALIDADE=""/></AREAS-DO-CONHECIMENTO><SETORES-DE-ATIVIDADE SETOR-DE-ATIVIDADE-1="Desenvolvimento de Programas (Software)" SETOR-DE-ATIVIDADE-2="" SETOR-DE-ATIVIDADE-3=""/><INFORMACOES-ADICIONAIS DESCRICAO-INFORMACOES-ADICIONAIS="PROJETO APRESENTADO COM O OBJETIVO DE CONTROLE INTEGRADO DE QUALIDADE E SUPORTE AO DEPARTAMENTO DE TI, CONTROLANDO PEDIDOS DE SUPORTE ELABORADOS PELOS CLIENTES E CONTROLE DE SERVIÇOS PRESTADOS PELA EQUIPE TÉCNICA EM MANUTENÇÃO DE HARDWARE E SOFTWARE. FOCA NA MANUTEÇÃO DAS INFORMAÇÕES, O COMNHECIMENTO EMPREGADO EM CADA SOLUÇÃO, PARA QUE ESSES TAMBÉM SEJAM UTILIZADOS DENTRO DO TEMPO PREVISTO." DESCRICAO-INFORMACOES-ADICIONAIS-INGLES=""/></PARTICIPACAO-EM-BANCA-DE-GRADUACAO><PARTICIPACAO-EM-BANCA-DE-GRADUACAO SEQUENCIA-PRODUCAO="2"><DADOS-BASICOS-DA-PARTICIPACAO-EM-BANCA-DE-GRADUACAO NATUREZA="Graduação" TITULO="FERRAMENTA GERENCIAL E CONTROLE DE INFORMAÇÕES DA IGREJA" ANO="2005" PAIS="Brasil" IDIOMA="Português" HOME-PAGE="" DOI="" TITULO-INGLES=""/><DETALHAMENTO-DA-PARTICIPACAO-EM-BANCA-DE-GRADUACAO NOME-DO-CANDIDATO="Erika Pereira Fernandes e Same Santana Soares da Silva" CODIGO-INSTITUICAO="201900000008" NOME-INSTITUICAO="Centro Universitário Augusto Motta" CODIGO-ORGAO="" NOME-ORGAO="" CODIGO-CURSO="90000003" NOME-CURSO="CIÊNCIA DA COMPUTAÇÃO" NOME-CURSO-INGLES=""/><PARTICIPANTE-BANCA NOME-COMPLETO-DO-PARTICIPANTE-DA-BANCA="JOSÉ ANTONIO GAMEIRO SALLES" NOME-PARA-CITACAO-DO-PARTICIPANTE-DA-BANCA="SALLES, J. A. G." ORDEM-PARTICIPANTE="2" NRO-ID-CNPQ=""/><PARTICIPANTE-BANCA NOME-COMPLETO-DO-PARTICIPANTE-DA-BANCA="MARCELO FATUDO" NOME-PARA-CITACAO-DO-PARTICIPANTE-DA-BANCA="FATUDO, M." ORDEM-PARTICIPANTE="3" NRO-ID-CNPQ=""/><PARTICIPANTE-BANCA NOME-COMPLETO-DO-PARTICIPANTE-DA-BANCA="Silvio Eutimio de Barros" NOME-PARA-CITACAO-DO-PARTICIPANTE-DA-BANCA="BARROS, S. E." ORDEM-PARTICIPANTE="1" NRO-ID-CNPQ="2849734134066469"/><AREAS-DO-CONHECIMENTO><AREA-DO-CONHECIMENTO-1 NOME-GRANDE-AREA-DO-CONHECIMENTO="CIENCIAS_EXATAS_E_DA_TERRA" NOME-DA-AREA-DO-CONHECIMENTO="" NOME-DA-SUB-AREA-DO-CONHECIMENTO="" NOME-DA-ESPECIALIDADE=""/></AREAS-DO-CONHECIMENTO></PARTICIPACAO-EM-BANCA-DE-GRADUACAO><PARTICIPACAO-EM-BANCA-DE-GRADUACAO SEQUENCIA-PRODUCAO="3"><DADOS-BASICOS-DA-PARTICIPACAO-EM-BANCA-DE-GRADUACAO NATUREZA="Graduação" TITULO="SISTEMA GERENCIADOR DE ORDEM DE SERVIÇO BANCARIA" ANO="2005" PAIS="Brasil" IDIOMA="Português" HOME-PAGE="" DOI="" TITULO-INGLES=""/><DETALHAMENTO-DA-PARTICIPACAO-EM-BANCA-DE-GRADUACAO NOME-DO-CANDIDATO="Felipe Rodrigues Fernandes e Raphael Leite de Marins" CODIGO-INSTITUICAO="201900000008" NOME-INSTITUICAO="Centro Universitário Augusto Motta" CODIGO-ORGAO="" NOME-ORGAO="" CODIGO-CURSO="90000004" NOME-CURSO="DESENVOLVIMENTO DE SOFTWARE - POLITÉCNICO" NOME-CURSO-INGLES=""/><PARTICIPANTE-BANCA NOME-COMPLETO-DO-PARTICIPANTE-DA-BANCA="MARCO ANTONIO XAVIER VALENTIM" NOME-PARA-CITACAO-DO-PARTICIPANTE-DA-BANCA="VALENTIM, M. A. X." ORDEM-PARTICIPANTE="3" NRO-ID-CNPQ=""/><PARTICIPANTE-BANCA NOME-COMPLETO-DO-PARTICIPANTE-DA-BANCA="JOSÉ ANTONIO GAMEIRO SALLES" NOME-PARA-CITACAO-DO-PARTICIPANTE-DA-BANCA="SALLES, J. A. G." ORDEM-PARTICIPANTE="2" NRO-ID-CNPQ=""/><PARTICIPANTE-BANCA NOME-COMPLETO-DO-PARTICIPANTE-DA-BANCA="Silvio Eutimio de Barros" NOME-PARA-CITACAO-DO-PARTICIPANTE-DA-BANCA="BARROS, S. E." ORDEM-PARTICIPANTE="1" NRO-ID-CNPQ="2849734134066469"/></PARTICIPACAO-EM-BANCA-DE-GRADUACAO><PARTICIPACAO-EM-BANCA-DE-GRADUACAO SEQUENCIA-PRODUCAO="4"><DADOS-BASICOS-DA-PARTICIPACAO-EM-BANCA-DE-GRADUACAO NATUREZA="Graduação" TITULO="SISTEMA DE GERENCIAMENTO DE FROTA DE VEÍCULOS" ANO="2005" PAIS="Brasil" IDIOMA="Português" HOME-PAGE="" DOI="" TITULO-INGLES=""/><DETALHAMENTO-DA-PARTICIPACAO-EM-BANCA-DE-GRADUACAO NOME-DO-CANDIDATO="JOÃO WELLINGTON XAVIER RIBEIRO" CODIGO-INSTITUICAO="201900000008" NOME-INSTITUICAO="Centro Universitário Augusto Motta" CODIGO-ORGAO="" NOME-ORGAO="" CODIGO-CURSO="" NOME-CURSO="" NOME-CURSO-INGLES=""/><PARTICIPANTE-BANCA NOME-COMPLETO-DO-PARTICIPANTE-DA-BANCA="JOSÉ ANTONIO GAMEIRO SALLES" NOME-PARA-CITACAO-DO-PARTICIPANTE-DA-BANCA="SALLES, J. A. G." ORDEM-PARTICIPANTE="2" NRO-ID-CNPQ=""/><PARTICIPANTE-BANCA NOME-COMPLETO-DO-PARTICIPANTE-DA-BANCA="MARCELO FATUDO" NOME-PARA-CITACAO-DO-PARTICIPANTE-DA-BANCA="FATUDO, M." ORDEM-PARTICIPANTE="3" NRO-ID-CNPQ=""/><PARTICIPANTE-BANCA NOME-COMPLETO-DO-PARTICIPANTE-DA-BANCA="Silvio Eutimio de Barros" NOME-PARA-CITACAO-DO-PARTICIPANTE-DA-BANCA="BARROS, S. E." ORDEM-PARTICIPANTE="1" NRO-ID-CNPQ="2849734134066469"/><AREAS-DO-CONHECIMENTO><AREA-DO-CONHECIMENTO-1 NOME-GRANDE-AREA-DO-CONHECIMENTO="CIENCIAS_EXATAS_E_DA_TERRA" NOME-DA-AREA-DO-CONHECIMENTO="" NOME-DA-SUB-AREA-DO-CONHECIMENTO="" NOME-DA-ESPECIALIDADE=""/></AREAS-DO-CONHECIMENTO></PARTICIPACAO-EM-BANCA-DE-GRADUACAO><PARTICIPACAO-EM-BANCA-DE-GRADUACAO SEQUENCIA-PRODUCAO="13"><DADOS-BASICOS-DA-PARTICIPACAO-EM-BANCA-DE-GRADUACAO NATUREZA="Graduação" TITULO="APLICAÇÃO DO CONCEITO DE BMP COM FERRAMENTA BIZAGI" ANO="2010" PAIS="Brasil" IDIOMA="Português" HOME-PAGE="" DOI="" TITULO-INGLES=""/><DETALHAMENTO-DA-PARTICIPACAO-EM-BANCA-DE-GRADUACAO NOME-DO-CANDIDATO="WELLINGTON SANTANA LIMA" CODIGO-INSTITUICAO="201900000008" NOME-INSTITUICAO="Centro Universitário Augusto Motta" CODIGO-ORGAO="" NOME-ORGAO="" CODIGO-CURSO="90000005" NOME-CURSO="SUPERIOR DE TECNOLOGIA" NOME-CURSO-INGLES=""/><PARTICIPANTE-BANCA NOME-COMPLETO-DO-PARTICIPANTE-DA-BANCA="Silvio Eutimio de Barros" NOME-PARA-CITACAO-DO-PARTICIPANTE-DA-BANCA="BARROS, S. E." ORDEM-PARTICIPANTE="1" NRO-ID-CNPQ="2849734134066469"/></PARTICIPACAO-EM-BANCA-DE-GRADUACAO><PARTICIPACAO-EM-BANCA-DE-GRADUACAO SEQUENCIA-PRODUCAO="14"><DADOS-BASICOS-DA-PARTICIPACAO-EM-BANCA-DE-GRADUACAO NATUREZA="Graduação" TITULO="CRM - GESTÃO DE REALCIONAMENTO COM O CLIENTE" ANO="2010" PAIS="Brasil" IDIOMA="Português" HOME-PAGE="" DOI="" TITULO-INGLES=""/><DETALHAMENTO-DA-PARTICIPACAO-EM-BANCA-DE-GRADUACAO NOME-DO-CANDIDATO="GABRIEL PEREIRA SALÇA DE ALMEIDA" CODIGO-INSTITUICAO="201900000008" NOME-INSTITUICAO="Centro Universitário Augusto Motta" CODIGO-ORGAO="" NOME-ORGAO="" CODIGO-CURSO="90000005" NOME-CURSO="SUPERIOR DE TECNOLOGIA" NOME-CURSO-INGLES=""/><PARTICIPANTE-BANCA NOME-COMPLETO-DO-PARTICIPANTE-DA-BANCA="Silvio Eutimio de Barros" NOME-PARA-CITACAO-DO-PARTICIPANTE-DA-BANCA="BARROS, S. E." ORDEM-PARTICIPANTE="1" NRO-ID-CNPQ="2849734134066469"/></PARTICIPACAO-EM-BANCA-DE-GRADUACAO><PARTICIPACAO-EM-BANCA-DE-GRADUACAO SEQUENCIA-PRODUCAO="15"><DADOS-BASICOS-DA-PARTICIPACAO-EM-BANCA-DE-GRADUACAO NATUREZA="Graduação" TITULO="FUNCIONALIDADES DO FRAMEWORK BLUEPRINT" ANO="2010" PAIS="Brasil" IDIOMA="Português" HOME-PAGE="" DOI="" TITULO-INGLES=""/><DETALHAMENTO-DA-PARTICIPACAO-EM-BANCA-DE-GRADUACAO NOME-DO-CANDIDATO="RAPHAEL DE MELLO BARROS" CODIGO-INSTITUICAO="201900000008" NOME-INSTITUICAO="Centro Universitário Augusto Motta" CODIGO-ORGAO="" NOME-ORGAO="" CODIGO-CURSO="90000005" NOME-CURSO="SUPERIOR DE TECNOLOGIA" NOME-CURSO-INGLES=""/><PARTICIPANTE-BANCA NOME-COMPLETO-DO-PARTICIPANTE-DA-BANCA="Silvio Eutimio de Barros" NOME-PARA-CITACAO-DO-PARTICIPANTE-DA-BANCA="BARROS, S. E." ORDEM-PARTICIPANTE="1" NRO-ID-CNPQ="2849734134066469"/></PARTICIPACAO-EM-BANCA-DE-GRADUACAO><PARTICIPACAO-EM-BANCA-DE-GRADUACAO SEQUENCIA-PRODUCAO="16"><DADOS-BASICOS-DA-PARTICIPACAO-EM-BANCA-DE-GRADUACAO NATUREZA="Graduação" TITULO="MINICURSO - DESENVOLVIMENTO EM JAVA PARA WEB COM FRAMEWORKS STRUTS" ANO="2010" PAIS="Brasil" IDIOMA="Português" HOME-PAGE="" DOI="" TITULO-INGLES=""/><DETALHAMENTO-DA-PARTICIPACAO-EM-BANCA-DE-GRADUACAO NOME-DO-CANDIDATO="Gabriel Ferreira Soares" CODIGO-INSTITUICAO="201900000008" NOME-INSTITUICAO="Centro Universitário Augusto Motta" CODIGO-ORGAO="" NOME-ORGAO="" CODIGO-CURSO="90000005" NOME-CURSO="SUPERIOR DE TECNOLOGIA" NOME-CURSO-INGLES=""/><PARTICIPANTE-BANCA NOME-COMPLETO-DO-PARTICIPANTE-DA-BANCA="Silvio Eutimio de Barros" NOME-PARA-CITACAO-DO-PARTICIPANTE-DA-BANCA="BARROS, S. E." ORDEM-PARTICIPANTE="1" NRO-ID-CNPQ="2849734134066469"/><PALAVRAS-CHAVE PALAVRA-CHAVE-1="MODELAGEM DE PROCESSO" PALAVRA-CHAVE-2="" PALAVRA-CHAVE-3="" PALAVRA-CHAVE-4="" PALAVRA-CHAVE-5="" PALAVRA-CHAVE-6=""/><AREAS-DO-CONHECIMENTO><AREA-DO-CONHECIMENTO-1 NOME-GRANDE-AREA-DO-CONHECIMENTO="CIENCIAS_EXATAS_E_DA_TERRA" NOME-DA-AREA-DO-CONHECIMENTO="" NOME-DA-SUB-AREA-DO-CONHECIMENTO="" NOME-DA-ESPECIALIDADE=""/></AREAS-DO-CONHECIMENTO></PARTICIPACAO-EM-BANCA-DE-GRADUACAO><PARTICIPACAO-EM-BANCA-DE-GRADUACAO SEQUENCIA-PRODUCAO="17"><DADOS-BASICOS-DA-PARTICIPACAO-EM-BANCA-DE-GRADUACAO NATUREZA="Graduação" TITULO="OTIMIZAÇÃO DE CONSULTAS COM O MYSQL" ANO="2010" PAIS="Brasil" IDIOMA="Português" HOME-PAGE="" DOI="" TITULO-INGLES=""/><DETALHAMENTO-DA-PARTICIPACAO-EM-BANCA-DE-GRADUACAO NOME-DO-CANDIDATO="RONALDO JORGE MOREIRA DE FIGUEIREDO" CODIGO-INSTITUICAO="201900000008" NOME-INSTITUICAO="Centro Universitário Augusto Motta" CODIGO-ORGAO="" NOME-ORGAO="" CODIGO-CURSO="90000005" NOME-CURSO="SUPERIOR DE TECNOLOGIA" NOME-CURSO-INGLES=""/><PARTICIPANTE-BANCA NOME-COMPLETO-DO-PARTICIPANTE-DA-BANCA="Silvio Eutimio de Barros" NOME-PARA-CITACAO-DO-PARTICIPANTE-DA-BANCA="BARROS, S. E." ORDEM-PARTICIPANTE="1" NRO-ID-CNPQ="2849734134066469"/><PALAVRAS-CHAVE PALAVRA-CHAVE-1="Desenvolvimento de Sistemas" PALAVRA-CHAVE-2="" PALAVRA-CHAVE-3="" PALAVRA-CHAVE-4="" PALAVRA-CHAVE-5="" PALAVRA-CHAVE-6=""/><AREAS-DO-CONHECIMENTO><AREA-DO-CONHECIMENTO-1 NOME-GRANDE-AREA-DO-CONHECIMENTO="CIENCIAS_EXATAS_E_DA_TERRA" NOME-DA-AREA-DO-CONHECIMENTO="" NOME-DA-SUB-AREA-DO-CONHECIMENTO="" NOME-DA-ESPECIALIDADE=""/></AREAS-DO-CONHECIMENTO></PARTICIPACAO-EM-BANCA-DE-GRADUACAO><PARTICIPACAO-EM-BANCA-DE-GRADUACAO SEQUENCIA-PRODUCAO="18"><DADOS-BASICOS-DA-PARTICIPACAO-EM-BANCA-DE-GRADUACAO NATUREZA="Graduação" TITULO="GESTÃO E ANALISE DE INTERAÇÕES UTILZIANDO SOFTWARE COM CONCEITO DE CRM" ANO="2010" PAIS="Brasil" IDIOMA="Português" HOME-PAGE="" DOI="" TITULO-INGLES=""/><DETALHAMENTO-DA-PARTICIPACAO-EM-BANCA-DE-GRADUACAO NOME-DO-CANDIDATO="DIEGO LUIS DA SILVA FONSECA" CODIGO-INSTITUICAO="201900000008" NOME-INSTITUICAO="Centro Universitário Augusto Motta" CODIGO-ORGAO="" NOME-ORGAO="" CODIGO-CURSO="90000005" NOME-CURSO="SUPERIOR DE TECNOLOGIA" NOME-CURSO-INGLES=""/><PARTICIPANTE-BANCA NOME-COMPLETO-DO-PARTICIPANTE-DA-BANCA="Silvio Eutimio de Barros" NOME-PARA-CITACAO-DO-PARTICIPANTE-DA-BANCA="BARROS, S. E." ORDEM-PARTICIPANTE="1" NRO-ID-CNPQ="2849734134066469"/><PALAVRAS-CHAVE PALAVRA-CHAVE-1="Desenvolvimento de Sistemas" PALAVRA-CHAVE-2="" PALAVRA-CHAVE-3="" PALAVRA-CHAVE-4="" PALAVRA-CHAVE-5="" PALAVRA-CHAVE-6=""/><AREAS-DO-CONHECIMENTO><AREA-DO-CONHECIMENTO-1 NOME-GRANDE-AREA-DO-CONHECIMENTO="CIENCIAS_EXATAS_E_DA_TERRA" NOME-DA-AREA-DO-CONHECIMENTO="" NOME-DA-SUB-AREA-DO-CONHECIMENTO="" NOME-DA-ESPECIALIDADE=""/></AREAS-DO-CONHECIMENTO></PARTICIPACAO-EM-BANCA-DE-GRADUACAO><PARTICIPACAO-EM-BANCA-DE-GRADUACAO SEQUENCIA-PRODUCAO="23"><DADOS-BASICOS-DA-PARTICIPACAO-EM-BANCA-DE-GRADUACAO NATUREZA="Graduação" TITULO="Scrum - Uma Leitura Orientada Pelo Manifesto Ágil" ANO="2012" PAIS="Brasil" IDIOMA="Português" HOME-PAGE="" DOI="" TITULO-INGLES=""/><DETALHAMENTO-DA-PARTICIPACAO-EM-BANCA-DE-GRADUACAO NOME-DO-CANDIDATO="Moisés Portes Sava" CODIGO-INSTITUICAO="201900000008" NOME-INSTITUICAO="Centro Universitário Augusto Motta" CODIGO-ORGAO="" NOME-ORGAO="" CODIGO-CURSO="90000005" NOME-CURSO="SUPERIOR DE TECNOLOGIA" NOME-CURSO-INGLES=""/><PARTICIPANTE-BANCA NOME-COMPLETO-DO-PARTICIPANTE-DA-BANCA="MARCO ANTONIO XAVIER VALENTIM" NOME-PARA-CITACAO-DO-PARTICIPANTE-DA-BANCA="VALENTIM, M. A. X." ORDEM-PARTICIPANTE="1" NRO-ID-CNPQ=""/><PARTICIPANTE-BANCA NOME-COMPLETO-DO-PARTICIPANTE-DA-BANCA="Nathielly de Souza Campos" NOME-PARA-CITACAO-DO-PARTICIPANTE-DA-BANCA="CAMPOS, N. S." ORDEM-PARTICIPANTE="2" NRO-ID-CNPQ=""/><PARTICIPANTE-BANCA NOME-COMPLETO-DO-PARTICIPANTE-DA-BANCA="Silvio Eutimio de Barros" NOME-PARA-CITACAO-DO-PARTICIPANTE-DA-BANCA="BARROS, S. E." ORDEM-PARTICIPANTE="3" NRO-ID-CNPQ="2849734134066469"/><AREAS-DO-CONHECIMENTO><AREA-DO-CONHECIMENTO-1 NOME-GRANDE-AREA-DO-CONHECIMENTO="CIENCIAS_EXATAS_E_DA_TERRA" NOME-DA-AREA-DO-CONHECIMENTO="" NOME-DA-SUB-AREA-DO-CONHECIMENTO="" NOME-DA-ESPECIALIDADE=""/></AREAS-DO-CONHECIMENTO><INFORMACOES-ADICIONAIS DESCRICAO-INFORMACOES-ADICIONAIS="O número de empresas que visam melhores resultados através do aprimoramento de seus processos produtivos e estrutura organizacional cresce a cada dia. As empresas de tecnologia de informação buscam a melhoria da qualidade dos processos, produtos e serviços de software. Para isso, têm se utilizados diferentes modelos de qualidade, porém a aplicação desses modelos podem ser caras e complexas. Na busca desses melhores resultados surgiu alternativas, como o Scrum, que com o emprego de práticas ágeis, permite um resultado ótimo com resposta a mudanças constantes. O presente trabalho tem como objetivo apresentar as principais idéias do Scrum através da visão do Manifesto Ágil sobre as principais mudanças de atitude necessárias aos modelos tradicionais de desenvolvimento de software." DESCRICAO-INFORMACOES-ADICIONAIS-INGLES=""/></PARTICIPACAO-EM-BANCA-DE-GRADUACAO><PARTICIPACAO-EM-BANCA-DE-GRADUACAO SEQUENCIA-PRODUCAO="26"><DADOS-BASICOS-DA-PARTICIPACAO-EM-BANCA-DE-GRADUACAO NATUREZA="Graduação" TITULO="Mudanças nos processos de gerenciamentos de projetos do Guia PMBOK®" ANO="2013" PAIS="Brasil" IDIOMA="Português" HOME-PAGE="" DOI="" TITULO-INGLES=""/><DETALHAMENTO-DA-PARTICIPACAO-EM-BANCA-DE-GRADUACAO NOME-DO-CANDIDATO="Gissele dos Santos" CODIGO-INSTITUICAO="201900000008" NOME-INSTITUICAO="Centro Universitário Augusto Motta" CODIGO-ORGAO="" NOME-ORGAO="" CODIGO-CURSO="90000005" NOME-CURSO="SUPERIOR DE TECNOLOGIA" NOME-CURSO-INGLES=""/><PARTICIPANTE-BANCA NOME-COMPLETO-DO-PARTICIPANTE-DA-BANCA="MARCO ANTONIO XAVIER VALENTIM" NOME-PARA-CITACAO-DO-PARTICIPANTE-DA-BANCA="VALENTIM, M. A. X." ORDEM-PARTICIPANTE="2" NRO-ID-CNPQ=""/><PARTICIPANTE-BANCA NOME-COMPLETO-DO-PARTICIPANTE-DA-BANCA="Nathielly de Souza Campos" NOME-PARA-CITACAO-DO-PARTICIPANTE-DA-BANCA="CAMPOS, N. S." ORDEM-PARTICIPANTE="3" NRO-ID-CNPQ=""/><PARTICIPANTE-BANCA NOME-COMPLETO-DO-PARTICIPANTE-DA-BANCA="Silvio Eutimio de Barros" NOME-PARA-CITACAO-DO-PARTICIPANTE-DA-BANCA="BARROS, S. E." ORDEM-PARTICIPANTE="1" NRO-ID-CNPQ="2849734134066469"/><AREAS-DO-CONHECIMENTO><AREA-DO-CONHECIMENTO-1 NOME-GRANDE-AREA-DO-CONHECIMENTO="CIENCIAS_EXATAS_E_DA_TERRA" NOME-DA-AREA-DO-CONHECIMENTO="" NOME-DA-SUB-AREA-DO-CONHECIMENTO="Metodologia e Técnicas da Computação" NOME-DA-ESPECIALIDADE="Engenharia de Software"/></AREAS-DO-CONHECIMENTO><INFORMACOES-ADICIONAIS DESCRICAO-INFORMACOES-ADICIONAIS="Apresentar as mudanças nos processos do guia de conhecimento em gerenciamento de projetos (Guia PMBOK®) 5ª edição. Uma evolução que se dá através de recomendações de profissionais da área se gerenciamento projetos, organizações e de pessoas interessadas em gerenciamento de projetos, essas recomendações são revisadas e quando adequadas são incorporadas a nova versão." DESCRICAO-INFORMACOES-ADICIONAIS-INGLES=""/></PARTICIPACAO-EM-BANCA-DE-GRADUACAO><PARTICIPACAO-EM-BANCA-DE-GRADUACAO SEQUENCIA-PRODUCAO="27"><DADOS-BASICOS-DA-PARTICIPACAO-EM-BANCA-DE-GRADUACAO NATUREZA="Graduação" TITULO="Apresentação de um sistema de atendimento domiciliar - Home Care" ANO="2013" PAIS="Brasil" IDIOMA="Português" HOME-PAGE="" DOI="" TITULO-INGLES=""/><DETALHAMENTO-DA-PARTICIPACAO-EM-BANCA-DE-GRADUACAO NOME-DO-CANDIDATO="Bernardo Pais" CODIGO-INSTITUICAO="201900000008" NOME-INSTITUICAO="Centro Universitário Augusto Motta" CODIGO-ORGAO="" NOME-ORGAO="" CODIGO-CURSO="90000005" NOME-CURSO="SUPERIOR DE TECNOLOGIA" NOME-CURSO-INGLES=""/><PARTICIPANTE-BANCA NOME-COMPLETO-DO-PARTICIPANTE-DA-BANCA="MARCO ANTONIO XAVIER VALENTIM" NOME-PARA-CITACAO-DO-PARTICIPANTE-DA-BANCA="VALENTIM, M. A. X." ORDEM-PARTICIPANTE="2" NRO-ID-CNPQ=""/><PARTICIPANTE-BANCA NOME-COMPLETO-DO-PARTICIPANTE-DA-BANCA="Nathielly de Souza Campos" NOME-PARA-CITACAO-DO-PARTICIPANTE-DA-BANCA="CAMPOS, N. S." ORDEM-PARTICIPANTE="3" NRO-ID-CNPQ=""/><PARTICIPANTE-BANCA NOME-COMPLETO-DO-PARTICIPANTE-DA-BANCA="Silvio Eutimio de Barros" NOME-PARA-CITACAO-DO-PARTICIPANTE-DA-BANCA="BARROS, S. E." ORDEM-PARTICIPANTE="1" NRO-ID-CNPQ="2849734134066469"/><AREAS-DO-CONHECIMENTO><AREA-DO-CONHECIMENTO-1 NOME-GRANDE-AREA-DO-CONHECIMENTO="CIENCIAS_EXATAS_E_DA_TERRA" NOME-DA-AREA-DO-CONHECIMENTO="" NOME-DA-SUB-AREA-DO-CONHECIMENTO="Metodologia e Técnicas da Computação" NOME-DA-ESPECIALIDADE="Engenharia de Software"/></AREAS-DO-CONHECIMENTO><INFORMACOES-ADICIONAIS DESCRICAO-INFORMACOES-ADICIONAIS="Descrever uma proposta de solução sistêmica para a área de saúde no atendimento domiciliar, denominada Home Care, com a finalidade de melhorar o atendimento dos profissionais de saúde, evitando a perda de informações coletadas" DESCRICAO-INFORMACOES-ADICIONAIS-INGLES=""/></PARTICIPACAO-EM-BANCA-DE-GRADUACAO><PARTICIPACAO-EM-BANCA-DE-GRADUACAO SEQUENCIA-PRODUCAO="28"><DADOS-BASICOS-DA-PARTICIPACAO-EM-BANCA-DE-GRADUACAO NATUREZA="Graduação" TITULO="Adequação do testador ao SCRUM" ANO="2013" PAIS="Brasil" IDIOMA="Português" HOME-PAGE="" DOI="" TITULO-INGLES=""/><DETALHAMENTO-DA-PARTICIPACAO-EM-BANCA-DE-GRADUACAO NOME-DO-CANDIDATO="Vitor Vinícius da Silva Cassiano" CODIGO-INSTITUICAO="201900000008" NOME-INSTITUICAO="Centro Universitário Augusto Motta" CODIGO-ORGAO="" NOME-ORGAO="" CODIGO-CURSO="90000003" NOME-CURSO="CIÊNCIA DA COMPUTAÇÃO" NOME-CURSO-INGLES=""/><PARTICIPANTE-BANCA NOME-COMPLETO-DO-PARTICIPANTE-DA-BANCA="MARCO ANTONIO XAVIER VALENTIM" NOME-PARA-CITACAO-DO-PARTICIPANTE-DA-BANCA="VALENTIM, M. A. X." ORDEM-PARTICIPANTE="2" NRO-ID-CNPQ=""/><PARTICIPANTE-BANCA NOME-COMPLETO-DO-PARTICIPANTE-DA-BANCA="Nathielly de Souza Campos" NOME-PARA-CITACAO-DO-PARTICIPANTE-DA-BANCA="CAMPOS, N. S." ORDEM-PARTICIPANTE="3" NRO-ID-CNPQ=""/><PARTICIPANTE-BANCA NOME-COMPLETO-DO-PARTICIPANTE-DA-BANCA="Silvio Eutimio de Barros" NOME-PARA-CITACAO-DO-PARTICIPANTE-DA-BANCA="BARROS, S. E." ORDEM-PARTICIPANTE="1" NRO-ID-CNPQ="2849734134066469"/><AREAS-DO-CONHECIMENTO><AREA-DO-CONHECIMENTO-1 NOME-GRANDE-AREA-DO-CONHECIMENTO="CIENCIAS_EXATAS_E_DA_TERRA" NOME-DA-AREA-DO-CONHECIMENTO="" NOME-DA-SUB-AREA-DO-CONHECIMENTO="Metodologia e Técnicas da Computação" NOME-DA-ESPECIALIDADE="Engenharia de Software"/></AREAS-DO-CONHECIMENTO><INFORMACOES-ADICIONAIS DESCRICAO-INFORMACOES-ADICIONAIS="Descrever as alterações de comportamento e postura que um testador tradicional deverá conter para adequar seu trabalho ao framework ágil Scrum; com o objetivo de estudar o Processo Ágil Scrum, e sua aplicabilidade no Teste de Software. Inicialmente é apresentado o conceito de Testes de Software e o framework Scrum, sua origem, ciclo de vida, seus papeis e ferramentas. Além disso, é apresentada a aplicabilidade do Scrum no Teste de Software" DESCRICAO-INFORMACOES-ADICIONAIS-INGLES=""/></PARTICIPACAO-EM-BANCA-DE-GRADUACAO><PARTICIPACAO-EM-BANCA-DE-GRADUACAO SEQUENCIA-PRODUCAO="29"><DADOS-BASICOS-DA-PARTICIPACAO-EM-BANCA-DE-GRADUACAO NATUREZA="Graduação" TITULO="Web Services - Uma Abordagem sobre Tecnologias Envolvidas, Protocolos de Segurança e Aplicabilidade" ANO="2013" PAIS="Brasil" IDIOMA="Português" HOME-PAGE="" DOI="" TITULO-INGLES=""/><DETALHAMENTO-DA-PARTICIPACAO-EM-BANCA-DE-GRADUACAO NOME-DO-CANDIDATO="Eduardo Guedes da Silva, Gilson Pereira Bernardes" CODIGO-INSTITUICAO="201900000008" NOME-INSTITUICAO="Centro Universitário Augusto Motta" CODIGO-ORGAO="" NOME-ORGAO="" CODIGO-CURSO="90000005" NOME-CURSO="SUPERIOR DE TECNOLOGIA" NOME-CURSO-INGLES=""/><PARTICIPANTE-BANCA NOME-COMPLETO-DO-PARTICIPANTE-DA-BANCA="MARCO ANTONIO XAVIER VALENTIM" NOME-PARA-CITACAO-DO-PARTICIPANTE-DA-BANCA="VALENTIM, M. A. X." ORDEM-PARTICIPANTE="3" NRO-ID-CNPQ=""/><PARTICIPANTE-BANCA NOME-COMPLETO-DO-PARTICIPANTE-DA-BANCA="Nathielly de Souza Campos" NOME-PARA-CITACAO-DO-PARTICIPANTE-DA-BANCA="CAMPOS, N. S." ORDEM-PARTICIPANTE="2" NRO-ID-CNPQ=""/><PARTICIPANTE-BANCA NOME-COMPLETO-DO-PARTICIPANTE-DA-BANCA="Silvio Eutimio de Barros" NOME-PARA-CITACAO-DO-PARTICIPANTE-DA-BANCA="BARROS, S. E." ORDEM-PARTICIPANTE="1" NRO-ID-CNPQ="2849734134066469"/><AREAS-DO-CONHECIMENTO><AREA-DO-CONHECIMENTO-1 NOME-GRANDE-AREA-DO-CONHECIMENTO="CIENCIAS_EXATAS_E_DA_TERRA" NOME-DA-AREA-DO-CONHECIMENTO="" NOME-DA-SUB-AREA-DO-CONHECIMENTO="" NOME-DA-ESPECIALIDADE=""/></AREAS-DO-CONHECIMENTO><INFORMACOES-ADICIONAIS DESCRICAO-INFORMACOES-ADICIONAIS="Objetiva proporcionar um embasamento teórico sobre a arquitetura, tecnologias e aplicativos envolvidos no desenvolvimento de Web Services. Apresentará também os principais recursos utilizados para definir métodos e políticas de segurança e fornecerá uma visão detalhada sobre a aplicabilidade da tecnologia de Web Services nos negócios de TI." DESCRICAO-INFORMACOES-ADICIONAIS-INGLES=""/></PARTICIPACAO-EM-BANCA-DE-GRADUACAO></PARTICIPACAO-EM-BANCA-TRABALHOS-CONCLUSAO><PARTICIPACAO-EM-EVENTOS-CONGRESSOS><PARTICIPACAO-EM-CONGRESSO SEQUENCIA-PRODUCAO="9"><PARTICIPANTE-DE-EVENTOS-CONGRESSOS NOME-COMPLETO-DO-PARTICIPANTE-DE-EVENTOS-CONGRESSOS="Silvio Eutimio de Barros" NOME-PARA-CITACAO-DO-PARTICIPANTE-DE-EVENTOS-CONGRESSOS="BARROS, S. E." ORDEM-PARTICIPANTE="1" NRO-ID-CNPQ="2849734134066469"/><DADOS-BASICOS-DA-PARTICIPACAO-EM-CONGRESSO NATUREZA="Congresso" TITULO="" ANO="1994" PAIS="Brasil" IDIOMA="" MEIO-DE-DIVULGACAO="NAO_INFORMADO" HOME-PAGE-DO-TRABALHO="" FLAG-RELEVANCIA="NAO" TIPO-PARTICIPACAO="" FORMA-PARTICIPACAO="Ouvinte" DOI="" TITULO-INGLES="" FLAG-DIVULGACAO-CIENTIFICA="NAO"/><DETALHAMENTO-DA-PARTICIPACAO-EM-CONGRESSO NOME-DO-EVENTO="CONGRESSO GERAL" CODIGO-INSTITUICAO="" NOME-INSTITUICAO="" LOCAL-DO-EVENTO="" CIDADE-DO-EVENTO="SÃO PAULO" NOME-DO-EVENTO-INGLES=""/></PARTICIPACAO-EM-CONGRESSO><PARTICIPACAO-EM-CONGRESSO SEQUENCIA-PRODUCAO="8"><PARTICIPANTE-DE-EVENTOS-CONGRESSOS NOME-COMPLETO-DO-PARTICIPANTE-DE-EVENTOS-CONGRESSOS="Silvio Eutimio de Barros" NOME-PARA-CITACAO-DO-PARTICIPANTE-DE-EVENTOS-CONGRESSOS="BARROS, S. E." ORDEM-PARTICIPANTE="1" NRO-ID-CNPQ="2849734134066469"/><DADOS-BASICOS-DA-PARTICIPACAO-EM-CONGRESSO NATUREZA="Congresso" TITULO="" ANO="1994" PAIS="Brasil" IDIOMA="" MEIO-DE-DIVULGACAO="NAO_INFORMADO" HOME-PAGE-DO-TRABALHO="" FLAG-RELEVANCIA="NAO" TIPO-PARTICIPACAO="" FORMA-PARTICIPACAO="Ouvinte" DOI="" TITULO-INGLES="" FLAG-DIVULGACAO-CIENTIFICA="NAO"/><DETALHAMENTO-DA-PARTICIPACAO-EM-CONGRESSO NOME-DO-EVENTO="COMO FAZER AUTORIA EM MULTIMÍDIA" CODIGO-INSTITUICAO="" NOME-INSTITUICAO="" LOCAL-DO-EVENTO="" CIDADE-DO-EVENTO="SÃO PAULO" NOME-DO-EVENTO-INGLES=""/></PARTICIPACAO-EM-CONGRESSO><PARTICIPACAO-EM-CONGRESSO SEQUENCIA-PRODUCAO="25"><PARTICIPANTE-DE-EVENTOS-CONGRESSOS NOME-COMPLETO-DO-PARTICIPANTE-DE-EVENTOS-CONGRESSOS="Silvio Eutimio de Barros" NOME-PARA-CITACAO-DO-PARTICIPANTE-DE-EVENTOS-CONGRESSOS="BARROS, S. E." ORDEM-PARTICIPANTE="1" NRO-ID-CNPQ="2849734134066469"/><DADOS-BASICOS-DA-PARTICIPACAO-EM-CONGRESSO NATUREZA="Congresso" TITULO="" ANO="2013" PAIS="Brasil" IDIOMA="" MEIO-DE-DIVULGACAO="NAO_INFORMADO" HOME-PAGE-DO-TRABALHO="" FLAG-RELEVANCIA="NAO" TIPO-PARTICIPACAO="" FORMA-PARTICIPACAO="Ouvinte" DOI="" TITULO-INGLES="" FLAG-DIVULGACAO-CIENTIFICA="NAO"/><DETALHAMENTO-DA-PARTICIPACAO-EM-CONGRESSO NOME-DO-EVENTO="FUTURECOM" CODIGO-INSTITUICAO="" NOME-INSTITUICAO="" LOCAL-DO-EVENTO="" CIDADE-DO-EVENTO="Rio de Janeiro" NOME-DO-EVENTO-INGLES=""/></PARTICIPACAO-EM-CONGRESSO><PARTICIPACAO-EM-CONGRESSO SEQUENCIA-PRODUCAO="6"><PARTICIPANTE-DE-EVENTOS-CONGRESSOS NOME-COMPLETO-DO-PARTICIPANTE-DE-EVENTOS-CONGRESSOS="Silvio Eutimio de Barros" NOME-PARA-CITACAO-DO-PARTICIPANTE-DE-EVENTOS-CONGRESSOS="BARROS, S. E." ORDEM-PARTICIPANTE="1" NRO-ID-CNPQ="2849734134066469"/><DADOS-BASICOS-DA-PARTICIPACAO-EM-CONGRESSO NATUREZA="Congresso" TITULO="" ANO="1995" PAIS="Brasil" IDIOMA="" MEIO-DE-DIVULGACAO="NAO_INFORMADO" HOME-PAGE-DO-TRABALHO="" FLAG-RELEVANCIA="NAO" TIPO-PARTICIPACAO="" FORMA-PARTICIPACAO="Ouvinte" DOI="" TITULO-INGLES="" FLAG-DIVULGACAO-CIENTIFICA="NAO"/><DETALHAMENTO-DA-PARTICIPACAO-EM-CONGRESSO NOME-DO-EVENTO="CONGRESSO GERAL EXPONET 95" CODIGO-INSTITUICAO="" NOME-INSTITUICAO="" LOCAL-DO-EVENTO="" CIDADE-DO-EVENTO="SÃO PAULO" NOME-DO-EVENTO-INGLES=""/></PARTICIPACAO-EM-CONGRESSO><PARTICIPACAO-EM-CONGRESSO SEQUENCIA-PRODUCAO="19"><PARTICIPANTE-DE-EVENTOS-CONGRESSOS NOME-COMPLETO-DO-PARTICIPANTE-DE-EVENTOS-CONGRESSOS="Silvio Eutimio de Barros" NOME-PARA-CITACAO-DO-PARTICIPANTE-DE-EVENTOS-CONGRESSOS="BARROS, S. E." ORDEM-PARTICIPANTE="1" NRO-ID-CNPQ="2849734134066469"/><DADOS-BASICOS-DA-PARTICIPACAO-EM-CONGRESSO NATUREZA="Congresso" TITULO="" ANO="2011" PAIS="Brasil" IDIOMA="" MEIO-DE-DIVULGACAO="NAO_INFORMADO" HOME-PAGE-DO-TRABALHO="" FLAG-RELEVANCIA="NAO" TIPO-PARTICIPACAO="" FORMA-PARTICIPACAO="Ouvinte" DOI="" TITULO-INGLES="" FLAG-DIVULGACAO-CIENTIFICA="NAO"/><DETALHAMENTO-DA-PARTICIPACAO-EM-CONGRESSO NOME-DO-EVENTO="RIOINFO" CODIGO-INSTITUICAO="" NOME-INSTITUICAO="" LOCAL-DO-EVENTO="" CIDADE-DO-EVENTO="Rio de Janeiro" NOME-DO-EVENTO-INGLES=""/></PARTICIPACAO-EM-CONGRESSO><PARTICIPACAO-EM-CONGRESSO SEQUENCIA-PRODUCAO="21"><PARTICIPANTE-DE-EVENTOS-CONGRESSOS NOME-COMPLETO-DO-PARTICIPANTE-DE-EVENTOS-CONGRESSOS="Silvio Eutimio de Barros" NOME-PARA-CITACAO-DO-PARTICIPANTE-DE-EVENTOS-CONGRESSOS="BARROS, S. E." ORDEM-PARTICIPANTE="1" NRO-ID-CNPQ="2849734134066469"/><DADOS-BASICOS-DA-PARTICIPACAO-EM-CONGRESSO NATUREZA="Congresso" TITULO="" ANO="2009" PAIS="Brasil" IDIOMA="" MEIO-DE-DIVULGACAO="NAO_INFORMADO" HOME-PAGE-DO-TRABALHO="" FLAG-RELEVANCIA="NAO" TIPO-PARTICIPACAO="" FORMA-PARTICIPACAO="Ouvinte" DOI="" TITULO-INGLES="" FLAG-DIVULGACAO-CIENTIFICA="NAO"/><DETALHAMENTO-DA-PARTICIPACAO-EM-CONGRESSO NOME-DO-EVENTO="RIOINFO" CODIGO-INSTITUICAO="" NOME-INSTITUICAO="" LOCAL-DO-EVENTO="" CIDADE-DO-EVENTO="Rio de Janeiro" NOME-DO-EVENTO-INGLES=""/></PARTICIPACAO-EM-CONGRESSO><PARTICIPACAO-EM-CONGRESSO SEQUENCIA-PRODUCAO="7"><PARTICIPANTE-DE-EVENTOS-CONGRESSOS NOME-COMPLETO-DO-PARTICIPANTE-DE-EVENTOS-CONGRESSOS="Silvio Eutimio de Barros" NOME-PARA-CITACAO-DO-PARTICIPANTE-DE-EVENTOS-CONGRESSOS="BARROS, S. E." ORDEM-PARTICIPANTE="1" NRO-ID-CNPQ="2849734134066469"/><DADOS-BASICOS-DA-PARTICIPACAO-EM-CONGRESSO NATUREZA="Congresso" TITULO="" ANO="1994" PAIS="Brasil" IDIOMA="" MEIO-DE-DIVULGACAO="NAO_INFORMADO" HOME-PAGE-DO-TRABALHO="" FLAG-RELEVANCIA="NAO" TIPO-PARTICIPACAO="" FORMA-PARTICIPACAO="Ouvinte" DOI="" TITULO-INGLES="" FLAG-DIVULGACAO-CIENTIFICA="NAO"/><DETALHAMENTO-DA-PARTICIPACAO-EM-CONGRESSO NOME-DO-EVENTO="IMPLEMENTAÇÃO DE INTERFACES MULTIMIDIA" CODIGO-INSTITUICAO="" NOME-INSTITUICAO="" LOCAL-DO-EVENTO="" CIDADE-DO-EVENTO="SÃO PAULO" NOME-DO-EVENTO-INGLES=""/></PARTICIPACAO-EM-CONGRESSO><PARTICIPACAO-EM-CONGRESSO SEQUENCIA-PRODUCAO="5"><PARTICIPANTE-DE-EVENTOS-CONGRESSOS NOME-COMPLETO-DO-PARTICIPANTE-DE-EVENTOS-CONGRESSOS="Silvio Eutimio de Barros" NOME-PARA-CITACAO-DO-PARTICIPANTE-DE-EVENTOS-CONGRESSOS="BARROS, S. E." ORDEM-PARTICIPANTE="1" NRO-ID-CNPQ="2849734134066469"/><DADOS-BASICOS-DA-PARTICIPACAO-EM-CONGRESSO NATUREZA="Congresso" TITULO="" ANO="1995" PAIS="Brasil" IDIOMA="" MEIO-DE-DIVULGACAO="NAO_INFORMADO" HOME-PAGE-DO-TRABALHO="" FLAG-RELEVANCIA="NAO" TIPO-PARTICIPACAO="" FORMA-PARTICIPACAO="Ouvinte" DOI="" TITULO-INGLES="" FLAG-DIVULGACAO-CIENTIFICA="NAO"/><DETALHAMENTO-DA-PARTICIPACAO-EM-CONGRESSO NOME-DO-EVENTO="PROJETO DE REDES CORPORATIVAS - NOVA TCHNOLOGIA" CODIGO-INSTITUICAO="" NOME-INSTITUICAO="" LOCAL-DO-EVENTO="" CIDADE-DO-EVENTO="SÃO PAULO" NOME-DO-EVENTO-INGLES=""/></PARTICIPACAO-EM-CONGRESSO><PARTICIPACAO-EM-CONGRESSO SEQUENCIA-PRODUCAO="32"><PARTICIPANTE-DE-EVENTOS-CONGRESSOS NOME-COMPLETO-DO-PARTICIPANTE-DE-EVENTOS-CONGRESSOS="Silvio Eutimio de Barros" NOME-PARA-CITACAO-DO-PARTICIPANTE-DE-EVENTOS-CONGRESSOS="BARROS, S. E." ORDEM-PARTICIPANTE="1" NRO-ID-CNPQ="2849734134066469"/><DADOS-BASICOS-DA-PARTICIPACAO-EM-CONGRESSO NATUREZA="Congresso" TITULO="" ANO="2015" PAIS="Brasil" IDIOMA="" MEIO-DE-DIVULGACAO="NAO_INFORMADO" HOME-PAGE-DO-TRABALHO="" FLAG-RELEVANCIA="NAO" TIPO-PARTICIPACAO="" FORMA-PARTICIPACAO="Ouvinte" DOI="" TITULO-INGLES="" FLAG-DIVULGACAO-CIENTIFICA="NAO"/><DETALHAMENTO-DA-PARTICIPACAO-EM-CONGRESSO NOME-DO-EVENTO="Program Portifolio Management Summit" CODIGO-INSTITUICAO="" NOME-INSTITUICAO="" LOCAL-DO-EVENTO="" CIDADE-DO-EVENTO="Rio de Janeiro" NOME-DO-EVENTO-INGLES=""/></PARTICIPACAO-EM-CONGRESSO><PARTICIPACAO-EM-CONGRESSO SEQUENCIA-PRODUCAO="33"><PARTICIPANTE-DE-EVENTOS-CONGRESSOS NOME-COMPLETO-DO-PARTICIPANTE-DE-EVENTOS-CONGRESSOS="Silvio Eutimio de Barros" NOME-PARA-CITACAO-DO-PARTICIPANTE-DE-EVENTOS-CONGRESSOS="BARROS, S. E." ORDEM-PARTICIPANTE="1" NRO-ID-CNPQ="2849734134066469"/><DADOS-BASICOS-DA-PARTICIPACAO-EM-CONGRESSO NATUREZA="Congresso" TITULO="" ANO="2015" PAIS="Brasil" IDIOMA="" MEIO-DE-DIVULGACAO="NAO_INFORMADO" HOME-PAGE-DO-TRABALHO="" FLAG-RELEVANCIA="NAO" TIPO-PARTICIPACAO="" FORMA-PARTICIPACAO="Ouvinte" DOI="" TITULO-INGLES="" FLAG-DIVULGACAO-CIENTIFICA="NAO"/><DETALHAMENTO-DA-PARTICIPACAO-EM-CONGRESSO NOME-DO-EVENTO="RIO INFO" CODIGO-INSTITUICAO="" NOME-INSTITUICAO="" LOCAL-DO-EVENTO="" CIDADE-DO-EVENTO="Rio de Janeiro" NOME-DO-EVENTO-INGLES=""/></PARTICIPACAO-EM-CONGRESSO><PARTICIPACAO-EM-OFICINA SEQUENCIA-PRODUCAO="20"><PARTICIPANTE-DE-EVENTOS-CONGRESSOS NOME-COMPLETO-DO-PARTICIPANTE-DE-EVENTOS-CONGRESSOS="Silvio Eutimio de Barros" NOME-PARA-CITACAO-DO-PARTICIPANTE-DE-EVENTOS-CONGRESSOS="BARROS, S. E." ORDEM-PARTICIPANTE="1" NRO-ID-CNPQ="2849734134066469"/><DADOS-BASICOS-DA-PARTICIPACAO-EM-OFICINA NATUREZA="Oficina" TITULO="" ANO="2011" PAIS="Brasil" IDIOMA="" MEIO-DE-DIVULGACAO="NAO_INFORMADO" HOME-PAGE-DO-TRABALHO="" FLAG-RELEVANCIA="NAO" TIPO-PARTICIPACAO="" FORMA-PARTICIPACAO="Ouvinte" DOI="" TITULO-INGLES="" FLAG-DIVULGACAO-CIENTIFICA="NAO"/><DETALHAMENTO-DA-PARTICIPACAO-EM-OFICINA NOME-DO-EVENTO="WorkShop Metodologias Ageis - RIOINFO" CODIGO-INSTITUICAO="" NOME-INSTITUICAO="" LOCAL-DO-EVENTO="" CIDADE-DO-EVENTO="Rio de Janeiro" NOME-DO-EVENTO-INGLES=""/></PARTICIPACAO-EM-OFICINA><PARTICIPACAO-EM-OFICINA SEQUENCIA-PRODUCAO="11"><PARTICIPANTE-DE-EVENTOS-CONGRESSOS NOME-COMPLETO-DO-PARTICIPANTE-DE-EVENTOS-CONGRESSOS="Silvio Eutimio de Barros" NOME-PARA-CITACAO-DO-PARTICIPANTE-DE-EVENTOS-CONGRESSOS="BARROS, S. E." ORDEM-PARTICIPANTE="1" NRO-ID-CNPQ="2849734134066469"/><AREAS-DO-CONHECIMENTO><AREA-DO-CONHECIMENTO-1 NOME-GRANDE-AREA-DO-CONHECIMENTO="CIENCIAS_HUMANAS" NOME-DA-AREA-DO-CONHECIMENTO="" NOME-DA-SUB-AREA-DO-CONHECIMENTO="" NOME-DA-ESPECIALIDADE=""/></AREAS-DO-CONHECIMENTO><DADOS-BASICOS-DA-PARTICIPACAO-EM-OFICINA NATUREZA="Oficina" TITULO="" ANO="2000" PAIS="Brasil" IDIOMA="" MEIO-DE-DIVULGACAO="NAO_INFORMADO" HOME-PAGE-DO-TRABALHO="" FLAG-RELEVANCIA="NAO" TIPO-PARTICIPACAO="" FORMA-PARTICIPACAO="Ouvinte" DOI="" TITULO-INGLES="" FLAG-DIVULGACAO-CIENTIFICA="NAO"/><DETALHAMENTO-DA-PARTICIPACAO-EM-OFICINA NOME-DO-EVENTO="Painel" CODIGO-INSTITUICAO="" NOME-INSTITUICAO="" LOCAL-DO-EVENTO="" CIDADE-DO-EVENTO="Rio de Janeiro" NOME-DO-EVENTO-INGLES=""/></PARTICIPACAO-EM-OFICINA></PARTICIPACAO-EM-EVENTOS-CONGRESSOS><INFORMACOES-ADICIONAIS-INSTITUICOES><INFORMACAO-ADICIONAL-INSTITUICAO CODIGO-INSTITUICAO="000100000991" SIGLA-INSTITUICAO="SIN" SIGLA-UF-INSTITUICAO="SP" SIGLA-PAIS-INSTITUICAO="BRA" NOME-PAIS-INSTITUICAO="Brasil" FLAG-AGENCIA-FOMENTO="NAO" FLAG-INSTITUICAO-DE-ENSINO="NAO"/><INFORMACAO-ADICIONAL-INSTITUICAO CODIGO-INSTITUICAO="000200000993" SIGLA-INSTITUICAO="CONSIST" SIGLA-UF-INSTITUICAO="RJ" SIGLA-PAIS-INSTITUICAO="BRA" NOME-PAIS-INSTITUICAO="Brasil" FLAG-AGENCIA-FOMENTO="NAO" FLAG-INSTITUICAO-DE-ENSINO="NAO"/><INFORMACAO-ADICIONAL-INSTITUICAO CODIGO-INSTITUICAO="000300000995" SIGLA-INSTITUICAO="APOIO" SIGLA-UF-INSTITUICAO="RJ" SIGLA-PAIS-INSTITUICAO="BRA" NOME-PAIS-INSTITUICAO="Brasil" FLAG-AGENCIA-FOMENTO="NAO" FLAG-INSTITUICAO-DE-ENSINO="NAO"/><INFORMACAO-ADICIONAL-INSTITUICAO CODIGO-INSTITUICAO="000400000008" SIGLA-INSTITUICAO="FGV" SIGLA-UF-INSTITUICAO="RJ" SIGLA-PAIS-INSTITUICAO="BRA" NOME-PAIS-INSTITUICAO="Brasil" FLAG-AGENCIA-FOMENTO="NAO" FLAG-INSTITUICAO-DE-ENSINO="SIM"/><INFORMACAO-ADICIONAL-INSTITUICAO CODIGO-INSTITUICAO="000400000997" SIGLA-INSTITUICAO="DISMORE" SIGLA-UF-INSTITUICAO="RJ" SIGLA-PAIS-INSTITUICAO="BRA" NOME-PAIS-INSTITUICAO="Brasil" FLAG-AGENCIA-FOMENTO="NAO" FLAG-INSTITUICAO-DE-ENSINO="NAO"/><INFORMACAO-ADICIONAL-INSTITUICAO CODIGO-INSTITUICAO="000500000999" SIGLA-INSTITUICAO="EMBRATEL" SIGLA-UF-INSTITUICAO="RJ" SIGLA-PAIS-INSTITUICAO="BRA" NOME-PAIS-INSTITUICAO="Brasil" FLAG-AGENCIA-FOMENTO="NAO" FLAG-INSTITUICAO-DE-ENSINO="NAO"/><INFORMACAO-ADICIONAL-INSTITUICAO CODIGO-INSTITUICAO="000501000992" SIGLA-INSTITUICAO="" SIGLA-UF-INSTITUICAO="RJ" SIGLA-PAIS-INSTITUICAO="BRA" NOME-PAIS-INSTITUICAO="Brasil" FLAG-AGENCIA-FOMENTO="NAO" FLAG-INSTITUICAO-DE-ENSINO="NAO"/><INFORMACAO-ADICIONAL-INSTITUICAO CODIGO-INSTITUICAO="000502000996" SIGLA-INSTITUICAO="" SIGLA-UF-INSTITUICAO="RJ" SIGLA-PAIS-INSTITUICAO="BRA" NOME-PAIS-INSTITUICAO="Brasil" FLAG-AGENCIA-FOMENTO="NAO" FLAG-INSTITUICAO-DE-ENSINO="NAO"/><INFORMACAO-ADICIONAL-INSTITUICAO CODIGO-INSTITUICAO="000503000990" SIGLA-INSTITUICAO="" SIGLA-UF-INSTITUICAO="RJ" SIGLA-PAIS-INSTITUICAO="BRA" NOME-PAIS-INSTITUICAO="Brasil" FLAG-AGENCIA-FOMENTO="NAO" FLAG-INSTITUICAO-DE-ENSINO="NAO"/><INFORMACAO-ADICIONAL-INSTITUICAO CODIGO-INSTITUICAO="000600000990" SIGLA-INSTITUICAO="SETA" SIGLA-UF-INSTITUICAO="SP" SIGLA-PAIS-INSTITUICAO="BRA" NOME-PAIS-INSTITUICAO="Brasil" FLAG-AGENCIA-FOMENTO="NAO" FLAG-INSTITUICAO-DE-ENSINO="NAO"/><INFORMACAO-ADICIONAL-INSTITUICAO CODIGO-INSTITUICAO="083201000990" SIGLA-INSTITUICAO="" SIGLA-UF-INSTITUICAO="RJ" SIGLA-PAIS-INSTITUICAO="BRA" NOME-PAIS-INSTITUICAO="Brasil" FLAG-AGENCIA-FOMENTO="NAO" FLAG-INSTITUICAO-DE-ENSINO="NAO"/><INFORMACAO-ADICIONAL-INSTITUICAO CODIGO-INSTITUICAO="177800000000" SIGLA-INSTITUICAO="IBPI*" SIGLA-UF-INSTITUICAO="SP" SIGLA-PAIS-INSTITUICAO="BRA" NOME-PAIS-INSTITUICAO="Brasil" FLAG-AGENCIA-FOMENTO="NAO" FLAG-INSTITUICAO-DE-ENSINO="NAO"/><INFORMACAO-ADICIONAL-INSTITUICAO CODIGO-INSTITUICAO="201900000008" SIGLA-INSTITUICAO="UNISUAM" SIGLA-UF-INSTITUICAO="RJ" SIGLA-PAIS-INSTITUICAO="BRA" NOME-PAIS-INSTITUICAO="Brasil" FLAG-AGENCIA-FOMENTO="NAO" FLAG-INSTITUICAO-DE-ENSINO="SIM"/><INFORMACAO-ADICIONAL-INSTITUICAO CODIGO-INSTITUICAO="201901000990" SIGLA-INSTITUICAO="" SIGLA-UF-INSTITUICAO="RJ" SIGLA-PAIS-INSTITUICAO="BRA" NOME-PAIS-INSTITUICAO="Brasil" FLAG-AGENCIA-FOMENTO="NAO" FLAG-INSTITUICAO-DE-ENSINO="NAO"/><INFORMACAO-ADICIONAL-INSTITUICAO CODIGO-INSTITUICAO="294800000006" SIGLA-INSTITUICAO="UNESA" SIGLA-UF-INSTITUICAO="RJ" SIGLA-PAIS-INSTITUICAO="BRA" NOME-PAIS-INSTITUICAO="Brasil" FLAG-AGENCIA-FOMENTO="NAO" FLAG-INSTITUICAO-DE-ENSINO="SIM"/><INFORMACAO-ADICIONAL-INSTITUICAO CODIGO-INSTITUICAO="507300000005" SIGLA-INSTITUICAO="ISEP" SIGLA-UF-INSTITUICAO="RJ" SIGLA-PAIS-INSTITUICAO="BRA" NOME-PAIS-INSTITUICAO="Brasil" FLAG-AGENCIA-FOMENTO="NAO" FLAG-INSTITUICAO-DE-ENSINO="SIM"/><INFORMACAO-ADICIONAL-INSTITUICAO CODIGO-INSTITUICAO="910400000002" SIGLA-INSTITUICAO="DIGILAB" SIGLA-UF-INSTITUICAO="SP" SIGLA-PAIS-INSTITUICAO="BRA" NOME-PAIS-INSTITUICAO="Brasil" FLAG-AGENCIA-FOMENTO="NAO" FLAG-INSTITUICAO-DE-ENSINO="NAO"/><INFORMACAO-ADICIONAL-INSTITUICAO CODIGO-INSTITUICAO="985600041952" SIGLA-INSTITUICAO="CPQD" SIGLA-UF-INSTITUICAO="SP" SIGLA-PAIS-INSTITUICAO="BRA" NOME-PAIS-INSTITUICAO="Brasil" FLAG-AGENCIA-FOMENTO="NAO" FLAG-INSTITUICAO-DE-ENSINO="NAO"/><INFORMACAO-ADICIONAL-INSTITUICAO CODIGO-INSTITUICAO="I1WK00000005" SIGLA-INSTITUICAO="TELEMAR" SIGLA-UF-INSTITUICAO="MA" SIGLA-PAIS-INSTITUICAO="BRA" NOME-PAIS-INSTITUICAO="Brasil" FLAG-AGENCIA-FOMENTO="NAO" FLAG-INSTITUICAO-DE-ENSINO="NAO"/></INFORMACOES-ADICIONAIS-INSTITUICOES><INFORMACOES-ADICIONAIS-CURSOS><INFORMACAO-ADICIONAL-CURSO CODIGO-CURSO="90000000" CODIGO-ORGAO="" NOME-ORGAO="" CODIGO-INSTITUICAO="294800000006" NOME-INSTITUICAO="Universidade Estácio de Sá" NOME-GRANDE-AREA-DO-CONHECIMENTO="CIENCIAS_EXATAS_E_DA_TERRA" NOME-DA-AREA-DO-CONHECIMENTO="Ciência da Computação" NOME-DA-SUB-AREA-DO-CONHECIMENTO="" NOME-DA-ESPECIALIDADE="" NIVEL-CURSO="GRADUACAO"/><INFORMACAO-ADICIONAL-CURSO CODIGO-CURSO="90000001" CODIGO-ORGAO="" NOME-ORGAO="" CODIGO-INSTITUICAO="507300000005" NOME-INSTITUICAO="Instituto Superior de Estudos Pedagogicos" NOME-GRANDE-AREA-DO-CONHECIMENTO="CIENCIAS_HUMANAS" NOME-DA-AREA-DO-CONHECIMENTO="Educação" NOME-DA-SUB-AREA-DO-CONHECIMENTO="" NOME-DA-ESPECIALIDADE="" NIVEL-CURSO="APERFEICOAMENTO"/><INFORMACAO-ADICIONAL-CURSO CODIGO-CURSO="90000002" CODIGO-ORGAO="" NOME-ORGAO="" CODIGO-INSTITUICAO="032600000000" NOME-INSTITUICAO="Universidade do Estado do Rio de Janeiro" NOME-GRANDE-AREA-DO-CONHECIMENTO="CIENCIAS_EXATAS_E_DA_TERRA" NOME-DA-AREA-DO-CONHECIMENTO="Ciência da Computação" NOME-DA-SUB-AREA-DO-CONHECIMENTO="Metodologia e Técnicas da Computação" NOME-DA-ESPECIALIDADE="Sistemas de Informação" NIVEL-CURSO="APERFEICOAMENTO"/><INFORMACAO-ADICIONAL-CURSO CODIGO-CURSO="90000003" CODIGO-ORGAO="" NOME-ORGAO="" CODIGO-INSTITUICAO="201900000008" NOME-INSTITUICAO="Centro Universitário Augusto Motta" NOME-GRANDE-AREA-DO-CONHECIMENTO="CIENCIAS_EXATAS_E_DA_TERRA" NOME-DA-AREA-DO-CONHECIMENTO="Ciência da Computação" NOME-DA-SUB-AREA-DO-CONHECIMENTO="" NOME-DA-ESPECIALIDADE="" NIVEL-CURSO="GRADUACAO"/><INFORMACAO-ADICIONAL-CURSO CODIGO-CURSO="90000004" CODIGO-ORGAO="" NOME-ORGAO="" CODIGO-INSTITUICAO="201900000008" NOME-INSTITUICAO="Centro Universitário Augusto Motta" NOME-GRANDE-AREA-DO-CONHECIMENTO="CIENCIAS_EXATAS_E_DA_TERRA" NOME-DA-AREA-DO-CONHECIMENTO="Ciência da Computação" NOME-DA-SUB-AREA-DO-CONHECIMENTO="" NOME-DA-ESPECIALIDADE="" NIVEL-CURSO="GRADUACAO"/><INFORMACAO-ADICIONAL-CURSO CODIGO-CURSO="90000005" CODIGO-ORGAO="" NOME-ORGAO="" CODIGO-INSTITUICAO="201900000008" NOME-INSTITUICAO="Centro Universitário Augusto Motta" NOME-GRANDE-AREA-DO-CONHECIMENTO="CIENCIAS_EXATAS_E_DA_TERRA" NOME-DA-AREA-DO-CONHECIMENTO="Ciência da Computação" NOME-DA-SUB-AREA-DO-CONHECIMENTO="" NOME-DA-ESPECIALIDADE="" NIVEL-CURSO="GRADUACAO"/><INFORMACAO-ADICIONAL-CURSO CODIGO-CURSO="90000006" CODIGO-ORGAO="" NOME-ORGAO="" CODIGO-INSTITUICAO="032600000000" NOME-INSTITUICAO="Universidade do Estado do Rio de Janeiro" NOME-GRANDE-AREA-DO-CONHECIMENTO="CIENCIAS_EXATAS_E_DA_TERRA" NOME-DA-AREA-DO-CONHECIMENTO="Ciência da Computação" NOME-DA-SUB-AREA-DO-CONHECIMENTO="" NOME-DA-ESPECIALIDADE="" NIVEL-CURSO="APERFEICOAMENTO"/><INFORMACAO-ADICIONAL-CURSO CODIGO-CURSO="90000007" CODIGO-ORGAO="" NOME-ORGAO="" CODIGO-INSTITUICAO="000100000991" NOME-INSTITUICAO="Sinergia de Informações" NOME-GRANDE-AREA-DO-CONHECIMENTO="CIENCIAS_EXATAS_E_DA_TERRA" NOME-DA-AREA-DO-CONHECIMENTO="Ciência da Computação" NOME-DA-SUB-AREA-DO-CONHECIMENTO="" NOME-DA-ESPECIALIDADE="" NIVEL-CURSO="CURSO_DE_CURTA_DURACAO"/><INFORMACAO-ADICIONAL-CURSO CODIGO-CURSO="90000008" CODIGO-ORGAO="" NOME-ORGAO="" CODIGO-INSTITUICAO="000200000993" NOME-INSTITUICAO="CONSIT - Software AG" NOME-GRANDE-AREA-DO-CONHECIMENTO="CIENCIAS_EXATAS_E_DA_TERRA" NOME-DA-AREA-DO-CONHECIMENTO="Ciência da Computação" NOME-DA-SUB-AREA-DO-CONHECIMENTO="" NOME-DA-ESPECIALIDADE="" NIVEL-CURSO="CURSO_DE_CURTA_DURACAO"/><INFORMACAO-ADICIONAL-CURSO CODIGO-CURSO="90000009" CODIGO-ORGAO="" NOME-ORGAO="" CODIGO-INSTITUICAO="000200000993" NOME-INSTITUICAO="CONSIT - Software AG" NOME-GRANDE-AREA-DO-CONHECIMENTO="CIENCIAS_EXATAS_E_DA_TERRA" NOME-DA-AREA-DO-CONHECIMENTO="Ciência da Computação" NOME-DA-SUB-AREA-DO-CONHECIMENTO="" NOME-DA-ESPECIALIDADE="" NIVEL-CURSO="CURSO_DE_CURTA_DURACAO"/><INFORMACAO-ADICIONAL-CURSO CODIGO-CURSO="90000010" CODIGO-ORGAO="" NOME-ORGAO="" CODIGO-INSTITUICAO="910400000002" NOME-INSTITUICAO="Digilab Laboratório Digital" NOME-GRANDE-AREA-DO-CONHECIMENTO="CIENCIAS_EXATAS_E_DA_TERRA" NOME-DA-AREA-DO-CONHECIMENTO="Ciência da Computação" NOME-DA-SUB-AREA-DO-CONHECIMENTO="" NOME-DA-ESPECIALIDADE="" NIVEL-CURSO="CURSO_DE_CURTA_DURACAO"/><INFORMACAO-ADICIONAL-CURSO CODIGO-CURSO="90000011" CODIGO-ORGAO="" NOME-ORGAO="" CODIGO-INSTITUICAO="177800000000" NOME-INSTITUICAO="Instituto Brasileiro de Pesquisa em Informática" NOME-GRANDE-AREA-DO-CONHECIMENTO="CIENCIAS_EXATAS_E_DA_TERRA" NOME-DA-AREA-DO-CONHECIMENTO="Ciência da Computação" NOME-DA-SUB-AREA-DO-CONHECIMENTO="" NOME-DA-ESPECIALIDADE="" NIVEL-CURSO="CURSO_DE_CURTA_DURACAO"/><INFORMACAO-ADICIONAL-CURSO CODIGO-CURSO="90000012" CODIGO-ORGAO="" NOME-ORGAO="" CODIGO-INSTITUICAO="177800000000" NOME-INSTITUICAO="Instituto Brasileiro de Pesquisa em Informática" NOME-GRANDE-AREA-DO-CONHECIMENTO="CIENCIAS_EXATAS_E_DA_TERRA" NOME-DA-AREA-DO-CONHECIMENTO="Ciência da Computação" NOME-DA-SUB-AREA-DO-CONHECIMENTO="" NOME-DA-ESPECIALIDADE="" NIVEL-CURSO="CURSO_DE_CURTA_DURACAO"/><INFORMACAO-ADICIONAL-CURSO CODIGO-CURSO="90000013" CODIGO-ORGAO="" NOME-ORGAO="" CODIGO-INSTITUICAO="000400000997" NOME-INSTITUICAO="Dismore Associates" NOME-GRANDE-AREA-DO-CONHECIMENTO="OUTROS" NOME-DA-AREA-DO-CONHECIMENTO="" NOME-DA-SUB-AREA-DO-CONHECIMENTO="" NOME-DA-ESPECIALIDADE="" NIVEL-CURSO="OT"/><INFORMACAO-ADICIONAL-CURSO CODIGO-CURSO="90000014" CODIGO-ORGAO="" NOME-ORGAO="" CODIGO-INSTITUICAO="000600000990" NOME-INSTITUICAO="Seta Desenvolvimento Gerencial Ltda" NOME-GRANDE-AREA-DO-CONHECIMENTO="CIENCIAS_HUMANAS" NOME-DA-AREA-DO-CONHECIMENTO="Educação" NOME-DA-SUB-AREA-DO-CONHECIMENTO="Ensino-Aprendizagem" NOME-DA-ESPECIALIDADE="" NIVEL-CURSO="CURSO_DE_CURTA_DURACAO"/><INFORMACAO-ADICIONAL-CURSO CODIGO-CURSO="90000015" CODIGO-ORGAO="" NOME-ORGAO="" CODIGO-INSTITUICAO="000600000990" NOME-INSTITUICAO="Seta Desenvolvimento Gerencial Ltda" NOME-GRANDE-AREA-DO-CONHECIMENTO="CIENCIAS_HUMANAS" NOME-DA-AREA-DO-CONHECIMENTO="Educação" NOME-DA-SUB-AREA-DO-CONHECIMENTO="" NOME-DA-ESPECIALIDADE="" NIVEL-CURSO="ESPECIALIZACAO"/><INFORMACAO-ADICIONAL-CURSO CODIGO-CURSO="90000016" CODIGO-ORGAO="" NOME-ORGAO="" CODIGO-INSTITUICAO="000500000999" NOME-INSTITUICAO="EMPRESA BRASILEIRA DE TELECOMUNICAÇÕES" NOME-GRANDE-AREA-DO-CONHECIMENTO="OUTROS" NOME-DA-AREA-DO-CONHECIMENTO="Multidisciplinar" NOME-DA-SUB-AREA-DO-CONHECIMENTO="" NOME-DA-ESPECIALIDADE="" NIVEL-CURSO="CURSO_DE_CURTA_DURACAO"/><INFORMACAO-ADICIONAL-CURSO CODIGO-CURSO="90000017" CODIGO-ORGAO="" NOME-ORGAO="" CODIGO-INSTITUICAO="201900000008" NOME-INSTITUICAO="Centro Universitário Augusto Motta" NOME-GRANDE-AREA-DO-CONHECIMENTO="CIENCIAS_EXATAS_E_DA_TERRA" NOME-DA-AREA-DO-CONHECIMENTO="Ciência da Computação" NOME-DA-SUB-AREA-DO-CONHECIMENTO="" NOME-DA-ESPECIALIDADE="" NIVEL-CURSO="MESTRADO_DOUTORADO"/><INFORMACAO-ADICIONAL-CURSO CODIGO-CURSO="90000018" CODIGO-ORGAO="" NOME-ORGAO="" CODIGO-INSTITUICAO="000400000008" NOME-INSTITUICAO="Fundação Getúlio Vargas" NOME-GRANDE-AREA-DO-CONHECIMENTO="CIENCIAS_EXATAS_E_DA_TERRA" NOME-DA-AREA-DO-CONHECIMENTO="Ciência da Computação" NOME-DA-SUB-AREA-DO-CONHECIMENTO="Sistemas de Computação" NOME-DA-ESPECIALIDADE="" NIVEL-CURSO="CURSO_DE_CURTA_DURACAO"/><INFORMACAO-ADICIONAL-CURSO CODIGO-CURSO="90000019" CODIGO-ORGAO="" NOME-ORGAO="" CODIGO-INSTITUICAO="000400000008" NOME-INSTITUICAO="Fundação Getúlio Vargas" NOME-GRANDE-AREA-DO-CONHECIMENTO="CIENCIAS_EXATAS_E_DA_TERRA" NOME-DA-AREA-DO-CONHECIMENTO="Ciência da Computação" NOME-DA-SUB-AREA-DO-CONHECIMENTO="Sistemas de Computação" NOME-DA-ESPECIALIDADE="" NIVEL-CURSO="CURSO_DE_CURTA_DURACAO"/></INFORMACOES-ADICIONAIS-CURSOS></DADOS-COMPLEMENTARES><eventos/></CURRICULO-VITAE>