<CURRICULO-VITAE SISTEMA-ORIGEM-XML="LATTES_OFFLINE" NUMERO-IDENTIFICADOR="4855095056721191" FORMATO-DATA-ATUALIZACAO="DDMMAAAA" DATA-ATUALIZACAO="02022017" FORMATO-HORA-ATUALIZACAO="HHMMSS" HORA-ATUALIZACAO="201632"><DADOS-GERAIS NOME-COMPLETO="Raquel Espirito Santo" NOME-EM-CITACOES-BIBLIOGRAFICAS="SANTO, R. E.;Santo, Raquel Espírito" NACIONALIDADE="B" PAIS-DE-NASCIMENTO="Brasil" FORMATO-DATA-DE-NASCIMENTO="DDMMAAAA" FORMATO-DATA-DE-EMISSAO="DDMMAAAA" PERMISSAO-DE-DIVULGACAO="NAO" DATA-FALECIMENTO="" SIGLA-PAIS-NACIONALIDADE="BRA" PAIS-DE-NACIONALIDADE="Brasil"><RESUMO-CV TEXTO-RESUMO-CV-RH="Possui graduação em Nutrição pela Universidade Federal do Rio de Janeiro (2011). Especialização em Nutrição Clínica (2011) pela Universidade Federal do Rio de Janeiro e mestrado em Pesquisa Clinica em Doencas Infeciosas pelo IPEC/FIOCRUZ (2013). Atualmente é nutricionista no Instituto Nacional de Infectologia (INI) da Fundação Oswaldo Cruz, onde atuo na assistência, na avaliação e acompanhamento nutricional de pacientes internados e ambulatoriais.  Na área da docência, atua como professora auxiliar em nível de graduação no curso de Nutrição do Centro Universitário Augusto Motta." TEXTO-RESUMO-CV-RH-EN="bachelor's at Nutrição from Universidade Federal do Rio de Janeiro (2011)."/><ENDERECO FLAG-DE-PREFERENCIA="ENDERECO_RESIDENCIAL"><ENDERECO-PROFISSIONAL CODIGO-INSTITUICAO-EMPRESA="000200000993" NOME-INSTITUICAO-EMPRESA="Fundação Oswaldo Cruz" CODIGO-ORGAO="000202000990" NOME-ORGAO="IPEC" CODIGO-UNIDADE="" NOME-UNIDADE="" LOGRADOURO-COMPLEMENTO="Av. Brasil 4365" PAIS="Brasil" UF="RJ" CEP="21040360" CIDADE="Rio de Janeiro" BAIRRO="Manguinhos" DDD="" TELEFONE="" RAMAL="" FAX="" E-MAIL="santo.raquel@yahoo.com.br" HOME-PAGE=""/></ENDERECO><FORMACAO-ACADEMICA-TITULACAO><GRADUACAO SEQUENCIA-FORMACAO="1" NIVEL="1" TITULO-DO-TRABALHO-DE-CONCLUSAO-DE-CURSO="" NOME-DO-ORIENTADOR="" CODIGO-INSTITUICAO="020200000009" NOME-INSTITUICAO="Universidade Federal do Rio de Janeiro" CODIGO-ORGAO="" NOME-ORGAO="" CODIGO-CURSO="90000000" NOME-CURSO="Nutrição" CODIGO-AREA-CURSO="90000000" STATUS-DO-CURSO="CONCLUIDO" ANO-DE-INICIO="2006" ANO-DE-CONCLUSAO="2011" FLAG-BOLSA="SIM" CODIGO-AGENCIA-FINANCIADORA="002200000000" NOME-AGENCIA="Conselho Nacional de Desenvolvimento Científico e Tecnológico" NUMERO-ID-ORIENTADOR="" CODIGO-CURSO-CAPES="" TITULO-DO-TRABALHO-DE-CONCLUSAO-DE-CURSO-INGLES="" NOME-CURSO-INGLES="" FORMACAO-ACADEMICA-TITULACAO="" TIPO-GRADUACAO="" CODIGO-INSTITUICAO-GRAD="" NOME-INSTITUICAO-GRAD="" CODIGO-INSTITUICAO-OUTRA-GRAD="" NOME-INSTITUICAO-OUTRA-GRAD="" NOME-ORIENTADOR-GRAD=""/><ESPECIALIZACAO SEQUENCIA-FORMACAO="3" NIVEL="2" TITULO-DA-MONOGRAFIA="Avaliação do perfil nutricional de homens portadores do HIV virgens de tratamento antiretroviral." NOME-DO-ORIENTADOR="Wilza Arantes Ferreira Peres e Patrícia Dias de Brito" CODIGO-INSTITUICAO="020200000009" NOME-INSTITUICAO="Universidade Federal do Rio de Janeiro" CODIGO-ORGAO="" NOME-ORGAO="" CODIGO-CURSO="90000004" NOME-CURSO="Lato Sensu em Nutrição Clínica" STATUS-DO-CURSO="CONCLUIDO" ANO-DE-INICIO="2010" ANO-DE-CONCLUSAO="2011" FLAG-BOLSA="NAO" CODIGO-AGENCIA-FINANCIADORA="" NOME-AGENCIA="" CARGA-HORARIA="450" TITULO-DA-MONOGRAFIA-INGLES="" NOME-CURSO-INGLES=""/><MESTRADO SEQUENCIA-FORMACAO="5" NIVEL="3" CODIGO-INSTITUICAO="003900000001" NOME-INSTITUICAO="Fundação Oswaldo Cruz" CODIGO-ORGAO="" NOME-ORGAO="" CODIGO-CURSO="60020407" NOME-CURSO="Pesquisa Clinica em Doenças Infecciosas" CODIGO-AREA-CURSO="40100006" STATUS-DO-CURSO="CONCLUIDO" ANO-DE-INICIO="2011" ANO-DE-CONCLUSAO="2013" FLAG-BOLSA="SIM" CODIGO-AGENCIA-FINANCIADORA="000200000993" NOME-AGENCIA="Fundação Oswaldo Cruz" ANO-DE-OBTENCAO-DO-TITULO="2013" TITULO-DA-DISSERTACAO-TESE="Avaliação do risco cardiovascular através dos indicadores de obesidade e de distribuição da gordura corporal em portadores de HIV virgens de tratamento antirretroviral" NOME-COMPLETO-DO-ORIENTADOR="Valdilea Gonçalves Veloso" TIPO-MESTRADO="N" NUMERO-ID-ORIENTADOR="6266684004174408" CODIGO-CURSO-CAPES="31010016008P4" TITULO-DA-DISSERTACAO-TESE-INGLES="" NOME-CURSO-INGLES="Medicine" NOME-DO-CO-ORIENTADOR="Patrícia Dias de Brito" CODIGO-INSTITUICAO-DOUT="" NOME-INSTITUICAO-DOUT="" CODIGO-INSTITUICAO-OUTRA-DOUT="" NOME-INSTITUICAO-OUTRA-DOUT="" NOME-ORIENTADOR-DOUT=""><PALAVRAS-CHAVE PALAVRA-CHAVE-1="HIV" PALAVRA-CHAVE-2="Doenças Cardiovasculares" PALAVRA-CHAVE-3="Obesidade" PALAVRA-CHAVE-4="Composição corporal" PALAVRA-CHAVE-5="" PALAVRA-CHAVE-6=""/><AREAS-DO-CONHECIMENTO><AREA-DO-CONHECIMENTO-1 NOME-GRANDE-AREA-DO-CONHECIMENTO="CIENCIAS_DA_SAUDE" NOME-DA-AREA-DO-CONHECIMENTO="" NOME-DA-SUB-AREA-DO-CONHECIMENTO="" NOME-DA-ESPECIALIDADE=""/><AREA-DO-CONHECIMENTO-2 NOME-GRANDE-AREA-DO-CONHECIMENTO="CIENCIAS_DA_SAUDE" NOME-DA-AREA-DO-CONHECIMENTO="Medicina" NOME-DA-SUB-AREA-DO-CONHECIMENTO="Clínica Médica" NOME-DA-ESPECIALIDADE="Doenças Infecciosas e Parasitárias"/><AREA-DO-CONHECIMENTO-3 NOME-GRANDE-AREA-DO-CONHECIMENTO="CIENCIAS_DA_SAUDE" NOME-DA-AREA-DO-CONHECIMENTO="Nutrição" NOME-DA-SUB-AREA-DO-CONHECIMENTO="Dietética" NOME-DA-ESPECIALIDADE=""/></AREAS-DO-CONHECIMENTO><conceitoCapes/></MESTRADO></FORMACAO-ACADEMICA-TITULACAO><ATUACOES-PROFISSIONAIS><ATUACAO-PROFISSIONAL CODIGO-INSTITUICAO="020200000009" NOME-INSTITUICAO="Universidade Federal do Rio de Janeiro" SEQUENCIA-ATIVIDADE="1" SEQUENCIA-IMPORTANCIA=""><VINCULOS SEQUENCIA-HISTORICO="1" TIPO-DE-VINCULO="LIVRE" ENQUADRAMENTO-FUNCIONAL="LIVRE" CARGA-HORARIA-SEMANAL="" FLAG-DEDICACAO-EXCLUSIVA="NAO" MES-INICIO="" ANO-INICIO="2009" MES-FIM="12" ANO-FIM="2010" OUTRAS-INFORMACOES="Aluna de Iniciação Científica na Pesquisa intitulada Associações das concentrações de adiponectina, leptina e insulina no sangue do cordão umbilical com os parâmetros antropométricos de recém-nascidos de mães adolescentes e adultas." FLAG-VINCULO-EMPREGATICIO="SIM" OUTRO-VINCULO-INFORMADO="Livre" OUTRO-ENQUADRAMENTO-FUNCIONAL-INFORMADO="Iniciação científica" OUTRO-ENQUADRAMENTO-FUNCIONAL-INFORMADO-INGLES="" OUTRAS-INFORMACOES-INGLES=""/><VINCULOS SEQUENCIA-HISTORICO="2" TIPO-DE-VINCULO="LIVRE" ENQUADRAMENTO-FUNCIONAL="LIVRE" CARGA-HORARIA-SEMANAL="" FLAG-DEDICACAO-EXCLUSIVA="NAO" MES-INICIO="" ANO-INICIO="2007" MES-FIM="" ANO-FIM="2008" OUTRAS-INFORMACOES="Aluna de Iniciação Científica na Pesquisa intitulada Perfil materno-fetal de minerais de adolescentes em comparação com adultas." FLAG-VINCULO-EMPREGATICIO="SIM" OUTRO-VINCULO-INFORMADO="Livre" OUTRO-ENQUADRAMENTO-FUNCIONAL-INFORMADO="Iniciação científica" OUTRO-ENQUADRAMENTO-FUNCIONAL-INFORMADO-INGLES="" OUTRAS-INFORMACOES-INGLES=""/><atividadesProfissionaisPlanificadas/></ATUACAO-PROFISSIONAL><ATUACAO-PROFISSIONAL CODIGO-INSTITUICAO="003900000001" NOME-INSTITUICAO="Fundação Oswaldo Cruz" SEQUENCIA-ATIVIDADE="2" SEQUENCIA-IMPORTANCIA=""><VINCULOS SEQUENCIA-HISTORICO="1" TIPO-DE-VINCULO="LIVRE" ENQUADRAMENTO-FUNCIONAL="LIVRE" CARGA-HORARIA-SEMANAL="20" FLAG-DEDICACAO-EXCLUSIVA="NAO" MES-INICIO="02" ANO-INICIO="2009" MES-FIM="12" ANO-FIM="2010" OUTRAS-INFORMACOES="Estágios , Nutrição." FLAG-VINCULO-EMPREGATICIO="SIM" OUTRO-VINCULO-INFORMADO="Bolsista" OUTRO-ENQUADRAMENTO-FUNCIONAL-INFORMADO="Estagiária" OUTRO-ENQUADRAMENTO-FUNCIONAL-INFORMADO-INGLES="" OUTRAS-INFORMACOES-INGLES=""/><atividadesProfissionaisPlanificadas/></ATUACAO-PROFISSIONAL><ATUACAO-PROFISSIONAL CODIGO-INSTITUICAO="000200000993" NOME-INSTITUICAO="Fundação Oswaldo Cruz" SEQUENCIA-ATIVIDADE="3" SEQUENCIA-IMPORTANCIA=""><VINCULOS SEQUENCIA-HISTORICO="1" TIPO-DE-VINCULO="LIVRE" ENQUADRAMENTO-FUNCIONAL="LIVRE" CARGA-HORARIA-SEMANAL="40" FLAG-DEDICACAO-EXCLUSIVA="NAO" MES-INICIO="07" ANO-INICIO="2011" MES-FIM="" ANO-FIM="" OUTRAS-INFORMACOES="" FLAG-VINCULO-EMPREGATICIO="NAO" OUTRO-VINCULO-INFORMADO="" OUTRO-ENQUADRAMENTO-FUNCIONAL-INFORMADO="Nutrcionista Clínica" OUTRO-ENQUADRAMENTO-FUNCIONAL-INFORMADO-INGLES="" OUTRAS-INFORMACOES-INGLES=""/><atividadesProfissionaisPlanificadas/></ATUACAO-PROFISSIONAL><ATUACAO-PROFISSIONAL CODIGO-INSTITUICAO="294800000006" NOME-INSTITUICAO="Universidade Estácio de Sá" SEQUENCIA-ATIVIDADE="4" SEQUENCIA-IMPORTANCIA=""><VINCULOS SEQUENCIA-HISTORICO="1" TIPO-DE-VINCULO="LIVRE" ENQUADRAMENTO-FUNCIONAL="LIVRE" CARGA-HORARIA-SEMANAL="" FLAG-DEDICACAO-EXCLUSIVA="NAO" MES-INICIO="" ANO-INICIO="2014" MES-FIM="" ANO-FIM="2014" OUTRAS-INFORMACOES="Professora palestrante convidada a ministrar os módulos de AIDS e Sepse no módulo de Estados Hipermetabólicos II no Curso de Pós Graduação em Nutrição Clínica da Estácio de Sá, Rio de Janeiro, RJ. Carga horária total de 8h. São ministradas 2 aulas com 4 h de duração cada." FLAG-VINCULO-EMPREGATICIO="SIM" OUTRO-VINCULO-INFORMADO="Livre" OUTRO-ENQUADRAMENTO-FUNCIONAL-INFORMADO="Professor palestrante" OUTRO-ENQUADRAMENTO-FUNCIONAL-INFORMADO-INGLES="" OUTRAS-INFORMACOES-INGLES=""/><atividadesProfissionaisPlanificadas/></ATUACAO-PROFISSIONAL><ATUACAO-PROFISSIONAL CODIGO-INSTITUICAO="032600000000" NOME-INSTITUICAO="Universidade do Estado do Rio de Janeiro" SEQUENCIA-ATIVIDADE="5" SEQUENCIA-IMPORTANCIA="5"><VINCULOS SEQUENCIA-HISTORICO="1" TIPO-DE-VINCULO="LIVRE" ENQUADRAMENTO-FUNCIONAL="LIVRE" CARGA-HORARIA-SEMANAL="" FLAG-DEDICACAO-EXCLUSIVA="NAO" MES-INICIO="" ANO-INICIO="2015" MES-FIM="" ANO-FIM="2015" OUTRAS-INFORMACOES="Professora palestrante convidada a ministrar os módulos de AIDS e Imunomodulação na disciplina de Nutrição Clínica 2 no Curso de Especialização em Terapia Nutricional da UERJ, Rio de Janeiro, RJ. Carga horária total de 4h." FLAG-VINCULO-EMPREGATICIO="SIM" OUTRO-VINCULO-INFORMADO="Livre" OUTRO-ENQUADRAMENTO-FUNCIONAL-INFORMADO="Professor Palestrante" OUTRO-ENQUADRAMENTO-FUNCIONAL-INFORMADO-INGLES="" OUTRAS-INFORMACOES-INGLES=""/><atividadesProfissionaisPlanificadas/></ATUACAO-PROFISSIONAL><ATUACAO-PROFISSIONAL CODIGO-INSTITUICAO="201900000008" NOME-INSTITUICAO="Centro Universitário Augusto Motta" SEQUENCIA-ATIVIDADE="6" SEQUENCIA-IMPORTANCIA="6"><VINCULOS SEQUENCIA-HISTORICO="1" TIPO-DE-VINCULO="LIVRE" ENQUADRAMENTO-FUNCIONAL="LIVRE" CARGA-HORARIA-SEMANAL="20" FLAG-DEDICACAO-EXCLUSIVA="NAO" MES-INICIO="05" ANO-INICIO="2015" MES-FIM="" ANO-FIM="" OUTRAS-INFORMACOES="Disciplina: Nutrição Clínica, Nutrição nas fases da vida e Avaliação nutricional." FLAG-VINCULO-EMPREGATICIO="SIM" OUTRO-VINCULO-INFORMADO="" OUTRO-ENQUADRAMENTO-FUNCIONAL-INFORMADO="Professor auxiliar" OUTRO-ENQUADRAMENTO-FUNCIONAL-INFORMADO-INGLES="" OUTRAS-INFORMACOES-INGLES=""/><atividadesProfissionaisPlanificadas/></ATUACAO-PROFISSIONAL></ATUACOES-PROFISSIONAIS><AREAS-DE-ATUACAO><AREA-DE-ATUACAO SEQUENCIA-AREA-DE-ATUACAO="1" NOME-GRANDE-AREA-DO-CONHECIMENTO="CIENCIAS_DA_SAUDE" NOME-DA-AREA-DO-CONHECIMENTO="Nutrição" NOME-DA-SUB-AREA-DO-CONHECIMENTO="Dietética" NOME-DA-ESPECIALIDADE=""/></AREAS-DE-ATUACAO><IDIOMAS><IDIOMA IDIOMA="EN" DESCRICAO-DO-IDIOMA="Inglês" PROFICIENCIA-DE-LEITURA="BEM" PROFICIENCIA-DE-FALA="RAZOAVELMENTE" PROFICIENCIA-DE-ESCRITA="RAZOAVELMENTE" PROFICIENCIA-DE-COMPREENSAO="BEM"/></IDIOMAS><PREMIOS-TITULOS><PREMIO-TITULO NOME-DO-PREMIO-OU-TITULO="2º lugar na Reunião Anual dos Usuários do LNLS." NOME-DA-ENTIDADE-PROMOTORA="Laboratório Nacional de Luz Síncrotron" ANO-DA-PREMIACAO="2008" NOME-DO-PREMIO-OU-TITULO-INGLES=""/><PREMIO-TITULO NOME-DO-PREMIO-OU-TITULO="Menção honrosa na XXIII Reunião Anual da FeSBE." NOME-DA-ENTIDADE-PROMOTORA="Federação das Sociedades de Biologia Experimental." ANO-DA-PREMIACAO="2008" NOME-DO-PREMIO-OU-TITULO-INGLES=""/></PREMIOS-TITULOS><staValidado/><dataExibicao/><dadosBolsista/></DADOS-GERAIS><PRODUCAO-BIBLIOGRAFICA><TRABALHOS-EM-EVENTOS><TRABALHO-EM-EVENTOS SEQUENCIA-PRODUCAO="1"><DADOS-BASICOS-DO-TRABALHO NATUREZA="RESUMO" TITULO-DO-TRABALHO="Mineral contents in fetal and maternal placenta from teenager mothers using total reflection X-ray fluorescence spectrometry" ANO-DO-TRABALHO="2008" PAIS-DO-EVENTO="Brasil" IDIOMA="Português" MEIO-DE-DIVULGACAO="IMPRESSO" HOME-PAGE-DO-TRABALHO="" FLAG-RELEVANCIA="NAO" DOI="" TITULO-DO-TRABALHO-INGLES="" FLAG-DIVULGACAO-CIENTIFICA="NAO"/><DETALHAMENTO-DO-TRABALHO CLASSIFICACAO-DO-EVENTO="NACIONAL" NOME-DO-EVENTO="XVIII Reunião Anual dos Usuários do Laboratório Nacional de Luz Síncrotron" CIDADE-DO-EVENTO="Campinas" ANO-DE-REALIZACAO="2008" TITULO-DOS-ANAIS-OU-PROCEEDINGS="18a Reunião Anual de Usuários do Laboratório Nacional de Luz Síncroton" VOLUME="" FASCICULO="" SERIE="" PAGINA-INICIAL="91" PAGINA-FINAL="91" ISBN="" NOME-DA-EDITORA="" CIDADE-DA-EDITORA="" NOME-DO-EVENTO-INGLES=""/><AUTORES NOME-COMPLETO-DO-AUTOR="Renata Faria Barbosa" NOME-PARA-CITACAO="BARBOSA, R. F." ORDEM-DE-AUTORIA="1" NRO-ID-CNPQ=""/><AUTORES NOME-COMPLETO-DO-AUTOR="milena lima de moraes" NOME-PARA-CITACAO="MORAES, M. L." ORDEM-DE-AUTORIA="2" NRO-ID-CNPQ="9081322952084753"/><AUTORES NOME-COMPLETO-DO-AUTOR="Flávia da Silva Santos" NOME-PARA-CITACAO="SANTOS, F. S." ORDEM-DE-AUTORIA="3" NRO-ID-CNPQ=""/><AUTORES NOME-COMPLETO-DO-AUTOR="Raquel Espirito Santo" NOME-PARA-CITACAO="SANTO, R. E.;Santo, Raquel Espírito" ORDEM-DE-AUTORIA="4" NRO-ID-CNPQ="4855095056721191"/><AUTORES NOME-COMPLETO-DO-AUTOR="Edgar Francisco Oliveira de Jesus" NOME-PARA-CITACAO="JESUS, E. F. O." ORDEM-DE-AUTORIA="5" NRO-ID-CNPQ=""/><AUTORES NOME-COMPLETO-DO-AUTOR="Marcelino José dos Anjos" NOME-PARA-CITACAO="ANJOS, M. J." ORDEM-DE-AUTORIA="6" NRO-ID-CNPQ=""/><AUTORES NOME-COMPLETO-DO-AUTOR="Maria das Graças Tavares do Carmo" NOME-PARA-CITACAO="TAVARES DO CARMO, M. G." ORDEM-DE-AUTORIA="7" NRO-ID-CNPQ=""/></TRABALHO-EM-EVENTOS><TRABALHO-EM-EVENTOS SEQUENCIA-PRODUCAO="2"><DADOS-BASICOS-DO-TRABALHO NATUREZA="RESUMO" TITULO-DO-TRABALHO="Prevalência de desnutrição em pacientes com paraparesia espástica tropical causada pelo HTLV." ANO-DO-TRABALHO="2009" PAIS-DO-EVENTO="Brasil" IDIOMA="Português" MEIO-DE-DIVULGACAO="NAO_INFORMADO" HOME-PAGE-DO-TRABALHO="" FLAG-RELEVANCIA="SIM" DOI="" TITULO-DO-TRABALHO-INGLES="" FLAG-DIVULGACAO-CIENTIFICA="NAO"/><DETALHAMENTO-DO-TRABALHO CLASSIFICACAO-DO-EVENTO="NACIONAL" NOME-DO-EVENTO="III Congresso Brasileiro de Nutrição Integrada e GANEPÃO, 2009" CIDADE-DO-EVENTO="São Paulo" ANO-DE-REALIZACAO="2009" TITULO-DOS-ANAIS-OU-PROCEEDINGS="Anais do III Congresso Brasileiro de Nutrição Integrada e GANEPÃO" VOLUME="" FASCICULO="" SERIE="" PAGINA-INICIAL="101" PAGINA-FINAL="101" ISBN="" NOME-DA-EDITORA="" CIDADE-DA-EDITORA="" NOME-DO-EVENTO-INGLES=""/><AUTORES NOME-COMPLETO-DO-AUTOR="Cristiane Fonseca de Almeida" NOME-PARA-CITACAO="ALMEIDA, C. F." ORDEM-DE-AUTORIA="1" NRO-ID-CNPQ=""/><AUTORES NOME-COMPLETO-DO-AUTOR="Patrícia Dias de Brito" NOME-PARA-CITACAO="BRITO, P. D." ORDEM-DE-AUTORIA="2" NRO-ID-CNPQ="9059675098804893"/><AUTORES NOME-COMPLETO-DO-AUTOR="Cláudia Santos de Aguiar Cardoso" NOME-PARA-CITACAO="CARDOSO, C. S. A." ORDEM-DE-AUTORIA="3" NRO-ID-CNPQ=""/><AUTORES NOME-COMPLETO-DO-AUTOR="Paula Simplicio Silva" NOME-PARA-CITACAO="SILVA, P. S." ORDEM-DE-AUTORIA="4" NRO-ID-CNPQ=""/><AUTORES NOME-COMPLETO-DO-AUTOR="Raquel Espirito Santo" NOME-PARA-CITACAO="SANTO, R. E.;Santo, Raquel Espírito" ORDEM-DE-AUTORIA="5" NRO-ID-CNPQ="4855095056721191"/></TRABALHO-EM-EVENTOS><TRABALHO-EM-EVENTOS SEQUENCIA-PRODUCAO="3"><DADOS-BASICOS-DO-TRABALHO NATUREZA="RESUMO" TITULO-DO-TRABALHO="Evolução Nutricional de pacientes internados em instituição pública especializada em doenças infecto-contagiosas recebendo suplementação nutricional oral associada a dieta oral." ANO-DO-TRABALHO="2009" PAIS-DO-EVENTO="Brasil" IDIOMA="Português" MEIO-DE-DIVULGACAO="IMPRESSO" HOME-PAGE-DO-TRABALHO="" FLAG-RELEVANCIA="SIM" DOI="" TITULO-DO-TRABALHO-INGLES="" FLAG-DIVULGACAO-CIENTIFICA="NAO"/><DETALHAMENTO-DO-TRABALHO CLASSIFICACAO-DO-EVENTO="NACIONAL" NOME-DO-EVENTO="XVIII Congresso Brasileiro de Nutrição Parenteral e Enteral" CIDADE-DO-EVENTO="Natal" ANO-DE-REALIZACAO="2009" TITULO-DOS-ANAIS-OU-PROCEEDINGS="Revista Brasileira de Nutrição Clínica" VOLUME="24" FASCICULO="" SERIE="" PAGINA-INICIAL="71" PAGINA-FINAL="71" ISBN="" NOME-DA-EDITORA="" CIDADE-DA-EDITORA="" NOME-DO-EVENTO-INGLES=""/><AUTORES NOME-COMPLETO-DO-AUTOR="Raquel Espirito Santo" NOME-PARA-CITACAO="SANTO, R. E.;Santo, Raquel Espírito" ORDEM-DE-AUTORIA="1" NRO-ID-CNPQ="4855095056721191"/><AUTORES NOME-COMPLETO-DO-AUTOR="Patrícia Dias de Brito" NOME-PARA-CITACAO="BRITO, P. D." ORDEM-DE-AUTORIA="2" NRO-ID-CNPQ="9059675098804893"/><AUTORES NOME-COMPLETO-DO-AUTOR="Cláudia Santos de Aguiar Cardoso" NOME-PARA-CITACAO="CARDOSO, C. S. A." ORDEM-DE-AUTORIA="3" NRO-ID-CNPQ=""/><AUTORES NOME-COMPLETO-DO-AUTOR="Paula Simplicio Silva" NOME-PARA-CITACAO="SILVA, P. S." ORDEM-DE-AUTORIA="4" NRO-ID-CNPQ=""/><AUTORES NOME-COMPLETO-DO-AUTOR="André menezes Japiassu" NOME-PARA-CITACAO="JAPIASSU, A. M." ORDEM-DE-AUTORIA="5" NRO-ID-CNPQ=""/><AUTORES NOME-COMPLETO-DO-AUTOR="Cristiane Fonseca de Almeida" NOME-PARA-CITACAO="ALMEIDA, C. F." ORDEM-DE-AUTORIA="6" NRO-ID-CNPQ=""/></TRABALHO-EM-EVENTOS><TRABALHO-EM-EVENTOS SEQUENCIA-PRODUCAO="5"><DADOS-BASICOS-DO-TRABALHO NATUREZA="RESUMO" TITULO-DO-TRABALHO="Maternal-Fetal distribuition of minerals in teenagers compared with adult women." ANO-DO-TRABALHO="2009" PAIS-DO-EVENTO="Austrália" IDIOMA="Inglês" MEIO-DE-DIVULGACAO="NAO_INFORMADO" HOME-PAGE-DO-TRABALHO="" FLAG-RELEVANCIA="SIM" DOI="" TITULO-DO-TRABALHO-INGLES="" FLAG-DIVULGACAO-CIENTIFICA="NAO"/><DETALHAMENTO-DO-TRABALHO CLASSIFICACAO-DO-EVENTO="INTERNACIONAL" NOME-DO-EVENTO="International Federation of the Placenta Association Meeting" CIDADE-DO-EVENTO="Adelaide" ANO-DE-REALIZACAO="2009" TITULO-DOS-ANAIS-OU-PROCEEDINGS="Placenta, 2009" VOLUME="30" FASCICULO="" SERIE="" PAGINA-INICIAL="A96" PAGINA-FINAL="A96" ISBN="" NOME-DA-EDITORA="" CIDADE-DA-EDITORA="" NOME-DO-EVENTO-INGLES=""/><AUTORES NOME-COMPLETO-DO-AUTOR="Moraes, Milena Lima" NOME-PARA-CITACAO="Moraes, Milena Lima" ORDEM-DE-AUTORIA="1" NRO-ID-CNPQ=""/><AUTORES NOME-COMPLETO-DO-AUTOR="Renata Faria Barbosa" NOME-PARA-CITACAO="BARBOSA, R. F." ORDEM-DE-AUTORIA="2" NRO-ID-CNPQ=""/><AUTORES NOME-COMPLETO-DO-AUTOR="Raquel Espirito Santo" NOME-PARA-CITACAO="SANTO, R. E." ORDEM-DE-AUTORIA="3" NRO-ID-CNPQ=""/><AUTORES NOME-COMPLETO-DO-AUTOR="Flávia da Silva Santos" NOME-PARA-CITACAO="SANTOS, F. S." ORDEM-DE-AUTORIA="4" NRO-ID-CNPQ=""/><AUTORES NOME-COMPLETO-DO-AUTOR="Edgar Francisco Oliveira de Jesus" NOME-PARA-CITACAO="JESUS, E. F. O." ORDEM-DE-AUTORIA="5" NRO-ID-CNPQ=""/><AUTORES NOME-COMPLETO-DO-AUTOR="Maria das Graças Tavares do Carmo" NOME-PARA-CITACAO="TAVARES DO CARMO, M. G." ORDEM-DE-AUTORIA="6" NRO-ID-CNPQ=""/></TRABALHO-EM-EVENTOS><TRABALHO-EM-EVENTOS SEQUENCIA-PRODUCAO="6"><DADOS-BASICOS-DO-TRABALHO NATUREZA="RESUMO" TITULO-DO-TRABALHO="Teores de minerais no sangue materno e do cordão umbilical de adolescentes em comparação com adultas." ANO-DO-TRABALHO="2008" PAIS-DO-EVENTO="Brasil" IDIOMA="Português" MEIO-DE-DIVULGACAO="NAO_INFORMADO" HOME-PAGE-DO-TRABALHO="" FLAG-RELEVANCIA="NAO" DOI="" TITULO-DO-TRABALHO-INGLES="" FLAG-DIVULGACAO-CIENTIFICA="NAO"/><DETALHAMENTO-DO-TRABALHO CLASSIFICACAO-DO-EVENTO="NACIONAL" NOME-DO-EVENTO="Congresso Brasileiro de Ensino e Pesquisa em Saúde da Criança e do Adolescentes." CIDADE-DO-EVENTO="Rio de Janeiro" ANO-DE-REALIZACAO="2008" TITULO-DOS-ANAIS-OU-PROCEEDINGS="Revista da Sociedade de Pediatria do Estado do Rio de Janeiro" VOLUME="1" FASCICULO="" SERIE="" PAGINA-INICIAL="P-013" PAGINA-FINAL="" ISBN="" NOME-DA-EDITORA="" CIDADE-DA-EDITORA="" NOME-DO-EVENTO-INGLES=""/><AUTORES NOME-COMPLETO-DO-AUTOR="Moraes, Milena Lima" NOME-PARA-CITACAO="Moraes, Milena Lima" ORDEM-DE-AUTORIA="1" NRO-ID-CNPQ=""/><AUTORES NOME-COMPLETO-DO-AUTOR="Renata Faria Barbosa" NOME-PARA-CITACAO="BARBOSA, R. F." ORDEM-DE-AUTORIA="2" NRO-ID-CNPQ=""/><AUTORES NOME-COMPLETO-DO-AUTOR="Raquel Espirito Santo" NOME-PARA-CITACAO="SANTO, R. E." ORDEM-DE-AUTORIA="3" NRO-ID-CNPQ=""/><AUTORES NOME-COMPLETO-DO-AUTOR="Lívia Belcastro de Almeida" NOME-PARA-CITACAO="ALMEIDA, L. B." ORDEM-DE-AUTORIA="4" NRO-ID-CNPQ=""/><AUTORES NOME-COMPLETO-DO-AUTOR="Flávia da Silva Santos" NOME-PARA-CITACAO="SANTOS, F. S." ORDEM-DE-AUTORIA="5" NRO-ID-CNPQ=""/><AUTORES NOME-COMPLETO-DO-AUTOR="Edgar Francisco Oliveira de Jesus" NOME-PARA-CITACAO="JESUS, E. F. O." ORDEM-DE-AUTORIA="6" NRO-ID-CNPQ=""/><AUTORES NOME-COMPLETO-DO-AUTOR="Maria das Graças Tavares do Carmo" NOME-PARA-CITACAO="TAVARES DO CARMO, M. G." ORDEM-DE-AUTORIA="7" NRO-ID-CNPQ=""/></TRABALHO-EM-EVENTOS><TRABALHO-EM-EVENTOS SEQUENCIA-PRODUCAO="7"><DADOS-BASICOS-DO-TRABALHO NATUREZA="RESUMO" TITULO-DO-TRABALHO="Perfil materno-fetal de elementos traço de gestantes adolescentes." ANO-DO-TRABALHO="2008" PAIS-DO-EVENTO="Brasil" IDIOMA="Português" MEIO-DE-DIVULGACAO="NAO_INFORMADO" HOME-PAGE-DO-TRABALHO="" FLAG-RELEVANCIA="NAO" DOI="" TITULO-DO-TRABALHO-INGLES="" FLAG-DIVULGACAO-CIENTIFICA="NAO"/><DETALHAMENTO-DO-TRABALHO CLASSIFICACAO-DO-EVENTO="NACIONAL" NOME-DO-EVENTO="XXIII Reunão Anual da Federação de Sociedades de Biologia Experimental - FeSBE." CIDADE-DO-EVENTO="Águas de Lindóia" ANO-DE-REALIZACAO="2008" TITULO-DOS-ANAIS-OU-PROCEEDINGS="XXIII Reunão Anual da Federação de Sociedades de Biologia Experimental - FeSBE." VOLUME="" FASCICULO="" SERIE="" PAGINA-INICIAL="ResumoID:1344-1" PAGINA-FINAL="" ISBN="" NOME-DA-EDITORA="" CIDADE-DA-EDITORA="" NOME-DO-EVENTO-INGLES=""/><AUTORES NOME-COMPLETO-DO-AUTOR="milena lima de moraes" NOME-PARA-CITACAO="MORAES, M. L." ORDEM-DE-AUTORIA="1" NRO-ID-CNPQ="9081322952084753"/><AUTORES NOME-COMPLETO-DO-AUTOR="Renata Faria Barbosa" NOME-PARA-CITACAO="BARBOSA, R. F." ORDEM-DE-AUTORIA="2" NRO-ID-CNPQ=""/><AUTORES NOME-COMPLETO-DO-AUTOR="Raquel Espirito Santo" NOME-PARA-CITACAO="SANTO, R. E." ORDEM-DE-AUTORIA="3" NRO-ID-CNPQ=""/><AUTORES NOME-COMPLETO-DO-AUTOR="Lívia Belcastro de Almeida" NOME-PARA-CITACAO="ALMEIDA, L. B." ORDEM-DE-AUTORIA="4" NRO-ID-CNPQ=""/><AUTORES NOME-COMPLETO-DO-AUTOR="Flávia da Silva Santos" NOME-PARA-CITACAO="SANTOS, F. S." ORDEM-DE-AUTORIA="5" NRO-ID-CNPQ=""/><AUTORES NOME-COMPLETO-DO-AUTOR="Edgar Francisco Oliveira de Jesus" NOME-PARA-CITACAO="JESUS, E. F. O." ORDEM-DE-AUTORIA="6" NRO-ID-CNPQ=""/><AUTORES NOME-COMPLETO-DO-AUTOR="Maria das Graças Tavares do Carmo" NOME-PARA-CITACAO="TAVARES DO CARMO, M. G." ORDEM-DE-AUTORIA="7" NRO-ID-CNPQ=""/></TRABALHO-EM-EVENTOS><TRABALHO-EM-EVENTOS SEQUENCIA-PRODUCAO="8"><DADOS-BASICOS-DO-TRABALHO NATUREZA="RESUMO" TITULO-DO-TRABALHO="Associação entre Ferro e Cobre do Plasma Materno do Cordão Umbilical e Desfechos Obstétricos de Gestações Adolescentes." ANO-DO-TRABALHO="2008" PAIS-DO-EVENTO="Brasil" IDIOMA="Português" MEIO-DE-DIVULGACAO="NAO_INFORMADO" HOME-PAGE-DO-TRABALHO="" FLAG-RELEVANCIA="NAO" DOI="" TITULO-DO-TRABALHO-INGLES="" FLAG-DIVULGACAO-CIENTIFICA="NAO"/><DETALHAMENTO-DO-TRABALHO CLASSIFICACAO-DO-EVENTO="NAO_INFORMADO" NOME-DO-EVENTO="XXX Jornada Giulio Massarani de Iniciação Científica, Artística e Cultural UFRJ" CIDADE-DO-EVENTO="Rio de Janeiro" ANO-DE-REALIZACAO="2008" TITULO-DOS-ANAIS-OU-PROCEEDINGS="Livro de resumos da XXX Jornada Giulio Massarani de Iniciação Científica, Artística e Cultural UFRJ." VOLUME="" FASCICULO="" SERIE="" PAGINA-INICIAL="13" PAGINA-FINAL="" ISBN="" NOME-DA-EDITORA="" CIDADE-DA-EDITORA="" NOME-DO-EVENTO-INGLES=""/><AUTORES NOME-COMPLETO-DO-AUTOR="Raquel Espirito Santo" NOME-PARA-CITACAO="SANTO, R. E." ORDEM-DE-AUTORIA="1" NRO-ID-CNPQ=""/><AUTORES NOME-COMPLETO-DO-AUTOR="Lívia Belcastro de Almeida" NOME-PARA-CITACAO="ALMEIDA, L. B." ORDEM-DE-AUTORIA="2" NRO-ID-CNPQ=""/><AUTORES NOME-COMPLETO-DO-AUTOR="Kenia Pereira Bispo" NOME-PARA-CITACAO="BISPO, K.P." ORDEM-DE-AUTORIA="3" NRO-ID-CNPQ=""/><AUTORES NOME-COMPLETO-DO-AUTOR="milena lima de moraes" NOME-PARA-CITACAO="MORAES, M. L." ORDEM-DE-AUTORIA="4" NRO-ID-CNPQ="9081322952084753"/><AUTORES NOME-COMPLETO-DO-AUTOR="Edgar Francisco Oliveira de Jesus" NOME-PARA-CITACAO="JESUS, E. F. O." ORDEM-DE-AUTORIA="5" NRO-ID-CNPQ=""/><AUTORES NOME-COMPLETO-DO-AUTOR="Renata Faria Barbosa" NOME-PARA-CITACAO="BARBOSA, R. F." ORDEM-DE-AUTORIA="6" NRO-ID-CNPQ=""/><AUTORES NOME-COMPLETO-DO-AUTOR="Maria das Graças Tavares do Carmo" NOME-PARA-CITACAO="TAVARES DO CARMO, M. G." ORDEM-DE-AUTORIA="7" NRO-ID-CNPQ=""/></TRABALHO-EM-EVENTOS><TRABALHO-EM-EVENTOS SEQUENCIA-PRODUCAO="9"><DADOS-BASICOS-DO-TRABALHO NATUREZA="RESUMO" TITULO-DO-TRABALHO="Comparação entre Teores de Elementos Traço da Porção Placentária Materna e Fetal de Gestantes Adolescentes." ANO-DO-TRABALHO="2008" PAIS-DO-EVENTO="Brasil" IDIOMA="Português" MEIO-DE-DIVULGACAO="NAO_INFORMADO" HOME-PAGE-DO-TRABALHO="" FLAG-RELEVANCIA="NAO" DOI="" TITULO-DO-TRABALHO-INGLES="" FLAG-DIVULGACAO-CIENTIFICA="NAO"/><DETALHAMENTO-DO-TRABALHO CLASSIFICACAO-DO-EVENTO="NAO_INFORMADO" NOME-DO-EVENTO="XXX Jornada Giulio Massarani de Iniciação Científica, Artística e Cultural UFRJ" CIDADE-DO-EVENTO="Rio de Janeiro" ANO-DE-REALIZACAO="2008" TITULO-DOS-ANAIS-OU-PROCEEDINGS="Livro de resumos da XXX Jornada Giulio Massarani de Iniciação Científica, Artística e Cultural UFRJ." VOLUME="" FASCICULO="" SERIE="" PAGINA-INICIAL="354" PAGINA-FINAL="" ISBN="" NOME-DA-EDITORA="" CIDADE-DA-EDITORA="" NOME-DO-EVENTO-INGLES=""/><AUTORES NOME-COMPLETO-DO-AUTOR="Kenia Pereira Bispo" NOME-PARA-CITACAO="BISPO, K.P." ORDEM-DE-AUTORIA="1" NRO-ID-CNPQ=""/><AUTORES NOME-COMPLETO-DO-AUTOR="Lívia Belcastro de Almeida" NOME-PARA-CITACAO="ALMEIDA, L. B." ORDEM-DE-AUTORIA="2" NRO-ID-CNPQ=""/><AUTORES NOME-COMPLETO-DO-AUTOR="Raquel Espirito Santo" NOME-PARA-CITACAO="SANTO, R. E." ORDEM-DE-AUTORIA="3" NRO-ID-CNPQ=""/><AUTORES NOME-COMPLETO-DO-AUTOR="milena lima de moraes" NOME-PARA-CITACAO="MORAES, M. L." ORDEM-DE-AUTORIA="4" NRO-ID-CNPQ="9081322952084753"/><AUTORES NOME-COMPLETO-DO-AUTOR="Flávia da Silva Santos" NOME-PARA-CITACAO="SANTOS, F. S." ORDEM-DE-AUTORIA="5" NRO-ID-CNPQ=""/><AUTORES NOME-COMPLETO-DO-AUTOR="Edgar Francisco Oliveira de Jesus" NOME-PARA-CITACAO="JESUS, E. F. O." ORDEM-DE-AUTORIA="6" NRO-ID-CNPQ=""/><AUTORES NOME-COMPLETO-DO-AUTOR="Renata Faria Barbosa" NOME-PARA-CITACAO="BARBOSA, R. F." ORDEM-DE-AUTORIA="7" NRO-ID-CNPQ=""/><AUTORES NOME-COMPLETO-DO-AUTOR="Maria das Graças Tavares do Carmo" NOME-PARA-CITACAO="TAVARES DO CARMO, M. G." ORDEM-DE-AUTORIA="8" NRO-ID-CNPQ=""/></TRABALHO-EM-EVENTOS><TRABALHO-EM-EVENTOS SEQUENCIA-PRODUCAO="10"><DADOS-BASICOS-DO-TRABALHO NATUREZA="RESUMO" TITULO-DO-TRABALHO="Comparação entre Teores de Cálcio, Ferro, Cobre e Zinco do Sangue Materno e o do Sangue do Cordão Umbilical de Gestantes Adolescentes." ANO-DO-TRABALHO="2008" PAIS-DO-EVENTO="Brasil" IDIOMA="Português" MEIO-DE-DIVULGACAO="NAO_INFORMADO" HOME-PAGE-DO-TRABALHO="" FLAG-RELEVANCIA="NAO" DOI="" TITULO-DO-TRABALHO-INGLES="" FLAG-DIVULGACAO-CIENTIFICA="NAO"/><DETALHAMENTO-DO-TRABALHO CLASSIFICACAO-DO-EVENTO="NAO_INFORMADO" NOME-DO-EVENTO="XXX Jornada Giulio Massarani de Iniciação Científica, Artística e Cultural UFRJ" CIDADE-DO-EVENTO="Rio de Janeiro" ANO-DE-REALIZACAO="2008" TITULO-DOS-ANAIS-OU-PROCEEDINGS="Livro de resumos de XXX Jornada Giulio Massarani de Iniciação Científica, Artística e Cultural UFRJ." VOLUME="" FASCICULO="" SERIE="" PAGINA-INICIAL="361" PAGINA-FINAL="" ISBN="" NOME-DA-EDITORA="" CIDADE-DA-EDITORA="" NOME-DO-EVENTO-INGLES=""/><AUTORES NOME-COMPLETO-DO-AUTOR="Lívia Belcastro de Almeida" NOME-PARA-CITACAO="ALMEIDA, L. B." ORDEM-DE-AUTORIA="1" NRO-ID-CNPQ=""/><AUTORES NOME-COMPLETO-DO-AUTOR="Raquel Espirito Santo" NOME-PARA-CITACAO="SANTO, R. E." ORDEM-DE-AUTORIA="2" NRO-ID-CNPQ=""/><AUTORES NOME-COMPLETO-DO-AUTOR="Kenia Pereira Bispo" NOME-PARA-CITACAO="BISPO, K.P." ORDEM-DE-AUTORIA="3" NRO-ID-CNPQ=""/><AUTORES NOME-COMPLETO-DO-AUTOR="Flávia da Silva Santos" NOME-PARA-CITACAO="SANTOS, F. S." ORDEM-DE-AUTORIA="4" NRO-ID-CNPQ=""/><AUTORES NOME-COMPLETO-DO-AUTOR="Moraes, Milena Lima" NOME-PARA-CITACAO="Moraes, Milena Lima" ORDEM-DE-AUTORIA="5" NRO-ID-CNPQ=""/><AUTORES NOME-COMPLETO-DO-AUTOR="Edgar Francisco Oliveira de Jesus" NOME-PARA-CITACAO="JESUS, E. F. O." ORDEM-DE-AUTORIA="6" NRO-ID-CNPQ=""/><AUTORES NOME-COMPLETO-DO-AUTOR="Renata Faria Barbosa" NOME-PARA-CITACAO="BARBOSA, R. F." ORDEM-DE-AUTORIA="7" NRO-ID-CNPQ=""/><AUTORES NOME-COMPLETO-DO-AUTOR="Maria das Graças Tavares do Carmo" NOME-PARA-CITACAO="TAVARES DO CARMO, M. G." ORDEM-DE-AUTORIA="8" NRO-ID-CNPQ=""/></TRABALHO-EM-EVENTOS><TRABALHO-EM-EVENTOS SEQUENCIA-PRODUCAO="11"><DADOS-BASICOS-DO-TRABALHO NATUREZA="RESUMO" TITULO-DO-TRABALHO="Composição dos ácidos graxos saturados, Cis, Trans, poliinsaturados e seus derivados de cadeia longa no colostro de nutrizes adolescentes brasileiras" ANO-DO-TRABALHO="2008" PAIS-DO-EVENTO="Brasil" IDIOMA="Português" MEIO-DE-DIVULGACAO="NAO_INFORMADO" HOME-PAGE-DO-TRABALHO="" FLAG-RELEVANCIA="NAO" DOI="" TITULO-DO-TRABALHO-INGLES="" FLAG-DIVULGACAO-CIENTIFICA="NAO"/><DETALHAMENTO-DO-TRABALHO CLASSIFICACAO-DO-EVENTO="NAO_INFORMADO" NOME-DO-EVENTO="XXX Jornada Giulio Massarani de Iniciação Científica, Artística e Cultural UFRJ" CIDADE-DO-EVENTO="Rio de Janeiro" ANO-DE-REALIZACAO="2008" TITULO-DOS-ANAIS-OU-PROCEEDINGS="Livro de resumos da XXX Jornada Giulio Massarani de Iniciação Científica, Artística e Cultural UFRJ" VOLUME="" FASCICULO="" SERIE="" PAGINA-INICIAL="13" PAGINA-FINAL="" ISBN="" NOME-DA-EDITORA="" CIDADE-DA-EDITORA="" NOME-DO-EVENTO-INGLES=""/><AUTORES NOME-COMPLETO-DO-AUTOR="Kenia Pereira Bispo" NOME-PARA-CITACAO="BISPO, K.P." ORDEM-DE-AUTORIA="1" NRO-ID-CNPQ=""/><AUTORES NOME-COMPLETO-DO-AUTOR="Raquel Espirito Santo" NOME-PARA-CITACAO="SANTO, R. E." ORDEM-DE-AUTORIA="2" NRO-ID-CNPQ=""/><AUTORES NOME-COMPLETO-DO-AUTOR="Lívia Belcastro de Almeida" NOME-PARA-CITACAO="ALMEIDA, L. B." ORDEM-DE-AUTORIA="3" NRO-ID-CNPQ=""/><AUTORES NOME-COMPLETO-DO-AUTOR="Michele Gonçalves Santana" NOME-PARA-CITACAO="SANTANA, M. G." ORDEM-DE-AUTORIA="4" NRO-ID-CNPQ=""/><AUTORES NOME-COMPLETO-DO-AUTOR="Olívia Rebelo Coelho de Oliveira" NOME-PARA-CITACAO="OLIVEIRA, O. R. C." ORDEM-DE-AUTORIA="5" NRO-ID-CNPQ=""/><AUTORES NOME-COMPLETO-DO-AUTOR="Fátima Lúcia Sardinha" NOME-PARA-CITACAO="SARDINHA, F. L." ORDEM-DE-AUTORIA="6" NRO-ID-CNPQ=""/><AUTORES NOME-COMPLETO-DO-AUTOR="Maria das Graças Tavares do Carmo" NOME-PARA-CITACAO="TAVARES DO CARMO, M. G." ORDEM-DE-AUTORIA="7" NRO-ID-CNPQ=""/></TRABALHO-EM-EVENTOS><TRABALHO-EM-EVENTOS SEQUENCIA-PRODUCAO="12"><DADOS-BASICOS-DO-TRABALHO NATUREZA="RESUMO" TITULO-DO-TRABALHO="Teores de ácidos graxos, adiponectina, leptina e insulina no sangue de lactentes de mães adolescentes aos três meses de idade em uma maternidade pública da cidade do Rio de Janeiro: Relação gênero e crescimento." ANO-DO-TRABALHO="2009" PAIS-DO-EVENTO="Brasil" IDIOMA="Português" MEIO-DE-DIVULGACAO="NAO_INFORMADO" HOME-PAGE-DO-TRABALHO="" FLAG-RELEVANCIA="NAO" DOI="" TITULO-DO-TRABALHO-INGLES="" FLAG-DIVULGACAO-CIENTIFICA="NAO"/><DETALHAMENTO-DO-TRABALHO CLASSIFICACAO-DO-EVENTO="NAO_INFORMADO" NOME-DO-EVENTO="XXXI Jornada Giulio Massarani de Iniciação Científica, Artística e Cultural UFRJ" CIDADE-DO-EVENTO="Rio de Janeiro" ANO-DE-REALIZACAO="2009" TITULO-DOS-ANAIS-OU-PROCEEDINGS="Livro de resumos da XXXI Jornada Giulio Massarani de Iniciação Científica, Artística e Cultural UFRJ." VOLUME="" FASCICULO="" SERIE="" PAGINA-INICIAL="232" PAGINA-FINAL="" ISBN="" NOME-DA-EDITORA="" CIDADE-DA-EDITORA="" NOME-DO-EVENTO-INGLES=""/><AUTORES NOME-COMPLETO-DO-AUTOR="Raquel Espirito Santo" NOME-PARA-CITACAO="SANTO, R. E." ORDEM-DE-AUTORIA="1" NRO-ID-CNPQ=""/><AUTORES NOME-COMPLETO-DO-AUTOR="Felipe Domingues da Conceição" NOME-PARA-CITACAO="CONCEIÇÃO, F. D. C." ORDEM-DE-AUTORIA="2" NRO-ID-CNPQ=""/><AUTORES NOME-COMPLETO-DO-AUTOR="Cecília Bezerra do Nascimento" NOME-PARA-CITACAO="NASCIMENTO, C. B." ORDEM-DE-AUTORIA="3" NRO-ID-CNPQ=""/><AUTORES NOME-COMPLETO-DO-AUTOR="Michele Gonçalves Santana" NOME-PARA-CITACAO="SANTANA, M. G." ORDEM-DE-AUTORIA="4" NRO-ID-CNPQ=""/><AUTORES NOME-COMPLETO-DO-AUTOR="Olívia Rebelo Coelho de Oliveira" NOME-PARA-CITACAO="OLIVEIRA, O. R. C." ORDEM-DE-AUTORIA="5" NRO-ID-CNPQ=""/><AUTORES NOME-COMPLETO-DO-AUTOR="Roseli de Souza Santos da Costa" NOME-PARA-CITACAO="COSTA, R. S. S." ORDEM-DE-AUTORIA="6" NRO-ID-CNPQ=""/><AUTORES NOME-COMPLETO-DO-AUTOR="Fátima Lúcia Sardinha" NOME-PARA-CITACAO="SARDINHA, F. L." ORDEM-DE-AUTORIA="7" NRO-ID-CNPQ=""/><AUTORES NOME-COMPLETO-DO-AUTOR="Maria das Graças Tavares do Carmo" NOME-PARA-CITACAO="TAVARES DO CARMO, M. G." ORDEM-DE-AUTORIA="8" NRO-ID-CNPQ=""/></TRABALHO-EM-EVENTOS><TRABALHO-EM-EVENTOS SEQUENCIA-PRODUCAO="27"><DADOS-BASICOS-DO-TRABALHO NATUREZA="RESUMO" TITULO-DO-TRABALHO="Avaliação do conhecimento sobre fibras alimentares por pacientes ambulatoriais portadores de doenças infecciosas" ANO-DO-TRABALHO="2010" PAIS-DO-EVENTO="Brasil" IDIOMA="Português" MEIO-DE-DIVULGACAO="NAO_INFORMADO" HOME-PAGE-DO-TRABALHO="" FLAG-RELEVANCIA="NAO" DOI="" TITULO-DO-TRABALHO-INGLES="" FLAG-DIVULGACAO-CIENTIFICA="NAO"/><DETALHAMENTO-DO-TRABALHO CLASSIFICACAO-DO-EVENTO="NACIONAL" NOME-DO-EVENTO="IV Congresso Brasileiro de Nutrição e Câncer" CIDADE-DO-EVENTO="São Paulo" ANO-DE-REALIZACAO="2010" TITULO-DOS-ANAIS-OU-PROCEEDINGS="Avaliação do conhecimento sobre fibras alimentares por pacientes ambulatoriais portadores de doenças infecciosas" VOLUME="67" FASCICULO="" SERIE="" PAGINA-INICIAL="112" PAGINA-FINAL="112" ISBN="" NOME-DA-EDITORA="" CIDADE-DA-EDITORA="" NOME-DO-EVENTO-INGLES=""/><AUTORES NOME-COMPLETO-DO-AUTOR="A.C. Sousa" NOME-PARA-CITACAO="Sousa A.C." ORDEM-DE-AUTORIA="1" NRO-ID-CNPQ=""/><AUTORES NOME-COMPLETO-DO-AUTOR="Raquel Espirito Santo" NOME-PARA-CITACAO="SANTO, R. E." ORDEM-DE-AUTORIA="2" NRO-ID-CNPQ=""/><AUTORES NOME-COMPLETO-DO-AUTOR="Jacqueline Novato Ribeiro" NOME-PARA-CITACAO="RIBEIRO, J. N." ORDEM-DE-AUTORIA="3" NRO-ID-CNPQ=""/><AUTORES NOME-COMPLETO-DO-AUTOR="Cláudia Santos de Aguiar Cardoso" NOME-PARA-CITACAO="CARDOSO, C. S. A." ORDEM-DE-AUTORIA="4" NRO-ID-CNPQ=""/><AUTORES NOME-COMPLETO-DO-AUTOR="Patrícia Dias de Brito" NOME-PARA-CITACAO="BRITO, P. D." ORDEM-DE-AUTORIA="5" NRO-ID-CNPQ="9059675098804893"/></TRABALHO-EM-EVENTOS><TRABALHO-EM-EVENTOS SEQUENCIA-PRODUCAO="28"><DADOS-BASICOS-DO-TRABALHO NATUREZA="RESUMO" TITULO-DO-TRABALHO="Associações das concentrações de adiponectina, leptina e insulina no sangue do cordão umbilical com os parâmetros antropométricos de recém-nascidos de mães adolescentes e adultas." ANO-DO-TRABALHO="2010" PAIS-DO-EVENTO="Brasil" IDIOMA="Português" MEIO-DE-DIVULGACAO="NAO_INFORMADO" HOME-PAGE-DO-TRABALHO="" FLAG-RELEVANCIA="NAO" DOI="" TITULO-DO-TRABALHO-INGLES="" FLAG-DIVULGACAO-CIENTIFICA="NAO"/><DETALHAMENTO-DO-TRABALHO CLASSIFICACAO-DO-EVENTO="NAO_INFORMADO" NOME-DO-EVENTO="XXXII Jornada Giulio Massarani de Iniciação Científica, Artística e Cultural." CIDADE-DO-EVENTO="Rio de Janeiro" ANO-DE-REALIZACAO="2010" TITULO-DOS-ANAIS-OU-PROCEEDINGS="Livro de resumos da XXXII Jornada Giulio Massarani de Iniciação Científica, Artística e Cultural." VOLUME="" FASCICULO="" SERIE="" PAGINA-INICIAL="321" PAGINA-FINAL="" ISBN="" NOME-DA-EDITORA="" CIDADE-DA-EDITORA="" NOME-DO-EVENTO-INGLES=""/><AUTORES NOME-COMPLETO-DO-AUTOR="Raquel Espirito Santo" NOME-PARA-CITACAO="SANTO, R. E." ORDEM-DE-AUTORIA="1" NRO-ID-CNPQ=""/><AUTORES NOME-COMPLETO-DO-AUTOR="Lívia Belcastro de Almeida" NOME-PARA-CITACAO="ALMEIDA, L. B." ORDEM-DE-AUTORIA="2" NRO-ID-CNPQ=""/><AUTORES NOME-COMPLETO-DO-AUTOR="Marcelle de almeida Saraiva" NOME-PARA-CITACAO="SARAIVA, M. A." ORDEM-DE-AUTORIA="3" NRO-ID-CNPQ=""/><AUTORES NOME-COMPLETO-DO-AUTOR="Maria das Graças Tavares do Carmo" NOME-PARA-CITACAO="TAVARES DO CARMO, M. G." ORDEM-DE-AUTORIA="4" NRO-ID-CNPQ=""/><AUTORES NOME-COMPLETO-DO-AUTOR="Fátima Lúcia Sardinha" NOME-PARA-CITACAO="SARDINHA, F. L." ORDEM-DE-AUTORIA="5" NRO-ID-CNPQ=""/><AUTORES NOME-COMPLETO-DO-AUTOR="Michele Gonçalves Santana" NOME-PARA-CITACAO="SANTANA, M. G." ORDEM-DE-AUTORIA="6" NRO-ID-CNPQ=""/><AUTORES NOME-COMPLETO-DO-AUTOR="Olívia Rebelo Coelho de Oliveira" NOME-PARA-CITACAO="OLIVEIRA, O. R. C." ORDEM-DE-AUTORIA="7" NRO-ID-CNPQ=""/></TRABALHO-EM-EVENTOS><TRABALHO-EM-EVENTOS SEQUENCIA-PRODUCAO="29"><DADOS-BASICOS-DO-TRABALHO NATUREZA="RESUMO" TITULO-DO-TRABALHO="Intercorrências clínico-nutricionais no pós-operatório de três meses em pacientes obesos graves submetidos à cirurgia bariátrica." ANO-DO-TRABALHO="2010" PAIS-DO-EVENTO="Brasil" IDIOMA="Português" MEIO-DE-DIVULGACAO="NAO_INFORMADO" HOME-PAGE-DO-TRABALHO="" FLAG-RELEVANCIA="NAO" DOI="" TITULO-DO-TRABALHO-INGLES="" FLAG-DIVULGACAO-CIENTIFICA="NAO"/><DETALHAMENTO-DO-TRABALHO CLASSIFICACAO-DO-EVENTO="NAO_INFORMADO" NOME-DO-EVENTO="XXXII Jornada Giulio Massarani de Iniciação Científica, Artística e Cultural." CIDADE-DO-EVENTO="Rio de janeiro" ANO-DE-REALIZACAO="2010" TITULO-DOS-ANAIS-OU-PROCEEDINGS="Livro de resumos da XXXII Jornada Giulio Massarani de Iniciação Científica, Artística e Cultural." VOLUME="" FASCICULO="" SERIE="" PAGINA-INICIAL="138" PAGINA-FINAL="" ISBN="" NOME-DA-EDITORA="" CIDADE-DA-EDITORA="" NOME-DO-EVENTO-INGLES=""/><AUTORES NOME-COMPLETO-DO-AUTOR="Raquel Espirito Santo" NOME-PARA-CITACAO="SANTO, R. E." ORDEM-DE-AUTORIA="1" NRO-ID-CNPQ=""/><AUTORES NOME-COMPLETO-DO-AUTOR="Maria das Graças Tavares do Carmo" NOME-PARA-CITACAO="TAVARES DO CARMO, M. G." ORDEM-DE-AUTORIA="2" NRO-ID-CNPQ=""/><AUTORES NOME-COMPLETO-DO-AUTOR="Eliane Lopes Rosado" NOME-PARA-CITACAO="ROSADO, E. L." ORDEM-DE-AUTORIA="3" NRO-ID-CNPQ=""/><AUTORES NOME-COMPLETO-DO-AUTOR="Renata Pereira Assumpção" NOME-PARA-CITACAO="ASSUMPCAO, R. P." ORDEM-DE-AUTORIA="4" NRO-ID-CNPQ=""/></TRABALHO-EM-EVENTOS><TRABALHO-EM-EVENTOS SEQUENCIA-PRODUCAO="31"><DADOS-BASICOS-DO-TRABALHO NATUREZA="RESUMO" TITULO-DO-TRABALHO="Avaliação do perfil nutricional de homens portadores do HIV virgens de tratamento antiretroviral (HIV VT)" ANO-DO-TRABALHO="2011" PAIS-DO-EVENTO="Brasil" IDIOMA="Português" MEIO-DE-DIVULGACAO="NAO_INFORMADO" HOME-PAGE-DO-TRABALHO="" FLAG-RELEVANCIA="NAO" DOI="" TITULO-DO-TRABALHO-INGLES="" FLAG-DIVULGACAO-CIENTIFICA="NAO"/><DETALHAMENTO-DO-TRABALHO CLASSIFICACAO-DO-EVENTO="NACIONAL" NOME-DO-EVENTO="VII Jornada de Nutrição Clínica do INJC/UFRJ" CIDADE-DO-EVENTO="Rio de Janeiro" ANO-DE-REALIZACAO="2011" TITULO-DOS-ANAIS-OU-PROCEEDINGS="Jornada de Nutrição Clínica do INJC/UFRJ" VOLUME="" FASCICULO="" SERIE="" PAGINA-INICIAL="" PAGINA-FINAL="" ISBN="" NOME-DA-EDITORA="" CIDADE-DA-EDITORA="" NOME-DO-EVENTO-INGLES=""/><AUTORES NOME-COMPLETO-DO-AUTOR="Raquel Espirito Santo" NOME-PARA-CITACAO="SANTO, R. E." ORDEM-DE-AUTORIA="1" NRO-ID-CNPQ=""/><AUTORES NOME-COMPLETO-DO-AUTOR="Patrícia Dias de Brito" NOME-PARA-CITACAO="BRITO, P. D." ORDEM-DE-AUTORIA="2" NRO-ID-CNPQ="9059675098804893"/><AUTORES NOME-COMPLETO-DO-AUTOR="Wilza Arantes Ferreira Peres" NOME-PARA-CITACAO="PERES, W. A. F." ORDEM-DE-AUTORIA="3" NRO-ID-CNPQ=""/></TRABALHO-EM-EVENTOS><TRABALHO-EM-EVENTOS SEQUENCIA-PRODUCAO="32"><DADOS-BASICOS-DO-TRABALHO NATUREZA="RESUMO" TITULO-DO-TRABALHO="Estado nutricional correlaciona-se ao grau de imunidade e ao tempo de hospitalização em pacientes HIV/AIDS internados em uma instituição de pesquisa em doenças infecciosas" ANO-DO-TRABALHO="2011" PAIS-DO-EVENTO="Brasil" IDIOMA="Português" MEIO-DE-DIVULGACAO="NAO_INFORMADO" HOME-PAGE-DO-TRABALHO="" FLAG-RELEVANCIA="NAO" DOI="" TITULO-DO-TRABALHO-INGLES="" FLAG-DIVULGACAO-CIENTIFICA="NAO"/><DETALHAMENTO-DO-TRABALHO CLASSIFICACAO-DO-EVENTO="NACIONAL" NOME-DO-EVENTO="IV Congresso Brasileiro de Nutrição Integrada e GANEPÃO" CIDADE-DO-EVENTO="São Paulo" ANO-DE-REALIZACAO="2011" TITULO-DOS-ANAIS-OU-PROCEEDINGS="Revista Brasileira de Medicina" VOLUME="68" FASCICULO="" SERIE="" PAGINA-INICIAL="34" PAGINA-FINAL="35" ISBN="" NOME-DA-EDITORA="" CIDADE-DA-EDITORA="" NOME-DO-EVENTO-INGLES=""/><AUTORES NOME-COMPLETO-DO-AUTOR="Patrícia Dias de Brito" NOME-PARA-CITACAO="BRITO, P. D." ORDEM-DE-AUTORIA="1" NRO-ID-CNPQ="9059675098804893"/><AUTORES NOME-COMPLETO-DO-AUTOR="Raquel Espirito Santo" NOME-PARA-CITACAO="SANTO, R. E." ORDEM-DE-AUTORIA="2" NRO-ID-CNPQ=""/><AUTORES NOME-COMPLETO-DO-AUTOR="Cláudia Santos de Aguiar Cardoso" NOME-PARA-CITACAO="CARDOSO, C. S. A." ORDEM-DE-AUTORIA="3" NRO-ID-CNPQ=""/><AUTORES NOME-COMPLETO-DO-AUTOR="Paula Simplicio Silva" NOME-PARA-CITACAO="SILVA, P. S." ORDEM-DE-AUTORIA="4" NRO-ID-CNPQ=""/><AUTORES NOME-COMPLETO-DO-AUTOR="Crisitiane deFonseca Almeida" NOME-PARA-CITACAO="Almeida CF" ORDEM-DE-AUTORIA="5" NRO-ID-CNPQ=""/></TRABALHO-EM-EVENTOS><TRABALHO-EM-EVENTOS SEQUENCIA-PRODUCAO="33"><DADOS-BASICOS-DO-TRABALHO NATUREZA="RESUMO" TITULO-DO-TRABALHO="Avaliação nutricional compartimental de homens HIV+ virgens de tratamento antiretroviral acompanhados em uma instituição de pesquisa em doenças infecciosas" ANO-DO-TRABALHO="2011" PAIS-DO-EVENTO="Brasil" IDIOMA="Português" MEIO-DE-DIVULGACAO="NAO_INFORMADO" HOME-PAGE-DO-TRABALHO="" FLAG-RELEVANCIA="NAO" DOI="" TITULO-DO-TRABALHO-INGLES="" FLAG-DIVULGACAO-CIENTIFICA="NAO"/><DETALHAMENTO-DO-TRABALHO CLASSIFICACAO-DO-EVENTO="NAO_INFORMADO" NOME-DO-EVENTO="IV Congresso Brasileiro de Nutrição Integrada e GANEPÃO" CIDADE-DO-EVENTO="São Paulo" ANO-DE-REALIZACAO="2011" TITULO-DOS-ANAIS-OU-PROCEEDINGS="Revista Brasileira de Medicina" VOLUME="68" FASCICULO="" SERIE="" PAGINA-INICIAL="113" PAGINA-FINAL="114" ISBN="" NOME-DA-EDITORA="" CIDADE-DA-EDITORA="" NOME-DO-EVENTO-INGLES=""/><AUTORES NOME-COMPLETO-DO-AUTOR="Raquel Espirito Santo" NOME-PARA-CITACAO="SANTO, R. E." ORDEM-DE-AUTORIA="1" NRO-ID-CNPQ=""/><AUTORES NOME-COMPLETO-DO-AUTOR="Maria Clara de Amorim Silva" NOME-PARA-CITACAO="SILVA, M. C. A." ORDEM-DE-AUTORIA="2" NRO-ID-CNPQ=""/><AUTORES NOME-COMPLETO-DO-AUTOR="Alberto silva Lemos" NOME-PARA-CITACAO="LEMOS, A. S." ORDEM-DE-AUTORIA="3" NRO-ID-CNPQ=""/><AUTORES NOME-COMPLETO-DO-AUTOR="Beatriz Gilda jegerhorn grinsztejn" NOME-PARA-CITACAO="GRINSZTEJN, B. G. J." ORDEM-DE-AUTORIA="4" NRO-ID-CNPQ=""/><AUTORES NOME-COMPLETO-DO-AUTOR="Patrícia Dias de Brito" NOME-PARA-CITACAO="BRITO, P. D." ORDEM-DE-AUTORIA="5" NRO-ID-CNPQ="9059675098804893"/><AUTORES NOME-COMPLETO-DO-AUTOR="Wilza Arantes Ferreira Peres" NOME-PARA-CITACAO="PERES, W. A. F." ORDEM-DE-AUTORIA="6" NRO-ID-CNPQ=""/></TRABALHO-EM-EVENTOS><TRABALHO-EM-EVENTOS SEQUENCIA-PRODUCAO="34"><DADOS-BASICOS-DO-TRABALHO NATUREZA="RESUMO" TITULO-DO-TRABALHO="Prevalência de dislipidemia em pacientes HIV+ virgens de tratamento antiretroviral acompanhados em uma instituição de pesquisa em doenças infecciosas" ANO-DO-TRABALHO="2011" PAIS-DO-EVENTO="Brasil" IDIOMA="Português" MEIO-DE-DIVULGACAO="NAO_INFORMADO" HOME-PAGE-DO-TRABALHO="" FLAG-RELEVANCIA="NAO" DOI="" TITULO-DO-TRABALHO-INGLES="" FLAG-DIVULGACAO-CIENTIFICA="NAO"/><DETALHAMENTO-DO-TRABALHO CLASSIFICACAO-DO-EVENTO="NAO_INFORMADO" NOME-DO-EVENTO="IV Congresso Brasileiro de Nutrição Integrada e GANEPÃO" CIDADE-DO-EVENTO="São Paulo" ANO-DE-REALIZACAO="2011" TITULO-DOS-ANAIS-OU-PROCEEDINGS="Revista Brasileira de Medicina" VOLUME="68" FASCICULO="" SERIE="" PAGINA-INICIAL="113" PAGINA-FINAL="113" ISBN="" NOME-DA-EDITORA="" CIDADE-DA-EDITORA="" NOME-DO-EVENTO-INGLES=""/><AUTORES NOME-COMPLETO-DO-AUTOR="Maria Clara de Amorim Silva" NOME-PARA-CITACAO="SILVA, M. C. A." ORDEM-DE-AUTORIA="1" NRO-ID-CNPQ=""/><AUTORES NOME-COMPLETO-DO-AUTOR="Raquel Espirito Santo" NOME-PARA-CITACAO="SANTO, R. E." ORDEM-DE-AUTORIA="2" NRO-ID-CNPQ=""/><AUTORES NOME-COMPLETO-DO-AUTOR="Patrícia Dias de Brito" NOME-PARA-CITACAO="BRITO, P. D." ORDEM-DE-AUTORIA="3" NRO-ID-CNPQ="9059675098804893"/><AUTORES NOME-COMPLETO-DO-AUTOR="Alberto silva Lemos" NOME-PARA-CITACAO="LEMOS, A. S." ORDEM-DE-AUTORIA="4" NRO-ID-CNPQ=""/><AUTORES NOME-COMPLETO-DO-AUTOR="Beatriz Gilda jegerhorn grinsztejn" NOME-PARA-CITACAO="GRINSZTEJN, B. G. J." ORDEM-DE-AUTORIA="5" NRO-ID-CNPQ=""/><AUTORES NOME-COMPLETO-DO-AUTOR="Maria da Glória BONECINI-ALMEIDA" NOME-PARA-CITACAO="BONECINI-ALMEIDA, M. G." ORDEM-DE-AUTORIA="6" NRO-ID-CNPQ=""/></TRABALHO-EM-EVENTOS><TRABALHO-EM-EVENTOS SEQUENCIA-PRODUCAO="39"><DADOS-BASICOS-DO-TRABALHO NATUREZA="RESUMO" TITULO-DO-TRABALHO="Impacto do estado nutricional na evolução clínica e imunológica de pacientes graves com HIV." ANO-DO-TRABALHO="2013" PAIS-DO-EVENTO="Brasil" IDIOMA="Português" MEIO-DE-DIVULGACAO="NAO_INFORMADO" HOME-PAGE-DO-TRABALHO="" FLAG-RELEVANCIA="NAO" DOI="" TITULO-DO-TRABALHO-INGLES="" FLAG-DIVULGACAO-CIENTIFICA="NAO"/><DETALHAMENTO-DO-TRABALHO CLASSIFICACAO-DO-EVENTO="NACIONAL" NOME-DO-EVENTO="XVIII Congresso Brasileiro de Medicina Intensiva" CIDADE-DO-EVENTO="Rio de Janeiro" ANO-DE-REALIZACAO="2013" TITULO-DOS-ANAIS-OU-PROCEEDINGS="XVIII Congresso Brasileiro de Medicina Intensiva" VOLUME="" FASCICULO="" SERIE="" PAGINA-INICIAL="" PAGINA-FINAL="" ISBN="" NOME-DA-EDITORA="" CIDADE-DA-EDITORA="" NOME-DO-EVENTO-INGLES=""/><AUTORES NOME-COMPLETO-DO-AUTOR="Adriana Costa Bacelo" NOME-PARA-CITACAO="BACELO, A. C." ORDEM-DE-AUTORIA="1" NRO-ID-CNPQ=""/><AUTORES NOME-COMPLETO-DO-AUTOR="Crisitiane de Alemida Fonseca" NOME-PARA-CITACAO="FONSECA, C. A." ORDEM-DE-AUTORIA="2" NRO-ID-CNPQ=""/><AUTORES NOME-COMPLETO-DO-AUTOR="Patrícia Dias de Brito" NOME-PARA-CITACAO="BRITO, P. D." ORDEM-DE-AUTORIA="3" NRO-ID-CNPQ="9059675098804893"/><AUTORES NOME-COMPLETO-DO-AUTOR="Raquel Espirito Santo" NOME-PARA-CITACAO="SANTO, R. E." ORDEM-DE-AUTORIA="4" NRO-ID-CNPQ=""/><AUTORES NOME-COMPLETO-DO-AUTOR="Jéssica DAntas" NOME-PARA-CITACAO="DANTAS, J." ORDEM-DE-AUTORIA="5" NRO-ID-CNPQ=""/><AUTORES NOME-COMPLETO-DO-AUTOR="Paula Simplicio Silva" NOME-PARA-CITACAO="SILVA, P. S." ORDEM-DE-AUTORIA="6" NRO-ID-CNPQ=""/><AUTORES NOME-COMPLETO-DO-AUTOR="Cláudia Santos de Aguiar Cardoso" NOME-PARA-CITACAO="CARDOSO, C. S. A." ORDEM-DE-AUTORIA="7" NRO-ID-CNPQ=""/></TRABALHO-EM-EVENTOS><TRABALHO-EM-EVENTOS SEQUENCIA-PRODUCAO="40"><DADOS-BASICOS-DO-TRABALHO NATUREZA="RESUMO" TITULO-DO-TRABALHO="Avaliação Nutricional através dos lndicadores de Obesidade em indivíduos HIV+ virgens de tratamento antirretroviral." ANO-DO-TRABALHO="2013" PAIS-DO-EVENTO="Brasil" IDIOMA="Português" MEIO-DE-DIVULGACAO="NAO_INFORMADO" HOME-PAGE-DO-TRABALHO="" FLAG-RELEVANCIA="NAO" DOI="" TITULO-DO-TRABALHO-INGLES="" FLAG-DIVULGACAO-CIENTIFICA="NAO"/><DETALHAMENTO-DO-TRABALHO CLASSIFICACAO-DO-EVENTO="NACIONAL" NOME-DO-EVENTO="XX Congresso Brasileiro de Nutrição Parenteral e Enteral" CIDADE-DO-EVENTO="Recife" ANO-DE-REALIZACAO="2013" TITULO-DOS-ANAIS-OU-PROCEEDINGS="XX Congresso Brasileiro de Nutrição Parenteral e Enteral" VOLUME="" FASCICULO="" SERIE="" PAGINA-INICIAL="" PAGINA-FINAL="" ISBN="" NOME-DA-EDITORA="" CIDADE-DA-EDITORA="" NOME-DO-EVENTO-INGLES=""/><AUTORES NOME-COMPLETO-DO-AUTOR="Raquel Espirito Santo" NOME-PARA-CITACAO="SANTO, R. E." ORDEM-DE-AUTORIA="1" NRO-ID-CNPQ=""/><AUTORES NOME-COMPLETO-DO-AUTOR="Vanessa gomes veloso" NOME-PARA-CITACAO="VELOSO, V. G." ORDEM-DE-AUTORIA="2" NRO-ID-CNPQ=""/><AUTORES NOME-COMPLETO-DO-AUTOR="Cláudia Santos de Aguiar Cardoso" NOME-PARA-CITACAO="CARDOSO, C. S. A." ORDEM-DE-AUTORIA="3" NRO-ID-CNPQ=""/><AUTORES NOME-COMPLETO-DO-AUTOR="Crisitiane de Alemida Fonseca" NOME-PARA-CITACAO="FONSECA, C. A." ORDEM-DE-AUTORIA="4" NRO-ID-CNPQ=""/><AUTORES NOME-COMPLETO-DO-AUTOR="Patrícia Dias de Brito" NOME-PARA-CITACAO="BRITO, P. D." ORDEM-DE-AUTORIA="5" NRO-ID-CNPQ="9059675098804893"/></TRABALHO-EM-EVENTOS><TRABALHO-EM-EVENTOS SEQUENCIA-PRODUCAO="41"><DADOS-BASICOS-DO-TRABALHO NATUREZA="RESUMO" TITULO-DO-TRABALHO="Segurança Alimentar e estado nutricional de portadores de doenças infecciosas e parasitárias." ANO-DO-TRABALHO="2013" PAIS-DO-EVENTO="Brasil" IDIOMA="Português" MEIO-DE-DIVULGACAO="NAO_INFORMADO" HOME-PAGE-DO-TRABALHO="" FLAG-RELEVANCIA="NAO" DOI="" TITULO-DO-TRABALHO-INGLES="" FLAG-DIVULGACAO-CIENTIFICA="NAO"/><DETALHAMENTO-DO-TRABALHO CLASSIFICACAO-DO-EVENTO="NAO_INFORMADO" NOME-DO-EVENTO="XX Congresso Brasileiro de Nutrição Parenteral e Enteral" CIDADE-DO-EVENTO="Recife" ANO-DE-REALIZACAO="2013" TITULO-DOS-ANAIS-OU-PROCEEDINGS="XX Congresso Brasileiro de Nutrição Parenteral e Enteral" VOLUME="" FASCICULO="" SERIE="" PAGINA-INICIAL="" PAGINA-FINAL="" ISBN="" NOME-DA-EDITORA="" CIDADE-DA-EDITORA="" NOME-DO-EVENTO-INGLES=""/><AUTORES NOME-COMPLETO-DO-AUTOR="Paula Simplicio Silva" NOME-PARA-CITACAO="SILVA, P. S." ORDEM-DE-AUTORIA="1" NRO-ID-CNPQ=""/><AUTORES NOME-COMPLETO-DO-AUTOR="Cláudia Santos de Aguiar Cardoso" NOME-PARA-CITACAO="CARDOSO, C. S. A." ORDEM-DE-AUTORIA="2" NRO-ID-CNPQ=""/><AUTORES NOME-COMPLETO-DO-AUTOR="Crisitiane de Alemida Fonseca" NOME-PARA-CITACAO="FONSECA, C. A." ORDEM-DE-AUTORIA="3" NRO-ID-CNPQ=""/><AUTORES NOME-COMPLETO-DO-AUTOR="Adriana Costa Bacelo" NOME-PARA-CITACAO="BACELO, A. C." ORDEM-DE-AUTORIA="4" NRO-ID-CNPQ=""/><AUTORES NOME-COMPLETO-DO-AUTOR="Raquel Espirito Santo" NOME-PARA-CITACAO="SANTO, R. E." ORDEM-DE-AUTORIA="5" NRO-ID-CNPQ=""/><AUTORES NOME-COMPLETO-DO-AUTOR="Patrícia Dias de Brito" NOME-PARA-CITACAO="BRITO, P. D." ORDEM-DE-AUTORIA="6" NRO-ID-CNPQ="9059675098804893"/></TRABALHO-EM-EVENTOS><TRABALHO-EM-EVENTOS SEQUENCIA-PRODUCAO="42"><DADOS-BASICOS-DO-TRABALHO NATUREZA="RESUMO" TITULO-DO-TRABALHO="Evaluation of body mass index and anthropometric measures for prediction of 1-year mortality of HIV/AIDS hospitalized patients" ANO-DO-TRABALHO="2012" PAIS-DO-EVENTO="Brasil" IDIOMA="Português" MEIO-DE-DIVULGACAO="NAO_INFORMADO" HOME-PAGE-DO-TRABALHO="" FLAG-RELEVANCIA="NAO" DOI="" TITULO-DO-TRABALHO-INGLES="" FLAG-DIVULGACAO-CIENTIFICA="NAO"/><DETALHAMENTO-DO-TRABALHO CLASSIFICACAO-DO-EVENTO="INTERNACIONAL" NOME-DO-EVENTO="XVIII International Congress for Tropical Medicine and Malaria" CIDADE-DO-EVENTO="Rio de Janeiro" ANO-DE-REALIZACAO="2012" TITULO-DOS-ANAIS-OU-PROCEEDINGS="XVIII International Congress for Tropical Medicine and Malaria" VOLUME="" FASCICULO="" SERIE="" PAGINA-INICIAL="" PAGINA-FINAL="" ISBN="" NOME-DA-EDITORA="" CIDADE-DA-EDITORA="" NOME-DO-EVENTO-INGLES=""/><AUTORES NOME-COMPLETO-DO-AUTOR="Patrícia Dias de Brito" NOME-PARA-CITACAO="BRITO, P. D." ORDEM-DE-AUTORIA="1" NRO-ID-CNPQ="9059675098804893"/><AUTORES NOME-COMPLETO-DO-AUTOR="Raquel Espirito Santo" NOME-PARA-CITACAO="SANTO, R. E." ORDEM-DE-AUTORIA="2" NRO-ID-CNPQ=""/><AUTORES NOME-COMPLETO-DO-AUTOR="Paula Simplicio Silva" NOME-PARA-CITACAO="SILVA, P. S." ORDEM-DE-AUTORIA="3" NRO-ID-CNPQ=""/><AUTORES NOME-COMPLETO-DO-AUTOR="Cláudia Santos de Aguiar Cardoso" NOME-PARA-CITACAO="CARDOSO, C. S. A." ORDEM-DE-AUTORIA="4" NRO-ID-CNPQ=""/><AUTORES NOME-COMPLETO-DO-AUTOR="Cristiane Fonseca de Almeida" NOME-PARA-CITACAO="ALMEIDA, C. F." ORDEM-DE-AUTORIA="5" NRO-ID-CNPQ=""/><AUTORES NOME-COMPLETO-DO-AUTOR="André menezes Japiassu" NOME-PARA-CITACAO="JAPIASSU, A. M." ORDEM-DE-AUTORIA="6" NRO-ID-CNPQ=""/><AUTORES NOME-COMPLETO-DO-AUTOR="Fernando Augusto Bozza" NOME-PARA-CITACAO="BOZZA, F. A." ORDEM-DE-AUTORIA="7" NRO-ID-CNPQ=""/></TRABALHO-EM-EVENTOS><TRABALHO-EM-EVENTOS SEQUENCIA-PRODUCAO="48"><DADOS-BASICOS-DO-TRABALHO NATUREZA="RESUMO" TITULO-DO-TRABALHO="Segurança Alimentar e estado nutricional de pacientes com doença de chagas internados no centro de referência do Rio de Janeiro" ANO-DO-TRABALHO="2016" PAIS-DO-EVENTO="Brasil" IDIOMA="Português" MEIO-DE-DIVULGACAO="NAO_INFORMADO" HOME-PAGE-DO-TRABALHO="" FLAG-RELEVANCIA="NAO" DOI="" TITULO-DO-TRABALHO-INGLES="" FLAG-DIVULGACAO-CIENTIFICA="NAO"/><DETALHAMENTO-DO-TRABALHO CLASSIFICACAO-DO-EVENTO="NACIONAL" NOME-DO-EVENTO="XXIV Congresso Brasileiro de Nutrição - CONBRAN" CIDADE-DO-EVENTO="Porto Alegre - RS" ANO-DE-REALIZACAO="2016" TITULO-DOS-ANAIS-OU-PROCEEDINGS="XXIV Congresso Brasileiro de Nutrição - CONBRAN" VOLUME="" FASCICULO="" SERIE="" PAGINA-INICIAL="" PAGINA-FINAL="" ISBN="" NOME-DA-EDITORA="" CIDADE-DA-EDITORA="" NOME-DO-EVENTO-INGLES=""/><AUTORES NOME-COMPLETO-DO-AUTOR="Marlete Pereira da Silva" NOME-PARA-CITACAO="SILVA, M. P." ORDEM-DE-AUTORIA="1" NRO-ID-CNPQ=""/><AUTORES NOME-COMPLETO-DO-AUTOR="Paula Simplicio Silva" NOME-PARA-CITACAO="SILVA, P. S." ORDEM-DE-AUTORIA="2" NRO-ID-CNPQ=""/><AUTORES NOME-COMPLETO-DO-AUTOR="Adriana Costa Bacelo" NOME-PARA-CITACAO="BACELO, A. C." ORDEM-DE-AUTORIA="3" NRO-ID-CNPQ=""/><AUTORES NOME-COMPLETO-DO-AUTOR="Raquel Espirito Santo" NOME-PARA-CITACAO="SANTO, R. E." ORDEM-DE-AUTORIA="4" NRO-ID-CNPQ=""/><AUTORES NOME-COMPLETO-DO-AUTOR="Cláudia Santos de Aguiar Cardoso" NOME-PARA-CITACAO="CARDOSO, C. S. A." ORDEM-DE-AUTORIA="5" NRO-ID-CNPQ=""/></TRABALHO-EM-EVENTOS><TRABALHO-EM-EVENTOS SEQUENCIA-PRODUCAO="49"><DADOS-BASICOS-DO-TRABALHO NATUREZA="RESUMO" TITULO-DO-TRABALHO="Redistribuição de gordura corporal em indivíduos HIV/AIDS em uso de antiretrovirais" ANO-DO-TRABALHO="2016" PAIS-DO-EVENTO="Brasil" IDIOMA="Português" MEIO-DE-DIVULGACAO="NAO_INFORMADO" HOME-PAGE-DO-TRABALHO="" FLAG-RELEVANCIA="NAO" DOI="" TITULO-DO-TRABALHO-INGLES="" FLAG-DIVULGACAO-CIENTIFICA="NAO"/><DETALHAMENTO-DO-TRABALHO CLASSIFICACAO-DO-EVENTO="INTERNACIONAL" NOME-DO-EVENTO="XV Congresso Felanpe" CIDADE-DO-EVENTO="Florianópolis, SC" ANO-DE-REALIZACAO="2016" TITULO-DOS-ANAIS-OU-PROCEEDINGS="XV Congresso Felanpe" VOLUME="" FASCICULO="" SERIE="" PAGINA-INICIAL="195" PAGINA-FINAL="" ISBN="9788593203008" NOME-DA-EDITORA="" CIDADE-DA-EDITORA="" NOME-DO-EVENTO-INGLES=""/><AUTORES NOME-COMPLETO-DO-AUTOR="Raquel Espirito Santo" NOME-PARA-CITACAO="SANTO, R. E." ORDEM-DE-AUTORIA="1" NRO-ID-CNPQ=""/><AUTORES NOME-COMPLETO-DO-AUTOR="Patrícia Dias de Brito" NOME-PARA-CITACAO="BRITO, P. D." ORDEM-DE-AUTORIA="2" NRO-ID-CNPQ="9059675098804893"/><AUTORES NOME-COMPLETO-DO-AUTOR="Cristiane Fonseca de Almeida" NOME-PARA-CITACAO="ALMEIDA, C. F." ORDEM-DE-AUTORIA="3" NRO-ID-CNPQ=""/><AUTORES NOME-COMPLETO-DO-AUTOR="Cláudia Santos de Aguiar Cardoso" NOME-PARA-CITACAO="CARDOSO, C. S. A." ORDEM-DE-AUTORIA="4" NRO-ID-CNPQ=""/><AUTORES NOME-COMPLETO-DO-AUTOR="Paula Simplicio Silva" NOME-PARA-CITACAO="SILVA, P. S." ORDEM-DE-AUTORIA="5" NRO-ID-CNPQ=""/><AUTORES NOME-COMPLETO-DO-AUTOR="Vitória Berg Cattani" NOME-PARA-CITACAO="CATTANI, V. B." ORDEM-DE-AUTORIA="6" NRO-ID-CNPQ=""/><AUTORES NOME-COMPLETO-DO-AUTOR="Tiago Filgueiras Porto" NOME-PARA-CITACAO="PORTO, T. F." ORDEM-DE-AUTORIA="7" NRO-ID-CNPQ=""/><AUTORES NOME-COMPLETO-DO-AUTOR="Marília Santini de Oliveira" NOME-PARA-CITACAO="OLIVEIRA, M. S." ORDEM-DE-AUTORIA="8" NRO-ID-CNPQ=""/></TRABALHO-EM-EVENTOS><TRABALHO-EM-EVENTOS SEQUENCIA-PRODUCAO="35"><DADOS-BASICOS-DO-TRABALHO NATUREZA="RESUMO" TITULO-DO-TRABALHO="Estado nutricional de pacientes HIV+/AIDS internados em instituição pública especializada em doenças infecciosas" ANO-DO-TRABALHO="2011" PAIS-DO-EVENTO="Brasil" IDIOMA="Português" MEIO-DE-DIVULGACAO="NAO_INFORMADO" HOME-PAGE-DO-TRABALHO="" FLAG-RELEVANCIA="NAO" DOI="" TITULO-DO-TRABALHO-INGLES="" FLAG-DIVULGACAO-CIENTIFICA="NAO"/><DETALHAMENTO-DO-TRABALHO CLASSIFICACAO-DO-EVENTO="NAO_INFORMADO" NOME-DO-EVENTO="XLVII Congresso da Sociedade Brasileira de Medicina Tropical" CIDADE-DO-EVENTO="Natal" ANO-DE-REALIZACAO="2011" TITULO-DOS-ANAIS-OU-PROCEEDINGS="CD" VOLUME="" FASCICULO="" SERIE="" PAGINA-INICIAL="" PAGINA-FINAL="" ISBN="" NOME-DA-EDITORA="" CIDADE-DA-EDITORA="" NOME-DO-EVENTO-INGLES=""/><AUTORES NOME-COMPLETO-DO-AUTOR="Crisitiane deFonseca Almeida" NOME-PARA-CITACAO="Almeida CF" ORDEM-DE-AUTORIA="1" NRO-ID-CNPQ=""/><AUTORES NOME-COMPLETO-DO-AUTOR="Cláudia Santos de Aguiar Cardoso" NOME-PARA-CITACAO="CARDOSO, C. S. A." ORDEM-DE-AUTORIA="2" NRO-ID-CNPQ=""/><AUTORES NOME-COMPLETO-DO-AUTOR="Patrícia Dias de Brito" NOME-PARA-CITACAO="BRITO, P. D." ORDEM-DE-AUTORIA="3" NRO-ID-CNPQ="9059675098804893"/><AUTORES NOME-COMPLETO-DO-AUTOR="Paula Simplicio Silva" NOME-PARA-CITACAO="SILVA, P. S." ORDEM-DE-AUTORIA="4" NRO-ID-CNPQ=""/><AUTORES NOME-COMPLETO-DO-AUTOR="André menezes Japiassu" NOME-PARA-CITACAO="JAPIASSU, A. M." ORDEM-DE-AUTORIA="5" NRO-ID-CNPQ=""/><AUTORES NOME-COMPLETO-DO-AUTOR="Fernando Augusto Bozza" NOME-PARA-CITACAO="BOZZA, F. A." ORDEM-DE-AUTORIA="6" NRO-ID-CNPQ=""/><AUTORES NOME-COMPLETO-DO-AUTOR="Raquel Espirito Santo" NOME-PARA-CITACAO="SANTO, R. E." ORDEM-DE-AUTORIA="7" NRO-ID-CNPQ=""/><AUTORES NOME-COMPLETO-DO-AUTOR="Maria Almeida Ferreira" NOME-PARA-CITACAO="FERREIRA, M. A." ORDEM-DE-AUTORIA="8" NRO-ID-CNPQ=""/></TRABALHO-EM-EVENTOS></TRABALHOS-EM-EVENTOS><ARTIGOS-PUBLICADOS><ARTIGO-PUBLICADO SEQUENCIA-PRODUCAO="47" ORDEM-IMPORTANCIA=""><DADOS-BASICOS-DO-ARTIGO NATUREZA="COMPLETO" TITULO-DO-ARTIGO="Bioimpedância e antropometria na determinação da composição corporal em homens portadores de HIV" ANO-DO-ARTIGO="2016" PAIS-DE-PUBLICACAO="" IDIOMA="Português" MEIO-DE-DIVULGACAO="NAO_INFORMADO" HOME-PAGE-DO-TRABALHO="" FLAG-RELEVANCIA="NAO" DOI="" TITULO-DO-ARTIGO-INGLES="" FLAG-DIVULGACAO-CIENTIFICA="NAO"/><DETALHAMENTO-DO-ARTIGO TITULO-DO-PERIODICO-OU-REVISTA="Revista Brasileira de Nutrição Clínica" ISSN="01037196" VOLUME="31" FASCICULO="" SERIE="1" PAGINA-INICIAL="60" PAGINA-FINAL="64" LOCAL-DE-PUBLICACAO=""/><AUTORES NOME-COMPLETO-DO-AUTOR="Raquel Espirito Santo" NOME-PARA-CITACAO="SANTO, R. E." ORDEM-DE-AUTORIA="1" NRO-ID-CNPQ=""/><AUTORES NOME-COMPLETO-DO-AUTOR="Beatriz Gilda jegerhorn grinsztejn" NOME-PARA-CITACAO="GRINSZTEJN, B. G. J." ORDEM-DE-AUTORIA="2" NRO-ID-CNPQ=""/><AUTORES NOME-COMPLETO-DO-AUTOR="Wilza Arantes Ferreira Peres" NOME-PARA-CITACAO="PERES, W. A. F." ORDEM-DE-AUTORIA="3" NRO-ID-CNPQ=""/><AUTORES NOME-COMPLETO-DO-AUTOR="Patrícia Dias de Brito" NOME-PARA-CITACAO="BRITO, P. D." ORDEM-DE-AUTORIA="4" NRO-ID-CNPQ="9059675098804893"/></ARTIGO-PUBLICADO><ARTIGO-PUBLICADO SEQUENCIA-PRODUCAO="23" ORDEM-IMPORTANCIA=""><DADOS-BASICOS-DO-ARTIGO NATUREZA="COMPLETO" TITULO-DO-ARTIGO="Elementos traço e complicações obstétricas na gestação na adolescência" ANO-DO-ARTIGO="2010" PAIS-DE-PUBLICACAO="" IDIOMA="Inglês" MEIO-DE-DIVULGACAO="MEIO_DIGITAL" HOME-PAGE-DO-TRABALHO="" FLAG-RELEVANCIA="SIM" DOI="10.1590/S1415-52732010000400012" TITULO-DO-ARTIGO-INGLES="" FLAG-DIVULGACAO-CIENTIFICA="NAO"/><DETALHAMENTO-DO-ARTIGO TITULO-DO-PERIODICO-OU-REVISTA="Revista de Microbiologia (Impresso) (Cessou em 1999. Cont. ISSN 1517-8382 Brazilian Journal of Microbiology (Impresso))" ISSN="00013714" VOLUME="23" FASCICULO="" SERIE="" PAGINA-INICIAL="4" PAGINA-FINAL="" LOCAL-DE-PUBLICACAO=""/><AUTORES NOME-COMPLETO-DO-AUTOR="Moraes, Milena Lima de" NOME-PARA-CITACAO="Moraes, Milena Lima de" ORDEM-DE-AUTORIA="1" NRO-ID-CNPQ=""/><AUTORES NOME-COMPLETO-DO-AUTOR="Almeida, Lívia Belcastro de" NOME-PARA-CITACAO="Almeida, Lívia Belcastro de" ORDEM-DE-AUTORIA="2" NRO-ID-CNPQ=""/><AUTORES NOME-COMPLETO-DO-AUTOR="Raquel Espirito Santo" NOME-PARA-CITACAO="Santo, Raquel Espírito" ORDEM-DE-AUTORIA="3" NRO-ID-CNPQ=""/><AUTORES NOME-COMPLETO-DO-AUTOR="Barbosa, Renata de Faria" NOME-PARA-CITACAO="Barbosa, Renata de Faria" ORDEM-DE-AUTORIA="4" NRO-ID-CNPQ=""/><AUTORES NOME-COMPLETO-DO-AUTOR="Carmo, Maria das Graças Tavares do" NOME-PARA-CITACAO="Carmo, Maria das Graças Tavares do" ORDEM-DE-AUTORIA="5" NRO-ID-CNPQ=""/></ARTIGO-PUBLICADO><ARTIGO-PUBLICADO SEQUENCIA-PRODUCAO="4" ORDEM-IMPORTANCIA=""><DADOS-BASICOS-DO-ARTIGO NATUREZA="COMPLETO" TITULO-DO-ARTIGO="Maternal-Fetal Distribution of Calcium, Iron, Copper, and Zinc in Pregnant Teenagers and Adults" ANO-DO-ARTIGO="2010" PAIS-DE-PUBLICACAO="" IDIOMA="Inglês" MEIO-DE-DIVULGACAO="MEIO_DIGITAL" HOME-PAGE-DO-TRABALHO="[doi:10.1007/s12011-010-8649-6]" FLAG-RELEVANCIA="SIM" DOI="10.1007/s12011-010-8649-6" TITULO-DO-ARTIGO-INGLES="" FLAG-DIVULGACAO-CIENTIFICA="NAO"/><DETALHAMENTO-DO-ARTIGO TITULO-DO-PERIODICO-OU-REVISTA="Biological Trace Element Research" ISSN="01634984" VOLUME="" FASCICULO="" SERIE="" PAGINA-INICIAL="1" PAGINA-FINAL="0" LOCAL-DE-PUBLICACAO=""/><AUTORES NOME-COMPLETO-DO-AUTOR="Moraes, Milena Lima" NOME-PARA-CITACAO="Moraes, Milena Lima" ORDEM-DE-AUTORIA="1" NRO-ID-CNPQ=""/><AUTORES NOME-COMPLETO-DO-AUTOR="Faria Barbosa, Renata" NOME-PARA-CITACAO="Faria Barbosa, Renata" ORDEM-DE-AUTORIA="2" NRO-ID-CNPQ=""/><AUTORES NOME-COMPLETO-DO-AUTOR="Raquel Espirito Santo" NOME-PARA-CITACAO="Santo, Raquel Espírito" ORDEM-DE-AUTORIA="3" NRO-ID-CNPQ=""/><AUTORES NOME-COMPLETO-DO-AUTOR="Silva Santos, Flávia" NOME-PARA-CITACAO="Silva Santos, Flávia" ORDEM-DE-AUTORIA="4" NRO-ID-CNPQ=""/><AUTORES NOME-COMPLETO-DO-AUTOR="Jesus, Edgar Francisco Oliveira" NOME-PARA-CITACAO="Jesus, Edgar Francisco Oliveira" ORDEM-DE-AUTORIA="5" NRO-ID-CNPQ="6432402450203234"/><AUTORES NOME-COMPLETO-DO-AUTOR="Sardinha, Fátima Lúcia de Carvalho" NOME-PARA-CITACAO="Sardinha, Fátima Lúcia de Carvalho" ORDEM-DE-AUTORIA="6" NRO-ID-CNPQ="4956067927528664"/><AUTORES NOME-COMPLETO-DO-AUTOR="Tavares do Carmo, Maria das Graças" NOME-PARA-CITACAO="Tavares do Carmo, Maria das Graças" ORDEM-DE-AUTORIA="7" NRO-ID-CNPQ="1461016314925599"/></ARTIGO-PUBLICADO></ARTIGOS-PUBLICADOS><LIVROS-E-CAPITULOS><CAPITULOS-DE-LIVROS-PUBLICADOS><CAPITULO-DE-LIVRO-PUBLICADO SEQUENCIA-PRODUCAO="44"><DADOS-BASICOS-DO-CAPITULO TIPO="Capítulo de livro publicado" TITULO-DO-CAPITULO-DO-LIVRO="Uso de Alimentos Funcionais por Pessoas Vivendo com HIV/AIDS" ANO="2016" PAIS-DE-PUBLICACAO="Brasil" IDIOMA="Português" MEIO-DE-DIVULGACAO="NAO_INFORMADO" HOME-PAGE-DO-TRABALHO="" FLAG-RELEVANCIA="NAO" DOI="" TITULO-DO-CAPITULO-DO-LIVRO-INGLES="" FLAG-DIVULGACAO-CIENTIFICA="NAO"/><DETALHAMENTO-DO-CAPITULO TITULO-DO-LIVRO="Alimentos Funcionais: Componentes Bioativos e Efeitos Fisiológicos" NUMERO-DE-VOLUMES="" PAGINA-INICIAL="381" PAGINA-FINAL="395" ISBN="9788584110544" ORGANIZADORES="Carla de Oliveira Barbosa Rosa; Neuza Maria Brunoro Costa." NUMERO-DA-EDICAO-REVISAO="2ed" NUMERO-DA-SERIE="" CIDADE-DA-EDITORA="Rio de Janeiro" NOME-DA-EDITORA="Rubio"/><AUTORES NOME-COMPLETO-DO-AUTOR="Patrícia Dias de Brito" NOME-PARA-CITACAO="BRITO, P. D." ORDEM-DE-AUTORIA="1" NRO-ID-CNPQ="9059675098804893"/><AUTORES NOME-COMPLETO-DO-AUTOR="Adriana Costa Bacelo" NOME-PARA-CITACAO="BACELO, A. C." ORDEM-DE-AUTORIA="2" NRO-ID-CNPQ=""/><AUTORES NOME-COMPLETO-DO-AUTOR="Cláudia Santos de Aguiar Cardoso" NOME-PARA-CITACAO="CARDOSO, C. S. A." ORDEM-DE-AUTORIA="3" NRO-ID-CNPQ=""/><AUTORES NOME-COMPLETO-DO-AUTOR="Paula Simplicio Silva" NOME-PARA-CITACAO="SILVA, P. S." ORDEM-DE-AUTORIA="4" NRO-ID-CNPQ=""/><AUTORES NOME-COMPLETO-DO-AUTOR="Raquel Espirito Santo" NOME-PARA-CITACAO="SANTO, R. E." ORDEM-DE-AUTORIA="5" NRO-ID-CNPQ=""/><AUTORES NOME-COMPLETO-DO-AUTOR="Juliana Gonçalves Lauar" NOME-PARA-CITACAO="LAUAR, J. G." ORDEM-DE-AUTORIA="6" NRO-ID-CNPQ=""/></CAPITULO-DE-LIVRO-PUBLICADO></CAPITULOS-DE-LIVROS-PUBLICADOS></LIVROS-E-CAPITULOS></PRODUCAO-BIBLIOGRAFICA><PRODUCAO-TECNICA><DEMAIS-TIPOS-DE-PRODUCAO-TECNICA><APRESENTACAO-DE-TRABALHO SEQUENCIA-PRODUCAO="26"><DADOS-BASICOS-DA-APRESENTACAO-DE-TRABALHO NATUREZA="CONGRESSO" TITULO="Teores de minerais no sangue materno e do cordão umbilical de adolescentes em comparação com adultas" ANO="2008" PAIS="Brasil" IDIOMA="Português" FLAG-RELEVANCIA="NAO" DOI="" TITULO-INGLES="" FLAG-DIVULGACAO-CIENTIFICA="NAO"/><DETALHAMENTO-DA-APRESENTACAO-DE-TRABALHO NOME-DO-EVENTO="Congresso Brasileiro de Ensino e Pesquisa em Saúde da Criança e do Adolescente" INSTITUICAO-PROMOTORA="" LOCAL-DA-APRESENTACAO="Hotel Glória" CIDADE-DA-APRESENTACAO="Rio de Janeiro" NOME-DO-EVENTO-INGLES=""/><AUTORES NOME-COMPLETO-DO-AUTOR="milena lima de moraes" NOME-PARA-CITACAO="MORAES, M. L." ORDEM-DE-AUTORIA="1" NRO-ID-CNPQ="9081322952084753"/><AUTORES NOME-COMPLETO-DO-AUTOR="Renata Faria Barbosa" NOME-PARA-CITACAO="BARBOSA, R. F." ORDEM-DE-AUTORIA="2" NRO-ID-CNPQ=""/><AUTORES NOME-COMPLETO-DO-AUTOR="Flávia da Silva Santos" NOME-PARA-CITACAO="SANTOS, F. S." ORDEM-DE-AUTORIA="3" NRO-ID-CNPQ=""/><AUTORES NOME-COMPLETO-DO-AUTOR="Raquel Espirito Santo" NOME-PARA-CITACAO="SANTO, R. E." ORDEM-DE-AUTORIA="4" NRO-ID-CNPQ=""/><AUTORES NOME-COMPLETO-DO-AUTOR="Lívia Belcastro de Almeida" NOME-PARA-CITACAO="ALMEIDA, L. B." ORDEM-DE-AUTORIA="5" NRO-ID-CNPQ=""/><AUTORES NOME-COMPLETO-DO-AUTOR="Edgar Francisco Oliveira de Jesus" NOME-PARA-CITACAO="JESUS, E. F. O." ORDEM-DE-AUTORIA="6" NRO-ID-CNPQ=""/><AUTORES NOME-COMPLETO-DO-AUTOR="Maria das Graças Tavares do Carmo" NOME-PARA-CITACAO="TAVARES DO CARMO, M. G." ORDEM-DE-AUTORIA="7" NRO-ID-CNPQ=""/></APRESENTACAO-DE-TRABALHO><CURSO-DE-CURTA-DURACAO-MINISTRADO SEQUENCIA-PRODUCAO="38"><DADOS-BASICOS-DE-CURSOS-CURTA-DURACAO-MINISTRADO NIVEL-DO-CURSO="OUTRA" TITULO="Curso Nutrição Clínica e Funcional aplicada a atuação ambulatorial" ANO="2015" PAIS="Brasil" IDIOMA="Português" MEIO-DE-DIVULGACAO="MEIO_DIGITAL" HOME-PAGE-DO-TRABALHO="" FLAG-RELEVANCIA="NAO" DOI="" TITULO-INGLES="" FLAG-DIVULGACAO-CIENTIFICA="SIM"/><DETALHAMENTO-DE-CURSOS-CURTA-DURACAO-MINISTRADO PARTICIPACAO-DOS-AUTORES="DOCENTE" INSTITUICAO-PROMOTORA-DO-CURSO="Centro Universitário Augusto Motta - UNISUAM" LOCAL-DO-CURSO="Rio de Janeiro" CIDADE="Rio de Janeiro" DURACAO="12" UNIDADE="horas" UNIDADE-INGLES=""/><AUTORES NOME-COMPLETO-DO-AUTOR="Raquel Espirito Santo" NOME-PARA-CITACAO="SANTO, R. E." ORDEM-DE-AUTORIA="1" NRO-ID-CNPQ=""/><AUTORES NOME-COMPLETO-DO-AUTOR="Juliana Gonçalves Lauar" NOME-PARA-CITACAO="LAUAR, J. G." ORDEM-DE-AUTORIA="2" NRO-ID-CNPQ=""/></CURSO-DE-CURTA-DURACAO-MINISTRADO><ORGANIZACAO-DE-EVENTO SEQUENCIA-PRODUCAO="46"><DADOS-BASICOS-DA-ORGANIZACAO-DE-EVENTO TIPO="OUTRO" NATUREZA="ORGANIZACAO" TITULO="IV Seminário de Terapia Nutricional do INI" ANO="2014" PAIS="Brasil" IDIOMA="Português" MEIO-DE-DIVULGACAO="NAO_INFORMADO" HOME-PAGE-DO-TRABALHO="" FLAG-RELEVANCIA="NAO" DOI="" TITULO-INGLES="" FLAG-DIVULGACAO-CIENTIFICA="NAO"/><DETALHAMENTO-DA-ORGANIZACAO-DE-EVENTO INSTITUICAO-PROMOTORA="" DURACAO-EM-SEMANAS="" FLAG-EVENTO-ITINERANTE="N" FLAG-CATALOGO="" LOCAL="" CIDADE=""/><AUTORES NOME-COMPLETO-DO-AUTOR="Cristiane Fonseca de Almeida" NOME-PARA-CITACAO="ALMEIDA, C. F." ORDEM-DE-AUTORIA="1" NRO-ID-CNPQ=""/><AUTORES NOME-COMPLETO-DO-AUTOR="Patrícia Dias de Brito" NOME-PARA-CITACAO="BRITO, P. D." ORDEM-DE-AUTORIA="2" NRO-ID-CNPQ="9059675098804893"/><AUTORES NOME-COMPLETO-DO-AUTOR="Cláudia Santos de Aguiar Cardoso" NOME-PARA-CITACAO="CARDOSO, C. S. A." ORDEM-DE-AUTORIA="3" NRO-ID-CNPQ=""/><AUTORES NOME-COMPLETO-DO-AUTOR="Paula Simplicio Silva" NOME-PARA-CITACAO="SILVA, P. S." ORDEM-DE-AUTORIA="4" NRO-ID-CNPQ=""/><AUTORES NOME-COMPLETO-DO-AUTOR="Raquel Espirito Santo" NOME-PARA-CITACAO="SANTO, R. E." ORDEM-DE-AUTORIA="5" NRO-ID-CNPQ=""/><AUTORES NOME-COMPLETO-DO-AUTOR="Adriana Costa Bacelo" NOME-PARA-CITACAO="BACELO, A. C." ORDEM-DE-AUTORIA="6" NRO-ID-CNPQ=""/></ORGANIZACAO-DE-EVENTO><OUTRA-PRODUCAO-TECNICA SEQUENCIA-PRODUCAO="43"><DADOS-BASICOS-DE-OUTRA-PRODUCAO-TECNICA NATUREZA="Elaboração de POP SENUT" TITULO="Elaboração de POP SENUT - Bioimpedância Elétrica" ANO="2015" PAIS="Brasil" MEIO-DE-DIVULGACAO="NAO_INFORMADO" IDIOMA="Português" HOME-PAGE-DO-TRABALHO="" FLAG-RELEVANCIA="NAO" DOI="" TITULO-INGLES="" NATUREZA-INGLES="" FLAG-DIVULGACAO-CIENTIFICA="NAO"/><DETALHAMENTO-DE-OUTRA-PRODUCAO-TECNICA FINALIDADE="Elaboração de material didático ou instrucional - elaboração de Procedimento Operacional Padrão" INSTITUICAO-PROMOTORA="" LOCAL="" CIDADE="" FINALIDADE-INGLES=""/><AUTORES NOME-COMPLETO-DO-AUTOR="Raquel Espirito Santo" NOME-PARA-CITACAO="SANTO, R. E." ORDEM-DE-AUTORIA="1" NRO-ID-CNPQ=""/><AUTORES NOME-COMPLETO-DO-AUTOR="Crisitiane de Alemida Fonseca" NOME-PARA-CITACAO="FONSECA, C. A." ORDEM-DE-AUTORIA="2" NRO-ID-CNPQ=""/></OUTRA-PRODUCAO-TECNICA></DEMAIS-TIPOS-DE-PRODUCAO-TECNICA></PRODUCAO-TECNICA><OUTRA-PRODUCAO><ORIENTACOES-CONCLUIDAS><OUTRAS-ORIENTACOES-CONCLUIDAS SEQUENCIA-PRODUCAO="45"><DADOS-BASICOS-DE-OUTRAS-ORIENTACOES-CONCLUIDAS NATUREZA="TRABALHO_DE_CONCLUSAO_DE_CURSO_GRADUACAO" TIPO="" TITULO="A utilização de prebióticos, probióticos e simbióticos na prevenção e tratamento de pacientes portadores de câncer colorretal" ANO="2015" PAIS="Brasil" IDIOMA="Português" HOME-PAGE="" FLAG-RELEVANCIA="NAO" DOI="" TITULO-INGLES="" TIPO-INGLES=""/><DETALHAMENTO-DE-OUTRAS-ORIENTACOES-CONCLUIDAS NOME-DO-ORIENTADO="Rodrigo Damasceno de Oliveira" CODIGO-INSTITUICAO="201900000008" NOME-DA-INSTITUICAO="Centro Universitário Augusto Motta" CODIGO-CURSO="60108428" NOME-DO-CURSO="Nutrição" FLAG-BOLSA="NAO" CODIGO-AGENCIA-FINANCIADORA="" NOME-DA-AGENCIA="" TIPO-DE-ORIENTACAO-CONCLUIDA="CO_ORIENTADOR" NUMERO-DE-PAGINAS="" NUMERO-ID-ORIENTADO="" NOME-DO-CURSO-INGLES=""/></OUTRAS-ORIENTACOES-CONCLUIDAS></ORIENTACOES-CONCLUIDAS></OUTRA-PRODUCAO><DADOS-COMPLEMENTARES><FORMACAO-COMPLEMENTAR><FORMACAO-COMPLEMENTAR-CURSO-DE-CURTA-DURACAO SEQUENCIA-FORMACAO="2" NIVEL="F" CARGA-HORARIA="3" CODIGO-INSTITUICAO="097900000000" NOME-INSTITUICAO="Federação das Sociedades de Biologia Experimental" CODIGO-ORGAO="" NOME-ORGAO="" CODIGO-CURSO="90000001" NOME-CURSO="Tecido Adiposo: metabolismo e adipocinas" STATUS-DO-CURSO="CONCLUIDO" ANO-DE-INICIO="2008" ANO-DE-CONCLUSAO="2008" NOME-CURSO-INGLES=""/><OUTROS SEQUENCIA-FORMACAO="4" NIVEL="Y" CARGA-HORARIA="24" CODIGO-INSTITUICAO="000100000991" NOME-INSTITUICAO="NutClinic" CODIGO-ORGAO="" NOME-ORGAO="" CODIGO-CURSO="90000005" NOME-CURSO="Atualização em Nutrição e Suplementação Esportiva" STATUS-DO-CURSO="CONCLUIDO" ANO-DE-INICIO="2009" ANO-DE-CONCLUSAO="2009" NOME-CURSO-INGLES=""/><formacoesComplementaresPlana/></FORMACAO-COMPLEMENTAR><PARTICIPACAO-EM-EVENTOS-CONGRESSOS><PARTICIPACAO-EM-CONGRESSO SEQUENCIA-PRODUCAO="25"><PARTICIPANTE-DE-EVENTOS-CONGRESSOS NOME-COMPLETO-DO-PARTICIPANTE-DE-EVENTOS-CONGRESSOS="Raquel Espirito Santo" NOME-PARA-CITACAO-DO-PARTICIPANTE-DE-EVENTOS-CONGRESSOS="SANTO, R. E.;Santo, Raquel Espírito" ORDEM-PARTICIPANTE="1" NRO-ID-CNPQ="4855095056721191"/><DADOS-BASICOS-DA-PARTICIPACAO-EM-CONGRESSO NATUREZA="Congresso" TITULO="Teores de minerais no sangue materno e do cordão umbilical de adolescentes em comparação com adultas." ANO="2008" PAIS="Brasil" IDIOMA="" MEIO-DE-DIVULGACAO="NAO_INFORMADO" HOME-PAGE-DO-TRABALHO="" FLAG-RELEVANCIA="NAO" TIPO-PARTICIPACAO="Poster / Painel" FORMA-PARTICIPACAO="Participante" DOI="" TITULO-INGLES="" FLAG-DIVULGACAO-CIENTIFICA="NAO"/><DETALHAMENTO-DA-PARTICIPACAO-EM-CONGRESSO NOME-DO-EVENTO="Congresso Brasileiro de Ensino e Pesquisa em Saúde da Criança e do Adolescente" CODIGO-INSTITUICAO="" NOME-INSTITUICAO="" LOCAL-DO-EVENTO="" CIDADE-DO-EVENTO="Rio de Janeiro" NOME-DO-EVENTO-INGLES=""/></PARTICIPACAO-EM-CONGRESSO><PARTICIPACAO-EM-CONGRESSO SEQUENCIA-PRODUCAO="20"><PARTICIPANTE-DE-EVENTOS-CONGRESSOS NOME-COMPLETO-DO-PARTICIPANTE-DE-EVENTOS-CONGRESSOS="Raquel Espirito Santo" NOME-PARA-CITACAO-DO-PARTICIPANTE-DE-EVENTOS-CONGRESSOS="SANTO, R. E.;Santo, Raquel Espírito" ORDEM-PARTICIPANTE="1" NRO-ID-CNPQ="4855095056721191"/><DADOS-BASICOS-DA-PARTICIPACAO-EM-CONGRESSO NATUREZA="Congresso" TITULO="" ANO="2009" PAIS="Brasil" IDIOMA="" MEIO-DE-DIVULGACAO="NAO_INFORMADO" HOME-PAGE-DO-TRABALHO="" FLAG-RELEVANCIA="NAO" TIPO-PARTICIPACAO="" FORMA-PARTICIPACAO="Ouvinte" DOI="" TITULO-INGLES="" FLAG-DIVULGACAO-CIENTIFICA="NAO"/><DETALHAMENTO-DA-PARTICIPACAO-EM-CONGRESSO NOME-DO-EVENTO="III Congresso Brasileiro de Nutrição Integrada e GANEPÃO" CODIGO-INSTITUICAO="" NOME-INSTITUICAO="" LOCAL-DO-EVENTO="" CIDADE-DO-EVENTO="São Paulo" NOME-DO-EVENTO-INGLES=""/></PARTICIPACAO-EM-CONGRESSO><PARTICIPACAO-EM-CONGRESSO SEQUENCIA-PRODUCAO="19"><PARTICIPANTE-DE-EVENTOS-CONGRESSOS NOME-COMPLETO-DO-PARTICIPANTE-DE-EVENTOS-CONGRESSOS="Raquel Espirito Santo" NOME-PARA-CITACAO-DO-PARTICIPANTE-DE-EVENTOS-CONGRESSOS="SANTO, R. E.;Santo, Raquel Espírito" ORDEM-PARTICIPANTE="1" NRO-ID-CNPQ="4855095056721191"/><DADOS-BASICOS-DA-PARTICIPACAO-EM-CONGRESSO NATUREZA="Congresso" TITULO="" ANO="2008" PAIS="Brasil" IDIOMA="" MEIO-DE-DIVULGACAO="NAO_INFORMADO" HOME-PAGE-DO-TRABALHO="" FLAG-RELEVANCIA="NAO" TIPO-PARTICIPACAO="" FORMA-PARTICIPACAO="Ouvinte" DOI="" TITULO-INGLES="" FLAG-DIVULGACAO-CIENTIFICA="NAO"/><DETALHAMENTO-DA-PARTICIPACAO-EM-CONGRESSO NOME-DO-EVENTO="XXIII Reunião Anual da FeSBE." CODIGO-INSTITUICAO="" NOME-INSTITUICAO="" LOCAL-DO-EVENTO="" CIDADE-DO-EVENTO="" NOME-DO-EVENTO-INGLES=""/></PARTICIPACAO-EM-CONGRESSO><PARTICIPACAO-EM-CONGRESSO SEQUENCIA-PRODUCAO="37"><PARTICIPANTE-DE-EVENTOS-CONGRESSOS NOME-COMPLETO-DO-PARTICIPANTE-DE-EVENTOS-CONGRESSOS="Raquel Espirito Santo" NOME-PARA-CITACAO-DO-PARTICIPANTE-DE-EVENTOS-CONGRESSOS="SANTO, R. E.;Santo, Raquel Espírito" ORDEM-PARTICIPANTE="1" NRO-ID-CNPQ="4855095056721191"/><DADOS-BASICOS-DA-PARTICIPACAO-EM-CONGRESSO NATUREZA="Congresso" TITULO="Segurança alimentar e estado nutricional de portadores de doenças infecciosas e parasitária" ANO="2013" PAIS="Brasil" IDIOMA="" MEIO-DE-DIVULGACAO="NAO_INFORMADO" HOME-PAGE-DO-TRABALHO="" FLAG-RELEVANCIA="NAO" TIPO-PARTICIPACAO="Poster / Painel" FORMA-PARTICIPACAO="Participante" DOI="" TITULO-INGLES="" FLAG-DIVULGACAO-CIENTIFICA="NAO"/><DETALHAMENTO-DA-PARTICIPACAO-EM-CONGRESSO NOME-DO-EVENTO="XX Congresso Brasileiro de Nutrição Parenteral e Enteral" CODIGO-INSTITUICAO="" NOME-INSTITUICAO="" LOCAL-DO-EVENTO="" CIDADE-DO-EVENTO="Recife - PE" NOME-DO-EVENTO-INGLES=""/></PARTICIPACAO-EM-CONGRESSO><PARTICIPACAO-EM-CONGRESSO SEQUENCIA-PRODUCAO="24"><PARTICIPANTE-DE-EVENTOS-CONGRESSOS NOME-COMPLETO-DO-PARTICIPANTE-DE-EVENTOS-CONGRESSOS="Raquel Espirito Santo" NOME-PARA-CITACAO-DO-PARTICIPANTE-DE-EVENTOS-CONGRESSOS="SANTO, R. E.;Santo, Raquel Espírito" ORDEM-PARTICIPANTE="1" NRO-ID-CNPQ="4855095056721191"/><DADOS-BASICOS-DA-PARTICIPACAO-EM-CONGRESSO NATUREZA="Congresso" TITULO="" ANO="2010" PAIS="Brasil" IDIOMA="" MEIO-DE-DIVULGACAO="NAO_INFORMADO" HOME-PAGE-DO-TRABALHO="" FLAG-RELEVANCIA="NAO" TIPO-PARTICIPACAO="" FORMA-PARTICIPACAO="Ouvinte" DOI="" TITULO-INGLES="" FLAG-DIVULGACAO-CIENTIFICA="NAO"/><DETALHAMENTO-DA-PARTICIPACAO-EM-CONGRESSO NOME-DO-EVENTO="IV Congresso Brasileiro de Nutrição Integrada e GANEPÃO" CODIGO-INSTITUICAO="" NOME-INSTITUICAO="" LOCAL-DO-EVENTO="" CIDADE-DO-EVENTO="São Paulo" NOME-DO-EVENTO-INGLES=""/></PARTICIPACAO-EM-CONGRESSO><PARTICIPACAO-EM-CONGRESSO SEQUENCIA-PRODUCAO="36"><PARTICIPANTE-DE-EVENTOS-CONGRESSOS NOME-COMPLETO-DO-PARTICIPANTE-DE-EVENTOS-CONGRESSOS="Raquel Espirito Santo" NOME-PARA-CITACAO-DO-PARTICIPANTE-DE-EVENTOS-CONGRESSOS="SANTO, R. E.;Santo, Raquel Espírito" ORDEM-PARTICIPANTE="1" NRO-ID-CNPQ="4855095056721191"/><DADOS-BASICOS-DA-PARTICIPACAO-EM-CONGRESSO NATUREZA="Congresso" TITULO="Avaliação nutricional através dos indicadores de obesidade em indivíduos HIV + virgens de tratamento antiretroviral" ANO="2013" PAIS="Brasil" IDIOMA="" MEIO-DE-DIVULGACAO="NAO_INFORMADO" HOME-PAGE-DO-TRABALHO="" FLAG-RELEVANCIA="NAO" TIPO-PARTICIPACAO="Poster / Painel" FORMA-PARTICIPACAO="Participante" DOI="" TITULO-INGLES="" FLAG-DIVULGACAO-CIENTIFICA="NAO"/><DETALHAMENTO-DA-PARTICIPACAO-EM-CONGRESSO NOME-DO-EVENTO="XX Congresso Brasileiro de Nutrição Parenteral e Enteral" CODIGO-INSTITUICAO="" NOME-INSTITUICAO="" LOCAL-DO-EVENTO="" CIDADE-DO-EVENTO="Recife - PE" NOME-DO-EVENTO-INGLES=""/></PARTICIPACAO-EM-CONGRESSO><PARTICIPACAO-EM-CONGRESSO SEQUENCIA-PRODUCAO="17"><PARTICIPANTE-DE-EVENTOS-CONGRESSOS NOME-COMPLETO-DO-PARTICIPANTE-DE-EVENTOS-CONGRESSOS="Raquel Espirito Santo" NOME-PARA-CITACAO-DO-PARTICIPANTE-DE-EVENTOS-CONGRESSOS="SANTO, R. E.;Santo, Raquel Espírito" ORDEM-PARTICIPANTE="1" NRO-ID-CNPQ="4855095056721191"/><DADOS-BASICOS-DA-PARTICIPACAO-EM-CONGRESSO NATUREZA="Congresso" TITULO="Evolução nutricional de pacientes internados em instituição pública especializada em doenças infecto-contagiosas recebendo suplementação nutricional oral associada a dieta oral" ANO="2009" PAIS="Brasil" IDIOMA="" MEIO-DE-DIVULGACAO="NAO_INFORMADO" HOME-PAGE-DO-TRABALHO="" FLAG-RELEVANCIA="NAO" TIPO-PARTICIPACAO="Poster / Painel" FORMA-PARTICIPACAO="Participante" DOI="" TITULO-INGLES="" FLAG-DIVULGACAO-CIENTIFICA="NAO"/><DETALHAMENTO-DA-PARTICIPACAO-EM-CONGRESSO NOME-DO-EVENTO="XVIII Congresso Brasileiro de Nutrição Parenteral e Enteral" CODIGO-INSTITUICAO="" NOME-INSTITUICAO="" LOCAL-DO-EVENTO="" CIDADE-DO-EVENTO="Natal/RN" NOME-DO-EVENTO-INGLES=""/></PARTICIPACAO-EM-CONGRESSO><PARTICIPACAO-EM-CONGRESSO SEQUENCIA-PRODUCAO="15"><PARTICIPANTE-DE-EVENTOS-CONGRESSOS NOME-COMPLETO-DO-PARTICIPANTE-DE-EVENTOS-CONGRESSOS="Raquel Espirito Santo" NOME-PARA-CITACAO-DO-PARTICIPANTE-DE-EVENTOS-CONGRESSOS="SANTO, R. E.;Santo, Raquel Espírito" ORDEM-PARTICIPANTE="1" NRO-ID-CNPQ="4855095056721191"/><DADOS-BASICOS-DA-PARTICIPACAO-EM-CONGRESSO NATUREZA="Congresso" TITULO="" ANO="2008" PAIS="Brasil" IDIOMA="" MEIO-DE-DIVULGACAO="NAO_INFORMADO" HOME-PAGE-DO-TRABALHO="" FLAG-RELEVANCIA="NAO" TIPO-PARTICIPACAO="" FORMA-PARTICIPACAO="Ouvinte" DOI="" TITULO-INGLES="" FLAG-DIVULGACAO-CIENTIFICA="NAO"/><DETALHAMENTO-DA-PARTICIPACAO-EM-CONGRESSO NOME-DO-EVENTO="XX Congresso Brasileiro de Nutrição" CODIGO-INSTITUICAO="" NOME-INSTITUICAO="" LOCAL-DO-EVENTO="" CIDADE-DO-EVENTO="" NOME-DO-EVENTO-INGLES=""/></PARTICIPACAO-EM-CONGRESSO><PARTICIPACAO-EM-SEMINARIO SEQUENCIA-PRODUCAO="14"><PARTICIPANTE-DE-EVENTOS-CONGRESSOS NOME-COMPLETO-DO-PARTICIPANTE-DE-EVENTOS-CONGRESSOS="Raquel Espirito Santo" NOME-PARA-CITACAO-DO-PARTICIPANTE-DE-EVENTOS-CONGRESSOS="SANTO, R. E.;Santo, Raquel Espírito" ORDEM-PARTICIPANTE="1" NRO-ID-CNPQ="4855095056721191"/><DADOS-BASICOS-DA-PARTICIPACAO-EM-SEMINARIO NATUREZA="Seminário" TITULO="" ANO="2009" PAIS="Brasil" IDIOMA="" MEIO-DE-DIVULGACAO="NAO_INFORMADO" HOME-PAGE-DO-TRABALHO="" FLAG-RELEVANCIA="NAO" TIPO-PARTICIPACAO="" FORMA-PARTICIPACAO="Ouvinte" DOI="" TITULO-INGLES="" FLAG-DIVULGACAO-CIENTIFICA="NAO"/><DETALHAMENTO-DA-PARTICIPACAO-EM-SEMINARIO NOME-DO-EVENTO="II Seminário de Terapia Nutricional do IPEC/FIOCRUZ" CODIGO-INSTITUICAO="" NOME-INSTITUICAO="" LOCAL-DO-EVENTO="" CIDADE-DO-EVENTO="Rio de Janeiro" NOME-DO-EVENTO-INGLES=""/></PARTICIPACAO-EM-SEMINARIO><OUTRAS-PARTICIPACOES-EM-EVENTOS-CONGRESSOS SEQUENCIA-PRODUCAO="16"><PARTICIPANTE-DE-EVENTOS-CONGRESSOS NOME-COMPLETO-DO-PARTICIPANTE-DE-EVENTOS-CONGRESSOS="Raquel Espirito Santo" NOME-PARA-CITACAO-DO-PARTICIPANTE-DE-EVENTOS-CONGRESSOS="SANTO, R. E.;Santo, Raquel Espírito" ORDEM-PARTICIPANTE="1" NRO-ID-CNPQ="4855095056721191"/><DADOS-BASICOS-DE-OUTRAS-PARTICIPACOES-EM-EVENTOS-CONGRESSOS NATUREZA="Outra" TITULO="" ANO="2008" PAIS="Brasil" IDIOMA="" MEIO-DE-DIVULGACAO="NAO_INFORMADO" HOME-PAGE-DO-TRABALHO="" FLAG-RELEVANCIA="NAO" TIPO-PARTICIPACAO="" FORMA-PARTICIPACAO="Ouvinte" DOI="" TITULO-INGLES="" FLAG-DIVULGACAO-CIENTIFICA="NAO"/><DETALHAMENTO-DE-OUTRAS-PARTICIPACOES-EM-EVENTOS-CONGRESSOS NOME-DO-EVENTO="IV Jornada de Nutrição Clínica do Instituto de Nutrição Josué de Castro da UFRJ" CODIGO-INSTITUICAO="" NOME-INSTITUICAO="" LOCAL-DO-EVENTO="" CIDADE-DO-EVENTO="Rio de Janeiro" NOME-DO-EVENTO-INGLES=""/></OUTRAS-PARTICIPACOES-EM-EVENTOS-CONGRESSOS><OUTRAS-PARTICIPACOES-EM-EVENTOS-CONGRESSOS SEQUENCIA-PRODUCAO="18"><PARTICIPANTE-DE-EVENTOS-CONGRESSOS NOME-COMPLETO-DO-PARTICIPANTE-DE-EVENTOS-CONGRESSOS="Raquel Espirito Santo" NOME-PARA-CITACAO-DO-PARTICIPANTE-DE-EVENTOS-CONGRESSOS="SANTO, R. E.;Santo, Raquel Espírito" ORDEM-PARTICIPANTE="1" NRO-ID-CNPQ="4855095056721191"/><DADOS-BASICOS-DE-OUTRAS-PARTICIPACOES-EM-EVENTOS-CONGRESSOS NATUREZA="Outra" TITULO="" ANO="2010" PAIS="Brasil" IDIOMA="" MEIO-DE-DIVULGACAO="NAO_INFORMADO" HOME-PAGE-DO-TRABALHO="" FLAG-RELEVANCIA="NAO" TIPO-PARTICIPACAO="" FORMA-PARTICIPACAO="Ouvinte" DOI="" TITULO-INGLES="" FLAG-DIVULGACAO-CIENTIFICA="NAO"/><DETALHAMENTO-DE-OUTRAS-PARTICIPACOES-EM-EVENTOS-CONGRESSOS NOME-DO-EVENTO="VI Jornada de Nutrição Clínica do Instituto de Nutrição Josué de Castro da UFRJ" CODIGO-INSTITUICAO="" NOME-INSTITUICAO="" LOCAL-DO-EVENTO="" CIDADE-DO-EVENTO="Rio de Janeiro" NOME-DO-EVENTO-INGLES=""/></OUTRAS-PARTICIPACOES-EM-EVENTOS-CONGRESSOS><OUTRAS-PARTICIPACOES-EM-EVENTOS-CONGRESSOS SEQUENCIA-PRODUCAO="22"><PARTICIPANTE-DE-EVENTOS-CONGRESSOS NOME-COMPLETO-DO-PARTICIPANTE-DE-EVENTOS-CONGRESSOS="Raquel Espirito Santo" NOME-PARA-CITACAO-DO-PARTICIPANTE-DE-EVENTOS-CONGRESSOS="SANTO, R. E.;Santo, Raquel Espírito" ORDEM-PARTICIPANTE="1" NRO-ID-CNPQ="4855095056721191"/><DADOS-BASICOS-DE-OUTRAS-PARTICIPACOES-EM-EVENTOS-CONGRESSOS NATUREZA="Outra" TITULO="" ANO="2010" PAIS="Brasil" IDIOMA="" MEIO-DE-DIVULGACAO="NAO_INFORMADO" HOME-PAGE-DO-TRABALHO="" FLAG-RELEVANCIA="NAO" TIPO-PARTICIPACAO="" FORMA-PARTICIPACAO="Ouvinte" DOI="" TITULO-INGLES="" FLAG-DIVULGACAO-CIENTIFICA="NAO"/><DETALHAMENTO-DE-OUTRAS-PARTICIPACOES-EM-EVENTOS-CONGRESSOS NOME-DO-EVENTO="I Curso de atualização de Terapia Nutricional do IPEC/FIOCRUZ" CODIGO-INSTITUICAO="" NOME-INSTITUICAO="" LOCAL-DO-EVENTO="" CIDADE-DO-EVENTO="Rio de Janeiro" NOME-DO-EVENTO-INGLES=""/></OUTRAS-PARTICIPACOES-EM-EVENTOS-CONGRESSOS><OUTRAS-PARTICIPACOES-EM-EVENTOS-CONGRESSOS SEQUENCIA-PRODUCAO="30"><PARTICIPANTE-DE-EVENTOS-CONGRESSOS NOME-COMPLETO-DO-PARTICIPANTE-DE-EVENTOS-CONGRESSOS="Raquel Espirito Santo" NOME-PARA-CITACAO-DO-PARTICIPANTE-DE-EVENTOS-CONGRESSOS="SANTO, R. E.;Santo, Raquel Espírito" ORDEM-PARTICIPANTE="1" NRO-ID-CNPQ="4855095056721191"/><DADOS-BASICOS-DE-OUTRAS-PARTICIPACOES-EM-EVENTOS-CONGRESSOS NATUREZA="Outra" TITULO="" ANO="2010" PAIS="Brasil" IDIOMA="" MEIO-DE-DIVULGACAO="NAO_INFORMADO" HOME-PAGE-DO-TRABALHO="" FLAG-RELEVANCIA="NAO" TIPO-PARTICIPACAO="" FORMA-PARTICIPACAO="Ouvinte" DOI="" TITULO-INGLES="" FLAG-DIVULGACAO-CIENTIFICA="NAO"/><DETALHAMENTO-DE-OUTRAS-PARTICIPACOES-EM-EVENTOS-CONGRESSOS NOME-DO-EVENTO="Curso de Atualização em Terapia Nutricional" CODIGO-INSTITUICAO="" NOME-INSTITUICAO="" LOCAL-DO-EVENTO="" CIDADE-DO-EVENTO="Rio de Janeiro" NOME-DO-EVENTO-INGLES=""/></OUTRAS-PARTICIPACOES-EM-EVENTOS-CONGRESSOS><OUTRAS-PARTICIPACOES-EM-EVENTOS-CONGRESSOS SEQUENCIA-PRODUCAO="21"><PARTICIPANTE-DE-EVENTOS-CONGRESSOS NOME-COMPLETO-DO-PARTICIPANTE-DE-EVENTOS-CONGRESSOS="Raquel Espirito Santo" NOME-PARA-CITACAO-DO-PARTICIPANTE-DE-EVENTOS-CONGRESSOS="SANTO, R. E.;Santo, Raquel Espírito" ORDEM-PARTICIPANTE="1" NRO-ID-CNPQ="4855095056721191"/><DADOS-BASICOS-DE-OUTRAS-PARTICIPACOES-EM-EVENTOS-CONGRESSOS NATUREZA="Outra" TITULO="" ANO="2009" PAIS="Brasil" IDIOMA="" MEIO-DE-DIVULGACAO="NAO_INFORMADO" HOME-PAGE-DO-TRABALHO="" FLAG-RELEVANCIA="NAO" TIPO-PARTICIPACAO="" FORMA-PARTICIPACAO="Ouvinte" DOI="" TITULO-INGLES="" FLAG-DIVULGACAO-CIENTIFICA="NAO"/><DETALHAMENTO-DE-OUTRAS-PARTICIPACOES-EM-EVENTOS-CONGRESSOS NOME-DO-EVENTO="V Jornada de Nutrição Clínica do Instituto de Nutrição Josué de Castro da UFRJ" CODIGO-INSTITUICAO="" NOME-INSTITUICAO="" LOCAL-DO-EVENTO="" CIDADE-DO-EVENTO="Rio de Janeiro" NOME-DO-EVENTO-INGLES=""/></OUTRAS-PARTICIPACOES-EM-EVENTOS-CONGRESSOS><OUTRAS-PARTICIPACOES-EM-EVENTOS-CONGRESSOS SEQUENCIA-PRODUCAO="13"><PARTICIPANTE-DE-EVENTOS-CONGRESSOS NOME-COMPLETO-DO-PARTICIPANTE-DE-EVENTOS-CONGRESSOS="Raquel Espirito Santo" NOME-PARA-CITACAO-DO-PARTICIPANTE-DE-EVENTOS-CONGRESSOS="SANTO, R. E.;Santo, Raquel Espírito" ORDEM-PARTICIPANTE="1" NRO-ID-CNPQ="4855095056721191"/><DADOS-BASICOS-DE-OUTRAS-PARTICIPACOES-EM-EVENTOS-CONGRESSOS NATUREZA="Outra" TITULO="" ANO="2009" PAIS="Brasil" IDIOMA="" MEIO-DE-DIVULGACAO="NAO_INFORMADO" HOME-PAGE-DO-TRABALHO="" FLAG-RELEVANCIA="NAO" TIPO-PARTICIPACAO="" FORMA-PARTICIPACAO="Ouvinte" DOI="" TITULO-INGLES="" FLAG-DIVULGACAO-CIENTIFICA="NAO"/><DETALHAMENTO-DE-OUTRAS-PARTICIPACOES-EM-EVENTOS-CONGRESSOS NOME-DO-EVENTO="I JORNADA IBERO-AMERICANA SOBRE ISÔMEROS DE ÁCIDOS GRAXOS." CODIGO-INSTITUICAO="" NOME-INSTITUICAO="" LOCAL-DO-EVENTO="" CIDADE-DO-EVENTO="" NOME-DO-EVENTO-INGLES=""/></OUTRAS-PARTICIPACOES-EM-EVENTOS-CONGRESSOS></PARTICIPACAO-EM-EVENTOS-CONGRESSOS><INFORMACOES-ADICIONAIS-INSTITUICOES><INFORMACAO-ADICIONAL-INSTITUICAO CODIGO-INSTITUICAO="000100000991" SIGLA-INSTITUICAO="NUTCLINIC" SIGLA-UF-INSTITUICAO="RJ" SIGLA-PAIS-INSTITUICAO="BRA" NOME-PAIS-INSTITUICAO="Brasil" FLAG-AGENCIA-FOMENTO="NAO" FLAG-INSTITUICAO-DE-ENSINO="NAO"/><INFORMACAO-ADICIONAL-INSTITUICAO CODIGO-INSTITUICAO="000200000993" SIGLA-INSTITUICAO="FIOCRUZ" SIGLA-UF-INSTITUICAO="RJ" SIGLA-PAIS-INSTITUICAO="BRA" NOME-PAIS-INSTITUICAO="Brasil" FLAG-AGENCIA-FOMENTO="SIM" FLAG-INSTITUICAO-DE-ENSINO="NAO"/><INFORMACAO-ADICIONAL-INSTITUICAO CODIGO-INSTITUICAO="000201000997" SIGLA-INSTITUICAO="" SIGLA-UF-INSTITUICAO="RJ" SIGLA-PAIS-INSTITUICAO="BRA" NOME-PAIS-INSTITUICAO="Brasil" FLAG-AGENCIA-FOMENTO="NAO" FLAG-INSTITUICAO-DE-ENSINO="NAO"/><INFORMACAO-ADICIONAL-INSTITUICAO CODIGO-INSTITUICAO="000201001993" SIGLA-INSTITUICAO="" SIGLA-UF-INSTITUICAO="RJ" SIGLA-PAIS-INSTITUICAO="BRA" NOME-PAIS-INSTITUICAO="Brasil" FLAG-AGENCIA-FOMENTO="NAO" FLAG-INSTITUICAO-DE-ENSINO="NAO"/><INFORMACAO-ADICIONAL-INSTITUICAO CODIGO-INSTITUICAO="000202000990" SIGLA-INSTITUICAO="" SIGLA-UF-INSTITUICAO="RJ" SIGLA-PAIS-INSTITUICAO="BRA" NOME-PAIS-INSTITUICAO="Brasil" FLAG-AGENCIA-FOMENTO="NAO" FLAG-INSTITUICAO-DE-ENSINO="NAO"/><INFORMACAO-ADICIONAL-INSTITUICAO CODIGO-INSTITUICAO="002200000000" SIGLA-INSTITUICAO="CNPq" SIGLA-UF-INSTITUICAO="DF" SIGLA-PAIS-INSTITUICAO="BRA" NOME-PAIS-INSTITUICAO="Brasil" FLAG-AGENCIA-FOMENTO="SIM" FLAG-INSTITUICAO-DE-ENSINO="SIM"/><INFORMACAO-ADICIONAL-INSTITUICAO CODIGO-INSTITUICAO="003900000001" SIGLA-INSTITUICAO="FIOCRUZ" SIGLA-UF-INSTITUICAO="RJ" SIGLA-PAIS-INSTITUICAO="BRA" NOME-PAIS-INSTITUICAO="Brasil" FLAG-AGENCIA-FOMENTO="NAO" FLAG-INSTITUICAO-DE-ENSINO="SIM"/><INFORMACAO-ADICIONAL-INSTITUICAO CODIGO-INSTITUICAO="020200000009" SIGLA-INSTITUICAO="UFRJ" SIGLA-UF-INSTITUICAO="RJ" SIGLA-PAIS-INSTITUICAO="BRA" NOME-PAIS-INSTITUICAO="Brasil" FLAG-AGENCIA-FOMENTO="NAO" FLAG-INSTITUICAO-DE-ENSINO="SIM"/><INFORMACAO-ADICIONAL-INSTITUICAO CODIGO-INSTITUICAO="032600000000" SIGLA-INSTITUICAO="UERJ" SIGLA-UF-INSTITUICAO="RJ" SIGLA-PAIS-INSTITUICAO="BRA" NOME-PAIS-INSTITUICAO="Brasil" FLAG-AGENCIA-FOMENTO="NAO" FLAG-INSTITUICAO-DE-ENSINO="SIM"/><INFORMACAO-ADICIONAL-INSTITUICAO CODIGO-INSTITUICAO="097900000000" SIGLA-INSTITUICAO="FeSBE" SIGLA-UF-INSTITUICAO="SP" SIGLA-PAIS-INSTITUICAO="BRA" NOME-PAIS-INSTITUICAO="Brasil" FLAG-AGENCIA-FOMENTO="NAO" FLAG-INSTITUICAO-DE-ENSINO="NAO"/><INFORMACAO-ADICIONAL-INSTITUICAO CODIGO-INSTITUICAO="201900000008" SIGLA-INSTITUICAO="UNISUAM" SIGLA-UF-INSTITUICAO="RJ" SIGLA-PAIS-INSTITUICAO="BRA" NOME-PAIS-INSTITUICAO="Brasil" FLAG-AGENCIA-FOMENTO="NAO" FLAG-INSTITUICAO-DE-ENSINO="SIM"/><INFORMACAO-ADICIONAL-INSTITUICAO CODIGO-INSTITUICAO="294800000006" SIGLA-INSTITUICAO="UNESA" SIGLA-UF-INSTITUICAO="RJ" SIGLA-PAIS-INSTITUICAO="BRA" NOME-PAIS-INSTITUICAO="Brasil" FLAG-AGENCIA-FOMENTO="NAO" FLAG-INSTITUICAO-DE-ENSINO="SIM"/></INFORMACOES-ADICIONAIS-INSTITUICOES><INFORMACOES-ADICIONAIS-CURSOS><INFORMACAO-ADICIONAL-CURSO CODIGO-CURSO="60020407" CODIGO-ORGAO="" NOME-ORGAO="" CODIGO-INSTITUICAO="003900000001" NOME-INSTITUICAO="Fundação Oswaldo Cruz" NOME-GRANDE-AREA-DO-CONHECIMENTO="CIENCIAS_DA_SAUDE" NOME-DA-AREA-DO-CONHECIMENTO="Medicina" NOME-DA-SUB-AREA-DO-CONHECIMENTO="" NOME-DA-ESPECIALIDADE="" NIVEL-CURSO="MESTRADO_DOUTORADO"/><INFORMACAO-ADICIONAL-CURSO CODIGO-CURSO="60108428" CODIGO-ORGAO="" NOME-ORGAO="" CODIGO-INSTITUICAO="201900000008" NOME-INSTITUICAO="Centro Universitário Augusto Motta" NOME-GRANDE-AREA-DO-CONHECIMENTO="OUTROS" NOME-DA-AREA-DO-CONHECIMENTO="" NOME-DA-SUB-AREA-DO-CONHECIMENTO="" NOME-DA-ESPECIALIDADE="" NIVEL-CURSO="GRADUACAO"/><INFORMACAO-ADICIONAL-CURSO CODIGO-CURSO="90000000" CODIGO-ORGAO="" NOME-ORGAO="" CODIGO-INSTITUICAO="020200000009" NOME-INSTITUICAO="Universidade Federal do Rio de Janeiro" NOME-GRANDE-AREA-DO-CONHECIMENTO="CIENCIAS_DA_SAUDE" NOME-DA-AREA-DO-CONHECIMENTO="Nutrição" NOME-DA-SUB-AREA-DO-CONHECIMENTO="" NOME-DA-ESPECIALIDADE="" NIVEL-CURSO="GRADUACAO"/><INFORMACAO-ADICIONAL-CURSO CODIGO-CURSO="90000001" CODIGO-ORGAO="" NOME-ORGAO="" CODIGO-INSTITUICAO="097900000000" NOME-INSTITUICAO="Federação das Sociedades de Biologia Experimental" NOME-GRANDE-AREA-DO-CONHECIMENTO="CIENCIAS_BIOLOGICAS" NOME-DA-AREA-DO-CONHECIMENTO="Bioquímica" NOME-DA-SUB-AREA-DO-CONHECIMENTO="Metabolismo e Bioenergética" NOME-DA-ESPECIALIDADE="" NIVEL-CURSO="CURSO_DE_CURTA_DURACAO"/><INFORMACAO-ADICIONAL-CURSO CODIGO-CURSO="90000002" CODIGO-ORGAO="" NOME-ORGAO="" CODIGO-INSTITUICAO="020200000009" NOME-INSTITUICAO="Universidade Federal do Rio de Janeiro" NOME-GRANDE-AREA-DO-CONHECIMENTO="CIENCIAS_DA_SAUDE" NOME-DA-AREA-DO-CONHECIMENTO="Nutrição" NOME-DA-SUB-AREA-DO-CONHECIMENTO="" NOME-DA-ESPECIALIDADE="" NIVEL-CURSO="APERFEICOAMENTO"/><INFORMACAO-ADICIONAL-CURSO CODIGO-CURSO="90000003" CODIGO-ORGAO="" NOME-ORGAO="" CODIGO-INSTITUICAO="020200000009" NOME-INSTITUICAO="Universidade Federal do Rio de Janeiro" NOME-GRANDE-AREA-DO-CONHECIMENTO="CIENCIAS_DA_SAUDE" NOME-DA-AREA-DO-CONHECIMENTO="Nutrição" NOME-DA-SUB-AREA-DO-CONHECIMENTO="" NOME-DA-ESPECIALIDADE="" NIVEL-CURSO="APERFEICOAMENTO"/><INFORMACAO-ADICIONAL-CURSO CODIGO-CURSO="90000004" CODIGO-ORGAO="" NOME-ORGAO="" CODIGO-INSTITUICAO="020200000009" NOME-INSTITUICAO="Universidade Federal do Rio de Janeiro" NOME-GRANDE-AREA-DO-CONHECIMENTO="CIENCIAS_DA_SAUDE" NOME-DA-AREA-DO-CONHECIMENTO="Nutrição" NOME-DA-SUB-AREA-DO-CONHECIMENTO="" NOME-DA-ESPECIALIDADE="" NIVEL-CURSO="APERFEICOAMENTO"/><INFORMACAO-ADICIONAL-CURSO CODIGO-CURSO="90000005" CODIGO-ORGAO="" NOME-ORGAO="" CODIGO-INSTITUICAO="000100000991" NOME-INSTITUICAO="NutClinic" NOME-GRANDE-AREA-DO-CONHECIMENTO="CIENCIAS_DA_SAUDE" NOME-DA-AREA-DO-CONHECIMENTO="Nutrição" NOME-DA-SUB-AREA-DO-CONHECIMENTO="" NOME-DA-ESPECIALIDADE="" NIVEL-CURSO="OT"/><INFORMACAO-ADICIONAL-CURSO CODIGO-CURSO="90000006" CODIGO-ORGAO="" NOME-ORGAO="" CODIGO-INSTITUICAO="003900000001" NOME-INSTITUICAO="Fundação Oswaldo Cruz" NOME-GRANDE-AREA-DO-CONHECIMENTO="CIENCIAS_DA_SAUDE" NOME-DA-AREA-DO-CONHECIMENTO="Nutrição" NOME-DA-SUB-AREA-DO-CONHECIMENTO="" NOME-DA-ESPECIALIDADE="" NIVEL-CURSO="OT"/></INFORMACOES-ADICIONAIS-CURSOS></DADOS-COMPLEMENTARES><eventos/></CURRICULO-VITAE>