<CURRICULO-VITAE SISTEMA-ORIGEM-XML="LATTES_OFFLINE" NUMERO-IDENTIFICADOR="8432964715612693" FORMATO-DATA-ATUALIZACAO="DDMMAAAA" DATA-ATUALIZACAO="31032017" FORMATO-HORA-ATUALIZACAO="HHMMSS" HORA-ATUALIZACAO="222103"><DADOS-GERAIS NOME-COMPLETO="Simone Carrano Lima Saúde" NOME-EM-CITACOES-BIBLIOGRAFICAS="SAÚDE, S. C. L." NACIONALIDADE="B" PAIS-DE-NASCIMENTO="Brasil" FORMATO-DATA-DE-NASCIMENTO="DDMMAAAA" FORMATO-DATA-DE-EMISSAO="DDMMAAAA" PERMISSAO-DE-DIVULGACAO="NAO" DATA-FALECIMENTO="" SIGLA-PAIS-NACIONALIDADE="BRA" PAIS-DE-NACIONALIDADE="Brasil"><RESUMO-CV TEXTO-RESUMO-CV-RH="Profissional da área de Educação a Distância. Graduada em Letras (Universidade Federal do Rio de Janeiro).Especialista em Mídias e tecnologias aplicadas à educação (PUC). Inciou Mestrado em Lingüística (UFRJ). Experiência no sistema de acompanhamento, atendimento personalizado e permanente ao aluno na modalidade on-line. Atualmente atua no curso Mídias na Educação, oferecido pela Pró-Reitoria de Extensão da UFRJ em parceria com a Secretaria de Estado de Educação do Rio de Janeiro, na UNSUAM e na Rede Estadual de Ensino no Colégio Estadual São Bernardo." TEXTO-RESUMO-CV-RH-EN="Has experience in Language, focusing on Language"/><ENDERECO FLAG-DE-PREFERENCIA="ENDERECO_RESIDENCIAL"><ENDERECO-PROFISSIONAL CODIGO-INSTITUICAO-EMPRESA="020200000009" NOME-INSTITUICAO-EMPRESA="Universidade Federal do Rio de Janeiro" CODIGO-ORGAO="" NOME-ORGAO="" CODIGO-UNIDADE="" NOME-UNIDADE="" LOGRADOURO-COMPLEMENTO="Avenida Brigadeiro Trompowsky s/n" PAIS="Brasil" UF="RJ" CEP="21941-509" CIDADE="Rio de Janeiro" BAIRRO="Ilha do Fudão" DDD="21" TELEFONE="" RAMAL="" FAX="" E-MAIL="simonecarrano@hotmail.com" HOME-PAGE="www.ufrj.br"/></ENDERECO><FORMACAO-ACADEMICA-TITULACAO><GRADUACAO SEQUENCIA-FORMACAO="1" NIVEL="1" TITULO-DO-TRABALHO-DE-CONCLUSAO-DE-CURSO="" NOME-DO-ORIENTADOR="" CODIGO-INSTITUICAO="020200000009" NOME-INSTITUICAO="Universidade Federal do Rio de Janeiro" CODIGO-ORGAO="" NOME-ORGAO="" CODIGO-CURSO="60210435" NOME-CURSO="Abi - Letras - Português - Italiano" CODIGO-AREA-CURSO="" STATUS-DO-CURSO="CONCLUIDO" ANO-DE-INICIO="2003" ANO-DE-CONCLUSAO="2006" FLAG-BOLSA="SIM" CODIGO-AGENCIA-FINANCIADORA="002200000000" NOME-AGENCIA="Conselho Nacional de Desenvolvimento Científico e Tecnológico" NUMERO-ID-ORIENTADOR="" CODIGO-CURSO-CAPES="5000784" TITULO-DO-TRABALHO-DE-CONCLUSAO-DE-CURSO-INGLES="" NOME-CURSO-INGLES="" FORMACAO-ACADEMICA-TITULACAO="" TIPO-GRADUACAO="N" CODIGO-INSTITUICAO-GRAD="" NOME-INSTITUICAO-GRAD="" CODIGO-INSTITUICAO-OUTRA-GRAD="" NOME-INSTITUICAO-OUTRA-GRAD="" NOME-ORIENTADOR-GRAD=""/><ESPECIALIZACAO SEQUENCIA-FORMACAO="2" NIVEL="2" TITULO-DA-MONOGRAFIA="Fórum e Chat: Gêneros textuais na EAD (Em fase de conclusão)" NOME-DO-ORIENTADOR="Maria Clara Lanari Bó" CODIGO-INSTITUICAO="011100000008" NOME-INSTITUICAO="Pontifícia Universidade Católica do Rio de Janeiro" CODIGO-ORGAO="" NOME-ORGAO="" CODIGO-CURSO="90000000" NOME-CURSO="Mídias e Tecnologias na Educação" STATUS-DO-CURSO="CONCLUIDO" ANO-DE-INICIO="2009" ANO-DE-CONCLUSAO="2010" FLAG-BOLSA="NAO" CODIGO-AGENCIA-FINANCIADORA="" NOME-AGENCIA="" CARGA-HORARIA="400" TITULO-DA-MONOGRAFIA-INGLES="" NOME-CURSO-INGLES=""/><MESTRADO SEQUENCIA-FORMACAO="3" NIVEL="3" CODIGO-INSTITUICAO="020200000009" NOME-INSTITUICAO="Universidade Federal do Rio de Janeiro" CODIGO-ORGAO="" NOME-ORGAO="" CODIGO-CURSO="31000673" NOME-CURSO="Lingüística" CODIGO-AREA-CURSO="80100007" STATUS-DO-CURSO="EM_ANDAMENTO" ANO-DE-INICIO="2008" ANO-DE-CONCLUSAO="" FLAG-BOLSA="NAO" CODIGO-AGENCIA-FINANCIADORA="" NOME-AGENCIA="" ANO-DE-OBTENCAO-DO-TITULO="" TITULO-DA-DISSERTACAO-TESE="Sufixos e produtividade" NOME-COMPLETO-DO-ORIENTADOR="Maria Carlota de Amaral Paixão Rosa" TIPO-MESTRADO="N" NUMERO-ID-ORIENTADOR="" CODIGO-CURSO-CAPES="31001017067P5" TITULO-DA-DISSERTACAO-TESE-INGLES="" NOME-CURSO-INGLES="Linguistics" NOME-DO-CO-ORIENTADOR="" CODIGO-INSTITUICAO-DOUT="" NOME-INSTITUICAO-DOUT="" CODIGO-INSTITUICAO-OUTRA-DOUT="" NOME-INSTITUICAO-OUTRA-DOUT="" NOME-ORIENTADOR-DOUT=""><AREAS-DO-CONHECIMENTO><AREA-DO-CONHECIMENTO-1 NOME-GRANDE-AREA-DO-CONHECIMENTO="LINGUISTICA_LETRAS_E_ARTES" NOME-DA-AREA-DO-CONHECIMENTO="" NOME-DA-SUB-AREA-DO-CONHECIMENTO="" NOME-DA-ESPECIALIDADE=""/></AREAS-DO-CONHECIMENTO><SETORES-DE-ATIVIDADE SETOR-DE-ATIVIDADE-1="Educação" SETOR-DE-ATIVIDADE-2="Educação" SETOR-DE-ATIVIDADE-3=""/><conceitoCapes/></MESTRADO></FORMACAO-ACADEMICA-TITULACAO><ATUACOES-PROFISSIONAIS><ATUACAO-PROFISSIONAL CODIGO-INSTITUICAO="020200000009" NOME-INSTITUICAO="Universidade Federal do Rio de Janeiro" SEQUENCIA-ATIVIDADE="1" SEQUENCIA-IMPORTANCIA="2"><VINCULOS SEQUENCIA-HISTORICO="1" TIPO-DE-VINCULO="LIVRE" ENQUADRAMENTO-FUNCIONAL="LIVRE" CARGA-HORARIA-SEMANAL="20" FLAG-DEDICACAO-EXCLUSIVA="NAO" MES-INICIO="10" ANO-INICIO="2007" MES-FIM="" ANO-FIM="" OUTRAS-INFORMACOES="Cargo: Tutor" FLAG-VINCULO-EMPREGATICIO="SIM" OUTRO-VINCULO-INFORMADO="Bolsista" OUTRO-ENQUADRAMENTO-FUNCIONAL-INFORMADO="Bolsista- FNDE" OUTRO-ENQUADRAMENTO-FUNCIONAL-INFORMADO-INGLES="" OUTRAS-INFORMACOES-INGLES=""/><atividadesProfissionaisPlanificadas/></ATUACAO-PROFISSIONAL><ATUACAO-PROFISSIONAL CODIGO-INSTITUICAO="201900000008" NOME-INSTITUICAO="Centro Universitário Augusto Motta" SEQUENCIA-ATIVIDADE="2" SEQUENCIA-IMPORTANCIA="1"><VINCULOS SEQUENCIA-HISTORICO="1" TIPO-DE-VINCULO="LIVRE" ENQUADRAMENTO-FUNCIONAL="LIVRE" CARGA-HORARIA-SEMANAL="20" FLAG-DEDICACAO-EXCLUSIVA="NAO" MES-INICIO="03" ANO-INICIO="2010" MES-FIM="" ANO-FIM="" OUTRAS-INFORMACOES="" FLAG-VINCULO-EMPREGATICIO="NAO" OUTRO-VINCULO-INFORMADO="Celetista formal" OUTRO-ENQUADRAMENTO-FUNCIONAL-INFORMADO="Orientador Acadêmico" OUTRO-ENQUADRAMENTO-FUNCIONAL-INFORMADO-INGLES="" OUTRAS-INFORMACOES-INGLES=""/><VINCULOS SEQUENCIA-HISTORICO="2" TIPO-DE-VINCULO="CELETISTA" ENQUADRAMENTO-FUNCIONAL="LIVRE" CARGA-HORARIA-SEMANAL="40" FLAG-DEDICACAO-EXCLUSIVA="NAO" MES-INICIO="04" ANO-INICIO="2014" MES-FIM="" ANO-FIM="" OUTRAS-INFORMACOES="" FLAG-VINCULO-EMPREGATICIO="NAO" OUTRO-VINCULO-INFORMADO="" OUTRO-ENQUADRAMENTO-FUNCIONAL-INFORMADO="Professor-tutor (Professor Auxiliar)" OUTRO-ENQUADRAMENTO-FUNCIONAL-INFORMADO-INGLES="" OUTRAS-INFORMACOES-INGLES=""/><atividadesProfissionaisPlanificadas/></ATUACAO-PROFISSIONAL><ATUACAO-PROFISSIONAL CODIGO-INSTITUICAO="000100000991" NOME-INSTITUICAO="Colégio Estadual São Bernanrdo" SEQUENCIA-ATIVIDADE="3" SEQUENCIA-IMPORTANCIA="3"><VINCULOS SEQUENCIA-HISTORICO="1" TIPO-DE-VINCULO="SERVIDOR_PUBLICO" ENQUADRAMENTO-FUNCIONAL="LIVRE" CARGA-HORARIA-SEMANAL="16" FLAG-DEDICACAO-EXCLUSIVA="NAO" MES-INICIO="01" ANO-INICIO="2009" MES-FIM="" ANO-FIM="" OUTRAS-INFORMACOES="" FLAG-VINCULO-EMPREGATICIO="NAO" OUTRO-VINCULO-INFORMADO="" OUTRO-ENQUADRAMENTO-FUNCIONAL-INFORMADO="Professor" OUTRO-ENQUADRAMENTO-FUNCIONAL-INFORMADO-INGLES="" OUTRAS-INFORMACOES-INGLES=""/><atividadesProfissionaisPlanificadas/></ATUACAO-PROFISSIONAL><ATUACAO-PROFISSIONAL CODIGO-INSTITUICAO="117700000004" NOME-INSTITUICAO="Universidade do Grande Rio" SEQUENCIA-ATIVIDADE="4" SEQUENCIA-IMPORTANCIA="4"><VINCULOS SEQUENCIA-HISTORICO="1" TIPO-DE-VINCULO="LIVRE" ENQUADRAMENTO-FUNCIONAL="LIVRE" CARGA-HORARIA-SEMANAL="20" FLAG-DEDICACAO-EXCLUSIVA="NAO" MES-INICIO="08" ANO-INICIO="2010" MES-FIM="03" ANO-FIM="2011" OUTRAS-INFORMACOES="Atuação coomo tutora da disciplina Métodos e Técnicas de Estudo oferecida na modalidade a distância na Graduação." FLAG-VINCULO-EMPREGATICIO="NAO" OUTRO-VINCULO-INFORMADO="Celetista formal" OUTRO-ENQUADRAMENTO-FUNCIONAL-INFORMADO="Tutor" OUTRO-ENQUADRAMENTO-FUNCIONAL-INFORMADO-INGLES="" OUTRAS-INFORMACOES-INGLES=""/><atividadesProfissionaisPlanificadas/></ATUACAO-PROFISSIONAL><ATUACAO-PROFISSIONAL CODIGO-INSTITUICAO="000200000993" NOME-INSTITUICAO="Secretaria Estadual de Educação" SEQUENCIA-ATIVIDADE="5" SEQUENCIA-IMPORTANCIA="5"><VINCULOS SEQUENCIA-HISTORICO="1" TIPO-DE-VINCULO="SERVIDOR_PUBLICO" ENQUADRAMENTO-FUNCIONAL="LIVRE" CARGA-HORARIA-SEMANAL="16" FLAG-DEDICACAO-EXCLUSIVA="NAO" MES-INICIO="09" ANO-INICIO="2015" MES-FIM="" ANO-FIM="" OUTRAS-INFORMACOES="" FLAG-VINCULO-EMPREGATICIO="NAO" OUTRO-VINCULO-INFORMADO="" OUTRO-ENQUADRAMENTO-FUNCIONAL-INFORMADO="Professor I" OUTRO-ENQUADRAMENTO-FUNCIONAL-INFORMADO-INGLES="" OUTRAS-INFORMACOES-INGLES=""/><atividadesProfissionaisPlanificadas/></ATUACAO-PROFISSIONAL></ATUACOES-PROFISSIONAIS><AREAS-DE-ATUACAO><AREA-DE-ATUACAO SEQUENCIA-AREA-DE-ATUACAO="1" NOME-GRANDE-AREA-DO-CONHECIMENTO="LINGUISTICA_LETRAS_E_ARTES" NOME-DA-AREA-DO-CONHECIMENTO="Letras" NOME-DA-SUB-AREA-DO-CONHECIMENTO="" NOME-DA-ESPECIALIDADE=""/><AREA-DE-ATUACAO SEQUENCIA-AREA-DE-ATUACAO="2" NOME-GRANDE-AREA-DO-CONHECIMENTO="CIENCIAS_HUMANAS" NOME-DA-AREA-DO-CONHECIMENTO="Educação" NOME-DA-SUB-AREA-DO-CONHECIMENTO="" NOME-DA-ESPECIALIDADE=""/><AREA-DE-ATUACAO SEQUENCIA-AREA-DE-ATUACAO="3" NOME-GRANDE-AREA-DO-CONHECIMENTO="CIENCIAS_HUMANAS" NOME-DA-AREA-DO-CONHECIMENTO="Educação" NOME-DA-SUB-AREA-DO-CONHECIMENTO="Educação a distância" NOME-DA-ESPECIALIDADE=""/></AREAS-DE-ATUACAO><IDIOMAS><IDIOMA IDIOMA="IT" DESCRICAO-DO-IDIOMA="Italiano" PROFICIENCIA-DE-LEITURA="RAZOAVELMENTE" PROFICIENCIA-DE-FALA="RAZOAVELMENTE" PROFICIENCIA-DE-ESCRITA="RAZOAVELMENTE" PROFICIENCIA-DE-COMPREENSAO="RAZOAVELMENTE"/><IDIOMA IDIOMA="ES" DESCRICAO-DO-IDIOMA="Espanhol" PROFICIENCIA-DE-LEITURA="RAZOAVELMENTE" PROFICIENCIA-DE-FALA="POUCO" PROFICIENCIA-DE-ESCRITA="POUCO" PROFICIENCIA-DE-COMPREENSAO="RAZOAVELMENTE"/><IDIOMA IDIOMA="EN" DESCRICAO-DO-IDIOMA="Inglês" PROFICIENCIA-DE-LEITURA="RAZOAVELMENTE" PROFICIENCIA-DE-FALA="POUCO" PROFICIENCIA-DE-ESCRITA="POUCO" PROFICIENCIA-DE-COMPREENSAO="RAZOAVELMENTE"/></IDIOMAS><staValidado/><dataExibicao/><dadosBolsista/></DADOS-GERAIS><PRODUCAO-BIBLIOGRAFICA><ARTIGOS-PUBLICADOS><ARTIGO-PUBLICADO SEQUENCIA-PRODUCAO="10" ORDEM-IMPORTANCIA=""><DADOS-BASICOS-DO-ARTIGO NATUREZA="COMPLETO" TITULO-DO-ARTIGO="Combinações de sufixos e produtividade" ANO-DO-ARTIGO="2008" PAIS-DE-PUBLICACAO="" IDIOMA="Português" MEIO-DE-DIVULGACAO="IMPRESSO" HOME-PAGE-DO-TRABALHO="" FLAG-RELEVANCIA="SIM" DOI="" TITULO-DO-ARTIGO-INGLES="" FLAG-DIVULGACAO-CIENTIFICA="NAO"/><DETALHAMENTO-DO-ARTIGO TITULO-DO-PERIODICO-OU-REVISTA="Lusorama" ISSN="09319484" VOLUME="01" FASCICULO="" SERIE="73-74" PAGINA-INICIAL="50" PAGINA-FINAL="93" LOCAL-DE-PUBLICACAO=""/><AUTORES NOME-COMPLETO-DO-AUTOR="Maria Carlota de Amaral Paixão Rosa" NOME-PARA-CITACAO="ROSA, M. C. A. P." ORDEM-DE-AUTORIA="1" NRO-ID-CNPQ=""/><AUTORES NOME-COMPLETO-DO-AUTOR="Simone Carrano Lima Saúde" NOME-PARA-CITACAO="SAÚDE, S. C. L." ORDEM-DE-AUTORIA="2" NRO-ID-CNPQ="8432964715612693"/><AUTORES NOME-COMPLETO-DO-AUTOR="Kátia Nazareth Moura de Abreu" NOME-PARA-CITACAO="ABREU, K. N. M." ORDEM-DE-AUTORIA="3" NRO-ID-CNPQ=""/><AREAS-DO-CONHECIMENTO><AREA-DO-CONHECIMENTO-1 NOME-GRANDE-AREA-DO-CONHECIMENTO="LINGUISTICA_LETRAS_E_ARTES" NOME-DA-AREA-DO-CONHECIMENTO="" NOME-DA-SUB-AREA-DO-CONHECIMENTO="" NOME-DA-ESPECIALIDADE=""/></AREAS-DO-CONHECIMENTO></ARTIGO-PUBLICADO><ARTIGO-PUBLICADO SEQUENCIA-PRODUCAO="9" ORDEM-IMPORTANCIA=""><DADOS-BASICOS-DO-ARTIGO NATUREZA="COMPLETO" TITULO-DO-ARTIGO="Formações com sufixos átonos em Português: estrutura interna e improdutividade em dicionários brasileiros de língua portuguêsa" ANO-DO-ARTIGO="2006" PAIS-DE-PUBLICACAO="" IDIOMA="Português" MEIO-DE-DIVULGACAO="IMPRESSO" HOME-PAGE-DO-TRABALHO="" FLAG-RELEVANCIA="SIM" DOI="" TITULO-DO-ARTIGO-INGLES="" FLAG-DIVULGACAO-CIENTIFICA="NAO"/><DETALHAMENTO-DO-ARTIGO TITULO-DO-PERIODICO-OU-REVISTA="Lusorama" ISSN="09319484" VOLUME="01" FASCICULO="" SERIE="01" PAGINA-INICIAL="64" PAGINA-FINAL="82" LOCAL-DE-PUBLICACAO=""/><AUTORES NOME-COMPLETO-DO-AUTOR="Maria Carlota de Amaral Paixão Rosa" NOME-PARA-CITACAO="ROSA, M. C. A. P." ORDEM-DE-AUTORIA="1" NRO-ID-CNPQ=""/><AUTORES NOME-COMPLETO-DO-AUTOR="Simone Carrano Lima Saúde" NOME-PARA-CITACAO="SAÚDE, S. C. L." ORDEM-DE-AUTORIA="2" NRO-ID-CNPQ="8432964715612693"/><AUTORES NOME-COMPLETO-DO-AUTOR="SILVA, C. S." NOME-PARA-CITACAO="(Claudia Santos da Silva)" ORDEM-DE-AUTORIA="3" NRO-ID-CNPQ=""/><AUTORES NOME-COMPLETO-DO-AUTOR="Kátia Nazareth Moura de Abreu" NOME-PARA-CITACAO="ABREU, K. N. M." ORDEM-DE-AUTORIA="4" NRO-ID-CNPQ=""/><AUTORES NOME-COMPLETO-DO-AUTOR="Nathalia Souza Martins de Oliveira" NOME-PARA-CITACAO="OLIVEIRA, N. S. M." ORDEM-DE-AUTORIA="5" NRO-ID-CNPQ=""/><AREAS-DO-CONHECIMENTO><AREA-DO-CONHECIMENTO-1 NOME-GRANDE-AREA-DO-CONHECIMENTO="LINGUISTICA_LETRAS_E_ARTES" NOME-DA-AREA-DO-CONHECIMENTO="" NOME-DA-SUB-AREA-DO-CONHECIMENTO="" NOME-DA-ESPECIALIDADE=""/></AREAS-DO-CONHECIMENTO><SETORES-DE-ATIVIDADE SETOR-DE-ATIVIDADE-1="Educação" SETOR-DE-ATIVIDADE-2="" SETOR-DE-ATIVIDADE-3=""/></ARTIGO-PUBLICADO></ARTIGOS-PUBLICADOS><TEXTOS-EM-JORNAIS-OU-REVISTAS><TEXTO-EM-JORNAL-OU-REVISTA SEQUENCIA-PRODUCAO="4"><DADOS-BASICOS-DO-TEXTO NATUREZA="REVISTA_MAGAZINE" TITULO-DO-TEXTO="Famiglia Calvano" ANO-DO-TEXTO="2006" PAIS-DE-PUBLICACAO="Brasil" IDIOMA="Italiano" MEIO-DE-DIVULGACAO="IMPRESSO" HOME-PAGE-DO-TRABALHO="www.comunitaitaliana.com" FLAG-RELEVANCIA="NAO" DOI="" TITULO-DO-TEXTO-INGLES="" FLAG-DIVULGACAO-CIENTIFICA="NAO"/><DETALHAMENTO-DO-TEXTO TITULO-DO-JORNAL-OU-REVISTA="Revista Mosaico Italiano" ISSN="" FORMATO-DATA-DE-PUBLICACAO="DDMMAAAA" DATA-DE-PUBLICACAO="26082006" VOLUME="" PAGINA-INICIAL="10" PAGINA-FINAL="12" LOCAL-DE-PUBLICACAO="Rio de Janeiro"><dataPublicacaoFormatoSimples/></DETALHAMENTO-DO-TEXTO><AUTORES NOME-COMPLETO-DO-AUTOR="Simone Carrano Lima Saúde" NOME-PARA-CITACAO="SAÚDE, S. C. L." ORDEM-DE-AUTORIA="1" NRO-ID-CNPQ="8432964715612693"/></TEXTO-EM-JORNAL-OU-REVISTA><TEXTO-EM-JORNAL-OU-REVISTA SEQUENCIA-PRODUCAO="5"><DADOS-BASICOS-DO-TEXTO NATUREZA="REVISTA_MAGAZINE" TITULO-DO-TEXTO="La Divina Commedia Brasiliana" ANO-DO-TEXTO="2006" PAIS-DE-PUBLICACAO="Brasil" IDIOMA="Português" MEIO-DE-DIVULGACAO="IMPRESSO" HOME-PAGE-DO-TRABALHO="www.comunitaitaliana.com" FLAG-RELEVANCIA="SIM" DOI="" TITULO-DO-TEXTO-INGLES="" FLAG-DIVULGACAO-CIENTIFICA="NAO"/><DETALHAMENTO-DO-TEXTO TITULO-DO-JORNAL-OU-REVISTA="Revista Mosaico Italiano" ISSN="" FORMATO-DATA-DE-PUBLICACAO="DDMMAAAA" DATA-DE-PUBLICACAO="26042006" VOLUME="" PAGINA-INICIAL="20" PAGINA-FINAL="21" LOCAL-DE-PUBLICACAO="Rio de Janeiro"><dataPublicacaoFormatoSimples/></DETALHAMENTO-DO-TEXTO><AUTORES NOME-COMPLETO-DO-AUTOR="Simone Carrano Lima Saúde" NOME-PARA-CITACAO="SAÚDE, S. C. L." ORDEM-DE-AUTORIA="1" NRO-ID-CNPQ="8432964715612693"/></TEXTO-EM-JORNAL-OU-REVISTA><TEXTO-EM-JORNAL-OU-REVISTA SEQUENCIA-PRODUCAO="3"><DADOS-BASICOS-DO-TEXTO NATUREZA="REVISTA_MAGAZINE" TITULO-DO-TEXTO="Teatro che passione" ANO-DO-TEXTO="2005" PAIS-DE-PUBLICACAO="Brasil" IDIOMA="Italiano" MEIO-DE-DIVULGACAO="IMPRESSO" HOME-PAGE-DO-TRABALHO="www.comunitaitaliana.com" FLAG-RELEVANCIA="SIM" DOI="" TITULO-DO-TEXTO-INGLES="" FLAG-DIVULGACAO-CIENTIFICA="NAO"/><DETALHAMENTO-DO-TEXTO TITULO-DO-JORNAL-OU-REVISTA="Revista Mosaico Italiano" ISSN="" FORMATO-DATA-DE-PUBLICACAO="DDMMAAAA" DATA-DE-PUBLICACAO="26092005" VOLUME="" PAGINA-INICIAL="19" PAGINA-FINAL="20" LOCAL-DE-PUBLICACAO="Rio de Janeiro"><dataPublicacaoFormatoSimples/></DETALHAMENTO-DO-TEXTO><AUTORES NOME-COMPLETO-DO-AUTOR="Mozilene Neri" NOME-PARA-CITACAO="NERI, M." ORDEM-DE-AUTORIA="1" NRO-ID-CNPQ=""/><AUTORES NOME-COMPLETO-DO-AUTOR="Simone Carrano Lima Saúde" NOME-PARA-CITACAO="SAÚDE, S. C. L." ORDEM-DE-AUTORIA="2" NRO-ID-CNPQ="8432964715612693"/><AUTORES NOME-COMPLETO-DO-AUTOR="Weverton Pereira" NOME-PARA-CITACAO="PEREIRA, W." ORDEM-DE-AUTORIA="3" NRO-ID-CNPQ=""/></TEXTO-EM-JORNAL-OU-REVISTA></TEXTOS-EM-JORNAIS-OU-REVISTAS><ARTIGOS-ACEITOS-PARA-PUBLICACAO><ARTIGO-ACEITO-PARA-PUBLICACAO SEQUENCIA-PRODUCAO="8"><DADOS-BASICOS-DO-ARTIGO NATUREZA="NAO_INFORMADO" TITULO-DO-ARTIGO="Formações com sufixos átonos em português: estrutura interna e improdutividade em" ANO-DO-ARTIGO="2006" PAIS-DE-PUBLICACAO="" IDIOMA="Português" MEIO-DE-DIVULGACAO="NAO_INFORMADO" HOME-PAGE-DO-TRABALHO="" FLAG-RELEVANCIA="NAO" DOI="" TITULO-DO-ARTIGO-INGLES="" FLAG-DIVULGACAO-CIENTIFICA="NAO"/><DETALHAMENTO-DO-ARTIGO TITULO-DO-PERIODICO-OU-REVISTA="Lusorama" ISSN="09319484" VOLUME="" FASCICULO="" SERIE="" PAGINA-INICIAL="" PAGINA-FINAL="" LOCAL-DE-PUBLICACAO=""/><AUTORES NOME-COMPLETO-DO-AUTOR="Simone Carrano Lima Saúde" NOME-PARA-CITACAO="SAÚDE, S. C. L." ORDEM-DE-AUTORIA="1" NRO-ID-CNPQ="8432964715612693"/><AUTORES NOME-COMPLETO-DO-AUTOR="Claudia Santos da Silva" NOME-PARA-CITACAO="Silva, C. S." ORDEM-DE-AUTORIA="2" NRO-ID-CNPQ=""/><AUTORES NOME-COMPLETO-DO-AUTOR="Nathalia Souza Martins de Oliveira" NOME-PARA-CITACAO="OLIVEIRA, N. S. M." ORDEM-DE-AUTORIA="3" NRO-ID-CNPQ=""/><AUTORES NOME-COMPLETO-DO-AUTOR="Kátia Nazareth Moura de Abreu" NOME-PARA-CITACAO="ABREU, K. N. M." ORDEM-DE-AUTORIA="4" NRO-ID-CNPQ=""/><AUTORES NOME-COMPLETO-DO-AUTOR="Maria Carlota de Amaral Paixão Rosa" NOME-PARA-CITACAO="ROSA, M. C. A. P." ORDEM-DE-AUTORIA="5" NRO-ID-CNPQ=""/></ARTIGO-ACEITO-PARA-PUBLICACAO></ARTIGOS-ACEITOS-PARA-PUBLICACAO></PRODUCAO-BIBLIOGRAFICA><PRODUCAO-TECNICA><DEMAIS-TIPOS-DE-PRODUCAO-TECNICA><APRESENTACAO-DE-TRABALHO SEQUENCIA-PRODUCAO="11"><DADOS-BASICOS-DA-APRESENTACAO-DE-TRABALHO NATUREZA="OUTRA" TITULO="A representação da estrutura do vocábulo em dicionários de língua portuguesa: os casos dos sufixos átonos." ANO="2005" PAIS="Brasil" IDIOMA="Português" FLAG-RELEVANCIA="NAO" DOI="" TITULO-INGLES="" FLAG-DIVULGACAO-CIENTIFICA="NAO"/><DETALHAMENTO-DA-APRESENTACAO-DE-TRABALHO NOME-DO-EVENTO="XXVII Jornada Giulio Massarani de Iniciação Cientifica, Artística e Cultural da UFRJ" INSTITUICAO-PROMOTORA="UFRJ" LOCAL-DA-APRESENTACAO="Faculdade de Letras - UFRJ" CIDADE-DA-APRESENTACAO="Rio de Janeiro" NOME-DO-EVENTO-INGLES=""/><AUTORES NOME-COMPLETO-DO-AUTOR="Simone Carrano Lima Saúde" NOME-PARA-CITACAO="SAÚDE, S. C. L." ORDEM-DE-AUTORIA="1" NRO-ID-CNPQ="8432964715612693"/><AUTORES NOME-COMPLETO-DO-AUTOR="Maria Carlota de Amaral Paixão Rosa" NOME-PARA-CITACAO="ROSA, M. C. A. P." ORDEM-DE-AUTORIA="2" NRO-ID-CNPQ=""/><AREAS-DO-CONHECIMENTO><AREA-DO-CONHECIMENTO-1 NOME-GRANDE-AREA-DO-CONHECIMENTO="LINGUISTICA_LETRAS_E_ARTES" NOME-DA-AREA-DO-CONHECIMENTO="" NOME-DA-SUB-AREA-DO-CONHECIMENTO="" NOME-DA-ESPECIALIDADE=""/></AREAS-DO-CONHECIMENTO></APRESENTACAO-DE-TRABALHO><APRESENTACAO-DE-TRABALHO SEQUENCIA-PRODUCAO="13"><DADOS-BASICOS-DA-APRESENTACAO-DE-TRABALHO NATUREZA="CONFERENCIA" TITULO="Conhecendo o Moodle" ANO="2016" PAIS="Brasil" IDIOMA="Português" FLAG-RELEVANCIA="NAO" DOI="" TITULO-INGLES="" FLAG-DIVULGACAO-CIENTIFICA="NAO"/><DETALHAMENTO-DA-APRESENTACAO-DE-TRABALHO NOME-DO-EVENTO="XV- Simpósio Docente - Metodologias Ativas numa Visão Interdisciplinar" INSTITUICAO-PROMOTORA="UNISUAM" LOCAL-DA-APRESENTACAO="Av. Paris, 72. Bonsucesso" CIDADE-DA-APRESENTACAO="Rio de Janeiro" NOME-DO-EVENTO-INGLES=""/><AUTORES NOME-COMPLETO-DO-AUTOR="Simone Carrano Lima Saúde" NOME-PARA-CITACAO="SAÚDE, S. C. L." ORDEM-DE-AUTORIA="1" NRO-ID-CNPQ="8432964715612693"/><INFORMACOES-ADICIONAIS DESCRICAO-INFORMACOES-ADICIONAIS="Período de Realização: 25 a 29 de julho de 2016." DESCRICAO-INFORMACOES-ADICIONAIS-INGLES=""/></APRESENTACAO-DE-TRABALHO><APRESENTACAO-DE-TRABALHO SEQUENCIA-PRODUCAO="12"><DADOS-BASICOS-DA-APRESENTACAO-DE-TRABALHO NATUREZA="OUTRA" TITULO="Produtividade e combinações de sufixos: um estudo sobre restrições e combinações na formac'ao de substantivos a partir de adjetivos em portugu&amp;quot;es" ANO="2007" PAIS="Brasil" IDIOMA="Português" FLAG-RELEVANCIA="NAO" DOI="" TITULO-INGLES="" FLAG-DIVULGACAO-CIENTIFICA="NAO"/><DETALHAMENTO-DA-APRESENTACAO-DE-TRABALHO NOME-DO-EVENTO="XXIX Jornada Giulio Massarani de Iniciação Cientifica, Artística e Cultural da UFRJ" INSTITUICAO-PROMOTORA="UFRJ" LOCAL-DA-APRESENTACAO="Faculdade de Letras - UFRJ" CIDADE-DA-APRESENTACAO="Rio de Janeiro" NOME-DO-EVENTO-INGLES=""/><AUTORES NOME-COMPLETO-DO-AUTOR="Simone Carrano Lima Saúde" NOME-PARA-CITACAO="SAÚDE, S. C. L." ORDEM-DE-AUTORIA="1" NRO-ID-CNPQ="8432964715612693"/><AUTORES NOME-COMPLETO-DO-AUTOR="Maria Carlota de Amaral Paixão Rosa" NOME-PARA-CITACAO="ROSA, M. C. A. P." ORDEM-DE-AUTORIA="2" NRO-ID-CNPQ=""/></APRESENTACAO-DE-TRABALHO><CURSO-DE-CURTA-DURACAO-MINISTRADO SEQUENCIA-PRODUCAO="14"><DADOS-BASICOS-DE-CURSOS-CURTA-DURACAO-MINISTRADO NIVEL-DO-CURSO="OUTRA" TITULO="Conhecendo o Prezi" ANO="2016" PAIS="Brasil" IDIOMA="Português" MEIO-DE-DIVULGACAO="OUTRO" HOME-PAGE-DO-TRABALHO="" FLAG-RELEVANCIA="NAO" DOI="" TITULO-INGLES="" FLAG-DIVULGACAO-CIENTIFICA="NAO"/><DETALHAMENTO-DE-CURSOS-CURTA-DURACAO-MINISTRADO PARTICIPACAO-DOS-AUTORES="ORGANIZADOR" INSTITUICAO-PROMOTORA-DO-CURSO="SUAM" LOCAL-DO-CURSO="Av. Paris, 72. Bonsucesso" CIDADE="Rio de Janeiro" DURACAO="9" UNIDADE="horas" UNIDADE-INGLES=""/><AUTORES NOME-COMPLETO-DO-AUTOR="Vania Maria Seidel" NOME-PARA-CITACAO="SEIDEL, V. M." ORDEM-DE-AUTORIA="1" NRO-ID-CNPQ=""/><AUTORES NOME-COMPLETO-DO-AUTOR="Simone Carrano Lima Saúde" NOME-PARA-CITACAO="SAÚDE, S. C. L." ORDEM-DE-AUTORIA="2" NRO-ID-CNPQ="8432964715612693"/></CURSO-DE-CURTA-DURACAO-MINISTRADO><ORGANIZACAO-DE-EVENTO SEQUENCIA-PRODUCAO="6"><DADOS-BASICOS-DA-ORGANIZACAO-DE-EVENTO TIPO="OUTRO" NATUREZA="ORGANIZACAO" TITULO="1º Simpósio Internacional de letras Neolatinas" ANO="2005" PAIS="Brasil" IDIOMA="Português" MEIO-DE-DIVULGACAO="OUTRO" HOME-PAGE-DO-TRABALHO="" FLAG-RELEVANCIA="SIM" DOI="" TITULO-INGLES="" FLAG-DIVULGACAO-CIENTIFICA="NAO"/><DETALHAMENTO-DA-ORGANIZACAO-DE-EVENTO INSTITUICAO-PROMOTORA="Universidade Federal do Rio de Janeiro" DURACAO-EM-SEMANAS="1" FLAG-EVENTO-ITINERANTE="N" FLAG-CATALOGO="" LOCAL="Universidade Federal do Rio de Janeiro" CIDADE="Rio de Janeiro"/><AUTORES NOME-COMPLETO-DO-AUTOR="Simone Carrano Lima Saúde" NOME-PARA-CITACAO="SAÚDE, S. C. L." ORDEM-DE-AUTORIA="1" NRO-ID-CNPQ="8432964715612693"/></ORGANIZACAO-DE-EVENTO></DEMAIS-TIPOS-DE-PRODUCAO-TECNICA></PRODUCAO-TECNICA><DADOS-COMPLEMENTARES><PARTICIPACAO-EM-EVENTOS-CONGRESSOS><PARTICIPACAO-EM-SIMPOSIO SEQUENCIA-PRODUCAO="7"><PARTICIPANTE-DE-EVENTOS-CONGRESSOS NOME-COMPLETO-DO-PARTICIPANTE-DE-EVENTOS-CONGRESSOS="Simone Carrano Lima Saúde" NOME-PARA-CITACAO-DO-PARTICIPANTE-DE-EVENTOS-CONGRESSOS="SAÚDE, S. C. L." ORDEM-PARTICIPANTE="1" NRO-ID-CNPQ="8432964715612693"/><DADOS-BASICOS-DA-PARTICIPACAO-EM-SIMPOSIO NATUREZA="Simpósio" TITULO="1º Simpósio Internacional de letras Neolatinas" ANO="2005" PAIS="Brasil" IDIOMA="" MEIO-DE-DIVULGACAO="NAO_INFORMADO" HOME-PAGE-DO-TRABALHO="www.simposiointernacionalneolatinas/ufrj.br" FLAG-RELEVANCIA="NAO" TIPO-PARTICIPACAO="" FORMA-PARTICIPACAO="Ouvinte" DOI="" TITULO-INGLES="" FLAG-DIVULGACAO-CIENTIFICA="NAO"/><DETALHAMENTO-DA-PARTICIPACAO-EM-SIMPOSIO NOME-DO-EVENTO="1 Simpósio Internacional de Letras Neolatinas" CODIGO-INSTITUICAO="" NOME-INSTITUICAO="" LOCAL-DO-EVENTO="" CIDADE-DO-EVENTO="Rio de Janeiro" NOME-DO-EVENTO-INGLES=""/></PARTICIPACAO-EM-SIMPOSIO><PARTICIPACAO-EM-EXPOSICAO SEQUENCIA-PRODUCAO="16"><PARTICIPANTE-DE-EVENTOS-CONGRESSOS NOME-COMPLETO-DO-PARTICIPANTE-DE-EVENTOS-CONGRESSOS="Simone Carrano Lima Saúde" NOME-PARA-CITACAO-DO-PARTICIPANTE-DE-EVENTOS-CONGRESSOS="SAÚDE, S. C. L." ORDEM-PARTICIPANTE="1" NRO-ID-CNPQ="8432964715612693"/><DADOS-BASICOS-DA-PARTICIPACAO-EM-EXPOSICAO NATUREZA="Exposição" TITULO="Conhecendo o Moodle" ANO="2016" PAIS="Brasil" IDIOMA="" MEIO-DE-DIVULGACAO="NAO_INFORMADO" HOME-PAGE-DO-TRABALHO="" FLAG-RELEVANCIA="NAO" TIPO-PARTICIPACAO="Apresentação oral" FORMA-PARTICIPACAO="Participante" DOI="" TITULO-INGLES="" FLAG-DIVULGACAO-CIENTIFICA="NAO"/><DETALHAMENTO-DA-PARTICIPACAO-EM-EXPOSICAO NOME-DO-EVENTO="XV- Simpósio Docente - Metodologias Ativas numa Visão Interdisciplinar" CODIGO-INSTITUICAO="" NOME-INSTITUICAO="" LOCAL-DO-EVENTO="" CIDADE-DO-EVENTO="Rio de Janeiro" NOME-DO-EVENTO-INGLES=""/></PARTICIPACAO-EM-EXPOSICAO><OUTRAS-PARTICIPACOES-EM-EVENTOS-CONGRESSOS SEQUENCIA-PRODUCAO="15"><PARTICIPANTE-DE-EVENTOS-CONGRESSOS NOME-COMPLETO-DO-PARTICIPANTE-DE-EVENTOS-CONGRESSOS="Simone Carrano Lima Saúde" NOME-PARA-CITACAO-DO-PARTICIPANTE-DE-EVENTOS-CONGRESSOS="SAÚDE, S. C. L." ORDEM-PARTICIPANTE="1" NRO-ID-CNPQ="8432964715612693"/><DADOS-BASICOS-DE-OUTRAS-PARTICIPACOES-EM-EVENTOS-CONGRESSOS NATUREZA="Outra" TITULO="" ANO="2015" PAIS="Brasil" IDIOMA="" MEIO-DE-DIVULGACAO="NAO_INFORMADO" HOME-PAGE-DO-TRABALHO="" FLAG-RELEVANCIA="NAO" TIPO-PARTICIPACAO="" FORMA-PARTICIPACAO="Ouvinte" DOI="" TITULO-INGLES="" FLAG-DIVULGACAO-CIENTIFICA="NAO"/><DETALHAMENTO-DE-OUTRAS-PARTICIPACOES-EM-EVENTOS-CONGRESSOS NOME-DO-EVENTO="Fórum de Educação dos Países de Língua Portuguesa- Novos Rumos para a Educação" CODIGO-INSTITUICAO="" NOME-INSTITUICAO="" LOCAL-DO-EVENTO="" CIDADE-DO-EVENTO="Rio de Janeiro" NOME-DO-EVENTO-INGLES=""/></OUTRAS-PARTICIPACOES-EM-EVENTOS-CONGRESSOS></PARTICIPACAO-EM-EVENTOS-CONGRESSOS><INFORMACOES-ADICIONAIS-INSTITUICOES><INFORMACAO-ADICIONAL-INSTITUICAO CODIGO-INSTITUICAO="000100000991" SIGLA-INSTITUICAO="CESB" SIGLA-UF-INSTITUICAO="RJ" SIGLA-PAIS-INSTITUICAO="BRA" NOME-PAIS-INSTITUICAO="Brasil" FLAG-AGENCIA-FOMENTO="NAO" FLAG-INSTITUICAO-DE-ENSINO="NAO"/><INFORMACAO-ADICIONAL-INSTITUICAO CODIGO-INSTITUICAO="000200000993" SIGLA-INSTITUICAO="SME" SIGLA-UF-INSTITUICAO="RJ" SIGLA-PAIS-INSTITUICAO="BRA" NOME-PAIS-INSTITUICAO="Brasil" FLAG-AGENCIA-FOMENTO="NAO" FLAG-INSTITUICAO-DE-ENSINO="NAO"/><INFORMACAO-ADICIONAL-INSTITUICAO CODIGO-INSTITUICAO="002200000000" SIGLA-INSTITUICAO="CNPq" SIGLA-UF-INSTITUICAO="DF" SIGLA-PAIS-INSTITUICAO="BRA" NOME-PAIS-INSTITUICAO="Brasil" FLAG-AGENCIA-FOMENTO="SIM" FLAG-INSTITUICAO-DE-ENSINO="SIM"/><INFORMACAO-ADICIONAL-INSTITUICAO CODIGO-INSTITUICAO="011100000008" SIGLA-INSTITUICAO="PUC-Rio" SIGLA-UF-INSTITUICAO="RJ" SIGLA-PAIS-INSTITUICAO="BRA" NOME-PAIS-INSTITUICAO="Brasil" FLAG-AGENCIA-FOMENTO="NAO" FLAG-INSTITUICAO-DE-ENSINO="SIM"/><INFORMACAO-ADICIONAL-INSTITUICAO CODIGO-INSTITUICAO="020200000009" SIGLA-INSTITUICAO="UFRJ" SIGLA-UF-INSTITUICAO="RJ" SIGLA-PAIS-INSTITUICAO="BRA" NOME-PAIS-INSTITUICAO="Brasil" FLAG-AGENCIA-FOMENTO="NAO" FLAG-INSTITUICAO-DE-ENSINO="SIM"/><INFORMACAO-ADICIONAL-INSTITUICAO CODIGO-INSTITUICAO="117700000004" SIGLA-INSTITUICAO="UNIGRANRIO" SIGLA-UF-INSTITUICAO="RJ" SIGLA-PAIS-INSTITUICAO="BRA" NOME-PAIS-INSTITUICAO="Brasil" FLAG-AGENCIA-FOMENTO="NAO" FLAG-INSTITUICAO-DE-ENSINO="SIM"/><INFORMACAO-ADICIONAL-INSTITUICAO CODIGO-INSTITUICAO="201900000008" SIGLA-INSTITUICAO="UNISUAM" SIGLA-UF-INSTITUICAO="RJ" SIGLA-PAIS-INSTITUICAO="BRA" NOME-PAIS-INSTITUICAO="Brasil" FLAG-AGENCIA-FOMENTO="NAO" FLAG-INSTITUICAO-DE-ENSINO="SIM"/></INFORMACOES-ADICIONAIS-INSTITUICOES><INFORMACOES-ADICIONAIS-CURSOS><INFORMACAO-ADICIONAL-CURSO CODIGO-CURSO="31000673" CODIGO-ORGAO="" NOME-ORGAO="" CODIGO-INSTITUICAO="020200000009" NOME-INSTITUICAO="Universidade Federal do Rio de Janeiro" NOME-GRANDE-AREA-DO-CONHECIMENTO="LINGUISTICA_LETRAS_E_ARTES" NOME-DA-AREA-DO-CONHECIMENTO="Lingüística" NOME-DA-SUB-AREA-DO-CONHECIMENTO="" NOME-DA-ESPECIALIDADE="" NIVEL-CURSO="MESTRADO_DOUTORADO"/><INFORMACAO-ADICIONAL-CURSO CODIGO-CURSO="60210435" CODIGO-ORGAO="" NOME-ORGAO="" CODIGO-INSTITUICAO="020200000009" NOME-INSTITUICAO="Universidade Federal do Rio de Janeiro" NOME-GRANDE-AREA-DO-CONHECIMENTO="OUTROS" NOME-DA-AREA-DO-CONHECIMENTO="" NOME-DA-SUB-AREA-DO-CONHECIMENTO="" NOME-DA-ESPECIALIDADE="" NIVEL-CURSO="GRADUACAO"/><INFORMACAO-ADICIONAL-CURSO CODIGO-CURSO="90000000" CODIGO-ORGAO="" NOME-ORGAO="" CODIGO-INSTITUICAO="011100000008" NOME-INSTITUICAO="Pontifícia Universidade Católica do Rio de Janeiro" NOME-GRANDE-AREA-DO-CONHECIMENTO="CIENCIAS_HUMANAS" NOME-DA-AREA-DO-CONHECIMENTO="Educação" NOME-DA-SUB-AREA-DO-CONHECIMENTO="" NOME-DA-ESPECIALIDADE="" NIVEL-CURSO="APERFEICOAMENTO"/></INFORMACOES-ADICIONAIS-CURSOS></DADOS-COMPLEMENTARES><eventos/></CURRICULO-VITAE>