<CURRICULO-VITAE SISTEMA-ORIGEM-XML="LATTES_OFFLINE" NUMERO-IDENTIFICADOR="1764262095813530" FORMATO-DATA-ATUALIZACAO="DDMMAAAA" DATA-ATUALIZACAO="05122016" FORMATO-HORA-ATUALIZACAO="HHMMSS" HORA-ATUALIZACAO="180609"><DADOS-GERAIS NOME-COMPLETO="Alex De Lima e Silva" NOME-EM-CITACOES-BIBLIOGRAFICAS="SILVA, A. L." NACIONALIDADE="B" PAIS-DE-NASCIMENTO="Brasil" FORMATO-DATA-DE-NASCIMENTO="DDMMAAAA" FORMATO-DATA-DE-EMISSAO="DDMMAAAA" PERMISSAO-DE-DIVULGACAO="NAO" DATA-FALECIMENTO="" SIGLA-PAIS-NACIONALIDADE="BRA" PAIS-DE-NACIONALIDADE="Brasil"><RESUMO-CV TEXTO-RESUMO-CV-RH="Engenheiro Eletricista com mais de 15 anos de experiência nas áreas de operação e manutenção, pesquisa e desenvolvimento (P&amp;amp;D), Engenharia aplicada, gestão de equipes, Coordenação acadêmica e docência de disciplinas técnicas. Professor de ensino tecnológico com experiência nas disciplinas de Máquinas Elétricas, Instalações Elétricas, Eletricidade, Manutenção e gerenciamento de projetos. Coordenador de Curso tecnológico com experiência em administração acadêmica. Doutorando em Engenharia Elétrica, Mestre em Desenvolvimento de Tecnologia para Sistemas Energéticos convencionais e alternativos, Especialista em Engenharia de Manutenção e Gerenciamento de projetos, possui conhecimentos específicos em Sistemas Eletro-Energéticos de Alta-Tensão, Manutenção, PCM, Operação de Sistemas, Projetos, Sistemas de Gestão Integrados e Engenharia Aplicada. Depois de 2 anos na área de Off shore, 7 anos na indústria de bebidas, 8 anos no Setor de Transmissão de energia elétrica, neste último como Gerente geral de Operação e Manutenção (Subestações e linhas de transmissão - 230 à 600 kV) e Gerente de P&amp;amp;D de 5 concessionárias de transmissão de energia junto à ANEEL (Agência Nacional de Energia Elétrica), atualmente atua como pesquisador em propriedade industrial no INPI (Instituto Nacional da Propriedade Industrial) e professor universitário de disciplinas técnicas na UNISUAM, nos cursos de engenharia." TEXTO-RESUMO-CV-RH-EN="graduation at Engenharia Elétrica - Eletrotécnica from Centro Federal de Educação Tecnológica Celso Suckow da Fonseca (2008). Has experience in Electric Engineering, focusing on Electric Engineering, acting on the following subjects: manutenção, capacitor série, transmissão, manutenção, cos; operação; qualidade; confiabilidade., planta fotovoltaica and gestão de projetos."/><ENDERECO FLAG-DE-PREFERENCIA="ENDERECO_RESIDENCIAL"><ENDERECO-PROFISSIONAL CODIGO-INSTITUICAO-EMPRESA="" NOME-INSTITUICAO-EMPRESA="" CODIGO-ORGAO="" NOME-ORGAO="" CODIGO-UNIDADE="" NOME-UNIDADE="" LOGRADOURO-COMPLEMENTO="" PAIS="" UF="" CEP="" CIDADE="" BAIRRO="" DDD="" TELEFONE="" RAMAL="" FAX="" E-MAIL="alexlimasilva@hotmail.com" HOME-PAGE=""/></ENDERECO><FORMACAO-ACADEMICA-TITULACAO><GRADUACAO SEQUENCIA-FORMACAO="5" NIVEL="1" TITULO-DO-TRABALHO-DE-CONCLUSAO-DE-CURSO="AUTOMAÇÃO DE SUBESTAÇÃO A BAIXO CUSTO" NOME-DO-ORIENTADOR="Ricardo Muci" CODIGO-INSTITUICAO="350700000009" NOME-INSTITUICAO="Centro Federal de Educação Tecnológica Celso Suckow da Fonseca" CODIGO-ORGAO="" NOME-ORGAO="" CODIGO-CURSO="90000004" NOME-CURSO="Engenharia Elétrica - Eletrotécnica" CODIGO-AREA-CURSO="90000004" STATUS-DO-CURSO="CONCLUIDO" ANO-DE-INICIO="2002" ANO-DE-CONCLUSAO="2008" FLAG-BOLSA="NAO" CODIGO-AGENCIA-FINANCIADORA="" NOME-AGENCIA="" NUMERO-ID-ORIENTADOR="" CODIGO-CURSO-CAPES="" TITULO-DO-TRABALHO-DE-CONCLUSAO-DE-CURSO-INGLES="" NOME-CURSO-INGLES="" FORMACAO-ACADEMICA-TITULACAO="" TIPO-GRADUACAO="" CODIGO-INSTITUICAO-GRAD="" NOME-INSTITUICAO-GRAD="" CODIGO-INSTITUICAO-OUTRA-GRAD="" NOME-INSTITUICAO-OUTRA-GRAD="" NOME-ORIENTADOR-GRAD=""/><ESPECIALIZACAO SEQUENCIA-FORMACAO="1" NIVEL="2" TITULO-DA-MONOGRAFIA="A IMPORTÂNCIA DE ENSAIOS ELÉTRICOS EM TRANSFORMADORES E REATORES DO SETOR DE TRANSMISSÃO DE ENERGIA QUE PROPORCIONEM UM BAIXO CUSTO DE MANUTENÇÃO: UM ESTUDO DE CASO" NOME-DO-ORIENTADOR="Wilson Portela Santos Junior" CODIGO-INSTITUICAO="020700000008" NOME-INSTITUICAO="Pontifícia Universidade Católica do Paraná" CODIGO-ORGAO="" NOME-ORGAO="" CODIGO-CURSO="90000009" NOME-CURSO="Engenharia de Manutenção" STATUS-DO-CURSO="CONCLUIDO" ANO-DE-INICIO="2010" ANO-DE-CONCLUSAO="2011" FLAG-BOLSA="NAO" CODIGO-AGENCIA-FINANCIADORA="" NOME-AGENCIA="" CARGA-HORARIA="450" TITULO-DA-MONOGRAFIA-INGLES="" NOME-CURSO-INGLES=""/><ESPECIALIZACAO SEQUENCIA-FORMACAO="6" NIVEL="2" TITULO-DA-MONOGRAFIA="." NOME-DO-ORIENTADOR="." CODIGO-INSTITUICAO="020200000009" NOME-INSTITUICAO="Universidade Federal do Rio de Janeiro" CODIGO-ORGAO="" NOME-ORGAO="" CODIGO-CURSO="90000005" NOME-CURSO="MBA Engenharia de Projetos" STATUS-DO-CURSO="INCOMPLETO" ANO-DE-INICIO="2009" ANO-DE-CONCLUSAO="2009" FLAG-BOLSA="NAO" CODIGO-AGENCIA-FINANCIADORA="" NOME-AGENCIA="" CARGA-HORARIA="400" TITULO-DA-MONOGRAFIA-INGLES="" NOME-CURSO-INGLES=""/><DOUTORADO SEQUENCIA-FORMACAO="9" NIVEL="4" CODIGO-INSTITUICAO="020200000009" NOME-INSTITUICAO="Universidade Federal do Rio de Janeiro" CODIGO-ORGAO="" NOME-ORGAO="" CODIGO-CURSO="60034360" NOME-CURSO="Doutorado em Engenharia Elétrica" CODIGO-AREA-CURSO="" STATUS-DO-CURSO="EM_ANDAMENTO" ANO-DE-INICIO="2015" ANO-DE-CONCLUSAO="" FLAG-BOLSA="NAO" CODIGO-AGENCIA-FINANCIADORA="" NOME-AGENCIA="" ANO-DE-OBTENCAO-DO-TITULO="" TITULO-DA-DISSERTACAO-TESE="" NOME-COMPLETO-DO-ORIENTADOR="Walter Issamu Suemitsu" TIPO-DOUTORADO="N" CODIGO-INSTITUICAO-DOUT="" NOME-INSTITUICAO-DOUT="" CODIGO-INSTITUICAO-OUTRA-DOUT="" NOME-INSTITUICAO-OUTRA-DOUT="" NOME-ORIENTADOR-DOUT="" NUMERO-ID-ORIENTADOR="" CODIGO-CURSO-CAPES="" TITULO-DA-DISSERTACAO-TESE-INGLES="" NOME-CURSO-INGLES="Engineering" NOME-DO-ORIENTADOR-CO-TUTELA="" CODIGO-INSTITUICAO-OUTRA-CO-TUTELA="" CODIGO-INSTITUICAO-CO-TUTELA="" NOME-DO-ORIENTADOR-SANDUICHE="" CODIGO-INSTITUICAO-OUTRA-SANDUICHE="" CODIGO-INSTITUICAO-SANDUICHE="" NOME-DO-CO-ORIENTADOR=""><conceitoCapes/></DOUTORADO><CURSO-TECNICO-PROFISSIONALIZANTE SEQUENCIA-FORMACAO="10" NIVEL="7" CODIGO-INSTITUICAO="000500000999" NOME-INSTITUICAO="Escola Técnica Estadual Visconde de Mauá" CODIGO-ORGAO="" NOME-ORGAO="" CODIGO-CURSO="90000008" NOME-CURSO="Técnico em Eletromecânica" STATUS-DO-CURSO="CONCLUIDO" ANO-DE-INICIO="1997" ANO-DE-CONCLUSAO="1999" FLAG-BOLSA="NAO" CODIGO-AGENCIA-FINANCIADORA="" NOME-AGENCIA="" NOME-CURSO-INGLES=""/><MESTRADO-PROFISSIONALIZANTE SEQUENCIA-FORMACAO="8" NIVEL="9" CODIGO-INSTITUICAO="167600000009" NOME-INSTITUICAO="Institutos Lactec" CODIGO-ORGAO="" NOME-ORGAO="" CODIGO-CURSO="90000007" NOME-CURSO="Desenvolvimento de Tecnologia" CODIGO-AREA-CURSO="90000007" STATUS-DO-CURSO="CONCLUIDO" ANO-DE-INICIO="2012" ANO-DE-CONCLUSAO="2014" FLAG-BOLSA="NAO" CODIGO-AGENCIA-FINANCIADORA="" NOME-AGENCIA="" ANO-DE-OBTENCAO-DO-TITULO="2014" TITULO-DA-DISSERTACAO-TESE=".PROTÓTIPO DE UM SISTEMA FOTOVOLTAICO AUXILIAR COM ARMAZENAMENTO DE ENERGIA ELÉTRICA" NOME-COMPLETO-DO-ORIENTADOR=".Dr. Rogers Demonti" NUMERO-ID-ORIENTADOR="" CODIGO-CURSO-CAPES="" TITULO-DA-DISSERTACAO-TESE-INGLES="" NOME-CURSO-INGLES="" NOME-DO-CO-ORIENTADOR=""><PALAVRAS-CHAVE PALAVRA-CHAVE-1="Sistema fotovoltaico" PALAVRA-CHAVE-2="Armazenamento de Energia" PALAVRA-CHAVE-3="Automação de sistema fotovoltaico" PALAVRA-CHAVE-4="Geração distribuída" PALAVRA-CHAVE-5="" PALAVRA-CHAVE-6=""/><AREAS-DO-CONHECIMENTO><AREA-DO-CONHECIMENTO-1 NOME-GRANDE-AREA-DO-CONHECIMENTO="ENGENHARIAS" NOME-DA-AREA-DO-CONHECIMENTO="" NOME-DA-SUB-AREA-DO-CONHECIMENTO="Sistemas Elétricos de Potência" NOME-DA-ESPECIALIDADE="Geração da Energia Elétrica"/><AREA-DO-CONHECIMENTO-2 NOME-GRANDE-AREA-DO-CONHECIMENTO="ENGENHARIAS" NOME-DA-AREA-DO-CONHECIMENTO="Engenharia Elétrica" NOME-DA-SUB-AREA-DO-CONHECIMENTO="Sistemas Elétricos de Potência" NOME-DA-ESPECIALIDADE="Conversão e Retificação da Energia Elétrica"/><AREA-DO-CONHECIMENTO-3 NOME-GRANDE-AREA-DO-CONHECIMENTO="ENGENHARIAS" NOME-DA-AREA-DO-CONHECIMENTO="Engenharia Elétrica" NOME-DA-SUB-AREA-DO-CONHECIMENTO="Sistemas Elétricos de Potência" NOME-DA-ESPECIALIDADE="Máquinas Elétricas e Dispositivos de Potência"/></AREAS-DO-CONHECIMENTO><SETORES-DE-ATIVIDADE SETOR-DE-ATIVIDADE-1="Eletricidade, gás e outras utilidades" SETOR-DE-ATIVIDADE-2="Serviços de arquitetura e engenharia; testes e análises técnicas" SETOR-DE-ATIVIDADE-3="Pesquisa e desenvolvimento científico"/><conceitoCapes/></MESTRADO-PROFISSIONALIZANTE><APERFEICOAMENTO SEQUENCIA-FORMACAO="12" NIVEL="X" TITULO-DA-MONOGRAFIA="." NOME-DO-ORIENTADOR="." CODIGO-INSTITUICAO="000400000008" NOME-INSTITUICAO="Fundação Getúlio Vargas" CODIGO-ORGAO="" NOME-ORGAO="" CODIGO-CURSO="90000001" NOME-CURSO="Gestão Orçmentária e Financeira" CODIGO-AREA-CURSO="90000001" STATUS-DO-CURSO="CONCLUIDO" ANO-DE-INICIO="2008" ANO-DE-CONCLUSAO="2009" FLAG-BOLSA="NAO" CODIGO-AGENCIA-FINANCIADORA="" NOME-AGENCIA="" CARGA-HORARIA="30" TITULO-DA-MONOGRAFIA-INGLES="" NOME-CURSO-INGLES=""/><APERFEICOAMENTO SEQUENCIA-FORMACAO="3" NIVEL="X" TITULO-DA-MONOGRAFIA="." NOME-DO-ORIENTADOR="." CODIGO-INSTITUICAO="564400000006" NOME-INSTITUICAO="Organização Paranaense de Ensino Técnico Ltda" CODIGO-ORGAO="" NOME-ORGAO="" CODIGO-CURSO="90000002" NOME-CURSO="Metodologia da Educação no Ensino Superior" CODIGO-AREA-CURSO="90000002" STATUS-DO-CURSO="CONCLUIDO" ANO-DE-INICIO="2011" ANO-DE-CONCLUSAO="2011" FLAG-BOLSA="NAO" CODIGO-AGENCIA-FINANCIADORA="" NOME-AGENCIA="" CARGA-HORARIA="90" TITULO-DA-MONOGRAFIA-INGLES="" NOME-CURSO-INGLES=""/><APERFEICOAMENTO SEQUENCIA-FORMACAO="11" NIVEL="X" TITULO-DA-MONOGRAFIA="Estudo de caso - Ampliação da subestação de 230 kV de Foz do Iguaçu - ATE VII F. I. Transmissora de energia S.A." NOME-DO-ORIENTADOR="" CODIGO-INSTITUICAO="011100000008" NOME-INSTITUICAO="Pontifícia Universidade Católica do Rio de Janeiro" CODIGO-ORGAO="" NOME-ORGAO="" CODIGO-CURSO="90000010" NOME-CURSO="Gerenciamento de projetos" CODIGO-AREA-CURSO="90000010" STATUS-DO-CURSO="CONCLUIDO" ANO-DE-INICIO="2011" ANO-DE-CONCLUSAO="2012" FLAG-BOLSA="NAO" CODIGO-AGENCIA-FINANCIADORA="" NOME-AGENCIA="" CARGA-HORARIA="60" TITULO-DA-MONOGRAFIA-INGLES="" NOME-CURSO-INGLES=""/></FORMACAO-ACADEMICA-TITULACAO><ATUACOES-PROFISSIONAIS><ATUACAO-PROFISSIONAL CODIGO-INSTITUICAO="000100000991" NOME-INSTITUICAO="Abengoa Brasil" SEQUENCIA-ATIVIDADE="1" SEQUENCIA-IMPORTANCIA="3"><VINCULOS SEQUENCIA-HISTORICO="1" TIPO-DE-VINCULO="LIVRE" ENQUADRAMENTO-FUNCIONAL="LIVRE" CARGA-HORARIA-SEMANAL="44" FLAG-DEDICACAO-EXCLUSIVA="SIM" MES-INICIO="09" ANO-INICIO="2015" MES-FIM="06" ANO-FIM="2016" OUTRAS-INFORMACOES="? Responsável pelas equipes de Operação, Manutenção e gestão de ativos de transmissão de energia - subestações e linhas de transmissão de 138 à 600 kV - VCA e HVDC, em operação.  ? Responsabilidade técnica, administrativa e financeira de 22 subestações (SE) e 6.500 km de linha de transmissão (LT), incluindo sistemas de HVDC e região amazônica. ? Gestão de equipa técnica de SE, LT e equipe administrativa regulatória, incluindo coordenadores, supervisores, engenheiros e técnicos (Total de 135 colaboradores).  ? Responsável pelas atividades de comissionamento, engenharia investigativa, O&amp;amp;M, serviços especiais e consultoria técnica para parques eólicos, subestação, linha de transmissão e plantas de energia solar. ? Especialista em SE, LT e energia renovável, responsável por tomada de decisões técnicas relevantes.  ? Gerenciamento de projetos do setor elétrico seguindo os conceitos do PMI (Project Management Institute). ? Gerente de P&amp;amp;D (ANEEL) das concessionárias de transmissão da Abengoa em operação.  Empreendimentos sob responsabilidade (SE e LT): Norte Brasil- Bipolo 2 (HVDC-600 kV-RO e SP), IEMadeira- Bipolo 1 (HVDC-600 kV-RO e SP), Manaus (500 kV-AM e PA), ATE IV (525/230 kV- PR e SC), ATE V (230 kV-PR e SP), ATE VI (230kV- RS e SC), ATE VII (230kV- PR), ATE VIII (230kV-PA), Atlântico (230kV-PA). (Consultoria técnica: Parque eólico Palmatir- UY, empreendimentos BOO3 e BOO7- CL, Plantas solares de Vitória do Santo Antão- PE e Guamaré- RN).   Áreas de atuação:  Gestão de operação e manutenção de sistemas energéticos (Parque eólico, planta solar, Linhas de transmissão e subestação (Equipamentos, proteção, Telecomunicação e controle). Gestão orçamentária e financeira. Gestão de projetos. Gestão de equipe técnica e administrativa." FLAG-VINCULO-EMPREGATICIO="SIM" OUTRO-VINCULO-INFORMADO="Empregado" OUTRO-ENQUADRAMENTO-FUNCIONAL-INFORMADO="Gerente de O&amp;amp;M e Gestão de Ativos" OUTRO-ENQUADRAMENTO-FUNCIONAL-INFORMADO-INGLES="" OUTRAS-INFORMACOES-INGLES=""/><VINCULOS SEQUENCIA-HISTORICO="2" TIPO-DE-VINCULO="COLABORADOR" ENQUADRAMENTO-FUNCIONAL="LIVRE" CARGA-HORARIA-SEMANAL="44" FLAG-DEDICACAO-EXCLUSIVA="SIM" MES-INICIO="05" ANO-INICIO="2008" MES-FIM="06" ANO-FIM="2009" OUTRAS-INFORMACOES="? Responsável técnico pela gestão de O&amp;amp;M de Subestações e Linhas de Transmissão de 230 e 525 kV localizadas nos Estados do Pará, Tocantins, Maranhão, Piauí, Bahia, Paraná e São Paulo. ?  Elaboração de plano de manutenção, manuais e procedimentos técnicos de SE e LT.  ? Análise de ocorrências, falhas e investigação técnica na área de equipamentos e linha de transmissão. Aprovação de documentos técnicos e projetos de novas instalações de transmissão.  ? Especificação técnica de equipamentos e sistemas. Realização de estudos de engenharia investigativa. Acompanhamento de testes em fábrica e aceite técnico de ensaios em fábrica dos equipamentos de Subestação. Acompanhamento e monitoramento do empreendimento no final da construção, acompanhamento dos comissionamentos e manutenção das instalações.  ? Controle de orçamento (OPEX e CAPEX) de 03 concessionárias de transmissão de energia; Gestão de manutenção com o foco em confiabilidade e disponibilidade. Implantação de procedimentos, indicadores, plano de manutenção e treinamento da equipe técnica.  ? Aplicação de técnicas de gerenciamento de projetos de manutenção. O foco da manutenção era centrado em confiabilidade e disponibilidade. ? Suporte técnico aos atendimentos emergenciais e relacionamento com outros agentes, ANEEL e ONS.   Empreendimentos sob responsabilidade (SE e LT): ATE (525 kV ? SP e PR), ATE II (500 kV ? TO, PI e BA), ATE III (500/230 kV ? TO e PA).  Áreas de atuação:  Manutenção de subestações (Equipamentos, proteção, Telecomunicação e controle) e Linhas de transmissão, gestão orçamentária." FLAG-VINCULO-EMPREGATICIO="SIM" OUTRO-VINCULO-INFORMADO="" OUTRO-ENQUADRAMENTO-FUNCIONAL-INFORMADO="Engenheiro de Manutenção" OUTRO-ENQUADRAMENTO-FUNCIONAL-INFORMADO-INGLES="" OUTRAS-INFORMACOES-INGLES=""/><VINCULOS SEQUENCIA-HISTORICO="3" TIPO-DE-VINCULO="COLABORADOR" ENQUADRAMENTO-FUNCIONAL="LIVRE" CARGA-HORARIA-SEMANAL="44" FLAG-DEDICACAO-EXCLUSIVA="SIM" MES-INICIO="07" ANO-INICIO="2009" MES-FIM="09" ANO-FIM="2015" OUTRAS-INFORMACOES="? Responsável pela gerência técnica de manutenção, serviços e comissionamento de subestações e linhas de transmissão (138, 230, 500 kV ? HVAC e 600 kV - HVDC).  ? Engenharia investigativa e tomada de decisão técnica na área de equipamentos e linha de transmissão. Elaboração de plano de manutenção, manuais e procedimentos técnicos de SE e LT.  ? Responsabilidade técnica, administrativa e financeira de 22 subestações e 6.500 km de LT, incluindo os sistema de HVDC e região amazônica (7 transmissoras e um total de 167 colaboradores). ? Controle financeiro e gestão de projetos de comissionamento e serviços especiais de Subestação, Linha de transmissão, plantas de energia renovável e plantas industriais com a utilização de metodologia do PMI e com o foco em disponibilidade e confiabilidade. ? Gerenciamento da rotina e disseminação da missão, visão, valores e cultura da empresa. Especificação técnica de equipamentos e sistemas.  ? Realização de estudos de engenharia investigativa. Análise de ocorrências, falhas e investigação técnica na área de equipamentos e linha de transmissão.  ? Responsável pela área de inovação tecnológica. Gerente de P&amp;amp;D (ANEEL) das concessionárias de transmissão da Abengoa em operação.  ? Participação em projetos de energia solar e responsabilidade técnica de subestações e linhas de transmissões.  ? Atendimento à emergências, atividades de linha viva, linha desenergizada, poda de vegetação e supressão vegetal. Empreendimentos sob responsabilidade (SE e LT): Norte Brasil- Bipolo 2 (HVDC-600 kV-RO e SP), IEMadeira- Bipolo 1 (HVDC-600 kV-RO e SP), Manaus (500 kV-AM e PA), ATE IV (525/230 kV- PR e SC), ATE V (230 kV-PR e SP), ATE VI (230kV- RS e SC), ATE VII (230kV- PR), ATE VIII (230kV-PA), Atlântico (230kV-PA). (Consultoria técnica: Parque eólico Palmatir- UY, empreendimentos BOO3 e BOO7- CL).  Funções anteriores: Coordenador Regional Áreas de atuação:  Engenharia investigativa de equipamentos de alta tensão. Gestão de operação e manute" FLAG-VINCULO-EMPREGATICIO="SIM" OUTRO-VINCULO-INFORMADO="" OUTRO-ENQUADRAMENTO-FUNCIONAL-INFORMADO="Gerente de Manutenção" OUTRO-ENQUADRAMENTO-FUNCIONAL-INFORMADO-INGLES="" OUTRAS-INFORMACOES-INGLES=""/><atividadesProfissionaisPlanificadas/></ATUACAO-PROFISSIONAL><ATUACAO-PROFISSIONAL CODIGO-INSTITUICAO="000200000993" NOME-INSTITUICAO="Rio de Janeiro Refrescos - Coca-Cola" SEQUENCIA-ATIVIDADE="2" SEQUENCIA-IMPORTANCIA="4"><VINCULOS SEQUENCIA-HISTORICO="1" TIPO-DE-VINCULO="COLABORADOR" ENQUADRAMENTO-FUNCIONAL="LIVRE" CARGA-HORARIA-SEMANAL="40" FLAG-DEDICACAO-EXCLUSIVA="NAO" MES-INICIO="02" ANO-INICIO="2002" MES-FIM="05" ANO-FIM="2008" OUTRAS-INFORMACOES="Gestor responsável pelas equipes de manutenção elétrica preventiva, preditiva, corretiva e gestão documental (Procedimentos, planos de manutenção, indicadores e relatórios técnicos). Supervisão de manutenção das áreas de envase, utilidades, subestação, cogeração de energia e automação industrial. Liderança de equipe com presença atuante na área de manutenção de sistemas de potência e automação; Participação em projetos de Engenharia aplicada à otimização e inovação de métodos fabris; Gestão de equipe de manutenção de SE´s, Cogeração e industrial com desenvolvimento de novas tecnologias e métodos de aplicação; Gerenciador de metas e resultados, busca de excelência da qualidade e disseminador de motivação, desenvolvimento e aprendizado do corpo técnico subordinado; Busca contínua de melhoria dos padrões de manutenção preventiva, preditiva e corretiva; Trabalho direcionado junto ao PCM em busca da excelência de planos de manutenção e planos de ação; Interação com a gerência de manutenção e operação; Responsável por programação de CLPs, implantação de comunicações de máquinas e suas interfaces, aperfeiçoamento de sistemas supervisórios, otimização de linha de produção e sistemas elétricos de potência; Responsável por comercialização de energia, controle de demanda e matriz energética industrial;  Funções anteriores: Técnico II, Técnico III, Técnico Especialista, Facilitador.  Áreas de atuação:  Subestações, Sistemas de potência, cogeração de energia, manutenção industrial, automação de processo, sistemas supervisórios, comercialização de energia, controle de demanda, projetos de ampliação fabril, matriz energética industrial, gestão orçamentária e gestão de equipe técnica." FLAG-VINCULO-EMPREGATICIO="SIM" OUTRO-VINCULO-INFORMADO="" OUTRO-ENQUADRAMENTO-FUNCIONAL-INFORMADO="Supervisor de Manutenção Elétrica" OUTRO-ENQUADRAMENTO-FUNCIONAL-INFORMADO-INGLES="" OUTRAS-INFORMACOES-INGLES=""/><atividadesProfissionaisPlanificadas/></ATUACAO-PROFISSIONAL><ATUACAO-PROFISSIONAL CODIGO-INSTITUICAO="000300000995" NOME-INSTITUICAO="Coltec Processos Industriais" SEQUENCIA-ATIVIDADE="3" SEQUENCIA-IMPORTANCIA="6"><VINCULOS SEQUENCIA-HISTORICO="1" TIPO-DE-VINCULO="COLABORADOR" ENQUADRAMENTO-FUNCIONAL="LIVRE" CARGA-HORARIA-SEMANAL="40" FLAG-DEDICACAO-EXCLUSIVA="NAO" MES-INICIO="01" ANO-INICIO="2001" MES-FIM="01" ANO-FIM="2002" OUTRAS-INFORMACOES="Técnico especialista em acionamentos e comandos. Assistência técnica de equipamentos elétricos industriais e montagem de painéis elétricos. Formulação de projetos de painéis elétricos de comando incluindo automação; Assistência técnica e reparo de conversores de freqüência, softstarter e medidores de vazão Danfoss; Presença atuante na área de automação industrial e desenvolvimento de novas tecnologias; Programação de CLPs, implantação de comunicações de máquinas e suas interfaces, aperfeiçoamento de sistemas supervisórios, otimização de linha de produção com intuito de reduzir as perdas, aumentar a produção e gerar lucro; Manutenção preventiva e corretiva nas células de produção, tratando-se de máquinas com tecnologia de ponta e de fabricantes altamente qualificados; Conserto e manutenção de cartões eletrônicos em geral; Inovação de projetos de automação industrial, com o objetivo de reduzir o custo de manutenção, tornando hábil a reposição de material e reduzindo o tempo de parada de uma linha de produção; Instalação, programação, manutenção e assistência técnica de grupos geradores de energia Polimaq e outros. Conserto e manutenção de cartões eletrônicos em geral; Instrutor técnico especialista em de conversor de freqüência.  Funções anteriores: Auxiliar Técnico em Eletromecânica.  Áreas de atuação: Assistência técnica em grupo moto geradores Polimaq, conversores de freqüência, softstarter e medidores de vazão Danfoss. Automação industrial, formulação de pequenos projetos de automação, Programação de CLPs, eletrônica de potência." FLAG-VINCULO-EMPREGATICIO="SIM" OUTRO-VINCULO-INFORMADO="" OUTRO-ENQUADRAMENTO-FUNCIONAL-INFORMADO="Técnico em Eletromecânica" OUTRO-ENQUADRAMENTO-FUNCIONAL-INFORMADO-INGLES="" OUTRAS-INFORMACOES-INGLES=""/><atividadesProfissionaisPlanificadas/></ATUACAO-PROFISSIONAL><ATUACAO-PROFISSIONAL CODIGO-INSTITUICAO="000400000997" NOME-INSTITUICAO="Netcontrol Com. e Rep. Ltda" SEQUENCIA-ATIVIDADE="4" SEQUENCIA-IMPORTANCIA="7"><VINCULOS SEQUENCIA-HISTORICO="1" TIPO-DE-VINCULO="LIVRE" ENQUADRAMENTO-FUNCIONAL="LIVRE" CARGA-HORARIA-SEMANAL="40" FLAG-DEDICACAO-EXCLUSIVA="NAO" MES-INICIO="06" ANO-INICIO="2000" MES-FIM="12" ANO-FIM="2000" OUTRAS-INFORMACOES="Auxiliar técnico em eletromecânica na área de acionamentos hidráulicos e pneumáticos. Especificação e assistência técnica de produtos Danfoss da linha hidráulica e pneumática; Vendas e assistência técnica de produtos hidráulicos e pneumáticos Danfoss e práticas de escritório.  Áreas de atuação: Especificação e assistência técnica de produtos Danfoss da linha hidráulica e pneumática industrial com atendimento On Shore e Off Shore." FLAG-VINCULO-EMPREGATICIO="SIM" OUTRO-VINCULO-INFORMADO="Estágio / Treinee" OUTRO-ENQUADRAMENTO-FUNCIONAL-INFORMADO="Aux. Técnico - Eletromecânica" OUTRO-ENQUADRAMENTO-FUNCIONAL-INFORMADO-INGLES="" OUTRAS-INFORMACOES-INGLES=""/><atividadesProfissionaisPlanificadas/></ATUACAO-PROFISSIONAL><ATUACAO-PROFISSIONAL CODIGO-INSTITUICAO="564400000006" NOME-INSTITUICAO="Organização Paranaense de Ensino Técnico Ltda" SEQUENCIA-ATIVIDADE="5" SEQUENCIA-IMPORTANCIA="5"><VINCULOS SEQUENCIA-HISTORICO="1" TIPO-DE-VINCULO="COLABORADOR" ENQUADRAMENTO-FUNCIONAL="LIVRE" CARGA-HORARIA-SEMANAL="40" FLAG-DEDICACAO-EXCLUSIVA="NAO" MES-INICIO="08" ANO-INICIO="2011" MES-FIM="02" ANO-FIM="2013" OUTRAS-INFORMACOES="Professor de ensino tecnológico nas disciplinas de Eletricidade, Instalações Industriais e Máquinas Elétricas. · Planejamento e execução do trabalho docente, em consonância com o plano curricular da escola e atendendo ao avanço da tecnologia educacional. · Definição operacional dos objetivos do plano curricular. · Práticas de laboratórios e contextualização da disciplina. · Definir e utilizar formas de avaliação, condizentes com o esquema de referências · Participação da elaboração da proposta pedagógica. · Elaboração e cumprimento do plano de trabalho, segundo a proposta pedagógica. · Elaboração de roteiro e realização de visitas técnicas às usinas, subestações de energia e plantas industriais.  Áreas de atuação: Docência com aplicação prática em laboratórios de eletrotécnica e automação industrial." FLAG-VINCULO-EMPREGATICIO="SIM" OUTRO-VINCULO-INFORMADO="" OUTRO-ENQUADRAMENTO-FUNCIONAL-INFORMADO="Professor de Ensino Técnico" OUTRO-ENQUADRAMENTO-FUNCIONAL-INFORMADO-INGLES="" OUTRAS-INFORMACOES-INGLES=""/><VINCULOS SEQUENCIA-HISTORICO="2" TIPO-DE-VINCULO="COLABORADOR" ENQUADRAMENTO-FUNCIONAL="LIVRE" CARGA-HORARIA-SEMANAL="40" FLAG-DEDICACAO-EXCLUSIVA="NAO" MES-INICIO="08" ANO-INICIO="2012" MES-FIM="02" ANO-FIM="2013" OUTRAS-INFORMACOES="Coordenador do curso de Eletrotécnica, registrado junto ao Conselho de Educação do Estado do Paraná. · Coordenação, acompanhamento e avaliação das atividades acadêmicas do curso. · Participação das atividades de capacitação e de atualização desenvolvidas na instituição de ensino. · Participação de grupos de trabalho para o desenvolvimento de metodologia, elaboração de materiais didáticos para a modalidade a distância e sistema de avaliação do aluno. · Planejamento e desenvolvimento das atividades de seleção e capacitação dos profissionais do curso. · Planejamento e desenvolvimento dos processos seletivos de alunos. · Acompanhamento do registro acadêmico dos alunos matriculados no curso. · Acompanhamento e supervisão das atividades dos tutores e dos professores. · Auxilio ao coordenador geral e direção na elaboração da planilha financeira do curso.  Áreas de atuação: Coordenação de curso tecnológico na área de eletrotécnica." FLAG-VINCULO-EMPREGATICIO="SIM" OUTRO-VINCULO-INFORMADO="" OUTRO-ENQUADRAMENTO-FUNCIONAL-INFORMADO="Coordenador de Curso ? Eletrotécnica" OUTRO-ENQUADRAMENTO-FUNCIONAL-INFORMADO-INGLES="" OUTRAS-INFORMACOES-INGLES=""/><atividadesProfissionaisPlanificadas/></ATUACAO-PROFISSIONAL><ATUACAO-PROFISSIONAL CODIGO-INSTITUICAO="027200000006" NOME-INSTITUICAO="Instituto Nacional da Propriedade Industrial" SEQUENCIA-ATIVIDADE="8" SEQUENCIA-IMPORTANCIA="1"><VINCULOS SEQUENCIA-HISTORICO="1" TIPO-DE-VINCULO="SERVIDOR_PUBLICO" ENQUADRAMENTO-FUNCIONAL="LIVRE" CARGA-HORARIA-SEMANAL="40" FLAG-DEDICACAO-EXCLUSIVA="NAO" MES-INICIO="06" ANO-INICIO="2016" MES-FIM="" ANO-FIM="" OUTRAS-INFORMACOES="Desenvolvimento de atividades de pesquisa tecnológica e análises processual voltadas aos exames de pedidos e elaboração de pareceres técnicos para concessão de direitos de patentes relativos à área de engenharia elétrica. Atuação direta em pedidos de patentes de Modelo de utilidades, na diretoria de patentes, voltados à área de engenharia elétrica." FLAG-VINCULO-EMPREGATICIO="NAO" OUTRO-VINCULO-INFORMADO="" OUTRO-ENQUADRAMENTO-FUNCIONAL-INFORMADO="Pesquisador em Propriedade Industrial" OUTRO-ENQUADRAMENTO-FUNCIONAL-INFORMADO-INGLES="" OUTRAS-INFORMACOES-INGLES=""/><atividadesProfissionaisPlanificadas/></ATUACAO-PROFISSIONAL><ATUACAO-PROFISSIONAL CODIGO-INSTITUICAO="001200000991" NOME-INSTITUICAO="UNISUAM" SEQUENCIA-ATIVIDADE="9" SEQUENCIA-IMPORTANCIA="2"><VINCULOS SEQUENCIA-HISTORICO="1" TIPO-DE-VINCULO="CELETISTA" ENQUADRAMENTO-FUNCIONAL="LIVRE" CARGA-HORARIA-SEMANAL="20" FLAG-DEDICACAO-EXCLUSIVA="NAO" MES-INICIO="08" ANO-INICIO="2016" MES-FIM="" ANO-FIM="" OUTRAS-INFORMACOES="Professor de disciplinas técnicas nos cursos de engenharia elétrica e engenharia civil. Disciplinas ministradas no segundo semestre de 2016:  - Eletrotécnica - Instalações elétricas prediais - Instalações elétricas Industriais" FLAG-VINCULO-EMPREGATICIO="NAO" OUTRO-VINCULO-INFORMADO="" OUTRO-ENQUADRAMENTO-FUNCIONAL-INFORMADO="Professor de nível superior" OUTRO-ENQUADRAMENTO-FUNCIONAL-INFORMADO-INGLES="" OUTRAS-INFORMACOES-INGLES=""/><atividadesProfissionaisPlanificadas/></ATUACAO-PROFISSIONAL></ATUACOES-PROFISSIONAIS><AREAS-DE-ATUACAO><AREA-DE-ATUACAO SEQUENCIA-AREA-DE-ATUACAO="1" NOME-GRANDE-AREA-DO-CONHECIMENTO="ENGENHARIAS" NOME-DA-AREA-DO-CONHECIMENTO="Engenharia Elétrica" NOME-DA-SUB-AREA-DO-CONHECIMENTO="" NOME-DA-ESPECIALIDADE=""/><AREA-DE-ATUACAO SEQUENCIA-AREA-DE-ATUACAO="2" NOME-GRANDE-AREA-DO-CONHECIMENTO="ENGENHARIAS" NOME-DA-AREA-DO-CONHECIMENTO="Engenharia Elétrica" NOME-DA-SUB-AREA-DO-CONHECIMENTO="Engenharia de Manutenção" NOME-DA-ESPECIALIDADE=""/><AREA-DE-ATUACAO SEQUENCIA-AREA-DE-ATUACAO="3" NOME-GRANDE-AREA-DO-CONHECIMENTO="OUTROS" NOME-DA-AREA-DO-CONHECIMENTO="Robótica, Mecatrônica e Automação" NOME-DA-SUB-AREA-DO-CONHECIMENTO="" NOME-DA-ESPECIALIDADE=""/></AREAS-DE-ATUACAO><IDIOMAS><IDIOMA IDIOMA="ES" DESCRICAO-DO-IDIOMA="Espanhol" PROFICIENCIA-DE-LEITURA="BEM" PROFICIENCIA-DE-FALA="BEM" PROFICIENCIA-DE-ESCRITA="BEM" PROFICIENCIA-DE-COMPREENSAO="BEM"/><IDIOMA IDIOMA="EN" DESCRICAO-DO-IDIOMA="Inglês" PROFICIENCIA-DE-LEITURA="BEM" PROFICIENCIA-DE-FALA="BEM" PROFICIENCIA-DE-ESCRITA="BEM" PROFICIENCIA-DE-COMPREENSAO="BEM"/><IDIOMA IDIOMA="PT" DESCRICAO-DO-IDIOMA="Português" PROFICIENCIA-DE-LEITURA="BEM" PROFICIENCIA-DE-FALA="BEM" PROFICIENCIA-DE-ESCRITA="BEM" PROFICIENCIA-DE-COMPREENSAO="BEM"/></IDIOMAS><staValidado/><dataExibicao/><dadosBolsista/></DADOS-GERAIS><PRODUCAO-BIBLIOGRAFICA><ARTIGOS-PUBLICADOS><ARTIGO-PUBLICADO SEQUENCIA-PRODUCAO="3" ORDEM-IMPORTANCIA=""><DADOS-BASICOS-DO-ARTIGO NATUREZA="COMPLETO" TITULO-DO-ARTIGO="DIMENSIONAMENTO DE UM SISTEMA FOTOVOLTAICO COM ARMAZENAMENTO DE ENERGIA" ANO-DO-ARTIGO="2013" PAIS-DE-PUBLICACAO="" IDIOMA="Português" MEIO-DE-DIVULGACAO="MEIO_DIGITAL" HOME-PAGE-DO-TRABALHO="[http://www.sodebras.com.br/edicoes/N91.pdf]" FLAG-RELEVANCIA="SIM" DOI="" TITULO-DO-ARTIGO-INGLES="Electric design of a Photovoltaic system with energy storage." FLAG-DIVULGACAO-CIENTIFICA="SIM"/><DETALHAMENTO-DO-ARTIGO TITULO-DO-PERIODICO-OU-REVISTA="Revista SODEBRAS" ISSN="18093957" VOLUME="8" FASCICULO="" SERIE="91/2013" PAGINA-INICIAL="10" PAGINA-FINAL="16" LOCAL-DE-PUBLICACAO=""/><AUTORES NOME-COMPLETO-DO-AUTOR="Alex De Lima e Silva" NOME-PARA-CITACAO="SILVA, A. L." ORDEM-DE-AUTORIA="1" NRO-ID-CNPQ="1764262095813530"/><AUTORES NOME-COMPLETO-DO-AUTOR="Rogers demonti" NOME-PARA-CITACAO="DEMONTI, R." ORDEM-DE-AUTORIA="2" NRO-ID-CNPQ=""/><PALAVRAS-CHAVE PALAVRA-CHAVE-1="Planta Fotovoltaica" PALAVRA-CHAVE-2="Armazenamento de Energia" PALAVRA-CHAVE-3="Dimensionamento Elétrico" PALAVRA-CHAVE-4="" PALAVRA-CHAVE-5="" PALAVRA-CHAVE-6=""/><AREAS-DO-CONHECIMENTO><AREA-DO-CONHECIMENTO-1 NOME-GRANDE-AREA-DO-CONHECIMENTO="ENGENHARIAS" NOME-DA-AREA-DO-CONHECIMENTO="" NOME-DA-SUB-AREA-DO-CONHECIMENTO="Sistemas Elétricos de Potência" NOME-DA-ESPECIALIDADE="Geração da Energia Elétrica"/><AREA-DO-CONHECIMENTO-2 NOME-GRANDE-AREA-DO-CONHECIMENTO="ENGENHARIAS" NOME-DA-AREA-DO-CONHECIMENTO="Engenharia Elétrica" NOME-DA-SUB-AREA-DO-CONHECIMENTO="ENGEHARIA ELETROTÉCNICA" NOME-DA-ESPECIALIDADE=""/><AREA-DO-CONHECIMENTO-3 NOME-GRANDE-AREA-DO-CONHECIMENTO="ENGENHARIAS" NOME-DA-AREA-DO-CONHECIMENTO="Engenharia Elétrica" NOME-DA-SUB-AREA-DO-CONHECIMENTO="Eletrônica Industrial, Sistemas e Controles Eletrônicos" NOME-DA-ESPECIALIDADE="Automação Eletrônica de Processos Elétricos e Industriais"/></AREAS-DO-CONHECIMENTO><SETORES-DE-ATIVIDADE SETOR-DE-ATIVIDADE-1="Eletricidade, gás e outras utilidades" SETOR-DE-ATIVIDADE-2="Educação" SETOR-DE-ATIVIDADE-3="Fabricação de máquinas, aparelhos e materiais elétricos"/><INFORMACOES-ADICIONAIS DESCRICAO-INFORMACOES-ADICIONAIS="" DESCRICAO-INFORMACOES-ADICIONAIS-INGLES="Abstract - In Brazil, in recent years, is perceived a big interest in knowing a little more about power generation systems using photovoltaic (PV) principles. The approach of subjects related to the design and installation of residential PV systems on grid and off grid has shown rising in the country, especially in the last decade. Upon this background and in order to contribute with small initiatives related to this technology, their work will present a step by step using a simplified methodology for the design of a photovoltaic electric with energy storage."/></ARTIGO-PUBLICADO></ARTIGOS-PUBLICADOS></PRODUCAO-BIBLIOGRAFICA><PRODUCAO-TECNICA><DEMAIS-TIPOS-DE-PRODUCAO-TECNICA><APRESENTACAO-DE-TRABALHO SEQUENCIA-PRODUCAO="2"><DADOS-BASICOS-DA-APRESENTACAO-DE-TRABALHO NATUREZA="SIMPOSIO" TITULO="Experiências com Banco de Capacitores Série" ANO="2008" PAIS="Brasil" IDIOMA="Português" FLAG-RELEVANCIA="SIM" DOI="" TITULO-INGLES="" FLAG-DIVULGACAO-CIENTIFICA="NAO"/><DETALHAMENTO-DA-APRESENTACAO-DE-TRABALHO NOME-DO-EVENTO="IX Conferência Doble" INSTITUICAO-PROMOTORA="Vonckel" LOCAL-DA-APRESENTACAO="Rio de Janeiro" CIDADE-DA-APRESENTACAO="Rio de Janeiro" NOME-DO-EVENTO-INGLES=""/><AUTORES NOME-COMPLETO-DO-AUTOR="Alex De Lima e Silva" NOME-PARA-CITACAO="SILVA, A. L." ORDEM-DE-AUTORIA="1" NRO-ID-CNPQ="1764262095813530"/><AUTORES NOME-COMPLETO-DO-AUTOR="Abilio José da Rocha Cardoso" NOME-PARA-CITACAO="CARDOSO, A. J. R." ORDEM-DE-AUTORIA="2" NRO-ID-CNPQ=""/><AUTORES NOME-COMPLETO-DO-AUTOR="Ricardo Pereira Grumbach" NOME-PARA-CITACAO="GRUMBACH, R. P." ORDEM-DE-AUTORIA="3" NRO-ID-CNPQ=""/><AUTORES NOME-COMPLETO-DO-AUTOR="Francisco de Assis Pereira" NOME-PARA-CITACAO="PEREIRA, F. A." ORDEM-DE-AUTORIA="4" NRO-ID-CNPQ=""/><AUTORES NOME-COMPLETO-DO-AUTOR="Vanessa Alves dos Santos M. Maria" NOME-PARA-CITACAO="MARIA, V. A. S. M." ORDEM-DE-AUTORIA="5" NRO-ID-CNPQ=""/><AUTORES NOME-COMPLETO-DO-AUTOR="Marcelo Vargas Redes" NOME-PARA-CITACAO="REDES, M. V." ORDEM-DE-AUTORIA="6" NRO-ID-CNPQ=""/><PALAVRAS-CHAVE PALAVRA-CHAVE-1="Capacitor Série, Transmissão, Manutenção" PALAVRA-CHAVE-2="" PALAVRA-CHAVE-3="" PALAVRA-CHAVE-4="" PALAVRA-CHAVE-5="" PALAVRA-CHAVE-6=""/><AREAS-DO-CONHECIMENTO><AREA-DO-CONHECIMENTO-1 NOME-GRANDE-AREA-DO-CONHECIMENTO="ENGENHARIAS" NOME-DA-AREA-DO-CONHECIMENTO="" NOME-DA-SUB-AREA-DO-CONHECIMENTO="" NOME-DA-ESPECIALIDADE=""/></AREAS-DO-CONHECIMENTO><SETORES-DE-ATIVIDADE SETOR-DE-ATIVIDADE-1="Atividades profissionais, científicas e técnicas" SETOR-DE-ATIVIDADE-2="Eletricidade e gás" SETOR-DE-ATIVIDADE-3=""/><INFORMACOES-ADICIONAIS DESCRICAO-INFORMACOES-ADICIONAIS="Os benefícios da aplicação de capacitores série em uma linha de transmissão incluem os seguintes aspectos: - Aumento da capacidade de transmissão de energia; - Proporciona estabilidade do sistema em operação normal e em caso de distúrbios; - Melhora da regulação da tensão e do equilíbrio da energia reativa, inclusive durante distúrbios; - Proporciona melhor distribuição de cargas em circuitos paralelos. ..." DESCRICAO-INFORMACOES-ADICIONAIS-INGLES=""/></APRESENTACAO-DE-TRABALHO><APRESENTACAO-DE-TRABALHO SEQUENCIA-PRODUCAO="4"><DADOS-BASICOS-DA-APRESENTACAO-DE-TRABALHO NATUREZA="SEMINARIO" TITULO="METODOLOGIAS DE GERENCIAMENTO DE PROJETOS PARA A INTEGRAÇÃO ENTRE A PROGRAMAÇÃO DA OPERAÇÃO E O PLANEJAMENTO DA MANUTENÇÃO" ANO="2013" PAIS="Brasil" IDIOMA="Português" FLAG-RELEVANCIA="SIM" DOI="" TITULO-INGLES="" FLAG-DIVULGACAO-CIENTIFICA="NAO"/><DETALHAMENTO-DA-APRESENTACAO-DE-TRABALHO NOME-DO-EVENTO="XXII SNPTEE" INSTITUICAO-PROMOTORA="Cigré Brasil" LOCAL-DA-APRESENTACAO="Brasília - DF" CIDADE-DA-APRESENTACAO="Brasília - DF" NOME-DO-EVENTO-INGLES=""/><AUTORES NOME-COMPLETO-DO-AUTOR="Alex De Lima e Silva" NOME-PARA-CITACAO="SILVA, A. L." ORDEM-DE-AUTORIA="1" NRO-ID-CNPQ="1764262095813530"/><AUTORES NOME-COMPLETO-DO-AUTOR="Francisco de Assis Pereira" NOME-PARA-CITACAO="PEREIRA, F. A." ORDEM-DE-AUTORIA="2" NRO-ID-CNPQ=""/><PALAVRAS-CHAVE PALAVRA-CHAVE-1="Gestão de Projetos" PALAVRA-CHAVE-2="Integração" PALAVRA-CHAVE-3="Operação" PALAVRA-CHAVE-4="Manutenção" PALAVRA-CHAVE-5="" PALAVRA-CHAVE-6=""/><AREAS-DO-CONHECIMENTO><AREA-DO-CONHECIMENTO-1 NOME-GRANDE-AREA-DO-CONHECIMENTO="ENGENHARIAS" NOME-DA-AREA-DO-CONHECIMENTO="" NOME-DA-SUB-AREA-DO-CONHECIMENTO="Engenharia de Manutenção" NOME-DA-ESPECIALIDADE=""/><AREA-DO-CONHECIMENTO-2 NOME-GRANDE-AREA-DO-CONHECIMENTO="ENGENHARIAS" NOME-DA-AREA-DO-CONHECIMENTO="Engenharia Elétrica" NOME-DA-SUB-AREA-DO-CONHECIMENTO="operação de sistemas elétricos" NOME-DA-ESPECIALIDADE=""/><AREA-DO-CONHECIMENTO-3 NOME-GRANDE-AREA-DO-CONHECIMENTO="ENGENHARIAS" NOME-DA-AREA-DO-CONHECIMENTO="Engenharia Elétrica" NOME-DA-SUB-AREA-DO-CONHECIMENTO="manutenção de sistemas elétricos" NOME-DA-ESPECIALIDADE=""/></AREAS-DO-CONHECIMENTO><SETORES-DE-ATIVIDADE SETOR-DE-ATIVIDADE-1="Eletricidade, gás e outras utilidades" SETOR-DE-ATIVIDADE-2="" SETOR-DE-ATIVIDADE-3=""/></APRESENTACAO-DE-TRABALHO><APRESENTACAO-DE-TRABALHO SEQUENCIA-PRODUCAO="5"><DADOS-BASICOS-DA-APRESENTACAO-DE-TRABALHO NATUREZA="SEMINARIO" TITULO="A importância da análise de óleo isolante: Um estudo de caso" ANO="2015" PAIS="Brasil" IDIOMA="Português" FLAG-RELEVANCIA="SIM" DOI="" TITULO-INGLES="" FLAG-DIVULGACAO-CIENTIFICA="NAO"/><DETALHAMENTO-DA-APRESENTACAO-DE-TRABALHO NOME-DO-EVENTO="VII Encontro técnico de fluidos e manutenção" INSTITUICAO-PROMOTORA="Diagno Pesquisa, Desenvolvimento e Inovação" LOCAL-DA-APRESENTACAO="Paraná" CIDADE-DA-APRESENTACAO="Curitiba" NOME-DO-EVENTO-INGLES=""/><AUTORES NOME-COMPLETO-DO-AUTOR="Alex De Lima e Silva" NOME-PARA-CITACAO="SILVA, A. L." ORDEM-DE-AUTORIA="1" NRO-ID-CNPQ="1764262095813530"/><AUTORES NOME-COMPLETO-DO-AUTOR="Alessandro Padilha da Silva" NOME-PARA-CITACAO="SILVA, A. P." ORDEM-DE-AUTORIA="2" NRO-ID-CNPQ=""/><PALAVRAS-CHAVE PALAVRA-CHAVE-1="Óleo isolante" PALAVRA-CHAVE-2="Manutenção de equipamentos" PALAVRA-CHAVE-3="subestação" PALAVRA-CHAVE-4="" PALAVRA-CHAVE-5="" PALAVRA-CHAVE-6=""/><AREAS-DO-CONHECIMENTO><AREA-DO-CONHECIMENTO-1 NOME-GRANDE-AREA-DO-CONHECIMENTO="ENGENHARIAS" NOME-DA-AREA-DO-CONHECIMENTO="" NOME-DA-SUB-AREA-DO-CONHECIMENTO="" NOME-DA-ESPECIALIDADE=""/></AREAS-DO-CONHECIMENTO><SETORES-DE-ATIVIDADE SETOR-DE-ATIVIDADE-1="Eletricidade, gás e outras utilidades" SETOR-DE-ATIVIDADE-2="" SETOR-DE-ATIVIDADE-3=""/></APRESENTACAO-DE-TRABALHO><APRESENTACAO-DE-TRABALHO SEQUENCIA-PRODUCAO="6"><DADOS-BASICOS-DA-APRESENTACAO-DE-TRABALHO NATUREZA="CONGRESSO" TITULO="Desafio amazônico - A complexidade de manutenção na faixa de servidão das linhas de transmissão Oriximiná- Silves e Silves - Lechuga" ANO="2015" PAIS="Brasil" IDIOMA="Português" FLAG-RELEVANCIA="NAO" DOI="" TITULO-INGLES="" FLAG-DIVULGACAO-CIENTIFICA="NAO"/><DETALHAMENTO-DA-APRESENTACAO-DE-TRABALHO NOME-DO-EVENTO="XXIII SNPTE - Seminário Nacional de Produção e Transmissão de Energia Elétrica" INSTITUICAO-PROMOTORA="SNPTE" LOCAL-DA-APRESENTACAO="Paraná" CIDADE-DA-APRESENTACAO="Foz do Iguaçu" NOME-DO-EVENTO-INGLES=""/><AUTORES NOME-COMPLETO-DO-AUTOR="Alex De Lima e Silva" NOME-PARA-CITACAO="SILVA, A. L." ORDEM-DE-AUTORIA="1" NRO-ID-CNPQ="1764262095813530"/><AUTORES NOME-COMPLETO-DO-AUTOR="antonio lisboa salles neto" NOME-PARA-CITACAO="SALLES NETO, A. L." ORDEM-DE-AUTORIA="2" NRO-ID-CNPQ=""/><PALAVRAS-CHAVE PALAVRA-CHAVE-1="Linha de transmissão" PALAVRA-CHAVE-2="Floresta amazônica" PALAVRA-CHAVE-3="Manutenção em faixa de servidão" PALAVRA-CHAVE-4="Metodologia de manutenção" PALAVRA-CHAVE-5="" PALAVRA-CHAVE-6=""/><AREAS-DO-CONHECIMENTO><AREA-DO-CONHECIMENTO-1 NOME-GRANDE-AREA-DO-CONHECIMENTO="ENGENHARIAS" NOME-DA-AREA-DO-CONHECIMENTO="" NOME-DA-SUB-AREA-DO-CONHECIMENTO="" NOME-DA-ESPECIALIDADE=""/></AREAS-DO-CONHECIMENTO><SETORES-DE-ATIVIDADE SETOR-DE-ATIVIDADE-1="Eletricidade, gás e outras utilidades" SETOR-DE-ATIVIDADE-2="" SETOR-DE-ATIVIDADE-3=""/></APRESENTACAO-DE-TRABALHO><APRESENTACAO-DE-TRABALHO SEQUENCIA-PRODUCAO="1"><DADOS-BASICOS-DA-APRESENTACAO-DE-TRABALHO NATUREZA="SIMPOSIO" TITULO="SALA DE SUPERVISÃO CENTRAL PARA OPERAÇÃO DE INSTALAÇÕES DE TRANSMISSÃO" ANO="2008" PAIS="Brasil" IDIOMA="Português" FLAG-RELEVANCIA="SIM" DOI="" TITULO-INGLES="" FLAG-DIVULGACAO-CIENTIFICA="NAO"/><DETALHAMENTO-DA-APRESENTACAO-DE-TRABALHO NOME-DO-EVENTO="X EDAO ? ENCONTRO PARA DEBATES DE ASSUNTOS DE OPERAÇÃO" INSTITUICAO-PROMOTORA="Cigré Brasil" LOCAL-DA-APRESENTACAO="São Paulo" CIDADE-DA-APRESENTACAO="São Paulo" NOME-DO-EVENTO-INGLES=""/><AUTORES NOME-COMPLETO-DO-AUTOR="Marcelo Vargas Redes" NOME-PARA-CITACAO="REDES, M. V." ORDEM-DE-AUTORIA="1" NRO-ID-CNPQ=""/><AUTORES NOME-COMPLETO-DO-AUTOR="Abilio José da Rocha Cardoso" NOME-PARA-CITACAO="CARDOSO, A. J. R." ORDEM-DE-AUTORIA="2" NRO-ID-CNPQ=""/><AUTORES NOME-COMPLETO-DO-AUTOR="Ricardo Pereira Grumbach" NOME-PARA-CITACAO="GRUMBACH, R. P." ORDEM-DE-AUTORIA="3" NRO-ID-CNPQ=""/><AUTORES NOME-COMPLETO-DO-AUTOR="Francisco de Assis Pereira" NOME-PARA-CITACAO="PEREIRA, F. A." ORDEM-DE-AUTORIA="4" NRO-ID-CNPQ=""/><AUTORES NOME-COMPLETO-DO-AUTOR="Vanessa Alves dos Santos M. Maria" NOME-PARA-CITACAO="MARIA, V. A. S. M." ORDEM-DE-AUTORIA="5" NRO-ID-CNPQ=""/><AUTORES NOME-COMPLETO-DO-AUTOR="Alex De Lima e Silva" NOME-PARA-CITACAO="SILVA, A. L." ORDEM-DE-AUTORIA="6" NRO-ID-CNPQ="1764262095813530"/><PALAVRAS-CHAVE PALAVRA-CHAVE-1="COS; Operação; Qualidade; Confiabilidade." PALAVRA-CHAVE-2="" PALAVRA-CHAVE-3="" PALAVRA-CHAVE-4="" PALAVRA-CHAVE-5="" PALAVRA-CHAVE-6=""/><AREAS-DO-CONHECIMENTO><AREA-DO-CONHECIMENTO-1 NOME-GRANDE-AREA-DO-CONHECIMENTO="ENGENHARIAS" NOME-DA-AREA-DO-CONHECIMENTO="" NOME-DA-SUB-AREA-DO-CONHECIMENTO="" NOME-DA-ESPECIALIDADE=""/></AREAS-DO-CONHECIMENTO><SETORES-DE-ATIVIDADE SETOR-DE-ATIVIDADE-1="Eletricidade e gás" SETOR-DE-ATIVIDADE-2="" SETOR-DE-ATIVIDADE-3=""/><INFORMACOES-ADICIONAIS DESCRICAO-INFORMACOES-ADICIONAIS="A realidade atual da transmissão de energia elétrica no país, com leilões periódicos de novas concessões, onde concorrem empresas nacionais e estrangeiras, têm garantido formidáveis deságios nas receitas anuais permitidas das transmissoras. Contudo, esta mesma realidade também insere vários novos agentes, com experiências diversas, que devem se integrar ao sistema interligado nacional. Assim, é adicionada anualmente ao sistema interligado nacional uma grande quantidade de pequenos novos centros locais de operação. A criação do serviço de operação centralizado de sistemas elétricos é uma necessidade do mercado, que devido à grande competição em um setor onde erros e falhas de operação podem gerar elevadas multas, não pode descuidar de aliar baixo custo com qualidade de serviço. ..." DESCRICAO-INFORMACOES-ADICIONAIS-INGLES=""/></APRESENTACAO-DE-TRABALHO><DESENVOLVIMENTO-DE-MATERIAL-DIDATICO-OU-INSTRUCIONAL SEQUENCIA-PRODUCAO="7"><DADOS-BASICOS-DO-MATERIAL-DIDATICO-OU-INSTRUCIONAL NATUREZA="Elaboração de manual de atividades experimentais dos laboratórios do curso de Bacharelado de Engenha" TITULO="Elaboração de manual de atividades experimentais dos laboratórios do curso de Bacharelado de Engenha" ANO="2014" PAIS="Brasil" IDIOMA="Português" MEIO-DE-DIVULGACAO="IMPRESSO" HOME-PAGE-DO-TRABALHO="" FLAG-RELEVANCIA="NAO" DOI="" TITULO-INGLES="" NATUREZA-INGLES="" FLAG-DIVULGACAO-CIENTIFICA="SIM"/><DETALHAMENTO-DO-MATERIAL-DIDATICO-OU-INSTRUCIONAL FINALIDADE="Elaboração de manual de atividades experimentais dos laboratórios do curso de Bacharelado de Engenharia . Laboratórios de Física, Química, Circuitops elétricos, Máquinas elétricas, Eletrônica e Circuitos Digitais" FINALIDADE-INGLES=""/><AUTORES NOME-COMPLETO-DO-AUTOR="Alex De Lima e Silva" NOME-PARA-CITACAO="SILVA, A. L." ORDEM-DE-AUTORIA="1" NRO-ID-CNPQ="1764262095813530"/><AUTORES NOME-COMPLETO-DO-AUTOR="Andre Luis da Silva Pinheiro" NOME-PARA-CITACAO="PINHEIRO, A. L. S." ORDEM-DE-AUTORIA="2" NRO-ID-CNPQ=""/><AUTORES NOME-COMPLETO-DO-AUTOR="Antonio José Dias da Silva" NOME-PARA-CITACAO="SILVA, A. J. D." ORDEM-DE-AUTORIA="3" NRO-ID-CNPQ=""/><AUTORES NOME-COMPLETO-DO-AUTOR="Josiel gonçalves dos santos" NOME-PARA-CITACAO="SANTOS, J. G." ORDEM-DE-AUTORIA="4" NRO-ID-CNPQ=""/><INFORMACOES-ADICIONAIS DESCRICAO-INFORMACOES-ADICIONAIS="Elaboração de manual de atividades experimentais dos laboratórios do curso de Bacharelado de Engenharia . Laboratórios de Física, Química, Circuitops elétricos, Máquinas elétricas, Eletrônica e Circuitos Digitais" DESCRICAO-INFORMACOES-ADICIONAIS-INGLES=""/></DESENVOLVIMENTO-DE-MATERIAL-DIDATICO-OU-INSTRUCIONAL><DESENVOLVIMENTO-DE-MATERIAL-DIDATICO-OU-INSTRUCIONAL SEQUENCIA-PRODUCAO="8"><DADOS-BASICOS-DO-MATERIAL-DIDATICO-OU-INSTRUCIONAL NATUREZA="Elaboração de manual de atividades experimentais dos laboratórios do curso de Bacharelado de Engenha" TITULO="Elaboração de manual de atividades experimentais dos laboratórios do curso de Bacharelado de Engenharia . Laboratórios de Física, Química, Circuitops elétricos, Máquinas elétricas, Eletrônica e Circuitos Digitais" ANO="2015" PAIS="Brasil" IDIOMA="Português" MEIO-DE-DIVULGACAO="IMPRESSO" HOME-PAGE-DO-TRABALHO="" FLAG-RELEVANCIA="NAO" DOI="" TITULO-INGLES="" NATUREZA-INGLES="" FLAG-DIVULGACAO-CIENTIFICA="SIM"/><DETALHAMENTO-DO-MATERIAL-DIDATICO-OU-INSTRUCIONAL FINALIDADE="Elaboração de manual de atividades experimentais dos laboratórios do curso de Bacharelado de Engenharia . Laboratórios de Física, Química, Circuitops elétricos, Máquinas elétricas, Eletrônica e Circuitos Digitais" FINALIDADE-INGLES=""/><AUTORES NOME-COMPLETO-DO-AUTOR="Alex De Lima e Silva" NOME-PARA-CITACAO="SILVA, A. L." ORDEM-DE-AUTORIA="1" NRO-ID-CNPQ="1764262095813530"/><AUTORES NOME-COMPLETO-DO-AUTOR="Andre Luis da Silva Pinheiro" NOME-PARA-CITACAO="PINHEIRO, A. L. S." ORDEM-DE-AUTORIA="2" NRO-ID-CNPQ=""/><INFORMACOES-ADICIONAIS DESCRICAO-INFORMACOES-ADICIONAIS="" DESCRICAO-INFORMACOES-ADICIONAIS-INGLES="Elaboração de manual de atividades experimentais dos laboratórios do curso de Bacharelado de Engenharia . Laboratórios de Física, Química, Circuitops elétricos, Máquinas elétricas, Eletrônica e Circuitos Digitais"/></DESENVOLVIMENTO-DE-MATERIAL-DIDATICO-OU-INSTRUCIONAL><DESENVOLVIMENTO-DE-MATERIAL-DIDATICO-OU-INSTRUCIONAL SEQUENCIA-PRODUCAO="9"><DADOS-BASICOS-DO-MATERIAL-DIDATICO-OU-INSTRUCIONAL NATUREZA="Elaboração de manual de atividades experimentais dos laboratórios do curso de Bacharelado de Engenha" TITULO="Elaboração de manual de atividades experimentais dos laboratórios do curso de Bacharelado de Engenharia . Laboratórios de Física, Química, Circuitops elétricos, Máquinas elétricas, Eletrônica e Circuitos Digitais" ANO="2016" PAIS="Brasil" IDIOMA="Português" MEIO-DE-DIVULGACAO="IMPRESSO" HOME-PAGE-DO-TRABALHO="" FLAG-RELEVANCIA="NAO" DOI="" TITULO-INGLES="" NATUREZA-INGLES="" FLAG-DIVULGACAO-CIENTIFICA="NAO"/><DETALHAMENTO-DO-MATERIAL-DIDATICO-OU-INSTRUCIONAL FINALIDADE="Elaboração de manual de atividades experimentais dos laboratórios do curso de Bacharelado de Engenharia . Laboratórios de Física, Química, Circuitops elétricos, Máquinas elétricas, Eletrônica e Circuitos Digitais" FINALIDADE-INGLES=""/><AUTORES NOME-COMPLETO-DO-AUTOR="Alex De Lima e Silva" NOME-PARA-CITACAO="SILVA, A. L." ORDEM-DE-AUTORIA="1" NRO-ID-CNPQ="1764262095813530"/><INFORMACOES-ADICIONAIS DESCRICAO-INFORMACOES-ADICIONAIS="Elaboração de manual de atividades experimentais dos laboratórios do curso de Bacharelado de Engenharia . Laboratórios de Física, Química, Circuitops elétricos, Máquinas elétricas, Eletrônica e Circuitos Digitais" DESCRICAO-INFORMACOES-ADICIONAIS-INGLES=""/></DESENVOLVIMENTO-DE-MATERIAL-DIDATICO-OU-INSTRUCIONAL></DEMAIS-TIPOS-DE-PRODUCAO-TECNICA></PRODUCAO-TECNICA><DADOS-COMPLEMENTARES><INFORMACOES-ADICIONAIS-INSTITUICOES><INFORMACAO-ADICIONAL-INSTITUICAO CODIGO-INSTITUICAO="000100000991" SIGLA-INSTITUICAO="RJ" SIGLA-UF-INSTITUICAO="" SIGLA-PAIS-INSTITUICAO="BRA" NOME-PAIS-INSTITUICAO="Brasil" FLAG-AGENCIA-FOMENTO="NAO" FLAG-INSTITUICAO-DE-ENSINO="NAO"/><INFORMACAO-ADICIONAL-INSTITUICAO CODIGO-INSTITUICAO="000200000993" SIGLA-INSTITUICAO="RJR" SIGLA-UF-INSTITUICAO="RJ" SIGLA-PAIS-INSTITUICAO="BRA" NOME-PAIS-INSTITUICAO="Brasil" FLAG-AGENCIA-FOMENTO="NAO" FLAG-INSTITUICAO-DE-ENSINO="NAO"/><INFORMACAO-ADICIONAL-INSTITUICAO CODIGO-INSTITUICAO="000300000995" SIGLA-INSTITUICAO="RJ" SIGLA-UF-INSTITUICAO="RJ" SIGLA-PAIS-INSTITUICAO="BRA" NOME-PAIS-INSTITUICAO="Brasil" FLAG-AGENCIA-FOMENTO="NAO" FLAG-INSTITUICAO-DE-ENSINO="NAO"/><INFORMACAO-ADICIONAL-INSTITUICAO CODIGO-INSTITUICAO="000400000008" SIGLA-INSTITUICAO="FGV" SIGLA-UF-INSTITUICAO="RJ" SIGLA-PAIS-INSTITUICAO="BRA" NOME-PAIS-INSTITUICAO="Brasil" FLAG-AGENCIA-FOMENTO="NAO" FLAG-INSTITUICAO-DE-ENSINO="SIM"/><INFORMACAO-ADICIONAL-INSTITUICAO CODIGO-INSTITUICAO="000400000997" SIGLA-INSTITUICAO="RJ" SIGLA-UF-INSTITUICAO="RJ" SIGLA-PAIS-INSTITUICAO="BRA" NOME-PAIS-INSTITUICAO="Brasil" FLAG-AGENCIA-FOMENTO="NAO" FLAG-INSTITUICAO-DE-ENSINO="NAO"/><INFORMACAO-ADICIONAL-INSTITUICAO CODIGO-INSTITUICAO="000500000999" SIGLA-INSTITUICAO="ETEVM" SIGLA-UF-INSTITUICAO="RJ" SIGLA-PAIS-INSTITUICAO="BRA" NOME-PAIS-INSTITUICAO="Brasil" FLAG-AGENCIA-FOMENTO="NAO" FLAG-INSTITUICAO-DE-ENSINO="NAO"/><INFORMACAO-ADICIONAL-INSTITUICAO CODIGO-INSTITUICAO="000600000990" SIGLA-INSTITUICAO="ATE%20IV" SIGLA-UF-INSTITUICAO="RJ" SIGLA-PAIS-INSTITUICAO="BRA" NOME-PAIS-INSTITUICAO="Brasil" FLAG-AGENCIA-FOMENTO="NAO" FLAG-INSTITUICAO-DE-ENSINO="NAO"/><INFORMACAO-ADICIONAL-INSTITUICAO CODIGO-INSTITUICAO="000700000992" SIGLA-INSTITUICAO="ATE%20V" SIGLA-UF-INSTITUICAO="RJ" SIGLA-PAIS-INSTITUICAO="BRA" NOME-PAIS-INSTITUICAO="Brasil" FLAG-AGENCIA-FOMENTO="NAO" FLAG-INSTITUICAO-DE-ENSINO="NAO"/><INFORMACAO-ADICIONAL-INSTITUICAO CODIGO-INSTITUICAO="000800000994" SIGLA-INSTITUICAO="ATE%20VI" SIGLA-UF-INSTITUICAO="RJ" SIGLA-PAIS-INSTITUICAO="BRA" NOME-PAIS-INSTITUICAO="Brasil" FLAG-AGENCIA-FOMENTO="NAO" FLAG-INSTITUICAO-DE-ENSINO="NAO"/><INFORMACAO-ADICIONAL-INSTITUICAO CODIGO-INSTITUICAO="000900000996" SIGLA-INSTITUICAO="ATE%20VII" SIGLA-UF-INSTITUICAO="RJ" SIGLA-PAIS-INSTITUICAO="BRA" NOME-PAIS-INSTITUICAO="Brasil" FLAG-AGENCIA-FOMENTO="NAO" FLAG-INSTITUICAO-DE-ENSINO="NAO"/><INFORMACAO-ADICIONAL-INSTITUICAO CODIGO-INSTITUICAO="001000000998" SIGLA-INSTITUICAO="UFPE" SIGLA-UF-INSTITUICAO="RJ" SIGLA-PAIS-INSTITUICAO="BRA" NOME-PAIS-INSTITUICAO="Brasil" FLAG-AGENCIA-FOMENTO="NAO" FLAG-INSTITUICAO-DE-ENSINO="NAO"/><INFORMACAO-ADICIONAL-INSTITUICAO CODIGO-INSTITUICAO="001100000990" SIGLA-INSTITUICAO="PRQL" SIGLA-UF-INSTITUICAO="RJ" SIGLA-PAIS-INSTITUICAO="BRA" NOME-PAIS-INSTITUICAO="Brasil" FLAG-AGENCIA-FOMENTO="NAO" FLAG-INSTITUICAO-DE-ENSINO="NAO"/><INFORMACAO-ADICIONAL-INSTITUICAO CODIGO-INSTITUICAO="001101000993" SIGLA-INSTITUICAO="" SIGLA-UF-INSTITUICAO="RJ" SIGLA-PAIS-INSTITUICAO="BRA" NOME-PAIS-INSTITUICAO="Brasil" FLAG-AGENCIA-FOMENTO="NAO" FLAG-INSTITUICAO-DE-ENSINO="NAO"/><INFORMACAO-ADICIONAL-INSTITUICAO CODIGO-INSTITUICAO="001200000991" SIGLA-INSTITUICAO="UNISUAM" SIGLA-UF-INSTITUICAO="RJ" SIGLA-PAIS-INSTITUICAO="BRA" NOME-PAIS-INSTITUICAO="Brasil" FLAG-AGENCIA-FOMENTO="NAO" FLAG-INSTITUICAO-DE-ENSINO="NAO"/><INFORMACAO-ADICIONAL-INSTITUICAO CODIGO-INSTITUICAO="011100000008" SIGLA-INSTITUICAO="PUC-Rio" SIGLA-UF-INSTITUICAO="RJ" SIGLA-PAIS-INSTITUICAO="BRA" NOME-PAIS-INSTITUICAO="Brasil" FLAG-AGENCIA-FOMENTO="NAO" FLAG-INSTITUICAO-DE-ENSINO="SIM"/><INFORMACAO-ADICIONAL-INSTITUICAO CODIGO-INSTITUICAO="020200000009" SIGLA-INSTITUICAO="UFRJ" SIGLA-UF-INSTITUICAO="RJ" SIGLA-PAIS-INSTITUICAO="BRA" NOME-PAIS-INSTITUICAO="Brasil" FLAG-AGENCIA-FOMENTO="NAO" FLAG-INSTITUICAO-DE-ENSINO="SIM"/><INFORMACAO-ADICIONAL-INSTITUICAO CODIGO-INSTITUICAO="020700000008" SIGLA-INSTITUICAO="PUC/PR" SIGLA-UF-INSTITUICAO="PR" SIGLA-PAIS-INSTITUICAO="BRA" NOME-PAIS-INSTITUICAO="Brasil" FLAG-AGENCIA-FOMENTO="NAO" FLAG-INSTITUICAO-DE-ENSINO="SIM"/><INFORMACAO-ADICIONAL-INSTITUICAO CODIGO-INSTITUICAO="027200000006" SIGLA-INSTITUICAO="INPI" SIGLA-UF-INSTITUICAO="RJ" SIGLA-PAIS-INSTITUICAO="BRA" NOME-PAIS-INSTITUICAO="Brasil" FLAG-AGENCIA-FOMENTO="NAO" FLAG-INSTITUICAO-DE-ENSINO="NAO"/><INFORMACAO-ADICIONAL-INSTITUICAO CODIGO-INSTITUICAO="167600000009" SIGLA-INSTITUICAO="LACTEC" SIGLA-UF-INSTITUICAO="PR" SIGLA-PAIS-INSTITUICAO="BRA" NOME-PAIS-INSTITUICAO="Brasil" FLAG-AGENCIA-FOMENTO="NAO" FLAG-INSTITUICAO-DE-ENSINO="NAO"/><INFORMACAO-ADICIONAL-INSTITUICAO CODIGO-INSTITUICAO="350700000009" SIGLA-INSTITUICAO="CEFET/RJ" SIGLA-UF-INSTITUICAO="RJ" SIGLA-PAIS-INSTITUICAO="BRA" NOME-PAIS-INSTITUICAO="Brasil" FLAG-AGENCIA-FOMENTO="NAO" FLAG-INSTITUICAO-DE-ENSINO="SIM"/><INFORMACAO-ADICIONAL-INSTITUICAO CODIGO-INSTITUICAO="564400000006" SIGLA-INSTITUICAO="OPET" SIGLA-UF-INSTITUICAO="PR" SIGLA-PAIS-INSTITUICAO="BRA" NOME-PAIS-INSTITUICAO="Brasil" FLAG-AGENCIA-FOMENTO="NAO" FLAG-INSTITUICAO-DE-ENSINO="SIM"/><INFORMACAO-ADICIONAL-INSTITUICAO CODIGO-INSTITUICAO="831901000990" SIGLA-INSTITUICAO="" SIGLA-UF-INSTITUICAO="PE" SIGLA-PAIS-INSTITUICAO="BRA" NOME-PAIS-INSTITUICAO="Brasil" FLAG-AGENCIA-FOMENTO="NAO" FLAG-INSTITUICAO-DE-ENSINO="NAO"/></INFORMACOES-ADICIONAIS-INSTITUICOES><INFORMACOES-ADICIONAIS-CURSOS><INFORMACAO-ADICIONAL-CURSO CODIGO-CURSO="60034360" CODIGO-ORGAO="" NOME-ORGAO="" CODIGO-INSTITUICAO="020200000009" NOME-INSTITUICAO="Universidade Federal do Rio de Janeiro" NOME-GRANDE-AREA-DO-CONHECIMENTO="OUTROS" NOME-DA-AREA-DO-CONHECIMENTO="" NOME-DA-SUB-AREA-DO-CONHECIMENTO="" NOME-DA-ESPECIALIDADE="" NIVEL-CURSO="DOUTORADO"/><INFORMACAO-ADICIONAL-CURSO CODIGO-CURSO="90000000" CODIGO-ORGAO="" NOME-ORGAO="" CODIGO-INSTITUICAO="000400000008" NOME-INSTITUICAO="Fundação Getúlio Vargas" NOME-GRANDE-AREA-DO-CONHECIMENTO="CIENCIAS_SOCIAIS_APLICADAS" NOME-DA-AREA-DO-CONHECIMENTO="Administração" NOME-DA-SUB-AREA-DO-CONHECIMENTO="" NOME-DA-ESPECIALIDADE="" NIVEL-CURSO="APERFEICOAMENTO"/><INFORMACAO-ADICIONAL-CURSO CODIGO-CURSO="90000001" CODIGO-ORGAO="" NOME-ORGAO="" CODIGO-INSTITUICAO="000400000008" NOME-INSTITUICAO="Fundação Getúlio Vargas" NOME-GRANDE-AREA-DO-CONHECIMENTO="CIENCIAS_SOCIAIS_APLICADAS" NOME-DA-AREA-DO-CONHECIMENTO="Administração" NOME-DA-SUB-AREA-DO-CONHECIMENTO="" NOME-DA-ESPECIALIDADE="" NIVEL-CURSO="ESPECIALIZACAO"/><INFORMACAO-ADICIONAL-CURSO CODIGO-CURSO="90000002" CODIGO-ORGAO="" NOME-ORGAO="" CODIGO-INSTITUICAO="564400000006" NOME-INSTITUICAO="Organização Paranaense de Ensino Técnico Ltda" NOME-GRANDE-AREA-DO-CONHECIMENTO="CIENCIAS_HUMANAS" NOME-DA-AREA-DO-CONHECIMENTO="Educação" NOME-DA-SUB-AREA-DO-CONHECIMENTO="" NOME-DA-ESPECIALIDADE="" NIVEL-CURSO="ESPECIALIZACAO"/><INFORMACAO-ADICIONAL-CURSO CODIGO-CURSO="90000003" CODIGO-ORGAO="" NOME-ORGAO="" CODIGO-INSTITUICAO="020700000008" NOME-INSTITUICAO="Pontifícia Universidade Católica do Paraná" NOME-GRANDE-AREA-DO-CONHECIMENTO="ENGENHARIAS" NOME-DA-AREA-DO-CONHECIMENTO="Engenharia Elétrica" NOME-DA-SUB-AREA-DO-CONHECIMENTO="" NOME-DA-ESPECIALIDADE="" NIVEL-CURSO="APERFEICOAMENTO"/><INFORMACAO-ADICIONAL-CURSO CODIGO-CURSO="90000004" CODIGO-ORGAO="" NOME-ORGAO="" CODIGO-INSTITUICAO="350700000009" NOME-INSTITUICAO="Centro Federal de Educação Tecnológica Celso Suckow da Fonseca" NOME-GRANDE-AREA-DO-CONHECIMENTO="OUTROS" NOME-DA-AREA-DO-CONHECIMENTO="" NOME-DA-SUB-AREA-DO-CONHECIMENTO="" NOME-DA-ESPECIALIDADE="" NIVEL-CURSO="GRADUACAO"/><INFORMACAO-ADICIONAL-CURSO CODIGO-CURSO="90000005" CODIGO-ORGAO="" NOME-ORGAO="" CODIGO-INSTITUICAO="020200000009" NOME-INSTITUICAO="Universidade Federal do Rio de Janeiro" NOME-GRANDE-AREA-DO-CONHECIMENTO="OUTROS" NOME-DA-AREA-DO-CONHECIMENTO="Multidisciplinar" NOME-DA-SUB-AREA-DO-CONHECIMENTO="" NOME-DA-ESPECIALIDADE="" NIVEL-CURSO="APERFEICOAMENTO"/><INFORMACAO-ADICIONAL-CURSO CODIGO-CURSO="90000006" CODIGO-ORGAO="" NOME-ORGAO="" CODIGO-INSTITUICAO="011100000008" NOME-INSTITUICAO="Pontifícia Universidade Católica do Rio de Janeiro" NOME-GRANDE-AREA-DO-CONHECIMENTO="OUTROS" NOME-DA-AREA-DO-CONHECIMENTO="" NOME-DA-SUB-AREA-DO-CONHECIMENTO="" NOME-DA-ESPECIALIDADE="" NIVEL-CURSO="APERFEICOAMENTO"/><INFORMACAO-ADICIONAL-CURSO CODIGO-CURSO="90000007" CODIGO-ORGAO="" NOME-ORGAO="" CODIGO-INSTITUICAO="167600000009" NOME-INSTITUICAO="Institutos Lactec" NOME-GRANDE-AREA-DO-CONHECIMENTO="ENGENHARIAS" NOME-DA-AREA-DO-CONHECIMENTO="Engenharia Elétrica" NOME-DA-SUB-AREA-DO-CONHECIMENTO="" NOME-DA-ESPECIALIDADE="" NIVEL-CURSO="MESTRADO"/><INFORMACAO-ADICIONAL-CURSO CODIGO-CURSO="90000008" CODIGO-ORGAO="" NOME-ORGAO="" CODIGO-INSTITUICAO="000500000999" NOME-INSTITUICAO="Escola Técnica Estadual Visconde de Mauá" NOME-GRANDE-AREA-DO-CONHECIMENTO="CIENCIAS_EXATAS_E_DA_TERRA" NOME-DA-AREA-DO-CONHECIMENTO="Multidisciplinar" NOME-DA-SUB-AREA-DO-CONHECIMENTO="ELETROTÉCNICA" NOME-DA-ESPECIALIDADE="" NIVEL-CURSO="OT"/><INFORMACAO-ADICIONAL-CURSO CODIGO-CURSO="90000009" CODIGO-ORGAO="" NOME-ORGAO="" CODIGO-INSTITUICAO="020700000008" NOME-INSTITUICAO="Pontifícia Universidade Católica do Paraná" NOME-GRANDE-AREA-DO-CONHECIMENTO="ENGENHARIAS" NOME-DA-AREA-DO-CONHECIMENTO="Engenharia Elétrica" NOME-DA-SUB-AREA-DO-CONHECIMENTO="" NOME-DA-ESPECIALIDADE="" NIVEL-CURSO="APERFEICOAMENTO"/><INFORMACAO-ADICIONAL-CURSO CODIGO-CURSO="90000010" CODIGO-ORGAO="" NOME-ORGAO="" CODIGO-INSTITUICAO="011100000008" NOME-INSTITUICAO="Pontifícia Universidade Católica do Rio de Janeiro" NOME-GRANDE-AREA-DO-CONHECIMENTO="ENGENHARIAS" NOME-DA-AREA-DO-CONHECIMENTO="Engenharia Elétrica" NOME-DA-SUB-AREA-DO-CONHECIMENTO="GERENCIAMENTO DE PROJETOS" NOME-DA-ESPECIALIDADE="" NIVEL-CURSO="ESPECIALIZACAO"/></INFORMACOES-ADICIONAIS-CURSOS></DADOS-COMPLEMENTARES><eventos/><DADOS-GERAIS-COMPLEMENTO><DATA-VALIDACAO>1480968369000</DATA-VALIDACAO><DATA-ATUALIZACAO-CURRICULO>1480968369000</DATA-ATUALIZACAO-CURRICULO><EMAIL-ALTERNATIVO>prof.alexdelima@gmail.com</EMAIL-ALTERNATIVO><IDIOMA-CURRICULO>PT</IDIOMA-CURRICULO><VERSAO-INGLES>N</VERSAO-INGLES><VALIDADO-SRF>S</VALIDADO-SRF></DADOS-GERAIS-COMPLEMENTO></CURRICULO-VITAE>