<CURRICULO-VITAE SISTEMA-ORIGEM-XML="LATTES_OFFLINE" NUMERO-IDENTIFICADOR="5341944613219918" FORMATO-DATA-ATUALIZACAO="DDMMAAAA" DATA-ATUALIZACAO="20122016" FORMATO-HORA-ATUALIZACAO="HHMMSS" HORA-ATUALIZACAO="154033"><DADOS-GERAIS NOME-COMPLETO="Samuel Florensio Rodrigues Otaviano" NOME-EM-CITACOES-BIBLIOGRAFICAS="OTAVIANO, S. F. R.;OTAVIANO, SAMUEL" NACIONALIDADE="B" PAIS-DE-NASCIMENTO="Brasil" FORMATO-DATA-DE-NASCIMENTO="DDMMAAAA" FORMATO-DATA-DE-EMISSAO="DDMMAAAA" PERMISSAO-DE-DIVULGACAO="NAO" DATA-FALECIMENTO="" SIGLA-PAIS-NACIONALIDADE="BRA" PAIS-DE-NACIONALIDADE="Brasil"><RESUMO-CV TEXTO-RESUMO-CV-RH="Mestre em Design pela PUC-RJ (2015). Possui graduação em Desenho Industrial pela Universidade Estácio de Sá (2009), especialização (MBA) em design estratégico pela ESPM-RJ (2011) e formação técnica em programação Visual pelo SENAI/RJ de Artes Gráficas (2000). Ampla experiência no mercado de design com passagens por agências do Rio de Janeiro e de São Paulo. Tem interesse pelo aspecto interdisciplinar do design gráfico dentro da linha de pesquisa que engloba comunicação, cultura e artes." TEXTO-RESUMO-CV-RH-EN="Masters in Design at PUC-Rio (2015). Graduated in Industrial Design at University Estacio de Sa (2009), MBA in strategic design at ESPM-RJ (2011), visual programming diploma at Technical School SENAI/RJ Artes Gráficas (2000). Extensive experience in the design market in agencies from Rio de Janeiro and São Paulo. Interest in the interdisciplinary aspect of graphic design within a research that encompasses communication, culture and arts."/><ENDERECO FLAG-DE-PREFERENCIA="ENDERECO_RESIDENCIAL"><ENDERECO-PROFISSIONAL CODIGO-INSTITUICAO-EMPRESA="" NOME-INSTITUICAO-EMPRESA="" CODIGO-ORGAO="" NOME-ORGAO="" CODIGO-UNIDADE="" NOME-UNIDADE="" LOGRADOURO-COMPLEMENTO="" PAIS="" UF="" CEP="" CIDADE="" BAIRRO="" DDD="" TELEFONE="" RAMAL="" FAX="" E-MAIL="samuelotaviano@gmail.com" HOME-PAGE=""/></ENDERECO><FORMACAO-ACADEMICA-TITULACAO><GRADUACAO SEQUENCIA-FORMACAO="1" NIVEL="1" TITULO-DO-TRABALHO-DE-CONCLUSAO-DE-CURSO="Probjeto" NOME-DO-ORIENTADOR="Luciano Tardin" CODIGO-INSTITUICAO="294800000006" NOME-INSTITUICAO="Universidade Estácio de Sá" CODIGO-ORGAO="" NOME-ORGAO="" CODIGO-CURSO="60352582" NOME-CURSO="Desenho Industrial" CODIGO-AREA-CURSO="" STATUS-DO-CURSO="CONCLUIDO" ANO-DE-INICIO="2001" ANO-DE-CONCLUSAO="2009" FLAG-BOLSA="NAO" CODIGO-AGENCIA-FINANCIADORA="" NOME-AGENCIA="" NUMERO-ID-ORIENTADOR="" CODIGO-CURSO-CAPES="24579" TITULO-DO-TRABALHO-DE-CONCLUSAO-DE-CURSO-INGLES="" NOME-CURSO-INGLES="" FORMACAO-ACADEMICA-TITULACAO="" TIPO-GRADUACAO="N" CODIGO-INSTITUICAO-GRAD="" NOME-INSTITUICAO-GRAD="" CODIGO-INSTITUICAO-OUTRA-GRAD="" NOME-INSTITUICAO-OUTRA-GRAD="" NOME-ORIENTADOR-GRAD=""/><ESPECIALIZACAO SEQUENCIA-FORMACAO="6" NIVEL="2" TITULO-DA-MONOGRAFIA="PLANO DE NEGÓCIOS DIDAT: uma iniciativa de design estratégico para a educação" NOME-DO-ORIENTADOR="Paulo de Oliveira Reis Filho" CODIGO-INSTITUICAO="000100000991" NOME-INSTITUICAO="Escola Superior de Propaganda e Marketing" CODIGO-ORGAO="" NOME-ORGAO="" CODIGO-CURSO="90000003" NOME-CURSO="MBA em Design Estratégico" STATUS-DO-CURSO="CONCLUIDO" ANO-DE-INICIO="2010" ANO-DE-CONCLUSAO="2011" FLAG-BOLSA="NAO" CODIGO-AGENCIA-FINANCIADORA="" NOME-AGENCIA="" CARGA-HORARIA="360" TITULO-DA-MONOGRAFIA-INGLES="" NOME-CURSO-INGLES=""/><MESTRADO SEQUENCIA-FORMACAO="4" NIVEL="3" CODIGO-INSTITUICAO="011100000008" NOME-INSTITUICAO="Pontifícia Universidade Católica do Rio de Janeiro" CODIGO-ORGAO="" NOME-ORGAO="" CODIGO-CURSO="60003847" NOME-CURSO="Design" CODIGO-AREA-CURSO="61200000" STATUS-DO-CURSO="CONCLUIDO" ANO-DE-INICIO="2013" ANO-DE-CONCLUSAO="2015" FLAG-BOLSA="SIM" CODIGO-AGENCIA-FINANCIADORA="002200000000" NOME-AGENCIA="Conselho Nacional de Desenvolvimento Científico e Tecnológico" ANO-DE-OBTENCAO-DO-TITULO="2015" TITULO-DA-DISSERTACAO-TESE="Para além da dimensão verbal: as linguagens do signo tipográfico no design gráfico" NOME-COMPLETO-DO-ORIENTADOR="Vera Lúcia Moreira dos Santos Nojima" TIPO-MESTRADO="N" NUMERO-ID-ORIENTADOR="0417467366901642" CODIGO-CURSO-CAPES="31005012027P9" TITULO-DA-DISSERTACAO-TESE-INGLES="" NOME-CURSO-INGLES="Industrial Design" NOME-DO-CO-ORIENTADOR="Frederico Braida Rodrigues de Paula" CODIGO-INSTITUICAO-DOUT="" NOME-INSTITUICAO-DOUT="" CODIGO-INSTITUICAO-OUTRA-DOUT="" NOME-INSTITUICAO-OUTRA-DOUT="" NOME-ORIENTADOR-DOUT=""><PALAVRAS-CHAVE PALAVRA-CHAVE-1="design gráfico" PALAVRA-CHAVE-2="semiótica" PALAVRA-CHAVE-3="poesia concreta" PALAVRA-CHAVE-4="Bienais ADG" PALAVRA-CHAVE-5="" PALAVRA-CHAVE-6=""/><AREAS-DO-CONHECIMENTO><AREA-DO-CONHECIMENTO-1 NOME-GRANDE-AREA-DO-CONHECIMENTO="CIENCIAS_SOCIAIS_APLICADAS" NOME-DA-AREA-DO-CONHECIMENTO="" NOME-DA-SUB-AREA-DO-CONHECIMENTO="Programação Visual" NOME-DA-ESPECIALIDADE=""/></AREAS-DO-CONHECIMENTO><SETORES-DE-ATIVIDADE SETOR-DE-ATIVIDADE-1="Outras atividades profissionais, científicas e técnicas" SETOR-DE-ATIVIDADE-2="" SETOR-DE-ATIVIDADE-3=""/><conceitoCapes/></MESTRADO><CURSO-TECNICO-PROFISSIONALIZANTE SEQUENCIA-FORMACAO="5" NIVEL="7" CODIGO-INSTITUICAO="IV6N00000003" NOME-INSTITUICAO="SENAI - Departamento Regional do Rio de Janeiro" CODIGO-ORGAO="" NOME-ORGAO="" CODIGO-CURSO="" NOME-CURSO="" STATUS-DO-CURSO="CONCLUIDO" ANO-DE-INICIO="1999" ANO-DE-CONCLUSAO="2001" FLAG-BOLSA="NAO" CODIGO-AGENCIA-FINANCIADORA="" NOME-AGENCIA="" NOME-CURSO-INGLES=""/></FORMACAO-ACADEMICA-TITULACAO><ATUACOES-PROFISSIONAIS><ATUACAO-PROFISSIONAL CODIGO-INSTITUICAO="117700000004" NOME-INSTITUICAO="Universidade do Grande Rio" SEQUENCIA-ATIVIDADE="1" SEQUENCIA-IMPORTANCIA="3"><VINCULOS SEQUENCIA-HISTORICO="1" TIPO-DE-VINCULO="COLABORADOR" ENQUADRAMENTO-FUNCIONAL="LIVRE" CARGA-HORARIA-SEMANAL="24" FLAG-DEDICACAO-EXCLUSIVA="NAO" MES-INICIO="02" ANO-INICIO="2012" MES-FIM="03" ANO-FIM="2013" OUTRAS-INFORMACOES="" FLAG-VINCULO-EMPREGATICIO="SIM" OUTRO-VINCULO-INFORMADO="" OUTRO-ENQUADRAMENTO-FUNCIONAL-INFORMADO="Professor Colaborador" OUTRO-ENQUADRAMENTO-FUNCIONAL-INFORMADO-INGLES="" OUTRAS-INFORMACOES-INGLES=""/><atividadesProfissionaisPlanificadas/></ATUACAO-PROFISSIONAL><ATUACAO-PROFISSIONAL CODIGO-INSTITUICAO="000400000997" NOME-INSTITUICAO="Quadratta - Comunicação e Design" SEQUENCIA-ATIVIDADE="2" SEQUENCIA-IMPORTANCIA="4"><VINCULOS SEQUENCIA-HISTORICO="1" TIPO-DE-VINCULO="LIVRE" ENQUADRAMENTO-FUNCIONAL="LIVRE" CARGA-HORARIA-SEMANAL="40" FLAG-DEDICACAO-EXCLUSIVA="NAO" MES-INICIO="07" ANO-INICIO="2008" MES-FIM="03" ANO-FIM="2012" OUTRAS-INFORMACOES="" FLAG-VINCULO-EMPREGATICIO="NAO" OUTRO-VINCULO-INFORMADO="CLT" OUTRO-ENQUADRAMENTO-FUNCIONAL-INFORMADO="Designer Pleno" OUTRO-ENQUADRAMENTO-FUNCIONAL-INFORMADO-INGLES="" OUTRAS-INFORMACOES-INGLES=""/><atividadesProfissionaisPlanificadas/></ATUACAO-PROFISSIONAL><ATUACAO-PROFISSIONAL CODIGO-INSTITUICAO="985600085550" NOME-INSTITUICAO="Rede Globo de Televisão" SEQUENCIA-ATIVIDADE="3" SEQUENCIA-IMPORTANCIA="5"><VINCULOS SEQUENCIA-HISTORICO="1" TIPO-DE-VINCULO="LIVRE" ENQUADRAMENTO-FUNCIONAL="LIVRE" CARGA-HORARIA-SEMANAL="40" FLAG-DEDICACAO-EXCLUSIVA="NAO" MES-INICIO="03" ANO-INICIO="2008" MES-FIM="07" ANO-FIM="2008" OUTRAS-INFORMACOES="" FLAG-VINCULO-EMPREGATICIO="SIM" OUTRO-VINCULO-INFORMADO="Temporário" OUTRO-ENQUADRAMENTO-FUNCIONAL-INFORMADO="Designer" OUTRO-ENQUADRAMENTO-FUNCIONAL-INFORMADO-INGLES="" OUTRAS-INFORMACOES-INGLES=""/><atividadesProfissionaisPlanificadas/></ATUACAO-PROFISSIONAL><ATUACAO-PROFISSIONAL CODIGO-INSTITUICAO="J2WU00000009" NOME-INSTITUICAO="Granado Pharmácias - RJ" SEQUENCIA-ATIVIDADE="4" SEQUENCIA-IMPORTANCIA="6"><VINCULOS SEQUENCIA-HISTORICO="1" TIPO-DE-VINCULO="LIVRE" ENQUADRAMENTO-FUNCIONAL="LIVRE" CARGA-HORARIA-SEMANAL="40" FLAG-DEDICACAO-EXCLUSIVA="NAO" MES-INICIO="10" ANO-INICIO="2007" MES-FIM="03" ANO-FIM="2008" OUTRAS-INFORMACOES="" FLAG-VINCULO-EMPREGATICIO="NAO" OUTRO-VINCULO-INFORMADO="CLT" OUTRO-ENQUADRAMENTO-FUNCIONAL-INFORMADO="Assistente de Arte" OUTRO-ENQUADRAMENTO-FUNCIONAL-INFORMADO-INGLES="" OUTRAS-INFORMACOES-INGLES=""/><atividadesProfissionaisPlanificadas/></ATUACAO-PROFISSIONAL><ATUACAO-PROFISSIONAL CODIGO-INSTITUICAO="000600000990" NOME-INSTITUICAO="Len Design" SEQUENCIA-ATIVIDADE="6" SEQUENCIA-IMPORTANCIA="8"><VINCULOS SEQUENCIA-HISTORICO="1" TIPO-DE-VINCULO="LIVRE" ENQUADRAMENTO-FUNCIONAL="LIVRE" CARGA-HORARIA-SEMANAL="40" FLAG-DEDICACAO-EXCLUSIVA="NAO" MES-INICIO="05" ANO-INICIO="2006" MES-FIM="09" ANO-FIM="2006" OUTRAS-INFORMACOES="" FLAG-VINCULO-EMPREGATICIO="NAO" OUTRO-VINCULO-INFORMADO="CLT" OUTRO-ENQUADRAMENTO-FUNCIONAL-INFORMADO="Designer Júnior" OUTRO-ENQUADRAMENTO-FUNCIONAL-INFORMADO-INGLES="" OUTRAS-INFORMACOES-INGLES=""/><atividadesProfissionaisPlanificadas/></ATUACAO-PROFISSIONAL><ATUACAO-PROFISSIONAL CODIGO-INSTITUICAO="000700000992" NOME-INSTITUICAO="Oz Design" SEQUENCIA-ATIVIDADE="7" SEQUENCIA-IMPORTANCIA="7"><VINCULOS SEQUENCIA-HISTORICO="1" TIPO-DE-VINCULO="LIVRE" ENQUADRAMENTO-FUNCIONAL="LIVRE" CARGA-HORARIA-SEMANAL="40" FLAG-DEDICACAO-EXCLUSIVA="NAO" MES-INICIO="09" ANO-INICIO="2006" MES-FIM="08" ANO-FIM="2007" OUTRAS-INFORMACOES="" FLAG-VINCULO-EMPREGATICIO="SIM" OUTRO-VINCULO-INFORMADO="Prestador de Serviços" OUTRO-ENQUADRAMENTO-FUNCIONAL-INFORMADO="Designer" OUTRO-ENQUADRAMENTO-FUNCIONAL-INFORMADO-INGLES="" OUTRAS-INFORMACOES-INGLES=""/><atividadesProfissionaisPlanificadas/></ATUACAO-PROFISSIONAL><ATUACAO-PROFISSIONAL CODIGO-INSTITUICAO="294800000006" NOME-INSTITUICAO="Universidade Estácio de Sá" SEQUENCIA-ATIVIDADE="8" SEQUENCIA-IMPORTANCIA="9"><VINCULOS SEQUENCIA-HISTORICO="1" TIPO-DE-VINCULO="LIVRE" ENQUADRAMENTO-FUNCIONAL="LIVRE" CARGA-HORARIA-SEMANAL="40" FLAG-DEDICACAO-EXCLUSIVA="NAO" MES-INICIO="07" ANO-INICIO="2002" MES-FIM="05" ANO-FIM="2006" OUTRAS-INFORMACOES="Departamento de Divulgação e Escritório Modelo Integrado" FLAG-VINCULO-EMPREGATICIO="NAO" OUTRO-VINCULO-INFORMADO="CLT" OUTRO-ENQUADRAMENTO-FUNCIONAL-INFORMADO="Designer" OUTRO-ENQUADRAMENTO-FUNCIONAL-INFORMADO-INGLES="" OUTRAS-INFORMACOES-INGLES=""/><atividadesProfissionaisPlanificadas/></ATUACAO-PROFISSIONAL><ATUACAO-PROFISSIONAL CODIGO-INSTITUICAO="201900000008" NOME-INSTITUICAO="Centro Universitário Augusto Motta" SEQUENCIA-ATIVIDADE="9" SEQUENCIA-IMPORTANCIA="1"><VINCULOS SEQUENCIA-HISTORICO="1" TIPO-DE-VINCULO="CELETISTA" ENQUADRAMENTO-FUNCIONAL="LIVRE" CARGA-HORARIA-SEMANAL="24" FLAG-DEDICACAO-EXCLUSIVA="NAO" MES-INICIO="02" ANO-INICIO="2015" MES-FIM="" ANO-FIM="" OUTRAS-INFORMACOES="" FLAG-VINCULO-EMPREGATICIO="NAO" OUTRO-VINCULO-INFORMADO="" OUTRO-ENQUADRAMENTO-FUNCIONAL-INFORMADO="Professor Auxiliar" OUTRO-ENQUADRAMENTO-FUNCIONAL-INFORMADO-INGLES="" OUTRAS-INFORMACOES-INGLES=""/><atividadesProfissionaisPlanificadas/></ATUACAO-PROFISSIONAL><ATUACAO-PROFISSIONAL CODIGO-INSTITUICAO="IV6N00000003" NOME-INSTITUICAO="SENAI - Departamento Regional do Rio de Janeiro" SEQUENCIA-ATIVIDADE="10" SEQUENCIA-IMPORTANCIA="2"><VINCULOS SEQUENCIA-HISTORICO="1" TIPO-DE-VINCULO="CELETISTA" ENQUADRAMENTO-FUNCIONAL="LIVRE" CARGA-HORARIA-SEMANAL="20" FLAG-DEDICACAO-EXCLUSIVA="NAO" MES-INICIO="06" ANO-INICIO="2016" MES-FIM="12" ANO-FIM="2016" OUTRAS-INFORMACOES="Professor dos cursos de comunicação visual e design multimídia" FLAG-VINCULO-EMPREGATICIO="NAO" OUTRO-VINCULO-INFORMADO="" OUTRO-ENQUADRAMENTO-FUNCIONAL-INFORMADO="Instrutor" OUTRO-ENQUADRAMENTO-FUNCIONAL-INFORMADO-INGLES="" OUTRAS-INFORMACOES-INGLES=""/><atividadesProfissionaisPlanificadas/></ATUACAO-PROFISSIONAL></ATUACOES-PROFISSIONAIS><AREAS-DE-ATUACAO><AREA-DE-ATUACAO SEQUENCIA-AREA-DE-ATUACAO="1" NOME-GRANDE-AREA-DO-CONHECIMENTO="CIENCIAS_SOCIAIS_APLICADAS" NOME-DA-AREA-DO-CONHECIMENTO="Desenho Industrial" NOME-DA-SUB-AREA-DO-CONHECIMENTO="Programação Visual" NOME-DA-ESPECIALIDADE=""/></AREAS-DE-ATUACAO><IDIOMAS><IDIOMA IDIOMA="EN" DESCRICAO-DO-IDIOMA="Inglês" PROFICIENCIA-DE-LEITURA="BEM" PROFICIENCIA-DE-FALA="BEM" PROFICIENCIA-DE-ESCRITA="BEM" PROFICIENCIA-DE-COMPREENSAO="BEM"/><IDIOMA IDIOMA="ES" DESCRICAO-DO-IDIOMA="Espanhol" PROFICIENCIA-DE-LEITURA="RAZOAVELMENTE" PROFICIENCIA-DE-FALA="POUCO" PROFICIENCIA-DE-ESCRITA="POUCO" PROFICIENCIA-DE-COMPREENSAO="RAZOAVELMENTE"/><IDIOMA IDIOMA="FR" DESCRICAO-DO-IDIOMA="Francês" PROFICIENCIA-DE-LEITURA="RAZOAVELMENTE" PROFICIENCIA-DE-FALA="POUCO" PROFICIENCIA-DE-ESCRITA="POUCO" PROFICIENCIA-DE-COMPREENSAO="POUCO"/></IDIOMAS><staValidado/><dataExibicao/><dadosBolsista/></DADOS-GERAIS><PRODUCAO-BIBLIOGRAFICA><TRABALHOS-EM-EVENTOS><TRABALHO-EM-EVENTOS SEQUENCIA-PRODUCAO="16"><DADOS-BASICOS-DO-TRABALHO NATUREZA="COMPLETO" TITULO-DO-TRABALHO="TRADUÇÃO INTERSEMIÓTICA COMO UM PROCESSO CRIATIVO EM DESIGN: UMA ANÁLISE DO CARTAZ-POEMA BATMAKUMBA" ANO-DO-TRABALHO="2014" PAIS-DO-EVENTO="Brasil" IDIOMA="Português" MEIO-DE-DIVULGACAO="MEIO_DIGITAL" HOME-PAGE-DO-TRABALHO="[http://www.proceedings.blucher.com.br/article-details/12719]" FLAG-RELEVANCIA="SIM" DOI="10.5151/designpro-ped-00301" TITULO-DO-TRABALHO-INGLES="TRADUÇÃO INTERSEMIÓTICA COMO UM PROCESSO CRIATIVO EM DESIGN: UMA ANÁLISE DO CARTAZ-POEMA BATMAKUMBA" FLAG-DIVULGACAO-CIENTIFICA="SIM"/><DETALHAMENTO-DO-TRABALHO CLASSIFICACAO-DO-EVENTO="NAO_INFORMADO" NOME-DO-EVENTO="11º Congresso Brasileiro de Pesquisa e Desenvolvimento em Design" CIDADE-DO-EVENTO="Gramado" ANO-DE-REALIZACAO="2014" TITULO-DOS-ANAIS-OU-PROCEEDINGS="Anais do 11º Congresso Brasileiro de Pesquisa e Desenvolvimento em Design" VOLUME="" FASCICULO="" SERIE="" PAGINA-INICIAL="1078" PAGINA-FINAL="1089" ISBN="" NOME-DA-EDITORA="" CIDADE-DA-EDITORA="" NOME-DO-EVENTO-INGLES=""/><AUTORES NOME-COMPLETO-DO-AUTOR="Samuel Florensio Rodrigues Otaviano" NOME-PARA-CITACAO="OTAVIANO, SAMUEL" ORDEM-DE-AUTORIA="1" NRO-ID-CNPQ=""/><AUTORES NOME-COMPLETO-DO-AUTOR="NOJIMA, VERA LUCIA MOREIRA DOS SANTOS" NOME-PARA-CITACAO="NOJIMA, VERA LUCIA MOREIRA DOS SANTOS" ORDEM-DE-AUTORIA="2" NRO-ID-CNPQ=""/><AUTORES NOME-COMPLETO-DO-AUTOR="PAULA, FREDERICO" NOME-PARA-CITACAO="PAULA, FREDERICO" ORDEM-DE-AUTORIA="3" NRO-ID-CNPQ=""/><AREAS-DO-CONHECIMENTO><AREA-DO-CONHECIMENTO-1 NOME-GRANDE-AREA-DO-CONHECIMENTO="CIENCIAS_SOCIAIS_APLICADAS" NOME-DA-AREA-DO-CONHECIMENTO="" NOME-DA-SUB-AREA-DO-CONHECIMENTO="Programação Visual" NOME-DA-ESPECIALIDADE=""/></AREAS-DO-CONHECIMENTO></TRABALHO-EM-EVENTOS></TRABALHOS-EM-EVENTOS></PRODUCAO-BIBLIOGRAFICA><PRODUCAO-TECNICA><TRABALHO-TECNICO SEQUENCIA-PRODUCAO="1"><DADOS-BASICOS-DO-TRABALHO-TECNICO NATUREZA="ELABORACAO_DE_PROJETO" TITULO-DO-TRABALHO-TECNICO="Kit de apresentação do projeto de figurino da minissérie - Queridos Amigos" ANO="2008" PAIS="Brasil" MEIO-DE-DIVULGACAO="IMPRESSO" HOME-PAGE-DO-TRABALHO="" IDIOMA="Português" FLAG-RELEVANCIA="NAO" DOI="" TITULO-DO-TRABALHO-TECNICO-INGLES=""/><DETALHAMENTO-DO-TRABALHO-TECNICO FINALIDADE="" DURACAO-EM-MESES="" NUMERO-DE-PAGINAS="" DISPONIBILIDADE="NAO_INFORMADO" INSTITUICAO-FINANCIADORA="" CIDADE-DO-TRABALHO="" FINALIDADE-INGLES=""/><AUTORES NOME-COMPLETO-DO-AUTOR="Gogóia Sampaio" NOME-PARA-CITACAO="SAMPAIO, G." ORDEM-DE-AUTORIA="1" NRO-ID-CNPQ=""/><AUTORES NOME-COMPLETO-DO-AUTOR="Samuel Florensio Rodrigues Otaviano" NOME-PARA-CITACAO="OTAVIANO, S. F. R.;OTAVIANO, SAMUEL" ORDEM-DE-AUTORIA="2" NRO-ID-CNPQ="5341944613219918"/></TRABALHO-TECNICO><TRABALHO-TECNICO SEQUENCIA-PRODUCAO="2"><DADOS-BASICOS-DO-TRABALHO-TECNICO NATUREZA="ELABORACAO_DE_PROJETO" TITULO-DO-TRABALHO-TECNICO="Embalagem Cookies Viva" ANO="2007" PAIS="Brasil" MEIO-DE-DIVULGACAO="IMPRESSO" HOME-PAGE-DO-TRABALHO="" IDIOMA="Português" FLAG-RELEVANCIA="NAO" DOI="" TITULO-DO-TRABALHO-TECNICO-INGLES=""/><DETALHAMENTO-DO-TRABALHO-TECNICO FINALIDADE="" DURACAO-EM-MESES="" NUMERO-DE-PAGINAS="" DISPONIBILIDADE="NAO_INFORMADO" INSTITUICAO-FINANCIADORA="" CIDADE-DO-TRABALHO="" FINALIDADE-INGLES=""/><AUTORES NOME-COMPLETO-DO-AUTOR="Ronald Kapaz" NOME-PARA-CITACAO="KAPAZ, R." ORDEM-DE-AUTORIA="1" NRO-ID-CNPQ=""/><AUTORES NOME-COMPLETO-DO-AUTOR="Samuel Florensio Rodrigues Otaviano" NOME-PARA-CITACAO="OTAVIANO, S. F. R.;OTAVIANO, SAMUEL" ORDEM-DE-AUTORIA="2" NRO-ID-CNPQ="5341944613219918"/></TRABALHO-TECNICO><TRABALHO-TECNICO SEQUENCIA-PRODUCAO="4"><DADOS-BASICOS-DO-TRABALHO-TECNICO NATUREZA="ELABORACAO_DE_PROJETO" TITULO-DO-TRABALHO-TECNICO="Cartaz para o Dia Mundial de Luta Contra AIDS - Conselho Regional de Farmácia - RJ" ANO="2010" PAIS="Brasil" MEIO-DE-DIVULGACAO="IMPRESSO" HOME-PAGE-DO-TRABALHO="" IDIOMA="Português" FLAG-RELEVANCIA="NAO" DOI="" TITULO-DO-TRABALHO-TECNICO-INGLES=""/><DETALHAMENTO-DO-TRABALHO-TECNICO FINALIDADE="" DURACAO-EM-MESES="" NUMERO-DE-PAGINAS="" DISPONIBILIDADE="NAO_INFORMADO" INSTITUICAO-FINANCIADORA="" CIDADE-DO-TRABALHO="" FINALIDADE-INGLES=""/><AUTORES NOME-COMPLETO-DO-AUTOR="Marcelo Padilha" NOME-PARA-CITACAO="PADILHA, M." ORDEM-DE-AUTORIA="1" NRO-ID-CNPQ=""/><AUTORES NOME-COMPLETO-DO-AUTOR="Samuel Florensio Rodrigues Otaviano" NOME-PARA-CITACAO="OTAVIANO, S. F. R.;OTAVIANO, SAMUEL" ORDEM-DE-AUTORIA="2" NRO-ID-CNPQ="5341944613219918"/></TRABALHO-TECNICO><TRABALHO-TECNICO SEQUENCIA-PRODUCAO="5"><DADOS-BASICOS-DO-TRABALHO-TECNICO NATUREZA="ELABORACAO_DE_PROJETO" TITULO-DO-TRABALHO-TECNICO="Material gráfico As Quatro Estações Cariocas" ANO="2011" PAIS="Brasil" MEIO-DE-DIVULGACAO="IMPRESSO" HOME-PAGE-DO-TRABALHO="" IDIOMA="Português" FLAG-RELEVANCIA="NAO" DOI="" TITULO-DO-TRABALHO-TECNICO-INGLES=""/><DETALHAMENTO-DO-TRABALHO-TECNICO FINALIDADE="" DURACAO-EM-MESES="" NUMERO-DE-PAGINAS="" DISPONIBILIDADE="NAO_INFORMADO" INSTITUICAO-FINANCIADORA="" CIDADE-DO-TRABALHO="" FINALIDADE-INGLES=""/><AUTORES NOME-COMPLETO-DO-AUTOR="Octávio Prado" NOME-PARA-CITACAO="PRADO, O." ORDEM-DE-AUTORIA="1" NRO-ID-CNPQ=""/><AUTORES NOME-COMPLETO-DO-AUTOR="Samuel Florensio Rodrigues Otaviano" NOME-PARA-CITACAO="OTAVIANO, S. F. R.;OTAVIANO, SAMUEL" ORDEM-DE-AUTORIA="2" NRO-ID-CNPQ="5341944613219918"/></TRABALHO-TECNICO><TRABALHO-TECNICO SEQUENCIA-PRODUCAO="6"><DADOS-BASICOS-DO-TRABALHO-TECNICO NATUREZA="ELABORACAO_DE_PROJETO" TITULO-DO-TRABALHO-TECNICO="Identidade Visual TV O Boticário" ANO="2006" PAIS="Brasil" MEIO-DE-DIVULGACAO="IMPRESSO" HOME-PAGE-DO-TRABALHO="" IDIOMA="Português" FLAG-RELEVANCIA="NAO" DOI="" TITULO-DO-TRABALHO-TECNICO-INGLES=""/><DETALHAMENTO-DO-TRABALHO-TECNICO FINALIDADE="" DURACAO-EM-MESES="" NUMERO-DE-PAGINAS="" DISPONIBILIDADE="NAO_INFORMADO" INSTITUICAO-FINANCIADORA="" CIDADE-DO-TRABALHO="" FINALIDADE-INGLES=""/><AUTORES NOME-COMPLETO-DO-AUTOR="Ronald Kapaz" NOME-PARA-CITACAO="KAPAZ, R." ORDEM-DE-AUTORIA="1" NRO-ID-CNPQ=""/><AUTORES NOME-COMPLETO-DO-AUTOR="Samuel Florensio Rodrigues Otaviano" NOME-PARA-CITACAO="OTAVIANO, S. F. R.;OTAVIANO, SAMUEL" ORDEM-DE-AUTORIA="2" NRO-ID-CNPQ="5341944613219918"/></TRABALHO-TECNICO><TRABALHO-TECNICO SEQUENCIA-PRODUCAO="7"><DADOS-BASICOS-DO-TRABALHO-TECNICO NATUREZA="ELABORACAO_DE_PROJETO" TITULO-DO-TRABALHO-TECNICO="Campanha P&amp;amp;D Light" ANO="2009" PAIS="Brasil" MEIO-DE-DIVULGACAO="IMPRESSO" HOME-PAGE-DO-TRABALHO="" IDIOMA="Português" FLAG-RELEVANCIA="NAO" DOI="" TITULO-DO-TRABALHO-TECNICO-INGLES=""/><DETALHAMENTO-DO-TRABALHO-TECNICO FINALIDADE="" DURACAO-EM-MESES="" NUMERO-DE-PAGINAS="" DISPONIBILIDADE="NAO_INFORMADO" INSTITUICAO-FINANCIADORA="" CIDADE-DO-TRABALHO="" FINALIDADE-INGLES=""/><AUTORES NOME-COMPLETO-DO-AUTOR="Marcelo Padilha" NOME-PARA-CITACAO="PADILHA, M." ORDEM-DE-AUTORIA="1" NRO-ID-CNPQ=""/><AUTORES NOME-COMPLETO-DO-AUTOR="Samuel Florensio Rodrigues Otaviano" NOME-PARA-CITACAO="OTAVIANO, S. F. R.;OTAVIANO, SAMUEL" ORDEM-DE-AUTORIA="2" NRO-ID-CNPQ="5341944613219918"/></TRABALHO-TECNICO><TRABALHO-TECNICO SEQUENCIA-PRODUCAO="8"><DADOS-BASICOS-DO-TRABALHO-TECNICO NATUREZA="ELABORACAO_DE_PROJETO" TITULO-DO-TRABALHO-TECNICO="Material comemorativo Estub - 40 anos" ANO="2009" PAIS="Brasil" MEIO-DE-DIVULGACAO="NAO_INFORMADO" HOME-PAGE-DO-TRABALHO="" IDIOMA="Português" FLAG-RELEVANCIA="NAO" DOI="" TITULO-DO-TRABALHO-TECNICO-INGLES=""/><DETALHAMENTO-DO-TRABALHO-TECNICO FINALIDADE="" DURACAO-EM-MESES="" NUMERO-DE-PAGINAS="" DISPONIBILIDADE="NAO_INFORMADO" INSTITUICAO-FINANCIADORA="" CIDADE-DO-TRABALHO="" FINALIDADE-INGLES=""/><AUTORES NOME-COMPLETO-DO-AUTOR="Marcelo Padilha" NOME-PARA-CITACAO="PADILHA, M." ORDEM-DE-AUTORIA="1" NRO-ID-CNPQ=""/><AUTORES NOME-COMPLETO-DO-AUTOR="Samuel Florensio Rodrigues Otaviano" NOME-PARA-CITACAO="OTAVIANO, S. F. R.;OTAVIANO, SAMUEL" ORDEM-DE-AUTORIA="2" NRO-ID-CNPQ="5341944613219918"/></TRABALHO-TECNICO><TRABALHO-TECNICO SEQUENCIA-PRODUCAO="3"><DADOS-BASICOS-DO-TRABALHO-TECNICO NATUREZA="ELABORACAO_DE_PROJETO" TITULO-DO-TRABALHO-TECNICO="Kit Sabonete Imperial Granado" ANO="2008" PAIS="Brasil" MEIO-DE-DIVULGACAO="IMPRESSO" HOME-PAGE-DO-TRABALHO="" IDIOMA="Português" FLAG-RELEVANCIA="NAO" DOI="" TITULO-DO-TRABALHO-TECNICO-INGLES=""/><DETALHAMENTO-DO-TRABALHO-TECNICO FINALIDADE="" DURACAO-EM-MESES="" NUMERO-DE-PAGINAS="" DISPONIBILIDADE="NAO_INFORMADO" INSTITUICAO-FINANCIADORA="" CIDADE-DO-TRABALHO="" FINALIDADE-INGLES=""/><AUTORES NOME-COMPLETO-DO-AUTOR="Eduardo Itajahy" NOME-PARA-CITACAO="ITAJAHY, E." ORDEM-DE-AUTORIA="1" NRO-ID-CNPQ=""/><AUTORES NOME-COMPLETO-DO-AUTOR="Samuel Florensio Rodrigues Otaviano" NOME-PARA-CITACAO="OTAVIANO, S. F. R.;OTAVIANO, SAMUEL" ORDEM-DE-AUTORIA="2" NRO-ID-CNPQ="5341944613219918"/></TRABALHO-TECNICO><DEMAIS-TIPOS-DE-PRODUCAO-TECNICA><APRESENTACAO-DE-TRABALHO SEQUENCIA-PRODUCAO="9"><DADOS-BASICOS-DA-APRESENTACAO-DE-TRABALHO NATUREZA="CONFERENCIA" TITULO="O Papel Social do Design" ANO="2012" PAIS="Brasil" IDIOMA="Português" FLAG-RELEVANCIA="NAO" DOI="" TITULO-INGLES="" FLAG-DIVULGACAO-CIENTIFICA="NAO"/><DETALHAMENTO-DA-APRESENTACAO-DE-TRABALHO NOME-DO-EVENTO="Semana de Comunicação da Escola de Comunicação Social" INSTITUICAO-PROMOTORA="Universidade do Grande Rio" LOCAL-DA-APRESENTACAO="" CIDADE-DA-APRESENTACAO="RIO DE JANEIRO" NOME-DO-EVENTO-INGLES=""/><AUTORES NOME-COMPLETO-DO-AUTOR="Samuel Florensio Rodrigues Otaviano" NOME-PARA-CITACAO="OTAVIANO, S. F. R.;OTAVIANO, SAMUEL" ORDEM-DE-AUTORIA="1" NRO-ID-CNPQ="5341944613219918"/></APRESENTACAO-DE-TRABALHO></DEMAIS-TIPOS-DE-PRODUCAO-TECNICA></PRODUCAO-TECNICA><DADOS-COMPLEMENTARES><PARTICIPACAO-EM-EVENTOS-CONGRESSOS><PARTICIPACAO-EM-CONGRESSO SEQUENCIA-PRODUCAO="17"><PARTICIPANTE-DE-EVENTOS-CONGRESSOS NOME-COMPLETO-DO-PARTICIPANTE-DE-EVENTOS-CONGRESSOS="Samuel Florensio Rodrigues Otaviano" NOME-PARA-CITACAO-DO-PARTICIPANTE-DE-EVENTOS-CONGRESSOS="OTAVIANO, S. F. R.;OTAVIANO, SAMUEL" ORDEM-PARTICIPANTE="1" NRO-ID-CNPQ="5341944613219918"/><DADOS-BASICOS-DA-PARTICIPACAO-EM-CONGRESSO NATUREZA="Congresso" TITULO="TRADUÇÃO INTERSEMIÓTICA COMO UM PROCESSO CRIATIVO EM DESIGN: UMA ANÁLISE DO CARTAZ-POEMA BATMAKUMBA" ANO="2014" PAIS="Brasil" IDIOMA="" MEIO-DE-DIVULGACAO="NAO_INFORMADO" HOME-PAGE-DO-TRABALHO="http://www.proceedings.blucher.com.br/article-details/12719" FLAG-RELEVANCIA="NAO" TIPO-PARTICIPACAO="Apresentação oral" FORMA-PARTICIPACAO="Participante" DOI="" TITULO-INGLES="TRADUÇÃO INTERSEMIÓTICA COMO UM PROCESSO CRIATIVO EM DESIGN: UMA ANÁLISE DO CARTAZ-POEMA BATMAKUMBA" FLAG-DIVULGACAO-CIENTIFICA="SIM"/><DETALHAMENTO-DA-PARTICIPACAO-EM-CONGRESSO NOME-DO-EVENTO="11º Congresso Brasileiro de Pesquisa e Desenvolvimento em Design" CODIGO-INSTITUICAO="" NOME-INSTITUICAO="" LOCAL-DO-EVENTO="" CIDADE-DO-EVENTO="Gramado" NOME-DO-EVENTO-INGLES=""/></PARTICIPACAO-EM-CONGRESSO><PARTICIPACAO-EM-ENCONTRO SEQUENCIA-PRODUCAO="10"><PARTICIPANTE-DE-EVENTOS-CONGRESSOS NOME-COMPLETO-DO-PARTICIPANTE-DE-EVENTOS-CONGRESSOS="Samuel Florensio Rodrigues Otaviano" NOME-PARA-CITACAO-DO-PARTICIPANTE-DE-EVENTOS-CONGRESSOS="OTAVIANO, S. F. R.;OTAVIANO, SAMUEL" ORDEM-PARTICIPANTE="1" NRO-ID-CNPQ="5341944613219918"/><DADOS-BASICOS-DA-PARTICIPACAO-EM-ENCONTRO NATUREZA="Encontro" TITULO="" ANO="2007" PAIS="Brasil" IDIOMA="" MEIO-DE-DIVULGACAO="NAO_INFORMADO" HOME-PAGE-DO-TRABALHO="" FLAG-RELEVANCIA="NAO" TIPO-PARTICIPACAO="" FORMA-PARTICIPACAO="Ouvinte" DOI="" TITULO-INGLES="" FLAG-DIVULGACAO-CIENTIFICA="NAO"/><DETALHAMENTO-DA-PARTICIPACAO-EM-ENCONTRO NOME-DO-EVENTO="17º Ndesign" CODIGO-INSTITUICAO="" NOME-INSTITUICAO="" LOCAL-DO-EVENTO="" CIDADE-DO-EVENTO="Florianópolis" NOME-DO-EVENTO-INGLES=""/></PARTICIPACAO-EM-ENCONTRO><PARTICIPACAO-EM-ENCONTRO SEQUENCIA-PRODUCAO="15"><PARTICIPANTE-DE-EVENTOS-CONGRESSOS NOME-COMPLETO-DO-PARTICIPANTE-DE-EVENTOS-CONGRESSOS="Samuel Florensio Rodrigues Otaviano" NOME-PARA-CITACAO-DO-PARTICIPANTE-DE-EVENTOS-CONGRESSOS="OTAVIANO, S. F. R.;OTAVIANO, SAMUEL" ORDEM-PARTICIPANTE="1" NRO-ID-CNPQ="5341944613219918"/><DADOS-BASICOS-DA-PARTICIPACAO-EM-ENCONTRO NATUREZA="Encontro" TITULO="" ANO="2004" PAIS="Brasil" IDIOMA="" MEIO-DE-DIVULGACAO="NAO_INFORMADO" HOME-PAGE-DO-TRABALHO="" FLAG-RELEVANCIA="NAO" TIPO-PARTICIPACAO="" FORMA-PARTICIPACAO="Ouvinte" DOI="" TITULO-INGLES="" FLAG-DIVULGACAO-CIENTIFICA="NAO"/><DETALHAMENTO-DA-PARTICIPACAO-EM-ENCONTRO NOME-DO-EVENTO="Icograda Design Week SP" CODIGO-INSTITUICAO="" NOME-INSTITUICAO="" LOCAL-DO-EVENTO="" CIDADE-DO-EVENTO="São Paulo" NOME-DO-EVENTO-INGLES=""/></PARTICIPACAO-EM-ENCONTRO><OUTRAS-PARTICIPACOES-EM-EVENTOS-CONGRESSOS SEQUENCIA-PRODUCAO="11"><PARTICIPANTE-DE-EVENTOS-CONGRESSOS NOME-COMPLETO-DO-PARTICIPANTE-DE-EVENTOS-CONGRESSOS="Samuel Florensio Rodrigues Otaviano" NOME-PARA-CITACAO-DO-PARTICIPANTE-DE-EVENTOS-CONGRESSOS="OTAVIANO, S. F. R.;OTAVIANO, SAMUEL" ORDEM-PARTICIPANTE="1" NRO-ID-CNPQ="5341944613219918"/><DADOS-BASICOS-DE-OUTRAS-PARTICIPACOES-EM-EVENTOS-CONGRESSOS NATUREZA="Outra" TITULO="" ANO="2000" PAIS="Brasil" IDIOMA="" MEIO-DE-DIVULGACAO="NAO_INFORMADO" HOME-PAGE-DO-TRABALHO="" FLAG-RELEVANCIA="NAO" TIPO-PARTICIPACAO="" FORMA-PARTICIPACAO="Ouvinte" DOI="" TITULO-INGLES="" FLAG-DIVULGACAO-CIENTIFICA="NAO"/><DETALHAMENTO-DE-OUTRAS-PARTICIPACOES-EM-EVENTOS-CONGRESSOS NOME-DO-EVENTO="5 Bienal da ADG" CODIGO-INSTITUICAO="" NOME-INSTITUICAO="" LOCAL-DO-EVENTO="" CIDADE-DO-EVENTO="São Paulo" NOME-DO-EVENTO-INGLES=""/></OUTRAS-PARTICIPACOES-EM-EVENTOS-CONGRESSOS><OUTRAS-PARTICIPACOES-EM-EVENTOS-CONGRESSOS SEQUENCIA-PRODUCAO="13"><PARTICIPANTE-DE-EVENTOS-CONGRESSOS NOME-COMPLETO-DO-PARTICIPANTE-DE-EVENTOS-CONGRESSOS="Samuel Florensio Rodrigues Otaviano" NOME-PARA-CITACAO-DO-PARTICIPANTE-DE-EVENTOS-CONGRESSOS="OTAVIANO, S. F. R.;OTAVIANO, SAMUEL" ORDEM-PARTICIPANTE="1" NRO-ID-CNPQ="5341944613219918"/><DADOS-BASICOS-DE-OUTRAS-PARTICIPACOES-EM-EVENTOS-CONGRESSOS NATUREZA="Outra" TITULO="" ANO="2004" PAIS="Brasil" IDIOMA="" MEIO-DE-DIVULGACAO="NAO_INFORMADO" HOME-PAGE-DO-TRABALHO="" FLAG-RELEVANCIA="NAO" TIPO-PARTICIPACAO="" FORMA-PARTICIPACAO="Ouvinte" DOI="" TITULO-INGLES="" FLAG-DIVULGACAO-CIENTIFICA="NAO"/><DETALHAMENTO-DE-OUTRAS-PARTICIPACOES-EM-EVENTOS-CONGRESSOS NOME-DO-EVENTO="7 Bienal da ADG" CODIGO-INSTITUICAO="" NOME-INSTITUICAO="" LOCAL-DO-EVENTO="" CIDADE-DO-EVENTO="São Paulo" NOME-DO-EVENTO-INGLES=""/></OUTRAS-PARTICIPACOES-EM-EVENTOS-CONGRESSOS><OUTRAS-PARTICIPACOES-EM-EVENTOS-CONGRESSOS SEQUENCIA-PRODUCAO="14"><PARTICIPANTE-DE-EVENTOS-CONGRESSOS NOME-COMPLETO-DO-PARTICIPANTE-DE-EVENTOS-CONGRESSOS="Samuel Florensio Rodrigues Otaviano" NOME-PARA-CITACAO-DO-PARTICIPANTE-DE-EVENTOS-CONGRESSOS="OTAVIANO, S. F. R.;OTAVIANO, SAMUEL" ORDEM-PARTICIPANTE="1" NRO-ID-CNPQ="5341944613219918"/><DADOS-BASICOS-DE-OUTRAS-PARTICIPACOES-EM-EVENTOS-CONGRESSOS NATUREZA="Outra" TITULO="" ANO="2006" PAIS="Brasil" IDIOMA="" MEIO-DE-DIVULGACAO="NAO_INFORMADO" HOME-PAGE-DO-TRABALHO="" FLAG-RELEVANCIA="NAO" TIPO-PARTICIPACAO="" FORMA-PARTICIPACAO="Ouvinte" DOI="" TITULO-INGLES="" FLAG-DIVULGACAO-CIENTIFICA="NAO"/><DETALHAMENTO-DE-OUTRAS-PARTICIPACOES-EM-EVENTOS-CONGRESSOS NOME-DO-EVENTO="8 Bienal da ADG" CODIGO-INSTITUICAO="" NOME-INSTITUICAO="" LOCAL-DO-EVENTO="" CIDADE-DO-EVENTO="São Paulo" NOME-DO-EVENTO-INGLES=""/></OUTRAS-PARTICIPACOES-EM-EVENTOS-CONGRESSOS><OUTRAS-PARTICIPACOES-EM-EVENTOS-CONGRESSOS SEQUENCIA-PRODUCAO="12"><PARTICIPANTE-DE-EVENTOS-CONGRESSOS NOME-COMPLETO-DO-PARTICIPANTE-DE-EVENTOS-CONGRESSOS="Samuel Florensio Rodrigues Otaviano" NOME-PARA-CITACAO-DO-PARTICIPANTE-DE-EVENTOS-CONGRESSOS="OTAVIANO, S. F. R.;OTAVIANO, SAMUEL" ORDEM-PARTICIPANTE="1" NRO-ID-CNPQ="5341944613219918"/><DADOS-BASICOS-DE-OUTRAS-PARTICIPACOES-EM-EVENTOS-CONGRESSOS NATUREZA="Outra" TITULO="" ANO="2002" PAIS="Brasil" IDIOMA="" MEIO-DE-DIVULGACAO="NAO_INFORMADO" HOME-PAGE-DO-TRABALHO="" FLAG-RELEVANCIA="NAO" TIPO-PARTICIPACAO="" FORMA-PARTICIPACAO="Ouvinte" DOI="" TITULO-INGLES="" FLAG-DIVULGACAO-CIENTIFICA="NAO"/><DETALHAMENTO-DE-OUTRAS-PARTICIPACOES-EM-EVENTOS-CONGRESSOS NOME-DO-EVENTO="6 Bienal da ADG" CODIGO-INSTITUICAO="" NOME-INSTITUICAO="" LOCAL-DO-EVENTO="" CIDADE-DO-EVENTO="São Paulo" NOME-DO-EVENTO-INGLES=""/></OUTRAS-PARTICIPACOES-EM-EVENTOS-CONGRESSOS></PARTICIPACAO-EM-EVENTOS-CONGRESSOS><INFORMACOES-ADICIONAIS-INSTITUICOES><INFORMACAO-ADICIONAL-INSTITUICAO CODIGO-INSTITUICAO="000100000991" SIGLA-INSTITUICAO="ESPM" SIGLA-UF-INSTITUICAO="RJ" SIGLA-PAIS-INSTITUICAO="BRA" NOME-PAIS-INSTITUICAO="Brasil" FLAG-AGENCIA-FOMENTO="NAO" FLAG-INSTITUICAO-DE-ENSINO="NAO"/><INFORMACAO-ADICIONAL-INSTITUICAO CODIGO-INSTITUICAO="000200000993" SIGLA-INSTITUICAO="SENAI" SIGLA-UF-INSTITUICAO="RJ" SIGLA-PAIS-INSTITUICAO="BRA" NOME-PAIS-INSTITUICAO="Brasil" FLAG-AGENCIA-FOMENTO="NAO" FLAG-INSTITUICAO-DE-ENSINO="NAO"/><INFORMACAO-ADICIONAL-INSTITUICAO CODIGO-INSTITUICAO="000300000995" SIGLA-INSTITUICAO="SENAI" SIGLA-UF-INSTITUICAO="RJ" SIGLA-PAIS-INSTITUICAO="BRA" NOME-PAIS-INSTITUICAO="Brasil" FLAG-AGENCIA-FOMENTO="NAO" FLAG-INSTITUICAO-DE-ENSINO="NAO"/><INFORMACAO-ADICIONAL-INSTITUICAO CODIGO-INSTITUICAO="000400000997" SIGLA-INSTITUICAO="QUADRATTA" SIGLA-UF-INSTITUICAO="RJ" SIGLA-PAIS-INSTITUICAO="BRA" NOME-PAIS-INSTITUICAO="Brasil" FLAG-AGENCIA-FOMENTO="NAO" FLAG-INSTITUICAO-DE-ENSINO="NAO"/><INFORMACAO-ADICIONAL-INSTITUICAO CODIGO-INSTITUICAO="000500000999" SIGLA-INSTITUICAO="OZ" SIGLA-UF-INSTITUICAO="RJ" SIGLA-PAIS-INSTITUICAO="BRA" NOME-PAIS-INSTITUICAO="Brasil" FLAG-AGENCIA-FOMENTO="NAO" FLAG-INSTITUICAO-DE-ENSINO="NAO"/><INFORMACAO-ADICIONAL-INSTITUICAO CODIGO-INSTITUICAO="000600000990" SIGLA-INSTITUICAO="LEN" SIGLA-UF-INSTITUICAO="SP" SIGLA-PAIS-INSTITUICAO="BRA" NOME-PAIS-INSTITUICAO="Brasil" FLAG-AGENCIA-FOMENTO="NAO" FLAG-INSTITUICAO-DE-ENSINO="NAO"/><INFORMACAO-ADICIONAL-INSTITUICAO CODIGO-INSTITUICAO="000700000992" SIGLA-INSTITUICAO="OZ" SIGLA-UF-INSTITUICAO="SP" SIGLA-PAIS-INSTITUICAO="BRA" NOME-PAIS-INSTITUICAO="Brasil" FLAG-AGENCIA-FOMENTO="NAO" FLAG-INSTITUICAO-DE-ENSINO="NAO"/><INFORMACAO-ADICIONAL-INSTITUICAO CODIGO-INSTITUICAO="002200000000" SIGLA-INSTITUICAO="CNPq" SIGLA-UF-INSTITUICAO="DF" SIGLA-PAIS-INSTITUICAO="BRA" NOME-PAIS-INSTITUICAO="Brasil" FLAG-AGENCIA-FOMENTO="SIM" FLAG-INSTITUICAO-DE-ENSINO="SIM"/><INFORMACAO-ADICIONAL-INSTITUICAO CODIGO-INSTITUICAO="011100000008" SIGLA-INSTITUICAO="PUC-Rio" SIGLA-UF-INSTITUICAO="RJ" SIGLA-PAIS-INSTITUICAO="BRA" NOME-PAIS-INSTITUICAO="Brasil" FLAG-AGENCIA-FOMENTO="NAO" FLAG-INSTITUICAO-DE-ENSINO="SIM"/><INFORMACAO-ADICIONAL-INSTITUICAO CODIGO-INSTITUICAO="117700000004" SIGLA-INSTITUICAO="UNIGRANRIO" SIGLA-UF-INSTITUICAO="RJ" SIGLA-PAIS-INSTITUICAO="BRA" NOME-PAIS-INSTITUICAO="Brasil" FLAG-AGENCIA-FOMENTO="NAO" FLAG-INSTITUICAO-DE-ENSINO="SIM"/><INFORMACAO-ADICIONAL-INSTITUICAO CODIGO-INSTITUICAO="201900000008" SIGLA-INSTITUICAO="UNISUAM" SIGLA-UF-INSTITUICAO="RJ" SIGLA-PAIS-INSTITUICAO="BRA" NOME-PAIS-INSTITUICAO="Brasil" FLAG-AGENCIA-FOMENTO="NAO" FLAG-INSTITUICAO-DE-ENSINO="SIM"/><INFORMACAO-ADICIONAL-INSTITUICAO CODIGO-INSTITUICAO="294800000006" SIGLA-INSTITUICAO="UNESA" SIGLA-UF-INSTITUICAO="RJ" SIGLA-PAIS-INSTITUICAO="BRA" NOME-PAIS-INSTITUICAO="Brasil" FLAG-AGENCIA-FOMENTO="NAO" FLAG-INSTITUICAO-DE-ENSINO="SIM"/><INFORMACAO-ADICIONAL-INSTITUICAO CODIGO-INSTITUICAO="985600085550" SIGLA-INSTITUICAO="RGT" SIGLA-UF-INSTITUICAO="RJ" SIGLA-PAIS-INSTITUICAO="BRA" NOME-PAIS-INSTITUICAO="Brasil" FLAG-AGENCIA-FOMENTO="NAO" FLAG-INSTITUICAO-DE-ENSINO="NAO"/><INFORMACAO-ADICIONAL-INSTITUICAO CODIGO-INSTITUICAO="IV6N00000003" SIGLA-INSTITUICAO="SENAI/DR/RJ" SIGLA-UF-INSTITUICAO="RJ" SIGLA-PAIS-INSTITUICAO="BRA" NOME-PAIS-INSTITUICAO="Brasil" FLAG-AGENCIA-FOMENTO="NAO" FLAG-INSTITUICAO-DE-ENSINO="NAO"/><INFORMACAO-ADICIONAL-INSTITUICAO CODIGO-INSTITUICAO="J2WU00000009" SIGLA-INSTITUICAO="CG" SIGLA-UF-INSTITUICAO="RJ" SIGLA-PAIS-INSTITUICAO="BRA" NOME-PAIS-INSTITUICAO="Brasil" FLAG-AGENCIA-FOMENTO="NAO" FLAG-INSTITUICAO-DE-ENSINO="NAO"/></INFORMACOES-ADICIONAIS-INSTITUICOES><INFORMACOES-ADICIONAIS-CURSOS><INFORMACAO-ADICIONAL-CURSO CODIGO-CURSO="60003847" CODIGO-ORGAO="" NOME-ORGAO="" CODIGO-INSTITUICAO="011100000008" NOME-INSTITUICAO="Pontifícia Universidade Católica do Rio de Janeiro" NOME-GRANDE-AREA-DO-CONHECIMENTO="CIENCIAS_SOCIAIS_APLICADAS" NOME-DA-AREA-DO-CONHECIMENTO="Desenho Industrial" NOME-DA-SUB-AREA-DO-CONHECIMENTO="" NOME-DA-ESPECIALIDADE="" NIVEL-CURSO="MESTRADO_DOUTORADO"/><INFORMACAO-ADICIONAL-CURSO CODIGO-CURSO="60352582" CODIGO-ORGAO="" NOME-ORGAO="" CODIGO-INSTITUICAO="294800000006" NOME-INSTITUICAO="Universidade Estácio de Sá" NOME-GRANDE-AREA-DO-CONHECIMENTO="OUTROS" NOME-DA-AREA-DO-CONHECIMENTO="" NOME-DA-SUB-AREA-DO-CONHECIMENTO="" NOME-DA-ESPECIALIDADE="" NIVEL-CURSO="GRADUACAO"/><INFORMACAO-ADICIONAL-CURSO CODIGO-CURSO="90000000" CODIGO-ORGAO="" NOME-ORGAO="" CODIGO-INSTITUICAO="000100000991" NOME-INSTITUICAO="Escola Superior de Propaganda e Marketing" NOME-GRANDE-AREA-DO-CONHECIMENTO="CIENCIAS_SOCIAIS_APLICADAS" NOME-DA-AREA-DO-CONHECIMENTO="Desenho Industrial" NOME-DA-SUB-AREA-DO-CONHECIMENTO="Programação Visual" NOME-DA-ESPECIALIDADE="" NIVEL-CURSO="APERFEICOAMENTO"/><INFORMACAO-ADICIONAL-CURSO CODIGO-CURSO="90000001" CODIGO-ORGAO="" NOME-ORGAO="" CODIGO-INSTITUICAO="000300000995" NOME-INSTITUICAO="Serviço Nacional de Aprendizagem Industrial" NOME-GRANDE-AREA-DO-CONHECIMENTO="CIENCIAS_SOCIAIS_APLICADAS" NOME-DA-AREA-DO-CONHECIMENTO="Desenho Industrial" NOME-DA-SUB-AREA-DO-CONHECIMENTO="Programação Visual" NOME-DA-ESPECIALIDADE="" NIVEL-CURSO="APERFEICOAMENTO"/><INFORMACAO-ADICIONAL-CURSO CODIGO-CURSO="90000002" CODIGO-ORGAO="" NOME-ORGAO="" CODIGO-INSTITUICAO="000300000995" NOME-INSTITUICAO="Serviço Nacional de Aprendizagem Industrial" NOME-GRANDE-AREA-DO-CONHECIMENTO="CIENCIAS_SOCIAIS_APLICADAS" NOME-DA-AREA-DO-CONHECIMENTO="Desenho Industrial" NOME-DA-SUB-AREA-DO-CONHECIMENTO="Programação Visual" NOME-DA-ESPECIALIDADE="" NIVEL-CURSO="ESPECIALIZACAO"/><INFORMACAO-ADICIONAL-CURSO CODIGO-CURSO="90000003" CODIGO-ORGAO="" NOME-ORGAO="" CODIGO-INSTITUICAO="000100000991" NOME-INSTITUICAO="Escola Superior de Propaganda e Marketing" NOME-GRANDE-AREA-DO-CONHECIMENTO="CIENCIAS_SOCIAIS_APLICADAS" NOME-DA-AREA-DO-CONHECIMENTO="Desenho Industrial" NOME-DA-SUB-AREA-DO-CONHECIMENTO="Programação Visual" NOME-DA-ESPECIALIDADE="" NIVEL-CURSO="ESPECIALIZACAO"/></INFORMACOES-ADICIONAIS-CURSOS></DADOS-COMPLEMENTARES><eventos/></CURRICULO-VITAE>