<CURRICULO-VITAE SISTEMA-ORIGEM-XML="LATTES_OFFLINE" NUMERO-IDENTIFICADOR="1275260064184453" FORMATO-DATA-ATUALIZACAO="DDMMAAAA" DATA-ATUALIZACAO="17122016" FORMATO-HORA-ATUALIZACAO="HHMMSS" HORA-ATUALIZACAO="113034"><DADOS-GERAIS NOME-COMPLETO="Iara da Silva de Almeida" NOME-EM-CITACOES-BIBLIOGRAFICAS="ALMEIDA, I. S." NACIONALIDADE="B" PAIS-DE-NASCIMENTO="Brasil" FORMATO-DATA-DE-NASCIMENTO="DDMMAAAA" FORMATO-DATA-DE-EMISSAO="DDMMAAAA" PERMISSAO-DE-DIVULGACAO="NAO" DATA-FALECIMENTO="" SIGLA-PAIS-NACIONALIDADE="BRA" PAIS-DE-NACIONALIDADE="Brasil"><RESUMO-CV TEXTO-RESUMO-CV-RH="Bióloga pela Universidade Estadual do Norte Fluminense e Mestre em Engenharia Ambiental pela Universidade do Estado do Rio de Janeiro, Linha de Pesquisa Controle de Efluentes Líquidos e Emissões Atmosféricas. Experiência de pesquisa em estudos ecotoxicológicos em efluentes industriais, utilizando organismos aquáticos. Atualmente, trabalha na Foz Águas 5, Concessionária de Serviços de Esgoto, como Analista de Meio Ambiente, no setor Operações, Área Tratamento. É professora no Centro Universitário Augusto Motta - UNISUAM, lecionando Saneamento Básico, Hidrologia e Hidráulica para o curso de Engenharia Civil." TEXTO-RESUMO-CV-RH-EN="Has experience in Ecology, focusing on Ecology"/><ENDERECO FLAG-DE-PREFERENCIA="ENDERECO_RESIDENCIAL"><ENDERECO-PROFISSIONAL CODIGO-INSTITUICAO-EMPRESA="000200000993" NOME-INSTITUICAO-EMPRESA="F. AB. ZONA OESTE S.A." CODIGO-ORGAO="" NOME-ORGAO="" CODIGO-UNIDADE="" NOME-UNIDADE="" LOGRADOURO-COMPLEMENTO="Avenida Nazaré, s/nº" PAIS="Brasil" UF="RJ" CEP="21615340" CIDADE="Rio de Janeiro" BAIRRO="Deodoro" DDD="21" TELEFONE="36095000" RAMAL="328" FAX="" E-MAIL="iaralmeida@gmail.com" HOME-PAGE=""/></ENDERECO><FORMACAO-ACADEMICA-TITULACAO><GRADUACAO SEQUENCIA-FORMACAO="1" NIVEL="1" TITULO-DO-TRABALHO-DE-CONCLUSAO-DE-CURSO="AVALIAÇÃO DAS CONCENTRAÇÕES DE METAIS PESADOS EM TECIDO MUSCULAR DE SIRI, Callinectes bocourti (A. Milne Edwards, 1879), DA LAGUNA DE MANGUABA (AL)" NOME-DO-ORIENTADOR="Carlos Eduardo Veiga de Carvalho" CODIGO-INSTITUICAO="832500000009" NOME-INSTITUICAO="Universidade Estadual do Norte Fluminense Darcy Ribeiro" CODIGO-ORGAO="" NOME-ORGAO="" CODIGO-CURSO="90000000" NOME-CURSO="Ciências Biológicas" CODIGO-AREA-CURSO="90000000" STATUS-DO-CURSO="CONCLUIDO" ANO-DE-INICIO="2006" ANO-DE-CONCLUSAO="2009" FLAG-BOLSA="SIM" CODIGO-AGENCIA-FINANCIADORA="187100000004" NOME-AGENCIA="Fundação Carlos Chagas Filho de Amparo à Pesquisa do Estado do RJ" NUMERO-ID-ORIENTADOR="" CODIGO-CURSO-CAPES="" TITULO-DO-TRABALHO-DE-CONCLUSAO-DE-CURSO-INGLES="" NOME-CURSO-INGLES="" FORMACAO-ACADEMICA-TITULACAO="" TIPO-GRADUACAO="" CODIGO-INSTITUICAO-GRAD="" NOME-INSTITUICAO-GRAD="" CODIGO-INSTITUICAO-OUTRA-GRAD="" NOME-INSTITUICAO-OUTRA-GRAD="" NOME-ORIENTADOR-GRAD=""/><MESTRADO-PROFISSIONALIZANTE SEQUENCIA-FORMACAO="9" NIVEL="9" CODIGO-INSTITUICAO="032600000000" NOME-INSTITUICAO="Universidade do Estado do Rio de Janeiro" CODIGO-ORGAO="" NOME-ORGAO="" CODIGO-CURSO="90000010" NOME-CURSO="Programa de Pós-graduação em Engenharia Ambiental" CODIGO-AREA-CURSO="90000010" STATUS-DO-CURSO="CONCLUIDO" ANO-DE-INICIO="2011" ANO-DE-CONCLUSAO="2013" FLAG-BOLSA="SIM" CODIGO-AGENCIA-FINANCIADORA="000100000991" NOME-AGENCIA="ROGRAMA DE APOIO TÉCNICO ÀS ATIVIDADES DE ENSINO, PESQUISA E EXTENSÃO" ANO-DE-OBTENCAO-DO-TITULO="2013" TITULO-DA-DISSERTACAO-TESE="AVALIAÇÃO DE TOXICIDADE AGUDA UTILIZANDO ORGANISMOS DE TRÊS NÍVEIS TRÓFICOS" NOME-COMPLETO-DO-ORIENTADOR="Gandhi Giordano" NUMERO-ID-ORIENTADOR="" CODIGO-CURSO-CAPES="" TITULO-DA-DISSERTACAO-TESE-INGLES="" NOME-CURSO-INGLES="" NOME-DO-CO-ORIENTADOR="Daniele Maia Bila"><AREAS-DO-CONHECIMENTO><AREA-DO-CONHECIMENTO-1 NOME-GRANDE-AREA-DO-CONHECIMENTO="CIENCIAS_BIOLOGICAS" NOME-DA-AREA-DO-CONHECIMENTO="" NOME-DA-SUB-AREA-DO-CONHECIMENTO="Ecotoxicologia" NOME-DA-ESPECIALIDADE=""/></AREAS-DO-CONHECIMENTO><conceitoCapes/></MESTRADO-PROFISSIONALIZANTE></FORMACAO-ACADEMICA-TITULACAO><ATUACOES-PROFISSIONAIS><ATUACAO-PROFISSIONAL CODIGO-INSTITUICAO="832500000009" NOME-INSTITUICAO="Universidade Estadual do Norte Fluminense Darcy Ribeiro" SEQUENCIA-ATIVIDADE="2" SEQUENCIA-IMPORTANCIA=""><VINCULOS SEQUENCIA-HISTORICO="2" TIPO-DE-VINCULO="LIVRE" ENQUADRAMENTO-FUNCIONAL="LIVRE" CARGA-HORARIA-SEMANAL="20" FLAG-DEDICACAO-EXCLUSIVA="SIM" MES-INICIO="" ANO-INICIO="2008" MES-FIM="" ANO-FIM="2009" OUTRAS-INFORMACOES="Bolsista do Projeto: O Impacto de Poluentes da Monocultura da Cana de Açúcar em Estuários e Águas Costeiras do NE-E do Brasil: Transporte, Destino e Estratégias de Gerenciamento Sustentável.;  Orientação: Carlos Eduardo Veiga de Carvalho;  Laboratório de Ciências Ambientais - Centro de Biociências e Biotecnologia - UENF" FLAG-VINCULO-EMPREGATICIO="SIM" OUTRO-VINCULO-INFORMADO="Bolsista-FAPERJ" OUTRO-ENQUADRAMENTO-FUNCIONAL-INFORMADO="Iniciação Científica" OUTRO-ENQUADRAMENTO-FUNCIONAL-INFORMADO-INGLES="" OUTRAS-INFORMACOES-INGLES=""/><ATIVIDADES-DE-PARTICIPACAO-EM-PROJETO><PARTICIPACAO-EM-PROJETO SEQUENCIA-FUNCAO-ATIVIDADE="2" FLAG-PERIODO="ANTERIOR" MES-INICIO="" ANO-INICIO="2008" MES-FIM="" ANO-FIM="2009" CODIGO-ORGAO="832502000006" NOME-ORGAO="Centro de Biociências e Biotecnologia" CODIGO-UNIDADE="" NOME-UNIDADE=""><PROJETO-DE-PESQUISA SEQUENCIA-PROJETO="3" ANO-INICIO="2008" ANO-FIM="2009" NOME-DO-PROJETO="O Impacto de Poluentes da Monocultura da Cana de Açúcar em Estuários e Águas Costeiras do NE-E do Brasil: Transporte, Destino e Estratégias de Gerenciamento Sustentável." SITUACAO="CONCLUIDO" NATUREZA="PESQUISA" NUMERO-GRADUACAO="7" NUMERO-ESPECIALIZACAO="0" NUMERO-MESTRADO-ACADEMICO="2" NUMERO-MESTRADO-PROF="0" NUMERO-DOUTORADO="0" DESCRICAO-DO-PROJETO="A despeito das diversas vantagens, as monoculturas de cana de açucar sofrem de uma exploração de longo prazo dos mesmos recursos minerais levando ao empobrecimento e erosão do solo. Elas requerem fertilização permanente e pesticidas específicos, devido à ausência de inimigos naturais para as ervas daninhas e pestes. Adicionalmente aos resíduos de poluentes orgânicos e nutrientes, metais pesados acompanham a aplicação de pesticidas e fertilizantes, que também contaminam os ambientes aquáticos. A eutrofização e a emissão de partículas (fuligem), hidrocarbonetos e gases traço para a atmosfera devido às queimadas, também representam uma ameaça a saúde ambiental e humana, comprometendo a sócio-economia da região. Os Estados de Pernambuco, Alagoas, Sergipe, Espírito Santo e Rio de Janeiro da zona costeira Nordeste e Leste, produzem aproximadamente 30 % da cana de açucar do Brasil e diversos dos seus ca. 60 sistemas estuarinos-lagunares estão sendo afetados pela poluição desta atividade agrícola. O impacto desta poluição sobre estuários e águas costeiras em geral e as suas implicações socioeconômicas, são pouco compreendidas. A ausência de um embasamento cientifico multi- e interdisciplinar sobre este tópico, vem impedindo a elaboração de estratégias de gerenciamento adequadas ao desenvolvimento sustentável do ambiente estuarino e marinho. Este estudo pretende analisar o impacto ambiental da monocultura da cana de açúcar sobre estuários e águas costeiras representativas do Nordeste e Leste do Brasil, através da quantificação das fontes de poluentes, seus mecanismos de transporte e transformação na água e acumulação no sedimento, a toxicidade e bioacumulação nos recursos vivos, e a exportação dos poluentes ao mar. A meta final é avaliar as implicações socioeconômica destes impactos, incluindo sobre o turismo, e, através da modelagem ecológica-econômica, fornecer subsídios ao desenvolvimento sustentável dos ambientes." IDENTIFICADOR-PROJETO="" DESCRICAO-DO-PROJETO-INGLES="" NOME-DO-PROJETO-INGLES="O Impacto de Poluentes da Monocultura da Cana de Açúcar em Estuários e Águas Costeiras do NE-E do Brasil: Transporte, Destino e Estratégias de Gerenciamento Sustentável." FLAG-POTENCIAL-INOVACAO="NAO" FLAG-PROJETO-CERTIFICADO="nao" NOME-COORDENADOR-CERTIFICACAO="" FORMATO-DATA-CERTIFICACAO="DDMMAAAA" DATA-CERTIFICACAO="" NUMERO_TECNICO_NIVEL_MEDIO=""><EQUIPE-DO-PROJETO><INTEGRANTES-DO-PROJETO NOME-COMPLETO="Iara da Silva de Almeida" NOME-PARA-CITACAO="ALMEIDA, I. S." ORDEM-DE-INTEGRACAO="1" FLAG-RESPONSAVEL="NAO" NRO-ID-CNPQ="1275260064184453"/><INTEGRANTES-DO-PROJETO NOME-COMPLETO="Carlos Eduardo Veiga de Carvalho" NOME-PARA-CITACAO="Carvalho, C.E.V." ORDEM-DE-INTEGRACAO="2" FLAG-RESPONSAVEL="NAO" NRO-ID-CNPQ=""/><INTEGRANTES-DO-PROJETO NOME-COMPLETO="Carlos Eduardo de Rezende" NOME-PARA-CITACAO="REZENDE, C. E." ORDEM-DE-INTEGRACAO="3" FLAG-RESPONSAVEL="NAO" NRO-ID-CNPQ=""/><INTEGRANTES-DO-PROJETO NOME-COMPLETO="Emannoel Vieira da Silva Filho" NOME-PARA-CITACAO="SILVA FILHO, E. V." ORDEM-DE-INTEGRACAO="4" FLAG-RESPONSAVEL="NAO" NRO-ID-CNPQ=""/><INTEGRANTES-DO-PROJETO NOME-COMPLETO="Bastiaan Adriaan Knoppers" NOME-PARA-CITACAO="Knoppers, B.A." ORDEM-DE-INTEGRACAO="5" FLAG-RESPONSAVEL="SIM" NRO-ID-CNPQ=""/><INTEGRANTES-DO-PROJETO NOME-COMPLETO="Marcos Antônio Pedlowski" NOME-PARA-CITACAO="Pedlowski, M. A." ORDEM-DE-INTEGRACAO="6" FLAG-RESPONSAVEL="NAO" NRO-ID-CNPQ=""/><INTEGRANTES-DO-PROJETO NOME-COMPLETO="Tereza C dos Santos Calado" NOME-PARA-CITACAO="Calado, T.C.S." ORDEM-DE-INTEGRACAO="7" FLAG-RESPONSAVEL="NAO" NRO-ID-CNPQ=""/><INTEGRANTES-DO-PROJETO NOME-COMPLETO="Alessandro Spitzy" NOME-PARA-CITACAO="Spitzy, A." ORDEM-DE-INTEGRACAO="8" FLAG-RESPONSAVEL="NAO" NRO-ID-CNPQ=""/><INTEGRANTES-DO-PROJETO NOME-COMPLETO="Richard S.J. Tol" NOME-PARA-CITACAO="Tol, R.S.J." ORDEM-DE-INTEGRACAO="9" FLAG-RESPONSAVEL="NAO" NRO-ID-CNPQ=""/><INTEGRANTES-DO-PROJETO NOME-COMPLETO="Pedro Americo Severonico Higino" NOME-PARA-CITACAO="HIGINO, P. A. S." ORDEM-DE-INTEGRACAO="10" FLAG-RESPONSAVEL="NAO" NRO-ID-CNPQ=""/><INTEGRANTES-DO-PROJETO NOME-COMPLETO="Teresa Calado" NOME-PARA-CITACAO="CALADO, T." ORDEM-DE-INTEGRACAO="11" FLAG-RESPONSAVEL="NAO" NRO-ID-CNPQ=""/><INTEGRANTES-DO-PROJETO NOME-COMPLETO="Danieli Flavia Rossi" NOME-PARA-CITACAO="ROSSI, D. F." ORDEM-DE-INTEGRACAO="12" FLAG-RESPONSAVEL="NAO" NRO-ID-CNPQ=""/><INTEGRANTES-DO-PROJETO NOME-COMPLETO="Paula Araújo Catelani" NOME-PARA-CITACAO="CATELANI, P. A." ORDEM-DE-INTEGRACAO="13" FLAG-RESPONSAVEL="NAO" NRO-ID-CNPQ=""/></EQUIPE-DO-PROJETO><FINANCIADORES-DO-PROJETO><FINANCIADOR-DO-PROJETO SEQUENCIA-FINANCIADOR="2" CODIGO-INSTITUICAO="187100000004" NOME-INSTITUICAO="Fundação Carlos Chagas Filho de Amparo à Pesquisa do Estado do RJ" NATUREZA="BOLSA"/><FINANCIADOR-DO-PROJETO SEQUENCIA-FINANCIADOR="1" CODIGO-INSTITUICAO="002200000000" NOME-INSTITUICAO="Conselho Nacional de Desenvolvimento Científico e Tecnológico" NATUREZA="AUXILIO_FINANCEIRO"/></FINANCIADORES-DO-PROJETO></PROJETO-DE-PESQUISA></PARTICIPACAO-EM-PROJETO></ATIVIDADES-DE-PARTICIPACAO-EM-PROJETO><atividadesProfissionaisPlanificadas/></ATUACAO-PROFISSIONAL><ATUACAO-PROFISSIONAL CODIGO-INSTITUICAO="000200000993" NOME-INSTITUICAO="F. AB. ZONA OESTE S.A." SEQUENCIA-ATIVIDADE="4" SEQUENCIA-IMPORTANCIA=""><VINCULOS SEQUENCIA-HISTORICO="1" TIPO-DE-VINCULO="CELETISTA" ENQUADRAMENTO-FUNCIONAL="LIVRE" CARGA-HORARIA-SEMANAL="44" FLAG-DEDICACAO-EXCLUSIVA="NAO" MES-INICIO="06" ANO-INICIO="2013" MES-FIM="" ANO-FIM="" OUTRAS-INFORMACOES="" FLAG-VINCULO-EMPREGATICIO="NAO" OUTRO-VINCULO-INFORMADO="" OUTRO-ENQUADRAMENTO-FUNCIONAL-INFORMADO="Analista de Meio Ambiente" OUTRO-ENQUADRAMENTO-FUNCIONAL-INFORMADO-INGLES="" OUTRAS-INFORMACOES-INGLES=""/><atividadesProfissionaisPlanificadas/></ATUACAO-PROFISSIONAL><ATUACAO-PROFISSIONAL CODIGO-INSTITUICAO="032600000000" NOME-INSTITUICAO="Universidade do Estado do Rio de Janeiro" SEQUENCIA-ATIVIDADE="5" SEQUENCIA-IMPORTANCIA=""><VINCULOS SEQUENCIA-HISTORICO="1" TIPO-DE-VINCULO="LIVRE" ENQUADRAMENTO-FUNCIONAL="LIVRE" CARGA-HORARIA-SEMANAL="40" FLAG-DEDICACAO-EXCLUSIVA="NAO" MES-INICIO="03" ANO-INICIO="2011" MES-FIM="04" ANO-FIM="2013" OUTRAS-INFORMACOES="Bolsista Técnica - PROATEC" FLAG-VINCULO-EMPREGATICIO="SIM" OUTRO-VINCULO-INFORMADO="Bolsista" OUTRO-ENQUADRAMENTO-FUNCIONAL-INFORMADO="Técnica" OUTRO-ENQUADRAMENTO-FUNCIONAL-INFORMADO-INGLES="" OUTRAS-INFORMACOES-INGLES=""/><ATIVIDADES-DE-PARTICIPACAO-EM-PROJETO><PARTICIPACAO-EM-PROJETO SEQUENCIA-FUNCAO-ATIVIDADE="3" FLAG-PERIODO="ANTERIOR" MES-INICIO="" ANO-INICIO="2011" MES-FIM="" ANO-FIM="2013" CODIGO-ORGAO="032602000996" NOME-ORGAO="Programa de Pós-Graduação em Engenharia Ambiental" CODIGO-UNIDADE="" NOME-UNIDADE=""><PROJETO-DE-PESQUISA SEQUENCIA-PROJETO="4" ANO-INICIO="2011" ANO-FIM="2013" NOME-DO-PROJETO="Avaliação de toxicidade aguda de efluentes industriais utilizando organismos de três níveis tróficos" SITUACAO="CONCLUIDO" NATUREZA="PESQUISA" NUMERO-GRADUACAO="2" NUMERO-ESPECIALIZACAO="" NUMERO-MESTRADO-ACADEMICO="" NUMERO-MESTRADO-PROF="1" NUMERO-DOUTORADO="" DESCRICAO-DO-PROJETO="O objetivo do estudo foi avaliar a qualidade de efluentes líquidos industriais, pela caracterização físico-química e ensaios ecotoxicológicos agudos com Danio rerio, Daphnia similis e Vibrio fischeri. Foram comparadas as sensibilidades dos organismos-teste aos variados tipos de efluentes (indústrias alimentícias, papeleiras, bebidas, petroquímicas e farmacêutica), sendo que estes organismos pertencem a três níveis tróficos diferentes. Além disso, foi implementado o método de ensaio com bactérias luminescentes, o Microtox, de acordo com a NBR 15411 (ABNT, 2006). Foram utilizados efluentes tratados das ETEI, e entre etapas de tratamento das ETEI, podendo ser avaliada a sensibilidade de cada organismo a cada efluente do estudo." IDENTIFICADOR-PROJETO="" DESCRICAO-DO-PROJETO-INGLES="" NOME-DO-PROJETO-INGLES="Avaliação de toxicidade aguda de efluentes industriais utilizando organismos de três níveis tróficos" FLAG-POTENCIAL-INOVACAO="NAO" FLAG-PROJETO-CERTIFICADO="nao" NOME-COORDENADOR-CERTIFICACAO="" FORMATO-DATA-CERTIFICACAO="DDMMAAAA" DATA-CERTIFICACAO="" NUMERO_TECNICO_NIVEL_MEDIO=""><EQUIPE-DO-PROJETO><INTEGRANTES-DO-PROJETO NOME-COMPLETO="Iara da Silva de Almeida" NOME-PARA-CITACAO="ALMEIDA, I. S." ORDEM-DE-INTEGRACAO="1" FLAG-RESPONSAVEL="NAO" NRO-ID-CNPQ="1275260064184453"/><INTEGRANTES-DO-PROJETO NOME-COMPLETO="Gandhi Giordano" NOME-PARA-CITACAO="GIORDANO, G." ORDEM-DE-INTEGRACAO="2" FLAG-RESPONSAVEL="SIM" NRO-ID-CNPQ=""/><INTEGRANTES-DO-PROJETO NOME-COMPLETO="Daniele Maia Bila" NOME-PARA-CITACAO="BILA, D. M." ORDEM-DE-INTEGRACAO="3" FLAG-RESPONSAVEL="NAO" NRO-ID-CNPQ=""/></EQUIPE-DO-PROJETO></PROJETO-DE-PESQUISA></PARTICIPACAO-EM-PROJETO></ATIVIDADES-DE-PARTICIPACAO-EM-PROJETO><atividadesProfissionaisPlanificadas/></ATUACAO-PROFISSIONAL></ATUACOES-PROFISSIONAIS><AREAS-DE-ATUACAO><AREA-DE-ATUACAO SEQUENCIA-AREA-DE-ATUACAO="1" NOME-GRANDE-AREA-DO-CONHECIMENTO="CIENCIAS_BIOLOGICAS" NOME-DA-AREA-DO-CONHECIMENTO="Ecologia" NOME-DA-SUB-AREA-DO-CONHECIMENTO="" NOME-DA-ESPECIALIDADE=""/><AREA-DE-ATUACAO SEQUENCIA-AREA-DE-ATUACAO="2" NOME-GRANDE-AREA-DO-CONHECIMENTO="CIENCIAS_BIOLOGICAS" NOME-DA-AREA-DO-CONHECIMENTO="Ecologia" NOME-DA-SUB-AREA-DO-CONHECIMENTO="Ecologia Aplicada" NOME-DA-ESPECIALIDADE=""/><AREA-DE-ATUACAO SEQUENCIA-AREA-DE-ATUACAO="3" NOME-GRANDE-AREA-DO-CONHECIMENTO="CIENCIAS_BIOLOGICAS" NOME-DA-AREA-DO-CONHECIMENTO="Ecologia" NOME-DA-SUB-AREA-DO-CONHECIMENTO="Ecotoxicologia" NOME-DA-ESPECIALIDADE=""/><AREA-DE-ATUACAO SEQUENCIA-AREA-DE-ATUACAO="4" NOME-GRANDE-AREA-DO-CONHECIMENTO="ENGENHARIAS" NOME-DA-AREA-DO-CONHECIMENTO="Engenharia Sanitária" NOME-DA-SUB-AREA-DO-CONHECIMENTO="Saneamento Ambiental" NOME-DA-ESPECIALIDADE=""/></AREAS-DE-ATUACAO><IDIOMAS><IDIOMA IDIOMA="PT" DESCRICAO-DO-IDIOMA="Português" PROFICIENCIA-DE-LEITURA="BEM" PROFICIENCIA-DE-FALA="BEM" PROFICIENCIA-DE-ESCRITA="BEM" PROFICIENCIA-DE-COMPREENSAO="BEM"/><IDIOMA IDIOMA="EN" DESCRICAO-DO-IDIOMA="Inglês" PROFICIENCIA-DE-LEITURA="BEM" PROFICIENCIA-DE-FALA="BEM" PROFICIENCIA-DE-ESCRITA="BEM" PROFICIENCIA-DE-COMPREENSAO="BEM"/><IDIOMA IDIOMA="ES" DESCRICAO-DO-IDIOMA="Espanhol" PROFICIENCIA-DE-LEITURA="RAZOAVELMENTE" PROFICIENCIA-DE-FALA="NAO_INFORMADO" PROFICIENCIA-DE-ESCRITA="POUCO" PROFICIENCIA-DE-COMPREENSAO="RAZOAVELMENTE"/></IDIOMAS><staValidado/><dataExibicao/><dadosBolsista/></DADOS-GERAIS><PRODUCAO-TECNICA><DEMAIS-TIPOS-DE-PRODUCAO-TECNICA><APRESENTACAO-DE-TRABALHO SEQUENCIA-PRODUCAO="10"><DADOS-BASICOS-DA-APRESENTACAO-DE-TRABALHO NATUREZA="CONGRESSO" TITULO="Distribuição de metais pesados em tecido muscular de Callinectes bocourti da Laguna Manguaba (AL)" ANO="2009" PAIS="Brasil" IDIOMA="Português" FLAG-RELEVANCIA="SIM" DOI="" TITULO-INGLES="" FLAG-DIVULGACAO-CIENTIFICA="NAO"/><DETALHAMENTO-DA-APRESENTACAO-DE-TRABALHO NOME-DO-EVENTO="XII Congresso Brasileiro de Limnologia" INSTITUICAO-PROMOTORA="" LOCAL-DA-APRESENTACAO="" CIDADE-DA-APRESENTACAO="Gramado-RS" NOME-DO-EVENTO-INGLES=""/><AUTORES NOME-COMPLETO-DO-AUTOR="Iara da Silva de Almeida" NOME-PARA-CITACAO="ALMEIDA, I. S." ORDEM-DE-AUTORIA="1" NRO-ID-CNPQ="1275260064184453"/><AUTORES NOME-COMPLETO-DO-AUTOR="Pedro Americo Severonico Higino" NOME-PARA-CITACAO="HIGINO, P. A. S." ORDEM-DE-AUTORIA="2" NRO-ID-CNPQ=""/><AUTORES NOME-COMPLETO-DO-AUTOR="Tereza C dos Santos Calado" NOME-PARA-CITACAO="Calado, T.C.S." ORDEM-DE-AUTORIA="3" NRO-ID-CNPQ=""/><AUTORES NOME-COMPLETO-DO-AUTOR="Carlos Eduardo Veiga de Carvalho" NOME-PARA-CITACAO="Carvalho, C.E.V." ORDEM-DE-AUTORIA="4" NRO-ID-CNPQ=""/></APRESENTACAO-DE-TRABALHO><APRESENTACAO-DE-TRABALHO SEQUENCIA-PRODUCAO="11"><DADOS-BASICOS-DA-APRESENTACAO-DE-TRABALHO NATUREZA="CONGRESSO" TITULO="Distribuição de metais pesados em tecido muscular de siri (Callinectes bocourti A. Milne-Edwards, 1879) da Lagoa Mundaú, Maceió (AL)" ANO="2009" PAIS="Brasil" IDIOMA="Português" FLAG-RELEVANCIA="NAO" DOI="" TITULO-INGLES="" FLAG-DIVULGACAO-CIENTIFICA="NAO"/><DETALHAMENTO-DA-APRESENTACAO-DE-TRABALHO NOME-DO-EVENTO="XVI Congresso Brasileiro de Toxicologia" INSTITUICAO-PROMOTORA="" LOCAL-DA-APRESENTACAO="" CIDADE-DA-APRESENTACAO="Belo Horizonte-MG" NOME-DO-EVENTO-INGLES=""/><AUTORES NOME-COMPLETO-DO-AUTOR="Danieli Flavia Rossi" NOME-PARA-CITACAO="ROSSI, D. F." ORDEM-DE-AUTORIA="1" NRO-ID-CNPQ=""/><AUTORES NOME-COMPLETO-DO-AUTOR="Iara da Silva de Almeida" NOME-PARA-CITACAO="ALMEIDA, I. S." ORDEM-DE-AUTORIA="2" NRO-ID-CNPQ="1275260064184453"/><AUTORES NOME-COMPLETO-DO-AUTOR="Paula Araújo Catelani" NOME-PARA-CITACAO="CATELANI, P. A." ORDEM-DE-AUTORIA="3" NRO-ID-CNPQ=""/><AUTORES NOME-COMPLETO-DO-AUTOR="Carlos Eduardo Veiga de Carvalho" NOME-PARA-CITACAO="Carvalho, C.E.V." ORDEM-DE-AUTORIA="4" NRO-ID-CNPQ=""/><AUTORES NOME-COMPLETO-DO-AUTOR="Tereza C dos Santos Calado" NOME-PARA-CITACAO="Calado, T.C.S." ORDEM-DE-AUTORIA="5" NRO-ID-CNPQ=""/></APRESENTACAO-DE-TRABALHO><APRESENTACAO-DE-TRABALHO SEQUENCIA-PRODUCAO="12"><DADOS-BASICOS-DA-APRESENTACAO-DE-TRABALHO NATUREZA="CONGRESSO" TITULO="Avaliação preliminar de metais pesados em siri (Callinectes bocourti) da Laguna Mundaú (AL)" ANO="2009" PAIS="Brasil" IDIOMA="Português" FLAG-RELEVANCIA="NAO" DOI="" TITULO-INGLES="" FLAG-DIVULGACAO-CIENTIFICA="NAO"/><DETALHAMENTO-DA-APRESENTACAO-DE-TRABALHO NOME-DO-EVENTO="XII Congresso Brasileiro de Limnologia" INSTITUICAO-PROMOTORA="" LOCAL-DA-APRESENTACAO="" CIDADE-DA-APRESENTACAO="Gramado-RS" NOME-DO-EVENTO-INGLES=""/><AUTORES NOME-COMPLETO-DO-AUTOR="Danieli Flavia Rossi" NOME-PARA-CITACAO="ROSSI, D. F." ORDEM-DE-AUTORIA="1" NRO-ID-CNPQ=""/><AUTORES NOME-COMPLETO-DO-AUTOR="Iara da Silva de Almeida" NOME-PARA-CITACAO="ALMEIDA, I. S." ORDEM-DE-AUTORIA="2" NRO-ID-CNPQ="1275260064184453"/><AUTORES NOME-COMPLETO-DO-AUTOR="Paula Araújo Catelani" NOME-PARA-CITACAO="CATELANI, P. A." ORDEM-DE-AUTORIA="3" NRO-ID-CNPQ=""/><AUTORES NOME-COMPLETO-DO-AUTOR="Tereza C dos Santos Calado" NOME-PARA-CITACAO="Calado, T.C.S." ORDEM-DE-AUTORIA="4" NRO-ID-CNPQ=""/><AUTORES NOME-COMPLETO-DO-AUTOR="Carlos Eduardo Veiga de Carvalho" NOME-PARA-CITACAO="Carvalho, C.E.V." ORDEM-DE-AUTORIA="5" NRO-ID-CNPQ=""/></APRESENTACAO-DE-TRABALHO><APRESENTACAO-DE-TRABALHO SEQUENCIA-PRODUCAO="13"><DADOS-BASICOS-DA-APRESENTACAO-DE-TRABALHO NATUREZA="CONGRESSO" TITULO="Distribuição de metais pesados em tecido muscular de Callinectes bocourti da Laguna Manguaba (AL)" ANO="2009" PAIS="Brasil" IDIOMA="Português" FLAG-RELEVANCIA="NAO" DOI="" TITULO-INGLES="" FLAG-DIVULGACAO-CIENTIFICA="NAO"/><DETALHAMENTO-DA-APRESENTACAO-DE-TRABALHO NOME-DO-EVENTO="Congresso Fluminense de Iniciação Científica e Tecnológica - 14° Encontro de Iniciação Científica da UENF" INSTITUICAO-PROMOTORA="" LOCAL-DA-APRESENTACAO="" CIDADE-DA-APRESENTACAO="Campos dos Goytacazes-RJ" NOME-DO-EVENTO-INGLES=""/><AUTORES NOME-COMPLETO-DO-AUTOR="Iara da Silva de Almeida" NOME-PARA-CITACAO="ALMEIDA, I. S." ORDEM-DE-AUTORIA="1" NRO-ID-CNPQ="1275260064184453"/><AUTORES NOME-COMPLETO-DO-AUTOR="Pedro Americo Severonico Higino" NOME-PARA-CITACAO="HIGINO, P. A. S." ORDEM-DE-AUTORIA="2" NRO-ID-CNPQ=""/><AUTORES NOME-COMPLETO-DO-AUTOR="Tereza C dos Santos Calado" NOME-PARA-CITACAO="Calado, T.C.S." ORDEM-DE-AUTORIA="3" NRO-ID-CNPQ=""/><AUTORES NOME-COMPLETO-DO-AUTOR="Carlos Eduardo Veiga de Carvalho" NOME-PARA-CITACAO="Carvalho, C.E.V." ORDEM-DE-AUTORIA="4" NRO-ID-CNPQ=""/></APRESENTACAO-DE-TRABALHO><APRESENTACAO-DE-TRABALHO SEQUENCIA-PRODUCAO="16"><DADOS-BASICOS-DA-APRESENTACAO-DE-TRABALHO NATUREZA="CONFERENCIA" TITULO="Biodiversidade" ANO="2012" PAIS="Brasil" IDIOMA="Português" FLAG-RELEVANCIA="NAO" DOI="" TITULO-INGLES="" FLAG-DIVULGACAO-CIENTIFICA="NAO"/><DETALHAMENTO-DA-APRESENTACAO-DE-TRABALHO NOME-DO-EVENTO="Biodiversidade" INSTITUICAO-PROMOTORA="UERJ" LOCAL-DA-APRESENTACAO="Faculdade de Engenharia - UERJ" CIDADE-DA-APRESENTACAO="Rio de Janeiro" NOME-DO-EVENTO-INGLES=""/><AUTORES NOME-COMPLETO-DO-AUTOR="Iara da Silva de Almeida" NOME-PARA-CITACAO="ALMEIDA, I. S." ORDEM-DE-AUTORIA="1" NRO-ID-CNPQ="1275260064184453"/><AREAS-DO-CONHECIMENTO><AREA-DO-CONHECIMENTO-1 NOME-GRANDE-AREA-DO-CONHECIMENTO="CIENCIAS_BIOLOGICAS" NOME-DA-AREA-DO-CONHECIMENTO="" NOME-DA-SUB-AREA-DO-CONHECIMENTO="Biologia da Conservação" NOME-DA-ESPECIALIDADE=""/></AREAS-DO-CONHECIMENTO><INFORMACOES-ADICIONAIS DESCRICAO-INFORMACOES-ADICIONAIS="Palestra ministrada no curso de Engenharia na UERJ, Disciplina: Introdução à Engenharia Ambiental" DESCRICAO-INFORMACOES-ADICIONAIS-INGLES=""/></APRESENTACAO-DE-TRABALHO><APRESENTACAO-DE-TRABALHO SEQUENCIA-PRODUCAO="15"><DADOS-BASICOS-DA-APRESENTACAO-DE-TRABALHO NATUREZA="CONFERENCIA" TITULO="Saneamento Ambiental" ANO="2012" PAIS="Brasil" IDIOMA="Português" FLAG-RELEVANCIA="NAO" DOI="" TITULO-INGLES="" FLAG-DIVULGACAO-CIENTIFICA="NAO"/><DETALHAMENTO-DA-APRESENTACAO-DE-TRABALHO NOME-DO-EVENTO="ELOS DE CIDADANIA" INSTITUICAO-PROMOTORA="Prefeitura do Rio de Janeiro" LOCAL-DA-APRESENTACAO="Marechal Hermes" CIDADE-DA-APRESENTACAO="Rio de Janeiro" NOME-DO-EVENTO-INGLES=""/><AUTORES NOME-COMPLETO-DO-AUTOR="Iara da Silva de Almeida" NOME-PARA-CITACAO="ALMEIDA, I. S." ORDEM-DE-AUTORIA="1" NRO-ID-CNPQ="1275260064184453"/><AREAS-DO-CONHECIMENTO><AREA-DO-CONHECIMENTO-1 NOME-GRANDE-AREA-DO-CONHECIMENTO="CIENCIAS_DA_SAUDE" NOME-DA-AREA-DO-CONHECIMENTO="" NOME-DA-SUB-AREA-DO-CONHECIMENTO="Saúde Coletiva" NOME-DA-ESPECIALIDADE=""/></AREAS-DO-CONHECIMENTO><INFORMACOES-ADICIONAIS DESCRICAO-INFORMACOES-ADICIONAIS="Relação entre saneamento e saúde" DESCRICAO-INFORMACOES-ADICIONAIS-INGLES=""/></APRESENTACAO-DE-TRABALHO><ORGANIZACAO-DE-EVENTO SEQUENCIA-PRODUCAO="19"><DADOS-BASICOS-DA-ORGANIZACAO-DE-EVENTO TIPO="OUTRO" NATUREZA="NAO_INFORMADO" TITULO="Semana Interna de Prevenção de Acidentes - SIPAT" ANO="2015" PAIS="Brasil" IDIOMA="Português" MEIO-DE-DIVULGACAO="IMPRESSO" HOME-PAGE-DO-TRABALHO="" FLAG-RELEVANCIA="NAO" DOI="" TITULO-INGLES="" FLAG-DIVULGACAO-CIENTIFICA="NAO"/><DETALHAMENTO-DA-ORGANIZACAO-DE-EVENTO INSTITUICAO-PROMOTORA="Concessionária FOZ ÁGUAS 5" DURACAO-EM-SEMANAS="1" FLAG-EVENTO-ITINERANTE="N" FLAG-CATALOGO="" LOCAL="Concessionária FOZ ÁGUAS 5" CIDADE="Rio de Janeiro"/><AUTORES NOME-COMPLETO-DO-AUTOR="Iara da Silva de Almeida" NOME-PARA-CITACAO="ALMEIDA, I. S." ORDEM-DE-AUTORIA="1" NRO-ID-CNPQ="1275260064184453"/><AREAS-DO-CONHECIMENTO><AREA-DO-CONHECIMENTO-1 NOME-GRANDE-AREA-DO-CONHECIMENTO="ENGENHARIAS" NOME-DA-AREA-DO-CONHECIMENTO="" NOME-DA-SUB-AREA-DO-CONHECIMENTO="Gerência de Produção" NOME-DA-ESPECIALIDADE="Higiene e Segurança do Trabalho"/></AREAS-DO-CONHECIMENTO></ORGANIZACAO-DE-EVENTO></DEMAIS-TIPOS-DE-PRODUCAO-TECNICA></PRODUCAO-TECNICA><DADOS-COMPLEMENTARES><FORMACAO-COMPLEMENTAR><FORMACAO-COMPLEMENTAR-CURSO-DE-CURTA-DURACAO SEQUENCIA-FORMACAO="8" NIVEL="F" CARGA-HORARIA="6" CODIGO-INSTITUICAO="832500000009" NOME-INSTITUICAO="Universidade Estadual do Norte Fluminense Darcy Ribeiro" CODIGO-ORGAO="" NOME-ORGAO="" CODIGO-CURSO="90000009" NOME-CURSO="I Jornada sobre Animais Selvagens" STATUS-DO-CURSO="CONCLUIDO" ANO-DE-INICIO="2007" ANO-DE-CONCLUSAO="2007" NOME-CURSO-INGLES=""/><FORMACAO-COMPLEMENTAR-CURSO-DE-CURTA-DURACAO SEQUENCIA-FORMACAO="14" NIVEL="F" CARGA-HORARIA="20" CODIGO-INSTITUICAO="985600162083" NOME-INSTITUICAO="Agência Nacional de Águas" CODIGO-ORGAO="" NOME-ORGAO="" CODIGO-CURSO="90000015" NOME-CURSO="Comitê de Bacias: O que é e o que faz" STATUS-DO-CURSO="CONCLUIDO" ANO-DE-INICIO="2015" ANO-DE-CONCLUSAO="2015" NOME-CURSO-INGLES=""/><FORMACAO-COMPLEMENTAR-CURSO-DE-CURTA-DURACAO SEQUENCIA-FORMACAO="13" NIVEL="F" CARGA-HORARIA="10" CODIGO-INSTITUICAO="000600000990" NOME-INSTITUICAO="Instituto Ecológico Aqualung" CODIGO-ORGAO="" NOME-ORGAO="" CODIGO-CURSO="90000014" NOME-CURSO="Gerenciamento de Resíduos" STATUS-DO-CURSO="CONCLUIDO" ANO-DE-INICIO="2015" ANO-DE-CONCLUSAO="2015" NOME-CURSO-INGLES=""/><FORMACAO-COMPLEMENTAR-CURSO-DE-CURTA-DURACAO SEQUENCIA-FORMACAO="15" NIVEL="F" CARGA-HORARIA="20" CODIGO-INSTITUICAO="985600162083" NOME-INSTITUICAO="Agência Nacional de Águas" CODIGO-ORGAO="" NOME-ORGAO="" CODIGO-CURSO="90000016" NOME-CURSO="Comitê de Bacias: Práticas e Procedimentos" STATUS-DO-CURSO="CONCLUIDO" ANO-DE-INICIO="2015" ANO-DE-CONCLUSAO="2015" NOME-CURSO-INGLES=""/><FORMACAO-COMPLEMENTAR-CURSO-DE-CURTA-DURACAO SEQUENCIA-FORMACAO="6" NIVEL="F" CARGA-HORARIA="8" CODIGO-INSTITUICAO="832500000009" NOME-INSTITUICAO="Universidade Estadual do Norte Fluminense Darcy Ribeiro" CODIGO-ORGAO="" NOME-ORGAO="" CODIGO-CURSO="90000008" NOME-CURSO="Toxicologia Ambiental e Ecotoxicologia" STATUS-DO-CURSO="CONCLUIDO" ANO-DE-INICIO="2009" ANO-DE-CONCLUSAO="2009" NOME-CURSO-INGLES=""/><FORMACAO-COMPLEMENTAR-CURSO-DE-CURTA-DURACAO SEQUENCIA-FORMACAO="7" NIVEL="F" CARGA-HORARIA="3" CODIGO-INSTITUICAO="832500000009" NOME-INSTITUICAO="Universidade Estadual do Norte Fluminense Darcy Ribeiro" CODIGO-ORGAO="" NOME-ORGAO="" CODIGO-CURSO="90000007" NOME-CURSO="Desafios do Jornalismo Científico" STATUS-DO-CURSO="CONCLUIDO" ANO-DE-INICIO="2009" ANO-DE-CONCLUSAO="2009" NOME-CURSO-INGLES=""/><FORMACAO-COMPLEMENTAR-CURSO-DE-CURTA-DURACAO SEQUENCIA-FORMACAO="3" NIVEL="F" CARGA-HORARIA="8" CODIGO-INSTITUICAO="832500000009" NOME-INSTITUICAO="Universidade Estadual do Norte Fluminense Darcy Ribeiro" CODIGO-ORGAO="" NOME-ORGAO="" CODIGO-CURSO="90000004" NOME-CURSO="Biorremediação" STATUS-DO-CURSO="CONCLUIDO" ANO-DE-INICIO="2008" ANO-DE-CONCLUSAO="2008" NOME-CURSO-INGLES=""/><FORMACAO-COMPLEMENTAR-CURSO-DE-CURTA-DURACAO SEQUENCIA-FORMACAO="2" NIVEL="F" CARGA-HORARIA="16" CODIGO-INSTITUICAO="294800000006" NOME-INSTITUICAO="Universidade Estácio de Sá" CODIGO-ORGAO="" NOME-ORGAO="" CODIGO-CURSO="90000003" NOME-CURSO="Biocombustíveis" STATUS-DO-CURSO="CONCLUIDO" ANO-DE-INICIO="2009" ANO-DE-CONCLUSAO="2009" NOME-CURSO-INGLES=""/><FORMACAO-COMPLEMENTAR-CURSO-DE-CURTA-DURACAO SEQUENCIA-FORMACAO="4" NIVEL="F" CARGA-HORARIA="6" CODIGO-INSTITUICAO="832500000009" NOME-INSTITUICAO="Universidade Estadual do Norte Fluminense Darcy Ribeiro" CODIGO-ORGAO="" NOME-ORGAO="" CODIGO-CURSO="90000005" NOME-CURSO="Ecologia Química Marinha" STATUS-DO-CURSO="CONCLUIDO" ANO-DE-INICIO="2007" ANO-DE-CONCLUSAO="2007" NOME-CURSO-INGLES=""/><FORMACAO-COMPLEMENTAR-CURSO-DE-CURTA-DURACAO SEQUENCIA-FORMACAO="5" NIVEL="F" CARGA-HORARIA="8" CODIGO-INSTITUICAO="832500000009" NOME-INSTITUICAO="Universidade Estadual do Norte Fluminense Darcy Ribeiro" CODIGO-ORGAO="" NOME-ORGAO="" CODIGO-CURSO="90000006" NOME-CURSO="Estudo de Impacto Ambiental" STATUS-DO-CURSO="CONCLUIDO" ANO-DE-INICIO="2006" ANO-DE-CONCLUSAO="2006" NOME-CURSO-INGLES=""/><FORMACAO-COMPLEMENTAR-CURSO-DE-CURTA-DURACAO SEQUENCIA-FORMACAO="11" NIVEL="F" CARGA-HORARIA="60" CODIGO-INSTITUICAO="000400000997" NOME-INSTITUICAO="Portal Educação" CODIGO-ORGAO="" NOME-ORGAO="" CODIGO-CURSO="90000012" NOME-CURSO="Microbiologia Geral" STATUS-DO-CURSO="CONCLUIDO" ANO-DE-INICIO="2011" ANO-DE-CONCLUSAO="2011" NOME-CURSO-INGLES=""/><FORMACAO-COMPLEMENTAR-CURSO-DE-CURTA-DURACAO SEQUENCIA-FORMACAO="10" NIVEL="F" CARGA-HORARIA="40" CODIGO-INSTITUICAO="032600000000" NOME-INSTITUICAO="Universidade do Estado do Rio de Janeiro" CODIGO-ORGAO="" NOME-ORGAO="" CODIGO-CURSO="90000011" NOME-CURSO="Sistema de Informações Geográficas com Arcgis Desktop 10 - Módulo 1" STATUS-DO-CURSO="CONCLUIDO" ANO-DE-INICIO="2012" ANO-DE-CONCLUSAO="2012" NOME-CURSO-INGLES=""/><FORMACAO-COMPLEMENTAR-CURSO-DE-CURTA-DURACAO SEQUENCIA-FORMACAO="16" NIVEL="F" CARGA-HORARIA="10" CODIGO-INSTITUICAO="000600000990" NOME-INSTITUICAO="Instituto Ecológico Aqualung" CODIGO-ORGAO="" NOME-ORGAO="" CODIGO-CURSO="90000017" NOME-CURSO="ABNT NBR ISO 14001:2004 Sistemas da Gestão Ambiental" STATUS-DO-CURSO="CONCLUIDO" ANO-DE-INICIO="2015" ANO-DE-CONCLUSAO="2015" NOME-CURSO-INGLES=""/><OUTROS SEQUENCIA-FORMACAO="12" NIVEL="Y" CARGA-HORARIA="" CODIGO-INSTITUICAO="000500000999" NOME-INSTITUICAO="Centro Cultural Anglo Americano" CODIGO-ORGAO="" NOME-ORGAO="" CODIGO-CURSO="90000013" NOME-CURSO="Mastering English Course" STATUS-DO-CURSO="CONCLUIDO" ANO-DE-INICIO="1993" ANO-DE-CONCLUSAO="2003" NOME-CURSO-INGLES=""/><formacoesComplementaresPlana/></FORMACAO-COMPLEMENTAR><PARTICIPACAO-EM-BANCA-TRABALHOS-CONCLUSAO><PARTICIPACAO-EM-BANCA-DE-GRADUACAO SEQUENCIA-PRODUCAO="14"><DADOS-BASICOS-DA-PARTICIPACAO-EM-BANCA-DE-GRADUACAO NATUREZA="Graduação" TITULO="Avaliação da Ecotoxicidade de um efluente tratado de Indústria Petroquímica utilizando dois organismos-teste" ANO="2013" PAIS="Brasil" IDIOMA="Português" HOME-PAGE="" DOI="" TITULO-INGLES=""/><DETALHAMENTO-DA-PARTICIPACAO-EM-BANCA-DE-GRADUACAO NOME-DO-CANDIDATO="Camilla Magalhães Pereira" CODIGO-INSTITUICAO="294800000006" NOME-INSTITUICAO="Universidade Estácio de Sá" CODIGO-ORGAO="" NOME-ORGAO="" CODIGO-CURSO="60583258" NOME-CURSO="Ciências Biológicas" NOME-CURSO-INGLES=""/><PARTICIPANTE-BANCA NOME-COMPLETO-DO-PARTICIPANTE-DA-BANCA="Camilla Magalhães Pereira" NOME-PARA-CITACAO-DO-PARTICIPANTE-DA-BANCA="PEREIRA, C.M." ORDEM-PARTICIPANTE="1" NRO-ID-CNPQ=""/><PARTICIPANTE-BANCA NOME-COMPLETO-DO-PARTICIPANTE-DA-BANCA="Sarah Dario Alves Daflon" NOME-PARA-CITACAO-DO-PARTICIPANTE-DA-BANCA="DAFLON, S.D.A." ORDEM-PARTICIPANTE="2" NRO-ID-CNPQ=""/><PARTICIPANTE-BANCA NOME-COMPLETO-DO-PARTICIPANTE-DA-BANCA="André Azevedo" NOME-PARA-CITACAO-DO-PARTICIPANTE-DA-BANCA="AZEVEDO, A." ORDEM-PARTICIPANTE="3" NRO-ID-CNPQ=""/><PARTICIPANTE-BANCA NOME-COMPLETO-DO-PARTICIPANTE-DA-BANCA="Iara da Silva de Almeida" NOME-PARA-CITACAO-DO-PARTICIPANTE-DA-BANCA="ALMEIDA, I. S." ORDEM-PARTICIPANTE="4" NRO-ID-CNPQ="1275260064184453"/><PALAVRAS-CHAVE PALAVRA-CHAVE-1="Daphnia similis, Ceriodaphnia dubia, ecotoxicidade" PALAVRA-CHAVE-2="" PALAVRA-CHAVE-3="" PALAVRA-CHAVE-4="" PALAVRA-CHAVE-5="" PALAVRA-CHAVE-6=""/><AREAS-DO-CONHECIMENTO><AREA-DO-CONHECIMENTO-1 NOME-GRANDE-AREA-DO-CONHECIMENTO="CIENCIAS_BIOLOGICAS" NOME-DA-AREA-DO-CONHECIMENTO="" NOME-DA-SUB-AREA-DO-CONHECIMENTO="Ecotoxicologia" NOME-DA-ESPECIALIDADE=""/></AREAS-DO-CONHECIMENTO></PARTICIPACAO-EM-BANCA-DE-GRADUACAO></PARTICIPACAO-EM-BANCA-TRABALHOS-CONCLUSAO><PARTICIPACAO-EM-EVENTOS-CONGRESSOS><PARTICIPACAO-EM-CONGRESSO SEQUENCIA-PRODUCAO="3"><PARTICIPANTE-DE-EVENTOS-CONGRESSOS NOME-COMPLETO-DO-PARTICIPANTE-DE-EVENTOS-CONGRESSOS="Iara da Silva de Almeida" NOME-PARA-CITACAO-DO-PARTICIPANTE-DE-EVENTOS-CONGRESSOS="ALMEIDA, I. S." ORDEM-PARTICIPANTE="1" NRO-ID-CNPQ="1275260064184453"/><DADOS-BASICOS-DA-PARTICIPACAO-EM-CONGRESSO NATUREZA="Congresso" TITULO="" ANO="2009" PAIS="Brasil" IDIOMA="" MEIO-DE-DIVULGACAO="NAO_INFORMADO" HOME-PAGE-DO-TRABALHO="" FLAG-RELEVANCIA="NAO" TIPO-PARTICIPACAO="" FORMA-PARTICIPACAO="Ouvinte" DOI="" TITULO-INGLES="" FLAG-DIVULGACAO-CIENTIFICA="NAO"/><DETALHAMENTO-DA-PARTICIPACAO-EM-CONGRESSO NOME-DO-EVENTO="2° Congresso Brasileiro de Biologia Marinha" CODIGO-INSTITUICAO="" NOME-INSTITUICAO="" LOCAL-DO-EVENTO="" CIDADE-DO-EVENTO="Armação de Búzios-RJ" NOME-DO-EVENTO-INGLES=""/></PARTICIPACAO-EM-CONGRESSO><PARTICIPACAO-EM-CONGRESSO SEQUENCIA-PRODUCAO="1"><PARTICIPANTE-DE-EVENTOS-CONGRESSOS NOME-COMPLETO-DO-PARTICIPANTE-DE-EVENTOS-CONGRESSOS="Iara da Silva de Almeida" NOME-PARA-CITACAO-DO-PARTICIPANTE-DE-EVENTOS-CONGRESSOS="ALMEIDA, I. S." ORDEM-PARTICIPANTE="1" NRO-ID-CNPQ="1275260064184453"/><DADOS-BASICOS-DA-PARTICIPACAO-EM-CONGRESSO NATUREZA="Congresso" TITULO="Distribuição de metais pesados em tecido muscular de Callinectes bocourti da Laguna Manguaba (AL)" ANO="2009" PAIS="Brasil" IDIOMA="" MEIO-DE-DIVULGACAO="NAO_INFORMADO" HOME-PAGE-DO-TRABALHO="" FLAG-RELEVANCIA="NAO" TIPO-PARTICIPACAO="Poster / Painel" FORMA-PARTICIPACAO="Participante" DOI="" TITULO-INGLES="" FLAG-DIVULGACAO-CIENTIFICA="NAO"/><DETALHAMENTO-DA-PARTICIPACAO-EM-CONGRESSO NOME-DO-EVENTO="XII Congresso Brasileiro de Limnologia" CODIGO-INSTITUICAO="" NOME-INSTITUICAO="" LOCAL-DO-EVENTO="" CIDADE-DO-EVENTO="Gramado-RS" NOME-DO-EVENTO-INGLES=""/></PARTICIPACAO-EM-CONGRESSO><PARTICIPACAO-EM-CONGRESSO SEQUENCIA-PRODUCAO="17"><PARTICIPANTE-DE-EVENTOS-CONGRESSOS NOME-COMPLETO-DO-PARTICIPANTE-DE-EVENTOS-CONGRESSOS="Iara da Silva de Almeida" NOME-PARA-CITACAO-DO-PARTICIPANTE-DE-EVENTOS-CONGRESSOS="ALMEIDA, I. S." ORDEM-PARTICIPANTE="1" NRO-ID-CNPQ="1275260064184453"/><DADOS-BASICOS-DA-PARTICIPACAO-EM-CONGRESSO NATUREZA="Congresso" TITULO="Avaliação de efluentes industriais tratados por ensaios ecotoxicológicos e análise comparativa de sensibilidade em três organismos" ANO="2013" PAIS="Brasil" IDIOMA="" MEIO-DE-DIVULGACAO="NAO_INFORMADO" HOME-PAGE-DO-TRABALHO="" FLAG-RELEVANCIA="NAO" TIPO-PARTICIPACAO="Apresentação oral" FORMA-PARTICIPACAO="Participante" DOI="" TITULO-INGLES="" FLAG-DIVULGACAO-CIENTIFICA="NAO"/><DETALHAMENTO-DA-PARTICIPACAO-EM-CONGRESSO NOME-DO-EVENTO="27º Congresso Brasileiro de Engenharia Sanitária e Ambiental" CODIGO-INSTITUICAO="" NOME-INSTITUICAO="" LOCAL-DO-EVENTO="" CIDADE-DO-EVENTO="Goiânia" NOME-DO-EVENTO-INGLES=""/></PARTICIPACAO-EM-CONGRESSO><PARTICIPACAO-EM-CONGRESSO SEQUENCIA-PRODUCAO="2"><PARTICIPANTE-DE-EVENTOS-CONGRESSOS NOME-COMPLETO-DO-PARTICIPANTE-DE-EVENTOS-CONGRESSOS="Iara da Silva de Almeida" NOME-PARA-CITACAO-DO-PARTICIPANTE-DE-EVENTOS-CONGRESSOS="ALMEIDA, I. S." ORDEM-PARTICIPANTE="1" NRO-ID-CNPQ="1275260064184453"/><DADOS-BASICOS-DA-PARTICIPACAO-EM-CONGRESSO NATUREZA="Congresso" TITULO="Distribuição de metais pesados em tecido muscular de Callinectes bocourti da Laguna Manguaba (AL)" ANO="2009" PAIS="Brasil" IDIOMA="" MEIO-DE-DIVULGACAO="NAO_INFORMADO" HOME-PAGE-DO-TRABALHO="" FLAG-RELEVANCIA="NAO" TIPO-PARTICIPACAO="Poster / Painel" FORMA-PARTICIPACAO="Participante" DOI="" TITULO-INGLES="" FLAG-DIVULGACAO-CIENTIFICA="NAO"/><DETALHAMENTO-DA-PARTICIPACAO-EM-CONGRESSO NOME-DO-EVENTO="Congresso Fluminense de Iniciação Científica e Tecnológica ? 14° Encontro de Iniciação Científica da UENF" CODIGO-INSTITUICAO="" NOME-INSTITUICAO="" LOCAL-DO-EVENTO="" CIDADE-DO-EVENTO="Campos dos Goytacazes" NOME-DO-EVENTO-INGLES=""/></PARTICIPACAO-EM-CONGRESSO><PARTICIPACAO-EM-SEMINARIO SEQUENCIA-PRODUCAO="9"><PARTICIPANTE-DE-EVENTOS-CONGRESSOS NOME-COMPLETO-DO-PARTICIPANTE-DE-EVENTOS-CONGRESSOS="Iara da Silva de Almeida" NOME-PARA-CITACAO-DO-PARTICIPANTE-DE-EVENTOS-CONGRESSOS="ALMEIDA, I. S." ORDEM-PARTICIPANTE="1" NRO-ID-CNPQ="1275260064184453"/><DADOS-BASICOS-DA-PARTICIPACAO-EM-SEMINARIO NATUREZA="Seminário" TITULO="" ANO="2009" PAIS="Brasil" IDIOMA="" MEIO-DE-DIVULGACAO="NAO_INFORMADO" HOME-PAGE-DO-TRABALHO="" FLAG-RELEVANCIA="NAO" TIPO-PARTICIPACAO="" FORMA-PARTICIPACAO="Ouvinte" DOI="" TITULO-INGLES="" FLAG-DIVULGACAO-CIENTIFICA="NAO"/><DETALHAMENTO-DA-PARTICIPACAO-EM-SEMINARIO NOME-DO-EVENTO="Colóquio Internacional sobre avanços na produção de biocombustiveis: Matérias primas, tecnologias e caracterização de produtos? - Centro de Ciências e Tecnologias Agropecuárias, Universidade Estadual do Norte Fluminense Darcy Ribeiro" CODIGO-INSTITUICAO="" NOME-INSTITUICAO="" LOCAL-DO-EVENTO="" CIDADE-DO-EVENTO="Campos dos Goytacazes" NOME-DO-EVENTO-INGLES=""/></PARTICIPACAO-EM-SEMINARIO><PARTICIPACAO-EM-SEMINARIO SEQUENCIA-PRODUCAO="18"><PARTICIPANTE-DE-EVENTOS-CONGRESSOS NOME-COMPLETO-DO-PARTICIPANTE-DE-EVENTOS-CONGRESSOS="Iara da Silva de Almeida" NOME-PARA-CITACAO-DO-PARTICIPANTE-DE-EVENTOS-CONGRESSOS="ALMEIDA, I. S." ORDEM-PARTICIPANTE="1" NRO-ID-CNPQ="1275260064184453"/><DADOS-BASICOS-DA-PARTICIPACAO-EM-SEMINARIO NATUREZA="Seminário" TITULO="Saneamento e Saúde" ANO="2012" PAIS="Brasil" IDIOMA="" MEIO-DE-DIVULGACAO="NAO_INFORMADO" HOME-PAGE-DO-TRABALHO="" FLAG-RELEVANCIA="NAO" TIPO-PARTICIPACAO="Simposista" FORMA-PARTICIPACAO="Convidado" DOI="" TITULO-INGLES="" FLAG-DIVULGACAO-CIENTIFICA="NAO"/><DETALHAMENTO-DA-PARTICIPACAO-EM-SEMINARIO NOME-DO-EVENTO="ELOS DE CIDADANIA" CODIGO-INSTITUICAO="" NOME-INSTITUICAO="" LOCAL-DO-EVENTO="" CIDADE-DO-EVENTO="Rio de Janeiro" NOME-DO-EVENTO-INGLES=""/></PARTICIPACAO-EM-SEMINARIO><PARTICIPACAO-EM-SIMPOSIO SEQUENCIA-PRODUCAO="4"><PARTICIPANTE-DE-EVENTOS-CONGRESSOS NOME-COMPLETO-DO-PARTICIPANTE-DE-EVENTOS-CONGRESSOS="Iara da Silva de Almeida" NOME-PARA-CITACAO-DO-PARTICIPANTE-DE-EVENTOS-CONGRESSOS="ALMEIDA, I. S." ORDEM-PARTICIPANTE="1" NRO-ID-CNPQ="1275260064184453"/><DADOS-BASICOS-DA-PARTICIPACAO-EM-SIMPOSIO NATUREZA="Simpósio" TITULO="" ANO="2008" PAIS="Brasil" IDIOMA="" MEIO-DE-DIVULGACAO="NAO_INFORMADO" HOME-PAGE-DO-TRABALHO="" FLAG-RELEVANCIA="NAO" TIPO-PARTICIPACAO="" FORMA-PARTICIPACAO="Ouvinte" DOI="" TITULO-INGLES="" FLAG-DIVULGACAO-CIENTIFICA="NAO"/><DETALHAMENTO-DA-PARTICIPACAO-EM-SIMPOSIO NOME-DO-EVENTO="II Simpósio em Ecologia: Ciclo do Carbono em Ambientes Aquáticos Continentais, Universidade Federal do Rio de Janeiro" CODIGO-INSTITUICAO="" NOME-INSTITUICAO="" LOCAL-DO-EVENTO="" CIDADE-DO-EVENTO="Rio de Janeiro-RJ" NOME-DO-EVENTO-INGLES=""/></PARTICIPACAO-EM-SIMPOSIO><PARTICIPACAO-EM-SIMPOSIO SEQUENCIA-PRODUCAO="5"><PARTICIPANTE-DE-EVENTOS-CONGRESSOS NOME-COMPLETO-DO-PARTICIPANTE-DE-EVENTOS-CONGRESSOS="Iara da Silva de Almeida" NOME-PARA-CITACAO-DO-PARTICIPANTE-DE-EVENTOS-CONGRESSOS="ALMEIDA, I. S." ORDEM-PARTICIPANTE="1" NRO-ID-CNPQ="1275260064184453"/><DADOS-BASICOS-DA-PARTICIPACAO-EM-SIMPOSIO NATUREZA="Simpósio" TITULO="" ANO="2008" PAIS="Brasil" IDIOMA="" MEIO-DE-DIVULGACAO="NAO_INFORMADO" HOME-PAGE-DO-TRABALHO="" FLAG-RELEVANCIA="NAO" TIPO-PARTICIPACAO="" FORMA-PARTICIPACAO="Ouvinte" DOI="" TITULO-INGLES="" FLAG-DIVULGACAO-CIENTIFICA="NAO"/><DETALHAMENTO-DA-PARTICIPACAO-EM-SIMPOSIO NOME-DO-EVENTO="VI Semana da Biologia UENF" CODIGO-INSTITUICAO="" NOME-INSTITUICAO="" LOCAL-DO-EVENTO="" CIDADE-DO-EVENTO="Campos dos Goytacazes" NOME-DO-EVENTO-INGLES=""/></PARTICIPACAO-EM-SIMPOSIO><PARTICIPACAO-EM-SIMPOSIO SEQUENCIA-PRODUCAO="6"><PARTICIPANTE-DE-EVENTOS-CONGRESSOS NOME-COMPLETO-DO-PARTICIPANTE-DE-EVENTOS-CONGRESSOS="Iara da Silva de Almeida" NOME-PARA-CITACAO-DO-PARTICIPANTE-DE-EVENTOS-CONGRESSOS="ALMEIDA, I. S." ORDEM-PARTICIPANTE="1" NRO-ID-CNPQ="1275260064184453"/><DADOS-BASICOS-DA-PARTICIPACAO-EM-SIMPOSIO NATUREZA="Simpósio" TITULO="" ANO="2007" PAIS="Brasil" IDIOMA="" MEIO-DE-DIVULGACAO="NAO_INFORMADO" HOME-PAGE-DO-TRABALHO="" FLAG-RELEVANCIA="NAO" TIPO-PARTICIPACAO="" FORMA-PARTICIPACAO="Ouvinte" DOI="" TITULO-INGLES="" FLAG-DIVULGACAO-CIENTIFICA="NAO"/><DETALHAMENTO-DA-PARTICIPACAO-EM-SIMPOSIO NOME-DO-EVENTO="V Semana da Biologia UENF" CODIGO-INSTITUICAO="" NOME-INSTITUICAO="" LOCAL-DO-EVENTO="" CIDADE-DO-EVENTO="Campos dos Goytacazes" NOME-DO-EVENTO-INGLES=""/></PARTICIPACAO-EM-SIMPOSIO><PARTICIPACAO-EM-SIMPOSIO SEQUENCIA-PRODUCAO="7"><PARTICIPANTE-DE-EVENTOS-CONGRESSOS NOME-COMPLETO-DO-PARTICIPANTE-DE-EVENTOS-CONGRESSOS="Iara da Silva de Almeida" NOME-PARA-CITACAO-DO-PARTICIPANTE-DE-EVENTOS-CONGRESSOS="ALMEIDA, I. S." ORDEM-PARTICIPANTE="1" NRO-ID-CNPQ="1275260064184453"/><DADOS-BASICOS-DA-PARTICIPACAO-EM-SIMPOSIO NATUREZA="Simpósio" TITULO="" ANO="2006" PAIS="Brasil" IDIOMA="" MEIO-DE-DIVULGACAO="NAO_INFORMADO" HOME-PAGE-DO-TRABALHO="" FLAG-RELEVANCIA="NAO" TIPO-PARTICIPACAO="" FORMA-PARTICIPACAO="Ouvinte" DOI="" TITULO-INGLES="" FLAG-DIVULGACAO-CIENTIFICA="NAO"/><DETALHAMENTO-DA-PARTICIPACAO-EM-SIMPOSIO NOME-DO-EVENTO="IV Semana da Biologia UENF" CODIGO-INSTITUICAO="" NOME-INSTITUICAO="" LOCAL-DO-EVENTO="" CIDADE-DO-EVENTO="Campos dos Goytacazes" NOME-DO-EVENTO-INGLES=""/></PARTICIPACAO-EM-SIMPOSIO><PARTICIPACAO-EM-ENCONTRO SEQUENCIA-PRODUCAO="8"><PARTICIPANTE-DE-EVENTOS-CONGRESSOS NOME-COMPLETO-DO-PARTICIPANTE-DE-EVENTOS-CONGRESSOS="Iara da Silva de Almeida" NOME-PARA-CITACAO-DO-PARTICIPANTE-DE-EVENTOS-CONGRESSOS="ALMEIDA, I. S." ORDEM-PARTICIPANTE="1" NRO-ID-CNPQ="1275260064184453"/><DADOS-BASICOS-DA-PARTICIPACAO-EM-ENCONTRO NATUREZA="Encontro" TITULO="" ANO="2009" PAIS="Brasil" IDIOMA="" MEIO-DE-DIVULGACAO="NAO_INFORMADO" HOME-PAGE-DO-TRABALHO="" FLAG-RELEVANCIA="NAO" TIPO-PARTICIPACAO="" FORMA-PARTICIPACAO="Ouvinte" DOI="" TITULO-INGLES="" FLAG-DIVULGACAO-CIENTIFICA="NAO"/><DETALHAMENTO-DA-PARTICIPACAO-EM-ENCONTRO NOME-DO-EVENTO="Dia Mundial do Meio Ambiente" CODIGO-INSTITUICAO="" NOME-INSTITUICAO="" LOCAL-DO-EVENTO="" CIDADE-DO-EVENTO="Campos dos Goytacazes" NOME-DO-EVENTO-INGLES=""/></PARTICIPACAO-EM-ENCONTRO></PARTICIPACAO-EM-EVENTOS-CONGRESSOS><INFORMACOES-ADICIONAIS-INSTITUICOES><INFORMACAO-ADICIONAL-INSTITUICAO CODIGO-INSTITUICAO="000100000991" SIGLA-INSTITUICAO="PROATEC" SIGLA-UF-INSTITUICAO="RJ" SIGLA-PAIS-INSTITUICAO="BRA" NOME-PAIS-INSTITUICAO="Brasil" FLAG-AGENCIA-FOMENTO="SIM" FLAG-INSTITUICAO-DE-ENSINO="NAO"/><INFORMACAO-ADICIONAL-INSTITUICAO CODIGO-INSTITUICAO="000200000993" SIGLA-INSTITUICAO="FOZ ÁGUAS 5" SIGLA-UF-INSTITUICAO="RJ" SIGLA-PAIS-INSTITUICAO="BRA" NOME-PAIS-INSTITUICAO="Brasil" FLAG-AGENCIA-FOMENTO="NAO" FLAG-INSTITUICAO-DE-ENSINO="NAO"/><INFORMACAO-ADICIONAL-INSTITUICAO CODIGO-INSTITUICAO="000300000995" SIGLA-INSTITUICAO="UERJ" SIGLA-UF-INSTITUICAO="RJ" SIGLA-PAIS-INSTITUICAO="BRA" NOME-PAIS-INSTITUICAO="Brasil" FLAG-AGENCIA-FOMENTO="SIM" FLAG-INSTITUICAO-DE-ENSINO="NAO"/><INFORMACAO-ADICIONAL-INSTITUICAO CODIGO-INSTITUICAO="000400000997" SIGLA-INSTITUICAO="PORTAL EDUCAÇÃO" SIGLA-UF-INSTITUICAO="SP" SIGLA-PAIS-INSTITUICAO="BRA" NOME-PAIS-INSTITUICAO="Brasil" FLAG-AGENCIA-FOMENTO="NAO" FLAG-INSTITUICAO-DE-ENSINO="NAO"/><INFORMACAO-ADICIONAL-INSTITUICAO CODIGO-INSTITUICAO="000500000999" SIGLA-INSTITUICAO="CCAA" SIGLA-UF-INSTITUICAO="RJ" SIGLA-PAIS-INSTITUICAO="BRA" NOME-PAIS-INSTITUICAO="Brasil" FLAG-AGENCIA-FOMENTO="NAO" FLAG-INSTITUICAO-DE-ENSINO="NAO"/><INFORMACAO-ADICIONAL-INSTITUICAO CODIGO-INSTITUICAO="000600000990" SIGLA-INSTITUICAO="AQUALUNG" SIGLA-UF-INSTITUICAO="RJ" SIGLA-PAIS-INSTITUICAO="BRA" NOME-PAIS-INSTITUICAO="Brasil" FLAG-AGENCIA-FOMENTO="NAO" FLAG-INSTITUICAO-DE-ENSINO="NAO"/><INFORMACAO-ADICIONAL-INSTITUICAO CODIGO-INSTITUICAO="032600000000" SIGLA-INSTITUICAO="UERJ" SIGLA-UF-INSTITUICAO="RJ" SIGLA-PAIS-INSTITUICAO="BRA" NOME-PAIS-INSTITUICAO="Brasil" FLAG-AGENCIA-FOMENTO="NAO" FLAG-INSTITUICAO-DE-ENSINO="SIM"/><INFORMACAO-ADICIONAL-INSTITUICAO CODIGO-INSTITUICAO="032601000992" SIGLA-INSTITUICAO="" SIGLA-UF-INSTITUICAO="RJ" SIGLA-PAIS-INSTITUICAO="BRA" NOME-PAIS-INSTITUICAO="Brasil" FLAG-AGENCIA-FOMENTO="NAO" FLAG-INSTITUICAO-DE-ENSINO="NAO"/><INFORMACAO-ADICIONAL-INSTITUICAO CODIGO-INSTITUICAO="032602000996" SIGLA-INSTITUICAO="" SIGLA-UF-INSTITUICAO="RJ" SIGLA-PAIS-INSTITUICAO="BRA" NOME-PAIS-INSTITUICAO="Brasil" FLAG-AGENCIA-FOMENTO="NAO" FLAG-INSTITUICAO-DE-ENSINO="NAO"/><INFORMACAO-ADICIONAL-INSTITUICAO CODIGO-INSTITUICAO="187100000004" SIGLA-INSTITUICAO="FAPERJ" SIGLA-UF-INSTITUICAO="RJ" SIGLA-PAIS-INSTITUICAO="BRA" NOME-PAIS-INSTITUICAO="Brasil" FLAG-AGENCIA-FOMENTO="SIM" FLAG-INSTITUICAO-DE-ENSINO="NAO"/><INFORMACAO-ADICIONAL-INSTITUICAO CODIGO-INSTITUICAO="294800000006" SIGLA-INSTITUICAO="UNESA" SIGLA-UF-INSTITUICAO="RJ" SIGLA-PAIS-INSTITUICAO="BRA" NOME-PAIS-INSTITUICAO="Brasil" FLAG-AGENCIA-FOMENTO="NAO" FLAG-INSTITUICAO-DE-ENSINO="SIM"/><INFORMACAO-ADICIONAL-INSTITUICAO CODIGO-INSTITUICAO="832500000009" SIGLA-INSTITUICAO="UENF" SIGLA-UF-INSTITUICAO="RJ" SIGLA-PAIS-INSTITUICAO="BRA" NOME-PAIS-INSTITUICAO="Brasil" FLAG-AGENCIA-FOMENTO="NAO" FLAG-INSTITUICAO-DE-ENSINO="SIM"/><INFORMACAO-ADICIONAL-INSTITUICAO CODIGO-INSTITUICAO="985600162083" SIGLA-INSTITUICAO="ANA" SIGLA-UF-INSTITUICAO="DF" SIGLA-PAIS-INSTITUICAO="BRA" NOME-PAIS-INSTITUICAO="Brasil" FLAG-AGENCIA-FOMENTO="NAO" FLAG-INSTITUICAO-DE-ENSINO="NAO"/></INFORMACOES-ADICIONAIS-INSTITUICOES><INFORMACOES-ADICIONAIS-CURSOS><INFORMACAO-ADICIONAL-CURSO CODIGO-CURSO="60583258" CODIGO-ORGAO="" NOME-ORGAO="" CODIGO-INSTITUICAO="294811000002" NOME-INSTITUICAO="FACULDADE ESTÁCIO DE SÁ DE CAMPO GRANDE" NOME-GRANDE-AREA-DO-CONHECIMENTO="OUTROS" NOME-DA-AREA-DO-CONHECIMENTO="" NOME-DA-SUB-AREA-DO-CONHECIMENTO="" NOME-DA-ESPECIALIDADE="" NIVEL-CURSO="GRADUACAO"/><INFORMACAO-ADICIONAL-CURSO CODIGO-CURSO="90000000" CODIGO-ORGAO="" NOME-ORGAO="" CODIGO-INSTITUICAO="832500000009" NOME-INSTITUICAO="Universidade Estadual do Norte Fluminense Darcy Ribeiro" NOME-GRANDE-AREA-DO-CONHECIMENTO="CIENCIAS_BIOLOGICAS" NOME-DA-AREA-DO-CONHECIMENTO="Ecologia" NOME-DA-SUB-AREA-DO-CONHECIMENTO="" NOME-DA-ESPECIALIDADE="" NIVEL-CURSO="GRADUACAO"/><INFORMACAO-ADICIONAL-CURSO CODIGO-CURSO="90000001" CODIGO-ORGAO="" NOME-ORGAO="" CODIGO-INSTITUICAO="832500000009" NOME-INSTITUICAO="Universidade Estadual do Norte Fluminense Darcy Ribeiro" NOME-GRANDE-AREA-DO-CONHECIMENTO="OUTROS" NOME-DA-AREA-DO-CONHECIMENTO="Multidisciplinar" NOME-DA-SUB-AREA-DO-CONHECIMENTO="" NOME-DA-ESPECIALIDADE="" NIVEL-CURSO="CURSO_DE_CURTA_DURACAO"/><INFORMACAO-ADICIONAL-CURSO CODIGO-CURSO="90000002" CODIGO-ORGAO="" NOME-ORGAO="" CODIGO-INSTITUICAO="832500000009" NOME-INSTITUICAO="Universidade Estadual do Norte Fluminense Darcy Ribeiro" NOME-GRANDE-AREA-DO-CONHECIMENTO="OUTROS" NOME-DA-AREA-DO-CONHECIMENTO="Multidisciplinar" NOME-DA-SUB-AREA-DO-CONHECIMENTO="" NOME-DA-ESPECIALIDADE="" NIVEL-CURSO="OT"/><INFORMACAO-ADICIONAL-CURSO CODIGO-CURSO="90000003" CODIGO-ORGAO="" NOME-ORGAO="" CODIGO-INSTITUICAO="294800000006" NOME-INSTITUICAO="Universidade Estácio de Sá" NOME-GRANDE-AREA-DO-CONHECIMENTO="OUTROS" NOME-DA-AREA-DO-CONHECIMENTO="Multidisciplinar" NOME-DA-SUB-AREA-DO-CONHECIMENTO="" NOME-DA-ESPECIALIDADE="" NIVEL-CURSO="CURSO_DE_CURTA_DURACAO"/><INFORMACAO-ADICIONAL-CURSO CODIGO-CURSO="90000004" CODIGO-ORGAO="" NOME-ORGAO="" CODIGO-INSTITUICAO="832500000009" NOME-INSTITUICAO="Universidade Estadual do Norte Fluminense Darcy Ribeiro" NOME-GRANDE-AREA-DO-CONHECIMENTO="OUTROS" NOME-DA-AREA-DO-CONHECIMENTO="Multidisciplinar" NOME-DA-SUB-AREA-DO-CONHECIMENTO="" NOME-DA-ESPECIALIDADE="" NIVEL-CURSO="CURSO_DE_CURTA_DURACAO"/><INFORMACAO-ADICIONAL-CURSO CODIGO-CURSO="90000005" CODIGO-ORGAO="" NOME-ORGAO="" CODIGO-INSTITUICAO="832500000009" NOME-INSTITUICAO="Universidade Estadual do Norte Fluminense Darcy Ribeiro" NOME-GRANDE-AREA-DO-CONHECIMENTO="CIENCIAS_BIOLOGICAS" NOME-DA-AREA-DO-CONHECIMENTO="Ecologia" NOME-DA-SUB-AREA-DO-CONHECIMENTO="" NOME-DA-ESPECIALIDADE="" NIVEL-CURSO="CURSO_DE_CURTA_DURACAO"/><INFORMACAO-ADICIONAL-CURSO CODIGO-CURSO="90000006" CODIGO-ORGAO="" NOME-ORGAO="" CODIGO-INSTITUICAO="832500000009" NOME-INSTITUICAO="Universidade Estadual do Norte Fluminense Darcy Ribeiro" NOME-GRANDE-AREA-DO-CONHECIMENTO="OUTROS" NOME-DA-AREA-DO-CONHECIMENTO="Ciências Ambientais" NOME-DA-SUB-AREA-DO-CONHECIMENTO="" NOME-DA-ESPECIALIDADE="" NIVEL-CURSO="CURSO_DE_CURTA_DURACAO"/><INFORMACAO-ADICIONAL-CURSO CODIGO-CURSO="90000007" CODIGO-ORGAO="" NOME-ORGAO="" CODIGO-INSTITUICAO="832500000009" NOME-INSTITUICAO="Universidade Estadual do Norte Fluminense Darcy Ribeiro" NOME-GRANDE-AREA-DO-CONHECIMENTO="OUTROS" NOME-DA-AREA-DO-CONHECIMENTO="Multidisciplinar" NOME-DA-SUB-AREA-DO-CONHECIMENTO="" NOME-DA-ESPECIALIDADE="" NIVEL-CURSO="CURSO_DE_CURTA_DURACAO"/><INFORMACAO-ADICIONAL-CURSO CODIGO-CURSO="90000008" CODIGO-ORGAO="" NOME-ORGAO="" CODIGO-INSTITUICAO="832500000009" NOME-INSTITUICAO="Universidade Estadual do Norte Fluminense Darcy Ribeiro" NOME-GRANDE-AREA-DO-CONHECIMENTO="CIENCIAS_BIOLOGICAS" NOME-DA-AREA-DO-CONHECIMENTO="Ecologia" NOME-DA-SUB-AREA-DO-CONHECIMENTO="" NOME-DA-ESPECIALIDADE="" NIVEL-CURSO="CURSO_DE_CURTA_DURACAO"/><INFORMACAO-ADICIONAL-CURSO CODIGO-CURSO="90000009" CODIGO-ORGAO="" NOME-ORGAO="" CODIGO-INSTITUICAO="832500000009" NOME-INSTITUICAO="Universidade Estadual do Norte Fluminense Darcy Ribeiro" NOME-GRANDE-AREA-DO-CONHECIMENTO="CIENCIAS_AGRARIAS" NOME-DA-AREA-DO-CONHECIMENTO="Medicina Veterinária" NOME-DA-SUB-AREA-DO-CONHECIMENTO="" NOME-DA-ESPECIALIDADE="" NIVEL-CURSO="CURSO_DE_CURTA_DURACAO"/><INFORMACAO-ADICIONAL-CURSO CODIGO-CURSO="90000010" CODIGO-ORGAO="" NOME-ORGAO="" CODIGO-INSTITUICAO="032600000000" NOME-INSTITUICAO="Universidade do Estado do Rio de Janeiro" NOME-GRANDE-AREA-DO-CONHECIMENTO="ENGENHARIAS" NOME-DA-AREA-DO-CONHECIMENTO="Engenharia Sanitária" NOME-DA-SUB-AREA-DO-CONHECIMENTO="" NOME-DA-ESPECIALIDADE="" NIVEL-CURSO="MESTRADO"/><INFORMACAO-ADICIONAL-CURSO CODIGO-CURSO="90000011" CODIGO-ORGAO="" NOME-ORGAO="" CODIGO-INSTITUICAO="032600000000" NOME-INSTITUICAO="Universidade do Estado do Rio de Janeiro" NOME-GRANDE-AREA-DO-CONHECIMENTO="CIENCIAS_EXATAS_E_DA_TERRA" NOME-DA-AREA-DO-CONHECIMENTO="Geociências" NOME-DA-SUB-AREA-DO-CONHECIMENTO="Geografia Física" NOME-DA-ESPECIALIDADE="" NIVEL-CURSO="CURSO_DE_CURTA_DURACAO"/><INFORMACAO-ADICIONAL-CURSO CODIGO-CURSO="90000012" CODIGO-ORGAO="" NOME-ORGAO="" CODIGO-INSTITUICAO="000400000997" NOME-INSTITUICAO="Portal Educação" NOME-GRANDE-AREA-DO-CONHECIMENTO="CIENCIAS_BIOLOGICAS" NOME-DA-AREA-DO-CONHECIMENTO="Microbiologia" NOME-DA-SUB-AREA-DO-CONHECIMENTO="Biologia e Fisiologia dos Microorganismos" NOME-DA-ESPECIALIDADE="" NIVEL-CURSO="CURSO_DE_CURTA_DURACAO"/><INFORMACAO-ADICIONAL-CURSO CODIGO-CURSO="90000013" CODIGO-ORGAO="" NOME-ORGAO="" CODIGO-INSTITUICAO="000500000999" NOME-INSTITUICAO="Centro Cultural Anglo Americano" NOME-GRANDE-AREA-DO-CONHECIMENTO="LINGUISTICA_LETRAS_E_ARTES" NOME-DA-AREA-DO-CONHECIMENTO="Letras" NOME-DA-SUB-AREA-DO-CONHECIMENTO="Línguas Estrangeiras Modernas" NOME-DA-ESPECIALIDADE="" NIVEL-CURSO="OT"/><INFORMACAO-ADICIONAL-CURSO CODIGO-CURSO="90000014" CODIGO-ORGAO="" NOME-ORGAO="" CODIGO-INSTITUICAO="000600000990" NOME-INSTITUICAO="Instituto Ecológico Aqualung" NOME-GRANDE-AREA-DO-CONHECIMENTO="ENGENHARIAS" NOME-DA-AREA-DO-CONHECIMENTO="Engenharia Sanitária" NOME-DA-SUB-AREA-DO-CONHECIMENTO="Saneamento Básico" NOME-DA-ESPECIALIDADE="" NIVEL-CURSO="CURSO_DE_CURTA_DURACAO"/><INFORMACAO-ADICIONAL-CURSO CODIGO-CURSO="90000015" CODIGO-ORGAO="" NOME-ORGAO="" CODIGO-INSTITUICAO="985600162083" NOME-INSTITUICAO="Agência Nacional de Águas" NOME-GRANDE-AREA-DO-CONHECIMENTO="OUTROS" NOME-DA-AREA-DO-CONHECIMENTO="Multidisciplinar" NOME-DA-SUB-AREA-DO-CONHECIMENTO="" NOME-DA-ESPECIALIDADE="" NIVEL-CURSO="CURSO_DE_CURTA_DURACAO"/><INFORMACAO-ADICIONAL-CURSO CODIGO-CURSO="90000016" CODIGO-ORGAO="" NOME-ORGAO="" CODIGO-INSTITUICAO="985600162083" NOME-INSTITUICAO="Agência Nacional de Águas" NOME-GRANDE-AREA-DO-CONHECIMENTO="OUTROS" NOME-DA-AREA-DO-CONHECIMENTO="Multidisciplinar" NOME-DA-SUB-AREA-DO-CONHECIMENTO="" NOME-DA-ESPECIALIDADE="" NIVEL-CURSO="CURSO_DE_CURTA_DURACAO"/><INFORMACAO-ADICIONAL-CURSO CODIGO-CURSO="90000017" CODIGO-ORGAO="" NOME-ORGAO="" CODIGO-INSTITUICAO="000600000990" NOME-INSTITUICAO="Instituto Ecológico Aqualung" NOME-GRANDE-AREA-DO-CONHECIMENTO="OUTROS" NOME-DA-AREA-DO-CONHECIMENTO="Multidisciplinar" NOME-DA-SUB-AREA-DO-CONHECIMENTO="" NOME-DA-ESPECIALIDADE="" NIVEL-CURSO="CURSO_DE_CURTA_DURACAO"/></INFORMACOES-ADICIONAIS-CURSOS></DADOS-COMPLEMENTARES><eventos/><DADOS-GERAIS-COMPLEMENTO><DATA-VALIDACAO>1481981434000</DATA-VALIDACAO><DATA-ATUALIZACAO-CURRICULO>1481981434000</DATA-ATUALIZACAO-CURRICULO><EMAIL-ALTERNATIVO>ialmeida@unisuamdoc.com.br</EMAIL-ALTERNATIVO><IDIOMA-CURRICULO>PT</IDIOMA-CURRICULO><VERSAO-INGLES>S</VERSAO-INGLES><VALIDADO-SRF>N</VALIDADO-SRF></DADOS-GERAIS-COMPLEMENTO></CURRICULO-VITAE>