<CURRICULO-VITAE SISTEMA-ORIGEM-XML="LATTES_OFFLINE" NUMERO-IDENTIFICADOR="6854786205996991" FORMATO-DATA-ATUALIZACAO="DDMMAAAA" DATA-ATUALIZACAO="20032017" FORMATO-HORA-ATUALIZACAO="HHMMSS" HORA-ATUALIZACAO="123205"><DADOS-GERAIS NOME-COMPLETO="Daniel Lins de Sales" NOME-EM-CITACOES-BIBLIOGRAFICAS="SALES, Daniel Lins de;Simas, Alessandro B.C.;SIMAS, ALESSANDRO B. C." NACIONALIDADE="B" PAIS-DE-NASCIMENTO="Brasil" FORMATO-DATA-DE-NASCIMENTO="DDMMAAAA" FORMATO-DATA-DE-EMISSAO="DDMMAAAA" PERMISSAO-DE-DIVULGACAO="NAO" DATA-FALECIMENTO="" SIGLA-PAIS-NACIONALIDADE="BRA" PAIS-DE-NACIONALIDADE="Brasil"><RESUMO-CV TEXTO-RESUMO-CV-RH="possui graduação em Farmácia Industrial pela Universidade Federal do Rio de Janeiro e mestrado em Química de Produtos Naturais pela Universidade Federal do Rio de Janeiro (área do conhecimento:Química). Atualmente, é professor do Centro Universitário Augusto Motta, pós-graduando do Programa de Pós-Graduação em Tecnologia de Processos Químicos e Bioquímicos EQ/UFRJ (área do conhecimento: Engenharia Química) e Sócio Fundador -Diretor Executivo da Primer Sensorial Serviços Tecnológicos LTDA (http://www.primersensorial.com.br/)." TEXTO-RESUMO-CV-RH-EN="graduate at Farmácia from Universidade Federal do Rio de Janeiro (2004) and master's at Chemistry from Universidade Federal do Rio de Janeiro (2006). , acting on the following subjects: enolfosfatos."/><ENDERECO FLAG-DE-PREFERENCIA="ENDERECO_RESIDENCIAL"><ENDERECO-PROFISSIONAL CODIGO-INSTITUICAO-EMPRESA="201900000008" NOME-INSTITUICAO-EMPRESA="Centro Universitário Augusto Motta" CODIGO-ORGAO="201902000994" NOME-ORGAO="Bonsucesso, Campo Grande e Jacarepaguá" CODIGO-UNIDADE="" NOME-UNIDADE="" LOGRADOURO-COMPLEMENTO="Av Paris 72" PAIS="Brasil" UF="RJ" CEP="21041020" CIDADE="Rio de Janeiro" BAIRRO="Bonsucesso" DDD="21" TELEFONE="38829797" RAMAL="" FAX="" E-MAIL="linsdaniel80@yahoo.com.br" HOME-PAGE="www.unisuam.edu.br/"/></ENDERECO><FORMACAO-ACADEMICA-TITULACAO><GRADUACAO SEQUENCIA-FORMACAO="4" NIVEL="1" TITULO-DO-TRABALHO-DE-CONCLUSAO-DE-CURSO="" NOME-DO-ORIENTADOR="" CODIGO-INSTITUICAO="020200000009" NOME-INSTITUICAO="Universidade Federal do Rio de Janeiro" CODIGO-ORGAO="" NOME-ORGAO="" CODIGO-CURSO="90000002" NOME-CURSO="Farmácia Industrial" CODIGO-AREA-CURSO="90000002" STATUS-DO-CURSO="CONCLUIDO" ANO-DE-INICIO="2005" ANO-DE-CONCLUSAO="2008" FLAG-BOLSA="NAO" CODIGO-AGENCIA-FINANCIADORA="" NOME-AGENCIA="" NUMERO-ID-ORIENTADOR="" CODIGO-CURSO-CAPES="" TITULO-DO-TRABALHO-DE-CONCLUSAO-DE-CURSO-INGLES="" NOME-CURSO-INGLES="" FORMACAO-ACADEMICA-TITULACAO="" TIPO-GRADUACAO="" CODIGO-INSTITUICAO-GRAD="" NOME-INSTITUICAO-GRAD="" CODIGO-INSTITUICAO-OUTRA-GRAD="" NOME-INSTITUICAO-OUTRA-GRAD="" NOME-ORIENTADOR-GRAD=""/><GRADUACAO SEQUENCIA-FORMACAO="1" NIVEL="1" TITULO-DO-TRABALHO-DE-CONCLUSAO-DE-CURSO="" NOME-DO-ORIENTADOR="" CODIGO-INSTITUICAO="020200000009" NOME-INSTITUICAO="Universidade Federal do Rio de Janeiro" CODIGO-ORGAO="" NOME-ORGAO="" CODIGO-CURSO="90000001" NOME-CURSO="Farmácia" CODIGO-AREA-CURSO="90000001" STATUS-DO-CURSO="CONCLUIDO" ANO-DE-INICIO="2000" ANO-DE-CONCLUSAO="2004" FLAG-BOLSA="NAO" CODIGO-AGENCIA-FINANCIADORA="" NOME-AGENCIA="" NUMERO-ID-ORIENTADOR="" CODIGO-CURSO-CAPES="" TITULO-DO-TRABALHO-DE-CONCLUSAO-DE-CURSO-INGLES="" NOME-CURSO-INGLES="" FORMACAO-ACADEMICA-TITULACAO="" TIPO-GRADUACAO="" CODIGO-INSTITUICAO-GRAD="" NOME-INSTITUICAO-GRAD="" CODIGO-INSTITUICAO-OUTRA-GRAD="" NOME-INSTITUICAO-OUTRA-GRAD="" NOME-ORIENTADOR-GRAD=""/><ESPECIALIZACAO SEQUENCIA-FORMACAO="14" NIVEL="2" TITULO-DA-MONOGRAFIA="" NOME-DO-ORIENTADOR="" CODIGO-INSTITUICAO="000400000008" NOME-INSTITUICAO="Fundação Getúlio Vargas" CODIGO-ORGAO="" NOME-ORGAO="" CODIGO-CURSO="90000018" NOME-CURSO="MBA em Gestão Empresarial" STATUS-DO-CURSO="EM_ANDAMENTO" ANO-DE-INICIO="2015" ANO-DE-CONCLUSAO="" FLAG-BOLSA="NAO" CODIGO-AGENCIA-FINANCIADORA="" NOME-AGENCIA="" CARGA-HORARIA="432" TITULO-DA-MONOGRAFIA-INGLES="" NOME-CURSO-INGLES=""/><MESTRADO SEQUENCIA-FORMACAO="2" NIVEL="3" CODIGO-INSTITUICAO="020200000009" NOME-INSTITUICAO="Universidade Federal do Rio de Janeiro" CODIGO-ORGAO="" NOME-ORGAO="" CODIGO-CURSO="31000096" NOME-CURSO="Química de Produtos Naturais" CODIGO-AREA-CURSO="10600000" STATUS-DO-CURSO="CONCLUIDO" ANO-DE-INICIO="2004" ANO-DE-CONCLUSAO="2006" FLAG-BOLSA="SIM" CODIGO-AGENCIA-FINANCIADORA="045000000000" NOME-AGENCIA="Coordenação de Aperfeiçoamento de Pessoal de Nível Superior" ANO-DE-OBTENCAO-DO-TITULO="2006" TITULO-DA-DISSERTACAO-TESE="Aplicação de acoplamentos cruzados de enolfosfatos, catalisados por Pd(0), na síntese de  -aminoálcoois, precursores potenciais de micromoléculas bioativas." NOME-COMPLETO-DO-ORIENTADOR="Alessandro Bolis Costa Simas" TIPO-MESTRADO="" NUMERO-ID-ORIENTADOR="8441599971362518" CODIGO-CURSO-CAPES="31001017009P5" TITULO-DA-DISSERTACAO-TESE-INGLES="" NOME-CURSO-INGLES="Chemistry" NOME-DO-CO-ORIENTADOR="" CODIGO-INSTITUICAO-DOUT="" NOME-INSTITUICAO-DOUT="" CODIGO-INSTITUICAO-OUTRA-DOUT="" NOME-INSTITUICAO-OUTRA-DOUT="" NOME-ORIENTADOR-DOUT=""><PALAVRAS-CHAVE PALAVRA-CHAVE-1="Reações de acoplamento cruzado" PALAVRA-CHAVE-2="Enolfosfatos" PALAVRA-CHAVE-3="Aminoálcool vicinal" PALAVRA-CHAVE-4="" PALAVRA-CHAVE-5="" PALAVRA-CHAVE-6=""/><conceitoCapes/></MESTRADO><DOUTORADO SEQUENCIA-FORMACAO="7" NIVEL="4" CODIGO-INSTITUICAO="020200000009" NOME-INSTITUICAO="Universidade Federal do Rio de Janeiro" CODIGO-ORGAO="" NOME-ORGAO="" CODIGO-CURSO="31000371" NOME-CURSO="Tecnologia de Processos Químicos e Bioquímicos" CODIGO-AREA-CURSO="30600006" STATUS-DO-CURSO="EM_ANDAMENTO" ANO-DE-INICIO="2013" ANO-DE-CONCLUSAO="" FLAG-BOLSA="NAO" CODIGO-AGENCIA-FINANCIADORA="" NOME-AGENCIA="" ANO-DE-OBTENCAO-DO-TITULO="" TITULO-DA-DISSERTACAO-TESE="NOVA PROPOSTA DE FORMULAÇÃO DA ASSOCIAÇÃO ARTESUNATO E CLORIDRATO DE MEFLOQUINA PELO PROCESSO HOT-MELT EXTRUSION (HME)" NOME-COMPLETO-DO-ORIENTADOR="Profa. Dra. Maria Helena Miguez da Rocha Leão." TIPO-DOUTORADO="N" CODIGO-INSTITUICAO-DOUT="" NOME-INSTITUICAO-DOUT="" CODIGO-INSTITUICAO-OUTRA-DOUT="" NOME-INSTITUICAO-OUTRA-DOUT="" NOME-ORIENTADOR-DOUT="" NUMERO-ID-ORIENTADOR="8221521077405750" CODIGO-CURSO-CAPES="31001017037P9" TITULO-DA-DISSERTACAO-TESE-INGLES="" NOME-CURSO-INGLES="Chemical Engineering" NOME-DO-ORIENTADOR-CO-TUTELA="" CODIGO-INSTITUICAO-OUTRA-CO-TUTELA="" CODIGO-INSTITUICAO-CO-TUTELA="" NOME-DO-ORIENTADOR-SANDUICHE="" CODIGO-INSTITUICAO-OUTRA-SANDUICHE="" CODIGO-INSTITUICAO-SANDUICHE="" NOME-DO-CO-ORIENTADOR=""><PALAVRAS-CHAVE PALAVRA-CHAVE-1="HME" PALAVRA-CHAVE-2="formulação" PALAVRA-CHAVE-3="" PALAVRA-CHAVE-4="" PALAVRA-CHAVE-5="" PALAVRA-CHAVE-6=""/><AREAS-DO-CONHECIMENTO><AREA-DO-CONHECIMENTO-1 NOME-GRANDE-AREA-DO-CONHECIMENTO="CIENCIAS_DA_SAUDE" NOME-DA-AREA-DO-CONHECIMENTO="" NOME-DA-SUB-AREA-DO-CONHECIMENTO="" NOME-DA-ESPECIALIDADE=""/><AREA-DO-CONHECIMENTO-2 NOME-GRANDE-AREA-DO-CONHECIMENTO="ENGENHARIAS" NOME-DA-AREA-DO-CONHECIMENTO="Engenharia Química" NOME-DA-SUB-AREA-DO-CONHECIMENTO="" NOME-DA-ESPECIALIDADE=""/></AREAS-DO-CONHECIMENTO><SETORES-DE-ATIVIDADE SETOR-DE-ATIVIDADE-1="Fabricação de produtos farmoquímicos e farmacêuticos" SETOR-DE-ATIVIDADE-2="" SETOR-DE-ATIVIDADE-3=""/><conceitoCapes/></DOUTORADO><DOUTORADO SEQUENCIA-FORMACAO="3" NIVEL="4" CODIGO-INSTITUICAO="020200000009" NOME-INSTITUICAO="Universidade Federal do Rio de Janeiro" CODIGO-ORGAO="" NOME-ORGAO="" CODIGO-CURSO="31000096" NOME-CURSO="Química de Produtos Naturais" CODIGO-AREA-CURSO="10600000" STATUS-DO-CURSO="INCOMPLETO" ANO-DE-INICIO="2006" ANO-DE-CONCLUSAO="2011" FLAG-BOLSA="NAO" CODIGO-AGENCIA-FINANCIADORA="" NOME-AGENCIA="" ANO-DE-OBTENCAO-DO-TITULO="" TITULO-DA-DISSERTACAO-TESE="Estudo de reações de acoplamento cruzado de Pd(0) para obtenção de Alcalóides." NOME-COMPLETO-DO-ORIENTADOR="Alessandro Bolis Costa Simas" TIPO-DOUTORADO="N" CODIGO-INSTITUICAO-DOUT="" NOME-INSTITUICAO-DOUT="" CODIGO-INSTITUICAO-OUTRA-DOUT="" NOME-INSTITUICAO-OUTRA-DOUT="" NOME-ORIENTADOR-DOUT="" NUMERO-ID-ORIENTADOR="" CODIGO-CURSO-CAPES="31001017009P5" TITULO-DA-DISSERTACAO-TESE-INGLES="" NOME-CURSO-INGLES="Chemistry" NOME-DO-ORIENTADOR-CO-TUTELA="" CODIGO-INSTITUICAO-OUTRA-CO-TUTELA="" CODIGO-INSTITUICAO-CO-TUTELA="" NOME-DO-ORIENTADOR-SANDUICHE="" CODIGO-INSTITUICAO-OUTRA-SANDUICHE="" CODIGO-INSTITUICAO-SANDUICHE="" NOME-DO-CO-ORIENTADOR=""><conceitoCapes/></DOUTORADO></FORMACAO-ACADEMICA-TITULACAO><ATUACOES-PROFISSIONAIS><ATUACAO-PROFISSIONAL CODIGO-INSTITUICAO="201900000008" NOME-INSTITUICAO="Centro Universitário Augusto Motta" SEQUENCIA-ATIVIDADE="1" SEQUENCIA-IMPORTANCIA="1"><VINCULOS SEQUENCIA-HISTORICO="1" TIPO-DE-VINCULO="CELETISTA" ENQUADRAMENTO-FUNCIONAL="LIVRE" CARGA-HORARIA-SEMANAL="20" FLAG-DEDICACAO-EXCLUSIVA="NAO" MES-INICIO="02" ANO-INICIO="2009" MES-FIM="" ANO-FIM="" OUTRAS-INFORMACOES="" FLAG-VINCULO-EMPREGATICIO="NAO" OUTRO-VINCULO-INFORMADO="" OUTRO-ENQUADRAMENTO-FUNCIONAL-INFORMADO="Professor Auxiliar" OUTRO-ENQUADRAMENTO-FUNCIONAL-INFORMADO-INGLES="" OUTRAS-INFORMACOES-INGLES=""/><ATIVIDADES-DE-ENSINO><ENSINO SEQUENCIA-FUNCAO-ATIVIDADE="1" FLAG-PERIODO="ATUAL" TIPO-ENSINO="GRADUACAO" MES-INICIO="02" ANO-INICIO="2017" MES-FIM="" ANO-FIM="" CODIGO-ORGAO="" NOME-ORGAO="" CODIGO-CURSO="60118920" NOME-CURSO="Farmácia" NOME-CURSO-INGLES=""><DISCIPLINA SEQUENCIA-ESPECIFICACAO="1">Análise Orgânica; Química Orgânica; Reações em Química Orgânica; Reações em Química Orgânica Experimental</DISCIPLINA></ENSINO><ENSINO SEQUENCIA-FUNCAO-ATIVIDADE="2" FLAG-PERIODO="ANTERIOR" TIPO-ENSINO="GRADUACAO" MES-INICIO="08" ANO-INICIO="2016" MES-FIM="12" ANO-FIM="2016" CODIGO-ORGAO="" NOME-ORGAO="" CODIGO-CURSO="60118920" NOME-CURSO="Farmácia" NOME-CURSO-INGLES=""><DISCIPLINA SEQUENCIA-ESPECIFICACAO="1">Química Medicinal; Química Orgânica; Análise Orgânica</DISCIPLINA></ENSINO><ENSINO SEQUENCIA-FUNCAO-ATIVIDADE="3" FLAG-PERIODO="ANTERIOR" TIPO-ENSINO="GRADUACAO" MES-INICIO="02" ANO-INICIO="2016" MES-FIM="07" ANO-FIM="2016" CODIGO-ORGAO="" NOME-ORGAO="" CODIGO-CURSO="60118920" NOME-CURSO="Farmácia" NOME-CURSO-INGLES=""><DISCIPLINA SEQUENCIA-ESPECIFICACAO="1">Química Orgânica; Análise Orgânica</DISCIPLINA></ENSINO><ENSINO SEQUENCIA-FUNCAO-ATIVIDADE="5" FLAG-PERIODO="ANTERIOR" TIPO-ENSINO="GRADUACAO" MES-INICIO="02" ANO-INICIO="2015" MES-FIM="07" ANO-FIM="2015" CODIGO-ORGAO="" NOME-ORGAO="" CODIGO-CURSO="60118920" NOME-CURSO="Farmácia" NOME-CURSO-INGLES=""><DISCIPLINA SEQUENCIA-ESPECIFICACAO="1">Química Orgânica; Análise Orgânica.</DISCIPLINA></ENSINO><ENSINO SEQUENCIA-FUNCAO-ATIVIDADE="6" FLAG-PERIODO="ANTERIOR" TIPO-ENSINO="GRADUACAO" MES-INICIO="08" ANO-INICIO="2014" MES-FIM="12" ANO-FIM="2014" CODIGO-ORGAO="" NOME-ORGAO="" CODIGO-CURSO="60118920" NOME-CURSO="Farmácia" NOME-CURSO-INGLES=""><DISCIPLINA SEQUENCIA-ESPECIFICACAO="1">Fundamentos da Química Orgânica; Química Orgânica; Química Geral e Inorgânica</DISCIPLINA></ENSINO><ENSINO SEQUENCIA-FUNCAO-ATIVIDADE="7" FLAG-PERIODO="ANTERIOR" TIPO-ENSINO="GRADUACAO" MES-INICIO="02" ANO-INICIO="2014" MES-FIM="07" ANO-FIM="2014" CODIGO-ORGAO="" NOME-ORGAO="" CODIGO-CURSO="60118920" NOME-CURSO="Farmácia" NOME-CURSO-INGLES=""><DISCIPLINA SEQUENCIA-ESPECIFICACAO="1">Fundamentos da Química Orgânica; Análise Orgânica;</DISCIPLINA></ENSINO><ENSINO SEQUENCIA-FUNCAO-ATIVIDADE="8" FLAG-PERIODO="ANTERIOR" TIPO-ENSINO="GRADUACAO" MES-INICIO="08" ANO-INICIO="2013" MES-FIM="12" ANO-FIM="2013" CODIGO-ORGAO="" NOME-ORGAO="" CODIGO-CURSO="60118920" NOME-CURSO="Farmácia" NOME-CURSO-INGLES=""><DISCIPLINA SEQUENCIA-ESPECIFICACAO="1">Química Geral e Inorgânica; 	Química Analítica Quantitativa; Química Orgânica.</DISCIPLINA></ENSINO><ENSINO SEQUENCIA-FUNCAO-ATIVIDADE="9" FLAG-PERIODO="ANTERIOR" TIPO-ENSINO="GRADUACAO" MES-INICIO="02" ANO-INICIO="2013" MES-FIM="07" ANO-FIM="2013" CODIGO-ORGAO="" NOME-ORGAO="" CODIGO-CURSO="60118920" NOME-CURSO="Farmácia" NOME-CURSO-INGLES=""><DISCIPLINA SEQUENCIA-ESPECIFICACAO="1">Química Orgânica; Análise Orgânica; Química Analítica Quantitativa; Fundamentos da Química Orgânica;</DISCIPLINA></ENSINO><ENSINO SEQUENCIA-FUNCAO-ATIVIDADE="10" FLAG-PERIODO="ANTERIOR" TIPO-ENSINO="GRADUACAO" MES-INICIO="08" ANO-INICIO="2012" MES-FIM="12" ANO-FIM="2012" CODIGO-ORGAO="" NOME-ORGAO="" CODIGO-CURSO="60118920" NOME-CURSO="Farmácia" NOME-CURSO-INGLES=""><DISCIPLINA SEQUENCIA-ESPECIFICACAO="1">Química Geral e Inorgânica; Química Orgânica; Análise Orgânica; Química Analítica Quantitativa; Química Analítica Qualitativa; Fundamentos da Química Orgânica</DISCIPLINA></ENSINO><ENSINO SEQUENCIA-FUNCAO-ATIVIDADE="11" FLAG-PERIODO="ANTERIOR" TIPO-ENSINO="GRADUACAO" MES-INICIO="02" ANO-INICIO="2012" MES-FIM="07" ANO-FIM="2012" CODIGO-ORGAO="" NOME-ORGAO="" CODIGO-CURSO="60118920" NOME-CURSO="Farmácia" NOME-CURSO-INGLES=""><DISCIPLINA SEQUENCIA-ESPECIFICACAO="1">Química Geral e Inorgânica; Química Orgânica; Análise Orgânica; Química Analítica Quantitativa</DISCIPLINA></ENSINO><ENSINO SEQUENCIA-FUNCAO-ATIVIDADE="12" FLAG-PERIODO="ANTERIOR" TIPO-ENSINO="GRADUACAO" MES-INICIO="08" ANO-INICIO="2011" MES-FIM="12" ANO-FIM="2011" CODIGO-ORGAO="" NOME-ORGAO="" CODIGO-CURSO="60118920" NOME-CURSO="Farmácia" NOME-CURSO-INGLES=""><DISCIPLINA SEQUENCIA-ESPECIFICACAO="1">Fundamentos da Química Orgânica; Química Orgânica; Análise Orgânica; Química Analítica Quantitativa; Química Geral e Inorgânica;</DISCIPLINA></ENSINO><ENSINO SEQUENCIA-FUNCAO-ATIVIDADE="13" FLAG-PERIODO="ANTERIOR" TIPO-ENSINO="GRADUACAO" MES-INICIO="02" ANO-INICIO="2011" MES-FIM="07" ANO-FIM="2011" CODIGO-ORGAO="" NOME-ORGAO="" CODIGO-CURSO="60118920" NOME-CURSO="Farmácia" NOME-CURSO-INGLES=""><DISCIPLINA SEQUENCIA-ESPECIFICACAO="1">Química Geral e Inorgânica; Análise Orgânica; Química Orgânica; </DISCIPLINA></ENSINO><ENSINO SEQUENCIA-FUNCAO-ATIVIDADE="14" FLAG-PERIODO="ANTERIOR" TIPO-ENSINO="GRADUACAO" MES-INICIO="02" ANO-INICIO="2011" MES-FIM="07" ANO-FIM="2011" CODIGO-ORGAO="" NOME-ORGAO="" CODIGO-CURSO="60255595" NOME-CURSO="Engenharia de Petróleo" NOME-CURSO-INGLES=""><DISCIPLINA SEQUENCIA-ESPECIFICACAO="1">Química Teórica e Experimental</DISCIPLINA></ENSINO><ENSINO SEQUENCIA-FUNCAO-ATIVIDADE="15" FLAG-PERIODO="ANTERIOR" TIPO-ENSINO="GRADUACAO" MES-INICIO="08" ANO-INICIO="2010" MES-FIM="12" ANO-FIM="2010" CODIGO-ORGAO="" NOME-ORGAO="" CODIGO-CURSO="60118920" NOME-CURSO="Farmácia" NOME-CURSO-INGLES=""><DISCIPLINA SEQUENCIA-ESPECIFICACAO="1">Fundamentos da Química Orgânica; Química Orgânica; Análise Orgânica; Química Analítica Qualitativa; Química Analítica Quantitativa; Química Orgânica Experimental</DISCIPLINA></ENSINO><ENSINO SEQUENCIA-FUNCAO-ATIVIDADE="16" FLAG-PERIODO="ANTERIOR" TIPO-ENSINO="GRADUACAO" MES-INICIO="02" ANO-INICIO="2010" MES-FIM="07" ANO-FIM="2010" CODIGO-ORGAO="" NOME-ORGAO="" CODIGO-CURSO="60118920" NOME-CURSO="Farmácia" NOME-CURSO-INGLES=""><DISCIPLINA SEQUENCIA-ESPECIFICACAO="1">Fundamentos da Química Orgânica; Química Orgânica; Análise Orgânica</DISCIPLINA></ENSINO><ENSINO SEQUENCIA-FUNCAO-ATIVIDADE="17" FLAG-PERIODO="ANTERIOR" TIPO-ENSINO="GRADUACAO" MES-INICIO="08" ANO-INICIO="2009" MES-FIM="12" ANO-FIM="2009" CODIGO-ORGAO="" NOME-ORGAO="" CODIGO-CURSO="60118920" NOME-CURSO="Farmácia" NOME-CURSO-INGLES=""><DISCIPLINA SEQUENCIA-ESPECIFICACAO="1">Química Orgânica I; Química Orgânica II; Análise Instrumental; Química Inorgânica Experimental; Estágio II (Farmácia Hospitalar); Trabalho de Conclusão de Curso</DISCIPLINA></ENSINO><ENSINO SEQUENCIA-FUNCAO-ATIVIDADE="18" FLAG-PERIODO="ANTERIOR" TIPO-ENSINO="GRADUACAO" MES-INICIO="02" ANO-INICIO="2009" MES-FIM="07" ANO-FIM="2009" CODIGO-ORGAO="" NOME-ORGAO="" CODIGO-CURSO="60118920" NOME-CURSO="Farmácia" NOME-CURSO-INGLES=""><DISCIPLINA SEQUENCIA-ESPECIFICACAO="1">Química Orgânica I; Química Orgânica II; Análise Instrumental; Estágio I (Farmácia com Manipulação)</DISCIPLINA></ENSINO><ENSINO SEQUENCIA-FUNCAO-ATIVIDADE="4" FLAG-PERIODO="ANTERIOR" TIPO-ENSINO="GRADUACAO" MES-INICIO="08" ANO-INICIO="2015" MES-FIM="12" ANO-FIM="2015" CODIGO-ORGAO="" NOME-ORGAO="" CODIGO-CURSO="60118920" NOME-CURSO="Farmácia" NOME-CURSO-INGLES=""><DISCIPLINA SEQUENCIA-ESPECIFICACAO="1">Química Orgânica; Análise Orgânica; Química Geral e Inorgânica;</DISCIPLINA></ENSINO></ATIVIDADES-DE-ENSINO><atividadesProfissionaisPlanificadas/></ATUACAO-PROFISSIONAL></ATUACOES-PROFISSIONAIS><IDIOMAS><IDIOMA IDIOMA="EN" DESCRICAO-DO-IDIOMA="Inglês" PROFICIENCIA-DE-LEITURA="RAZOAVELMENTE" PROFICIENCIA-DE-FALA="POUCO" PROFICIENCIA-DE-ESCRITA="POUCO" PROFICIENCIA-DE-COMPREENSAO="RAZOAVELMENTE"/><IDIOMA IDIOMA="FR" DESCRICAO-DO-IDIOMA="Francês" PROFICIENCIA-DE-LEITURA="POUCO" PROFICIENCIA-DE-FALA="POUCO" PROFICIENCIA-DE-ESCRITA="POUCO" PROFICIENCIA-DE-COMPREENSAO="POUCO"/></IDIOMAS><PREMIOS-TITULOS><PREMIO-TITULO NOME-DO-PREMIO-OU-TITULO="Painel Premiado na 32 Reunião Anual da SBQ - Acoplamentos cruzados de enol fosfatos alifáticos catalisados por Pd(0)., SBQ." NOME-DA-ENTIDADE-PROMOTORA="" ANO-DA-PREMIACAO="2009" NOME-DO-PREMIO-OU-TITULO-INGLES=""/></PREMIOS-TITULOS><staValidado/><dataExibicao/><dadosBolsista/></DADOS-GERAIS><PRODUCAO-BIBLIOGRAFICA><TRABALHOS-EM-EVENTOS><TRABALHO-EM-EVENTOS SEQUENCIA-PRODUCAO="7"><DADOS-BASICOS-DO-TRABALHO NATUREZA="RESUMO" TITULO-DO-TRABALHO="Estudo de Acoplamentos cruzados catalisados por Pd(0) visando a síntese de  -Aminoálcoois." ANO-DO-TRABALHO="2007" PAIS-DO-EVENTO="Brasil" IDIOMA="Português" MEIO-DE-DIVULGACAO="MEIO_DIGITAL" HOME-PAGE-DO-TRABALHO="" FLAG-RELEVANCIA="SIM" DOI="" TITULO-DO-TRABALHO-INGLES="" FLAG-DIVULGACAO-CIENTIFICA="NAO"/><DETALHAMENTO-DO-TRABALHO CLASSIFICACAO-DO-EVENTO="NACIONAL" NOME-DO-EVENTO="30a Reunião Anual da Sociedade Brasileira de Química" CIDADE-DO-EVENTO="Águas de Lindóia" ANO-DE-REALIZACAO="2007" TITULO-DOS-ANAIS-OU-PROCEEDINGS="Estudo de Acoplamentos cruzados catalisados por Pd(0) visando a síntese de  -Aminoálcoois." VOLUME="0" FASCICULO="" SERIE="" PAGINA-INICIAL="" PAGINA-FINAL="" ISBN="" NOME-DA-EDITORA="" CIDADE-DA-EDITORA="" NOME-DO-EVENTO-INGLES=""/><AUTORES NOME-COMPLETO-DO-AUTOR="Daniel Lins de Sales" NOME-PARA-CITACAO="SALES, Daniel Lins de;Simas, Alessandro B.C.;SIMAS, ALESSANDRO B. C." ORDEM-DE-AUTORIA="1" NRO-ID-CNPQ="6854786205996991"/><AUTORES NOME-COMPLETO-DO-AUTOR="Alessandro Bolis Costa Simas" NOME-PARA-CITACAO="SIMAS, A. B. C." ORDEM-DE-AUTORIA="2" NRO-ID-CNPQ="8441599971362518"/></TRABALHO-EM-EVENTOS><TRABALHO-EM-EVENTOS SEQUENCIA-PRODUCAO="9"><DADOS-BASICOS-DO-TRABALHO NATUREZA="RESUMO" TITULO-DO-TRABALHO="Aplicação de acoplamentos cruzados catalisados por Pd(0) na síntese de piperidinas funcionalizadas." ANO-DO-TRABALHO="2007" PAIS-DO-EVENTO="Brasil" IDIOMA="Português" MEIO-DE-DIVULGACAO="MEIO_DIGITAL" HOME-PAGE-DO-TRABALHO="" FLAG-RELEVANCIA="SIM" DOI="" TITULO-DO-TRABALHO-INGLES="" FLAG-DIVULGACAO-CIENTIFICA="NAO"/><DETALHAMENTO-DO-TRABALHO CLASSIFICACAO-DO-EVENTO="NACIONAL" NOME-DO-EVENTO="30a Reunião Anual da Sociedade Brasileira de Química" CIDADE-DO-EVENTO="Águas de Lindóia" ANO-DE-REALIZACAO="2007" TITULO-DOS-ANAIS-OU-PROCEEDINGS="30 SBQ" VOLUME="0" FASCICULO="" SERIE="" PAGINA-INICIAL="" PAGINA-FINAL="" ISBN="" NOME-DA-EDITORA="" CIDADE-DA-EDITORA="" NOME-DO-EVENTO-INGLES=""/><AUTORES NOME-COMPLETO-DO-AUTOR="Samir Frontino de Almeida Cavalcante" NOME-PARA-CITACAO="CAVALCANTE, S. F. A." ORDEM-DE-AUTORIA="1" NRO-ID-CNPQ="1736959259176583"/><AUTORES NOME-COMPLETO-DO-AUTOR="Daniel Lins de Sales" NOME-PARA-CITACAO="SALES, Daniel Lins de;Simas, Alessandro B.C.;SIMAS, ALESSANDRO B. C." ORDEM-DE-AUTORIA="2" NRO-ID-CNPQ="6854786205996991"/><AUTORES NOME-COMPLETO-DO-AUTOR="André Aureliando Damasceno" NOME-PARA-CITACAO="DAMASCENO, A. A." ORDEM-DE-AUTORIA="3" NRO-ID-CNPQ=""/><AUTORES NOME-COMPLETO-DO-AUTOR="Alessandro Bolis Costa Simas" NOME-PARA-CITACAO="SIMAS, A. B. C." ORDEM-DE-AUTORIA="4" NRO-ID-CNPQ="8441599971362518"/></TRABALHO-EM-EVENTOS><TRABALHO-EM-EVENTOS SEQUENCIA-PRODUCAO="11"><DADOS-BASICOS-DO-TRABALHO NATUREZA="RESUMO" TITULO-DO-TRABALHO="Estudos de Novas Metodologias para a Síntese de Heterociclos Bioativos." ANO-DO-TRABALHO="2006" PAIS-DO-EVENTO="Brasil" IDIOMA="Português" MEIO-DE-DIVULGACAO="MEIO_DIGITAL" HOME-PAGE-DO-TRABALHO="" FLAG-RELEVANCIA="NAO" DOI="" TITULO-DO-TRABALHO-INGLES="" FLAG-DIVULGACAO-CIENTIFICA="NAO"/><DETALHAMENTO-DO-TRABALHO CLASSIFICACAO-DO-EVENTO="NAO_INFORMADO" NOME-DO-EVENTO="II Encontro da Pós-Graduação do Instituto de Química - UFRJ" CIDADE-DO-EVENTO="" ANO-DE-REALIZACAO="2006" TITULO-DOS-ANAIS-OU-PROCEEDINGS="II Encontro da Pós-Graduação do Instituto de Química" VOLUME="0" FASCICULO="" SERIE="" PAGINA-INICIAL="" PAGINA-FINAL="" ISBN="" NOME-DA-EDITORA="" CIDADE-DA-EDITORA="" NOME-DO-EVENTO-INGLES=""/><AUTORES NOME-COMPLETO-DO-AUTOR="Samir Frontino de Almeida Cavalcante" NOME-PARA-CITACAO="CAVALCANTE, S. F. A." ORDEM-DE-AUTORIA="1" NRO-ID-CNPQ="1736959259176583"/><AUTORES NOME-COMPLETO-DO-AUTOR="Daniel Lins de Sales" NOME-PARA-CITACAO="SALES, Daniel Lins de;Simas, Alessandro B.C.;SIMAS, ALESSANDRO B. C." ORDEM-DE-AUTORIA="2" NRO-ID-CNPQ="6854786205996991"/><AUTORES NOME-COMPLETO-DO-AUTOR="André Aureliando Damasceno" NOME-PARA-CITACAO="DAMASCENO, A. A." ORDEM-DE-AUTORIA="3" NRO-ID-CNPQ=""/><AUTORES NOME-COMPLETO-DO-AUTOR="Alessandro Bolis Costa Simas" NOME-PARA-CITACAO="SIMAS, A. B. C." ORDEM-DE-AUTORIA="4" NRO-ID-CNPQ="8441599971362518"/></TRABALHO-EM-EVENTOS><TRABALHO-EM-EVENTOS SEQUENCIA-PRODUCAO="17"><DADOS-BASICOS-DO-TRABALHO NATUREZA="RESUMO" TITULO-DO-TRABALHO="Otimização da Síntese de Enolfosfatos Derivados de Acetamida para um Novo Modo de Construção de 1,2-Aminoálcoois." ANO-DO-TRABALHO="2008" PAIS-DO-EVENTO="Brasil" IDIOMA="Português" MEIO-DE-DIVULGACAO="MEIO_DIGITAL" HOME-PAGE-DO-TRABALHO="" FLAG-RELEVANCIA="NAO" DOI="" TITULO-DO-TRABALHO-INGLES="" FLAG-DIVULGACAO-CIENTIFICA="NAO"/><DETALHAMENTO-DO-TRABALHO CLASSIFICACAO-DO-EVENTO="LOCAL" NOME-DO-EVENTO="I Semana de Pós-Graduação ? NPPN/UFRJ" CIDADE-DO-EVENTO="Rio de Janeiro" ANO-DE-REALIZACAO="2008" TITULO-DOS-ANAIS-OU-PROCEEDINGS="Otimização da Síntese de Enolfosfatos Derivados de Acetamida para um Novo Modo de Construção de 1,2-Aminoálcoois." VOLUME="" FASCICULO="" SERIE="" PAGINA-INICIAL="" PAGINA-FINAL="" ISBN="" NOME-DA-EDITORA="" CIDADE-DA-EDITORA="" NOME-DO-EVENTO-INGLES=""/><AUTORES NOME-COMPLETO-DO-AUTOR="Daniel Lins de Sales" NOME-PARA-CITACAO="SALES, Daniel Lins de;Simas, Alessandro B.C.;SIMAS, ALESSANDRO B. C." ORDEM-DE-AUTORIA="1" NRO-ID-CNPQ="6854786205996991"/><AUTORES NOME-COMPLETO-DO-AUTOR="SOUZA, Ana P. C. F M." NOME-PARA-CITACAO="SOUZA, Ana P. C. F M." ORDEM-DE-AUTORIA="2" NRO-ID-CNPQ=""/><AUTORES NOME-COMPLETO-DO-AUTOR="NETO, Alilson C. S" NOME-PARA-CITACAO="NETO, Alilson C. S" ORDEM-DE-AUTORIA="3" NRO-ID-CNPQ=""/><AUTORES NOME-COMPLETO-DO-AUTOR="Alessandro Bolis Costa Simas" NOME-PARA-CITACAO="SIMAS, A. B. C." ORDEM-DE-AUTORIA="4" NRO-ID-CNPQ="8441599971362518"/></TRABALHO-EM-EVENTOS><TRABALHO-EM-EVENTOS SEQUENCIA-PRODUCAO="18"><DADOS-BASICOS-DO-TRABALHO NATUREZA="RESUMO" TITULO-DO-TRABALHO="On the Optimization of Pd (0)-catalyzed Cross-coupling Reactions of a 2-Stannylated Cyclic Enecarbamate" ANO-DO-TRABALHO="2007" PAIS-DO-EVENTO="Brasil" IDIOMA="Inglês" MEIO-DE-DIVULGACAO="VARIOS" HOME-PAGE-DO-TRABALHO="" FLAG-RELEVANCIA="NAO" DOI="" TITULO-DO-TRABALHO-INGLES="" FLAG-DIVULGACAO-CIENTIFICA="NAO"/><DETALHAMENTO-DO-TRABALHO CLASSIFICACAO-DO-EVENTO="INTERNACIONAL" NOME-DO-EVENTO="12th Brazilian Meeting on Organic Synthesis" CIDADE-DO-EVENTO="Itapema ?SC" ANO-DE-REALIZACAO="2007" TITULO-DOS-ANAIS-OU-PROCEEDINGS="On the Optimization of Pd (0)-catalyzed Cross-coupling Reactions of a 2-Stannylated Cyclic Enecarbamate" VOLUME="" FASCICULO="" SERIE="" PAGINA-INICIAL="" PAGINA-FINAL="" ISBN="" NOME-DA-EDITORA="" CIDADE-DA-EDITORA="" NOME-DO-EVENTO-INGLES=""/><AUTORES NOME-COMPLETO-DO-AUTOR="Daniel Lins de Sales" NOME-PARA-CITACAO="SALES, Daniel Lins de;Simas, Alessandro B.C.;SIMAS, ALESSANDRO B. C." ORDEM-DE-AUTORIA="1" NRO-ID-CNPQ="6854786205996991"/><AUTORES NOME-COMPLETO-DO-AUTOR="Samir Frontino de Almeida Cavalcante" NOME-PARA-CITACAO="CAVALCANTE, S. F. A." ORDEM-DE-AUTORIA="2" NRO-ID-CNPQ="1736959259176583"/><AUTORES NOME-COMPLETO-DO-AUTOR="André Aureliando Damasceno" NOME-PARA-CITACAO="DAMASCENO, A. A." ORDEM-DE-AUTORIA="3" NRO-ID-CNPQ=""/><AUTORES NOME-COMPLETO-DO-AUTOR="Alessandro Bolis Costa Simas" NOME-PARA-CITACAO="SIMAS, A. B. C." ORDEM-DE-AUTORIA="4" NRO-ID-CNPQ="8441599971362518"/></TRABALHO-EM-EVENTOS><TRABALHO-EM-EVENTOS SEQUENCIA-PRODUCAO="19"><DADOS-BASICOS-DO-TRABALHO NATUREZA="RESUMO" TITULO-DO-TRABALHO="Acoplamentos cruzados de enol fosfatos alifáticos catalisados por Pd(0)." ANO-DO-TRABALHO="2009" PAIS-DO-EVENTO="Brasil" IDIOMA="Português" MEIO-DE-DIVULGACAO="IMPRESSO" HOME-PAGE-DO-TRABALHO="[http://www.sbq.org.br/32ra/]" FLAG-RELEVANCIA="NAO" DOI="" TITULO-DO-TRABALHO-INGLES="" FLAG-DIVULGACAO-CIENTIFICA="NAO"/><DETALHAMENTO-DO-TRABALHO CLASSIFICACAO-DO-EVENTO="NACIONAL" NOME-DO-EVENTO="32ª Reunião Anual da Sociedade Brasileira de Química" CIDADE-DO-EVENTO="Fortaleza-CE" ANO-DE-REALIZACAO="2009" TITULO-DOS-ANAIS-OU-PROCEEDINGS="32ª Reunião Anual da Sociedade Brasileira de Química" VOLUME="" FASCICULO="" SERIE="" PAGINA-INICIAL="" PAGINA-FINAL="" ISBN="" NOME-DA-EDITORA="" CIDADE-DA-EDITORA="" NOME-DO-EVENTO-INGLES=""/><AUTORES NOME-COMPLETO-DO-AUTOR="Daniel Lins de Sales" NOME-PARA-CITACAO="SALES, Daniel Lins de;Simas, Alessandro B.C.;SIMAS, ALESSANDRO B. C." ORDEM-DE-AUTORIA="1" NRO-ID-CNPQ="6854786205996991"/><AUTORES NOME-COMPLETO-DO-AUTOR="Karla Ceodaro Pais" NOME-PARA-CITACAO="PAIS, K. C." ORDEM-DE-AUTORIA="2" NRO-ID-CNPQ=""/><AUTORES NOME-COMPLETO-DO-AUTOR="Ana Paula Caroline Ferreira Mori de Souza" NOME-PARA-CITACAO="SOUZA, A. P. C. F. M." ORDEM-DE-AUTORIA="3" NRO-ID-CNPQ=""/><AUTORES NOME-COMPLETO-DO-AUTOR="Alessandro Bolis Costa Simas" NOME-PARA-CITACAO="SIMAS, A. B. C." ORDEM-DE-AUTORIA="4" NRO-ID-CNPQ="8441599971362518"/></TRABALHO-EM-EVENTOS><TRABALHO-EM-EVENTOS SEQUENCIA-PRODUCAO="20"><DADOS-BASICOS-DO-TRABALHO NATUREZA="RESUMO" TITULO-DO-TRABALHO="N-Substituted Dienes via Pd(0)-Catalyzed Cross-Coupling of Aliphatic Enol phosphates." ANO-DO-TRABALHO="2009" PAIS-DO-EVENTO="Brasil" IDIOMA="Inglês" MEIO-DE-DIVULGACAO="IMPRESSO" HOME-PAGE-DO-TRABALHO="[http://bmos13.nit.ufscar.br/trabalho/buscar.php]" FLAG-RELEVANCIA="SIM" DOI="" TITULO-DO-TRABALHO-INGLES="" FLAG-DIVULGACAO-CIENTIFICA="NAO"/><DETALHAMENTO-DO-TRABALHO CLASSIFICACAO-DO-EVENTO="INTERNACIONAL" NOME-DO-EVENTO="The Brazilian Meetings on Organic Synthesis (BMOS)" CIDADE-DO-EVENTO="São Pedro-SP" ANO-DE-REALIZACAO="2009" TITULO-DOS-ANAIS-OU-PROCEEDINGS="N-Substituted Dienes via Pd(0)-Catalyzed Cross-Coupling of Aliphatic Enol phosphates" VOLUME="" FASCICULO="" SERIE="" PAGINA-INICIAL="" PAGINA-FINAL="" ISBN="" NOME-DA-EDITORA="" CIDADE-DA-EDITORA="" NOME-DO-EVENTO-INGLES=""/><AUTORES NOME-COMPLETO-DO-AUTOR="Daniel Lins de Sales" NOME-PARA-CITACAO="SALES, Daniel Lins de;Simas, Alessandro B.C.;SIMAS, ALESSANDRO B. C." ORDEM-DE-AUTORIA="1" NRO-ID-CNPQ="6854786205996991"/><AUTORES NOME-COMPLETO-DO-AUTOR="Karla Ceodaro Pais" NOME-PARA-CITACAO="PAIS, K. C." ORDEM-DE-AUTORIA="2" NRO-ID-CNPQ=""/><AUTORES NOME-COMPLETO-DO-AUTOR="Ana Paula Caroline Ferreira Mori de Souza" NOME-PARA-CITACAO="SOUZA, A. P. C. F. M." ORDEM-DE-AUTORIA="3" NRO-ID-CNPQ=""/><AUTORES NOME-COMPLETO-DO-AUTOR="Alessandro Bolis Costa Simas" NOME-PARA-CITACAO="SIMAS, A. B. C." ORDEM-DE-AUTORIA="4" NRO-ID-CNPQ="8441599971362518"/></TRABALHO-EM-EVENTOS><TRABALHO-EM-EVENTOS SEQUENCIA-PRODUCAO="36"><DADOS-BASICOS-DO-TRABALHO NATUREZA="RESUMO" TITULO-DO-TRABALHO="TECHNOLOGY ROADMAP:USO DO ARTESUNATO (AS) NO COMBATE Á MALÁRIA" ANO-DO-TRABALHO="2016" PAIS-DO-EVENTO="Brasil" IDIOMA="Português" MEIO-DE-DIVULGACAO="IMPRESSO" HOME-PAGE-DO-TRABALHO="[http://hotsite.unisuam.edu.br/email-2016/workshop-farmacia/workshop-farmacia.html]" FLAG-RELEVANCIA="NAO" DOI="" TITULO-DO-TRABALHO-INGLES="" FLAG-DIVULGACAO-CIENTIFICA="NAO"/><DETALHAMENTO-DO-TRABALHO CLASSIFICACAO-DO-EVENTO="LOCAL" NOME-DO-EVENTO="I WORKSHOP DE CIÊNCIAS FARMACÊUTICAS DA UNISUAM: DOENÇAS NEGLIGENCIADAS" CIDADE-DO-EVENTO="RIO DE JANEIRO-RJ" ANO-DE-REALIZACAO="2016" TITULO-DOS-ANAIS-OU-PROCEEDINGS="ANAIS DO I WORKSHOP DE CIÊNCIAS FARMACÊUTICAS DA UNISUAM: DOENÇAS NEGLIGENCIADAS" VOLUME="1" FASCICULO="1" SERIE="1" PAGINA-INICIAL="23" PAGINA-FINAL="24" ISBN="2525-4049" NOME-DA-EDITORA="Editora UNISUAM" CIDADE-DA-EDITORA="RIO DE JANEIRO" NOME-DO-EVENTO-INGLES=""/><AUTORES NOME-COMPLETO-DO-AUTOR="FERNANDA NEUMANN" NOME-PARA-CITACAO="NEUMANN, F." ORDEM-DE-AUTORIA="1" NRO-ID-CNPQ=""/><AUTORES NOME-COMPLETO-DO-AUTOR="Daniel Lins de Sales" NOME-PARA-CITACAO="SALES, Daniel Lins de" ORDEM-DE-AUTORIA="2" NRO-ID-CNPQ=""/><AUTORES NOME-COMPLETO-DO-AUTOR="LUANA FERNANDA MARQUES SANTOS" NOME-PARA-CITACAO="SANTOS, L. F. M." ORDEM-DE-AUTORIA="3" NRO-ID-CNPQ=""/><AUTORES NOME-COMPLETO-DO-AUTOR="ANDRÉ LUIZ BERTOLDI OBERZUNER" NOME-PARA-CITACAO="OBERZINER, A. L. B." ORDEM-DE-AUTORIA="4" NRO-ID-CNPQ=""/><AUTORES NOME-COMPLETO-DO-AUTOR="SUZANA BORSCHIVER" NOME-PARA-CITACAO="BORSCHIVER, S." ORDEM-DE-AUTORIA="5" NRO-ID-CNPQ=""/><PALAVRAS-CHAVE PALAVRA-CHAVE-1="ROADMAP TECNOLÓGICO" PALAVRA-CHAVE-2="ARTESUNATO" PALAVRA-CHAVE-3="MALÁRIA" PALAVRA-CHAVE-4="PROSPECÇÃO TECNOLÓGICA" PALAVRA-CHAVE-5="" PALAVRA-CHAVE-6=""/></TRABALHO-EM-EVENTOS><TRABALHO-EM-EVENTOS SEQUENCIA-PRODUCAO="37"><DADOS-BASICOS-DO-TRABALHO NATUREZA="RESUMO" TITULO-DO-TRABALHO="POLÍTICAS DE SAÚDE E O ABANDONO NO TRATAMENTO DA TUBERCULOSE" ANO-DO-TRABALHO="2016" PAIS-DO-EVENTO="Brasil" IDIOMA="Português" MEIO-DE-DIVULGACAO="IMPRESSO" HOME-PAGE-DO-TRABALHO="[http://hotsite.unisuam.edu.br/email-2016/workshop-farmacia/works]" FLAG-RELEVANCIA="NAO" DOI="" TITULO-DO-TRABALHO-INGLES="" FLAG-DIVULGACAO-CIENTIFICA="NAO"/><DETALHAMENTO-DO-TRABALHO CLASSIFICACAO-DO-EVENTO="LOCAL" NOME-DO-EVENTO="I WORKSHOP DE CIÊNCIAS FARMACÊUTICAS DA UNISUAM: DOENÇAS NEGLIGENCIADAS" CIDADE-DO-EVENTO="RIO DE JANEIRO-RJ" ANO-DE-REALIZACAO="" TITULO-DOS-ANAIS-OU-PROCEEDINGS="ANAIS: I WORKSHOP DE CIÊNCIAS FARMACÊUTICAS DA UNISUAM: DOENÇAS NEGLIGENCIADAS" VOLUME="1" FASCICULO="1" SERIE="1" PAGINA-INICIAL="13" PAGINA-FINAL="14" ISBN="2525-4049" NOME-DA-EDITORA="" CIDADE-DA-EDITORA="RIO DE JANEIRO" NOME-DO-EVENTO-INGLES=""/><AUTORES NOME-COMPLETO-DO-AUTOR="MÔNICA DIAS LADEIRA" NOME-PARA-CITACAO="LADEIRA, M. D." ORDEM-DE-AUTORIA="1" NRO-ID-CNPQ=""/><AUTORES NOME-COMPLETO-DO-AUTOR="CHRISTIANE DE MIRANDA SANTOS" NOME-PARA-CITACAO="SANTOS, C. M" ORDEM-DE-AUTORIA="2" NRO-ID-CNPQ=""/><AUTORES NOME-COMPLETO-DO-AUTOR="MAYARA GONÇALVES GULPILHARES" NOME-PARA-CITACAO="GULPILHARES, M. G." ORDEM-DE-AUTORIA="3" NRO-ID-CNPQ=""/><AUTORES NOME-COMPLETO-DO-AUTOR="RACHEL S. MENEZES" NOME-PARA-CITACAO="MENEZES, R. S." ORDEM-DE-AUTORIA="4" NRO-ID-CNPQ=""/><AUTORES NOME-COMPLETO-DO-AUTOR="SILVANA DAFLON CASTRICINI" NOME-PARA-CITACAO="CASTRICINI, S. D." ORDEM-DE-AUTORIA="5" NRO-ID-CNPQ=""/><AUTORES NOME-COMPLETO-DO-AUTOR="ZENILDO B. M. FILHO" NOME-PARA-CITACAO="M. FILHO, Z. B." ORDEM-DE-AUTORIA="6" NRO-ID-CNPQ=""/><AUTORES NOME-COMPLETO-DO-AUTOR="Daniel Lins de Sales" NOME-PARA-CITACAO="SALES, Daniel Lins de" ORDEM-DE-AUTORIA="7" NRO-ID-CNPQ=""/><AUTORES NOME-COMPLETO-DO-AUTOR="UIARA O. MAGALHÂES" NOME-PARA-CITACAO="MAGALHAES, U. O." ORDEM-DE-AUTORIA="8" NRO-ID-CNPQ=""/></TRABALHO-EM-EVENTOS><TRABALHO-EM-EVENTOS SEQUENCIA-PRODUCAO="38"><DADOS-BASICOS-DO-TRABALHO NATUREZA="RESUMO" TITULO-DO-TRABALHO="MYCOBACTERIUM TUBERCULOSIS E OS FATORES DE DISSEMINAÇÃO DO BACILO DE KOCH NA POPULAÇÃO CARCERÁRIA BRASILEIRA" ANO-DO-TRABALHO="2016" PAIS-DO-EVENTO="Brasil" IDIOMA="Português" MEIO-DE-DIVULGACAO="IMPRESSO" HOME-PAGE-DO-TRABALHO="[http://hotsite.unisuam.edu.br/email-2016/workshop-farmacia/works]" FLAG-RELEVANCIA="NAO" DOI="" TITULO-DO-TRABALHO-INGLES="" FLAG-DIVULGACAO-CIENTIFICA="NAO"/><DETALHAMENTO-DO-TRABALHO CLASSIFICACAO-DO-EVENTO="LOCAL" NOME-DO-EVENTO="I WORKSHOP DE CIÊNCIAS FARMACÊUTICAS DA UNISUAM: DOENÇAS NEGLIGENCIADAS" CIDADE-DO-EVENTO="RIO DE JANEIRO-RJ" ANO-DE-REALIZACAO="2016" TITULO-DOS-ANAIS-OU-PROCEEDINGS="ANAIS: I WORKSHOP DE CIÊNCIAS FARMACÊUTICAS DA UNISUAM: DOENÇAS NEGLIGENCIADAS" VOLUME="1" FASCICULO="1" SERIE="1" PAGINA-INICIAL="19" PAGINA-FINAL="20" ISBN="2525-4049" NOME-DA-EDITORA="" CIDADE-DA-EDITORA="" NOME-DO-EVENTO-INGLES=""/><AUTORES NOME-COMPLETO-DO-AUTOR="RACHEL S. MENEZES" NOME-PARA-CITACAO="MENEZES, R. S." ORDEM-DE-AUTORIA="1" NRO-ID-CNPQ=""/><AUTORES NOME-COMPLETO-DO-AUTOR="SILVANA DAFLON CASTRICINI" NOME-PARA-CITACAO="CASTRICINI, S. D." ORDEM-DE-AUTORIA="2" NRO-ID-CNPQ=""/><AUTORES NOME-COMPLETO-DO-AUTOR="ZENILDO B. M. FILHO" NOME-PARA-CITACAO="M. FILHO, Z. B." ORDEM-DE-AUTORIA="3" NRO-ID-CNPQ=""/><AUTORES NOME-COMPLETO-DO-AUTOR="DANIEL L. M. AGUIAR" NOME-PARA-CITACAO="AGUIAR, D. L. M." ORDEM-DE-AUTORIA="4" NRO-ID-CNPQ=""/><AUTORES NOME-COMPLETO-DO-AUTOR="JAIRO A. DE OLIVEIRA" NOME-PARA-CITACAO="OLIVEIRA, J. A." ORDEM-DE-AUTORIA="5" NRO-ID-CNPQ=""/><AUTORES NOME-COMPLETO-DO-AUTOR="Daniel Lins de Sales" NOME-PARA-CITACAO="SALES, Daniel Lins de" ORDEM-DE-AUTORIA="6" NRO-ID-CNPQ=""/><AUTORES NOME-COMPLETO-DO-AUTOR="TAYNAH DIAS" NOME-PARA-CITACAO="DIAS, T." ORDEM-DE-AUTORIA="7" NRO-ID-CNPQ=""/><AUTORES NOME-COMPLETO-DO-AUTOR="TAINARA DE SOUZA" NOME-PARA-CITACAO="SOUZA, T." ORDEM-DE-AUTORIA="8" NRO-ID-CNPQ=""/></TRABALHO-EM-EVENTOS><TRABALHO-EM-EVENTOS SEQUENCIA-PRODUCAO="39"><DADOS-BASICOS-DO-TRABALHO NATUREZA="RESUMO" TITULO-DO-TRABALHO="AVALIAÇÃO TÉRMICA DOS ANTIMALÁRICOS FRACAMENTE SOLÚVEIS: ARTESUNATO (AS) E MEFLOQUINA (MQ), OBJETIVANDO ESTUDO DE VIABILIDADE PARA SUA FORMULAÇÃO EMPREGANDO HOT-MELT EXTRUSION" ANO-DO-TRABALHO="2016" PAIS-DO-EVENTO="Brasil" IDIOMA="Português" MEIO-DE-DIVULGACAO="IMPRESSO" HOME-PAGE-DO-TRABALHO="[http://hotsite.unisuam.edu.br/email-2016/workshop-farmacia/works]" FLAG-RELEVANCIA="NAO" DOI="" TITULO-DO-TRABALHO-INGLES="" FLAG-DIVULGACAO-CIENTIFICA="NAO"/><DETALHAMENTO-DO-TRABALHO CLASSIFICACAO-DO-EVENTO="LOCAL" NOME-DO-EVENTO="I WORKSHOP DE CIÊNCIAS FARMACÊUTICAS DA UNISUAM: DOENÇAS NEGLIGENCIADAS" CIDADE-DO-EVENTO="RIO DE JANEIRO-RJ" ANO-DE-REALIZACAO="2016" TITULO-DOS-ANAIS-OU-PROCEEDINGS="ANAIS: I WORKSHOP DE CIÊNCIAS FARMACÊUTICAS DA UNISUAM: DOENÇAS NEGLIGENCIADAS" VOLUME="1" FASCICULO="1" SERIE="1" PAGINA-INICIAL="21" PAGINA-FINAL="22" ISBN="2525-4049" NOME-DA-EDITORA="" CIDADE-DA-EDITORA="RIO DE JANEIRO-RJ" NOME-DO-EVENTO-INGLES=""/><AUTORES NOME-COMPLETO-DO-AUTOR="Daniel Lins de Sales" NOME-PARA-CITACAO="SALES, Daniel Lins de" ORDEM-DE-AUTORIA="1" NRO-ID-CNPQ=""/><AUTORES NOME-COMPLETO-DO-AUTOR="MARIA HELENA MIGUEZ DA ROCHA LEÃO" NOME-PARA-CITACAO="LEÃO, M. H. M. R." ORDEM-DE-AUTORIA="2" NRO-ID-CNPQ=""/><AUTORES NOME-COMPLETO-DO-AUTOR="FÁBIO MOYSÉS LINS DANTAS" NOME-PARA-CITACAO="DANTAS, F. M. L." ORDEM-DE-AUTORIA="3" NRO-ID-CNPQ=""/><AUTORES NOME-COMPLETO-DO-AUTOR="Samir Frontino de Almeida Cavalcante" NOME-PARA-CITACAO="CAVALCANTE, S. F. A." ORDEM-DE-AUTORIA="4" NRO-ID-CNPQ="1736959259176583"/><AUTORES NOME-COMPLETO-DO-AUTOR="RUBEN DOS SANTOS" NOME-PARA-CITACAO="SANTOS, R." ORDEM-DE-AUTORIA="5" NRO-ID-CNPQ=""/><PALAVRAS-CHAVE PALAVRA-CHAVE-1="MALÁRIA" PALAVRA-CHAVE-2="HOT-MELT EXTRUSION" PALAVRA-CHAVE-3="ARTESUNATO" PALAVRA-CHAVE-4="MEFLOQUINA" PALAVRA-CHAVE-5="POLÍMERO" PALAVRA-CHAVE-6=""/></TRABALHO-EM-EVENTOS><TRABALHO-EM-EVENTOS SEQUENCIA-PRODUCAO="40"><DADOS-BASICOS-DO-TRABALHO NATUREZA="RESUMO" TITULO-DO-TRABALHO="PRODUTOS NATURAIS COM SIMILARIDADES ESTRUTURAIS AO QUIMIOTERÁPICO APLICADO À ESQUISTOSSOMOSE COMO ´POSSÍVEIS RECURSOS DE TRATAMENTO" ANO-DO-TRABALHO="2016" PAIS-DO-EVENTO="Brasil" IDIOMA="Português" MEIO-DE-DIVULGACAO="IMPRESSO" HOME-PAGE-DO-TRABALHO="[http://hotsite.unisuam.edu.br/email-2016/workshop-farmacia/works]" FLAG-RELEVANCIA="NAO" DOI="" TITULO-DO-TRABALHO-INGLES="" FLAG-DIVULGACAO-CIENTIFICA="NAO"/><DETALHAMENTO-DO-TRABALHO CLASSIFICACAO-DO-EVENTO="LOCAL" NOME-DO-EVENTO="I WORKSHOP DE CIÊNCIAS FARMACÊUTICAS DA UNISUAM: DOENÇAS NEGLIGENCIADAS" CIDADE-DO-EVENTO="RIO DE JANEIRO-RJ" ANO-DE-REALIZACAO="2016" TITULO-DOS-ANAIS-OU-PROCEEDINGS="ANAIS: I WORKSHOP DE CIÊNCIAS FARMACÊUTICAS DA UNISUAM: DOENÇAS NEGLIGENCIADAS" VOLUME="1" FASCICULO="1" SERIE="1" PAGINA-INICIAL="63" PAGINA-FINAL="63" ISBN="2525-4049" NOME-DA-EDITORA="" CIDADE-DA-EDITORA="" NOME-DO-EVENTO-INGLES=""/><AUTORES NOME-COMPLETO-DO-AUTOR="ZENILDO B. M. FILHO" NOME-PARA-CITACAO="M. FILHO, Z. B." ORDEM-DE-AUTORIA="1" NRO-ID-CNPQ=""/><AUTORES NOME-COMPLETO-DO-AUTOR="DANIEL L. M. AGUIAR" NOME-PARA-CITACAO="AGUIAR, D. L. M." ORDEM-DE-AUTORIA="2" NRO-ID-CNPQ=""/><AUTORES NOME-COMPLETO-DO-AUTOR="SILVANA DAFLON CASTRICINI" NOME-PARA-CITACAO="CASTRICINI, S. D." ORDEM-DE-AUTORIA="3" NRO-ID-CNPQ=""/><AUTORES NOME-COMPLETO-DO-AUTOR="RACHEL S. MENEZES" NOME-PARA-CITACAO="MENEZES, R. S." ORDEM-DE-AUTORIA="4" NRO-ID-CNPQ=""/><AUTORES NOME-COMPLETO-DO-AUTOR="Daniel Lins de Sales" NOME-PARA-CITACAO="SALES, Daniel Lins de" ORDEM-DE-AUTORIA="5" NRO-ID-CNPQ=""/><AUTORES NOME-COMPLETO-DO-AUTOR="UIARAN O. MAGALHAES" NOME-PARA-CITACAO="MAGALHAES, U. O." ORDEM-DE-AUTORIA="6" NRO-ID-CNPQ=""/><AUTORES NOME-COMPLETO-DO-AUTOR="WALMIR PEREIRA DE SOUZA" NOME-PARA-CITACAO="SOUZA, W. P. DE" ORDEM-DE-AUTORIA="7" NRO-ID-CNPQ=""/><AUTORES NOME-COMPLETO-DO-AUTOR="MARIA DE FÁTIMA GOMES LUSTOSA" NOME-PARA-CITACAO="LUSTOSA, M. F. G." ORDEM-DE-AUTORIA="8" NRO-ID-CNPQ=""/></TRABALHO-EM-EVENTOS><TRABALHO-EM-EVENTOS SEQUENCIA-PRODUCAO="5"><DADOS-BASICOS-DO-TRABALHO NATUREZA="RESUMO" TITULO-DO-TRABALHO="Um Novo Modo de Síntese de  -Aminoálcoois: Reação de Acoplamento Cruzado de Enolfosfatos Catalisada por Pd(0)" ANO-DO-TRABALHO="2006" PAIS-DO-EVENTO="Brasil" IDIOMA="Português" MEIO-DE-DIVULGACAO="NAO_INFORMADO" HOME-PAGE-DO-TRABALHO="" FLAG-RELEVANCIA="SIM" DOI="" TITULO-DO-TRABALHO-INGLES="" FLAG-DIVULGACAO-CIENTIFICA="NAO"/><DETALHAMENTO-DO-TRABALHO CLASSIFICACAO-DO-EVENTO="LOCAL" NOME-DO-EVENTO="II Encontro da Pós-Graduação do Instituto de Química - UFRJ" CIDADE-DO-EVENTO="Rio de Janeiro" ANO-DE-REALIZACAO="2006" TITULO-DOS-ANAIS-OU-PROCEEDINGS="II Encontro da Pós-Graduação do Instituto de Química" VOLUME="1" FASCICULO="" SERIE="" PAGINA-INICIAL="" PAGINA-FINAL="" ISBN="" NOME-DA-EDITORA="UFRJ" CIDADE-DA-EDITORA="Rio de Janeiro" NOME-DO-EVENTO-INGLES=""/><AUTORES NOME-COMPLETO-DO-AUTOR="Daniel Lins de Sales" NOME-PARA-CITACAO="SALES, Daniel Lins de;Simas, Alessandro B.C.;SIMAS, ALESSANDRO B. C." ORDEM-DE-AUTORIA="1" NRO-ID-CNPQ="6854786205996991"/><AUTORES NOME-COMPLETO-DO-AUTOR="Alessandro Bolis Costa Simas" NOME-PARA-CITACAO="SIMAS, A. B. C." ORDEM-DE-AUTORIA="2" NRO-ID-CNPQ="8441599971362518"/><PALAVRAS-CHAVE PALAVRA-CHAVE-1="Enolfosfatos" PALAVRA-CHAVE-2="" PALAVRA-CHAVE-3="" PALAVRA-CHAVE-4="" PALAVRA-CHAVE-5="" PALAVRA-CHAVE-6=""/></TRABALHO-EM-EVENTOS></TRABALHOS-EM-EVENTOS><ARTIGOS-PUBLICADOS><ARTIGO-PUBLICADO SEQUENCIA-PRODUCAO="22" ORDEM-IMPORTANCIA=""><DADOS-BASICOS-DO-ARTIGO NATUREZA="COMPLETO" TITULO-DO-ARTIGO="Acyclic ketene aminal phosphates derived from N,N-diprotected acetamides: stability and cross-couplings" ANO-DO-ARTIGO="2009" PAIS-DE-PUBLICACAO="" IDIOMA="Inglês" MEIO-DE-DIVULGACAO="MEIO_DIGITAL" HOME-PAGE-DO-TRABALHO="[doi:10.1016/j.tetlet.2009.09.159]" FLAG-RELEVANCIA="NAO" DOI="10.1016/j.tetlet.2009.09.159" TITULO-DO-ARTIGO-INGLES="" FLAG-DIVULGACAO-CIENTIFICA="NAO"/><DETALHAMENTO-DO-ARTIGO TITULO-DO-PERIODICO-OU-REVISTA="Tetrahedron Letters" ISSN="00404039" VOLUME="50" FASCICULO="" SERIE="" PAGINA-INICIAL="6977" PAGINA-FINAL="6980" LOCAL-DE-PUBLICACAO=""/><AUTORES NOME-COMPLETO-DO-AUTOR="Daniel Lins de Sales" NOME-PARA-CITACAO="SALES, Daniel Lins de;Simas, Alessandro B.C.;SIMAS, ALESSANDRO B. C." ORDEM-DE-AUTORIA="1" NRO-ID-CNPQ="6854786205996991"/><AUTORES NOME-COMPLETO-DO-AUTOR="de Sales, Daniel L." NOME-PARA-CITACAO="de Sales, Daniel L." ORDEM-DE-AUTORIA="2" NRO-ID-CNPQ=""/><AUTORES NOME-COMPLETO-DO-AUTOR="Pais, Karla C." NOME-PARA-CITACAO="Pais, Karla C." ORDEM-DE-AUTORIA="3" NRO-ID-CNPQ="3081073354958859"/></ARTIGO-PUBLICADO><ARTIGO-PUBLICADO SEQUENCIA-PRODUCAO="27" ORDEM-IMPORTANCIA=""><DADOS-BASICOS-DO-ARTIGO NATUREZA="COMPLETO" TITULO-DO-ARTIGO="An expeditious and consistent procedure for tetrahydrofuran (THF) drying and deoxygenation by the still apparatus" ANO-DO-ARTIGO="2009" PAIS-DE-PUBLICACAO="" IDIOMA="Inglês" MEIO-DE-DIVULGACAO="VARIOS" HOME-PAGE-DO-TRABALHO="[http://www.scielo.br/scielo.php?pid=S0100-40422009000900042&amp;amp;script=sci_abstract][doi:10.1590/s0100-40422009000900042]" FLAG-RELEVANCIA="NAO" DOI="10.1590/s0100-40422009000900042" TITULO-DO-ARTIGO-INGLES="" FLAG-DIVULGACAO-CIENTIFICA="NAO"/><DETALHAMENTO-DO-ARTIGO TITULO-DO-PERIODICO-OU-REVISTA="Química Nova (Impresso)" ISSN="01004042" VOLUME="32" FASCICULO="" SERIE="9" PAGINA-INICIAL="2473" PAGINA-FINAL="2475" LOCAL-DE-PUBLICACAO=""/><AUTORES NOME-COMPLETO-DO-AUTOR="Daniel Lins de Sales" NOME-PARA-CITACAO="SIMAS, ALESSANDRO B. C." ORDEM-DE-AUTORIA="1" NRO-ID-CNPQ=""/><AUTORES NOME-COMPLETO-DO-AUTOR="PEREIRA, VERA L. P." NOME-PARA-CITACAO="PEREIRA, VERA L. P." ORDEM-DE-AUTORIA="2" NRO-ID-CNPQ=""/><AUTORES NOME-COMPLETO-DO-AUTOR="BARRETO JR., CLEBER B." NOME-PARA-CITACAO="BARRETO JR., CLEBER B." ORDEM-DE-AUTORIA="3" NRO-ID-CNPQ=""/><AUTORES NOME-COMPLETO-DO-AUTOR="SALES, DANIEL L. DE" NOME-PARA-CITACAO="SALES, DANIEL L. DE" ORDEM-DE-AUTORIA="4" NRO-ID-CNPQ=""/><AUTORES NOME-COMPLETO-DO-AUTOR="Leandro Lara de Carvalho" NOME-PARA-CITACAO="CARVALHO, Leandro L. de" ORDEM-DE-AUTORIA="5" NRO-ID-CNPQ=""/><PALAVRAS-CHAVE PALAVRA-CHAVE-1="THF" PALAVRA-CHAVE-2="still apparatus" PALAVRA-CHAVE-3="purification" PALAVRA-CHAVE-4="" PALAVRA-CHAVE-5="" PALAVRA-CHAVE-6=""/><AREAS-DO-CONHECIMENTO><AREA-DO-CONHECIMENTO-1 NOME-GRANDE-AREA-DO-CONHECIMENTO="CIENCIAS_EXATAS_E_DA_TERRA" NOME-DA-AREA-DO-CONHECIMENTO="" NOME-DA-SUB-AREA-DO-CONHECIMENTO="Química Orgânica" NOME-DA-ESPECIALIDADE=""/></AREAS-DO-CONHECIMENTO></ARTIGO-PUBLICADO><ARTIGO-PUBLICADO SEQUENCIA-PRODUCAO="33" ORDEM-IMPORTANCIA=""><DADOS-BASICOS-DO-ARTIGO NATUREZA="COMPLETO" TITULO-DO-ARTIGO="Palladium-Catalyzed Cross-Couplings of 2-Tributylstannyl-N-Boc-2,3- Dehydropiperidine, a Cyclic Enecarbamate" ANO-DO-ARTIGO="2008" PAIS-DE-PUBLICACAO="" IDIOMA="Inglês" MEIO-DE-DIVULGACAO="MEIO_DIGITAL" HOME-PAGE-DO-TRABALHO="" FLAG-RELEVANCIA="NAO" DOI="10.2174/157017808785982149" TITULO-DO-ARTIGO-INGLES="" FLAG-DIVULGACAO-CIENTIFICA="NAO"/><DETALHAMENTO-DO-ARTIGO TITULO-DO-PERIODICO-OU-REVISTA="Letters in Organic Chemistry" ISSN="15701786" VOLUME="5" FASCICULO="" SERIE="" PAGINA-INICIAL="587" PAGINA-FINAL="590" LOCAL-DE-PUBLICACAO=""/><AUTORES NOME-COMPLETO-DO-AUTOR="ALESSANDRO BOLIS DA COSTA SIMAS" NOME-PARA-CITACAO="SIMAS, A.B.C." ORDEM-DE-AUTORIA="1" NRO-ID-CNPQ=""/><AUTORES NOME-COMPLETO-DO-AUTOR="Daniel Lins de Sales" NOME-PARA-CITACAO="SALES, Daniel Lins de;Simas, Alessandro B.C.;SIMAS, ALESSANDRO B. C." ORDEM-DE-AUTORIA="2" NRO-ID-CNPQ="6854786205996991"/><AUTORES NOME-COMPLETO-DO-AUTOR="Samir Frontino de Almeida Cavalcante" NOME-PARA-CITACAO="CAVALCANTE, S. F. A." ORDEM-DE-AUTORIA="3" NRO-ID-CNPQ="1736959259176583"/><AUTORES NOME-COMPLETO-DO-AUTOR="CRISTINA MORAES DE MEDEIROS" NOME-PARA-CITACAO="MEDEIROS, C.M." ORDEM-DE-AUTORIA="4" NRO-ID-CNPQ=""/><AUTORES NOME-COMPLETO-DO-AUTOR="SANDRO HENRIQUE S. MORAES" NOME-PARA-CITACAO="MORAES, S.H.S." ORDEM-DE-AUTORIA="5" NRO-ID-CNPQ=""/><AUTORES NOME-COMPLETO-DO-AUTOR="ERIKA M DE CARVALHO" NOME-PARA-CITACAO="CARVALHO, E. M." ORDEM-DE-AUTORIA="6" NRO-ID-CNPQ=""/><PALAVRAS-CHAVE PALAVRA-CHAVE-1="Stille coupling" PALAVRA-CHAVE-2="piperidine" PALAVRA-CHAVE-3="synthesis" PALAVRA-CHAVE-4="heterocycle" PALAVRA-CHAVE-5="cyclic amine" PALAVRA-CHAVE-6="Umpolung"/><AREAS-DO-CONHECIMENTO><AREA-DO-CONHECIMENTO-1 NOME-GRANDE-AREA-DO-CONHECIMENTO="CIENCIAS_EXATAS_E_DA_TERRA" NOME-DA-AREA-DO-CONHECIMENTO="" NOME-DA-SUB-AREA-DO-CONHECIMENTO="Química Orgânica" NOME-DA-ESPECIALIDADE="Síntese Orgânica"/></AREAS-DO-CONHECIMENTO></ARTIGO-PUBLICADO><ARTIGO-PUBLICADO SEQUENCIA-PRODUCAO="12" ORDEM-IMPORTANCIA=""><DADOS-BASICOS-DO-ARTIGO NATUREZA="COMPLETO" TITULO-DO-ARTIGO="Palladium Cross-couplings of 2-Tributylstanyl-N-Boc-2,3-dehydropiperidine, a Cyclic Enecarbamate." ANO-DO-ARTIGO="2008" PAIS-DE-PUBLICACAO="" IDIOMA="Inglês" MEIO-DE-DIVULGACAO="VARIOS" HOME-PAGE-DO-TRABALHO="" FLAG-RELEVANCIA="SIM" DOI="" TITULO-DO-ARTIGO-INGLES="" FLAG-DIVULGACAO-CIENTIFICA="NAO"/><DETALHAMENTO-DO-ARTIGO TITULO-DO-PERIODICO-OU-REVISTA="Letters in Organic Chemistry" ISSN="15701786" VOLUME="05" FASCICULO="" SERIE="07" PAGINA-INICIAL="587" PAGINA-FINAL="590" LOCAL-DE-PUBLICACAO=""/><AUTORES NOME-COMPLETO-DO-AUTOR="Alessandro Bolis Costa Simas" NOME-PARA-CITACAO="SIMAS, A. B. C." ORDEM-DE-AUTORIA="1" NRO-ID-CNPQ="8441599971362518"/><AUTORES NOME-COMPLETO-DO-AUTOR="Daniel Lins de Sales" NOME-PARA-CITACAO="SALES, Daniel Lins de;Simas, Alessandro B.C.;SIMAS, ALESSANDRO B. C." ORDEM-DE-AUTORIA="2" NRO-ID-CNPQ="6854786205996991"/><AUTORES NOME-COMPLETO-DO-AUTOR="Samir Frontino de Almeida Cavalcante" NOME-PARA-CITACAO="CAVALCANTE, S. F. A." ORDEM-DE-AUTORIA="3" NRO-ID-CNPQ="1736959259176583"/><AUTORES NOME-COMPLETO-DO-AUTOR="MEDEIROS, Cristina M.;" NOME-PARA-CITACAO="MEDEIROS, Cristina M.;" ORDEM-DE-AUTORIA="4" NRO-ID-CNPQ=""/><AUTORES NOME-COMPLETO-DO-AUTOR="MORAES, S. H. S.;" NOME-PARA-CITACAO="MORAES, S. H. S.;" ORDEM-DE-AUTORIA="5" NRO-ID-CNPQ=""/><AUTORES NOME-COMPLETO-DO-AUTOR="CARVALHO, Érika Martins de" NOME-PARA-CITACAO="CARVALHO, Érika Martins de" ORDEM-DE-AUTORIA="6" NRO-ID-CNPQ=""/><AREAS-DO-CONHECIMENTO><AREA-DO-CONHECIMENTO-1 NOME-GRANDE-AREA-DO-CONHECIMENTO="CIENCIAS_EXATAS_E_DA_TERRA" NOME-DA-AREA-DO-CONHECIMENTO="" NOME-DA-SUB-AREA-DO-CONHECIMENTO="" NOME-DA-ESPECIALIDADE=""/></AREAS-DO-CONHECIMENTO></ARTIGO-PUBLICADO></ARTIGOS-PUBLICADOS></PRODUCAO-BIBLIOGRAFICA><PRODUCAO-TECNICA><DEMAIS-TIPOS-DE-PRODUCAO-TECNICA><APRESENTACAO-DE-TRABALHO SEQUENCIA-PRODUCAO="28"><DADOS-BASICOS-DA-APRESENTACAO-DE-TRABALHO NATUREZA="SIMPOSIO" TITULO="METODOLOGIAS ATIVAS DE APRENDIZAGEM: PROJETO INTEGRADOR" ANO="2014" PAIS="Brasil" IDIOMA="Português" FLAG-RELEVANCIA="NAO" DOI="" TITULO-INGLES="" FLAG-DIVULGACAO-CIENTIFICA="SIM"/><DETALHAMENTO-DA-APRESENTACAO-DE-TRABALHO NOME-DO-EVENTO="X Simpósio Docente: Inovações Metodológicas e Aprendizagem na UNISUAM" INSTITUICAO-PROMOTORA="CENTRO UNIVERSITÁRIO AUGUSTO MOTTA" LOCAL-DA-APRESENTACAO="RIO DE JANEIRO" CIDADE-DA-APRESENTACAO="RIO DE JANEIRO" NOME-DO-EVENTO-INGLES=""/><AUTORES NOME-COMPLETO-DO-AUTOR="Daniel Lins de Sales" NOME-PARA-CITACAO="SALES, Daniel Lins de" ORDEM-DE-AUTORIA="1" NRO-ID-CNPQ=""/><AUTORES NOME-COMPLETO-DO-AUTOR="Anne Patricia Pimentel dos Santos" NOME-PARA-CITACAO="SANTOS, A. P. P." ORDEM-DE-AUTORIA="2" NRO-ID-CNPQ=""/><PALAVRAS-CHAVE PALAVRA-CHAVE-1="MAPA CONCEITUAL," PALAVRA-CHAVE-2="EDUCAÇÃO," PALAVRA-CHAVE-3="QUÍMICA" PALAVRA-CHAVE-4="FARMÁCIA" PALAVRA-CHAVE-5="" PALAVRA-CHAVE-6=""/><AREAS-DO-CONHECIMENTO><AREA-DO-CONHECIMENTO-1 NOME-GRANDE-AREA-DO-CONHECIMENTO="CIENCIAS_EXATAS_E_DA_TERRA" NOME-DA-AREA-DO-CONHECIMENTO="" NOME-DA-SUB-AREA-DO-CONHECIMENTO="" NOME-DA-ESPECIALIDADE=""/><AREA-DO-CONHECIMENTO-2 NOME-GRANDE-AREA-DO-CONHECIMENTO="CIENCIAS_HUMANAS" NOME-DA-AREA-DO-CONHECIMENTO="Educação" NOME-DA-SUB-AREA-DO-CONHECIMENTO="EDUCAÇÃO" NOME-DA-ESPECIALIDADE=""/></AREAS-DO-CONHECIMENTO><SETORES-DE-ATIVIDADE SETOR-DE-ATIVIDADE-1="Educação" SETOR-DE-ATIVIDADE-2="" SETOR-DE-ATIVIDADE-3=""/></APRESENTACAO-DE-TRABALHO><ORGANIZACAO-DE-EVENTO SEQUENCIA-PRODUCAO="35"><DADOS-BASICOS-DA-ORGANIZACAO-DE-EVENTO TIPO="OUTRO" NATUREZA="ORGANIZACAO" TITULO="IV SIMPÓSIO DE ATUALIZAÇÃO E INOVAÇÃO EM CIÊNCIAS FARMACÊUTICA" ANO="2014" PAIS="Brasil" IDIOMA="Português" MEIO-DE-DIVULGACAO="VARIOS" HOME-PAGE-DO-TRABALHO="" FLAG-RELEVANCIA="NAO" DOI="" TITULO-INGLES="" FLAG-DIVULGACAO-CIENTIFICA="NAO"/><DETALHAMENTO-DA-ORGANIZACAO-DE-EVENTO INSTITUICAO-PROMOTORA="Centro Universitário Augusto Motta" DURACAO-EM-SEMANAS="" FLAG-EVENTO-ITINERANTE="N" FLAG-CATALOGO="" LOCAL="UNISUAM Campo Grande" CIDADE="RIO DE JANEIRO-RJ"/><AUTORES NOME-COMPLETO-DO-AUTOR="Luciane Barreiro Lopez Vasques" NOME-PARA-CITACAO="LOPEZ, L. B" ORDEM-DE-AUTORIA="1" NRO-ID-CNPQ=""/><AUTORES NOME-COMPLETO-DO-AUTOR="Francisco Alves Farias Filho" NOME-PARA-CITACAO="FARIAS-FILHO, F. A." ORDEM-DE-AUTORIA="2" NRO-ID-CNPQ=""/><AUTORES NOME-COMPLETO-DO-AUTOR="Daniel Lins de Sales" NOME-PARA-CITACAO="SALES, Daniel Lins de" ORDEM-DE-AUTORIA="3" NRO-ID-CNPQ=""/></ORGANIZACAO-DE-EVENTO></DEMAIS-TIPOS-DE-PRODUCAO-TECNICA></PRODUCAO-TECNICA><OUTRA-PRODUCAO><ORIENTACOES-CONCLUIDAS><OUTRAS-ORIENTACOES-CONCLUIDAS SEQUENCIA-PRODUCAO="24"><DADOS-BASICOS-DE-OUTRAS-ORIENTACOES-CONCLUIDAS NATUREZA="TRABALHO_DE_CONCLUSAO_DE_CURSO_GRADUACAO" TIPO="" TITULO="?Tratamento da Disfunção Erétil: Fármacos Sintéticos Produtos Naturais e Afrodisíacos Naturais?" ANO="2011" PAIS="Brasil" IDIOMA="Português" HOME-PAGE="" FLAG-RELEVANCIA="NAO" DOI="" TITULO-INGLES="" TIPO-INGLES=""/><DETALHAMENTO-DE-OUTRAS-ORIENTACOES-CONCLUIDAS NOME-DO-ORIENTADO="GUIMARÃES, G. B.; SILVA, R. L.; SILVA, S. S" CODIGO-INSTITUICAO="201900000008" NOME-DA-INSTITUICAO="Centro Universitário Augusto Motta" CODIGO-CURSO="90000005" NOME-DO-CURSO="Farmácia" FLAG-BOLSA="NAO" CODIGO-AGENCIA-FINANCIADORA="" NOME-DA-AGENCIA="" TIPO-DE-ORIENTACAO-CONCLUIDA="CO_ORIENTADOR" NUMERO-DE-PAGINAS="" NUMERO-ID-ORIENTADO="" NOME-DO-CURSO-INGLES=""/><PALAVRAS-CHAVE PALAVRA-CHAVE-1="Inibidores da PDE-5" PALAVRA-CHAVE-2="Disfunção sexual" PALAVRA-CHAVE-3="Produtos Naturais," PALAVRA-CHAVE-4="Nutracêuticos," PALAVRA-CHAVE-5="Fitoterápicos" PALAVRA-CHAVE-6=""/><AREAS-DO-CONHECIMENTO><AREA-DO-CONHECIMENTO-1 NOME-GRANDE-AREA-DO-CONHECIMENTO="CIENCIAS_DA_SAUDE" NOME-DA-AREA-DO-CONHECIMENTO="" NOME-DA-SUB-AREA-DO-CONHECIMENTO="" NOME-DA-ESPECIALIDADE=""/><AREA-DO-CONHECIMENTO-2 NOME-GRANDE-AREA-DO-CONHECIMENTO="CIENCIAS_EXATAS_E_DA_TERRA" NOME-DA-AREA-DO-CONHECIMENTO="Química" NOME-DA-SUB-AREA-DO-CONHECIMENTO="" NOME-DA-ESPECIALIDADE=""/><AREA-DO-CONHECIMENTO-3 NOME-GRANDE-AREA-DO-CONHECIMENTO="CIENCIAS_DA_SAUDE" NOME-DA-AREA-DO-CONHECIMENTO="Nutrição" NOME-DA-SUB-AREA-DO-CONHECIMENTO="" NOME-DA-ESPECIALIDADE=""/></AREAS-DO-CONHECIMENTO><SETORES-DE-ATIVIDADE SETOR-DE-ATIVIDADE-1="Saúde humana e serviços sociais" SETOR-DE-ATIVIDADE-2="" SETOR-DE-ATIVIDADE-3=""/></OUTRAS-ORIENTACOES-CONCLUIDAS></ORIENTACOES-CONCLUIDAS></OUTRA-PRODUCAO><DADOS-COMPLEMENTARES><FORMACAO-COMPLEMENTAR><FORMACAO-COMPLEMENTAR-CURSO-DE-CURTA-DURACAO SEQUENCIA-FORMACAO="6" NIVEL="F" CARGA-HORARIA="8" CODIGO-INSTITUICAO="000300000995" NOME-INSTITUICAO="Engenews_engenharia farmacêutica" CODIGO-ORGAO="" NOME-ORGAO="" CODIGO-CURSO="90000008" NOME-CURSO="Revisão Periódica de Produtos" STATUS-DO-CURSO="CONCLUIDO" ANO-DE-INICIO="2013" ANO-DE-CONCLUSAO="2013" NOME-CURSO-INGLES=""/><FORMACAO-COMPLEMENTAR-CURSO-DE-CURTA-DURACAO SEQUENCIA-FORMACAO="17" NIVEL="F" CARGA-HORARIA="60" CODIGO-INSTITUICAO="027500000001" NOME-INSTITUICAO="Instituto Nacional de Tecnologia" CODIGO-ORGAO="" NOME-ORGAO="" CODIGO-CURSO="90000021" NOME-CURSO="TEORIA E PRÁTICA DE EXTRUSÃO DE MEDICAMENTO (HME) - AVANÇADO" STATUS-DO-CURSO="CONCLUIDO" ANO-DE-INICIO="2016" ANO-DE-CONCLUSAO="2016" NOME-CURSO-INGLES=""/><FORMACAO-COMPLEMENTAR-CURSO-DE-CURTA-DURACAO SEQUENCIA-FORMACAO="15" NIVEL="F" CARGA-HORARIA="20" CODIGO-INSTITUICAO="604600000002" NOME-INSTITUICAO="Escola Nacional de Administração Pública" CODIGO-ORGAO="" NOME-ORGAO="" CODIGO-CURSO="90000019" NOME-CURSO="Introdução à Gestão de Processo" STATUS-DO-CURSO="CONCLUIDO" ANO-DE-INICIO="2016" ANO-DE-CONCLUSAO="2016" NOME-CURSO-INGLES=""/><FORMACAO-COMPLEMENTAR-CURSO-DE-CURTA-DURACAO SEQUENCIA-FORMACAO="10" NIVEL="F" CARGA-HORARIA="4" CODIGO-INSTITUICAO="020200000009" NOME-INSTITUICAO="Universidade Federal do Rio de Janeiro" CODIGO-ORGAO="" NOME-ORGAO="" CODIGO-CURSO="90000012" NOME-CURSO="ACOMPANHAMENTO DE EXTRUSÃO POR PROPRIEDADES ÓPTICA" STATUS-DO-CURSO="CONCLUIDO" ANO-DE-INICIO="2014" ANO-DE-CONCLUSAO="2014" NOME-CURSO-INGLES=""/><FORMACAO-COMPLEMENTAR-CURSO-DE-CURTA-DURACAO SEQUENCIA-FORMACAO="12" NIVEL="F" CARGA-HORARIA="5" CODIGO-INSTITUICAO="000500000999" NOME-INSTITUICAO="Sebrae Nacional" CODIGO-ORGAO="" NOME-ORGAO="" CODIGO-CURSO="90000016" NOME-CURSO="MEI - Microempreendedor Individual" STATUS-DO-CURSO="CONCLUIDO" ANO-DE-INICIO="2014" ANO-DE-CONCLUSAO="2014" NOME-CURSO-INGLES=""/><FORMACAO-COMPLEMENTAR-CURSO-DE-CURTA-DURACAO SEQUENCIA-FORMACAO="9" NIVEL="F" CARGA-HORARIA="30" CODIGO-INSTITUICAO="852100000006" NOME-INSTITUICAO="Serviço Brasileiro de Apoio às Micro e Pequenas Empresas" CODIGO-ORGAO="" NOME-ORGAO="" CODIGO-CURSO="90000011" NOME-CURSO="INICIANDO UM PEQUENO E GRANDE NEGÓCIO" STATUS-DO-CURSO="CONCLUIDO" ANO-DE-INICIO="2014" ANO-DE-CONCLUSAO="2014" NOME-CURSO-INGLES=""/><FORMACAO-COMPLEMENTAR-CURSO-DE-CURTA-DURACAO SEQUENCIA-FORMACAO="16" NIVEL="F" CARGA-HORARIA="3" CODIGO-INSTITUICAO="027500000001" NOME-INSTITUICAO="Instituto Nacional de Tecnologia" CODIGO-ORGAO="" NOME-ORGAO="" CODIGO-CURSO="90000020" NOME-CURSO="Minicurso de Bases de Dados Científicas e Tecnológicas" STATUS-DO-CURSO="CONCLUIDO" ANO-DE-INICIO="2016" ANO-DE-CONCLUSAO="2016" NOME-CURSO-INGLES=""/><FORMACAO-COMPLEMENTAR-CURSO-DE-CURTA-DURACAO SEQUENCIA-FORMACAO="5" NIVEL="F" CARGA-HORARIA="8" CODIGO-INSTITUICAO="000300000995" NOME-INSTITUICAO="Engenews_engenharia farmacêutica" CODIGO-ORGAO="" NOME-ORGAO="" CODIGO-CURSO="90000006" NOME-CURSO="QUALIFICAÇÃO DE EQUIPAMENTOS E UTILIDADES FARMACÊU" STATUS-DO-CURSO="CONCLUIDO" ANO-DE-INICIO="2012" ANO-DE-CONCLUSAO="2012" NOME-CURSO-INGLES=""/><FORMACAO-COMPLEMENTAR-CURSO-DE-CURTA-DURACAO SEQUENCIA-FORMACAO="8" NIVEL="F" CARGA-HORARIA="6" CODIGO-INSTITUICAO="020200000009" NOME-INSTITUICAO="Universidade Federal do Rio de Janeiro" CODIGO-ORGAO="" NOME-ORGAO="" CODIGO-CURSO="90000009" NOME-CURSO="Nanotecnologia Farmacêutica" STATUS-DO-CURSO="CONCLUIDO" ANO-DE-INICIO="2013" ANO-DE-CONCLUSAO="2013" NOME-CURSO-INGLES=""/><FORMACAO-COMPLEMENTAR-CURSO-DE-CURTA-DURACAO SEQUENCIA-FORMACAO="11" NIVEL="F" CARGA-HORARIA="16" CODIGO-INSTITUICAO="000500000999" NOME-INSTITUICAO="Sebrae Nacional" CODIGO-ORGAO="" NOME-ORGAO="" CODIGO-CURSO="90000015" NOME-CURSO="AE-Apender a Empreender" STATUS-DO-CURSO="CONCLUIDO" ANO-DE-INICIO="2014" ANO-DE-CONCLUSAO="2014" NOME-CURSO-INGLES=""/><FORMACAO-COMPLEMENTAR-CURSO-DE-CURTA-DURACAO SEQUENCIA-FORMACAO="13" NIVEL="F" CARGA-HORARIA="20" CODIGO-INSTITUICAO="604600000002" NOME-INSTITUICAO="Escola Nacional de Administração Pública" CODIGO-ORGAO="" NOME-ORGAO="" CODIGO-CURSO="90000017" NOME-CURSO="Introdução à Gestão de Projetos" STATUS-DO-CURSO="CONCLUIDO" ANO-DE-INICIO="2015" ANO-DE-CONCLUSAO="2015" NOME-CURSO-INGLES=""/><formacoesComplementaresPlana/></FORMACAO-COMPLEMENTAR><PARTICIPACAO-EM-BANCA-TRABALHOS-CONCLUSAO><PARTICIPACAO-EM-BANCA-DE-GRADUACAO SEQUENCIA-PRODUCAO="26"><DADOS-BASICOS-DA-PARTICIPACAO-EM-BANCA-DE-GRADUACAO NATUREZA="Graduação" TITULO="ESTUDOS DE DOCKING E DINÂMICA MOLECULAR NO PROCESSO DE DESENVOLVIMENTO DE FÁRMACOS." ANO="2012" PAIS="Brasil" IDIOMA="Português" HOME-PAGE="" DOI="" TITULO-INGLES=""/><DETALHAMENTO-DA-PARTICIPACAO-EM-BANCA-DE-GRADUACAO NOME-DO-CANDIDATO="Daniel C. Castro, Eder M. Lima e Vanessa S. Silva" CODIGO-INSTITUICAO="201900000008" NOME-INSTITUICAO="Centro Universitário Augusto Motta" CODIGO-ORGAO="" NOME-ORGAO="" CODIGO-CURSO="60146923" NOME-CURSO="Farmácia" NOME-CURSO-INGLES=""/><PARTICIPANTE-BANCA NOME-COMPLETO-DO-PARTICIPANTE-DA-BANCA="Daniel Lins de Sales" NOME-PARA-CITACAO-DO-PARTICIPANTE-DA-BANCA="SALES, Daniel Lins de" ORDEM-PARTICIPANTE="4" NRO-ID-CNPQ=""/><PARTICIPANTE-BANCA NOME-COMPLETO-DO-PARTICIPANTE-DA-BANCA="Daniel Cabral de Castro" NOME-PARA-CITACAO-DO-PARTICIPANTE-DA-BANCA="CASTRO, D. C" ORDEM-PARTICIPANTE="1" NRO-ID-CNPQ=""/><PARTICIPANTE-BANCA NOME-COMPLETO-DO-PARTICIPANTE-DA-BANCA="Eder Mendes de Lima" NOME-PARA-CITACAO-DO-PARTICIPANTE-DA-BANCA="LIMA, E. M." ORDEM-PARTICIPANTE="2" NRO-ID-CNPQ=""/><PARTICIPANTE-BANCA NOME-COMPLETO-DO-PARTICIPANTE-DA-BANCA="Vanessa dos Santos Silva" NOME-PARA-CITACAO-DO-PARTICIPANTE-DA-BANCA="SILVA, V. S." ORDEM-PARTICIPANTE="3" NRO-ID-CNPQ=""/><PALAVRAS-CHAVE PALAVRA-CHAVE-1="Docking," PALAVRA-CHAVE-2="Dinâmica." PALAVRA-CHAVE-3="química medicinal" PALAVRA-CHAVE-4="" PALAVRA-CHAVE-5="" PALAVRA-CHAVE-6=""/><AREAS-DO-CONHECIMENTO><AREA-DO-CONHECIMENTO-1 NOME-GRANDE-AREA-DO-CONHECIMENTO="CIENCIAS_DA_SAUDE" NOME-DA-AREA-DO-CONHECIMENTO="" NOME-DA-SUB-AREA-DO-CONHECIMENTO="" NOME-DA-ESPECIALIDADE=""/></AREAS-DO-CONHECIMENTO><SETORES-DE-ATIVIDADE SETOR-DE-ATIVIDADE-1="Saúde humana e serviços sociais" SETOR-DE-ATIVIDADE-2="" SETOR-DE-ATIVIDADE-3=""/></PARTICIPACAO-EM-BANCA-DE-GRADUACAO></PARTICIPACAO-EM-BANCA-TRABALHOS-CONCLUSAO><PARTICIPACAO-EM-EVENTOS-CONGRESSOS><PARTICIPACAO-EM-SEMINARIO SEQUENCIA-PRODUCAO="43"><PARTICIPANTE-DE-EVENTOS-CONGRESSOS NOME-COMPLETO-DO-PARTICIPANTE-DE-EVENTOS-CONGRESSOS="Daniel Lins de Sales" NOME-PARA-CITACAO-DO-PARTICIPANTE-DE-EVENTOS-CONGRESSOS="SALES, Daniel Lins de;Simas, Alessandro B.C.;SIMAS, ALESSANDRO B. C." ORDEM-PARTICIPANTE="1" NRO-ID-CNPQ="6854786205996991"/><DADOS-BASICOS-DA-PARTICIPACAO-EM-SEMINARIO NATUREZA="Seminário" TITULO="" ANO="2017" PAIS="Brasil" IDIOMA="" MEIO-DE-DIVULGACAO="NAO_INFORMADO" HOME-PAGE-DO-TRABALHO="www.reoterm.com.br" FLAG-RELEVANCIA="NAO" TIPO-PARTICIPACAO="" FORMA-PARTICIPACAO="Ouvinte" DOI="" TITULO-INGLES="" FLAG-DIVULGACAO-CIENTIFICA="NAO"/><DETALHAMENTO-DA-PARTICIPACAO-EM-SEMINARIO NOME-DO-EVENTO="SEMINÁRIO VISCOSÍMETRIA E REOLOGIA -Fundamentos e Técnicas Avançadas" CODIGO-INSTITUICAO="" NOME-INSTITUICAO="" LOCAL-DO-EVENTO="" CIDADE-DO-EVENTO="Rio de Janeiro" NOME-DO-EVENTO-INGLES=""/></PARTICIPACAO-EM-SEMINARIO><PARTICIPACAO-EM-SIMPOSIO SEQUENCIA-PRODUCAO="34"><PARTICIPANTE-DE-EVENTOS-CONGRESSOS NOME-COMPLETO-DO-PARTICIPANTE-DE-EVENTOS-CONGRESSOS="Daniel Lins de Sales" NOME-PARA-CITACAO-DO-PARTICIPANTE-DE-EVENTOS-CONGRESSOS="SALES, Daniel Lins de;Simas, Alessandro B.C.;SIMAS, ALESSANDRO B. C." ORDEM-PARTICIPANTE="1" NRO-ID-CNPQ="6854786205996991"/><DADOS-BASICOS-DA-PARTICIPACAO-EM-SIMPOSIO NATUREZA="Simpósio" TITULO="" ANO="2012" PAIS="Brasil" IDIOMA="" MEIO-DE-DIVULGACAO="NAO_INFORMADO" HOME-PAGE-DO-TRABALHO="" FLAG-RELEVANCIA="NAO" TIPO-PARTICIPACAO="" FORMA-PARTICIPACAO="Ouvinte" DOI="" TITULO-INGLES="" FLAG-DIVULGACAO-CIENTIFICA="NAO"/><DETALHAMENTO-DA-PARTICIPACAO-EM-SIMPOSIO NOME-DO-EVENTO="II SIMPÓSIO DE ATUALIZAÇÃO E INOVAÇÃO EM CIÊNCIAS FARMACÊUTICA DA UNISUAM: GESTÃO E MARKETING FARMACÊUTICO" CODIGO-INSTITUICAO="" NOME-INSTITUICAO="" LOCAL-DO-EVENTO="" CIDADE-DO-EVENTO="Rio de Janeiro" NOME-DO-EVENTO-INGLES=""/></PARTICIPACAO-EM-SIMPOSIO><PARTICIPACAO-EM-SIMPOSIO SEQUENCIA-PRODUCAO="30"><PARTICIPANTE-DE-EVENTOS-CONGRESSOS NOME-COMPLETO-DO-PARTICIPANTE-DE-EVENTOS-CONGRESSOS="Daniel Lins de Sales" NOME-PARA-CITACAO-DO-PARTICIPANTE-DE-EVENTOS-CONGRESSOS="SALES, Daniel Lins de;Simas, Alessandro B.C.;SIMAS, ALESSANDRO B. C." ORDEM-PARTICIPANTE="1" NRO-ID-CNPQ="6854786205996991"/><DADOS-BASICOS-DA-PARTICIPACAO-EM-SIMPOSIO NATUREZA="Simpósio" TITULO="Construção de Mapas conceituais como ferramenta cognitiva da disciplina de Química" ANO="2014" PAIS="Brasil" IDIOMA="" MEIO-DE-DIVULGACAO="NAO_INFORMADO" HOME-PAGE-DO-TRABALHO="http://www.unisuamnews.com.br/wp-content/uploads/2013/12/x_simposio.jpg" FLAG-RELEVANCIA="NAO" TIPO-PARTICIPACAO="Apresentação Oral" FORMA-PARTICIPACAO="Participante" DOI="" TITULO-INGLES="" FLAG-DIVULGACAO-CIENTIFICA="SIM"/><DETALHAMENTO-DA-PARTICIPACAO-EM-SIMPOSIO NOME-DO-EVENTO="X Simpósio Docente UNISUAM" CODIGO-INSTITUICAO="" NOME-INSTITUICAO="" LOCAL-DO-EVENTO="" CIDADE-DO-EVENTO="RIO DE JANEIRO" NOME-DO-EVENTO-INGLES=""/></PARTICIPACAO-EM-SIMPOSIO><PARTICIPACAO-EM-SIMPOSIO SEQUENCIA-PRODUCAO="29"><PARTICIPANTE-DE-EVENTOS-CONGRESSOS NOME-COMPLETO-DO-PARTICIPANTE-DE-EVENTOS-CONGRESSOS="Daniel Lins de Sales" NOME-PARA-CITACAO-DO-PARTICIPANTE-DE-EVENTOS-CONGRESSOS="SALES, Daniel Lins de;Simas, Alessandro B.C.;SIMAS, ALESSANDRO B. C." ORDEM-PARTICIPANTE="1" NRO-ID-CNPQ="6854786205996991"/><DADOS-BASICOS-DA-PARTICIPACAO-EM-SIMPOSIO NATUREZA="Simpósio" TITULO="" ANO="2013" PAIS="Brasil" IDIOMA="" MEIO-DE-DIVULGACAO="NAO_INFORMADO" HOME-PAGE-DO-TRABALHO="" FLAG-RELEVANCIA="NAO" TIPO-PARTICIPACAO="" FORMA-PARTICIPACAO="Ouvinte" DOI="" TITULO-INGLES="" FLAG-DIVULGACAO-CIENTIFICA="NAO"/><DETALHAMENTO-DA-PARTICIPACAO-EM-SIMPOSIO NOME-DO-EVENTO="IV Simpósio Interno de Ensino, Pesquisa e extensão da Faculdade de Farmácia da UFRJ" CODIGO-INSTITUICAO="" NOME-INSTITUICAO="" LOCAL-DO-EVENTO="" CIDADE-DO-EVENTO="RIO DE JANEIRO" NOME-DO-EVENTO-INGLES=""/></PARTICIPACAO-EM-SIMPOSIO><PARTICIPACAO-EM-OFICINA SEQUENCIA-PRODUCAO="41"><PARTICIPANTE-DE-EVENTOS-CONGRESSOS NOME-COMPLETO-DO-PARTICIPANTE-DE-EVENTOS-CONGRESSOS="Daniel Lins de Sales" NOME-PARA-CITACAO-DO-PARTICIPANTE-DE-EVENTOS-CONGRESSOS="SALES, Daniel Lins de;Simas, Alessandro B.C.;SIMAS, ALESSANDRO B. C." ORDEM-PARTICIPANTE="1" NRO-ID-CNPQ="6854786205996991"/><DADOS-BASICOS-DA-PARTICIPACAO-EM-OFICINA NATUREZA="Oficina" TITULO="&amp;quot;Nova proposta para a co-formulação Artesunato/ Mefloquina de dose fixa por Hot-Melt Extrusion" ANO="2016" PAIS="Brasil" IDIOMA="" MEIO-DE-DIVULGACAO="NAO_INFORMADO" HOME-PAGE-DO-TRABALHO="" FLAG-RELEVANCIA="NAO" TIPO-PARTICIPACAO="Poster / Painel" FORMA-PARTICIPACAO="Participante" DOI="" TITULO-INGLES="&amp;quot;Nova proposta para a co-formulação Artesunato/ Mefloquina de dose fixa por Hot-Melt Extrusion" FLAG-DIVULGACAO-CIENTIFICA="NAO"/><DETALHAMENTO-DA-PARTICIPACAO-EM-OFICINA NOME-DO-EVENTO="III WORKSHOP DE COMPETÊNCIAS INTERNAS DO INT" CODIGO-INSTITUICAO="" NOME-INSTITUICAO="" LOCAL-DO-EVENTO="" CIDADE-DO-EVENTO="RIO DE JANEIRO" NOME-DO-EVENTO-INGLES=""/></PARTICIPACAO-EM-OFICINA><PARTICIPACAO-EM-OFICINA SEQUENCIA-PRODUCAO="42"><PARTICIPANTE-DE-EVENTOS-CONGRESSOS NOME-COMPLETO-DO-PARTICIPANTE-DE-EVENTOS-CONGRESSOS="Daniel Lins de Sales" NOME-PARA-CITACAO-DO-PARTICIPANTE-DE-EVENTOS-CONGRESSOS="SALES, Daniel Lins de;Simas, Alessandro B.C.;SIMAS, ALESSANDRO B. C." ORDEM-PARTICIPANTE="1" NRO-ID-CNPQ="6854786205996991"/><DADOS-BASICOS-DA-PARTICIPACAO-EM-OFICINA NATUREZA="Oficina" TITULO="TECHNOLOGY ROADMAP: USO DO ARTESUNATO(AS)  NO COMBATE À MALÁRIA" ANO="2016" PAIS="Brasil" IDIOMA="" MEIO-DE-DIVULGACAO="NAO_INFORMADO" HOME-PAGE-DO-TRABALHO="TECHNOLOGY ROADMAP: USO DO ARTESUNATO(AS)  NO COMBATE À MALÁRIA" FLAG-RELEVANCIA="NAO" TIPO-PARTICIPACAO="Poster / Painel" FORMA-PARTICIPACAO="Participante" DOI="" TITULO-INGLES="TECHNOLOGY ROADMAP: USO DO ARTESUNATO(AS)  NO COMBATE À MALÁRIA" FLAG-DIVULGACAO-CIENTIFICA="NAO"/><DETALHAMENTO-DA-PARTICIPACAO-EM-OFICINA NOME-DO-EVENTO="I WORKSHOP DE CIÊNCIAS FARMACÊUTICAS DA UNISUAM: DOENÇAS NEGLIGENCIADA" CODIGO-INSTITUICAO="" NOME-INSTITUICAO="" LOCAL-DO-EVENTO="" CIDADE-DO-EVENTO="RIO DE JANEIRO" NOME-DO-EVENTO-INGLES=""/></PARTICIPACAO-EM-OFICINA><PARTICIPACAO-EM-ENCONTRO SEQUENCIA-PRODUCAO="23"><PARTICIPANTE-DE-EVENTOS-CONGRESSOS NOME-COMPLETO-DO-PARTICIPANTE-DE-EVENTOS-CONGRESSOS="Daniel Lins de Sales" NOME-PARA-CITACAO-DO-PARTICIPANTE-DE-EVENTOS-CONGRESSOS="SALES, Daniel Lins de;Simas, Alessandro B.C.;SIMAS, ALESSANDRO B. C." ORDEM-PARTICIPANTE="1" NRO-ID-CNPQ="6854786205996991"/><DADOS-BASICOS-DA-PARTICIPACAO-EM-ENCONTRO NATUREZA="Encontro" TITULO="Princípios da Tecnologia Farmacêutica" ANO="2008" PAIS="Brasil" IDIOMA="" MEIO-DE-DIVULGACAO="NAO_INFORMADO" HOME-PAGE-DO-TRABALHO="" FLAG-RELEVANCIA="NAO" TIPO-PARTICIPACAO="Conferencista" FORMA-PARTICIPACAO="Convidado" DOI="" TITULO-INGLES="" FLAG-DIVULGACAO-CIENTIFICA="NAO"/><DETALHAMENTO-DA-PARTICIPACAO-EM-ENCONTRO NOME-DO-EVENTO="IV Jornada do Curso de Farmácia da UNISUAM" CODIGO-INSTITUICAO="" NOME-INSTITUICAO="" LOCAL-DO-EVENTO="" CIDADE-DO-EVENTO="Rio de Janeiro" NOME-DO-EVENTO-INGLES=""/></PARTICIPACAO-EM-ENCONTRO><PARTICIPACAO-EM-ENCONTRO SEQUENCIA-PRODUCAO="31"><PARTICIPANTE-DE-EVENTOS-CONGRESSOS NOME-COMPLETO-DO-PARTICIPANTE-DE-EVENTOS-CONGRESSOS="Daniel Lins de Sales" NOME-PARA-CITACAO-DO-PARTICIPANTE-DE-EVENTOS-CONGRESSOS="SALES, Daniel Lins de;Simas, Alessandro B.C.;SIMAS, ALESSANDRO B. C." ORDEM-PARTICIPANTE="1" NRO-ID-CNPQ="6854786205996991"/><DADOS-BASICOS-DA-PARTICIPACAO-EM-ENCONTRO NATUREZA="Encontro" TITULO="" ANO="2014" PAIS="Brasil" IDIOMA="" MEIO-DE-DIVULGACAO="NAO_INFORMADO" HOME-PAGE-DO-TRABALHO="http://www.ima.ufrj.br/noticias/i-encontro-de-polimeros/" FLAG-RELEVANCIA="NAO" TIPO-PARTICIPACAO="" FORMA-PARTICIPACAO="Ouvinte" DOI="" TITULO-INGLES="" FLAG-DIVULGACAO-CIENTIFICA="NAO"/><DETALHAMENTO-DA-PARTICIPACAO-EM-ENCONTRO NOME-DO-EVENTO="I ENCONTRO DE POLÍMEROS- APILCAÇÃO DOS POLÍMEROS" CODIGO-INSTITUICAO="" NOME-INSTITUICAO="" LOCAL-DO-EVENTO="" CIDADE-DO-EVENTO="RIO DE JANEIRO" NOME-DO-EVENTO-INGLES=""/></PARTICIPACAO-EM-ENCONTRO><PARTICIPACAO-EM-ENCONTRO SEQUENCIA-PRODUCAO="4"><PARTICIPANTE-DE-EVENTOS-CONGRESSOS NOME-COMPLETO-DO-PARTICIPANTE-DE-EVENTOS-CONGRESSOS="Daniel Lins de Sales" NOME-PARA-CITACAO-DO-PARTICIPANTE-DE-EVENTOS-CONGRESSOS="SALES, Daniel Lins de;Simas, Alessandro B.C.;SIMAS, ALESSANDRO B. C." ORDEM-PARTICIPANTE="1" NRO-ID-CNPQ="6854786205996991"/><DADOS-BASICOS-DA-PARTICIPACAO-EM-ENCONTRO NATUREZA="Encontro" TITULO="Um Novo Modo de Síntese de  -Aminoálcoois: Reação de Acoplamento Cruzado de Enolfosfatos Catalisada por Pd(0)" ANO="2006" PAIS="Brasil" IDIOMA="" MEIO-DE-DIVULGACAO="NAO_INFORMADO" HOME-PAGE-DO-TRABALHO="" FLAG-RELEVANCIA="NAO" TIPO-PARTICIPACAO="Poster / Painel" FORMA-PARTICIPACAO="Participante" DOI="" TITULO-INGLES="" FLAG-DIVULGACAO-CIENTIFICA="NAO"/><DETALHAMENTO-DA-PARTICIPACAO-EM-ENCONTRO NOME-DO-EVENTO="II Encontro da Pós-Graduação do Instituto de Química - UFRJ" CODIGO-INSTITUICAO="" NOME-INSTITUICAO="" LOCAL-DO-EVENTO="" CIDADE-DO-EVENTO="Rio de Janeiro" NOME-DO-EVENTO-INGLES=""/></PARTICIPACAO-EM-ENCONTRO><PARTICIPACAO-EM-ENCONTRO SEQUENCIA-PRODUCAO="32"><PARTICIPANTE-DE-EVENTOS-CONGRESSOS NOME-COMPLETO-DO-PARTICIPANTE-DE-EVENTOS-CONGRESSOS="Daniel Lins de Sales" NOME-PARA-CITACAO-DO-PARTICIPANTE-DE-EVENTOS-CONGRESSOS="SALES, Daniel Lins de;Simas, Alessandro B.C.;SIMAS, ALESSANDRO B. C." ORDEM-PARTICIPANTE="1" NRO-ID-CNPQ="6854786205996991"/><DADOS-BASICOS-DA-PARTICIPACAO-EM-ENCONTRO NATUREZA="Encontro" TITULO="" ANO="2014" PAIS="Brasil" IDIOMA="" MEIO-DE-DIVULGACAO="NAO_INFORMADO" HOME-PAGE-DO-TRABALHO="" FLAG-RELEVANCIA="NAO" TIPO-PARTICIPACAO="" FORMA-PARTICIPACAO="Ouvinte" DOI="" TITULO-INGLES="" FLAG-DIVULGACAO-CIENTIFICA="NAO"/><DETALHAMENTO-DA-PARTICIPACAO-EM-ENCONTRO NOME-DO-EVENTO="1º semana de nano fármacos_IMA/UFRJ" CODIGO-INSTITUICAO="" NOME-INSTITUICAO="" LOCAL-DO-EVENTO="" CIDADE-DO-EVENTO="rio de janeiro" NOME-DO-EVENTO-INGLES=""/></PARTICIPACAO-EM-ENCONTRO><PARTICIPACAO-EM-ENCONTRO SEQUENCIA-PRODUCAO="16"><PARTICIPANTE-DE-EVENTOS-CONGRESSOS NOME-COMPLETO-DO-PARTICIPANTE-DE-EVENTOS-CONGRESSOS="Daniel Lins de Sales" NOME-PARA-CITACAO-DO-PARTICIPANTE-DE-EVENTOS-CONGRESSOS="SALES, Daniel Lins de;Simas, Alessandro B.C.;SIMAS, ALESSANDRO B. C." ORDEM-PARTICIPANTE="1" NRO-ID-CNPQ="6854786205996991"/><DADOS-BASICOS-DA-PARTICIPACAO-EM-ENCONTRO NATUREZA="Encontro" TITULO="Otimização da Síntese de Enolfosfatos Derivados de Acetamida para um Novo Modo de Construção de 1,2-Aminoálcoois." ANO="2008" PAIS="Brasil" IDIOMA="" MEIO-DE-DIVULGACAO="NAO_INFORMADO" HOME-PAGE-DO-TRABALHO="" FLAG-RELEVANCIA="NAO" TIPO-PARTICIPACAO="Poster / Painel" FORMA-PARTICIPACAO="Participante" DOI="" TITULO-INGLES="" FLAG-DIVULGACAO-CIENTIFICA="NAO"/><DETALHAMENTO-DA-PARTICIPACAO-EM-ENCONTRO NOME-DO-EVENTO="I Semana de Pós-Graduação ? NPPN/UFRJ" CODIGO-INSTITUICAO="" NOME-INSTITUICAO="" LOCAL-DO-EVENTO="" CIDADE-DO-EVENTO="Rio de Janeiro" NOME-DO-EVENTO-INGLES=""/></PARTICIPACAO-EM-ENCONTRO><OUTRAS-PARTICIPACOES-EM-EVENTOS-CONGRESSOS SEQUENCIA-PRODUCAO="8"><PARTICIPANTE-DE-EVENTOS-CONGRESSOS NOME-COMPLETO-DO-PARTICIPANTE-DE-EVENTOS-CONGRESSOS="Daniel Lins de Sales" NOME-PARA-CITACAO-DO-PARTICIPANTE-DE-EVENTOS-CONGRESSOS="SALES, Daniel Lins de;Simas, Alessandro B.C.;SIMAS, ALESSANDRO B. C." ORDEM-PARTICIPANTE="1" NRO-ID-CNPQ="6854786205996991"/><DADOS-BASICOS-DE-OUTRAS-PARTICIPACOES-EM-EVENTOS-CONGRESSOS NATUREZA="Outra" TITULO="Aplicação de acoplamentos cruzados catalisados por Pd(0) na síntese de piperidinas funcionalizadas." ANO="2007" PAIS="Brasil" IDIOMA="" MEIO-DE-DIVULGACAO="NAO_INFORMADO" HOME-PAGE-DO-TRABALHO="" FLAG-RELEVANCIA="NAO" TIPO-PARTICIPACAO="Poster / Painel" FORMA-PARTICIPACAO="Participante" DOI="" TITULO-INGLES="" FLAG-DIVULGACAO-CIENTIFICA="NAO"/><DETALHAMENTO-DE-OUTRAS-PARTICIPACOES-EM-EVENTOS-CONGRESSOS NOME-DO-EVENTO="30a Reunião Anual da Sociedade Brasileira de Química" CODIGO-INSTITUICAO="" NOME-INSTITUICAO="" LOCAL-DO-EVENTO="" CIDADE-DO-EVENTO="Águas de Lindóia" NOME-DO-EVENTO-INGLES=""/></OUTRAS-PARTICIPACOES-EM-EVENTOS-CONGRESSOS><OUTRAS-PARTICIPACOES-EM-EVENTOS-CONGRESSOS SEQUENCIA-PRODUCAO="10"><PARTICIPANTE-DE-EVENTOS-CONGRESSOS NOME-COMPLETO-DO-PARTICIPANTE-DE-EVENTOS-CONGRESSOS="Daniel Lins de Sales" NOME-PARA-CITACAO-DO-PARTICIPANTE-DE-EVENTOS-CONGRESSOS="SALES, Daniel Lins de;Simas, Alessandro B.C.;SIMAS, ALESSANDRO B. C." ORDEM-PARTICIPANTE="1" NRO-ID-CNPQ="6854786205996991"/><DADOS-BASICOS-DE-OUTRAS-PARTICIPACOES-EM-EVENTOS-CONGRESSOS NATUREZA="Outra" TITULO="Estudos de Novas Metodologias para a Síntese de Heterociclos Bioativos." ANO="2006" PAIS="Brasil" IDIOMA="" MEIO-DE-DIVULGACAO="NAO_INFORMADO" HOME-PAGE-DO-TRABALHO="" FLAG-RELEVANCIA="NAO" TIPO-PARTICIPACAO="Poster / Painel" FORMA-PARTICIPACAO="Participante" DOI="" TITULO-INGLES="" FLAG-DIVULGACAO-CIENTIFICA="NAO"/><DETALHAMENTO-DE-OUTRAS-PARTICIPACOES-EM-EVENTOS-CONGRESSOS NOME-DO-EVENTO="II Encontro da Pós-Graduação do Instituto de Química - UFRJ" CODIGO-INSTITUICAO="" NOME-INSTITUICAO="" LOCAL-DO-EVENTO="" CIDADE-DO-EVENTO="Rio de Janeiro" NOME-DO-EVENTO-INGLES=""/></OUTRAS-PARTICIPACOES-EM-EVENTOS-CONGRESSOS><OUTRAS-PARTICIPACOES-EM-EVENTOS-CONGRESSOS SEQUENCIA-PRODUCAO="25"><PARTICIPANTE-DE-EVENTOS-CONGRESSOS NOME-COMPLETO-DO-PARTICIPANTE-DE-EVENTOS-CONGRESSOS="Daniel Lins de Sales" NOME-PARA-CITACAO-DO-PARTICIPANTE-DE-EVENTOS-CONGRESSOS="SALES, Daniel Lins de;Simas, Alessandro B.C.;SIMAS, ALESSANDRO B. C." ORDEM-PARTICIPANTE="1" NRO-ID-CNPQ="6854786205996991"/><DADOS-BASICOS-DE-OUTRAS-PARTICIPACOES-EM-EVENTOS-CONGRESSOS NATUREZA="Outra" TITULO="" ANO="2012" PAIS="Brasil" IDIOMA="" MEIO-DE-DIVULGACAO="NAO_INFORMADO" HOME-PAGE-DO-TRABALHO="http://www.engenews.com.br/site/" FLAG-RELEVANCIA="NAO" TIPO-PARTICIPACAO="" FORMA-PARTICIPACAO="Ouvinte" DOI="" TITULO-INGLES="" FLAG-DIVULGACAO-CIENTIFICA="NAO"/><DETALHAMENTO-DE-OUTRAS-PARTICIPACOES-EM-EVENTOS-CONGRESSOS NOME-DO-EVENTO="Curso de Qualificação de Equipamentos e Utilidades Farmacêuticas pela Engenews Engenharia Farmacêutica" CODIGO-INSTITUICAO="" NOME-INSTITUICAO="" LOCAL-DO-EVENTO="" CIDADE-DO-EVENTO="Rio de Janeiro-RJ" NOME-DO-EVENTO-INGLES=""/></OUTRAS-PARTICIPACOES-EM-EVENTOS-CONGRESSOS><OUTRAS-PARTICIPACOES-EM-EVENTOS-CONGRESSOS SEQUENCIA-PRODUCAO="2"><PARTICIPANTE-DE-EVENTOS-CONGRESSOS NOME-COMPLETO-DO-PARTICIPANTE-DE-EVENTOS-CONGRESSOS="Daniel Lins de Sales" NOME-PARA-CITACAO-DO-PARTICIPANTE-DE-EVENTOS-CONGRESSOS="SALES, Daniel Lins de;Simas, Alessandro B.C.;SIMAS, ALESSANDRO B. C." ORDEM-PARTICIPANTE="1" NRO-ID-CNPQ="6854786205996991"/><DADOS-BASICOS-DE-OUTRAS-PARTICIPACOES-EM-EVENTOS-CONGRESSOS NATUREZA="Outra" TITULO="" ANO="2002" PAIS="Brasil" IDIOMA="" MEIO-DE-DIVULGACAO="NAO_INFORMADO" HOME-PAGE-DO-TRABALHO="" FLAG-RELEVANCIA="NAO" TIPO-PARTICIPACAO="" FORMA-PARTICIPACAO="Ouvinte" DOI="" TITULO-INGLES="" FLAG-DIVULGACAO-CIENTIFICA="NAO"/><DETALHAMENTO-DE-OUTRAS-PARTICIPACOES-EM-EVENTOS-CONGRESSOS NOME-DO-EVENTO="XX Semana de Farmácia da Faculdade de Farmácia - UFRJ" CODIGO-INSTITUICAO="" NOME-INSTITUICAO="" LOCAL-DO-EVENTO="" CIDADE-DO-EVENTO="Rio de Janeiro" NOME-DO-EVENTO-INGLES=""/></OUTRAS-PARTICIPACOES-EM-EVENTOS-CONGRESSOS><OUTRAS-PARTICIPACOES-EM-EVENTOS-CONGRESSOS SEQUENCIA-PRODUCAO="1"><PARTICIPANTE-DE-EVENTOS-CONGRESSOS NOME-COMPLETO-DO-PARTICIPANTE-DE-EVENTOS-CONGRESSOS="Daniel Lins de Sales" NOME-PARA-CITACAO-DO-PARTICIPANTE-DE-EVENTOS-CONGRESSOS="SALES, Daniel Lins de;Simas, Alessandro B.C.;SIMAS, ALESSANDRO B. C." ORDEM-PARTICIPANTE="1" NRO-ID-CNPQ="6854786205996991"/><DADOS-BASICOS-DE-OUTRAS-PARTICIPACOES-EM-EVENTOS-CONGRESSOS NATUREZA="Outra" TITULO="" ANO="2000" PAIS="Brasil" IDIOMA="" MEIO-DE-DIVULGACAO="NAO_INFORMADO" HOME-PAGE-DO-TRABALHO="" FLAG-RELEVANCIA="NAO" TIPO-PARTICIPACAO="" FORMA-PARTICIPACAO="Ouvinte" DOI="" TITULO-INGLES="" FLAG-DIVULGACAO-CIENTIFICA="NAO"/><DETALHAMENTO-DE-OUTRAS-PARTICIPACOES-EM-EVENTOS-CONGRESSOS NOME-DO-EVENTO="XIX Semana de Farmácia da Faculdade de Farmácia - UFRJ" CODIGO-INSTITUICAO="" NOME-INSTITUICAO="" LOCAL-DO-EVENTO="" CIDADE-DO-EVENTO="Rio de Janeiro" NOME-DO-EVENTO-INGLES=""/></OUTRAS-PARTICIPACOES-EM-EVENTOS-CONGRESSOS><OUTRAS-PARTICIPACOES-EM-EVENTOS-CONGRESSOS SEQUENCIA-PRODUCAO="3"><PARTICIPANTE-DE-EVENTOS-CONGRESSOS NOME-COMPLETO-DO-PARTICIPANTE-DE-EVENTOS-CONGRESSOS="Daniel Lins de Sales" NOME-PARA-CITACAO-DO-PARTICIPANTE-DE-EVENTOS-CONGRESSOS="SALES, Daniel Lins de;Simas, Alessandro B.C.;SIMAS, ALESSANDRO B. C." ORDEM-PARTICIPANTE="1" NRO-ID-CNPQ="6854786205996991"/><DADOS-BASICOS-DE-OUTRAS-PARTICIPACOES-EM-EVENTOS-CONGRESSOS NATUREZA="Outra" TITULO="" ANO="2004" PAIS="Brasil" IDIOMA="" MEIO-DE-DIVULGACAO="NAO_INFORMADO" HOME-PAGE-DO-TRABALHO="" FLAG-RELEVANCIA="NAO" TIPO-PARTICIPACAO="" FORMA-PARTICIPACAO="Ouvinte" DOI="" TITULO-INGLES="" FLAG-DIVULGACAO-CIENTIFICA="NAO"/><DETALHAMENTO-DE-OUTRAS-PARTICIPACOES-EM-EVENTOS-CONGRESSOS NOME-DO-EVENTO="III Semana de Atualização em Intoxicações Agudas - HUCFF/UFRJ" CODIGO-INSTITUICAO="" NOME-INSTITUICAO="" LOCAL-DO-EVENTO="" CIDADE-DO-EVENTO="Rio de Janeiro" NOME-DO-EVENTO-INGLES=""/></OUTRAS-PARTICIPACOES-EM-EVENTOS-CONGRESSOS><OUTRAS-PARTICIPACOES-EM-EVENTOS-CONGRESSOS SEQUENCIA-PRODUCAO="6"><PARTICIPANTE-DE-EVENTOS-CONGRESSOS NOME-COMPLETO-DO-PARTICIPANTE-DE-EVENTOS-CONGRESSOS="Daniel Lins de Sales" NOME-PARA-CITACAO-DO-PARTICIPANTE-DE-EVENTOS-CONGRESSOS="SALES, Daniel Lins de;Simas, Alessandro B.C.;SIMAS, ALESSANDRO B. C." ORDEM-PARTICIPANTE="1" NRO-ID-CNPQ="6854786205996991"/><DADOS-BASICOS-DE-OUTRAS-PARTICIPACOES-EM-EVENTOS-CONGRESSOS NATUREZA="Outra" TITULO="Estudo de Acoplamentos cruzados catalisados por Pd(0) visando a síntese de  -Aminoálcoois." ANO="2007" PAIS="Brasil" IDIOMA="" MEIO-DE-DIVULGACAO="NAO_INFORMADO" HOME-PAGE-DO-TRABALHO="" FLAG-RELEVANCIA="NAO" TIPO-PARTICIPACAO="Poster / Painel" FORMA-PARTICIPACAO="Participante" DOI="" TITULO-INGLES="" FLAG-DIVULGACAO-CIENTIFICA="NAO"/><DETALHAMENTO-DE-OUTRAS-PARTICIPACOES-EM-EVENTOS-CONGRESSOS NOME-DO-EVENTO="30a Reunião Anual da Sociedade Brasileira de Química" CODIGO-INSTITUICAO="" NOME-INSTITUICAO="" LOCAL-DO-EVENTO="" CIDADE-DO-EVENTO="Águas de Lindóia" NOME-DO-EVENTO-INGLES=""/></OUTRAS-PARTICIPACOES-EM-EVENTOS-CONGRESSOS></PARTICIPACAO-EM-EVENTOS-CONGRESSOS><INFORMACOES-ADICIONAIS-INSTITUICOES><INFORMACAO-ADICIONAL-INSTITUICAO CODIGO-INSTITUICAO="000100000991" SIGLA-INSTITUICAO="UNIGRANRIO" SIGLA-UF-INSTITUICAO="RJ" SIGLA-PAIS-INSTITUICAO="BRA" NOME-PAIS-INSTITUICAO="Brasil" FLAG-AGENCIA-FOMENTO="SIM" FLAG-INSTITUICAO-DE-ENSINO="NAO"/><INFORMACAO-ADICIONAL-INSTITUICAO CODIGO-INSTITUICAO="000200000993" SIGLA-INSTITUICAO="UNIGRSANRIO" SIGLA-UF-INSTITUICAO="RJ" SIGLA-PAIS-INSTITUICAO="BRA" NOME-PAIS-INSTITUICAO="Brasil" FLAG-AGENCIA-FOMENTO="NAO" FLAG-INSTITUICAO-DE-ENSINO="NAO"/><INFORMACAO-ADICIONAL-INSTITUICAO CODIGO-INSTITUICAO="000300000995" SIGLA-INSTITUICAO="ENGENEWS" SIGLA-UF-INSTITUICAO="RJ" SIGLA-PAIS-INSTITUICAO="BRA" NOME-PAIS-INSTITUICAO="Brasil" FLAG-AGENCIA-FOMENTO="NAO" FLAG-INSTITUICAO-DE-ENSINO="NAO"/><INFORMACAO-ADICIONAL-INSTITUICAO CODIGO-INSTITUICAO="000400000008" SIGLA-INSTITUICAO="FGV" SIGLA-UF-INSTITUICAO="RJ" SIGLA-PAIS-INSTITUICAO="BRA" NOME-PAIS-INSTITUICAO="Brasil" FLAG-AGENCIA-FOMENTO="NAO" FLAG-INSTITUICAO-DE-ENSINO="SIM"/><INFORMACAO-ADICIONAL-INSTITUICAO CODIGO-INSTITUICAO="000400000997" SIGLA-INSTITUICAO="SEBRAE" SIGLA-UF-INSTITUICAO="RJ" SIGLA-PAIS-INSTITUICAO="BRA" NOME-PAIS-INSTITUICAO="Brasil" FLAG-AGENCIA-FOMENTO="NAO" FLAG-INSTITUICAO-DE-ENSINO="NAO"/><INFORMACAO-ADICIONAL-INSTITUICAO CODIGO-INSTITUICAO="000500000999" SIGLA-INSTITUICAO="EAD SEBRAE" SIGLA-UF-INSTITUICAO="DF" SIGLA-PAIS-INSTITUICAO="BRA" NOME-PAIS-INSTITUICAO="Brasil" FLAG-AGENCIA-FOMENTO="NAO" FLAG-INSTITUICAO-DE-ENSINO="NAO"/><INFORMACAO-ADICIONAL-INSTITUICAO CODIGO-INSTITUICAO="000600000990" SIGLA-INSTITUICAO="PS" SIGLA-UF-INSTITUICAO="RJ" SIGLA-PAIS-INSTITUICAO="BRA" NOME-PAIS-INSTITUICAO="Brasil" FLAG-AGENCIA-FOMENTO="NAO" FLAG-INSTITUICAO-DE-ENSINO="NAO"/><INFORMACAO-ADICIONAL-INSTITUICAO CODIGO-INSTITUICAO="000700000992" SIGLA-INSTITUICAO="PS" SIGLA-UF-INSTITUICAO="RJ" SIGLA-PAIS-INSTITUICAO="BRA" NOME-PAIS-INSTITUICAO="Brasil" FLAG-AGENCIA-FOMENTO="NAO" FLAG-INSTITUICAO-DE-ENSINO="NAO"/><INFORMACAO-ADICIONAL-INSTITUICAO CODIGO-INSTITUICAO="020200000009" SIGLA-INSTITUICAO="UFRJ" SIGLA-UF-INSTITUICAO="RJ" SIGLA-PAIS-INSTITUICAO="BRA" NOME-PAIS-INSTITUICAO="Brasil" FLAG-AGENCIA-FOMENTO="NAO" FLAG-INSTITUICAO-DE-ENSINO="SIM"/><INFORMACAO-ADICIONAL-INSTITUICAO CODIGO-INSTITUICAO="020201000991" SIGLA-INSTITUICAO="UFRJ" SIGLA-UF-INSTITUICAO="RJ" SIGLA-PAIS-INSTITUICAO="BRA" NOME-PAIS-INSTITUICAO="Brasil" FLAG-AGENCIA-FOMENTO="NAO" FLAG-INSTITUICAO-DE-ENSINO="NAO"/><INFORMACAO-ADICIONAL-INSTITUICAO CODIGO-INSTITUICAO="027500000001" SIGLA-INSTITUICAO="INT" SIGLA-UF-INSTITUICAO="RJ" SIGLA-PAIS-INSTITUICAO="BRA" NOME-PAIS-INSTITUICAO="Brasil" FLAG-AGENCIA-FOMENTO="NAO" FLAG-INSTITUICAO-DE-ENSINO="NAO"/><INFORMACAO-ADICIONAL-INSTITUICAO CODIGO-INSTITUICAO="045000000000" SIGLA-INSTITUICAO="CAPES" SIGLA-UF-INSTITUICAO="DF" SIGLA-PAIS-INSTITUICAO="BRA" NOME-PAIS-INSTITUICAO="Brasil" FLAG-AGENCIA-FOMENTO="SIM" FLAG-INSTITUICAO-DE-ENSINO="SIM"/><INFORMACAO-ADICIONAL-INSTITUICAO CODIGO-INSTITUICAO="201900000008" SIGLA-INSTITUICAO="UNISUAM" SIGLA-UF-INSTITUICAO="RJ" SIGLA-PAIS-INSTITUICAO="BRA" NOME-PAIS-INSTITUICAO="Brasil" FLAG-AGENCIA-FOMENTO="NAO" FLAG-INSTITUICAO-DE-ENSINO="SIM"/><INFORMACAO-ADICIONAL-INSTITUICAO CODIGO-INSTITUICAO="201901000990" SIGLA-INSTITUICAO="" SIGLA-UF-INSTITUICAO="RJ" SIGLA-PAIS-INSTITUICAO="BRA" NOME-PAIS-INSTITUICAO="Brasil" FLAG-AGENCIA-FOMENTO="NAO" FLAG-INSTITUICAO-DE-ENSINO="NAO"/><INFORMACAO-ADICIONAL-INSTITUICAO CODIGO-INSTITUICAO="201902000994" SIGLA-INSTITUICAO="" SIGLA-UF-INSTITUICAO="RJ" SIGLA-PAIS-INSTITUICAO="BRA" NOME-PAIS-INSTITUICAO="Brasil" FLAG-AGENCIA-FOMENTO="NAO" FLAG-INSTITUICAO-DE-ENSINO="NAO"/><INFORMACAO-ADICIONAL-INSTITUICAO CODIGO-INSTITUICAO="604600000002" SIGLA-INSTITUICAO="ENAP" SIGLA-UF-INSTITUICAO="DF" SIGLA-PAIS-INSTITUICAO="BRA" NOME-PAIS-INSTITUICAO="Brasil" FLAG-AGENCIA-FOMENTO="NAO" FLAG-INSTITUICAO-DE-ENSINO="SIM"/><INFORMACAO-ADICIONAL-INSTITUICAO CODIGO-INSTITUICAO="852100000006" SIGLA-INSTITUICAO="SEBRAE" SIGLA-UF-INSTITUICAO="DF" SIGLA-PAIS-INSTITUICAO="BRA" NOME-PAIS-INSTITUICAO="Brasil" FLAG-AGENCIA-FOMENTO="NAO" FLAG-INSTITUICAO-DE-ENSINO="NAO"/></INFORMACOES-ADICIONAIS-INSTITUICOES><INFORMACOES-ADICIONAIS-CURSOS><INFORMACAO-ADICIONAL-CURSO CODIGO-CURSO="31000096" CODIGO-ORGAO="" NOME-ORGAO="" CODIGO-INSTITUICAO="020200000009" NOME-INSTITUICAO="Universidade Federal do Rio de Janeiro" NOME-GRANDE-AREA-DO-CONHECIMENTO="CIENCIAS_EXATAS_E_DA_TERRA" NOME-DA-AREA-DO-CONHECIMENTO="Química" NOME-DA-SUB-AREA-DO-CONHECIMENTO="" NOME-DA-ESPECIALIDADE="" NIVEL-CURSO="MESTRADO_DOUTORADO"/><INFORMACAO-ADICIONAL-CURSO CODIGO-CURSO="31000096" CODIGO-ORGAO="" NOME-ORGAO="" CODIGO-INSTITUICAO="020200000009" NOME-INSTITUICAO="Universidade Federal do Rio de Janeiro" NOME-GRANDE-AREA-DO-CONHECIMENTO="CIENCIAS_EXATAS_E_DA_TERRA" NOME-DA-AREA-DO-CONHECIMENTO="Química" NOME-DA-SUB-AREA-DO-CONHECIMENTO="" NOME-DA-ESPECIALIDADE="" NIVEL-CURSO="MESTRADO_DOUTORADO"/><INFORMACAO-ADICIONAL-CURSO CODIGO-CURSO="31000371" CODIGO-ORGAO="" NOME-ORGAO="" CODIGO-INSTITUICAO="020200000009" NOME-INSTITUICAO="Universidade Federal do Rio de Janeiro" NOME-GRANDE-AREA-DO-CONHECIMENTO="ENGENHARIAS" NOME-DA-AREA-DO-CONHECIMENTO="Engenharia Química" NOME-DA-SUB-AREA-DO-CONHECIMENTO="" NOME-DA-ESPECIALIDADE="" NIVEL-CURSO="MESTRADO_DOUTORADO"/><INFORMACAO-ADICIONAL-CURSO CODIGO-CURSO="60118920" CODIGO-ORGAO="" NOME-ORGAO="" CODIGO-INSTITUICAO="201900000008" NOME-INSTITUICAO="Centro Universitário Augusto Motta" NOME-GRANDE-AREA-DO-CONHECIMENTO="OUTROS" NOME-DA-AREA-DO-CONHECIMENTO="" NOME-DA-SUB-AREA-DO-CONHECIMENTO="" NOME-DA-ESPECIALIDADE="" NIVEL-CURSO="GRADUACAO"/><INFORMACAO-ADICIONAL-CURSO CODIGO-CURSO="60146923" CODIGO-ORGAO="" NOME-ORGAO="" CODIGO-INSTITUICAO="201900000008" NOME-INSTITUICAO="Centro Universitário Augusto Motta" NOME-GRANDE-AREA-DO-CONHECIMENTO="OUTROS" NOME-DA-AREA-DO-CONHECIMENTO="" NOME-DA-SUB-AREA-DO-CONHECIMENTO="" NOME-DA-ESPECIALIDADE="" NIVEL-CURSO="GRADUACAO"/><INFORMACAO-ADICIONAL-CURSO CODIGO-CURSO="60255595" CODIGO-ORGAO="" NOME-ORGAO="" CODIGO-INSTITUICAO="201900000008" NOME-INSTITUICAO="Centro Universitário Augusto Motta" NOME-GRANDE-AREA-DO-CONHECIMENTO="OUTROS" NOME-DA-AREA-DO-CONHECIMENTO="" NOME-DA-SUB-AREA-DO-CONHECIMENTO="" NOME-DA-ESPECIALIDADE="" NIVEL-CURSO="GRADUACAO"/><INFORMACAO-ADICIONAL-CURSO CODIGO-CURSO="90000001" CODIGO-ORGAO="" NOME-ORGAO="" CODIGO-INSTITUICAO="020200000009" NOME-INSTITUICAO="Universidade Federal do Rio de Janeiro" NOME-GRANDE-AREA-DO-CONHECIMENTO="CIENCIAS_DA_SAUDE" NOME-DA-AREA-DO-CONHECIMENTO="Farmácia" NOME-DA-SUB-AREA-DO-CONHECIMENTO="" NOME-DA-ESPECIALIDADE="" NIVEL-CURSO="GRADUACAO"/><INFORMACAO-ADICIONAL-CURSO CODIGO-CURSO="90000002" CODIGO-ORGAO="" NOME-ORGAO="" CODIGO-INSTITUICAO="020200000009" NOME-INSTITUICAO="Universidade Federal do Rio de Janeiro" NOME-GRANDE-AREA-DO-CONHECIMENTO="CIENCIAS_DA_SAUDE" NOME-DA-AREA-DO-CONHECIMENTO="Farmácia" NOME-DA-SUB-AREA-DO-CONHECIMENTO="" NOME-DA-ESPECIALIDADE="" NIVEL-CURSO="GRADUACAO"/><INFORMACAO-ADICIONAL-CURSO CODIGO-CURSO="90000003" CODIGO-ORGAO="" NOME-ORGAO="" CODIGO-INSTITUICAO="000100000991" NOME-INSTITUICAO="Universidade do Grande Rio, Prof. José de Souza Herdy" NOME-GRANDE-AREA-DO-CONHECIMENTO="CIENCIAS_DA_SAUDE" NOME-DA-AREA-DO-CONHECIMENTO="Farmácia" NOME-DA-SUB-AREA-DO-CONHECIMENTO="" NOME-DA-ESPECIALIDADE="" NIVEL-CURSO="GRADUACAO"/><INFORMACAO-ADICIONAL-CURSO CODIGO-CURSO="90000004" CODIGO-ORGAO="" NOME-ORGAO="" CODIGO-INSTITUICAO="000200000993" NOME-INSTITUICAO="Universidade do Grande Rio, Prof. José de Souza Herdy" NOME-GRANDE-AREA-DO-CONHECIMENTO="CIENCIAS_DA_SAUDE" NOME-DA-AREA-DO-CONHECIMENTO="Farmácia" NOME-DA-SUB-AREA-DO-CONHECIMENTO="" NOME-DA-ESPECIALIDADE="" NIVEL-CURSO="GRADUACAO"/><INFORMACAO-ADICIONAL-CURSO CODIGO-CURSO="90000005" CODIGO-ORGAO="" NOME-ORGAO="" CODIGO-INSTITUICAO="201900000008" NOME-INSTITUICAO="Centro Universitário Augusto Motta" NOME-GRANDE-AREA-DO-CONHECIMENTO="CIENCIAS_DA_SAUDE" NOME-DA-AREA-DO-CONHECIMENTO="Farmácia" NOME-DA-SUB-AREA-DO-CONHECIMENTO="" NOME-DA-ESPECIALIDADE="" NIVEL-CURSO="GRADUACAO"/><INFORMACAO-ADICIONAL-CURSO CODIGO-CURSO="90000006" CODIGO-ORGAO="" NOME-ORGAO="" CODIGO-INSTITUICAO="000300000995" NOME-INSTITUICAO="Engenews_engenharia farmacêutica" NOME-GRANDE-AREA-DO-CONHECIMENTO="CIENCIAS_DA_SAUDE" NOME-DA-AREA-DO-CONHECIMENTO="Farmácia" NOME-DA-SUB-AREA-DO-CONHECIMENTO="" NOME-DA-ESPECIALIDADE="" NIVEL-CURSO="CURSO_DE_CURTA_DURACAO"/><INFORMACAO-ADICIONAL-CURSO CODIGO-CURSO="90000007" CODIGO-ORGAO="" NOME-ORGAO="" CODIGO-INSTITUICAO="201900000008" NOME-INSTITUICAO="Centro Universitário Augusto Motta" NOME-GRANDE-AREA-DO-CONHECIMENTO="CIENCIAS_DA_SAUDE" NOME-DA-AREA-DO-CONHECIMENTO="Farmácia" NOME-DA-SUB-AREA-DO-CONHECIMENTO="" NOME-DA-ESPECIALIDADE="" NIVEL-CURSO="OT"/><INFORMACAO-ADICIONAL-CURSO CODIGO-CURSO="90000008" CODIGO-ORGAO="" NOME-ORGAO="" CODIGO-INSTITUICAO="000300000995" NOME-INSTITUICAO="Engenews_engenharia farmacêutica" NOME-GRANDE-AREA-DO-CONHECIMENTO="CIENCIAS_DA_SAUDE" NOME-DA-AREA-DO-CONHECIMENTO="Farmácia" NOME-DA-SUB-AREA-DO-CONHECIMENTO="" NOME-DA-ESPECIALIDADE="" NIVEL-CURSO="CURSO_DE_CURTA_DURACAO"/><INFORMACAO-ADICIONAL-CURSO CODIGO-CURSO="90000009" CODIGO-ORGAO="" NOME-ORGAO="" CODIGO-INSTITUICAO="020200000009" NOME-INSTITUICAO="Universidade Federal do Rio de Janeiro" NOME-GRANDE-AREA-DO-CONHECIMENTO="CIENCIAS_DA_SAUDE" NOME-DA-AREA-DO-CONHECIMENTO="Farmácia" NOME-DA-SUB-AREA-DO-CONHECIMENTO="" NOME-DA-ESPECIALIDADE="" NIVEL-CURSO="CURSO_DE_CURTA_DURACAO"/><INFORMACAO-ADICIONAL-CURSO CODIGO-CURSO="90000010" CODIGO-ORGAO="" NOME-ORGAO="" CODIGO-INSTITUICAO="000400000997" NOME-INSTITUICAO="Serviço Brasileiro de Apoio às Micro e Pequenas Empresas." NOME-GRANDE-AREA-DO-CONHECIMENTO="CIENCIAS_SOCIAIS_APLICADAS" NOME-DA-AREA-DO-CONHECIMENTO="Administração" NOME-DA-SUB-AREA-DO-CONHECIMENTO="" NOME-DA-ESPECIALIDADE="" NIVEL-CURSO="OT"/><INFORMACAO-ADICIONAL-CURSO CODIGO-CURSO="90000011" CODIGO-ORGAO="" NOME-ORGAO="" CODIGO-INSTITUICAO="852100000006" NOME-INSTITUICAO="Serviço Brasileiro de Apoio às Micro e Pequenas Empresas" NOME-GRANDE-AREA-DO-CONHECIMENTO="CIENCIAS_SOCIAIS_APLICADAS" NOME-DA-AREA-DO-CONHECIMENTO="Administração" NOME-DA-SUB-AREA-DO-CONHECIMENTO="" NOME-DA-ESPECIALIDADE="" NIVEL-CURSO="CURSO_DE_CURTA_DURACAO"/><INFORMACAO-ADICIONAL-CURSO CODIGO-CURSO="90000012" CODIGO-ORGAO="" NOME-ORGAO="" CODIGO-INSTITUICAO="020200000009" NOME-INSTITUICAO="Universidade Federal do Rio de Janeiro" NOME-GRANDE-AREA-DO-CONHECIMENTO="ENGENHARIAS" NOME-DA-AREA-DO-CONHECIMENTO="Engenharia Química" NOME-DA-SUB-AREA-DO-CONHECIMENTO="Processos Industriais de Engenharia Química" NOME-DA-ESPECIALIDADE="" NIVEL-CURSO="CURSO_DE_CURTA_DURACAO"/><INFORMACAO-ADICIONAL-CURSO CODIGO-CURSO="90000013" CODIGO-ORGAO="" NOME-ORGAO="" CODIGO-INSTITUICAO="000400000997" NOME-INSTITUICAO="Serviço Brasileiro de Apoio às Micro e Pequenas Empresas." NOME-GRANDE-AREA-DO-CONHECIMENTO="CIENCIAS_SOCIAIS_APLICADAS" NOME-DA-AREA-DO-CONHECIMENTO="Administração" NOME-DA-SUB-AREA-DO-CONHECIMENTO="" NOME-DA-ESPECIALIDADE="" NIVEL-CURSO="ESPECIALIZACAO"/><INFORMACAO-ADICIONAL-CURSO CODIGO-CURSO="90000014" CODIGO-ORGAO="" NOME-ORGAO="" CODIGO-INSTITUICAO="000500000999" NOME-INSTITUICAO="Sebrae Nacional" NOME-GRANDE-AREA-DO-CONHECIMENTO="CIENCIAS_SOCIAIS_APLICADAS" NOME-DA-AREA-DO-CONHECIMENTO="Administração" NOME-DA-SUB-AREA-DO-CONHECIMENTO="" NOME-DA-ESPECIALIDADE="" NIVEL-CURSO="OT"/><INFORMACAO-ADICIONAL-CURSO CODIGO-CURSO="90000015" CODIGO-ORGAO="" NOME-ORGAO="" CODIGO-INSTITUICAO="000500000999" NOME-INSTITUICAO="Sebrae Nacional" NOME-GRANDE-AREA-DO-CONHECIMENTO="CIENCIAS_SOCIAIS_APLICADAS" NOME-DA-AREA-DO-CONHECIMENTO="Administração" NOME-DA-SUB-AREA-DO-CONHECIMENTO="" NOME-DA-ESPECIALIDADE="" NIVEL-CURSO="CURSO_DE_CURTA_DURACAO"/><INFORMACAO-ADICIONAL-CURSO CODIGO-CURSO="90000016" CODIGO-ORGAO="" NOME-ORGAO="" CODIGO-INSTITUICAO="000500000999" NOME-INSTITUICAO="Sebrae Nacional" NOME-GRANDE-AREA-DO-CONHECIMENTO="CIENCIAS_SOCIAIS_APLICADAS" NOME-DA-AREA-DO-CONHECIMENTO="Administração" NOME-DA-SUB-AREA-DO-CONHECIMENTO="" NOME-DA-ESPECIALIDADE="" NIVEL-CURSO="CURSO_DE_CURTA_DURACAO"/><INFORMACAO-ADICIONAL-CURSO CODIGO-CURSO="90000017" CODIGO-ORGAO="" NOME-ORGAO="" CODIGO-INSTITUICAO="604600000002" NOME-INSTITUICAO="Escola Nacional de Administração Pública" NOME-GRANDE-AREA-DO-CONHECIMENTO="CIENCIAS_SOCIAIS_APLICADAS" NOME-DA-AREA-DO-CONHECIMENTO="Administração" NOME-DA-SUB-AREA-DO-CONHECIMENTO="" NOME-DA-ESPECIALIDADE="" NIVEL-CURSO="CURSO_DE_CURTA_DURACAO"/><INFORMACAO-ADICIONAL-CURSO CODIGO-CURSO="90000018" CODIGO-ORGAO="" NOME-ORGAO="" CODIGO-INSTITUICAO="000400000008" NOME-INSTITUICAO="Fundação Getúlio Vargas" NOME-GRANDE-AREA-DO-CONHECIMENTO="CIENCIAS_SOCIAIS_APLICADAS" NOME-DA-AREA-DO-CONHECIMENTO="Administração" NOME-DA-SUB-AREA-DO-CONHECIMENTO="" NOME-DA-ESPECIALIDADE="" NIVEL-CURSO="APERFEICOAMENTO"/><INFORMACAO-ADICIONAL-CURSO CODIGO-CURSO="90000019" CODIGO-ORGAO="" NOME-ORGAO="" CODIGO-INSTITUICAO="604600000002" NOME-INSTITUICAO="Escola Nacional de Administração Pública" NOME-GRANDE-AREA-DO-CONHECIMENTO="CIENCIAS_SOCIAIS_APLICADAS" NOME-DA-AREA-DO-CONHECIMENTO="Administração" NOME-DA-SUB-AREA-DO-CONHECIMENTO="" NOME-DA-ESPECIALIDADE="" NIVEL-CURSO="CURSO_DE_CURTA_DURACAO"/><INFORMACAO-ADICIONAL-CURSO CODIGO-CURSO="90000020" CODIGO-ORGAO="" NOME-ORGAO="" CODIGO-INSTITUICAO="027500000001" NOME-INSTITUICAO="Instituto Nacional de Tecnologia" NOME-GRANDE-AREA-DO-CONHECIMENTO="CIENCIAS_SOCIAIS_APLICADAS" NOME-DA-AREA-DO-CONHECIMENTO="Ciência da Informação" NOME-DA-SUB-AREA-DO-CONHECIMENTO="Biblioteconomia" NOME-DA-ESPECIALIDADE="" NIVEL-CURSO="CURSO_DE_CURTA_DURACAO"/><INFORMACAO-ADICIONAL-CURSO CODIGO-CURSO="90000021" CODIGO-ORGAO="" NOME-ORGAO="" CODIGO-INSTITUICAO="027500000001" NOME-INSTITUICAO="Instituto Nacional de Tecnologia" NOME-GRANDE-AREA-DO-CONHECIMENTO="OUTROS" NOME-DA-AREA-DO-CONHECIMENTO="Multidisciplinar" NOME-DA-SUB-AREA-DO-CONHECIMENTO="" NOME-DA-ESPECIALIDADE="" NIVEL-CURSO="CURSO_DE_CURTA_DURACAO"/></INFORMACOES-ADICIONAIS-CURSOS></DADOS-COMPLEMENTARES><eventos/></CURRICULO-VITAE>