<CURRICULO-VITAE SISTEMA-ORIGEM-XML="LATTES_OFFLINE" NUMERO-IDENTIFICADOR="5023031224445472" FORMATO-DATA-ATUALIZACAO="DDMMAAAA" DATA-ATUALIZACAO="06072016" FORMATO-HORA-ATUALIZACAO="HHMMSS" HORA-ATUALIZACAO="074102"><DADOS-GERAIS NOME-COMPLETO="Jose Manuel de Sousa Barreiros" NOME-EM-CITACOES-BIBLIOGRAFICAS="BARREIROS, J. M. S." NACIONALIDADE="E" PAIS-DE-NASCIMENTO="Portugal" FORMATO-DATA-DE-NASCIMENTO="DDMMAAAA" FORMATO-DATA-DE-EMISSAO="DDMMAAAA" PERMISSAO-DE-DIVULGACAO="NAO" DATA-FALECIMENTO="" SIGLA-PAIS-NACIONALIDADE="POR" PAIS-DE-NACIONALIDADE="Portugal"><RESUMO-CV TEXTO-RESUMO-CV-RH="Possui graduação em Administração pela Faculdade Moraes Junior (1982) e mestrado em Administração e Desenvolvimento Empresarial pela Universidade Estácio de Sá (2005). Atualmente é professor auxiliar do Centro Universitário Augusto Motta e professor estatutário - Secretaria de Estado de Educação do Estado do Rio de Janeiro. Tem experiência na área de Administração, com ênfase em Mercadologia, atuando principalmente nos seguintes temas: marketing, telemarketing e meio ambiente." TEXTO-RESUMO-CV-RH-EN="graduation at Administração from Faculdade Moraes Junior (1982) and master's at Administration from Universidade Estácio de Sá (2005). Has experience in Administration, focusing on Mercadology, acting on the following subjects: marketing, telemarketing and meio ambiente."/><ENDERECO FLAG-DE-PREFERENCIA="ENDERECO_RESIDENCIAL"><ENDERECO-PROFISSIONAL CODIGO-INSTITUICAO-EMPRESA="" NOME-INSTITUICAO-EMPRESA="" CODIGO-ORGAO="" NOME-ORGAO="" CODIGO-UNIDADE="" NOME-UNIDADE="" LOGRADOURO-COMPLEMENTO="" PAIS="" UF="" CEP="" CIDADE="" BAIRRO="" DDD="" TELEFONE="" RAMAL="" FAX="" E-MAIL="manuel07@bol.com.br" HOME-PAGE=""/></ENDERECO><FORMACAO-ACADEMICA-TITULACAO><GRADUACAO SEQUENCIA-FORMACAO="1" NIVEL="1" TITULO-DO-TRABALHO-DE-CONCLUSAO-DE-CURSO="" NOME-DO-ORIENTADOR="" CODIGO-INSTITUICAO="349200000006" NOME-INSTITUICAO="Faculdade Moraes Junior" CODIGO-ORGAO="" NOME-ORGAO="" CODIGO-CURSO="90000000" NOME-CURSO="Administração" CODIGO-AREA-CURSO="90000000" STATUS-DO-CURSO="CONCLUIDO" ANO-DE-INICIO="1978" ANO-DE-CONCLUSAO="1982" FLAG-BOLSA="NAO" CODIGO-AGENCIA-FINANCIADORA="" NOME-AGENCIA="" NUMERO-ID-ORIENTADOR="" CODIGO-CURSO-CAPES="" TITULO-DO-TRABALHO-DE-CONCLUSAO-DE-CURSO-INGLES="" NOME-CURSO-INGLES="" FORMACAO-ACADEMICA-TITULACAO="" TIPO-GRADUACAO="" CODIGO-INSTITUICAO-GRAD="" NOME-INSTITUICAO-GRAD="" CODIGO-INSTITUICAO-OUTRA-GRAD="" NOME-INSTITUICAO-OUTRA-GRAD="" NOME-ORIENTADOR-GRAD=""/><ESPECIALIZACAO SEQUENCIA-FORMACAO="2" NIVEL="2" TITULO-DA-MONOGRAFIA="" NOME-DO-ORIENTADOR="" CODIGO-INSTITUICAO="000100000991" NOME-INSTITUICAO="Sociedade Madeira de Ley" CODIGO-ORGAO="" NOME-ORGAO="" CODIGO-CURSO="90000001" NOME-CURSO="Organização e Métodos" STATUS-DO-CURSO="CONCLUIDO" ANO-DE-INICIO="1983" ANO-DE-CONCLUSAO="1984" FLAG-BOLSA="NAO" CODIGO-AGENCIA-FINANCIADORA="" NOME-AGENCIA="" CARGA-HORARIA="360" TITULO-DA-MONOGRAFIA-INGLES="" NOME-CURSO-INGLES=""/><ESPECIALIZACAO SEQUENCIA-FORMACAO="3" NIVEL="2" TITULO-DA-MONOGRAFIA="" NOME-DO-ORIENTADOR="" CODIGO-INSTITUICAO="000100000991" NOME-INSTITUICAO="Sociedade Madeira de Ley" CODIGO-ORGAO="" NOME-ORGAO="" CODIGO-CURSO="90000002" NOME-CURSO="Recursos Humanos" STATUS-DO-CURSO="CONCLUIDO" ANO-DE-INICIO="1985" ANO-DE-CONCLUSAO="1986" FLAG-BOLSA="NAO" CODIGO-AGENCIA-FINANCIADORA="" NOME-AGENCIA="" CARGA-HORARIA="360" TITULO-DA-MONOGRAFIA-INGLES="" NOME-CURSO-INGLES=""/><MESTRADO SEQUENCIA-FORMACAO="4" NIVEL="3" CODIGO-INSTITUICAO="294800000006" NOME-INSTITUICAO="Universidade Estácio de Sá" CODIGO-ORGAO="" NOME-ORGAO="" CODIGO-CURSO="60017139" NOME-CURSO="Administração e Desenvolvimento Empresarial" CODIGO-AREA-CURSO="60200006" STATUS-DO-CURSO="CONCLUIDO" ANO-DE-INICIO="2002" ANO-DE-CONCLUSAO="2005" FLAG-BOLSA="NAO" CODIGO-AGENCIA-FINANCIADORA="" NOME-AGENCIA="" ANO-DE-OBTENCAO-DO-TITULO="2005" TITULO-DA-DISSERTACAO-TESE="Comércio varegista do SAARA: fatores motivacionais que levam os seus vendedores a um melhor desempenho." NOME-COMPLETO-DO-ORIENTADOR="Rejane Prevot Nascimento" TIPO-MESTRADO="" NUMERO-ID-ORIENTADOR="" CODIGO-CURSO-CAPES="31018017008P5" TITULO-DA-DISSERTACAO-TESE-INGLES="" NOME-CURSO-INGLES="Administration" NOME-DO-CO-ORIENTADOR="" CODIGO-INSTITUICAO-DOUT="" NOME-INSTITUICAO-DOUT="" CODIGO-INSTITUICAO-OUTRA-DOUT="" NOME-INSTITUICAO-OUTRA-DOUT="" NOME-ORIENTADOR-DOUT=""><AREAS-DO-CONHECIMENTO><AREA-DO-CONHECIMENTO-1 NOME-GRANDE-AREA-DO-CONHECIMENTO="CIENCIAS_SOCIAIS_APLICADAS" NOME-DA-AREA-DO-CONHECIMENTO="" NOME-DA-SUB-AREA-DO-CONHECIMENTO="" NOME-DA-ESPECIALIDADE=""/><AREA-DO-CONHECIMENTO-2 NOME-GRANDE-AREA-DO-CONHECIMENTO="CIENCIAS_SOCIAIS_APLICADAS" NOME-DA-AREA-DO-CONHECIMENTO="Administração" NOME-DA-SUB-AREA-DO-CONHECIMENTO="Administração de Empresas" NOME-DA-ESPECIALIDADE="Administração de Recursos Humanos"/></AREAS-DO-CONHECIMENTO><SETORES-DE-ATIVIDADE SETOR-DE-ATIVIDADE-1="Assessoria Ou Consultoria Jurídica, Contábil, de Opinião Pública e Na Gestão de Empresas" SETOR-DE-ATIVIDADE-2="" SETOR-DE-ATIVIDADE-3=""/><conceitoCapes/></MESTRADO></FORMACAO-ACADEMICA-TITULACAO><ATUACOES-PROFISSIONAIS><ATUACAO-PROFISSIONAL CODIGO-INSTITUICAO="000200000993" NOME-INSTITUICAO="Serviço Nacional do Comércio" SEQUENCIA-ATIVIDADE="1" SEQUENCIA-IMPORTANCIA=""><VINCULOS SEQUENCIA-HISTORICO="1" TIPO-DE-VINCULO="CELETISTA" ENQUADRAMENTO-FUNCIONAL="PROFESSOR_TITULAR" CARGA-HORARIA-SEMANAL="0" FLAG-DEDICACAO-EXCLUSIVA="NAO" MES-INICIO="1" ANO-INICIO="1991" MES-FIM="12" ANO-FIM="1998" OUTRAS-INFORMACOES="Misnisrou as disciplenas: Gerência de Marketing; Gerência de vendas; Gerência de RH; Propaganda e Marketing; O&amp;amp;M; e, chefia e Liderança." FLAG-VINCULO-EMPREGATICIO="NAO" OUTRO-VINCULO-INFORMADO="" OUTRO-ENQUADRAMENTO-FUNCIONAL-INFORMADO="" OUTRO-ENQUADRAMENTO-FUNCIONAL-INFORMADO-INGLES="" OUTRAS-INFORMACOES-INGLES=""/><ATIVIDADES-DE-ENSINO><ENSINO SEQUENCIA-FUNCAO-ATIVIDADE="1" FLAG-PERIODO="ANTERIOR" TIPO-ENSINO="OUTRO" MES-INICIO="1" ANO-INICIO="1991" MES-FIM="12" ANO-FIM="1998" CODIGO-ORGAO="" NOME-ORGAO="" CODIGO-CURSO="" NOME-CURSO="" NOME-CURSO-INGLES=""><DISCIPLINA SEQUENCIA-ESPECIFICACAO="1">Organização e Métodos</DISCIPLINA></ENSINO></ATIVIDADES-DE-ENSINO><ATIVIDADES-DE-TREINAMENTO-MINISTRADO><TREINAMENTO-MINISTRADO SEQUENCIA-FUNCAO-ATIVIDADE="2" FLAG-PERIODO="ANTERIOR" MES-INICIO="1" ANO-INICIO="1991" MES-FIM="12" ANO-FIM="1998" CODIGO-ORGAO="000201000997" NOME-ORGAO="Senac Rj" CODIGO-UNIDADE="000201001993" NOME-UNIDADE="Santa Luzia"><TREINAMENTO SEQUENCIA-ESPECIFICACAO="1">Organização e Métodos</TREINAMENTO></TREINAMENTO-MINISTRADO></ATIVIDADES-DE-TREINAMENTO-MINISTRADO><atividadesProfissionaisPlanificadas/></ATUACAO-PROFISSIONAL><ATUACAO-PROFISSIONAL CODIGO-INSTITUICAO="000300000995" NOME-INSTITUICAO="Serviço de Apoio Às Micro e Pequequenas Empresas" SEQUENCIA-ATIVIDADE="2" SEQUENCIA-IMPORTANCIA=""><VINCULOS SEQUENCIA-HISTORICO="1" TIPO-DE-VINCULO="PROFESSOR_VISITANTE" ENQUADRAMENTO-FUNCIONAL="LIVRE" CARGA-HORARIA-SEMANAL="0" FLAG-DEDICACAO-EXCLUSIVA="NAO" MES-INICIO="1" ANO-INICIO="1998" MES-FIM="12" ANO-FIM="2001" OUTRAS-INFORMACOES="Instruror de cursos Livres" FLAG-VINCULO-EMPREGATICIO="SIM" OUTRO-VINCULO-INFORMADO="" OUTRO-ENQUADRAMENTO-FUNCIONAL-INFORMADO="Instrutor" OUTRO-ENQUADRAMENTO-FUNCIONAL-INFORMADO-INGLES="" OUTRAS-INFORMACOES-INGLES=""/><ATIVIDADES-DE-TREINAMENTO-MINISTRADO><TREINAMENTO-MINISTRADO SEQUENCIA-FUNCAO-ATIVIDADE="1" FLAG-PERIODO="ANTERIOR" MES-INICIO="1" ANO-INICIO="1998" MES-FIM="12" ANO-FIM="2001" CODIGO-ORGAO="000301000999" NOME-ORGAO="Balcão Rio Centro" CODIGO-UNIDADE="000301001995" NOME-UNIDADE="Centro Rio de Janeiro"><TREINAMENTO SEQUENCIA-ESPECIFICACAO="1">Capacitação empresarial; Eficácia em Vendas; e Marketing e Telemarketing.</TREINAMENTO></TREINAMENTO-MINISTRADO></ATIVIDADES-DE-TREINAMENTO-MINISTRADO><atividadesProfissionaisPlanificadas/></ATUACAO-PROFISSIONAL><ATUACAO-PROFISSIONAL CODIGO-INSTITUICAO="000400000997" NOME-INSTITUICAO="Escola Técnica Cândido Mendes" SEQUENCIA-ATIVIDADE="3" SEQUENCIA-IMPORTANCIA=""><VINCULOS SEQUENCIA-HISTORICO="1" TIPO-DE-VINCULO="CELETISTA" ENQUADRAMENTO-FUNCIONAL="PROFESSOR_TITULAR" CARGA-HORARIA-SEMANAL="0" FLAG-DEDICACAO-EXCLUSIVA="NAO" MES-INICIO="1" ANO-INICIO="1993" MES-FIM="12" ANO-FIM="2003" OUTRAS-INFORMACOES="Professor titular" FLAG-VINCULO-EMPREGATICIO="NAO" OUTRO-VINCULO-INFORMADO="" OUTRO-ENQUADRAMENTO-FUNCIONAL-INFORMADO="" OUTRO-ENQUADRAMENTO-FUNCIONAL-INFORMADO-INGLES="" OUTRAS-INFORMACOES-INGLES=""/><ATIVIDADES-DE-ENSINO><ENSINO SEQUENCIA-FUNCAO-ATIVIDADE="1" FLAG-PERIODO="ANTERIOR" TIPO-ENSINO="ENSINO-FUNDAMENTAL" MES-INICIO="1" ANO-INICIO="1993" MES-FIM="12" ANO-FIM="2003" CODIGO-ORGAO="" NOME-ORGAO="" CODIGO-CURSO="" NOME-CURSO="" NOME-CURSO-INGLES=""><DISCIPLINA SEQUENCIA-ESPECIFICACAO="1">Administração de Empresas</DISCIPLINA><DISCIPLINA SEQUENCIA-ESPECIFICACAO="2">Marketing e Telemarketing</DISCIPLINA></ENSINO></ATIVIDADES-DE-ENSINO><atividadesProfissionaisPlanificadas/></ATUACAO-PROFISSIONAL><ATUACAO-PROFISSIONAL CODIGO-INSTITUICAO="000500000999" NOME-INSTITUICAO="Escola Superior Cândido Mendes" SEQUENCIA-ATIVIDADE="4" SEQUENCIA-IMPORTANCIA=""><VINCULOS SEQUENCIA-HISTORICO="1" TIPO-DE-VINCULO="CELETISTA" ENQUADRAMENTO-FUNCIONAL="PROFESSOR_TITULAR" CARGA-HORARIA-SEMANAL="0" FLAG-DEDICACAO-EXCLUSIVA="NAO" MES-INICIO="1" ANO-INICIO="1993" MES-FIM="12" ANO-FIM="2003" OUTRAS-INFORMACOES="" FLAG-VINCULO-EMPREGATICIO="NAO" OUTRO-VINCULO-INFORMADO="" OUTRO-ENQUADRAMENTO-FUNCIONAL-INFORMADO="" OUTRO-ENQUADRAMENTO-FUNCIONAL-INFORMADO-INGLES="" OUTRAS-INFORMACOES-INGLES=""/><ATIVIDADES-DE-ENSINO><ENSINO SEQUENCIA-FUNCAO-ATIVIDADE="1" FLAG-PERIODO="ANTERIOR" TIPO-ENSINO="GRADUACAO" MES-INICIO="1" ANO-INICIO="1998" MES-FIM="12" ANO-FIM="2003" CODIGO-ORGAO="" NOME-ORGAO="" CODIGO-CURSO="90000003" NOME-CURSO="Administração" NOME-CURSO-INGLES=""><DISCIPLINA SEQUENCIA-ESPECIFICACAO="1">Modelos de Gestão Internacional</DISCIPLINA><DISCIPLINA SEQUENCIA-ESPECIFICACAO="2">Marketing</DISCIPLINA><DISCIPLINA SEQUENCIA-ESPECIFICACAO="3">Marketing de Varejo</DISCIPLINA><DISCIPLINA SEQUENCIA-ESPECIFICACAO="4">Gestão de Vendas</DISCIPLINA></ENSINO></ATIVIDADES-DE-ENSINO><atividadesProfissionaisPlanificadas/></ATUACAO-PROFISSIONAL><ATUACAO-PROFISSIONAL CODIGO-INSTITUICAO="000600000990" NOME-INSTITUICAO="Secretaria de Estado de Educação do Estado do Rio de Janeiro" SEQUENCIA-ATIVIDADE="5" SEQUENCIA-IMPORTANCIA=""><VINCULOS SEQUENCIA-HISTORICO="1" TIPO-DE-VINCULO="LIVRE" ENQUADRAMENTO-FUNCIONAL="LIVRE" CARGA-HORARIA-SEMANAL="" FLAG-DEDICACAO-EXCLUSIVA="NAO" MES-INICIO="1" ANO-INICIO="1985" MES-FIM="" ANO-FIM="" OUTRAS-INFORMACOES="Professor em Escolas Estaduais do Rio de Janeiro" FLAG-VINCULO-EMPREGATICIO="NAO" OUTRO-VINCULO-INFORMADO="Professor" OUTRO-ENQUADRAMENTO-FUNCIONAL-INFORMADO="Professor Estatutário" OUTRO-ENQUADRAMENTO-FUNCIONAL-INFORMADO-INGLES="" OUTRAS-INFORMACOES-INGLES=""/><ATIVIDADES-DE-ENSINO><ENSINO SEQUENCIA-FUNCAO-ATIVIDADE="1" FLAG-PERIODO="ATUAL" TIPO-ENSINO="ENSINO-FUNDAMENTAL" MES-INICIO="1" ANO-INICIO="1985" MES-FIM="" ANO-FIM="" CODIGO-ORGAO="" NOME-ORGAO="" CODIGO-CURSO="" NOME-CURSO="" NOME-CURSO-INGLES=""><DISCIPLINA SEQUENCIA-ESPECIFICACAO="1">Administração</DISCIPLINA><DISCIPLINA SEQUENCIA-ESPECIFICACAO="2">OTC</DISCIPLINA><DISCIPLINA SEQUENCIA-ESPECIFICACAO="3">Economia e Mercado</DISCIPLINA><DISCIPLINA SEQUENCIA-ESPECIFICACAO="4">Matemática Aplicada</DISCIPLINA></ENSINO></ATIVIDADES-DE-ENSINO><atividadesProfissionaisPlanificadas/></ATUACAO-PROFISSIONAL><ATUACAO-PROFISSIONAL CODIGO-INSTITUICAO="201900000008" NOME-INSTITUICAO="Centro Universitário Augusto Motta" SEQUENCIA-ATIVIDADE="6" SEQUENCIA-IMPORTANCIA=""><VINCULOS SEQUENCIA-HISTORICO="1" TIPO-DE-VINCULO="CELETISTA" ENQUADRAMENTO-FUNCIONAL="LIVRE" CARGA-HORARIA-SEMANAL="" FLAG-DEDICACAO-EXCLUSIVA="NAO" MES-INICIO="1" ANO-INICIO="2003" MES-FIM="" ANO-FIM="" OUTRAS-INFORMACOES="Professor Universitário" FLAG-VINCULO-EMPREGATICIO="NAO" OUTRO-VINCULO-INFORMADO="" OUTRO-ENQUADRAMENTO-FUNCIONAL-INFORMADO="Professor Auxiliar" OUTRO-ENQUADRAMENTO-FUNCIONAL-INFORMADO-INGLES="" OUTRAS-INFORMACOES-INGLES=""/><ATIVIDADES-DE-ENSINO><ENSINO SEQUENCIA-FUNCAO-ATIVIDADE="1" FLAG-PERIODO="ATUAL" TIPO-ENSINO="GRADUACAO" MES-INICIO="1" ANO-INICIO="2003" MES-FIM="" ANO-FIM="" CODIGO-ORGAO="" NOME-ORGAO="" CODIGO-CURSO="90000004" NOME-CURSO="Introdução à Administração" NOME-CURSO-INGLES=""><DISCIPLINA SEQUENCIA-ESPECIFICACAO="1">Introdução à Administração</DISCIPLINA><DISCIPLINA SEQUENCIA-ESPECIFICACAO="2">Introdução ao Marketing</DISCIPLINA><DISCIPLINA SEQUENCIA-ESPECIFICACAO="3">Empreendedorismo</DISCIPLINA><DISCIPLINA SEQUENCIA-ESPECIFICACAO="4">EEndomarketing</DISCIPLINA><DISCIPLINA SEQUENCIA-ESPECIFICACAO="5">Marketing de Varejo</DISCIPLINA><DISCIPLINA SEQUENCIA-ESPECIFICACAO="6">Comportamento Ético Profissional</DISCIPLINA></ENSINO></ATIVIDADES-DE-ENSINO><atividadesProfissionaisPlanificadas/></ATUACAO-PROFISSIONAL></ATUACOES-PROFISSIONAIS><AREAS-DE-ATUACAO><AREA-DE-ATUACAO SEQUENCIA-AREA-DE-ATUACAO="1" NOME-GRANDE-AREA-DO-CONHECIMENTO="CIENCIAS_SOCIAIS_APLICADAS" NOME-DA-AREA-DO-CONHECIMENTO="Administração" NOME-DA-SUB-AREA-DO-CONHECIMENTO="Administração de Empresas" NOME-DA-ESPECIALIDADE="Mercadologia"/></AREAS-DE-ATUACAO><IDIOMAS><IDIOMA IDIOMA="EN" DESCRICAO-DO-IDIOMA="Inglês" PROFICIENCIA-DE-LEITURA="BEM" PROFICIENCIA-DE-FALA="BEM" PROFICIENCIA-DE-ESCRITA="BEM" PROFICIENCIA-DE-COMPREENSAO="BEM"/><IDIOMA IDIOMA="ES" DESCRICAO-DO-IDIOMA="Espanhol" PROFICIENCIA-DE-LEITURA="BEM" PROFICIENCIA-DE-FALA="BEM" PROFICIENCIA-DE-ESCRITA="BEM" PROFICIENCIA-DE-COMPREENSAO="BEM"/></IDIOMAS><staValidado/><dataExibicao/><dadosBolsista/></DADOS-GERAIS><OUTRA-PRODUCAO><ORIENTACOES-CONCLUIDAS><OUTRAS-ORIENTACOES-CONCLUIDAS SEQUENCIA-PRODUCAO="2"><DADOS-BASICOS-DE-OUTRAS-ORIENTACOES-CONCLUIDAS NATUREZA="TRABALHO_DE_CONCLUSAO_DE_CURSO_GRADUACAO" TIPO="" TITULO="A Importância do Marketing de Relacionamento na Indústria Farmacêutica" ANO="2009" PAIS="Brasil" IDIOMA="Português" HOME-PAGE="" FLAG-RELEVANCIA="NAO" DOI="" TITULO-INGLES="" TIPO-INGLES=""/><DETALHAMENTO-DE-OUTRAS-ORIENTACOES-CONCLUIDAS NOME-DO-ORIENTADO="Lizandra Cristina Hanke Agnes Pereira" CODIGO-INSTITUICAO="201900000008" NOME-DA-INSTITUICAO="Centro Universitário Augusto Motta" CODIGO-CURSO="90000007" NOME-DO-CURSO="MARKETING" FLAG-BOLSA="NAO" CODIGO-AGENCIA-FINANCIADORA="" NOME-DA-AGENCIA="" TIPO-DE-ORIENTACAO-CONCLUIDA="CO_ORIENTADOR" NUMERO-DE-PAGINAS="" NUMERO-ID-ORIENTADO="" NOME-DO-CURSO-INGLES=""/><PALAVRAS-CHAVE PALAVRA-CHAVE-1="Marketing" PALAVRA-CHAVE-2="" PALAVRA-CHAVE-3="" PALAVRA-CHAVE-4="" PALAVRA-CHAVE-5="" PALAVRA-CHAVE-6=""/></OUTRAS-ORIENTACOES-CONCLUIDAS><OUTRAS-ORIENTACOES-CONCLUIDAS SEQUENCIA-PRODUCAO="3"><DADOS-BASICOS-DE-OUTRAS-ORIENTACOES-CONCLUIDAS NATUREZA="TRABALHO_DE_CONCLUSAO_DE_CURSO_GRADUACAO" TIPO="" TITULO="Merchandising no Varejo Farmacêutico" ANO="2009" PAIS="Brasil" IDIOMA="Português" HOME-PAGE="" FLAG-RELEVANCIA="NAO" DOI="" TITULO-INGLES="" TIPO-INGLES=""/><DETALHAMENTO-DE-OUTRAS-ORIENTACOES-CONCLUIDAS NOME-DO-ORIENTADO="Vanessa de Araujo D'Ávila Martins" CODIGO-INSTITUICAO="201900000008" NOME-DA-INSTITUICAO="Centro Universitário Augusto Motta" CODIGO-CURSO="90000007" NOME-DO-CURSO="MARKETING" FLAG-BOLSA="NAO" CODIGO-AGENCIA-FINANCIADORA="" NOME-DA-AGENCIA="" TIPO-DE-ORIENTACAO-CONCLUIDA="CO_ORIENTADOR" NUMERO-DE-PAGINAS="" NUMERO-ID-ORIENTADO="" NOME-DO-CURSO-INGLES=""/><PALAVRAS-CHAVE PALAVRA-CHAVE-1="Marketing" PALAVRA-CHAVE-2="" PALAVRA-CHAVE-3="" PALAVRA-CHAVE-4="" PALAVRA-CHAVE-5="" PALAVRA-CHAVE-6=""/></OUTRAS-ORIENTACOES-CONCLUIDAS><OUTRAS-ORIENTACOES-CONCLUIDAS SEQUENCIA-PRODUCAO="4"><DADOS-BASICOS-DE-OUTRAS-ORIENTACOES-CONCLUIDAS NATUREZA="TRABALHO_DE_CONCLUSAO_DE_CURSO_GRADUACAO" TIPO="" TITULO="O Papel das empresas na Questão Ambiental" ANO="2009" PAIS="Brasil" IDIOMA="Português" HOME-PAGE="" FLAG-RELEVANCIA="NAO" DOI="" TITULO-INGLES="" TIPO-INGLES=""/><DETALHAMENTO-DE-OUTRAS-ORIENTACOES-CONCLUIDAS NOME-DO-ORIENTADO="Rosimere Rodrigues Souza" CODIGO-INSTITUICAO="201900000008" NOME-DA-INSTITUICAO="Centro Universitário Augusto Motta" CODIGO-CURSO="90000007" NOME-DO-CURSO="MARKETING" FLAG-BOLSA="NAO" CODIGO-AGENCIA-FINANCIADORA="" NOME-DA-AGENCIA="" TIPO-DE-ORIENTACAO-CONCLUIDA="CO_ORIENTADOR" NUMERO-DE-PAGINAS="" NUMERO-ID-ORIENTADO="" NOME-DO-CURSO-INGLES=""/><PALAVRAS-CHAVE PALAVRA-CHAVE-1="Meio ambiente" PALAVRA-CHAVE-2="" PALAVRA-CHAVE-3="" PALAVRA-CHAVE-4="" PALAVRA-CHAVE-5="" PALAVRA-CHAVE-6=""/></OUTRAS-ORIENTACOES-CONCLUIDAS><OUTRAS-ORIENTACOES-CONCLUIDAS SEQUENCIA-PRODUCAO="5"><DADOS-BASICOS-DE-OUTRAS-ORIENTACOES-CONCLUIDAS NATUREZA="TRABALHO_DE_CONCLUSAO_DE_CURSO_GRADUACAO" TIPO="" TITULO="A Importância da Pesquisa de Marketing na tomada de Decisão em Marketing" ANO="2009" PAIS="Brasil" IDIOMA="Português" HOME-PAGE="" FLAG-RELEVANCIA="NAO" DOI="" TITULO-INGLES="" TIPO-INGLES=""/><DETALHAMENTO-DE-OUTRAS-ORIENTACOES-CONCLUIDAS NOME-DO-ORIENTADO="Vanessa Nascimento de Souza" CODIGO-INSTITUICAO="201900000008" NOME-DA-INSTITUICAO="Centro Universitário Augusto Motta" CODIGO-CURSO="90000007" NOME-DO-CURSO="MARKETING" FLAG-BOLSA="NAO" CODIGO-AGENCIA-FINANCIADORA="" NOME-DA-AGENCIA="" TIPO-DE-ORIENTACAO-CONCLUIDA="CO_ORIENTADOR" NUMERO-DE-PAGINAS="" NUMERO-ID-ORIENTADO="" NOME-DO-CURSO-INGLES=""/><PALAVRAS-CHAVE PALAVRA-CHAVE-1="Marketing" PALAVRA-CHAVE-2="" PALAVRA-CHAVE-3="" PALAVRA-CHAVE-4="" PALAVRA-CHAVE-5="" PALAVRA-CHAVE-6=""/></OUTRAS-ORIENTACOES-CONCLUIDAS><OUTRAS-ORIENTACOES-CONCLUIDAS SEQUENCIA-PRODUCAO="6"><DADOS-BASICOS-DE-OUTRAS-ORIENTACOES-CONCLUIDAS NATUREZA="TRABALHO_DE_CONCLUSAO_DE_CURSO_GRADUACAO" TIPO="" TITULO="A Importância do Merchandising no Setor Varejista de Cerveja" ANO="2009" PAIS="Brasil" IDIOMA="Português" HOME-PAGE="" FLAG-RELEVANCIA="NAO" DOI="" TITULO-INGLES="" TIPO-INGLES=""/><DETALHAMENTO-DE-OUTRAS-ORIENTACOES-CONCLUIDAS NOME-DO-ORIENTADO="Arthur Vinicius Franco de Souza" CODIGO-INSTITUICAO="201900000008" NOME-DA-INSTITUICAO="Centro Universitário Augusto Motta" CODIGO-CURSO="90000007" NOME-DO-CURSO="MARKETING" FLAG-BOLSA="NAO" CODIGO-AGENCIA-FINANCIADORA="" NOME-DA-AGENCIA="" TIPO-DE-ORIENTACAO-CONCLUIDA="CO_ORIENTADOR" NUMERO-DE-PAGINAS="" NUMERO-ID-ORIENTADO="" NOME-DO-CURSO-INGLES=""/><PALAVRAS-CHAVE PALAVRA-CHAVE-1="Marketing" PALAVRA-CHAVE-2="" PALAVRA-CHAVE-3="" PALAVRA-CHAVE-4="" PALAVRA-CHAVE-5="" PALAVRA-CHAVE-6=""/></OUTRAS-ORIENTACOES-CONCLUIDAS><OUTRAS-ORIENTACOES-CONCLUIDAS SEQUENCIA-PRODUCAO="7"><DADOS-BASICOS-DE-OUTRAS-ORIENTACOES-CONCLUIDAS NATUREZA="TRABALHO_DE_CONCLUSAO_DE_CURSO_GRADUACAO" TIPO="" TITULO="A Influência do Merchandising Sobre a Decisão de Compras dos Consumidores do Varejo, com Ênfase em Supermercados" ANO="2009" PAIS="Brasil" IDIOMA="Português" HOME-PAGE="" FLAG-RELEVANCIA="NAO" DOI="" TITULO-INGLES="" TIPO-INGLES=""/><DETALHAMENTO-DE-OUTRAS-ORIENTACOES-CONCLUIDAS NOME-DO-ORIENTADO="Eduardo Justino da Silva" CODIGO-INSTITUICAO="201900000008" NOME-DA-INSTITUICAO="Centro Universitário Augusto Motta" CODIGO-CURSO="90000007" NOME-DO-CURSO="MARKETING" FLAG-BOLSA="NAO" CODIGO-AGENCIA-FINANCIADORA="" NOME-DA-AGENCIA="" TIPO-DE-ORIENTACAO-CONCLUIDA="CO_ORIENTADOR" NUMERO-DE-PAGINAS="" NUMERO-ID-ORIENTADO="" NOME-DO-CURSO-INGLES=""/><PALAVRAS-CHAVE PALAVRA-CHAVE-1="Marketing" PALAVRA-CHAVE-2="" PALAVRA-CHAVE-3="" PALAVRA-CHAVE-4="" PALAVRA-CHAVE-5="" PALAVRA-CHAVE-6=""/></OUTRAS-ORIENTACOES-CONCLUIDAS><OUTRAS-ORIENTACOES-CONCLUIDAS SEQUENCIA-PRODUCAO="1"><DADOS-BASICOS-DE-OUTRAS-ORIENTACOES-CONCLUIDAS NATUREZA="TRABALHO_DE_CONCLUSAO_DE_CURSO_GRADUACAO" TIPO="" TITULO="Monografia de conclusão de Curso de Graduação" ANO="2009" PAIS="Brasil" IDIOMA="Português" HOME-PAGE="" FLAG-RELEVANCIA="SIM" DOI="" TITULO-INGLES="" TIPO-INGLES=""/><DETALHAMENTO-DE-OUTRAS-ORIENTACOES-CONCLUIDAS NOME-DO-ORIENTADO="Márcio da Silva Godinho" CODIGO-INSTITUICAO="201900000008" NOME-DA-INSTITUICAO="Centro Universitário Augusto Motta" CODIGO-CURSO="90000004" NOME-DO-CURSO="Introdução à Administração" FLAG-BOLSA="NAO" CODIGO-AGENCIA-FINANCIADORA="" NOME-DA-AGENCIA="" TIPO-DE-ORIENTACAO-CONCLUIDA="CO_ORIENTADOR" NUMERO-DE-PAGINAS="" NUMERO-ID-ORIENTADO="" NOME-DO-CURSO-INGLES=""/><PALAVRAS-CHAVE PALAVRA-CHAVE-1="Telemarketing" PALAVRA-CHAVE-2="" PALAVRA-CHAVE-3="" PALAVRA-CHAVE-4="" PALAVRA-CHAVE-5="" PALAVRA-CHAVE-6=""/></OUTRAS-ORIENTACOES-CONCLUIDAS></ORIENTACOES-CONCLUIDAS></OUTRA-PRODUCAO><DADOS-COMPLEMENTARES><PARTICIPACAO-EM-BANCA-TRABALHOS-CONCLUSAO><PARTICIPACAO-EM-BANCA-DE-GRADUACAO SEQUENCIA-PRODUCAO="8"><DADOS-BASICOS-DA-PARTICIPACAO-EM-BANCA-DE-GRADUACAO NATUREZA="Graduação" TITULO="Gestão Ambiental" ANO="2009" PAIS="Brasil" IDIOMA="Português" HOME-PAGE="" DOI="" TITULO-INGLES=""/><DETALHAMENTO-DA-PARTICIPACAO-EM-BANCA-DE-GRADUACAO NOME-DO-CANDIDATO="Diego de Oliveira Moraes" CODIGO-INSTITUICAO="201900000008" NOME-INSTITUICAO="Centro Universitário Augusto Motta" CODIGO-ORGAO="" NOME-ORGAO="" CODIGO-CURSO="90000008" NOME-CURSO="ADMINISTRAÇÃO DE EMPRESAS" NOME-CURSO-INGLES=""/><PARTICIPANTE-BANCA NOME-COMPLETO-DO-PARTICIPANTE-DA-BANCA="Jose Manuel de Sousa Barreiros" NOME-PARA-CITACAO-DO-PARTICIPANTE-DA-BANCA="BARREIROS, J. M. S." ORDEM-PARTICIPANTE="1" NRO-ID-CNPQ="5023031224445472"/></PARTICIPACAO-EM-BANCA-DE-GRADUACAO><PARTICIPACAO-EM-BANCA-DE-GRADUACAO SEQUENCIA-PRODUCAO="9"><DADOS-BASICOS-DA-PARTICIPACAO-EM-BANCA-DE-GRADUACAO NATUREZA="Graduação" TITULO="Capital Intelectual: A Importância do Conhecimento nas Organizações" ANO="2009" PAIS="Brasil" IDIOMA="Português" HOME-PAGE="" DOI="" TITULO-INGLES=""/><DETALHAMENTO-DA-PARTICIPACAO-EM-BANCA-DE-GRADUACAO NOME-DO-CANDIDATO="Alessandra Carvalho Lanor" CODIGO-INSTITUICAO="201900000008" NOME-INSTITUICAO="Centro Universitário Augusto Motta" CODIGO-ORGAO="" NOME-ORGAO="" CODIGO-CURSO="90000008" NOME-CURSO="ADMINISTRAÇÃO DE EMPRESAS" NOME-CURSO-INGLES=""/><PARTICIPANTE-BANCA NOME-COMPLETO-DO-PARTICIPANTE-DA-BANCA="Jose Manuel de Sousa Barreiros" NOME-PARA-CITACAO-DO-PARTICIPANTE-DA-BANCA="BARREIROS, J. M. S." ORDEM-PARTICIPANTE="1" NRO-ID-CNPQ="5023031224445472"/></PARTICIPACAO-EM-BANCA-DE-GRADUACAO><PARTICIPACAO-EM-BANCA-DE-GRADUACAO SEQUENCIA-PRODUCAO="10"><DADOS-BASICOS-DA-PARTICIPACAO-EM-BANCA-DE-GRADUACAO NATUREZA="Graduação" TITULO="Marketing Direto: Uma Vantagem no Mercado Competitivo" ANO="2009" PAIS="Brasil" IDIOMA="Português" HOME-PAGE="" DOI="" TITULO-INGLES=""/><DETALHAMENTO-DA-PARTICIPACAO-EM-BANCA-DE-GRADUACAO NOME-DO-CANDIDATO="Raquel Cordeiro Alvim" CODIGO-INSTITUICAO="201900000008" NOME-INSTITUICAO="Centro Universitário Augusto Motta" CODIGO-ORGAO="" NOME-ORGAO="" CODIGO-CURSO="90000008" NOME-CURSO="ADMINISTRAÇÃO DE EMPRESAS" NOME-CURSO-INGLES=""/><PARTICIPANTE-BANCA NOME-COMPLETO-DO-PARTICIPANTE-DA-BANCA="Jose Manuel de Sousa Barreiros" NOME-PARA-CITACAO-DO-PARTICIPANTE-DA-BANCA="BARREIROS, J. M. S." ORDEM-PARTICIPANTE="1" NRO-ID-CNPQ="5023031224445472"/></PARTICIPACAO-EM-BANCA-DE-GRADUACAO><PARTICIPACAO-EM-BANCA-DE-GRADUACAO SEQUENCIA-PRODUCAO="11"><DADOS-BASICOS-DA-PARTICIPACAO-EM-BANCA-DE-GRADUACAO NATUREZA="Graduação" TITULO="Marketing de relacionamento: Um Olhar Estratégico no Poder de Decisão da mulher" ANO="2009" PAIS="Brasil" IDIOMA="Português" HOME-PAGE="" DOI="" TITULO-INGLES=""/><DETALHAMENTO-DA-PARTICIPACAO-EM-BANCA-DE-GRADUACAO NOME-DO-CANDIDATO="Maria Derlandia do Nascimento oliveira" CODIGO-INSTITUICAO="201900000008" NOME-INSTITUICAO="Centro Universitário Augusto Motta" CODIGO-ORGAO="" NOME-ORGAO="" CODIGO-CURSO="90000007" NOME-CURSO="MARKETING" NOME-CURSO-INGLES=""/><PARTICIPANTE-BANCA NOME-COMPLETO-DO-PARTICIPANTE-DA-BANCA="Jose Manuel de Sousa Barreiros" NOME-PARA-CITACAO-DO-PARTICIPANTE-DA-BANCA="BARREIROS, J. M. S." ORDEM-PARTICIPANTE="1" NRO-ID-CNPQ="5023031224445472"/></PARTICIPACAO-EM-BANCA-DE-GRADUACAO></PARTICIPACAO-EM-BANCA-TRABALHOS-CONCLUSAO><INFORMACOES-ADICIONAIS-INSTITUICOES><INFORMACAO-ADICIONAL-INSTITUICAO CODIGO-INSTITUICAO="000100000991" SIGLA-INSTITUICAO="SOMLEY" SIGLA-UF-INSTITUICAO="RJ" SIGLA-PAIS-INSTITUICAO="BRA" NOME-PAIS-INSTITUICAO="Brasil" FLAG-AGENCIA-FOMENTO="NAO" FLAG-INSTITUICAO-DE-ENSINO="NAO"/><INFORMACAO-ADICIONAL-INSTITUICAO CODIGO-INSTITUICAO="000200000993" SIGLA-INSTITUICAO="SENAC" SIGLA-UF-INSTITUICAO="RJ" SIGLA-PAIS-INSTITUICAO="BRA" NOME-PAIS-INSTITUICAO="Brasil" FLAG-AGENCIA-FOMENTO="NAO" FLAG-INSTITUICAO-DE-ENSINO="NAO"/><INFORMACAO-ADICIONAL-INSTITUICAO CODIGO-INSTITUICAO="000201000997" SIGLA-INSTITUICAO="SENAC" SIGLA-UF-INSTITUICAO="RJ" SIGLA-PAIS-INSTITUICAO="BRA" NOME-PAIS-INSTITUICAO="Brasil" FLAG-AGENCIA-FOMENTO="NAO" FLAG-INSTITUICAO-DE-ENSINO="NAO"/><INFORMACAO-ADICIONAL-INSTITUICAO CODIGO-INSTITUICAO="000201001993" SIGLA-INSTITUICAO="" SIGLA-UF-INSTITUICAO="RJ" SIGLA-PAIS-INSTITUICAO="BRA" NOME-PAIS-INSTITUICAO="Brasil" FLAG-AGENCIA-FOMENTO="NAO" FLAG-INSTITUICAO-DE-ENSINO="NAO"/><INFORMACAO-ADICIONAL-INSTITUICAO CODIGO-INSTITUICAO="000300000995" SIGLA-INSTITUICAO="SEBRAE/RJ" SIGLA-UF-INSTITUICAO="RJ" SIGLA-PAIS-INSTITUICAO="BRA" NOME-PAIS-INSTITUICAO="Brasil" FLAG-AGENCIA-FOMENTO="NAO" FLAG-INSTITUICAO-DE-ENSINO="NAO"/><INFORMACAO-ADICIONAL-INSTITUICAO CODIGO-INSTITUICAO="000301000999" SIGLA-INSTITUICAO="SEBRAE/RJ" SIGLA-UF-INSTITUICAO="RJ" SIGLA-PAIS-INSTITUICAO="BRA" NOME-PAIS-INSTITUICAO="Brasil" FLAG-AGENCIA-FOMENTO="NAO" FLAG-INSTITUICAO-DE-ENSINO="NAO"/><INFORMACAO-ADICIONAL-INSTITUICAO CODIGO-INSTITUICAO="000301001995" SIGLA-INSTITUICAO="" SIGLA-UF-INSTITUICAO="RJ" SIGLA-PAIS-INSTITUICAO="BRA" NOME-PAIS-INSTITUICAO="Brasil" FLAG-AGENCIA-FOMENTO="NAO" FLAG-INSTITUICAO-DE-ENSINO="NAO"/><INFORMACAO-ADICIONAL-INSTITUICAO CODIGO-INSTITUICAO="000400000997" SIGLA-INSTITUICAO="ETCM" SIGLA-UF-INSTITUICAO="RJ" SIGLA-PAIS-INSTITUICAO="BRA" NOME-PAIS-INSTITUICAO="Brasil" FLAG-AGENCIA-FOMENTO="NAO" FLAG-INSTITUICAO-DE-ENSINO="NAO"/><INFORMACAO-ADICIONAL-INSTITUICAO CODIGO-INSTITUICAO="000500000999" SIGLA-INSTITUICAO="ESCM" SIGLA-UF-INSTITUICAO="RJ" SIGLA-PAIS-INSTITUICAO="BRA" NOME-PAIS-INSTITUICAO="Brasil" FLAG-AGENCIA-FOMENTO="NAO" FLAG-INSTITUICAO-DE-ENSINO="NAO"/><INFORMACAO-ADICIONAL-INSTITUICAO CODIGO-INSTITUICAO="000600000990" SIGLA-INSTITUICAO="SEE/RJ" SIGLA-UF-INSTITUICAO="RJ" SIGLA-PAIS-INSTITUICAO="BRA" NOME-PAIS-INSTITUICAO="Brasil" FLAG-AGENCIA-FOMENTO="NAO" FLAG-INSTITUICAO-DE-ENSINO="NAO"/><INFORMACAO-ADICIONAL-INSTITUICAO CODIGO-INSTITUICAO="201900000008" SIGLA-INSTITUICAO="UNISUAM" SIGLA-UF-INSTITUICAO="RJ" SIGLA-PAIS-INSTITUICAO="BRA" NOME-PAIS-INSTITUICAO="Brasil" FLAG-AGENCIA-FOMENTO="NAO" FLAG-INSTITUICAO-DE-ENSINO="SIM"/><INFORMACAO-ADICIONAL-INSTITUICAO CODIGO-INSTITUICAO="294800000006" SIGLA-INSTITUICAO="UNESA" SIGLA-UF-INSTITUICAO="RJ" SIGLA-PAIS-INSTITUICAO="BRA" NOME-PAIS-INSTITUICAO="Brasil" FLAG-AGENCIA-FOMENTO="NAO" FLAG-INSTITUICAO-DE-ENSINO="SIM"/><INFORMACAO-ADICIONAL-INSTITUICAO CODIGO-INSTITUICAO="349200000006" SIGLA-INSTITUICAO="FMJ" SIGLA-UF-INSTITUICAO="RJ" SIGLA-PAIS-INSTITUICAO="BRA" NOME-PAIS-INSTITUICAO="Brasil" FLAG-AGENCIA-FOMENTO="NAO" FLAG-INSTITUICAO-DE-ENSINO="SIM"/></INFORMACOES-ADICIONAIS-INSTITUICOES><INFORMACOES-ADICIONAIS-CURSOS><INFORMACAO-ADICIONAL-CURSO CODIGO-CURSO="60017139" CODIGO-ORGAO="" NOME-ORGAO="" CODIGO-INSTITUICAO="294800000006" NOME-INSTITUICAO="Universidade Estácio de Sá" NOME-GRANDE-AREA-DO-CONHECIMENTO="CIENCIAS_SOCIAIS_APLICADAS" NOME-DA-AREA-DO-CONHECIMENTO="Administração" NOME-DA-SUB-AREA-DO-CONHECIMENTO="" NOME-DA-ESPECIALIDADE="" NIVEL-CURSO="OT"/><INFORMACAO-ADICIONAL-CURSO CODIGO-CURSO="90000000" CODIGO-ORGAO="" NOME-ORGAO="" CODIGO-INSTITUICAO="349200000006" NOME-INSTITUICAO="Faculdade Moraes Junior" NOME-GRANDE-AREA-DO-CONHECIMENTO="CIENCIAS_SOCIAIS_APLICADAS" NOME-DA-AREA-DO-CONHECIMENTO="Administração" NOME-DA-SUB-AREA-DO-CONHECIMENTO="" NOME-DA-ESPECIALIDADE="" NIVEL-CURSO="GRADUACAO"/><INFORMACAO-ADICIONAL-CURSO CODIGO-CURSO="90000001" CODIGO-ORGAO="" NOME-ORGAO="" CODIGO-INSTITUICAO="000100000991" NOME-INSTITUICAO="Sociedade Madeira de Ley" NOME-GRANDE-AREA-DO-CONHECIMENTO="CIENCIAS_SOCIAIS_APLICADAS" NOME-DA-AREA-DO-CONHECIMENTO="Administração" NOME-DA-SUB-AREA-DO-CONHECIMENTO="Administração de Empresas" NOME-DA-ESPECIALIDADE="" NIVEL-CURSO="APERFEICOAMENTO"/><INFORMACAO-ADICIONAL-CURSO CODIGO-CURSO="90000002" CODIGO-ORGAO="" NOME-ORGAO="" CODIGO-INSTITUICAO="000100000991" NOME-INSTITUICAO="Sociedade Madeira de Ley" NOME-GRANDE-AREA-DO-CONHECIMENTO="CIENCIAS_SOCIAIS_APLICADAS" NOME-DA-AREA-DO-CONHECIMENTO="Administração" NOME-DA-SUB-AREA-DO-CONHECIMENTO="" NOME-DA-ESPECIALIDADE="" NIVEL-CURSO="APERFEICOAMENTO"/><INFORMACAO-ADICIONAL-CURSO CODIGO-CURSO="90000003" CODIGO-ORGAO="" NOME-ORGAO="" CODIGO-INSTITUICAO="000500000999" NOME-INSTITUICAO="Escola Superior Cândido Mendes" NOME-GRANDE-AREA-DO-CONHECIMENTO="CIENCIAS_SOCIAIS_APLICADAS" NOME-DA-AREA-DO-CONHECIMENTO="Administração" NOME-DA-SUB-AREA-DO-CONHECIMENTO="" NOME-DA-ESPECIALIDADE="" NIVEL-CURSO="GRADUACAO"/><INFORMACAO-ADICIONAL-CURSO CODIGO-CURSO="90000004" CODIGO-ORGAO="" NOME-ORGAO="" CODIGO-INSTITUICAO="201900000008" NOME-INSTITUICAO="Centro Universitário Augusto Motta" NOME-GRANDE-AREA-DO-CONHECIMENTO="CIENCIAS_SOCIAIS_APLICADAS" NOME-DA-AREA-DO-CONHECIMENTO="Administração" NOME-DA-SUB-AREA-DO-CONHECIMENTO="" NOME-DA-ESPECIALIDADE="" NIVEL-CURSO="GRADUACAO"/><INFORMACAO-ADICIONAL-CURSO CODIGO-CURSO="90000005" CODIGO-ORGAO="" NOME-ORGAO="" CODIGO-INSTITUICAO="201900000008" NOME-INSTITUICAO="Centro Universitário Augusto Motta" NOME-GRANDE-AREA-DO-CONHECIMENTO="CIENCIAS_SOCIAIS_APLICADAS" NOME-DA-AREA-DO-CONHECIMENTO="Administração" NOME-DA-SUB-AREA-DO-CONHECIMENTO="Administração de Empresas" NOME-DA-ESPECIALIDADE="Mercadologia" NIVEL-CURSO="APERFEICOAMENTO"/><INFORMACAO-ADICIONAL-CURSO CODIGO-CURSO="90000006" CODIGO-ORGAO="" NOME-ORGAO="" CODIGO-INSTITUICAO="201900000008" NOME-INSTITUICAO="Centro Universitário Augusto Motta" NOME-GRANDE-AREA-DO-CONHECIMENTO="OUTROS" NOME-DA-AREA-DO-CONHECIMENTO="" NOME-DA-SUB-AREA-DO-CONHECIMENTO="" NOME-DA-ESPECIALIDADE="" NIVEL-CURSO="APERFEICOAMENTO"/><INFORMACAO-ADICIONAL-CURSO CODIGO-CURSO="90000007" CODIGO-ORGAO="" NOME-ORGAO="" CODIGO-INSTITUICAO="201900000008" NOME-INSTITUICAO="Centro Universitário Augusto Motta" NOME-GRANDE-AREA-DO-CONHECIMENTO="CIENCIAS_SOCIAIS_APLICADAS" NOME-DA-AREA-DO-CONHECIMENTO="Administração" NOME-DA-SUB-AREA-DO-CONHECIMENTO="" NOME-DA-ESPECIALIDADE="" NIVEL-CURSO="GRADUACAO"/><INFORMACAO-ADICIONAL-CURSO CODIGO-CURSO="90000008" CODIGO-ORGAO="" NOME-ORGAO="" CODIGO-INSTITUICAO="201900000008" NOME-INSTITUICAO="Centro Universitário Augusto Motta" NOME-GRANDE-AREA-DO-CONHECIMENTO="OUTROS" NOME-DA-AREA-DO-CONHECIMENTO="" NOME-DA-SUB-AREA-DO-CONHECIMENTO="" NOME-DA-ESPECIALIDADE="" NIVEL-CURSO="GRADUACAO"/></INFORMACOES-ADICIONAIS-CURSOS></DADOS-COMPLEMENTARES><eventos/><DADOS-GERAIS-COMPLEMENTO><DATA-VALIDACAO>1467801662000</DATA-VALIDACAO><DATA-ATUALIZACAO-CURRICULO>1467801662000</DATA-ATUALIZACAO-CURRICULO><EMAIL-ALTERNATIVO>jmanuelb07@outlook.com</EMAIL-ALTERNATIVO><IDIOMA-CURRICULO>PT</IDIOMA-CURRICULO><VERSAO-INGLES>N</VERSAO-INGLES><VALIDADO-SRF>N</VALIDADO-SRF></DADOS-GERAIS-COMPLEMENTO></CURRICULO-VITAE>