<CURRICULO-VITAE SISTEMA-ORIGEM-XML="LATTES_OFFLINE" NUMERO-IDENTIFICADOR="3045331340908225" FORMATO-DATA-ATUALIZACAO="DDMMAAAA" DATA-ATUALIZACAO="23092016" FORMATO-HORA-ATUALIZACAO="HHMMSS" HORA-ATUALIZACAO="130031"><DADOS-GERAIS NOME-COMPLETO="Claudio Vidal Teixeira" NOME-EM-CITACOES-BIBLIOGRAFICAS="TEIXEIRA, C. V.;TEIXEIRA, CLÁUDIO V." NACIONALIDADE="B" PAIS-DE-NASCIMENTO="Brasil" FORMATO-DATA-DE-NASCIMENTO="DDMMAAAA" FORMATO-DATA-DE-EMISSAO="DDMMAAAA" PERMISSAO-DE-DIVULGACAO="NAO" DATA-FALECIMENTO="" SIGLA-PAIS-NACIONALIDADE="BRA" PAIS-DE-NACIONALIDADE="Brasil"><RESUMO-CV TEXTO-RESUMO-CV-RH="Possui graduação em ENGENHARIA MECÂNICA E DE AUTOMÓVEL pelo Instituto Militar de Engenharia (IME-2004) e mestrado em Engenharia Mecânica pelo Instituto Militar de Engenharia (IME-2010). Trabalhou no Centro Tecnológico do Exército (CTEx) (2010-2012) na função de gerente do projeto Viatura Leve de Emprego Geral Aerotransportável (VLEGA GAUCHO). Atualmente cursa o segundo ano de doutorado em Engenharia Mecânica na PUC-RJ e trabalha como professor no Centro Universitário Augusto Motta (UNISUAM) e na Fundação Técnico-Educacional Souza Marques (FSTM). Tem experiência na área de Engenharia Mecânica, atuando principalmente nos seguintes temas: engine performance, internal combustion engines, biodiesel, exhaust gas emission e palm oil biodiesel." TEXTO-RESUMO-CV-RH-EN="bachelor's at ENGENHARIA MECÂNICA E DE AUTOMÓVEL from Instituto Militar de Engenharia (2004) and master's at Mechanical Engineering from Instituto Militar de Engenharia (2010). Has experience in Mechanical Engineering, acting on the following subjects: engine performance, internal combustion engines, biodiesel, exhaust gas emission and palm oil biodiesel."/><ENDERECO FLAG-DE-PREFERENCIA="ENDERECO_RESIDENCIAL"><ENDERECO-PROFISSIONAL CODIGO-INSTITUICAO-EMPRESA="099200000003" NOME-INSTITUICAO-EMPRESA="Centro Tecnológico do Exército" CODIGO-ORGAO="" NOME-ORGAO="" CODIGO-UNIDADE="" NOME-UNIDADE="" LOGRADOURO-COMPLEMENTO="Avenida das Américas, 28705" PAIS="Brasil" UF="RJ" CEP="23020470" CIDADE="Rio de Janeiro" BAIRRO="Barra de Guaratiba" DDD="21" TELEFONE="24106200" RAMAL="" FAX="" E-MAIL="claudiovidalteixeira@gmail.com" HOME-PAGE="www.ctex.eb.br"/></ENDERECO><FORMACAO-ACADEMICA-TITULACAO><GRADUACAO SEQUENCIA-FORMACAO="1" NIVEL="1" TITULO-DO-TRABALHO-DE-CONCLUSAO-DE-CURSO="VEÍCULO AÉREO NÃO TRIPULADO" NOME-DO-ORIENTADOR="Rodrigo Otávio de Castro Guedes" CODIGO-INSTITUICAO="869900000005" NOME-INSTITUICAO="Instituto Militar de Engenharia" CODIGO-ORGAO="" NOME-ORGAO="" CODIGO-CURSO="90000000" NOME-CURSO="ENGENHARIA MECÂNICA E DE AUTOMÓVEL" CODIGO-AREA-CURSO="90000000" STATUS-DO-CURSO="CONCLUIDO" ANO-DE-INICIO="2001" ANO-DE-CONCLUSAO="2004" FLAG-BOLSA="NAO" CODIGO-AGENCIA-FINANCIADORA="" NOME-AGENCIA="" NUMERO-ID-ORIENTADOR="" CODIGO-CURSO-CAPES="" TITULO-DO-TRABALHO-DE-CONCLUSAO-DE-CURSO-INGLES="" NOME-CURSO-INGLES="" FORMACAO-ACADEMICA-TITULACAO="" TIPO-GRADUACAO="N" CODIGO-INSTITUICAO-GRAD="" NOME-INSTITUICAO-GRAD="" CODIGO-INSTITUICAO-OUTRA-GRAD="" NOME-INSTITUICAO-OUTRA-GRAD="" NOME-ORIENTADOR-GRAD=""/><ESPECIALIZACAO SEQUENCIA-FORMACAO="2" NIVEL="2" TITULO-DA-MONOGRAFIA="Dificuldades no processo Ensino-Aprendizagem nas Disciplinas de matemática e Física no Ensino Médio" NOME-DO-ORIENTADOR="Maria de Lourdes de Araújo" CODIGO-INSTITUICAO="880000000000" NOME-INSTITUICAO="Universidade Regional do Cariri" CODIGO-ORGAO="" NOME-ORGAO="" CODIGO-CURSO="90000001" NOME-CURSO="Matemática e Física" STATUS-DO-CURSO="CONCLUIDO" ANO-DE-INICIO="2005" ANO-DE-CONCLUSAO="2007" FLAG-BOLSA="NAO" CODIGO-AGENCIA-FINANCIADORA="" NOME-AGENCIA="" CARGA-HORARIA="420" TITULO-DA-MONOGRAFIA-INGLES="" NOME-CURSO-INGLES=""/><MESTRADO SEQUENCIA-FORMACAO="3" NIVEL="3" CODIGO-INSTITUICAO="869900000005" NOME-INSTITUICAO="Instituto Militar de Engenharia" CODIGO-ORGAO="" NOME-ORGAO="" CODIGO-CURSO="31060056" NOME-CURSO="Engenharia Mecânica" CODIGO-AREA-CURSO="30500001" STATUS-DO-CURSO="CONCLUIDO" ANO-DE-INICIO="2008" ANO-DE-CONCLUSAO="2010" FLAG-BOLSA="NAO" CODIGO-AGENCIA-FINANCIADORA="" NOME-AGENCIA="" ANO-DE-OBTENCAO-DO-TITULO="2010" TITULO-DA-DISSERTACAO-TESE="ANÁLISE DE EMISSÕES E DESEMPENHO DE MOTORES DIESEL UTILIZANDO ÓLEO DIESEL COMERCIAL BIODIESEL DE PALMA (B100) E MISTURAS (BX)" NOME-COMPLETO-DO-ORIENTADOR="Marcelo José Colaço" TIPO-MESTRADO="" NUMERO-ID-ORIENTADOR="4953372732452626" CODIGO-CURSO-CAPES="31007015005P8" TITULO-DA-DISSERTACAO-TESE-INGLES="" NOME-CURSO-INGLES="Mechanical Engineering" NOME-DO-CO-ORIENTADOR="" CODIGO-INSTITUICAO-DOUT="" NOME-INSTITUICAO-DOUT="" CODIGO-INSTITUICAO-OUTRA-DOUT="" NOME-INSTITUICAO-OUTRA-DOUT="" NOME-ORIENTADOR-DOUT=""><conceitoCapes/></MESTRADO><DOUTORADO SEQUENCIA-FORMACAO="4" NIVEL="4" CODIGO-INSTITUICAO="011100000008" NOME-INSTITUICAO="Pontifícia Universidade Católica do Rio de Janeiro" CODIGO-ORGAO="" NOME-ORGAO="" CODIGO-CURSO="31040128" NOME-CURSO="Engenharia Mecânica" CODIGO-AREA-CURSO="30500001" STATUS-DO-CURSO="EM_ANDAMENTO" ANO-DE-INICIO="2013" ANO-DE-CONCLUSAO="" FLAG-BOLSA="NAO" CODIGO-AGENCIA-FINANCIADORA="" NOME-AGENCIA="" ANO-DE-OBTENCAO-DO-TITULO="" TITULO-DA-DISSERTACAO-TESE="" NOME-COMPLETO-DO-ORIENTADOR="SERGIO LEAL BRAGA" TIPO-DOUTORADO="N" CODIGO-INSTITUICAO-DOUT="" NOME-INSTITUICAO-DOUT="" CODIGO-INSTITUICAO-OUTRA-DOUT="" NOME-INSTITUICAO-OUTRA-DOUT="" NOME-ORIENTADOR-DOUT="" NUMERO-ID-ORIENTADOR="4168538689240017" CODIGO-CURSO-CAPES="31005012012P1" TITULO-DA-DISSERTACAO-TESE-INGLES="" NOME-CURSO-INGLES="Mechanical Engineering" NOME-DO-ORIENTADOR-CO-TUTELA="" CODIGO-INSTITUICAO-OUTRA-CO-TUTELA="" CODIGO-INSTITUICAO-CO-TUTELA="" NOME-DO-ORIENTADOR-SANDUICHE="" CODIGO-INSTITUICAO-OUTRA-SANDUICHE="" CODIGO-INSTITUICAO-SANDUICHE="" NOME-DO-CO-ORIENTADOR=""><conceitoCapes/></DOUTORADO></FORMACAO-ACADEMICA-TITULACAO><ATUACOES-PROFISSIONAIS><ATUACAO-PROFISSIONAL CODIGO-INSTITUICAO="099200000003" NOME-INSTITUICAO="Centro Tecnológico do Exército" SEQUENCIA-ATIVIDADE="3" SEQUENCIA-IMPORTANCIA="0"><VINCULOS SEQUENCIA-HISTORICO="1" TIPO-DE-VINCULO="SERVIDOR_PUBLICO" ENQUADRAMENTO-FUNCIONAL="LIVRE" CARGA-HORARIA-SEMANAL="" FLAG-DEDICACAO-EXCLUSIVA="NAO" MES-INICIO="02" ANO-INICIO="2010" MES-FIM="12" ANO-FIM="2012" OUTRAS-INFORMACOES="" FLAG-VINCULO-EMPREGATICIO="NAO" OUTRO-VINCULO-INFORMADO="" OUTRO-ENQUADRAMENTO-FUNCIONAL-INFORMADO="Gerente de Projeto" OUTRO-ENQUADRAMENTO-FUNCIONAL-INFORMADO-INGLES="" OUTRAS-INFORMACOES-INGLES=""/><atividadesProfissionaisPlanificadas/></ATUACAO-PROFISSIONAL><ATUACAO-PROFISSIONAL CODIGO-INSTITUICAO="869900000005" NOME-INSTITUICAO="Instituto Militar de Engenharia" SEQUENCIA-ATIVIDADE="4" SEQUENCIA-IMPORTANCIA="2"><VINCULOS SEQUENCIA-HISTORICO="1" TIPO-DE-VINCULO="LIVRE" ENQUADRAMENTO-FUNCIONAL="LIVRE" CARGA-HORARIA-SEMANAL="" FLAG-DEDICACAO-EXCLUSIVA="SIM" MES-INICIO="02" ANO-INICIO="2013" MES-FIM="" ANO-FIM="" OUTRAS-INFORMACOES="" FLAG-VINCULO-EMPREGATICIO="SIM" OUTRO-VINCULO-INFORMADO="ALUNO DE DOUTORADO" OUTRO-ENQUADRAMENTO-FUNCIONAL-INFORMADO="MILITAR" OUTRO-ENQUADRAMENTO-FUNCIONAL-INFORMADO-INGLES="" OUTRAS-INFORMACOES-INGLES=""/><atividadesProfissionaisPlanificadas/></ATUACAO-PROFISSIONAL><ATUACAO-PROFISSIONAL CODIGO-INSTITUICAO="011100000008" NOME-INSTITUICAO="Pontifícia Universidade Católica do Rio de Janeiro" SEQUENCIA-ATIVIDADE="5" SEQUENCIA-IMPORTANCIA="3"><VINCULOS SEQUENCIA-HISTORICO="1" TIPO-DE-VINCULO="LIVRE" ENQUADRAMENTO-FUNCIONAL="LIVRE" CARGA-HORARIA-SEMANAL="" FLAG-DEDICACAO-EXCLUSIVA="NAO" MES-INICIO="03" ANO-INICIO="2013" MES-FIM="" ANO-FIM="" OUTRAS-INFORMACOES="" FLAG-VINCULO-EMPREGATICIO="SIM" OUTRO-VINCULO-INFORMADO="Aluno de doutorado" OUTRO-ENQUADRAMENTO-FUNCIONAL-INFORMADO="Aluno de doutorado" OUTRO-ENQUADRAMENTO-FUNCIONAL-INFORMADO-INGLES="" OUTRAS-INFORMACOES-INGLES=""/><atividadesProfissionaisPlanificadas/></ATUACAO-PROFISSIONAL><ATUACAO-PROFISSIONAL CODIGO-INSTITUICAO="081200000000" NOME-INSTITUICAO="Universidade Gama Filho" SEQUENCIA-ATIVIDADE="6" SEQUENCIA-IMPORTANCIA="4"><VINCULOS SEQUENCIA-HISTORICO="1" TIPO-DE-VINCULO="CELETISTA" ENQUADRAMENTO-FUNCIONAL="LIVRE" CARGA-HORARIA-SEMANAL="" FLAG-DEDICACAO-EXCLUSIVA="NAO" MES-INICIO="08" ANO-INICIO="2009" MES-FIM="12" ANO-FIM="2013" OUTRAS-INFORMACOES="" FLAG-VINCULO-EMPREGATICIO="NAO" OUTRO-VINCULO-INFORMADO="" OUTRO-ENQUADRAMENTO-FUNCIONAL-INFORMADO="Professor" OUTRO-ENQUADRAMENTO-FUNCIONAL-INFORMADO-INGLES="" OUTRAS-INFORMACOES-INGLES=""/><atividadesProfissionaisPlanificadas/></ATUACAO-PROFISSIONAL><ATUACAO-PROFISSIONAL CODIGO-INSTITUICAO="J8M600000003" NOME-INSTITUICAO="Faculdade Souza Marques" SEQUENCIA-ATIVIDADE="7" SEQUENCIA-IMPORTANCIA="5"><VINCULOS SEQUENCIA-HISTORICO="1" TIPO-DE-VINCULO="CELETISTA" ENQUADRAMENTO-FUNCIONAL="LIVRE" CARGA-HORARIA-SEMANAL="" FLAG-DEDICACAO-EXCLUSIVA="NAO" MES-INICIO="08" ANO-INICIO="2012" MES-FIM="" ANO-FIM="" OUTRAS-INFORMACOES="" FLAG-VINCULO-EMPREGATICIO="NAO" OUTRO-VINCULO-INFORMADO="" OUTRO-ENQUADRAMENTO-FUNCIONAL-INFORMADO="Professor" OUTRO-ENQUADRAMENTO-FUNCIONAL-INFORMADO-INGLES="" OUTRAS-INFORMACOES-INGLES=""/><atividadesProfissionaisPlanificadas/></ATUACAO-PROFISSIONAL><ATUACAO-PROFISSIONAL CODIGO-INSTITUICAO="201900000008" NOME-INSTITUICAO="Centro Universitário Augusto Motta" SEQUENCIA-ATIVIDADE="8" SEQUENCIA-IMPORTANCIA="6"><VINCULOS SEQUENCIA-HISTORICO="1" TIPO-DE-VINCULO="CELETISTA" ENQUADRAMENTO-FUNCIONAL="LIVRE" CARGA-HORARIA-SEMANAL="" FLAG-DEDICACAO-EXCLUSIVA="NAO" MES-INICIO="09" ANO-INICIO="2013" MES-FIM="" ANO-FIM="" OUTRAS-INFORMACOES="" FLAG-VINCULO-EMPREGATICIO="NAO" OUTRO-VINCULO-INFORMADO="" OUTRO-ENQUADRAMENTO-FUNCIONAL-INFORMADO="Professor" OUTRO-ENQUADRAMENTO-FUNCIONAL-INFORMADO-INGLES="" OUTRAS-INFORMACOES-INGLES=""/><atividadesProfissionaisPlanificadas/></ATUACAO-PROFISSIONAL></ATUACOES-PROFISSIONAIS><AREAS-DE-ATUACAO><AREA-DE-ATUACAO SEQUENCIA-AREA-DE-ATUACAO="1" NOME-GRANDE-AREA-DO-CONHECIMENTO="ENGENHARIAS" NOME-DA-AREA-DO-CONHECIMENTO="Engenharia Mecânica" NOME-DA-SUB-AREA-DO-CONHECIMENTO="" NOME-DA-ESPECIALIDADE=""/></AREAS-DE-ATUACAO><IDIOMAS><IDIOMA IDIOMA="EN" DESCRICAO-DO-IDIOMA="Inglês" PROFICIENCIA-DE-LEITURA="BEM" PROFICIENCIA-DE-FALA="BEM" PROFICIENCIA-DE-ESCRITA="BEM" PROFICIENCIA-DE-COMPREENSAO="BEM"/><IDIOMA IDIOMA="FR" DESCRICAO-DO-IDIOMA="Francês" PROFICIENCIA-DE-LEITURA="BEM" PROFICIENCIA-DE-FALA="POUCO" PROFICIENCIA-DE-ESCRITA="NAO_INFORMADO" PROFICIENCIA-DE-COMPREENSAO="RAZOAVELMENTE"/><IDIOMA IDIOMA="ES" DESCRICAO-DO-IDIOMA="Espanhol" PROFICIENCIA-DE-LEITURA="BEM" PROFICIENCIA-DE-FALA="RAZOAVELMENTE" PROFICIENCIA-DE-ESCRITA="NAO_INFORMADO" PROFICIENCIA-DE-COMPREENSAO="RAZOAVELMENTE"/></IDIOMAS><staValidado/><dataExibicao/><dadosBolsista/></DADOS-GERAIS><PRODUCAO-BIBLIOGRAFICA><ARTIGOS-PUBLICADOS><ARTIGO-PUBLICADO SEQUENCIA-PRODUCAO="13" ORDEM-IMPORTANCIA=""><DADOS-BASICOS-DO-ARTIGO NATUREZA="COMPLETO" TITULO-DO-ARTIGO="Thermal analysis of a diesel engine operating with diesel-biodiesel blends" ANO-DO-ARTIGO="2010" PAIS-DE-PUBLICACAO="" IDIOMA="Inglês" MEIO-DE-DIVULGACAO="MEIO_DIGITAL" HOME-PAGE-DO-TRABALHO="[doi:10.1016/j.fuel.2010.07.021]" FLAG-RELEVANCIA="SIM" DOI="10.1016/j.fuel.2010.07.021" TITULO-DO-ARTIGO-INGLES="" FLAG-DIVULGACAO-CIENTIFICA="NAO"/><DETALHAMENTO-DO-ARTIGO TITULO-DO-PERIODICO-OU-REVISTA="Fuel (Guildford)" ISSN="00162361" VOLUME="89" FASCICULO="" SERIE="12" PAGINA-INICIAL="3742" PAGINA-FINAL="3752" LOCAL-DE-PUBLICACAO=""/><AUTORES NOME-COMPLETO-DO-AUTOR="COLAÇO, MARCELO J." NOME-PARA-CITACAO="COLAÇO, MARCELO J." ORDEM-DE-AUTORIA="1" NRO-ID-CNPQ="4953372732452626"/><AUTORES NOME-COMPLETO-DO-AUTOR="Claudio Vidal Teixeira" NOME-PARA-CITACAO="TEIXEIRA, CLÁUDIO V." ORDEM-DE-AUTORIA="2" NRO-ID-CNPQ=""/><AUTORES NOME-COMPLETO-DO-AUTOR="DUTRA, LUCIANA M." NOME-PARA-CITACAO="DUTRA, LUCIANA M." ORDEM-DE-AUTORIA="3" NRO-ID-CNPQ=""/></ARTIGO-PUBLICADO></ARTIGOS-PUBLICADOS><TEXTOS-EM-JORNAIS-OU-REVISTAS><TEXTO-EM-JORNAL-OU-REVISTA SEQUENCIA-PRODUCAO="14"><DADOS-BASICOS-DO-TEXTO NATUREZA="REVISTA_MAGAZINE" TITULO-DO-TEXTO="Análise Experimental de Tensões em uma Viatura Militar de Carroceria Tubular - CONM 2012 - 0609" ANO-DO-TEXTO="2014" PAIS-DE-PUBLICACAO="Brasil" IDIOMA="Português" MEIO-DE-DIVULGACAO="IMPRESSO" HOME-PAGE-DO-TRABALHO="" FLAG-RELEVANCIA="NAO" DOI="" TITULO-DO-TEXTO-INGLES="" FLAG-DIVULGACAO-CIENTIFICA="NAO"/><DETALHAMENTO-DO-TEXTO TITULO-DO-JORNAL-OU-REVISTA="Revista Souza Marques" ISSN="" FORMATO-DATA-DE-PUBLICACAO="DDMMAAAA" DATA-DE-PUBLICACAO="31082014" VOLUME="" PAGINA-INICIAL="41" PAGINA-FINAL="52" LOCAL-DE-PUBLICACAO="FTESM"><dataPublicacaoFormatoSimples/></DETALHAMENTO-DO-TEXTO><AUTORES NOME-COMPLETO-DO-AUTOR="Bruno Felippe Silva" NOME-PARA-CITACAO="SILVA, B. F." ORDEM-DE-AUTORIA="1" NRO-ID-CNPQ=""/><AUTORES NOME-COMPLETO-DO-AUTOR="Claudio Vidal Teixeira" NOME-PARA-CITACAO="TEIXEIRA, CLÁUDIO V." ORDEM-DE-AUTORIA="2" NRO-ID-CNPQ=""/><AUTORES NOME-COMPLETO-DO-AUTOR="Pedro Henrique MArins dos Santos Souza" NOME-PARA-CITACAO="SOUZA, P. H. M. S." ORDEM-DE-AUTORIA="3" NRO-ID-CNPQ=""/><AUTORES NOME-COMPLETO-DO-AUTOR="Dario Oscar Noé" NOME-PARA-CITACAO="NOE, D. O." ORDEM-DE-AUTORIA="4" NRO-ID-CNPQ=""/></TEXTO-EM-JORNAL-OU-REVISTA></TEXTOS-EM-JORNAIS-OU-REVISTAS><DEMAIS-TIPOS-DE-PRODUCAO-BIBLIOGRAFICA><OUTRA-PRODUCAO-BIBLIOGRAFICA SEQUENCIA-PRODUCAO="12"><DADOS-BASICOS-DE-OUTRA-PRODUCAO NATUREZA="Revista Militar de Ciência e Tecnologia" TITULO="Viscosidade e Desempenho de Misturas Diesel/ Biodiesel em um motor mpnpcilíndrico" ANO="2013" PAIS-DE-PUBLICACAO="Brasil" IDIOMA="Português" MEIO-DE-DIVULGACAO="IMPRESSO" HOME-PAGE-DO-TRABALHO="" FLAG-RELEVANCIA="NAO" DOI="" TITULO-INGLES="" NATUREZA-INGLES="" FLAG-DIVULGACAO-CIENTIFICA="NAO"/><DETALHAMENTO-DE-OUTRA-PRODUCAO EDITORA="" CIDADE-DA-EDITORA="" NUMERO-DE-PAGINAS="" ISSN-ISBN="01023543"/><AUTORES NOME-COMPLETO-DO-AUTOR="Claudio Vidal Teixeira" NOME-PARA-CITACAO="TEIXEIRA, C. V.;TEIXEIRA, CLÁUDIO V." ORDEM-DE-AUTORIA="1" NRO-ID-CNPQ="3045331340908225"/><AUTORES NOME-COMPLETO-DO-AUTOR="COLAÇO, M. J." NOME-PARA-CITACAO="COLAÇO, M. J." ORDEM-DE-AUTORIA="2" NRO-ID-CNPQ=""/><AUTORES NOME-COMPLETO-DO-AUTOR="CALDEIRA, A. B." NOME-PARA-CITACAO="CALDEIRA, A. B." ORDEM-DE-AUTORIA="3" NRO-ID-CNPQ=""/><PALAVRAS-CHAVE PALAVRA-CHAVE-1="Biodiesel" PALAVRA-CHAVE-2="motor de combustão interna" PALAVRA-CHAVE-3="viscosidade" PALAVRA-CHAVE-4="" PALAVRA-CHAVE-5="" PALAVRA-CHAVE-6=""/><AREAS-DO-CONHECIMENTO><AREA-DO-CONHECIMENTO-1 NOME-GRANDE-AREA-DO-CONHECIMENTO="ENGENHARIAS" NOME-DA-AREA-DO-CONHECIMENTO="" NOME-DA-SUB-AREA-DO-CONHECIMENTO="Engenharia Térmica" NOME-DA-ESPECIALIDADE="Termociências"/></AREAS-DO-CONHECIMENTO><SETORES-DE-ATIVIDADE SETOR-DE-ATIVIDADE-1="Transporte terrestre" SETOR-DE-ATIVIDADE-2="" SETOR-DE-ATIVIDADE-3=""/></OUTRA-PRODUCAO-BIBLIOGRAFICA></DEMAIS-TIPOS-DE-PRODUCAO-BIBLIOGRAFICA></PRODUCAO-BIBLIOGRAFICA><PRODUCAO-TECNICA><DEMAIS-TIPOS-DE-PRODUCAO-TECNICA><APRESENTACAO-DE-TRABALHO SEQUENCIA-PRODUCAO="1"><DADOS-BASICOS-DA-APRESENTACAO-DE-TRABALHO NATUREZA="CONGRESSO" TITULO="ANALYSIS OF EXHAUST EMISSIONS IN A STATIONARY DIESEL ENGINE OPERATING WITH DIESEL / BIODIESEL BLENDS" ANO="2009" PAIS="Brasil" IDIOMA="Inglês" FLAG-RELEVANCIA="SIM" DOI="" TITULO-INGLES="ANALYSIS OF EXHAUST EMISSIONS IN A STATIONARY DIESEL ENGINE OPERATING WITH DIESEL / BIODIESEL BLENDS" FLAG-DIVULGACAO-CIENTIFICA="NAO"/><DETALHAMENTO-DA-APRESENTACAO-DE-TRABALHO NOME-DO-EVENTO="COBEM - Congresso Brasileiro de Engenharia Mecânica" INSTITUICAO-PROMOTORA="ABCM - Associação Brasileira de Engenharia e Ciências Mecânicas" LOCAL-DA-APRESENTACAO="Rio Grande do Sul - Brasil" CIDADE-DA-APRESENTACAO="Gramado" NOME-DO-EVENTO-INGLES=""/><AUTORES NOME-COMPLETO-DO-AUTOR="Claudio Vidal Teixeira" NOME-PARA-CITACAO="TEIXEIRA, C. V.;TEIXEIRA, CLÁUDIO V." ORDEM-DE-AUTORIA="1" NRO-ID-CNPQ="3045331340908225"/><AUTORES NOME-COMPLETO-DO-AUTOR="COLAÇO, M. J." NOME-PARA-CITACAO="COLAÇO, M. J." ORDEM-DE-AUTORIA="2" NRO-ID-CNPQ=""/><AUTORES NOME-COMPLETO-DO-AUTOR="ALVES, L. S. B." NOME-PARA-CITACAO="ALVES, L. S. B." ORDEM-DE-AUTORIA="3" NRO-ID-CNPQ=""/><AUTORES NOME-COMPLETO-DO-AUTOR="CALDEIRA, A. B." NOME-PARA-CITACAO="CALDEIRA, A. B." ORDEM-DE-AUTORIA="4" NRO-ID-CNPQ=""/><AUTORES NOME-COMPLETO-DO-AUTOR="LEIROZ, A. J." NOME-PARA-CITACAO="LEIROZ, A. J." ORDEM-DE-AUTORIA="5" NRO-ID-CNPQ=""/><PALAVRAS-CHAVE PALAVRA-CHAVE-1="engine performance" PALAVRA-CHAVE-2="exhaust gas emission" PALAVRA-CHAVE-3="palm oil biodiesel" PALAVRA-CHAVE-4="" PALAVRA-CHAVE-5="" PALAVRA-CHAVE-6=""/><AREAS-DO-CONHECIMENTO><AREA-DO-CONHECIMENTO-1 NOME-GRANDE-AREA-DO-CONHECIMENTO="ENGENHARIAS" NOME-DA-AREA-DO-CONHECIMENTO="" NOME-DA-SUB-AREA-DO-CONHECIMENTO="Engenharia Térmica" NOME-DA-ESPECIALIDADE="Termodinâmica"/><AREA-DO-CONHECIMENTO-2 NOME-GRANDE-AREA-DO-CONHECIMENTO="ENGENHARIAS" NOME-DA-AREA-DO-CONHECIMENTO="Engenharia Mecânica" NOME-DA-SUB-AREA-DO-CONHECIMENTO="Engenharia Térmica" NOME-DA-ESPECIALIDADE="Biocombustíveis"/><AREA-DO-CONHECIMENTO-3 NOME-GRANDE-AREA-DO-CONHECIMENTO="ENGENHARIAS" NOME-DA-AREA-DO-CONHECIMENTO="Engenharia Mecânica" NOME-DA-SUB-AREA-DO-CONHECIMENTO="Engenharia Térmica" NOME-DA-ESPECIALIDADE="Termociências"/></AREAS-DO-CONHECIMENTO><INFORMACOES-ADICIONAIS DESCRICAO-INFORMACOES-ADICIONAIS="In this work we analyzed the environmental impact of the AGRALE M95 single cylinder diesel engine operating with diesel / biodiesel blends. The environmental impact is measured by the level of exhaust emissions of NOx, CO, CO2 and particulate matter. The biodiesel is extracted from palm, through a esterification process. These oil is obtained from a plant commonly found in Brazil and is a possible candidate for future actions of the Brazilian Government towards increasing the use of biofuels in diesel engines. Different blends, ranging from a commercial diesel (B3) to pure vegetal oil (B100), were analyzed. Each blend was characterized through its physical properties, such as the density, kinematic viscosity, percentage of carbon, hydrogen, nitrogen, and sulfur, low heating value and cetane number." DESCRICAO-INFORMACOES-ADICIONAIS-INGLES="In this work we analyzed the environmental impact of the AGRALE M95 single cylinder diesel engine operating with diesel / biodiesel blends. The environmental impact is measured by the level of exhaust emissions of NOx, CO, CO2 and particulate matter. The biodiesel is extracted from palm, through a esterification process. These oil is obtained from a plant commonly found in Brazil and is a possible candidate for future actions of the Brazilian Government towards increasing the use of biofuels in diesel engines. Different blends, ranging from a commercial diesel (B3) to pure vegetal oil (B100), were analyzed. Each blend was characterized through its physical properties, such as the density, kinematic viscosity, percentage of carbon, hydrogen, nitrogen, and sulfur, low heating value and cetane number."/></APRESENTACAO-DE-TRABALHO><APRESENTACAO-DE-TRABALHO SEQUENCIA-PRODUCAO="2"><DADOS-BASICOS-DA-APRESENTACAO-DE-TRABALHO NATUREZA="CONGRESSO" TITULO="PERFORMANCE AND EMISSION COMPARATIVE ANALYSIS OF AN ENGINE OPERATING WITH PALM OIL METHYL AND ETHYL ESTERS AND THEIR BLENDS WITH DIESEL" ANO="2009" PAIS="Brasil" IDIOMA="Inglês" FLAG-RELEVANCIA="SIM" DOI="" TITULO-INGLES="" FLAG-DIVULGACAO-CIENTIFICA="NAO"/><DETALHAMENTO-DA-APRESENTACAO-DE-TRABALHO NOME-DO-EVENTO="COBEM" INSTITUICAO-PROMOTORA="Departamento de Engenharia Mecânica, DEMEC, da Universidade Federal do Rio Grande do Sul, UFRGS," LOCAL-DA-APRESENTACAO="Rio Grande do Sul" CIDADE-DA-APRESENTACAO="Gramado" NOME-DO-EVENTO-INGLES=""/><AUTORES NOME-COMPLETO-DO-AUTOR="DUTRA, L. M." NOME-PARA-CITACAO="DUTRA, L. M." ORDEM-DE-AUTORIA="1" NRO-ID-CNPQ=""/><AUTORES NOME-COMPLETO-DO-AUTOR="Claudio Vidal Teixeira" NOME-PARA-CITACAO="TEIXEIRA, C. V.;TEIXEIRA, CLÁUDIO V." ORDEM-DE-AUTORIA="2" NRO-ID-CNPQ="3045331340908225"/><AUTORES NOME-COMPLETO-DO-AUTOR="COLAÇO, M. J." NOME-PARA-CITACAO="COLAÇO, M. J." ORDEM-DE-AUTORIA="3" NRO-ID-CNPQ=""/><AUTORES NOME-COMPLETO-DO-AUTOR="ALVES, L. S. B." NOME-PARA-CITACAO="ALVES, L. S. B." ORDEM-DE-AUTORIA="4" NRO-ID-CNPQ=""/><AUTORES NOME-COMPLETO-DO-AUTOR="CALDEIRA, A. B." NOME-PARA-CITACAO="CALDEIRA, A. B." ORDEM-DE-AUTORIA="5" NRO-ID-CNPQ=""/><PALAVRAS-CHAVE PALAVRA-CHAVE-1="engine performance" PALAVRA-CHAVE-2="exhaust gas emission" PALAVRA-CHAVE-3="palm oil biodiesel" PALAVRA-CHAVE-4="" PALAVRA-CHAVE-5="" PALAVRA-CHAVE-6=""/><AREAS-DO-CONHECIMENTO><AREA-DO-CONHECIMENTO-1 NOME-GRANDE-AREA-DO-CONHECIMENTO="ENGENHARIAS" NOME-DA-AREA-DO-CONHECIMENTO="" NOME-DA-SUB-AREA-DO-CONHECIMENTO="Engenharia Térmica" NOME-DA-ESPECIALIDADE="Biocombustíveis"/></AREAS-DO-CONHECIMENTO></APRESENTACAO-DE-TRABALHO><APRESENTACAO-DE-TRABALHO SEQUENCIA-PRODUCAO="3"><DADOS-BASICOS-DA-APRESENTACAO-DE-TRABALHO NATUREZA="CONGRESSO" TITULO="PARAMETER IDENTIFICATION OF A THERMODYNAMIC MODEL OF DIESEL ENGINES OPERATING WITH DIESE/BIODIESEL BLEDS" ANO="2009" PAIS="Brasil" IDIOMA="Inglês" FLAG-RELEVANCIA="SIM" DOI="" TITULO-INGLES="" FLAG-DIVULGACAO-CIENTIFICA="NAO"/><DETALHAMENTO-DA-APRESENTACAO-DE-TRABALHO NOME-DO-EVENTO="CICLAME" INSTITUICAO-PROMOTORA="Brazilian Association for Computational Methods in Engineering, ABMEC, the Graduate Center for Engineering of the Federal University of Rio de Janeiro, COPPE/UFRJ and the National Laboratory for Scientific Computation, LNCC." LOCAL-DA-APRESENTACAO="Rio de Janeiro" CIDADE-DA-APRESENTACAO="Búzios" NOME-DO-EVENTO-INGLES=""/><AUTORES NOME-COMPLETO-DO-AUTOR="COLAÇO, M. J." NOME-PARA-CITACAO="COLAÇO, M. J." ORDEM-DE-AUTORIA="1" NRO-ID-CNPQ=""/><AUTORES NOME-COMPLETO-DO-AUTOR="Claudio Vidal Teixeira" NOME-PARA-CITACAO="TEIXEIRA, C. V.;TEIXEIRA, CLÁUDIO V." ORDEM-DE-AUTORIA="2" NRO-ID-CNPQ="3045331340908225"/><AUTORES NOME-COMPLETO-DO-AUTOR="DUTRA, L. M." NOME-PARA-CITACAO="DUTRA, L. M." ORDEM-DE-AUTORIA="3" NRO-ID-CNPQ=""/><AUTORES NOME-COMPLETO-DO-AUTOR="ALVES, L. S. B." NOME-PARA-CITACAO="ALVES, L. S. B." ORDEM-DE-AUTORIA="4" NRO-ID-CNPQ=""/><PALAVRAS-CHAVE PALAVRA-CHAVE-1="Optimization" PALAVRA-CHAVE-2="Internal Combustion Engines" PALAVRA-CHAVE-3="Biodiesel" PALAVRA-CHAVE-4="" PALAVRA-CHAVE-5="" PALAVRA-CHAVE-6=""/><AREAS-DO-CONHECIMENTO><AREA-DO-CONHECIMENTO-1 NOME-GRANDE-AREA-DO-CONHECIMENTO="ENGENHARIAS" NOME-DA-AREA-DO-CONHECIMENTO="" NOME-DA-SUB-AREA-DO-CONHECIMENTO="Engenharia Térmica" NOME-DA-ESPECIALIDADE="Termociências"/><AREA-DO-CONHECIMENTO-2 NOME-GRANDE-AREA-DO-CONHECIMENTO="ENGENHARIAS" NOME-DA-AREA-DO-CONHECIMENTO="Engenharia Mecânica" NOME-DA-SUB-AREA-DO-CONHECIMENTO="Engenharia Térmica" NOME-DA-ESPECIALIDADE="Biocombustíveis"/></AREAS-DO-CONHECIMENTO></APRESENTACAO-DE-TRABALHO><APRESENTACAO-DE-TRABALHO SEQUENCIA-PRODUCAO="4"><DADOS-BASICOS-DA-APRESENTACAO-DE-TRABALHO NATUREZA="CONGRESSO" TITULO="HEAT TRANSFER ANALYSIS OF A DIESEL ENGINE PISTON OPERATING WITH DIESEL/BIODIESEL BLENDS" ANO="2009" PAIS="Brasil" IDIOMA="Inglês" FLAG-RELEVANCIA="SIM" DOI="" TITULO-INGLES="" FLAG-DIVULGACAO-CIENTIFICA="NAO"/><DETALHAMENTO-DA-APRESENTACAO-DE-TRABALHO NOME-DO-EVENTO="30 th CILAMCE" INSTITUICAO-PROMOTORA="Brazilian Association for Computational Methods in Engineering, ABMEC, the Graduate Center for Engineering of the Federal University of Rio de Janeiro, COPPE/UFRJ and the National Laboratory for Scientific Computation, LNCC." LOCAL-DA-APRESENTACAO="Armação de Búzios, RJ," CIDADE-DA-APRESENTACAO="Buzios" NOME-DO-EVENTO-INGLES=""/><AUTORES NOME-COMPLETO-DO-AUTOR="COLAÇO, M. J." NOME-PARA-CITACAO="COLAÇO, M. J." ORDEM-DE-AUTORIA="1" NRO-ID-CNPQ=""/><AUTORES NOME-COMPLETO-DO-AUTOR="Claudio Vidal Teixeira" NOME-PARA-CITACAO="TEIXEIRA, C. V.;TEIXEIRA, CLÁUDIO V." ORDEM-DE-AUTORIA="2" NRO-ID-CNPQ="3045331340908225"/><AUTORES NOME-COMPLETO-DO-AUTOR="DUTRA, L. M." NOME-PARA-CITACAO="DUTRA, L. M." ORDEM-DE-AUTORIA="3" NRO-ID-CNPQ=""/><PALAVRAS-CHAVE PALAVRA-CHAVE-1="Internal Combustion Engines" PALAVRA-CHAVE-2="Biodiesel" PALAVRA-CHAVE-3="Numerical Simulation" PALAVRA-CHAVE-4="" PALAVRA-CHAVE-5="" PALAVRA-CHAVE-6=""/><AREAS-DO-CONHECIMENTO><AREA-DO-CONHECIMENTO-1 NOME-GRANDE-AREA-DO-CONHECIMENTO="ENGENHARIAS" NOME-DA-AREA-DO-CONHECIMENTO="" NOME-DA-SUB-AREA-DO-CONHECIMENTO="" NOME-DA-ESPECIALIDADE=""/><AREA-DO-CONHECIMENTO-2 NOME-GRANDE-AREA-DO-CONHECIMENTO="ENGENHARIAS" NOME-DA-AREA-DO-CONHECIMENTO="Engenharia Mecânica" NOME-DA-SUB-AREA-DO-CONHECIMENTO="Engenharia Térmica" NOME-DA-ESPECIALIDADE="Termociências"/></AREAS-DO-CONHECIMENTO></APRESENTACAO-DE-TRABALHO><APRESENTACAO-DE-TRABALHO SEQUENCIA-PRODUCAO="5"><DADOS-BASICOS-DA-APRESENTACAO-DE-TRABALHO NATUREZA="CONGRESSO" TITULO="ANALYSIS OF PERFORMANCE, EXHAUST GAS EMISSIONS AND WEAR OF A FOUR-STROKE SIX-CYLINDERS DI DIESEL ENGINE COUPLED TO A DC MOTORING DYNAMOMETER, OPERATING WITH DIESEL AND PALM OIL BIODIESEL BLENDS." ANO="2011" PAIS="Brasil" IDIOMA="Inglês" FLAG-RELEVANCIA="NAO" DOI="" TITULO-INGLES="" FLAG-DIVULGACAO-CIENTIFICA="NAO"/><DETALHAMENTO-DA-APRESENTACAO-DE-TRABALHO NOME-DO-EVENTO="21st COBEM" INSTITUICAO-PROMOTORA="ABCM - Associação Brasileira de Engenharia e Ciências Mecânicas" LOCAL-DA-APRESENTACAO="Ponta Negra - RN" CIDADE-DA-APRESENTACAO="Natal" NOME-DO-EVENTO-INGLES=""/><AUTORES NOME-COMPLETO-DO-AUTOR="Claudio Vidal Teixeira" NOME-PARA-CITACAO="TEIXEIRA, C. V.;TEIXEIRA, CLÁUDIO V." ORDEM-DE-AUTORIA="1" NRO-ID-CNPQ="3045331340908225"/><AUTORES NOME-COMPLETO-DO-AUTOR="Evandro Maya Caldeira" NOME-PARA-CITACAO="CALDEIRA, E. M.," ORDEM-DE-AUTORIA="2" NRO-ID-CNPQ=""/><AUTORES NOME-COMPLETO-DO-AUTOR="José Carlos dos Santos" NOME-PARA-CITACAO="SANTOS, J. C." ORDEM-DE-AUTORIA="3" NRO-ID-CNPQ=""/><AUTORES NOME-COMPLETO-DO-AUTOR="Victor Santoro Santiago" NOME-PARA-CITACAO="SANTIAGO, V. S." ORDEM-DE-AUTORIA="4" NRO-ID-CNPQ=""/><PALAVRAS-CHAVE PALAVRA-CHAVE-1="palm oil biodiesel" PALAVRA-CHAVE-2="exhaust gas emission" PALAVRA-CHAVE-3="engine performance" PALAVRA-CHAVE-4="" PALAVRA-CHAVE-5="" PALAVRA-CHAVE-6=""/><AREAS-DO-CONHECIMENTO><AREA-DO-CONHECIMENTO-1 NOME-GRANDE-AREA-DO-CONHECIMENTO="ENGENHARIAS" NOME-DA-AREA-DO-CONHECIMENTO="" NOME-DA-SUB-AREA-DO-CONHECIMENTO="" NOME-DA-ESPECIALIDADE=""/><AREA-DO-CONHECIMENTO-2 NOME-GRANDE-AREA-DO-CONHECIMENTO="ENGENHARIAS" NOME-DA-AREA-DO-CONHECIMENTO="Engenharia Mecânica" NOME-DA-SUB-AREA-DO-CONHECIMENTO="Engenharia Térmica" NOME-DA-ESPECIALIDADE="Termociências"/></AREAS-DO-CONHECIMENTO></APRESENTACAO-DE-TRABALHO><APRESENTACAO-DE-TRABALHO SEQUENCIA-PRODUCAO="6"><DADOS-BASICOS-DA-APRESENTACAO-DE-TRABALHO NATUREZA="CONGRESSO" TITULO="ANALYSIS OF NOx EMISSIONS AND SPECIFIC FUEL CONSUMPTION OF A DIESEL ENGINE OPERATING WITH DIESEL/BIODIESEL BLENDS" ANO="2011" PAIS="Brasil" IDIOMA="Inglês" FLAG-RELEVANCIA="NAO" DOI="" TITULO-INGLES="" FLAG-DIVULGACAO-CIENTIFICA="NAO"/><DETALHAMENTO-DA-APRESENTACAO-DE-TRABALHO NOME-DO-EVENTO="21st COBEM" INSTITUICAO-PROMOTORA="ABCM - Associação Brasileira de Engenharia e Ciências Mecânicas" LOCAL-DA-APRESENTACAO="Ponta Negra - RN" CIDADE-DA-APRESENTACAO="Natal" NOME-DO-EVENTO-INGLES=""/><AUTORES NOME-COMPLETO-DO-AUTOR="Claudio Vidal Teixeira" NOME-PARA-CITACAO="TEIXEIRA, C. V.;TEIXEIRA, CLÁUDIO V." ORDEM-DE-AUTORIA="1" NRO-ID-CNPQ="3045331340908225"/><AUTORES NOME-COMPLETO-DO-AUTOR="Aldélio Bueno Caldeira" NOME-PARA-CITACAO="CALDEIRA, A. B." ORDEM-DE-AUTORIA="2" NRO-ID-CNPQ=""/><AUTORES NOME-COMPLETO-DO-AUTOR="COLAÇO, M. J.," NOME-PARA-CITACAO="COLAÇO, M. J." ORDEM-DE-AUTORIA="3" NRO-ID-CNPQ=""/><PALAVRAS-CHAVE PALAVRA-CHAVE-1="Diesel" PALAVRA-CHAVE-2="Biodiesel" PALAVRA-CHAVE-3="Engine" PALAVRA-CHAVE-4="Emission" PALAVRA-CHAVE-5="" PALAVRA-CHAVE-6=""/><AREAS-DO-CONHECIMENTO><AREA-DO-CONHECIMENTO-1 NOME-GRANDE-AREA-DO-CONHECIMENTO="ENGENHARIAS" NOME-DA-AREA-DO-CONHECIMENTO="" NOME-DA-SUB-AREA-DO-CONHECIMENTO="" NOME-DA-ESPECIALIDADE=""/><AREA-DO-CONHECIMENTO-2 NOME-GRANDE-AREA-DO-CONHECIMENTO="ENGENHARIAS" NOME-DA-AREA-DO-CONHECIMENTO="Engenharia Mecânica" NOME-DA-SUB-AREA-DO-CONHECIMENTO="Engenharia Térmica" NOME-DA-ESPECIALIDADE="Termociências"/></AREAS-DO-CONHECIMENTO></APRESENTACAO-DE-TRABALHO><APRESENTACAO-DE-TRABALHO SEQUENCIA-PRODUCAO="7"><DADOS-BASICOS-DA-APRESENTACAO-DE-TRABALHO NATUREZA="CONGRESSO" TITULO="Análise Experimental de Tensões em uma Viatura Militar de Carroceria Tubular" ANO="2012" PAIS="Brasil" IDIOMA="Português" FLAG-RELEVANCIA="NAO" DOI="" TITULO-INGLES="" FLAG-DIVULGACAO-CIENTIFICA="NAO"/><DETALHAMENTO-DA-APRESENTACAO-DE-TRABALHO NOME-DO-EVENTO="CONEM 2012" INSTITUICAO-PROMOTORA="ABCM" LOCAL-DA-APRESENTACAO="Maranhão" CIDADE-DA-APRESENTACAO="São Luís" NOME-DO-EVENTO-INGLES=""/><AUTORES NOME-COMPLETO-DO-AUTOR="Bruno Felippe Silva" NOME-PARA-CITACAO="SILVA, B. F." ORDEM-DE-AUTORIA="1" NRO-ID-CNPQ=""/><AUTORES NOME-COMPLETO-DO-AUTOR="Claudio Vidal Teixeira" NOME-PARA-CITACAO="TEIXEIRA, C. V.;TEIXEIRA, CLÁUDIO V." ORDEM-DE-AUTORIA="2" NRO-ID-CNPQ="3045331340908225"/><AUTORES NOME-COMPLETO-DO-AUTOR="Pedro Henrique MArins dos Santos Souza" NOME-PARA-CITACAO="SOUZA, P. H. M. S." ORDEM-DE-AUTORIA="3" NRO-ID-CNPQ=""/><AUTORES NOME-COMPLETO-DO-AUTOR="Dario Oscar Noé" NOME-PARA-CITACAO="NOE, D. O." ORDEM-DE-AUTORIA="4" NRO-ID-CNPQ=""/><PALAVRAS-CHAVE PALAVRA-CHAVE-1="Análise de tensões" PALAVRA-CHAVE-2="Carroceria tubular" PALAVRA-CHAVE-3="Extensômetro" PALAVRA-CHAVE-4="" PALAVRA-CHAVE-5="" PALAVRA-CHAVE-6=""/></APRESENTACAO-DE-TRABALHO></DEMAIS-TIPOS-DE-PRODUCAO-TECNICA></PRODUCAO-TECNICA><DADOS-COMPLEMENTARES><PARTICIPACAO-EM-EVENTOS-CONGRESSOS><PARTICIPACAO-EM-CONGRESSO SEQUENCIA-PRODUCAO="11"><PARTICIPANTE-DE-EVENTOS-CONGRESSOS NOME-COMPLETO-DO-PARTICIPANTE-DE-EVENTOS-CONGRESSOS="Claudio Vidal Teixeira" NOME-PARA-CITACAO-DO-PARTICIPANTE-DE-EVENTOS-CONGRESSOS="TEIXEIRA, C. V.;TEIXEIRA, CLÁUDIO V." ORDEM-PARTICIPANTE="1" NRO-ID-CNPQ="3045331340908225"/><DADOS-BASICOS-DA-PARTICIPACAO-EM-CONGRESSO NATUREZA="Congresso" TITULO="Analysis of Performance, Exhaust Gas Emission and Wear of a Four Stroke Six-Cylinder DI Diesel Engine Coupled to a DC Motoring Dynamometer, Operating wuth Diesel and Palm Oil Biodiesel Blends" ANO="2011" PAIS="Brasil" IDIOMA="" MEIO-DE-DIVULGACAO="NAO_INFORMADO" HOME-PAGE-DO-TRABALHO="" FLAG-RELEVANCIA="NAO" TIPO-PARTICIPACAO="Poster / Painel" FORMA-PARTICIPACAO="Participante" DOI="" TITULO-INGLES="" FLAG-DIVULGACAO-CIENTIFICA="NAO"/><DETALHAMENTO-DA-PARTICIPACAO-EM-CONGRESSO NOME-DO-EVENTO="21º COBEM" CODIGO-INSTITUICAO="" NOME-INSTITUICAO="" LOCAL-DO-EVENTO="" CIDADE-DO-EVENTO="Natal -RN" NOME-DO-EVENTO-INGLES=""/></PARTICIPACAO-EM-CONGRESSO><PARTICIPACAO-EM-CONGRESSO SEQUENCIA-PRODUCAO="8"><PARTICIPANTE-DE-EVENTOS-CONGRESSOS NOME-COMPLETO-DO-PARTICIPANTE-DE-EVENTOS-CONGRESSOS="Claudio Vidal Teixeira" NOME-PARA-CITACAO-DO-PARTICIPANTE-DE-EVENTOS-CONGRESSOS="TEIXEIRA, C. V.;TEIXEIRA, CLÁUDIO V." ORDEM-PARTICIPANTE="1" NRO-ID-CNPQ="3045331340908225"/><DADOS-BASICOS-DA-PARTICIPACAO-EM-CONGRESSO NATUREZA="Congresso" TITULO="Análise Experimental de tensões em uma Viatura Militar de Carroceria Tubular" ANO="2012" PAIS="Brasil" IDIOMA="" MEIO-DE-DIVULGACAO="NAO_INFORMADO" HOME-PAGE-DO-TRABALHO="" FLAG-RELEVANCIA="NAO" TIPO-PARTICIPACAO="Poster / Painel" FORMA-PARTICIPACAO="Participante" DOI="" TITULO-INGLES="" FLAG-DIVULGACAO-CIENTIFICA="NAO"/><DETALHAMENTO-DA-PARTICIPACAO-EM-CONGRESSO NOME-DO-EVENTO="CONEM" CODIGO-INSTITUICAO="" NOME-INSTITUICAO="" LOCAL-DO-EVENTO="" CIDADE-DO-EVENTO="São Luís" NOME-DO-EVENTO-INGLES=""/></PARTICIPACAO-EM-CONGRESSO><PARTICIPACAO-EM-CONGRESSO SEQUENCIA-PRODUCAO="10"><PARTICIPANTE-DE-EVENTOS-CONGRESSOS NOME-COMPLETO-DO-PARTICIPANTE-DE-EVENTOS-CONGRESSOS="Claudio Vidal Teixeira" NOME-PARA-CITACAO-DO-PARTICIPANTE-DE-EVENTOS-CONGRESSOS="TEIXEIRA, C. V.;TEIXEIRA, CLÁUDIO V." ORDEM-PARTICIPANTE="1" NRO-ID-CNPQ="3045331340908225"/><DADOS-BASICOS-DA-PARTICIPACAO-EM-CONGRESSO NATUREZA="Congresso" TITULO="Analysis of Exhaust Emissions in a Stationary Diesel Engine Operating with Diesel/Biodiesel Blends" ANO="2009" PAIS="Brasil" IDIOMA="" MEIO-DE-DIVULGACAO="NAO_INFORMADO" HOME-PAGE-DO-TRABALHO="" FLAG-RELEVANCIA="NAO" TIPO-PARTICIPACAO="Poster / Painel" FORMA-PARTICIPACAO="Participante" DOI="" TITULO-INGLES="" FLAG-DIVULGACAO-CIENTIFICA="NAO"/><DETALHAMENTO-DA-PARTICIPACAO-EM-CONGRESSO NOME-DO-EVENTO="20º COBEM" CODIGO-INSTITUICAO="" NOME-INSTITUICAO="" LOCAL-DO-EVENTO="" CIDADE-DO-EVENTO="Gramado-RS" NOME-DO-EVENTO-INGLES=""/></PARTICIPACAO-EM-CONGRESSO><PARTICIPACAO-EM-CONGRESSO SEQUENCIA-PRODUCAO="9"><PARTICIPANTE-DE-EVENTOS-CONGRESSOS NOME-COMPLETO-DO-PARTICIPANTE-DE-EVENTOS-CONGRESSOS="Claudio Vidal Teixeira" NOME-PARA-CITACAO-DO-PARTICIPANTE-DE-EVENTOS-CONGRESSOS="TEIXEIRA, C. V.;TEIXEIRA, CLÁUDIO V." ORDEM-PARTICIPANTE="1" NRO-ID-CNPQ="3045331340908225"/><DADOS-BASICOS-DA-PARTICIPACAO-EM-CONGRESSO NATUREZA="Congresso" TITULO="Parameter Identification and Optimization of a Thermodynamic Model of Diesel Engines Operating with Diesel/Biodiesel Blends Adsorption" ANO="2009" PAIS="Brasil" IDIOMA="" MEIO-DE-DIVULGACAO="NAO_INFORMADO" HOME-PAGE-DO-TRABALHO="" FLAG-RELEVANCIA="NAO" TIPO-PARTICIPACAO="Apresentação Oral" FORMA-PARTICIPACAO="Participante" DOI="" TITULO-INGLES="" FLAG-DIVULGACAO-CIENTIFICA="NAO"/><DETALHAMENTO-DA-PARTICIPACAO-EM-CONGRESSO NOME-DO-EVENTO="30º CILAMCE" CODIGO-INSTITUICAO="" NOME-INSTITUICAO="" LOCAL-DO-EVENTO="" CIDADE-DO-EVENTO="Buzios-RJ" NOME-DO-EVENTO-INGLES=""/></PARTICIPACAO-EM-CONGRESSO></PARTICIPACAO-EM-EVENTOS-CONGRESSOS><INFORMACOES-ADICIONAIS-INSTITUICOES><INFORMACAO-ADICIONAL-INSTITUICAO CODIGO-INSTITUICAO="000100000991" SIGLA-INSTITUICAO="3º BECNST" SIGLA-UF-INSTITUICAO="PI" SIGLA-PAIS-INSTITUICAO="BRA" NOME-PAIS-INSTITUICAO="Brasil" FLAG-AGENCIA-FOMENTO="NAO" FLAG-INSTITUICAO-DE-ENSINO="NAO"/><INFORMACAO-ADICIONAL-INSTITUICAO CODIGO-INSTITUICAO="011100000008" SIGLA-INSTITUICAO="PUC-Rio" SIGLA-UF-INSTITUICAO="RJ" SIGLA-PAIS-INSTITUICAO="BRA" NOME-PAIS-INSTITUICAO="Brasil" FLAG-AGENCIA-FOMENTO="NAO" FLAG-INSTITUICAO-DE-ENSINO="SIM"/><INFORMACAO-ADICIONAL-INSTITUICAO CODIGO-INSTITUICAO="081200000000" SIGLA-INSTITUICAO="UGF" SIGLA-UF-INSTITUICAO="RJ" SIGLA-PAIS-INSTITUICAO="BRA" NOME-PAIS-INSTITUICAO="Brasil" FLAG-AGENCIA-FOMENTO="NAO" FLAG-INSTITUICAO-DE-ENSINO="SIM"/><INFORMACAO-ADICIONAL-INSTITUICAO CODIGO-INSTITUICAO="099200000003" SIGLA-INSTITUICAO="CTEx" SIGLA-UF-INSTITUICAO="RJ" SIGLA-PAIS-INSTITUICAO="BRA" NOME-PAIS-INSTITUICAO="Brasil" FLAG-AGENCIA-FOMENTO="NAO" FLAG-INSTITUICAO-DE-ENSINO="NAO"/><INFORMACAO-ADICIONAL-INSTITUICAO CODIGO-INSTITUICAO="201900000008" SIGLA-INSTITUICAO="UNISUAM" SIGLA-UF-INSTITUICAO="RJ" SIGLA-PAIS-INSTITUICAO="BRA" NOME-PAIS-INSTITUICAO="Brasil" FLAG-AGENCIA-FOMENTO="NAO" FLAG-INSTITUICAO-DE-ENSINO="SIM"/><INFORMACAO-ADICIONAL-INSTITUICAO CODIGO-INSTITUICAO="869900000005" SIGLA-INSTITUICAO="IME" SIGLA-UF-INSTITUICAO="RJ" SIGLA-PAIS-INSTITUICAO="BRA" NOME-PAIS-INSTITUICAO="Brasil" FLAG-AGENCIA-FOMENTO="NAO" FLAG-INSTITUICAO-DE-ENSINO="SIM"/><INFORMACAO-ADICIONAL-INSTITUICAO CODIGO-INSTITUICAO="869901001994" SIGLA-INSTITUICAO="" SIGLA-UF-INSTITUICAO="RJ" SIGLA-PAIS-INSTITUICAO="BRA" NOME-PAIS-INSTITUICAO="Brasil" FLAG-AGENCIA-FOMENTO="NAO" FLAG-INSTITUICAO-DE-ENSINO="NAO"/><INFORMACAO-ADICIONAL-INSTITUICAO CODIGO-INSTITUICAO="880000000000" SIGLA-INSTITUICAO="URCA" SIGLA-UF-INSTITUICAO="CE" SIGLA-PAIS-INSTITUICAO="BRA" NOME-PAIS-INSTITUICAO="Brasil" FLAG-AGENCIA-FOMENTO="NAO" FLAG-INSTITUICAO-DE-ENSINO="SIM"/><INFORMACAO-ADICIONAL-INSTITUICAO CODIGO-INSTITUICAO="J8M600000003" SIGLA-INSTITUICAO="FTESM" SIGLA-UF-INSTITUICAO="RJ" SIGLA-PAIS-INSTITUICAO="BRA" NOME-PAIS-INSTITUICAO="Brasil" FLAG-AGENCIA-FOMENTO="NAO" FLAG-INSTITUICAO-DE-ENSINO="SIM"/></INFORMACOES-ADICIONAIS-INSTITUICOES><INFORMACOES-ADICIONAIS-CURSOS><INFORMACAO-ADICIONAL-CURSO CODIGO-CURSO="31040128" CODIGO-ORGAO="" NOME-ORGAO="" CODIGO-INSTITUICAO="011100000008" NOME-INSTITUICAO="Pontifícia Universidade Católica do Rio de Janeiro" NOME-GRANDE-AREA-DO-CONHECIMENTO="ENGENHARIAS" NOME-DA-AREA-DO-CONHECIMENTO="Engenharia Mecânica" NOME-DA-SUB-AREA-DO-CONHECIMENTO="" NOME-DA-ESPECIALIDADE="" NIVEL-CURSO="MESTRADO_DOUTORADO"/><INFORMACAO-ADICIONAL-CURSO CODIGO-CURSO="31060056" CODIGO-ORGAO="" NOME-ORGAO="" CODIGO-INSTITUICAO="869900000005" NOME-INSTITUICAO="Instituto Militar de Engenharia" NOME-GRANDE-AREA-DO-CONHECIMENTO="ENGENHARIAS" NOME-DA-AREA-DO-CONHECIMENTO="Engenharia Mecânica" NOME-DA-SUB-AREA-DO-CONHECIMENTO="" NOME-DA-ESPECIALIDADE="" NIVEL-CURSO="MESTRADO"/><INFORMACAO-ADICIONAL-CURSO CODIGO-CURSO="90000000" CODIGO-ORGAO="" NOME-ORGAO="" CODIGO-INSTITUICAO="869900000005" NOME-INSTITUICAO="Instituto Militar de Engenharia" NOME-GRANDE-AREA-DO-CONHECIMENTO="ENGENHARIAS" NOME-DA-AREA-DO-CONHECIMENTO="Engenharia Mecânica" NOME-DA-SUB-AREA-DO-CONHECIMENTO="" NOME-DA-ESPECIALIDADE="" NIVEL-CURSO="GRADUACAO"/><INFORMACAO-ADICIONAL-CURSO CODIGO-CURSO="90000001" CODIGO-ORGAO="" NOME-ORGAO="" CODIGO-INSTITUICAO="880000000000" NOME-INSTITUICAO="Universidade Regional do Cariri" NOME-GRANDE-AREA-DO-CONHECIMENTO="CIENCIAS_EXATAS_E_DA_TERRA" NOME-DA-AREA-DO-CONHECIMENTO="Matemática" NOME-DA-SUB-AREA-DO-CONHECIMENTO="Matemática Aplicada" NOME-DA-ESPECIALIDADE="" NIVEL-CURSO="APERFEICOAMENTO"/></INFORMACOES-ADICIONAIS-CURSOS></DADOS-COMPLEMENTARES><eventos/></CURRICULO-VITAE>