<CURRICULO-VITAE SISTEMA-ORIGEM-XML="LATTES_OFFLINE" NUMERO-IDENTIFICADOR="4754423242499142" FORMATO-DATA-ATUALIZACAO="DDMMAAAA" DATA-ATUALIZACAO="13122016" FORMATO-HORA-ATUALIZACAO="HHMMSS" HORA-ATUALIZACAO="185512"><DADOS-GERAIS NOME-COMPLETO="Marcelo Andrade Teixeira" NOME-EM-CITACOES-BIBLIOGRAFICAS="TEIXEIRA, M. A." NACIONALIDADE="B" PAIS-DE-NASCIMENTO="Brasil" FORMATO-DATA-DE-NASCIMENTO="DDMMAAAA" FORMATO-DATA-DE-EMISSAO="DDMMAAAA" PERMISSAO-DE-DIVULGACAO="NAO" DATA-FALECIMENTO="" SIGLA-PAIS-NACIONALIDADE="BRA" PAIS-DE-NACIONALIDADE="Brasil"><RESUMO-CV TEXTO-RESUMO-CV-RH="Possui graduação em Informática pela Universidade Federal Fluminense (1995), mestrado em Engenharia de Sistemas e Computação pela Universidade Federal do Rio de Janeiro (1999) e doutorado em Engenharia de Sistemas e Computação pela Universidade Federal do Rio de Janeiro (2005). Atualmente é professor adjunto do Centro Universitário Augusto Motta. Tem experiência na área de Ciência da Computação, com ênfase em Inteligência Artificial." TEXTO-RESUMO-CV-RH-EN="bachelor's at Informática from Universidade Federal Fluminense (1995), master's at Computer Science from Universidade Federal do Rio de Janeiro (1999) and doctorate at Computer Science from Universidade Federal do Rio de Janeiro (2005). Has experience in Computer Science, focusing on Artificial Intelligence."/><OUTRAS-INFORMACOES-RELEVANTES OUTRAS-INFORMACOES-RELEVANTES="Estagiário no Instituto de Lógica, Filosofia e Teoria da Ciência (ILTC) Período: 1º e 2º semestres de 1994 e 1º semestre de 1995 Áreas de trabalho: Aprendizado de Máquina e Raciocínio Baseado em Casos.  Aulas de Introdução à Microinformática para o Curso de Aperfeiçoamento em Eletrotécnica - Convênio CERJ - UFF, sob a supervisão do ILTC.  Bolsista de Monitoria na disciplina: Programação de Computadores II - Período: 01/03/1993 a 31/12/1993.  Bolsista de Mestrado no CEPEL (Centro de Pesquisas de Energia Elétrica) Endereço: Av. Um s/n - Ilha da Cidade Universitária - Rio de Janeiro/RJ Período: 03/1998 a 07/1999 Área de trabalho: Predição de carga elétrica usando redes neurais artificiais.  Bolsista de Doutorado no CEPEL (Centro de Pesquisas de Energia Elétrica) Endereço: Av. Um s/n - Ilha da Cidade Universitária - Rio de Janeiro/RJ Período: 08/1999 a 02/2005 Área de trabalho: Predição de séries temporais usando redes Bayesianas.  Pesquisador no ADDLabs (Laboratório de Documentação Ativa e Design Inteligente) Endereço: Av. Gal. Milton Tavares de Souza, s º · Campus da Praia Vermelha, Boa Viagem, Niterói, RJ Período: 08/2008 a 07/2009 Área de trabalho: Raciocínio Baseado em Casos e Prognóstico de Falhas em Máquinas."/><ENDERECO FLAG-DE-PREFERENCIA="ENDERECO_RESIDENCIAL"><ENDERECO-PROFISSIONAL CODIGO-INSTITUICAO-EMPRESA="201900000008" NOME-INSTITUICAO-EMPRESA="Centro Universitário Augusto Motta" CODIGO-ORGAO="" NOME-ORGAO="" CODIGO-UNIDADE="" NOME-UNIDADE="" LOGRADOURO-COMPLEMENTO="Av. Paris 72" PAIS="Brasil" UF="RJ" CEP="21041020" CIDADE="Rio de Janeiro" BAIRRO="Bonsucesso" DDD="21" TELEFONE="38829738" RAMAL="" FAX="" E-MAIL="marceloa@unisuamdoc.com.br" HOME-PAGE=""/></ENDERECO><FORMACAO-ACADEMICA-TITULACAO><GRADUACAO SEQUENCIA-FORMACAO="1" NIVEL="1" TITULO-DO-TRABALHO-DE-CONCLUSAO-DE-CURSO="" NOME-DO-ORIENTADOR="" CODIGO-INSTITUICAO="000500000000" NOME-INSTITUICAO="Universidade Federal Fluminense" CODIGO-ORGAO="" NOME-ORGAO="" CODIGO-CURSO="90000000" NOME-CURSO="Informática" CODIGO-AREA-CURSO="90000000" STATUS-DO-CURSO="CONCLUIDO" ANO-DE-INICIO="1991" ANO-DE-CONCLUSAO="1995" FLAG-BOLSA="NAO" CODIGO-AGENCIA-FINANCIADORA="" NOME-AGENCIA="" NUMERO-ID-ORIENTADOR="" CODIGO-CURSO-CAPES="" TITULO-DO-TRABALHO-DE-CONCLUSAO-DE-CURSO-INGLES="" NOME-CURSO-INGLES="" FORMACAO-ACADEMICA-TITULACAO="" TIPO-GRADUACAO="" CODIGO-INSTITUICAO-GRAD="" NOME-INSTITUICAO-GRAD="" CODIGO-INSTITUICAO-OUTRA-GRAD="" NOME-INSTITUICAO-OUTRA-GRAD="" NOME-ORIENTADOR-GRAD=""/><MESTRADO SEQUENCIA-FORMACAO="2" NIVEL="3" CODIGO-INSTITUICAO="020200000009" NOME-INSTITUICAO="Universidade Federal do Rio de Janeiro" CODIGO-ORGAO="" NOME-ORGAO="" CODIGO-CURSO="31000045" NOME-CURSO="Engenharia de Sistemas e Computação" CODIGO-AREA-CURSO="10300007" STATUS-DO-CURSO="CONCLUIDO" ANO-DE-INICIO="1997" ANO-DE-CONCLUSAO="1999" FLAG-BOLSA="SIM" CODIGO-AGENCIA-FINANCIADORA="045000000000" NOME-AGENCIA="Coordenação de Aperfeiçoamento de Pessoal de Nível Superior" ANO-DE-OBTENCAO-DO-TITULO="1999" TITULO-DA-DISSERTACAO-TESE="Redes Neurais Recorrentes para Predição de Carga Elétrica" NOME-COMPLETO-DO-ORIENTADOR="Gerson Zaverucha" TIPO-MESTRADO="" NUMERO-ID-ORIENTADOR="5117568495536090" CODIGO-CURSO-CAPES="31001017004P3" TITULO-DA-DISSERTACAO-TESE-INGLES="" NOME-CURSO-INGLES="Computer Science" NOME-DO-CO-ORIENTADOR="" CODIGO-INSTITUICAO-DOUT="" NOME-INSTITUICAO-DOUT="" CODIGO-INSTITUICAO-OUTRA-DOUT="" NOME-INSTITUICAO-OUTRA-DOUT="" NOME-ORIENTADOR-DOUT=""><conceitoCapes/></MESTRADO><DOUTORADO SEQUENCIA-FORMACAO="3" NIVEL="4" CODIGO-INSTITUICAO="020200000009" NOME-INSTITUICAO="Universidade Federal do Rio de Janeiro" CODIGO-ORGAO="" NOME-ORGAO="" CODIGO-CURSO="31000045" NOME-CURSO="Engenharia de Sistemas e Computação" CODIGO-AREA-CURSO="10300007" STATUS-DO-CURSO="CONCLUIDO" ANO-DE-INICIO="1999" ANO-DE-CONCLUSAO="2005" FLAG-BOLSA="SIM" CODIGO-AGENCIA-FINANCIADORA="045000000000" NOME-AGENCIA="Coordenação de Aperfeiçoamento de Pessoal de Nível Superior" ANO-DE-OBTENCAO-DO-TITULO="2005" TITULO-DA-DISSERTACAO-TESE="Redes Bayesianas Dinâmicas para Previsãode Séries Temporais: Aplicação ao Setor Elétrico" NOME-COMPLETO-DO-ORIENTADOR="Gerson Zaverucha" TIPO-DOUTORADO="N" CODIGO-INSTITUICAO-DOUT="" NOME-INSTITUICAO-DOUT="" CODIGO-INSTITUICAO-OUTRA-DOUT="" NOME-INSTITUICAO-OUTRA-DOUT="" NOME-ORIENTADOR-DOUT="" NUMERO-ID-ORIENTADOR="5117568495536090" CODIGO-CURSO-CAPES="31001017004P3" TITULO-DA-DISSERTACAO-TESE-INGLES="" NOME-CURSO-INGLES="Computer Science" NOME-DO-ORIENTADOR-CO-TUTELA="" CODIGO-INSTITUICAO-OUTRA-CO-TUTELA="" CODIGO-INSTITUICAO-CO-TUTELA="" NOME-DO-ORIENTADOR-SANDUICHE="" CODIGO-INSTITUICAO-OUTRA-SANDUICHE="" CODIGO-INSTITUICAO-SANDUICHE="" NOME-DO-CO-ORIENTADOR=""><conceitoCapes/></DOUTORADO></FORMACAO-ACADEMICA-TITULACAO><ATUACOES-PROFISSIONAIS><ATUACAO-PROFISSIONAL CODIGO-INSTITUICAO="201900000008" NOME-INSTITUICAO="Centro Universitário Augusto Motta" SEQUENCIA-ATIVIDADE="1" SEQUENCIA-IMPORTANCIA="1"><VINCULOS SEQUENCIA-HISTORICO="1" TIPO-DE-VINCULO="LIVRE" ENQUADRAMENTO-FUNCIONAL="LIVRE" CARGA-HORARIA-SEMANAL="24" FLAG-DEDICACAO-EXCLUSIVA="NAO" MES-INICIO="02" ANO-INICIO="2005" MES-FIM="" ANO-FIM="" OUTRAS-INFORMACOES="" FLAG-VINCULO-EMPREGATICIO="NAO" OUTRO-VINCULO-INFORMADO="" OUTRO-ENQUADRAMENTO-FUNCIONAL-INFORMADO="Professor adjunto" OUTRO-ENQUADRAMENTO-FUNCIONAL-INFORMADO-INGLES="" OUTRAS-INFORMACOES-INGLES=""/><ATIVIDADES-DE-ENSINO><ENSINO SEQUENCIA-FUNCAO-ATIVIDADE="1" FLAG-PERIODO="ATUAL" TIPO-ENSINO="GRADUACAO" MES-INICIO="02" ANO-INICIO="2005" MES-FIM="" ANO-FIM="" CODIGO-ORGAO="" NOME-ORGAO="" CODIGO-CURSO="90000001" NOME-CURSO="Ciência da Computação (Bacharelado)" NOME-CURSO-INGLES=""><DISCIPLINA SEQUENCIA-ESPECIFICACAO="1">Desenvolvimento de Sistemas (Java)</DISCIPLINA><DISCIPLINA SEQUENCIA-ESPECIFICACAO="2">Estruturas de Dados</DISCIPLINA><DISCIPLINA SEQUENCIA-ESPECIFICACAO="3">Inteligência Artificial</DISCIPLINA><DISCIPLINA SEQUENCIA-ESPECIFICACAO="4">Lógica</DISCIPLINA><DISCIPLINA SEQUENCIA-ESPECIFICACAO="5">Programação (C)</DISCIPLINA></ENSINO></ATIVIDADES-DE-ENSINO><atividadesProfissionaisPlanificadas/></ATUACAO-PROFISSIONAL></ATUACOES-PROFISSIONAIS><AREAS-DE-ATUACAO><AREA-DE-ATUACAO SEQUENCIA-AREA-DE-ATUACAO="1" NOME-GRANDE-AREA-DO-CONHECIMENTO="CIENCIAS_EXATAS_E_DA_TERRA" NOME-DA-AREA-DO-CONHECIMENTO="Ciência da Computação" NOME-DA-SUB-AREA-DO-CONHECIMENTO="" NOME-DA-ESPECIALIDADE=""/></AREAS-DE-ATUACAO><IDIOMAS><IDIOMA IDIOMA="EN" DESCRICAO-DO-IDIOMA="Inglês" PROFICIENCIA-DE-LEITURA="BEM" PROFICIENCIA-DE-FALA="POUCO" PROFICIENCIA-DE-ESCRITA="RAZOAVELMENTE" PROFICIENCIA-DE-COMPREENSAO="RAZOAVELMENTE"/></IDIOMAS><staValidado/><dataExibicao/><dadosBolsista/></DADOS-GERAIS><PRODUCAO-BIBLIOGRAFICA><ARTIGOS-PUBLICADOS><ARTIGO-PUBLICADO SEQUENCIA-PRODUCAO="12" ORDEM-IMPORTANCIA=""><DADOS-BASICOS-DO-ARTIGO NATUREZA="COMPLETO" TITULO-DO-ARTIGO="Fuzzy multi-hidden Markov predictor in electric load forecasting" ANO-DO-ARTIGO="2005" PAIS-DE-PUBLICACAO="Estados Unidos" IDIOMA="Inglês" MEIO-DE-DIVULGACAO="IMPRESSO" HOME-PAGE-DO-TRABALHO="" FLAG-RELEVANCIA="SIM" DOI="" TITULO-DO-ARTIGO-INGLES="" FLAG-DIVULGACAO-CIENTIFICA="NAO"/><DETALHAMENTO-DO-ARTIGO TITULO-DO-PERIODICO-OU-REVISTA="International Joint Conference on Neural Networks (IJCNN)" ISSN="" VOLUME="" FASCICULO="" SERIE="" PAGINA-INICIAL="" PAGINA-FINAL="" LOCAL-DE-PUBLICACAO=""/><AUTORES NOME-COMPLETO-DO-AUTOR="Marcelo Andrade Teixeira" NOME-PARA-CITACAO="TEIXEIRA, M. A." ORDEM-DE-AUTORIA="1" NRO-ID-CNPQ="4754423242499142"/><AUTORES NOME-COMPLETO-DO-AUTOR="Gerson Zaverucha" NOME-PARA-CITACAO="Zaverucha, G." ORDEM-DE-AUTORIA="2" NRO-ID-CNPQ="5117568495536090"/><AREAS-DO-CONHECIMENTO><AREA-DO-CONHECIMENTO-1 NOME-GRANDE-AREA-DO-CONHECIMENTO="CIENCIAS_EXATAS_E_DA_TERRA" NOME-DA-AREA-DO-CONHECIMENTO="" NOME-DA-SUB-AREA-DO-CONHECIMENTO="" NOME-DA-ESPECIALIDADE=""/></AREAS-DO-CONHECIMENTO></ARTIGO-PUBLICADO><ARTIGO-PUBLICADO SEQUENCIA-PRODUCAO="13" ORDEM-IMPORTANCIA=""><DADOS-BASICOS-DO-ARTIGO NATUREZA="COMPLETO" TITULO-DO-ARTIGO="A Partitioning Method Based on K-Means for Fuzzy Probabilistic Predictors" ANO-DO-ARTIGO="2005" PAIS-DE-PUBLICACAO="Estados Unidos" IDIOMA="Inglês" MEIO-DE-DIVULGACAO="IMPRESSO" HOME-PAGE-DO-TRABALHO="" FLAG-RELEVANCIA="NAO" DOI="" TITULO-DO-ARTIGO-INGLES="" FLAG-DIVULGACAO-CIENTIFICA="NAO"/><DETALHAMENTO-DO-ARTIGO TITULO-DO-PERIODICO-OU-REVISTA="International Conference on Neural Information Processing (ICONIP)" ISSN="" VOLUME="" FASCICULO="" SERIE="" PAGINA-INICIAL="" PAGINA-FINAL="" LOCAL-DE-PUBLICACAO=""/><AUTORES NOME-COMPLETO-DO-AUTOR="Marcelo Andrade Teixeira" NOME-PARA-CITACAO="TEIXEIRA, M. A." ORDEM-DE-AUTORIA="1" NRO-ID-CNPQ="4754423242499142"/><AUTORES NOME-COMPLETO-DO-AUTOR="Gerson Zaverucha" NOME-PARA-CITACAO="Zaverucha, G." ORDEM-DE-AUTORIA="2" NRO-ID-CNPQ="5117568495536090"/><AREAS-DO-CONHECIMENTO><AREA-DO-CONHECIMENTO-1 NOME-GRANDE-AREA-DO-CONHECIMENTO="CIENCIAS_EXATAS_E_DA_TERRA" NOME-DA-AREA-DO-CONHECIMENTO="" NOME-DA-SUB-AREA-DO-CONHECIMENTO="" NOME-DA-ESPECIALIDADE=""/></AREAS-DO-CONHECIMENTO></ARTIGO-PUBLICADO><ARTIGO-PUBLICADO SEQUENCIA-PRODUCAO="10" ORDEM-IMPORTANCIA=""><DADOS-BASICOS-DO-ARTIGO NATUREZA="COMPLETO" TITULO-DO-ARTIGO="Fuzzy Hidden Markov Predictor in Electric Load Forecasting" ANO-DO-ARTIGO="2004" PAIS-DE-PUBLICACAO="Estados Unidos" IDIOMA="Inglês" MEIO-DE-DIVULGACAO="IMPRESSO" HOME-PAGE-DO-TRABALHO="" FLAG-RELEVANCIA="SIM" DOI="" TITULO-DO-ARTIGO-INGLES="" FLAG-DIVULGACAO-CIENTIFICA="NAO"/><DETALHAMENTO-DO-ARTIGO TITULO-DO-PERIODICO-OU-REVISTA="International Joint Conference on Neural Networks (IJCNN)" ISSN="" VOLUME="" FASCICULO="" SERIE="" PAGINA-INICIAL="" PAGINA-FINAL="" LOCAL-DE-PUBLICACAO=""/><AUTORES NOME-COMPLETO-DO-AUTOR="Marcelo Andrade Teixeira" NOME-PARA-CITACAO="TEIXEIRA, M. A." ORDEM-DE-AUTORIA="1" NRO-ID-CNPQ="4754423242499142"/><AUTORES NOME-COMPLETO-DO-AUTOR="Gerson Zaverucha" NOME-PARA-CITACAO="Zaverucha, G." ORDEM-DE-AUTORIA="2" NRO-ID-CNPQ="5117568495536090"/><AREAS-DO-CONHECIMENTO><AREA-DO-CONHECIMENTO-1 NOME-GRANDE-AREA-DO-CONHECIMENTO="CIENCIAS_EXATAS_E_DA_TERRA" NOME-DA-AREA-DO-CONHECIMENTO="" NOME-DA-SUB-AREA-DO-CONHECIMENTO="" NOME-DA-ESPECIALIDADE=""/></AREAS-DO-CONHECIMENTO></ARTIGO-PUBLICADO><ARTIGO-PUBLICADO SEQUENCIA-PRODUCAO="11" ORDEM-IMPORTANCIA=""><DADOS-BASICOS-DO-ARTIGO NATUREZA="COMPLETO" TITULO-DO-ARTIGO="A Partitioning Method for Fuzzy Probabilistic Predictors" ANO-DO-ARTIGO="2004" PAIS-DE-PUBLICACAO="Estados Unidos" IDIOMA="Inglês" MEIO-DE-DIVULGACAO="IMPRESSO" HOME-PAGE-DO-TRABALHO="" FLAG-RELEVANCIA="SIM" DOI="" TITULO-DO-ARTIGO-INGLES="" FLAG-DIVULGACAO-CIENTIFICA="NAO"/><DETALHAMENTO-DO-ARTIGO TITULO-DO-PERIODICO-OU-REVISTA="International Conference on Neural Information Processing (ICONIP)" ISSN="" VOLUME="" FASCICULO="" SERIE="" PAGINA-INICIAL="" PAGINA-FINAL="" LOCAL-DE-PUBLICACAO=""/><AUTORES NOME-COMPLETO-DO-AUTOR="Marcelo Andrade Teixeira" NOME-PARA-CITACAO="TEIXEIRA, M. A." ORDEM-DE-AUTORIA="1" NRO-ID-CNPQ="4754423242499142"/><AUTORES NOME-COMPLETO-DO-AUTOR="Gerson Zaverucha" NOME-PARA-CITACAO="Zaverucha, G." ORDEM-DE-AUTORIA="2" NRO-ID-CNPQ="5117568495536090"/><AREAS-DO-CONHECIMENTO><AREA-DO-CONHECIMENTO-1 NOME-GRANDE-AREA-DO-CONHECIMENTO="CIENCIAS_EXATAS_E_DA_TERRA" NOME-DA-AREA-DO-CONHECIMENTO="" NOME-DA-SUB-AREA-DO-CONHECIMENTO="" NOME-DA-ESPECIALIDADE=""/></AREAS-DO-CONHECIMENTO></ARTIGO-PUBLICADO><ARTIGO-PUBLICADO SEQUENCIA-PRODUCAO="7" ORDEM-IMPORTANCIA=""><DADOS-BASICOS-DO-ARTIGO NATUREZA="COMPLETO" TITULO-DO-ARTIGO="Hidden Markov Model for Regression in Electric Load Forecasting" ANO-DO-ARTIGO="2003" PAIS-DE-PUBLICACAO="Estados Unidos" IDIOMA="Inglês" MEIO-DE-DIVULGACAO="IMPRESSO" HOME-PAGE-DO-TRABALHO="" FLAG-RELEVANCIA="NAO" DOI="" TITULO-DO-ARTIGO-INGLES="" FLAG-DIVULGACAO-CIENTIFICA="NAO"/><DETALHAMENTO-DO-ARTIGO TITULO-DO-PERIODICO-OU-REVISTA="ICANN/ICONIP" ISSN="" VOLUME="" FASCICULO="" SERIE="" PAGINA-INICIAL="" PAGINA-FINAL="" LOCAL-DE-PUBLICACAO=""/><AUTORES NOME-COMPLETO-DO-AUTOR="Marcelo Andrade Teixeira" NOME-PARA-CITACAO="TEIXEIRA, M. A." ORDEM-DE-AUTORIA="1" NRO-ID-CNPQ="4754423242499142"/><AUTORES NOME-COMPLETO-DO-AUTOR="Kate Revoredo" NOME-PARA-CITACAO="Revoredo, K." ORDEM-DE-AUTORIA="2" NRO-ID-CNPQ="0814717344017544"/><AUTORES NOME-COMPLETO-DO-AUTOR="Gerson Zaverucha" NOME-PARA-CITACAO="Zaverucha, G." ORDEM-DE-AUTORIA="3" NRO-ID-CNPQ="5117568495536090"/><AREAS-DO-CONHECIMENTO><AREA-DO-CONHECIMENTO-1 NOME-GRANDE-AREA-DO-CONHECIMENTO="CIENCIAS_EXATAS_E_DA_TERRA" NOME-DA-AREA-DO-CONHECIMENTO="" NOME-DA-SUB-AREA-DO-CONHECIMENTO="" NOME-DA-ESPECIALIDADE=""/></AREAS-DO-CONHECIMENTO></ARTIGO-PUBLICADO><ARTIGO-PUBLICADO SEQUENCIA-PRODUCAO="8" ORDEM-IMPORTANCIA=""><DADOS-BASICOS-DO-ARTIGO NATUREZA="COMPLETO" TITULO-DO-ARTIGO="Fuzzy Markov Predictor in Multi-Step Electric Load Forecasting" ANO-DO-ARTIGO="2003" PAIS-DE-PUBLICACAO="Estados Unidos" IDIOMA="Inglês" MEIO-DE-DIVULGACAO="IMPRESSO" HOME-PAGE-DO-TRABALHO="" FLAG-RELEVANCIA="SIM" DOI="" TITULO-DO-ARTIGO-INGLES="" FLAG-DIVULGACAO-CIENTIFICA="NAO"/><DETALHAMENTO-DO-ARTIGO TITULO-DO-PERIODICO-OU-REVISTA="International Joint Conference on Neural Networks (IJCNN)" ISSN="" VOLUME="" FASCICULO="" SERIE="" PAGINA-INICIAL="" PAGINA-FINAL="" LOCAL-DE-PUBLICACAO=""/><AUTORES NOME-COMPLETO-DO-AUTOR="Marcelo Andrade Teixeira" NOME-PARA-CITACAO="TEIXEIRA, M. A." ORDEM-DE-AUTORIA="1" NRO-ID-CNPQ="4754423242499142"/><AUTORES NOME-COMPLETO-DO-AUTOR="Gerson Zaverucha" NOME-PARA-CITACAO="Zaverucha, G." ORDEM-DE-AUTORIA="2" NRO-ID-CNPQ="5117568495536090"/><AREAS-DO-CONHECIMENTO><AREA-DO-CONHECIMENTO-1 NOME-GRANDE-AREA-DO-CONHECIMENTO="CIENCIAS_EXATAS_E_DA_TERRA" NOME-DA-AREA-DO-CONHECIMENTO="" NOME-DA-SUB-AREA-DO-CONHECIMENTO="" NOME-DA-ESPECIALIDADE=""/></AREAS-DO-CONHECIMENTO></ARTIGO-PUBLICADO><ARTIGO-PUBLICADO SEQUENCIA-PRODUCAO="5" ORDEM-IMPORTANCIA=""><DADOS-BASICOS-DO-ARTIGO NATUREZA="COMPLETO" TITULO-DO-ARTIGO="Fuzzy Markov Predictor in Electric Load Forecasting" ANO-DO-ARTIGO="2002" PAIS-DE-PUBLICACAO="Estados Unidos" IDIOMA="Inglês" MEIO-DE-DIVULGACAO="IMPRESSO" HOME-PAGE-DO-TRABALHO="" FLAG-RELEVANCIA="NAO" DOI="" TITULO-DO-ARTIGO-INGLES="" FLAG-DIVULGACAO-CIENTIFICA="NAO"/><DETALHAMENTO-DO-ARTIGO TITULO-DO-PERIODICO-OU-REVISTA="IEEE World Congress on Computational Intelligence (WCCI) / International Joint Conference on Neural Networks (IJCNN)" ISSN="" VOLUME="" FASCICULO="" SERIE="" PAGINA-INICIAL="" PAGINA-FINAL="" LOCAL-DE-PUBLICACAO=""/><AUTORES NOME-COMPLETO-DO-AUTOR="Marcelo Andrade Teixeira" NOME-PARA-CITACAO="TEIXEIRA, M. A." ORDEM-DE-AUTORIA="1" NRO-ID-CNPQ="4754423242499142"/><AUTORES NOME-COMPLETO-DO-AUTOR="Gerson Zaverucha" NOME-PARA-CITACAO="Zaverucha, G." ORDEM-DE-AUTORIA="2" NRO-ID-CNPQ="5117568495536090"/><AREAS-DO-CONHECIMENTO><AREA-DO-CONHECIMENTO-1 NOME-GRANDE-AREA-DO-CONHECIMENTO="CIENCIAS_EXATAS_E_DA_TERRA" NOME-DA-AREA-DO-CONHECIMENTO="" NOME-DA-SUB-AREA-DO-CONHECIMENTO="" NOME-DA-ESPECIALIDADE=""/></AREAS-DO-CONHECIMENTO></ARTIGO-PUBLICADO><ARTIGO-PUBLICADO SEQUENCIA-PRODUCAO="6" ORDEM-IMPORTANCIA=""><DADOS-BASICOS-DO-ARTIGO NATUREZA="COMPLETO" TITULO-DO-ARTIGO="Fuzzy Markov Predictor with First and Second­Order Dependences" ANO-DO-ARTIGO="2002" PAIS-DE-PUBLICACAO="Brasil" IDIOMA="Inglês" MEIO-DE-DIVULGACAO="IMPRESSO" HOME-PAGE-DO-TRABALHO="" FLAG-RELEVANCIA="NAO" DOI="" TITULO-DO-ARTIGO-INGLES="" FLAG-DIVULGACAO-CIENTIFICA="NAO"/><DETALHAMENTO-DO-ARTIGO TITULO-DO-PERIODICO-OU-REVISTA="VII Brazilian Symposium on Neural Networks (SBRN 2002)" ISSN="" VOLUME="" FASCICULO="" SERIE="" PAGINA-INICIAL="" PAGINA-FINAL="" LOCAL-DE-PUBLICACAO=""/><AUTORES NOME-COMPLETO-DO-AUTOR="Marcelo Andrade Teixeira" NOME-PARA-CITACAO="TEIXEIRA, M. A." ORDEM-DE-AUTORIA="1" NRO-ID-CNPQ="4754423242499142"/><AUTORES NOME-COMPLETO-DO-AUTOR="Gerson Zaverucha" NOME-PARA-CITACAO="Zaverucha, G." ORDEM-DE-AUTORIA="2" NRO-ID-CNPQ="5117568495536090"/><AREAS-DO-CONHECIMENTO><AREA-DO-CONHECIMENTO-1 NOME-GRANDE-AREA-DO-CONHECIMENTO="CIENCIAS_EXATAS_E_DA_TERRA" NOME-DA-AREA-DO-CONHECIMENTO="" NOME-DA-SUB-AREA-DO-CONHECIMENTO="" NOME-DA-ESPECIALIDADE=""/></AREAS-DO-CONHECIMENTO></ARTIGO-PUBLICADO><ARTIGO-PUBLICADO SEQUENCIA-PRODUCAO="4" ORDEM-IMPORTANCIA=""><DADOS-BASICOS-DO-ARTIGO NATUREZA="COMPLETO" TITULO-DO-ARTIGO="Fuzzy Bayes Predictor in Electric Load Forecasting" ANO-DO-ARTIGO="2001" PAIS-DE-PUBLICACAO="Estados Unidos" IDIOMA="Inglês" MEIO-DE-DIVULGACAO="IMPRESSO" HOME-PAGE-DO-TRABALHO="" FLAG-RELEVANCIA="NAO" DOI="" TITULO-DO-ARTIGO-INGLES="" FLAG-DIVULGACAO-CIENTIFICA="NAO"/><DETALHAMENTO-DO-ARTIGO TITULO-DO-PERIODICO-OU-REVISTA="International Joint Conference on Neural Networks" ISSN="" VOLUME="" FASCICULO="" SERIE="" PAGINA-INICIAL="" PAGINA-FINAL="" LOCAL-DE-PUBLICACAO=""/><AUTORES NOME-COMPLETO-DO-AUTOR="Marcelo Andrade Teixeira" NOME-PARA-CITACAO="TEIXEIRA, M. A." ORDEM-DE-AUTORIA="1" NRO-ID-CNPQ="4754423242499142"/><AUTORES NOME-COMPLETO-DO-AUTOR="Gerson Zaverucha" NOME-PARA-CITACAO="Zaverucha, G." ORDEM-DE-AUTORIA="2" NRO-ID-CNPQ="5117568495536090"/><AUTORES NOME-COMPLETO-DO-AUTOR="VICTOR NAVARRO A L DA SILVA" NOME-PARA-CITACAO="da Silva, V.N.A.L." ORDEM-DE-AUTORIA="3" NRO-ID-CNPQ=""/><AUTORES NOME-COMPLETO-DO-AUTOR="GUILHERME FERREIRA RIBEIRO" NOME-PARA-CITACAO="G.F. Ribeiro" ORDEM-DE-AUTORIA="4" NRO-ID-CNPQ=""/><AREAS-DO-CONHECIMENTO><AREA-DO-CONHECIMENTO-1 NOME-GRANDE-AREA-DO-CONHECIMENTO="CIENCIAS_EXATAS_E_DA_TERRA" NOME-DA-AREA-DO-CONHECIMENTO="" NOME-DA-SUB-AREA-DO-CONHECIMENTO="" NOME-DA-ESPECIALIDADE=""/></AREAS-DO-CONHECIMENTO></ARTIGO-PUBLICADO><ARTIGO-PUBLICADO SEQUENCIA-PRODUCAO="2" ORDEM-IMPORTANCIA=""><DADOS-BASICOS-DO-ARTIGO NATUREZA="COMPLETO" TITULO-DO-ARTIGO="Evaluation and Comparison of Different Architectures Using Elman Networks Applied to Electric Load Forecasting" ANO-DO-ARTIGO="1999" PAIS-DE-PUBLICACAO="Brasil" IDIOMA="Inglês" MEIO-DE-DIVULGACAO="IMPRESSO" HOME-PAGE-DO-TRABALHO="" FLAG-RELEVANCIA="NAO" DOI="" TITULO-DO-ARTIGO-INGLES="" FLAG-DIVULGACAO-CIENTIFICA="NAO"/><DETALHAMENTO-DO-ARTIGO TITULO-DO-PERIODICO-OU-REVISTA="Intelligent System Application to Power Systems (ISAP?99)" ISSN="" VOLUME="" FASCICULO="" SERIE="" PAGINA-INICIAL="" PAGINA-FINAL="" LOCAL-DE-PUBLICACAO=""/><AUTORES NOME-COMPLETO-DO-AUTOR="Marcelo Andrade Teixeira" NOME-PARA-CITACAO="TEIXEIRA, M. A." ORDEM-DE-AUTORIA="1" NRO-ID-CNPQ="4754423242499142"/><AUTORES NOME-COMPLETO-DO-AUTOR="Gerson Zaverucha" NOME-PARA-CITACAO="Zaverucha, G." ORDEM-DE-AUTORIA="2" NRO-ID-CNPQ="5117568495536090"/><AUTORES NOME-COMPLETO-DO-AUTOR="VICTOR NAVARRO A L DA SILVA" NOME-PARA-CITACAO="da Silva, V.N.A.L." ORDEM-DE-AUTORIA="3" NRO-ID-CNPQ=""/><AUTORES NOME-COMPLETO-DO-AUTOR="GUILHERME FERREIRA RIBEIRO" NOME-PARA-CITACAO="G.F. Ribeiro" ORDEM-DE-AUTORIA="4" NRO-ID-CNPQ=""/><AREAS-DO-CONHECIMENTO><AREA-DO-CONHECIMENTO-1 NOME-GRANDE-AREA-DO-CONHECIMENTO="CIENCIAS_EXATAS_E_DA_TERRA" NOME-DA-AREA-DO-CONHECIMENTO="" NOME-DA-SUB-AREA-DO-CONHECIMENTO="" NOME-DA-ESPECIALIDADE=""/></AREAS-DO-CONHECIMENTO></ARTIGO-PUBLICADO><ARTIGO-PUBLICADO SEQUENCIA-PRODUCAO="3" ORDEM-IMPORTANCIA=""><DADOS-BASICOS-DO-ARTIGO NATUREZA="COMPLETO" TITULO-DO-ARTIGO="Recurrent Neural Gas in Electric Load Forecasting" ANO-DO-ARTIGO="1999" PAIS-DE-PUBLICACAO="Estados Unidos" IDIOMA="Inglês" MEIO-DE-DIVULGACAO="IMPRESSO" HOME-PAGE-DO-TRABALHO="" FLAG-RELEVANCIA="NAO" DOI="" TITULO-DO-ARTIGO-INGLES="" FLAG-DIVULGACAO-CIENTIFICA="NAO"/><DETALHAMENTO-DO-ARTIGO TITULO-DO-PERIODICO-OU-REVISTA="International Joint Conference on Neural Networks (IJCNN?99)" ISSN="" VOLUME="" FASCICULO="" SERIE="" PAGINA-INICIAL="" PAGINA-FINAL="" LOCAL-DE-PUBLICACAO=""/><AUTORES NOME-COMPLETO-DO-AUTOR="Marcelo Andrade Teixeira" NOME-PARA-CITACAO="TEIXEIRA, M. A." ORDEM-DE-AUTORIA="1" NRO-ID-CNPQ="4754423242499142"/><AUTORES NOME-COMPLETO-DO-AUTOR="Gerson Zaverucha" NOME-PARA-CITACAO="Zaverucha, G." ORDEM-DE-AUTORIA="2" NRO-ID-CNPQ="5117568495536090"/><AUTORES NOME-COMPLETO-DO-AUTOR="VICTOR NAVARRO A L DA SILVA" NOME-PARA-CITACAO="da Silva, V.N.A.L." ORDEM-DE-AUTORIA="3" NRO-ID-CNPQ=""/><AUTORES NOME-COMPLETO-DO-AUTOR="GUILHERME FERREIRA RIBEIRO" NOME-PARA-CITACAO="G.F. Ribeiro" ORDEM-DE-AUTORIA="4" NRO-ID-CNPQ=""/><AREAS-DO-CONHECIMENTO><AREA-DO-CONHECIMENTO-1 NOME-GRANDE-AREA-DO-CONHECIMENTO="CIENCIAS_EXATAS_E_DA_TERRA" NOME-DA-AREA-DO-CONHECIMENTO="" NOME-DA-SUB-AREA-DO-CONHECIMENTO="" NOME-DA-ESPECIALIDADE=""/></AREAS-DO-CONHECIMENTO></ARTIGO-PUBLICADO><ARTIGO-PUBLICADO SEQUENCIA-PRODUCAO="1" ORDEM-IMPORTANCIA=""><DADOS-BASICOS-DO-ARTIGO NATUREZA="COMPLETO" TITULO-DO-ARTIGO="Previsão de Carga Elétrica Usando Redes de Elman" ANO-DO-ARTIGO="1998" PAIS-DE-PUBLICACAO="Brasil" IDIOMA="Português" MEIO-DE-DIVULGACAO="IMPRESSO" HOME-PAGE-DO-TRABALHO="" FLAG-RELEVANCIA="NAO" DOI="" TITULO-DO-ARTIGO-INGLES="" FLAG-DIVULGACAO-CIENTIFICA="NAO"/><DETALHAMENTO-DO-ARTIGO TITULO-DO-PERIODICO-OU-REVISTA="V Simpósio Brasileiro de Redes Neurais (SBRN?98)" ISSN="" VOLUME="" FASCICULO="" SERIE="" PAGINA-INICIAL="" PAGINA-FINAL="" LOCAL-DE-PUBLICACAO=""/><AUTORES NOME-COMPLETO-DO-AUTOR="Marcelo Andrade Teixeira" NOME-PARA-CITACAO="TEIXEIRA, M. A." ORDEM-DE-AUTORIA="1" NRO-ID-CNPQ="4754423242499142"/><AUTORES NOME-COMPLETO-DO-AUTOR="Gerson Zaverucha" NOME-PARA-CITACAO="Zaverucha, G." ORDEM-DE-AUTORIA="2" NRO-ID-CNPQ="5117568495536090"/><AUTORES NOME-COMPLETO-DO-AUTOR="VICTOR NAVARRO A L DA SILVA" NOME-PARA-CITACAO="da Silva, V.N.A.L." ORDEM-DE-AUTORIA="3" NRO-ID-CNPQ=""/><AUTORES NOME-COMPLETO-DO-AUTOR="GUILHERME FERREIRA RIBEIRO" NOME-PARA-CITACAO="G.F. Ribeiro" ORDEM-DE-AUTORIA="4" NRO-ID-CNPQ=""/><AREAS-DO-CONHECIMENTO><AREA-DO-CONHECIMENTO-1 NOME-GRANDE-AREA-DO-CONHECIMENTO="CIENCIAS_EXATAS_E_DA_TERRA" NOME-DA-AREA-DO-CONHECIMENTO="" NOME-DA-SUB-AREA-DO-CONHECIMENTO="" NOME-DA-ESPECIALIDADE=""/></AREAS-DO-CONHECIMENTO></ARTIGO-PUBLICADO></ARTIGOS-PUBLICADOS><TEXTOS-EM-JORNAIS-OU-REVISTAS><TEXTO-EM-JORNAL-OU-REVISTA SEQUENCIA-PRODUCAO="9"><DADOS-BASICOS-DO-TEXTO NATUREZA="JORNAL_DE_NOTICIAS" TITULO-DO-TEXTO="Fuzzy Bayes and Fuzzy Markov Predictors" ANO-DO-TEXTO="2003" PAIS-DE-PUBLICACAO="Estados Unidos" IDIOMA="Inglês" MEIO-DE-DIVULGACAO="IMPRESSO" HOME-PAGE-DO-TRABALHO="" FLAG-RELEVANCIA="SIM" DOI="" TITULO-DO-TEXTO-INGLES="" FLAG-DIVULGACAO-CIENTIFICA="NAO"/><DETALHAMENTO-DO-TEXTO TITULO-DO-JORNAL-OU-REVISTA="Journal of Intelligent and Fuzzy Systems" ISSN="" FORMATO-DATA-DE-PUBLICACAO="DDMMAAAA" DATA-DE-PUBLICACAO="" VOLUME="" PAGINA-INICIAL="" PAGINA-FINAL="" LOCAL-DE-PUBLICACAO=""><dataPublicacaoFormatoSimples/></DETALHAMENTO-DO-TEXTO><AUTORES NOME-COMPLETO-DO-AUTOR="Marcelo Andrade Teixeira" NOME-PARA-CITACAO="TEIXEIRA, M. A." ORDEM-DE-AUTORIA="1" NRO-ID-CNPQ="4754423242499142"/><AUTORES NOME-COMPLETO-DO-AUTOR="Gerson Zaverucha" NOME-PARA-CITACAO="Zaverucha, G." ORDEM-DE-AUTORIA="2" NRO-ID-CNPQ="5117568495536090"/><AREAS-DO-CONHECIMENTO><AREA-DO-CONHECIMENTO-1 NOME-GRANDE-AREA-DO-CONHECIMENTO="CIENCIAS_EXATAS_E_DA_TERRA" NOME-DA-AREA-DO-CONHECIMENTO="" NOME-DA-SUB-AREA-DO-CONHECIMENTO="" NOME-DA-ESPECIALIDADE=""/></AREAS-DO-CONHECIMENTO></TEXTO-EM-JORNAL-OU-REVISTA></TEXTOS-EM-JORNAIS-OU-REVISTAS></PRODUCAO-BIBLIOGRAFICA><PRODUCAO-TECNICA><DEMAIS-TIPOS-DE-PRODUCAO-TECNICA><APRESENTACAO-DE-TRABALHO SEQUENCIA-PRODUCAO="16"><DADOS-BASICOS-DA-APRESENTACAO-DE-TRABALHO NATUREZA="CONFERENCIA" TITULO="Raciocínio Baseado em Casos para Tratamento das Estratégias e Táticas do Go" ANO="2014" PAIS="Brasil" IDIOMA="Português" FLAG-RELEVANCIA="NAO" DOI="" TITULO-INGLES="" FLAG-DIVULGACAO-CIENTIFICA="NAO"/><DETALHAMENTO-DA-APRESENTACAO-DE-TRABALHO NOME-DO-EVENTO="XI Semana de Pesquisa e Extensão UNISUAM" INSTITUICAO-PROMOTORA="UNISUAM" LOCAL-DA-APRESENTACAO="Av. Paris, 72 Bonsucesso" CIDADE-DA-APRESENTACAO="Rio de Janeiro" NOME-DO-EVENTO-INGLES=""/><AUTORES NOME-COMPLETO-DO-AUTOR="Marcelo Andrade Teixeira" NOME-PARA-CITACAO="TEIXEIRA, M. A." ORDEM-DE-AUTORIA="1" NRO-ID-CNPQ="4754423242499142"/></APRESENTACAO-DE-TRABALHO><APRESENTACAO-DE-TRABALHO SEQUENCIA-PRODUCAO="15"><DADOS-BASICOS-DA-APRESENTACAO-DE-TRABALHO NATUREZA="CONFERENCIA" TITULO="Sistemas Inteligentes para Tratamento das Estratégias e Táticas do Go" ANO="2013" PAIS="Brasil" IDIOMA="Português" FLAG-RELEVANCIA="NAO" DOI="" TITULO-INGLES="" FLAG-DIVULGACAO-CIENTIFICA="NAO"/><DETALHAMENTO-DA-APRESENTACAO-DE-TRABALHO NOME-DO-EVENTO="10ª Semana de Pesquisa, Extensão e Pós-Graduação UNISUAM" INSTITUICAO-PROMOTORA="UNISUAM" LOCAL-DA-APRESENTACAO="Av. Paris, 72 Bonsucesso" CIDADE-DA-APRESENTACAO="Rio de Janeiro" NOME-DO-EVENTO-INGLES=""/><AUTORES NOME-COMPLETO-DO-AUTOR="Marcelo Andrade Teixeira" NOME-PARA-CITACAO="TEIXEIRA, M. A." ORDEM-DE-AUTORIA="1" NRO-ID-CNPQ="4754423242499142"/></APRESENTACAO-DE-TRABALHO><CURSO-DE-CURTA-DURACAO-MINISTRADO SEQUENCIA-PRODUCAO="14"><DADOS-BASICOS-DE-CURSOS-CURTA-DURACAO-MINISTRADO NIVEL-DO-CURSO="OUTRA" TITULO="Prolog para Aplicações de Inteligência Artificial" ANO="2007" PAIS="Brasil" IDIOMA="Português" MEIO-DE-DIVULGACAO="MEIO_DIGITAL" HOME-PAGE-DO-TRABALHO="" FLAG-RELEVANCIA="NAO" DOI="" TITULO-INGLES="" FLAG-DIVULGACAO-CIENTIFICA="NAO"/><DETALHAMENTO-DE-CURSOS-CURTA-DURACAO-MINISTRADO PARTICIPACAO-DOS-AUTORES="DOCENTE" INSTITUICAO-PROMOTORA-DO-CURSO="UNISUAM" LOCAL-DO-CURSO="Bonsucesso" CIDADE="Rio de Janeiro" DURACAO="2" UNIDADE="horas" UNIDADE-INGLES=""/><AUTORES NOME-COMPLETO-DO-AUTOR="Marcelo Andrade Teixeira" NOME-PARA-CITACAO="TEIXEIRA, M. A." ORDEM-DE-AUTORIA="1" NRO-ID-CNPQ="4754423242499142"/></CURSO-DE-CURTA-DURACAO-MINISTRADO></DEMAIS-TIPOS-DE-PRODUCAO-TECNICA></PRODUCAO-TECNICA><DADOS-COMPLEMENTARES><INFORMACOES-ADICIONAIS-INSTITUICOES><INFORMACAO-ADICIONAL-INSTITUICAO CODIGO-INSTITUICAO="000500000000" SIGLA-INSTITUICAO="UFF" SIGLA-UF-INSTITUICAO="RJ" SIGLA-PAIS-INSTITUICAO="BRA" NOME-PAIS-INSTITUICAO="Brasil" FLAG-AGENCIA-FOMENTO="NAO" FLAG-INSTITUICAO-DE-ENSINO="SIM"/><INFORMACAO-ADICIONAL-INSTITUICAO CODIGO-INSTITUICAO="020200000009" SIGLA-INSTITUICAO="UFRJ" SIGLA-UF-INSTITUICAO="RJ" SIGLA-PAIS-INSTITUICAO="BRA" NOME-PAIS-INSTITUICAO="Brasil" FLAG-AGENCIA-FOMENTO="NAO" FLAG-INSTITUICAO-DE-ENSINO="SIM"/><INFORMACAO-ADICIONAL-INSTITUICAO CODIGO-INSTITUICAO="045000000000" SIGLA-INSTITUICAO="CAPES" SIGLA-UF-INSTITUICAO="DF" SIGLA-PAIS-INSTITUICAO="BRA" NOME-PAIS-INSTITUICAO="Brasil" FLAG-AGENCIA-FOMENTO="SIM" FLAG-INSTITUICAO-DE-ENSINO="SIM"/><INFORMACAO-ADICIONAL-INSTITUICAO CODIGO-INSTITUICAO="201900000008" SIGLA-INSTITUICAO="UNISUAM" SIGLA-UF-INSTITUICAO="RJ" SIGLA-PAIS-INSTITUICAO="BRA" NOME-PAIS-INSTITUICAO="Brasil" FLAG-AGENCIA-FOMENTO="NAO" FLAG-INSTITUICAO-DE-ENSINO="SIM"/></INFORMACOES-ADICIONAIS-INSTITUICOES><INFORMACOES-ADICIONAIS-CURSOS><INFORMACAO-ADICIONAL-CURSO CODIGO-CURSO="31000045" CODIGO-ORGAO="" NOME-ORGAO="" CODIGO-INSTITUICAO="020200000009" NOME-INSTITUICAO="Universidade Federal do Rio de Janeiro" NOME-GRANDE-AREA-DO-CONHECIMENTO="CIENCIAS_EXATAS_E_DA_TERRA" NOME-DA-AREA-DO-CONHECIMENTO="Ciência da Computação" NOME-DA-SUB-AREA-DO-CONHECIMENTO="" NOME-DA-ESPECIALIDADE="" NIVEL-CURSO="MESTRADO_DOUTORADO"/><INFORMACAO-ADICIONAL-CURSO CODIGO-CURSO="31000045" CODIGO-ORGAO="" NOME-ORGAO="" CODIGO-INSTITUICAO="020200000009" NOME-INSTITUICAO="Universidade Federal do Rio de Janeiro" NOME-GRANDE-AREA-DO-CONHECIMENTO="CIENCIAS_EXATAS_E_DA_TERRA" NOME-DA-AREA-DO-CONHECIMENTO="Ciência da Computação" NOME-DA-SUB-AREA-DO-CONHECIMENTO="" NOME-DA-ESPECIALIDADE="" NIVEL-CURSO="MESTRADO_DOUTORADO"/><INFORMACAO-ADICIONAL-CURSO CODIGO-CURSO="90000000" CODIGO-ORGAO="" NOME-ORGAO="" CODIGO-INSTITUICAO="000500000000" NOME-INSTITUICAO="Universidade Federal Fluminense" NOME-GRANDE-AREA-DO-CONHECIMENTO="CIENCIAS_EXATAS_E_DA_TERRA" NOME-DA-AREA-DO-CONHECIMENTO="Ciência da Computação" NOME-DA-SUB-AREA-DO-CONHECIMENTO="" NOME-DA-ESPECIALIDADE="" NIVEL-CURSO="GRADUACAO"/><INFORMACAO-ADICIONAL-CURSO CODIGO-CURSO="90000001" CODIGO-ORGAO="" NOME-ORGAO="" CODIGO-INSTITUICAO="201900000008" NOME-INSTITUICAO="Centro Universitário Augusto Motta" NOME-GRANDE-AREA-DO-CONHECIMENTO="CIENCIAS_EXATAS_E_DA_TERRA" NOME-DA-AREA-DO-CONHECIMENTO="Ciência da Computação" NOME-DA-SUB-AREA-DO-CONHECIMENTO="" NOME-DA-ESPECIALIDADE="" NIVEL-CURSO="GRADUACAO"/></INFORMACOES-ADICIONAIS-CURSOS></DADOS-COMPLEMENTARES><eventos/></CURRICULO-VITAE>