<CURRICULO-VITAE SISTEMA-ORIGEM-XML="LATTES_OFFLINE" NUMERO-IDENTIFICADOR="8950070027925947" FORMATO-DATA-ATUALIZACAO="DDMMAAAA" DATA-ATUALIZACAO="21022017" FORMATO-HORA-ATUALIZACAO="HHMMSS" HORA-ATUALIZACAO="143828"><DADOS-GERAIS NOME-COMPLETO="Miguel Angelo Montenegro da Franca" NOME-EM-CITACOES-BIBLIOGRAFICAS="Franca, Miguel A. M. da;Franca, M. A. M. da" NACIONALIDADE="B" PAIS-DE-NASCIMENTO="Brasil" FORMATO-DATA-DE-NASCIMENTO="DDMMAAAA" FORMATO-DATA-DE-EMISSAO="DDMMAAAA" PERMISSAO-DE-DIVULGACAO="NAO" DATA-FALECIMENTO="" SIGLA-PAIS-NACIONALIDADE="BRA" PAIS-DE-NACIONALIDADE="Brasil"><RESUMO-CV TEXTO-RESUMO-CV-RH="Mestre em Administração de empresas pelo Instituto COPPEAD/UFRJ, com ênfase em Marketing (2002). Graduado em Ciências Navais, com habilitação na Área de Mecânica pela Escola Naval (1986). Possui especialização em Finanças Corporativas pelo Instituto de Administração e Gerência da PUC/RJ (1997) e Engenharia Econômica e Administração Industrial pela UFRJ (1990). Atuou no setor privado nas áreas de Marketing, Operações e Vendas, na elaboração de planos de negócios, no desenvolvimento de produtos e no controle orçamentário: Coca-Cola, SENAC, Apolo Tubos e Equipamentos. Tem trabalhado como docente em cursos de Administração e Marketing em diversas Instituições de Ensino, tanto em cursos presenciais como à distância: ESPM, UniverCidade, UGF, Universidade Estácio de Sá, Universidade Veiga de Almeida (UVA). Atualmente, além de professor, desempenha as funções de Analista de Planejamento no IBGE." TEXTO-RESUMO-CV-RH-EN="bachelor's at Ciências Navais com habilitação em mecânica from Escola Naval (1986) and master's at Administration from Universidade Federal do Rio de Janeiro (2002). Has experience in Administration, focusing on Administration"/><ENDERECO FLAG-DE-PREFERENCIA="ENDERECO_RESIDENCIAL"><ENDERECO-PROFISSIONAL CODIGO-INSTITUICAO-EMPRESA="" NOME-INSTITUICAO-EMPRESA="" CODIGO-ORGAO="" NOME-ORGAO="" CODIGO-UNIDADE="" NOME-UNIDADE="" LOGRADOURO-COMPLEMENTO="" PAIS="" UF="" CEP="" CIDADE="" BAIRRO="" DDD="" TELEFONE="" RAMAL="" FAX="" E-MAIL="migmonte@oi.com.br" HOME-PAGE=""/></ENDERECO><FORMACAO-ACADEMICA-TITULACAO><GRADUACAO SEQUENCIA-FORMACAO="2" NIVEL="1" TITULO-DO-TRABALHO-DE-CONCLUSAO-DE-CURSO="" NOME-DO-ORIENTADOR="" CODIGO-INSTITUICAO="000100000991" NOME-INSTITUICAO="Escola Naval" CODIGO-ORGAO="" NOME-ORGAO="" CODIGO-CURSO="90000002" NOME-CURSO="Ciências Navais com habilitação em mecânica" CODIGO-AREA-CURSO="90000002" STATUS-DO-CURSO="CONCLUIDO" ANO-DE-INICIO="1982" ANO-DE-CONCLUSAO="1986" FLAG-BOLSA="NAO" CODIGO-AGENCIA-FINANCIADORA="" NOME-AGENCIA="" NUMERO-ID-ORIENTADOR="" CODIGO-CURSO-CAPES="" TITULO-DO-TRABALHO-DE-CONCLUSAO-DE-CURSO-INGLES="" NOME-CURSO-INGLES="" FORMACAO-ACADEMICA-TITULACAO="" TIPO-GRADUACAO="N" CODIGO-INSTITUICAO-GRAD="" NOME-INSTITUICAO-GRAD="" CODIGO-INSTITUICAO-OUTRA-GRAD="" NOME-INSTITUICAO-OUTRA-GRAD="" NOME-ORIENTADOR-GRAD=""/><MESTRADO SEQUENCIA-FORMACAO="1" NIVEL="3" CODIGO-INSTITUICAO="020200000009" NOME-INSTITUICAO="Universidade Federal do Rio de Janeiro" CODIGO-ORGAO="" NOME-ORGAO="" CODIGO-CURSO="31000622" NOME-CURSO="Administração" CODIGO-AREA-CURSO="60200006" STATUS-DO-CURSO="CONCLUIDO" ANO-DE-INICIO="1998" ANO-DE-CONCLUSAO="2002" FLAG-BOLSA="SIM" CODIGO-AGENCIA-FINANCIADORA="045000000000" NOME-AGENCIA="Coordenação de Aperfeiçoamento de Pessoal de Nível Superior" ANO-DE-OBTENCAO-DO-TITULO="2002" TITULO-DA-DISSERTACAO-TESE="Marketing Interno em Hotéis: um estudo exploratório" NOME-COMPLETO-DO-ORIENTADOR="Frederico Antonio Azevedo de Carvalho" TIPO-MESTRADO="N" NUMERO-ID-ORIENTADOR="6766632095703989" CODIGO-CURSO-CAPES="31001017062P3" TITULO-DA-DISSERTACAO-TESE-INGLES="" NOME-CURSO-INGLES="Administration" NOME-DO-CO-ORIENTADOR="" CODIGO-INSTITUICAO-DOUT="" NOME-INSTITUICAO-DOUT="" CODIGO-INSTITUICAO-OUTRA-DOUT="" NOME-INSTITUICAO-OUTRA-DOUT="" NOME-ORIENTADOR-DOUT=""><conceitoCapes/></MESTRADO><ENSINO-MEDIO-SEGUNDO-GRAU SEQUENCIA-FORMACAO="3" NIVEL="C" CODIGO-INSTITUICAO="J3YT00000009" NOME-INSTITUICAO="Colégio Naval" STATUS-DO-CURSO="CONCLUIDO" ANO-DE-INICIO="1979" ANO-DE-CONCLUSAO="1981"/></FORMACAO-ACADEMICA-TITULACAO><ATUACOES-PROFISSIONAIS><ATUACAO-PROFISSIONAL CODIGO-INSTITUICAO="985600042720" NOME-INSTITUICAO="Centro Universitário da Cidade" SEQUENCIA-ATIVIDADE="1" SEQUENCIA-IMPORTANCIA="3"><VINCULOS SEQUENCIA-HISTORICO="1" TIPO-DE-VINCULO="CELETISTA" ENQUADRAMENTO-FUNCIONAL="LIVRE" CARGA-HORARIA-SEMANAL="40" FLAG-DEDICACAO-EXCLUSIVA="NAO" MES-INICIO="03" ANO-INICIO="2001" MES-FIM="10" ANO-FIM="2013" OUTRAS-INFORMACOES="Disciplinas lecionadas: Introdução à administração, Introdução ao marketing, Administração de marketing, Gestão estratégica, Plano de negócios, Marketing de serviços, Marketing de varejo, Estágio supervisionado e Orientador de trabalho de conclusão de curso (TCC) dos cursos de Administração e Marketing.  Professor das disciplinas de Técnicas de construção de plano de negócios, Estratégia empresarial e Trabalho de conclusão de curso do curso de pós-graduação MBA Executivo em Gestão Empresarial." FLAG-VINCULO-EMPREGATICIO="NAO" OUTRO-VINCULO-INFORMADO="" OUTRO-ENQUADRAMENTO-FUNCIONAL-INFORMADO="Professor Assistente" OUTRO-ENQUADRAMENTO-FUNCIONAL-INFORMADO-INGLES="" OUTRAS-INFORMACOES-INGLES=""/><atividadesProfissionaisPlanificadas/></ATUACAO-PROFISSIONAL><ATUACAO-PROFISSIONAL CODIGO-INSTITUICAO="023200000003" NOME-INSTITUICAO="Fundação Instituto Brasileiro de Geografia e Estatística" SEQUENCIA-ATIVIDADE="2" SEQUENCIA-IMPORTANCIA="1"><VINCULOS SEQUENCIA-HISTORICO="1" TIPO-DE-VINCULO="LIVRE" ENQUADRAMENTO-FUNCIONAL="LIVRE" CARGA-HORARIA-SEMANAL="40" FLAG-DEDICACAO-EXCLUSIVA="NAO" MES-INICIO="05" ANO-INICIO="2005" MES-FIM="" ANO-FIM="" OUTRAS-INFORMACOES="Funções:  A partir de novembro de 2015: - Elaboração e acompanhamento de projetos de treinamento; - Desenvolvimento de recursos instrucionais das operações censitárias; - Gestão da equipe da Coordenação de Treinamento.  De maio de 2005 a novembro de 2015: - Planejamento e execução orçamentária da Diretoria de Informática." FLAG-VINCULO-EMPREGATICIO="SIM" OUTRO-VINCULO-INFORMADO="" OUTRO-ENQUADRAMENTO-FUNCIONAL-INFORMADO="Analista de Planejam., gestão e infraestrut" OUTRO-ENQUADRAMENTO-FUNCIONAL-INFORMADO-INGLES="" OUTRAS-INFORMACOES-INGLES=""/><atividadesProfissionaisPlanificadas/></ATUACAO-PROFISSIONAL><ATUACAO-PROFISSIONAL CODIGO-INSTITUICAO="J6AB00000003" NOME-INSTITUICAO="Apolo Tubos e Equipamentos" SEQUENCIA-ATIVIDADE="3" SEQUENCIA-IMPORTANCIA="5"><VINCULOS SEQUENCIA-HISTORICO="1" TIPO-DE-VINCULO="CELETISTA" ENQUADRAMENTO-FUNCIONAL="LIVRE" CARGA-HORARIA-SEMANAL="40" FLAG-DEDICACAO-EXCLUSIVA="NAO" MES-INICIO="05" ANO-INICIO="2003" MES-FIM="12" ANO-FIM="2003" OUTRAS-INFORMACOES="Funções: Responsável comercial pela região Norte e Nordeste." FLAG-VINCULO-EMPREGATICIO="NAO" OUTRO-VINCULO-INFORMADO="" OUTRO-ENQUADRAMENTO-FUNCIONAL-INFORMADO="Engenheiro de vendas" OUTRO-ENQUADRAMENTO-FUNCIONAL-INFORMADO-INGLES="" OUTRAS-INFORMACOES-INGLES=""/><atividadesProfissionaisPlanificadas/></ATUACAO-PROFISSIONAL><ATUACAO-PROFISSIONAL CODIGO-INSTITUICAO="JCHU00000000" NOME-INSTITUICAO="Serviço Nacional de Aprendizagem Comercial - RJ" SEQUENCIA-ATIVIDADE="4" SEQUENCIA-IMPORTANCIA="8"><VINCULOS SEQUENCIA-HISTORICO="1" TIPO-DE-VINCULO="CELETISTA" ENQUADRAMENTO-FUNCIONAL="LIVRE" CARGA-HORARIA-SEMANAL="40" FLAG-DEDICACAO-EXCLUSIVA="NAO" MES-INICIO="10" ANO-INICIO="1999" MES-FIM="10" ANO-FIM="2000" OUTRAS-INFORMACOES="Coordenador de desenvolvimento de produtos educacionais em Administração (Marketing e Vendas, Recursos Humanos e Finanças), voltados para o público técnico-operacional e gerencial." FLAG-VINCULO-EMPREGATICIO="NAO" OUTRO-VINCULO-INFORMADO="" OUTRO-ENQUADRAMENTO-FUNCIONAL-INFORMADO="Coordenador de Desenvolvimento Profissional" OUTRO-ENQUADRAMENTO-FUNCIONAL-INFORMADO-INGLES="" OUTRAS-INFORMACOES-INGLES=""/><atividadesProfissionaisPlanificadas/></ATUACAO-PROFISSIONAL><ATUACAO-PROFISSIONAL CODIGO-INSTITUICAO="000200000993" NOME-INSTITUICAO="Coca-Cola Ind. Ltda" SEQUENCIA-ATIVIDADE="5" SEQUENCIA-IMPORTANCIA="9"><VINCULOS SEQUENCIA-HISTORICO="1" TIPO-DE-VINCULO="CELETISTA" ENQUADRAMENTO-FUNCIONAL="LIVRE" CARGA-HORARIA-SEMANAL="40" FLAG-DEDICACAO-EXCLUSIVA="NAO" MES-INICIO="05" ANO-INICIO="1991" MES-FIM="02" ANO-FIM="1998" OUTRAS-INFORMACOES="Funções: Trainee de marketing, representante de operações e marketing, gerente regional de marketing." FLAG-VINCULO-EMPREGATICIO="NAO" OUTRO-VINCULO-INFORMADO="" OUTRO-ENQUADRAMENTO-FUNCIONAL-INFORMADO="Gerente de Marketing de Canais" OUTRO-ENQUADRAMENTO-FUNCIONAL-INFORMADO-INGLES="" OUTRAS-INFORMACOES-INGLES=""/><atividadesProfissionaisPlanificadas/></ATUACAO-PROFISSIONAL><ATUACAO-PROFISSIONAL CODIGO-INSTITUICAO="000300000995" NOME-INSTITUICAO="Marinha do Brasil" SEQUENCIA-ATIVIDADE="6" SEQUENCIA-IMPORTANCIA="10"><VINCULOS SEQUENCIA-HISTORICO="1" TIPO-DE-VINCULO="SERVIDOR_PUBLICO" ENQUADRAMENTO-FUNCIONAL="LIVRE" CARGA-HORARIA-SEMANAL="40" FLAG-DEDICACAO-EXCLUSIVA="SIM" MES-INICIO="01" ANO-INICIO="1987" MES-FIM="04" ANO-FIM="1991" OUTRAS-INFORMACOES="Funções: Desenvolvimento e supervisão de rotinas de manutenção e reparo de máquinas e motores em geral; Desenvolvimento técnico e profissional de praças da divisão." FLAG-VINCULO-EMPREGATICIO="NAO" OUTRO-VINCULO-INFORMADO="" OUTRO-ENQUADRAMENTO-FUNCIONAL-INFORMADO="Oficial do Corpo da Armada" OUTRO-ENQUADRAMENTO-FUNCIONAL-INFORMADO-INGLES="" OUTRAS-INFORMACOES-INGLES=""/><atividadesProfissionaisPlanificadas/></ATUACAO-PROFISSIONAL><ATUACAO-PROFISSIONAL CODIGO-INSTITUICAO="000400000997" NOME-INSTITUICAO="Escola Superior de Propaganda e Marketing - RJ" SEQUENCIA-ATIVIDADE="9" SEQUENCIA-IMPORTANCIA="4"><VINCULOS SEQUENCIA-HISTORICO="1" TIPO-DE-VINCULO="CELETISTA" ENQUADRAMENTO-FUNCIONAL="LIVRE" CARGA-HORARIA-SEMANAL="8" FLAG-DEDICACAO-EXCLUSIVA="NAO" MES-INICIO="03" ANO-INICIO="2005" MES-FIM="05" ANO-FIM="2005" OUTRAS-INFORMACOES="Professor das disciplinas Mercadologia II e Mercadologia III do Curso de Comunicação Social. Professor da disciplina Marketing de Serviços do Curso MBA Executivo. ." FLAG-VINCULO-EMPREGATICIO="NAO" OUTRO-VINCULO-INFORMADO="" OUTRO-ENQUADRAMENTO-FUNCIONAL-INFORMADO="Professor" OUTRO-ENQUADRAMENTO-FUNCIONAL-INFORMADO-INGLES="" OUTRAS-INFORMACOES-INGLES=""/><atividadesProfissionaisPlanificadas/></ATUACAO-PROFISSIONAL><ATUACAO-PROFISSIONAL CODIGO-INSTITUICAO="294800000006" NOME-INSTITUICAO="Universidade Estácio de Sá" SEQUENCIA-ATIVIDADE="11" SEQUENCIA-IMPORTANCIA="7"><VINCULOS SEQUENCIA-HISTORICO="1" TIPO-DE-VINCULO="CELETISTA" ENQUADRAMENTO-FUNCIONAL="LIVRE" CARGA-HORARIA-SEMANAL="4" FLAG-DEDICACAO-EXCLUSIVA="NAO" MES-INICIO="08" ANO-INICIO="2002" MES-FIM="04" ANO-FIM="2003" OUTRAS-INFORMACOES="Professor da disciplina Engenharia Econômica do Curso de Engenharia de Alimentos." FLAG-VINCULO-EMPREGATICIO="NAO" OUTRO-VINCULO-INFORMADO="" OUTRO-ENQUADRAMENTO-FUNCIONAL-INFORMADO="Professor Auxiliar" OUTRO-ENQUADRAMENTO-FUNCIONAL-INFORMADO-INGLES="" OUTRAS-INFORMACOES-INGLES=""/><atividadesProfissionaisPlanificadas/></ATUACAO-PROFISSIONAL><ATUACAO-PROFISSIONAL CODIGO-INSTITUICAO="081200000000" NOME-INSTITUICAO="Universidade Gama Filho" SEQUENCIA-ATIVIDADE="13" SEQUENCIA-IMPORTANCIA="6"><VINCULOS SEQUENCIA-HISTORICO="1" TIPO-DE-VINCULO="CELETISTA" ENQUADRAMENTO-FUNCIONAL="LIVRE" CARGA-HORARIA-SEMANAL="4" FLAG-DEDICACAO-EXCLUSIVA="NAO" MES-INICIO="02" ANO-INICIO="2003" MES-FIM="04" ANO-FIM="2005" OUTRAS-INFORMACOES="Professor da disciplina Fundamento de Gestão da Graduação em Administração." FLAG-VINCULO-EMPREGATICIO="NAO" OUTRO-VINCULO-INFORMADO="" OUTRO-ENQUADRAMENTO-FUNCIONAL-INFORMADO="Professor" OUTRO-ENQUADRAMENTO-FUNCIONAL-INFORMADO-INGLES="" OUTRAS-INFORMACOES-INGLES=""/><atividadesProfissionaisPlanificadas/></ATUACAO-PROFISSIONAL><ATUACAO-PROFISSIONAL CODIGO-INSTITUICAO="201900000008" NOME-INSTITUICAO="Centro Universitário Augusto Motta" SEQUENCIA-ATIVIDADE="14" SEQUENCIA-IMPORTANCIA="2"><VINCULOS SEQUENCIA-HISTORICO="1" TIPO-DE-VINCULO="LIVRE" ENQUADRAMENTO-FUNCIONAL="LIVRE" CARGA-HORARIA-SEMANAL="12" FLAG-DEDICACAO-EXCLUSIVA="NAO" MES-INICIO="02" ANO-INICIO="2015" MES-FIM="" ANO-FIM="" OUTRAS-INFORMACOES="Professor das disciplinas Fundamentos de Gestão, Planejamento Empresarial, Planejamento e Gestão Estratégica e Gestão de Processos e Projetos do Curso de Administração." FLAG-VINCULO-EMPREGATICIO="SIM" OUTRO-VINCULO-INFORMADO="" OUTRO-ENQUADRAMENTO-FUNCIONAL-INFORMADO="Professor auxiliar" OUTRO-ENQUADRAMENTO-FUNCIONAL-INFORMADO-INGLES="" OUTRAS-INFORMACOES-INGLES=""/><atividadesProfissionaisPlanificadas/></ATUACAO-PROFISSIONAL></ATUACOES-PROFISSIONAIS><AREAS-DE-ATUACAO><AREA-DE-ATUACAO SEQUENCIA-AREA-DE-ATUACAO="1" NOME-GRANDE-AREA-DO-CONHECIMENTO="CIENCIAS_SOCIAIS_APLICADAS" NOME-DA-AREA-DO-CONHECIMENTO="Administração" NOME-DA-SUB-AREA-DO-CONHECIMENTO="" NOME-DA-ESPECIALIDADE=""/><AREA-DE-ATUACAO SEQUENCIA-AREA-DE-ATUACAO="2" NOME-GRANDE-AREA-DO-CONHECIMENTO="CIENCIAS_SOCIAIS_APLICADAS" NOME-DA-AREA-DO-CONHECIMENTO="Administração" NOME-DA-SUB-AREA-DO-CONHECIMENTO="Administração de Empresas" NOME-DA-ESPECIALIDADE="Mercadologia"/></AREAS-DE-ATUACAO><IDIOMAS><IDIOMA IDIOMA="EN" DESCRICAO-DO-IDIOMA="Inglês" PROFICIENCIA-DE-LEITURA="BEM" PROFICIENCIA-DE-FALA="RAZOAVELMENTE" PROFICIENCIA-DE-ESCRITA="RAZOAVELMENTE" PROFICIENCIA-DE-COMPREENSAO="RAZOAVELMENTE"/><IDIOMA IDIOMA="ES" DESCRICAO-DO-IDIOMA="Espanhol" PROFICIENCIA-DE-LEITURA="RAZOAVELMENTE" PROFICIENCIA-DE-FALA="POUCO" PROFICIENCIA-DE-ESCRITA="POUCO" PROFICIENCIA-DE-COMPREENSAO="RAZOAVELMENTE"/></IDIOMAS><staValidado/><dataExibicao/><dadosBolsista/></DADOS-GERAIS><PRODUCAO-TECNICA><DEMAIS-TIPOS-DE-PRODUCAO-TECNICA><APRESENTACAO-DE-TRABALHO SEQUENCIA-PRODUCAO="11"><DADOS-BASICOS-DA-APRESENTACAO-DE-TRABALHO NATUREZA="CONGRESSO" TITULO="Empreendedorismo" ANO="2001" PAIS="Brasil" IDIOMA="Português" FLAG-RELEVANCIA="NAO" DOI="" TITULO-INGLES="" FLAG-DIVULGACAO-CIENTIFICA="NAO"/><DETALHAMENTO-DA-APRESENTACAO-DE-TRABALHO NOME-DO-EVENTO="II Semana de Engenharia de Alimentos" INSTITUICAO-PROMOTORA="Universidade Estácio de Sá" LOCAL-DA-APRESENTACAO="" CIDADE-DA-APRESENTACAO="Rio de Janeiro" NOME-DO-EVENTO-INGLES=""/><AUTORES NOME-COMPLETO-DO-AUTOR="Miguel Angelo Montenegro da Franca" NOME-PARA-CITACAO="Franca, M. A. M. da" ORDEM-DE-AUTORIA="1" NRO-ID-CNPQ=""/></APRESENTACAO-DE-TRABALHO><CURSO-DE-CURTA-DURACAO-MINISTRADO SEQUENCIA-PRODUCAO="1"><DADOS-BASICOS-DE-CURSOS-CURTA-DURACAO-MINISTRADO NIVEL-DO-CURSO="ESPECIALIZACAO" TITULO="Marketing - MBA Executivo em Marketing" ANO="2012" PAIS="Brasil" IDIOMA="Português" MEIO-DE-DIVULGACAO="NAO_INFORMADO" HOME-PAGE-DO-TRABALHO="" FLAG-RELEVANCIA="NAO" DOI="" TITULO-INGLES="" FLAG-DIVULGACAO-CIENTIFICA="NAO"/><DETALHAMENTO-DE-CURSOS-CURTA-DURACAO-MINISTRADO PARTICIPACAO-DOS-AUTORES="DOCENTE" INSTITUICAO-PROMOTORA-DO-CURSO="Galileo Business School (Instituto Valor de Ensino)" LOCAL-DO-CURSO="" CIDADE="" DURACAO="" UNIDADE="" UNIDADE-INGLES=""/><AUTORES NOME-COMPLETO-DO-AUTOR="Miguel Angelo Montenegro da Franca" NOME-PARA-CITACAO="Franca, M. A. M. da" ORDEM-DE-AUTORIA="1" NRO-ID-CNPQ=""/><INFORMACOES-ADICIONAIS DESCRICAO-INFORMACOES-ADICIONAIS="Material didático elaborado em conjunto com a Doutora Solange Riva Mezabarba. Tutor da disciplina na modalidade à distância." DESCRICAO-INFORMACOES-ADICIONAIS-INGLES=""/></CURSO-DE-CURTA-DURACAO-MINISTRADO><CURSO-DE-CURTA-DURACAO-MINISTRADO SEQUENCIA-PRODUCAO="10"><DADOS-BASICOS-DE-CURSOS-CURTA-DURACAO-MINISTRADO NIVEL-DO-CURSO="ESPECIALIZACAO" TITULO="Gestão de Pessoas na Construção Naval e Offshore - Especilaização em Engrenharia Naval e Offshore" ANO="2011" PAIS="Brasil" IDIOMA="Português" MEIO-DE-DIVULGACAO="NAO_INFORMADO" HOME-PAGE-DO-TRABALHO="" FLAG-RELEVANCIA="NAO" DOI="" TITULO-INGLES="" FLAG-DIVULGACAO-CIENTIFICA="NAO"/><DETALHAMENTO-DE-CURSOS-CURTA-DURACAO-MINISTRADO PARTICIPACAO-DOS-AUTORES="DOCENTE" INSTITUICAO-PROMOTORA-DO-CURSO="Instituto SENAI de Educação Superior" LOCAL-DO-CURSO="" CIDADE="Rio de Janeiro" DURACAO="" UNIDADE="" UNIDADE-INGLES=""/><AUTORES NOME-COMPLETO-DO-AUTOR="Miguel Angelo Montenegro da Franca" NOME-PARA-CITACAO="Franca, M. A. M. da" ORDEM-DE-AUTORIA="1" NRO-ID-CNPQ=""/></CURSO-DE-CURTA-DURACAO-MINISTRADO><CURSO-DE-CURTA-DURACAO-MINISTRADO SEQUENCIA-PRODUCAO="2"><DADOS-BASICOS-DE-CURSOS-CURTA-DURACAO-MINISTRADO NIVEL-DO-CURSO="ESPECIALIZACAO" TITULO="Projeto Integrado - MBA Executivo" ANO="2013" PAIS="Brasil" IDIOMA="Português" MEIO-DE-DIVULGACAO="NAO_INFORMADO" HOME-PAGE-DO-TRABALHO="" FLAG-RELEVANCIA="NAO" DOI="" TITULO-INGLES="" FLAG-DIVULGACAO-CIENTIFICA="NAO"/><DETALHAMENTO-DE-CURSOS-CURTA-DURACAO-MINISTRADO PARTICIPACAO-DOS-AUTORES="DOCENTE" INSTITUICAO-PROMOTORA-DO-CURSO="Galileo Business School (Instituto Valor de Ensino)" LOCAL-DO-CURSO="" CIDADE="" DURACAO="" UNIDADE="" UNIDADE-INGLES=""/><AUTORES NOME-COMPLETO-DO-AUTOR="Miguel Angelo Montenegro da Franca" NOME-PARA-CITACAO="Franca, M. A. M. da" ORDEM-DE-AUTORIA="1" NRO-ID-CNPQ=""/><INFORMACOES-ADICIONAIS DESCRICAO-INFORMACOES-ADICIONAIS="Responsável pela tutoria da disciplina na modalidade à distância e elaboração do material didático." DESCRICAO-INFORMACOES-ADICIONAIS-INGLES=""/></CURSO-DE-CURTA-DURACAO-MINISTRADO><CURSO-DE-CURTA-DURACAO-MINISTRADO SEQUENCIA-PRODUCAO="22"><DADOS-BASICOS-DE-CURSOS-CURTA-DURACAO-MINISTRADO NIVEL-DO-CURSO="ESPECIALIZACAO" TITULO="Planejamento e Gestão Estratégica de Marketing - MBA em Gestão Empresarial" ANO="2015" PAIS="Brasil" IDIOMA="Português" MEIO-DE-DIVULGACAO="NAO_INFORMADO" HOME-PAGE-DO-TRABALHO="" FLAG-RELEVANCIA="NAO" DOI="" TITULO-INGLES="" FLAG-DIVULGACAO-CIENTIFICA="NAO"/><DETALHAMENTO-DE-CURSOS-CURTA-DURACAO-MINISTRADO PARTICIPACAO-DOS-AUTORES="DOCENTE" INSTITUICAO-PROMOTORA-DO-CURSO="Universidade Veiga de Almeida" LOCAL-DO-CURSO="Campus Barra Marapendi" CIDADE="Rio de Janeiro" DURACAO="24" UNIDADE="horas" UNIDADE-INGLES=""/><AUTORES NOME-COMPLETO-DO-AUTOR="Miguel Angelo Montenegro da Franca" NOME-PARA-CITACAO="Franca, Miguel A. M. da" ORDEM-DE-AUTORIA="1" NRO-ID-CNPQ=""/><AREAS-DO-CONHECIMENTO><AREA-DO-CONHECIMENTO-1 NOME-GRANDE-AREA-DO-CONHECIMENTO="CIENCIAS_SOCIAIS_APLICADAS" NOME-DA-AREA-DO-CONHECIMENTO="" NOME-DA-SUB-AREA-DO-CONHECIMENTO="Planejamento Estratégico de Marketing" NOME-DA-ESPECIALIDADE=""/></AREAS-DO-CONHECIMENTO><SETORES-DE-ATIVIDADE SETOR-DE-ATIVIDADE-1="Educação" SETOR-DE-ATIVIDADE-2="" SETOR-DE-ATIVIDADE-3=""/><INFORMACOES-ADICIONAIS DESCRICAO-INFORMACOES-ADICIONAIS="Fevereiro de 2015" DESCRICAO-INFORMACOES-ADICIONAIS-INGLES=""/></CURSO-DE-CURTA-DURACAO-MINISTRADO><CURSO-DE-CURTA-DURACAO-MINISTRADO SEQUENCIA-PRODUCAO="23"><DADOS-BASICOS-DE-CURSOS-CURTA-DURACAO-MINISTRADO NIVEL-DO-CURSO="ESPECIALIZACAO" TITULO="Planejamento e Gestão Estratégica de Marketing - MBA em Gestão Empresarial" ANO="2015" PAIS="Brasil" IDIOMA="Português" MEIO-DE-DIVULGACAO="NAO_INFORMADO" HOME-PAGE-DO-TRABALHO="" FLAG-RELEVANCIA="NAO" DOI="" TITULO-INGLES="" FLAG-DIVULGACAO-CIENTIFICA="NAO"/><DETALHAMENTO-DE-CURSOS-CURTA-DURACAO-MINISTRADO PARTICIPACAO-DOS-AUTORES="DOCENTE" INSTITUICAO-PROMOTORA-DO-CURSO="Universidade Veiga de Almeida" LOCAL-DO-CURSO="Barra - Downtown" CIDADE="Rio de Janeiro" DURACAO="24" UNIDADE="horas" UNIDADE-INGLES=""/><AUTORES NOME-COMPLETO-DO-AUTOR="Miguel Angelo Montenegro da Franca" NOME-PARA-CITACAO="Franca, Miguel A. M. da" ORDEM-DE-AUTORIA="1" NRO-ID-CNPQ=""/><AREAS-DO-CONHECIMENTO><AREA-DO-CONHECIMENTO-1 NOME-GRANDE-AREA-DO-CONHECIMENTO="CIENCIAS_SOCIAIS_APLICADAS" NOME-DA-AREA-DO-CONHECIMENTO="" NOME-DA-SUB-AREA-DO-CONHECIMENTO="Planejamento Estratégico de Marketing" NOME-DA-ESPECIALIDADE=""/></AREAS-DO-CONHECIMENTO><INFORMACOES-ADICIONAIS DESCRICAO-INFORMACOES-ADICIONAIS="Dezembro de 2015" DESCRICAO-INFORMACOES-ADICIONAIS-INGLES=""/></CURSO-DE-CURTA-DURACAO-MINISTRADO><CURSO-DE-CURTA-DURACAO-MINISTRADO SEQUENCIA-PRODUCAO="3"><DADOS-BASICOS-DE-CURSOS-CURTA-DURACAO-MINISTRADO NIVEL-DO-CURSO="ESPECIALIZACAO" TITULO="Projeto Integrado - Especialização em Educação" ANO="2013" PAIS="Brasil" IDIOMA="Português" MEIO-DE-DIVULGACAO="NAO_INFORMADO" HOME-PAGE-DO-TRABALHO="" FLAG-RELEVANCIA="NAO" DOI="" TITULO-INGLES="" FLAG-DIVULGACAO-CIENTIFICA="NAO"/><DETALHAMENTO-DE-CURSOS-CURTA-DURACAO-MINISTRADO PARTICIPACAO-DOS-AUTORES="DOCENTE" INSTITUICAO-PROMOTORA-DO-CURSO="Galileo Business School (Instituto Valor de Ensino)" LOCAL-DO-CURSO="" CIDADE="" DURACAO="" UNIDADE="" UNIDADE-INGLES=""/><AUTORES NOME-COMPLETO-DO-AUTOR="Miguel Angelo Montenegro da Franca" NOME-PARA-CITACAO="Franca, M. A. M. da" ORDEM-DE-AUTORIA="1" NRO-ID-CNPQ=""/><INFORMACOES-ADICIONAIS DESCRICAO-INFORMACOES-ADICIONAIS="Responsável pela tutoria da disciplina na modalidade à distância e elaboração do material didático." DESCRICAO-INFORMACOES-ADICIONAIS-INGLES=""/></CURSO-DE-CURTA-DURACAO-MINISTRADO><CURSO-DE-CURTA-DURACAO-MINISTRADO SEQUENCIA-PRODUCAO="4"><DADOS-BASICOS-DE-CURSOS-CURTA-DURACAO-MINISTRADO NIVEL-DO-CURSO="ESPECIALIZACAO" TITULO="Projeto Integrado - Especialização em Ciências Ambientais" ANO="2013" PAIS="Brasil" IDIOMA="Português" MEIO-DE-DIVULGACAO="NAO_INFORMADO" HOME-PAGE-DO-TRABALHO="" FLAG-RELEVANCIA="NAO" DOI="" TITULO-INGLES="" FLAG-DIVULGACAO-CIENTIFICA="NAO"/><DETALHAMENTO-DE-CURSOS-CURTA-DURACAO-MINISTRADO PARTICIPACAO-DOS-AUTORES="DOCENTE" INSTITUICAO-PROMOTORA-DO-CURSO="Galileo Business School (Instituto Valor de Ensino)" LOCAL-DO-CURSO="" CIDADE="" DURACAO="" UNIDADE="" UNIDADE-INGLES=""/><AUTORES NOME-COMPLETO-DO-AUTOR="Miguel Angelo Montenegro da Franca" NOME-PARA-CITACAO="Franca, M. A. M. da" ORDEM-DE-AUTORIA="1" NRO-ID-CNPQ=""/><INFORMACOES-ADICIONAIS DESCRICAO-INFORMACOES-ADICIONAIS="Responsável pela tutoria da disciplina na modalidade à distância e elaboração do material didático." DESCRICAO-INFORMACOES-ADICIONAIS-INGLES=""/></CURSO-DE-CURTA-DURACAO-MINISTRADO><CURSO-DE-CURTA-DURACAO-MINISTRADO SEQUENCIA-PRODUCAO="6"><DADOS-BASICOS-DE-CURSOS-CURTA-DURACAO-MINISTRADO NIVEL-DO-CURSO="ESPECIALIZACAO" TITULO="Planejamento e Gestão Estratégica de Marketing - MBA em Gestão Empresarial" ANO="2014" PAIS="Brasil" IDIOMA="Português" MEIO-DE-DIVULGACAO="NAO_INFORMADO" HOME-PAGE-DO-TRABALHO="" FLAG-RELEVANCIA="NAO" DOI="" TITULO-INGLES="" FLAG-DIVULGACAO-CIENTIFICA="NAO"/><DETALHAMENTO-DE-CURSOS-CURTA-DURACAO-MINISTRADO PARTICIPACAO-DOS-AUTORES="DOCENTE" INSTITUICAO-PROMOTORA-DO-CURSO="Universidade Veiga de Almeida" LOCAL-DO-CURSO="" CIDADE="Rio de Janeiro" DURACAO="" UNIDADE="" UNIDADE-INGLES=""/><AUTORES NOME-COMPLETO-DO-AUTOR="Miguel Angelo Montenegro da Franca" NOME-PARA-CITACAO="Franca, M. A. M. da" ORDEM-DE-AUTORIA="1" NRO-ID-CNPQ=""/></CURSO-DE-CURTA-DURACAO-MINISTRADO><CURSO-DE-CURTA-DURACAO-MINISTRADO SEQUENCIA-PRODUCAO="7"><DADOS-BASICOS-DE-CURSOS-CURTA-DURACAO-MINISTRADO NIVEL-DO-CURSO="ESPECIALIZACAO" TITULO="Elaboração do Plano de Marketing - MBA em Gestão Empresarial" ANO="2014" PAIS="Brasil" IDIOMA="Português" MEIO-DE-DIVULGACAO="NAO_INFORMADO" HOME-PAGE-DO-TRABALHO="" FLAG-RELEVANCIA="NAO" DOI="" TITULO-INGLES="" FLAG-DIVULGACAO-CIENTIFICA="NAO"/><DETALHAMENTO-DE-CURSOS-CURTA-DURACAO-MINISTRADO PARTICIPACAO-DOS-AUTORES="DOCENTE" INSTITUICAO-PROMOTORA-DO-CURSO="" LOCAL-DO-CURSO="" CIDADE="Rio de Janeiro" DURACAO="" UNIDADE="" UNIDADE-INGLES=""/><AUTORES NOME-COMPLETO-DO-AUTOR="Miguel Angelo Montenegro da Franca" NOME-PARA-CITACAO="Franca, M. A. M. da" ORDEM-DE-AUTORIA="1" NRO-ID-CNPQ=""/></CURSO-DE-CURTA-DURACAO-MINISTRADO><CURSO-DE-CURTA-DURACAO-MINISTRADO SEQUENCIA-PRODUCAO="8"><DADOS-BASICOS-DE-CURSOS-CURTA-DURACAO-MINISTRADO NIVEL-DO-CURSO="ESPECIALIZACAO" TITULO="Gerenciamento da Integração e do Escopo do Projeto - MBA em Gerenciamento de Projetos" ANO="2012" PAIS="Brasil" IDIOMA="Português" MEIO-DE-DIVULGACAO="NAO_INFORMADO" HOME-PAGE-DO-TRABALHO="" FLAG-RELEVANCIA="NAO" DOI="" TITULO-INGLES="" FLAG-DIVULGACAO-CIENTIFICA="NAO"/><DETALHAMENTO-DE-CURSOS-CURTA-DURACAO-MINISTRADO PARTICIPACAO-DOS-AUTORES="DOCENTE" INSTITUICAO-PROMOTORA-DO-CURSO="Universidade Cândido Mendes" LOCAL-DO-CURSO="" CIDADE="Florianópolis" DURACAO="" UNIDADE="" UNIDADE-INGLES=""/><AUTORES NOME-COMPLETO-DO-AUTOR="Miguel Angelo Montenegro da Franca" NOME-PARA-CITACAO="Franca, M. A. M. da" ORDEM-DE-AUTORIA="1" NRO-ID-CNPQ=""/><INFORMACOES-ADICIONAIS DESCRICAO-INFORMACOES-ADICIONAIS="Responsável pela elaboração do material didático." DESCRICAO-INFORMACOES-ADICIONAIS-INGLES=""/></CURSO-DE-CURTA-DURACAO-MINISTRADO><CURSO-DE-CURTA-DURACAO-MINISTRADO SEQUENCIA-PRODUCAO="9"><DADOS-BASICOS-DE-CURSOS-CURTA-DURACAO-MINISTRADO NIVEL-DO-CURSO="ESPECIALIZACAO" TITULO="Projeto Integrado (TCC) - MBA em Gerenciamento de Projetos" ANO="2013" PAIS="Brasil" IDIOMA="Português" MEIO-DE-DIVULGACAO="NAO_INFORMADO" HOME-PAGE-DO-TRABALHO="" FLAG-RELEVANCIA="NAO" DOI="" TITULO-INGLES="" FLAG-DIVULGACAO-CIENTIFICA="NAO"/><DETALHAMENTO-DE-CURSOS-CURTA-DURACAO-MINISTRADO PARTICIPACAO-DOS-AUTORES="DOCENTE" INSTITUICAO-PROMOTORA-DO-CURSO="Universidade Cândido Mendes" LOCAL-DO-CURSO="" CIDADE="Florianópolis" DURACAO="" UNIDADE="" UNIDADE-INGLES=""/><AUTORES NOME-COMPLETO-DO-AUTOR="Miguel Angelo Montenegro da Franca" NOME-PARA-CITACAO="Franca, M. A. M. da" ORDEM-DE-AUTORIA="1" NRO-ID-CNPQ=""/></CURSO-DE-CURTA-DURACAO-MINISTRADO><CURSO-DE-CURTA-DURACAO-MINISTRADO SEQUENCIA-PRODUCAO="5"><DADOS-BASICOS-DE-CURSOS-CURTA-DURACAO-MINISTRADO NIVEL-DO-CURSO="ESPECIALIZACAO" TITULO="Projeto Integrado - Especialização em Engenharia de Segurança do Trabalho" ANO="2013" PAIS="Brasil" IDIOMA="Português" MEIO-DE-DIVULGACAO="NAO_INFORMADO" HOME-PAGE-DO-TRABALHO="" FLAG-RELEVANCIA="NAO" DOI="" TITULO-INGLES="" FLAG-DIVULGACAO-CIENTIFICA="NAO"/><DETALHAMENTO-DE-CURSOS-CURTA-DURACAO-MINISTRADO PARTICIPACAO-DOS-AUTORES="DOCENTE" INSTITUICAO-PROMOTORA-DO-CURSO="Galileo Business School (Instituto Valor de Ensino)" LOCAL-DO-CURSO="" CIDADE="" DURACAO="" UNIDADE="" UNIDADE-INGLES=""/><AUTORES NOME-COMPLETO-DO-AUTOR="Miguel Angelo Montenegro da Franca" NOME-PARA-CITACAO="Franca, M. A. M. da" ORDEM-DE-AUTORIA="1" NRO-ID-CNPQ=""/><INFORMACOES-ADICIONAIS DESCRICAO-INFORMACOES-ADICIONAIS="Responsável pela tutoria da disciplina na modalidade à distância e elaboração do material didático." DESCRICAO-INFORMACOES-ADICIONAIS-INGLES=""/></CURSO-DE-CURTA-DURACAO-MINISTRADO><DESENVOLVIMENTO-DE-MATERIAL-DIDATICO-OU-INSTRUCIONAL SEQUENCIA-PRODUCAO="19"><DADOS-BASICOS-DO-MATERIAL-DIDATICO-OU-INSTRUCIONAL NATUREZA="Material didático - curso à distância" TITULO="Marketing - MBA Executivo em Marketing" ANO="2012" PAIS="Brasil" IDIOMA="Português" MEIO-DE-DIVULGACAO="NAO_INFORMADO" HOME-PAGE-DO-TRABALHO="" FLAG-RELEVANCIA="SIM" DOI="" TITULO-INGLES="" NATUREZA-INGLES="" FLAG-DIVULGACAO-CIENTIFICA="NAO"/><DETALHAMENTO-DO-MATERIAL-DIDATICO-OU-INSTRUCIONAL FINALIDADE="" FINALIDADE-INGLES=""/><AUTORES NOME-COMPLETO-DO-AUTOR="Miguel Angelo Montenegro da Franca" NOME-PARA-CITACAO="Franca, M. A. M. da" ORDEM-DE-AUTORIA="1" NRO-ID-CNPQ=""/></DESENVOLVIMENTO-DE-MATERIAL-DIDATICO-OU-INSTRUCIONAL><DESENVOLVIMENTO-DE-MATERIAL-DIDATICO-OU-INSTRUCIONAL SEQUENCIA-PRODUCAO="20"><DADOS-BASICOS-DO-MATERIAL-DIDATICO-OU-INSTRUCIONAL NATUREZA="Material didático - curso à distância" TITULO="Projeto Integrado - MBA Executivo" ANO="2013" PAIS="Brasil" IDIOMA="Português" MEIO-DE-DIVULGACAO="NAO_INFORMADO" HOME-PAGE-DO-TRABALHO="" FLAG-RELEVANCIA="SIM" DOI="" TITULO-INGLES="" NATUREZA-INGLES="" FLAG-DIVULGACAO-CIENTIFICA="NAO"/><DETALHAMENTO-DO-MATERIAL-DIDATICO-OU-INSTRUCIONAL FINALIDADE="" FINALIDADE-INGLES=""/><AUTORES NOME-COMPLETO-DO-AUTOR="Miguel Angelo Montenegro da Franca" NOME-PARA-CITACAO="Franca, M. A. M. da" ORDEM-DE-AUTORIA="1" NRO-ID-CNPQ=""/></DESENVOLVIMENTO-DE-MATERIAL-DIDATICO-OU-INSTRUCIONAL><DESENVOLVIMENTO-DE-MATERIAL-DIDATICO-OU-INSTRUCIONAL SEQUENCIA-PRODUCAO="21"><DADOS-BASICOS-DO-MATERIAL-DIDATICO-OU-INSTRUCIONAL NATUREZA="Material didático" TITULO="Gerenciamento da Integração e do Escopo do Projeto - MBA em Gerenciamento de Projetos" ANO="2012" PAIS="Brasil" IDIOMA="Português" MEIO-DE-DIVULGACAO="NAO_INFORMADO" HOME-PAGE-DO-TRABALHO="" FLAG-RELEVANCIA="SIM" DOI="" TITULO-INGLES="" NATUREZA-INGLES="" FLAG-DIVULGACAO-CIENTIFICA="NAO"/><DETALHAMENTO-DO-MATERIAL-DIDATICO-OU-INSTRUCIONAL FINALIDADE="" FINALIDADE-INGLES=""/><AUTORES NOME-COMPLETO-DO-AUTOR="Miguel Angelo Montenegro da Franca" NOME-PARA-CITACAO="Franca, M. A. M. da" ORDEM-DE-AUTORIA="1" NRO-ID-CNPQ=""/></DESENVOLVIMENTO-DE-MATERIAL-DIDATICO-OU-INSTRUCIONAL></DEMAIS-TIPOS-DE-PRODUCAO-TECNICA></PRODUCAO-TECNICA><DADOS-COMPLEMENTARES><FORMACAO-COMPLEMENTAR><FORMACAO-COMPLEMENTAR-DE-EXTENSAO-UNIVERSITARIA SEQUENCIA-FORMACAO="4" NIVEL="8" CARGA-HORARIA="540" CODIGO-INSTITUICAO="020200000009" NOME-INSTITUICAO="Universidade Federal do Rio de Janeiro" CODIGO-ORGAO="" NOME-ORGAO="" CODIGO-CURSO="90000005" NOME-CURSO="Engenharia Econômica e Administração Industrial" STATUS-DO-CURSO="CONCLUIDO" ANO-DE-INICIO="1990" ANO-DE-CONCLUSAO="1990" NOME-CURSO-INGLES=""/><FORMACAO-COMPLEMENTAR-DE-EXTENSAO-UNIVERSITARIA SEQUENCIA-FORMACAO="5" NIVEL="8" CARGA-HORARIA="360" CODIGO-INSTITUICAO="011100000008" NOME-INSTITUICAO="Pontifícia Universidade Católica do Rio de Janeiro" CODIGO-ORGAO="" NOME-ORGAO="" CODIGO-CURSO="90000004" NOME-CURSO="Pós-graduação Lato Sensu em Finanças Corporativas" STATUS-DO-CURSO="CONCLUIDO" ANO-DE-INICIO="1997" ANO-DE-CONCLUSAO="1997" NOME-CURSO-INGLES=""/><OUTROS SEQUENCIA-FORMACAO="6" NIVEL="Y" CARGA-HORARIA="240" CODIGO-INSTITUICAO="000700000992" NOME-INSTITUICAO="Escola Nacional de Ciências Estatísticas" CODIGO-ORGAO="" NOME-ORGAO="" CODIGO-CURSO="90000006" NOME-CURSO="Curso Desenvolvimento de Habilidades em Pesquisa" STATUS-DO-CURSO="CONCLUIDO" ANO-DE-INICIO="2006" ANO-DE-CONCLUSAO="2006" NOME-CURSO-INGLES=""/><formacoesComplementaresPlana/></FORMACAO-COMPLEMENTAR><PARTICIPACAO-EM-EVENTOS-CONGRESSOS><PARTICIPACAO-EM-CONGRESSO SEQUENCIA-PRODUCAO="13"><PARTICIPANTE-DE-EVENTOS-CONGRESSOS NOME-COMPLETO-DO-PARTICIPANTE-DE-EVENTOS-CONGRESSOS="Miguel Angelo Montenegro da Franca" NOME-PARA-CITACAO-DO-PARTICIPANTE-DE-EVENTOS-CONGRESSOS="Franca, Miguel A. M. da;Franca, M. A. M. da" ORDEM-PARTICIPANTE="1" NRO-ID-CNPQ="8950070027925947"/><DADOS-BASICOS-DA-PARTICIPACAO-EM-CONGRESSO NATUREZA="Congresso" TITULO="" ANO="1998" PAIS="Brasil" IDIOMA="" MEIO-DE-DIVULGACAO="NAO_INFORMADO" HOME-PAGE-DO-TRABALHO="" FLAG-RELEVANCIA="NAO" TIPO-PARTICIPACAO="" FORMA-PARTICIPACAO="Ouvinte" DOI="" TITULO-INGLES="" FLAG-DIVULGACAO-CIENTIFICA="NAO"/><DETALHAMENTO-DA-PARTICIPACAO-EM-CONGRESSO NOME-DO-EVENTO="VII Congresso de Administração" CODIGO-INSTITUICAO="" NOME-INSTITUICAO="" LOCAL-DO-EVENTO="" CIDADE-DO-EVENTO="Rio de Janeiro" NOME-DO-EVENTO-INGLES=""/></PARTICIPACAO-EM-CONGRESSO><PARTICIPACAO-EM-SEMINARIO SEQUENCIA-PRODUCAO="14"><PARTICIPANTE-DE-EVENTOS-CONGRESSOS NOME-COMPLETO-DO-PARTICIPANTE-DE-EVENTOS-CONGRESSOS="Miguel Angelo Montenegro da Franca" NOME-PARA-CITACAO-DO-PARTICIPANTE-DE-EVENTOS-CONGRESSOS="Franca, Miguel A. M. da;Franca, M. A. M. da" ORDEM-PARTICIPANTE="1" NRO-ID-CNPQ="8950070027925947"/><DADOS-BASICOS-DA-PARTICIPACAO-EM-SEMINARIO NATUREZA="Seminário" TITULO="" ANO="1997" PAIS="Brasil" IDIOMA="" MEIO-DE-DIVULGACAO="NAO_INFORMADO" HOME-PAGE-DO-TRABALHO="" FLAG-RELEVANCIA="NAO" TIPO-PARTICIPACAO="" FORMA-PARTICIPACAO="Ouvinte" DOI="" TITULO-INGLES="" FLAG-DIVULGACAO-CIENTIFICA="NAO"/><DETALHAMENTO-DA-PARTICIPACAO-EM-SEMINARIO NOME-DO-EVENTO="Seminário Gerenciamento de Projetos" CODIGO-INSTITUICAO="" NOME-INSTITUICAO="" LOCAL-DO-EVENTO="" CIDADE-DO-EVENTO="São Paulo" NOME-DO-EVENTO-INGLES=""/></PARTICIPACAO-EM-SEMINARIO><PARTICIPACAO-EM-SEMINARIO SEQUENCIA-PRODUCAO="15"><PARTICIPANTE-DE-EVENTOS-CONGRESSOS NOME-COMPLETO-DO-PARTICIPANTE-DE-EVENTOS-CONGRESSOS="Miguel Angelo Montenegro da Franca" NOME-PARA-CITACAO-DO-PARTICIPANTE-DE-EVENTOS-CONGRESSOS="Franca, Miguel A. M. da;Franca, M. A. M. da" ORDEM-PARTICIPANTE="1" NRO-ID-CNPQ="8950070027925947"/><DADOS-BASICOS-DA-PARTICIPACAO-EM-SEMINARIO NATUREZA="Seminário" TITULO="" ANO="2008" PAIS="Brasil" IDIOMA="" MEIO-DE-DIVULGACAO="NAO_INFORMADO" HOME-PAGE-DO-TRABALHO="" FLAG-RELEVANCIA="NAO" TIPO-PARTICIPACAO="" FORMA-PARTICIPACAO="Ouvinte" DOI="" TITULO-INGLES="" FLAG-DIVULGACAO-CIENTIFICA="NAO"/><DETALHAMENTO-DA-PARTICIPACAO-EM-SEMINARIO NOME-DO-EVENTO="Seminário Perfil dos Municípios Brasileiros" CODIGO-INSTITUICAO="" NOME-INSTITUICAO="" LOCAL-DO-EVENTO="" CIDADE-DO-EVENTO="Rio de Janeiro" NOME-DO-EVENTO-INGLES=""/></PARTICIPACAO-EM-SEMINARIO><PARTICIPACAO-EM-SEMINARIO SEQUENCIA-PRODUCAO="17"><PARTICIPANTE-DE-EVENTOS-CONGRESSOS NOME-COMPLETO-DO-PARTICIPANTE-DE-EVENTOS-CONGRESSOS="Miguel Angelo Montenegro da Franca" NOME-PARA-CITACAO-DO-PARTICIPANTE-DE-EVENTOS-CONGRESSOS="Franca, Miguel A. M. da;Franca, M. A. M. da" ORDEM-PARTICIPANTE="1" NRO-ID-CNPQ="8950070027925947"/><DADOS-BASICOS-DA-PARTICIPACAO-EM-SEMINARIO NATUREZA="Seminário" TITULO="" ANO="2000" PAIS="Brasil" IDIOMA="" MEIO-DE-DIVULGACAO="NAO_INFORMADO" HOME-PAGE-DO-TRABALHO="" FLAG-RELEVANCIA="NAO" TIPO-PARTICIPACAO="" FORMA-PARTICIPACAO="Ouvinte" DOI="" TITULO-INGLES="" FLAG-DIVULGACAO-CIENTIFICA="NAO"/><DETALHAMENTO-DA-PARTICIPACAO-EM-SEMINARIO NOME-DO-EVENTO="2º. Seminário Internacional de Marketing Direto no Varejo" CODIGO-INSTITUICAO="" NOME-INSTITUICAO="" LOCAL-DO-EVENTO="" CIDADE-DO-EVENTO="São Paulo" NOME-DO-EVENTO-INGLES=""/></PARTICIPACAO-EM-SEMINARIO><PARTICIPACAO-EM-SEMINARIO SEQUENCIA-PRODUCAO="12"><PARTICIPANTE-DE-EVENTOS-CONGRESSOS NOME-COMPLETO-DO-PARTICIPANTE-DE-EVENTOS-CONGRESSOS="Miguel Angelo Montenegro da Franca" NOME-PARA-CITACAO-DO-PARTICIPANTE-DE-EVENTOS-CONGRESSOS="Franca, Miguel A. M. da;Franca, M. A. M. da" ORDEM-PARTICIPANTE="1" NRO-ID-CNPQ="8950070027925947"/><DADOS-BASICOS-DA-PARTICIPACAO-EM-SEMINARIO NATUREZA="Seminário" TITULO="" ANO="1999" PAIS="Brasil" IDIOMA="" MEIO-DE-DIVULGACAO="NAO_INFORMADO" HOME-PAGE-DO-TRABALHO="" FLAG-RELEVANCIA="NAO" TIPO-PARTICIPACAO="" FORMA-PARTICIPACAO="Ouvinte" DOI="" TITULO-INGLES="" FLAG-DIVULGACAO-CIENTIFICA="NAO"/><DETALHAMENTO-DA-PARTICIPACAO-EM-SEMINARIO NOME-DO-EVENTO="Fórum Nacional de Logística &amp;amp; Seminário Internacional" CODIGO-INSTITUICAO="" NOME-INSTITUICAO="" LOCAL-DO-EVENTO="" CIDADE-DO-EVENTO="Rio de Janeiro" NOME-DO-EVENTO-INGLES=""/></PARTICIPACAO-EM-SEMINARIO><PARTICIPACAO-EM-ENCONTRO SEQUENCIA-PRODUCAO="18"><PARTICIPANTE-DE-EVENTOS-CONGRESSOS NOME-COMPLETO-DO-PARTICIPANTE-DE-EVENTOS-CONGRESSOS="Miguel Angelo Montenegro da Franca" NOME-PARA-CITACAO-DO-PARTICIPANTE-DE-EVENTOS-CONGRESSOS="Franca, Miguel A. M. da;Franca, M. A. M. da" ORDEM-PARTICIPANTE="1" NRO-ID-CNPQ="8950070027925947"/><DADOS-BASICOS-DA-PARTICIPACAO-EM-ENCONTRO NATUREZA="Encontro" TITULO="" ANO="1993" PAIS="Brasil" IDIOMA="" MEIO-DE-DIVULGACAO="NAO_INFORMADO" HOME-PAGE-DO-TRABALHO="" FLAG-RELEVANCIA="NAO" TIPO-PARTICIPACAO="" FORMA-PARTICIPACAO="Ouvinte" DOI="" TITULO-INGLES="" FLAG-DIVULGACAO-CIENTIFICA="NAO"/><DETALHAMENTO-DA-PARTICIPACAO-EM-ENCONTRO NOME-DO-EVENTO="Encontro Nacional de Marketing" CODIGO-INSTITUICAO="" NOME-INSTITUICAO="" LOCAL-DO-EVENTO="" CIDADE-DO-EVENTO="Pará" NOME-DO-EVENTO-INGLES=""/></PARTICIPACAO-EM-ENCONTRO><PARTICIPACAO-EM-ENCONTRO SEQUENCIA-PRODUCAO="16"><PARTICIPANTE-DE-EVENTOS-CONGRESSOS NOME-COMPLETO-DO-PARTICIPANTE-DE-EVENTOS-CONGRESSOS="Miguel Angelo Montenegro da Franca" NOME-PARA-CITACAO-DO-PARTICIPANTE-DE-EVENTOS-CONGRESSOS="Franca, Miguel A. M. da;Franca, M. A. M. da" ORDEM-PARTICIPANTE="1" NRO-ID-CNPQ="8950070027925947"/><DADOS-BASICOS-DA-PARTICIPACAO-EM-ENCONTRO NATUREZA="Encontro" TITULO="" ANO="2006" PAIS="Brasil" IDIOMA="" MEIO-DE-DIVULGACAO="NAO_INFORMADO" HOME-PAGE-DO-TRABALHO="" FLAG-RELEVANCIA="NAO" TIPO-PARTICIPACAO="" FORMA-PARTICIPACAO="Ouvinte" DOI="" TITULO-INGLES="" FLAG-DIVULGACAO-CIENTIFICA="NAO"/><DETALHAMENTO-DA-PARTICIPACAO-EM-ENCONTRO NOME-DO-EVENTO="2º. Encontro Nacional de Produtores e Usuários de Informações Sociais, Econômicas e Territoriais" CODIGO-INSTITUICAO="" NOME-INSTITUICAO="" LOCAL-DO-EVENTO="" CIDADE-DO-EVENTO="Rio de Janeiro" NOME-DO-EVENTO-INGLES=""/></PARTICIPACAO-EM-ENCONTRO></PARTICIPACAO-EM-EVENTOS-CONGRESSOS><INFORMACOES-ADICIONAIS-INSTITUICOES><INFORMACAO-ADICIONAL-INSTITUICAO CODIGO-INSTITUICAO="000100000991" SIGLA-INSTITUICAO="EN" SIGLA-UF-INSTITUICAO="RJ" SIGLA-PAIS-INSTITUICAO="BRA" NOME-PAIS-INSTITUICAO="Brasil" FLAG-AGENCIA-FOMENTO="NAO" FLAG-INSTITUICAO-DE-ENSINO="NAO"/><INFORMACAO-ADICIONAL-INSTITUICAO CODIGO-INSTITUICAO="000200000993" SIGLA-INSTITUICAO="CCIL" SIGLA-UF-INSTITUICAO="RJ" SIGLA-PAIS-INSTITUICAO="BRA" NOME-PAIS-INSTITUICAO="Brasil" FLAG-AGENCIA-FOMENTO="NAO" FLAG-INSTITUICAO-DE-ENSINO="NAO"/><INFORMACAO-ADICIONAL-INSTITUICAO CODIGO-INSTITUICAO="000300000995" SIGLA-INSTITUICAO="MB" SIGLA-UF-INSTITUICAO="RJ" SIGLA-PAIS-INSTITUICAO="BRA" NOME-PAIS-INSTITUICAO="Brasil" FLAG-AGENCIA-FOMENTO="NAO" FLAG-INSTITUICAO-DE-ENSINO="NAO"/><INFORMACAO-ADICIONAL-INSTITUICAO CODIGO-INSTITUICAO="000400000997" SIGLA-INSTITUICAO="ESPM (RJ)" SIGLA-UF-INSTITUICAO="RJ" SIGLA-PAIS-INSTITUICAO="BRA" NOME-PAIS-INSTITUICAO="Brasil" FLAG-AGENCIA-FOMENTO="NAO" FLAG-INSTITUICAO-DE-ENSINO="NAO"/><INFORMACAO-ADICIONAL-INSTITUICAO CODIGO-INSTITUICAO="000500000999" SIGLA-INSTITUICAO="IBMEC" SIGLA-UF-INSTITUICAO="RJ" SIGLA-PAIS-INSTITUICAO="BRA" NOME-PAIS-INSTITUICAO="Brasil" FLAG-AGENCIA-FOMENTO="NAO" FLAG-INSTITUICAO-DE-ENSINO="NAO"/><INFORMACAO-ADICIONAL-INSTITUICAO CODIGO-INSTITUICAO="000600000990" SIGLA-INSTITUICAO="GALILEO AM" SIGLA-UF-INSTITUICAO="AM" SIGLA-PAIS-INSTITUICAO="BRA" NOME-PAIS-INSTITUICAO="Brasil" FLAG-AGENCIA-FOMENTO="NAO" FLAG-INSTITUICAO-DE-ENSINO="NAO"/><INFORMACAO-ADICIONAL-INSTITUICAO CODIGO-INSTITUICAO="000700000992" SIGLA-INSTITUICAO="ENCE" SIGLA-UF-INSTITUICAO="RJ" SIGLA-PAIS-INSTITUICAO="BRA" NOME-PAIS-INSTITUICAO="Brasil" FLAG-AGENCIA-FOMENTO="NAO" FLAG-INSTITUICAO-DE-ENSINO="NAO"/><INFORMACAO-ADICIONAL-INSTITUICAO CODIGO-INSTITUICAO="011100000008" SIGLA-INSTITUICAO="PUC-Rio" SIGLA-UF-INSTITUICAO="RJ" SIGLA-PAIS-INSTITUICAO="BRA" NOME-PAIS-INSTITUICAO="Brasil" FLAG-AGENCIA-FOMENTO="NAO" FLAG-INSTITUICAO-DE-ENSINO="SIM"/><INFORMACAO-ADICIONAL-INSTITUICAO CODIGO-INSTITUICAO="020200000009" SIGLA-INSTITUICAO="UFRJ" SIGLA-UF-INSTITUICAO="RJ" SIGLA-PAIS-INSTITUICAO="BRA" NOME-PAIS-INSTITUICAO="Brasil" FLAG-AGENCIA-FOMENTO="NAO" FLAG-INSTITUICAO-DE-ENSINO="SIM"/><INFORMACAO-ADICIONAL-INSTITUICAO CODIGO-INSTITUICAO="023200000003" SIGLA-INSTITUICAO="IBGE" SIGLA-UF-INSTITUICAO="RJ" SIGLA-PAIS-INSTITUICAO="BRA" NOME-PAIS-INSTITUICAO="Brasil" FLAG-AGENCIA-FOMENTO="NAO" FLAG-INSTITUICAO-DE-ENSINO="SIM"/><INFORMACAO-ADICIONAL-INSTITUICAO CODIGO-INSTITUICAO="045000000000" SIGLA-INSTITUICAO="CAPES" SIGLA-UF-INSTITUICAO="DF" SIGLA-PAIS-INSTITUICAO="BRA" NOME-PAIS-INSTITUICAO="Brasil" FLAG-AGENCIA-FOMENTO="SIM" FLAG-INSTITUICAO-DE-ENSINO="SIM"/><INFORMACAO-ADICIONAL-INSTITUICAO CODIGO-INSTITUICAO="081200000000" SIGLA-INSTITUICAO="UGF" SIGLA-UF-INSTITUICAO="RJ" SIGLA-PAIS-INSTITUICAO="BRA" NOME-PAIS-INSTITUICAO="Brasil" FLAG-AGENCIA-FOMENTO="NAO" FLAG-INSTITUICAO-DE-ENSINO="SIM"/><INFORMACAO-ADICIONAL-INSTITUICAO CODIGO-INSTITUICAO="201900000008" SIGLA-INSTITUICAO="UNISUAM" SIGLA-UF-INSTITUICAO="RJ" SIGLA-PAIS-INSTITUICAO="BRA" NOME-PAIS-INSTITUICAO="Brasil" FLAG-AGENCIA-FOMENTO="NAO" FLAG-INSTITUICAO-DE-ENSINO="SIM"/><INFORMACAO-ADICIONAL-INSTITUICAO CODIGO-INSTITUICAO="294800000006" SIGLA-INSTITUICAO="UNESA" SIGLA-UF-INSTITUICAO="RJ" SIGLA-PAIS-INSTITUICAO="BRA" NOME-PAIS-INSTITUICAO="Brasil" FLAG-AGENCIA-FOMENTO="NAO" FLAG-INSTITUICAO-DE-ENSINO="SIM"/><INFORMACAO-ADICIONAL-INSTITUICAO CODIGO-INSTITUICAO="985600042720" SIGLA-INSTITUICAO="UniverCidade" SIGLA-UF-INSTITUICAO="RJ" SIGLA-PAIS-INSTITUICAO="BRA" NOME-PAIS-INSTITUICAO="Brasil" FLAG-AGENCIA-FOMENTO="NAO" FLAG-INSTITUICAO-DE-ENSINO="SIM"/><INFORMACAO-ADICIONAL-INSTITUICAO CODIGO-INSTITUICAO="J3YT00000009" SIGLA-INSTITUICAO="CN" SIGLA-UF-INSTITUICAO="RJ" SIGLA-PAIS-INSTITUICAO="BRA" NOME-PAIS-INSTITUICAO="Brasil" FLAG-AGENCIA-FOMENTO="NAO" FLAG-INSTITUICAO-DE-ENSINO="NAO"/><INFORMACAO-ADICIONAL-INSTITUICAO CODIGO-INSTITUICAO="J6AB00000003" SIGLA-INSTITUICAO="APOLO" SIGLA-UF-INSTITUICAO="RJ" SIGLA-PAIS-INSTITUICAO="BRA" NOME-PAIS-INSTITUICAO="Brasil" FLAG-AGENCIA-FOMENTO="NAO" FLAG-INSTITUICAO-DE-ENSINO="NAO"/><INFORMACAO-ADICIONAL-INSTITUICAO CODIGO-INSTITUICAO="JCHU00000000" SIGLA-INSTITUICAO="SENAC ARRJ" SIGLA-UF-INSTITUICAO="RJ" SIGLA-PAIS-INSTITUICAO="BRA" NOME-PAIS-INSTITUICAO="Brasil" FLAG-AGENCIA-FOMENTO="NAO" FLAG-INSTITUICAO-DE-ENSINO="NAO"/></INFORMACOES-ADICIONAIS-INSTITUICOES><INFORMACOES-ADICIONAIS-CURSOS><INFORMACAO-ADICIONAL-CURSO CODIGO-CURSO="31000622" CODIGO-ORGAO="" NOME-ORGAO="" CODIGO-INSTITUICAO="020200000009" NOME-INSTITUICAO="Universidade Federal do Rio de Janeiro" NOME-GRANDE-AREA-DO-CONHECIMENTO="CIENCIAS_SOCIAIS_APLICADAS" NOME-DA-AREA-DO-CONHECIMENTO="Administração" NOME-DA-SUB-AREA-DO-CONHECIMENTO="" NOME-DA-ESPECIALIDADE="" NIVEL-CURSO="MESTRADO_DOUTORADO"/><INFORMACAO-ADICIONAL-CURSO CODIGO-CURSO="90000000" CODIGO-ORGAO="" NOME-ORGAO="" CODIGO-INSTITUICAO="011100000008" NOME-INSTITUICAO="Pontifícia Universidade Católica do Rio de Janeiro" NOME-GRANDE-AREA-DO-CONHECIMENTO="CIENCIAS_SOCIAIS_APLICADAS" NOME-DA-AREA-DO-CONHECIMENTO="Administração" NOME-DA-SUB-AREA-DO-CONHECIMENTO="" NOME-DA-ESPECIALIDADE="" NIVEL-CURSO="APERFEICOAMENTO"/><INFORMACAO-ADICIONAL-CURSO CODIGO-CURSO="90000001" CODIGO-ORGAO="" NOME-ORGAO="" CODIGO-INSTITUICAO="011100000008" NOME-INSTITUICAO="Pontifícia Universidade Católica do Rio de Janeiro" NOME-GRANDE-AREA-DO-CONHECIMENTO="CIENCIAS_SOCIAIS_APLICADAS" NOME-DA-AREA-DO-CONHECIMENTO="Administração" NOME-DA-SUB-AREA-DO-CONHECIMENTO="" NOME-DA-ESPECIALIDADE="" NIVEL-CURSO="ESPECIALIZACAO"/><INFORMACAO-ADICIONAL-CURSO CODIGO-CURSO="90000002" CODIGO-ORGAO="" NOME-ORGAO="" CODIGO-INSTITUICAO="000100000991" NOME-INSTITUICAO="Escola Naval" NOME-GRANDE-AREA-DO-CONHECIMENTO="OUTROS" NOME-DA-AREA-DO-CONHECIMENTO="Multidisciplinar" NOME-DA-SUB-AREA-DO-CONHECIMENTO="" NOME-DA-ESPECIALIDADE="" NIVEL-CURSO="GRADUACAO"/><INFORMACAO-ADICIONAL-CURSO CODIGO-CURSO="90000003" CODIGO-ORGAO="" NOME-ORGAO="" CODIGO-INSTITUICAO="020200000009" NOME-INSTITUICAO="Universidade Federal do Rio de Janeiro" NOME-GRANDE-AREA-DO-CONHECIMENTO="CIENCIAS_SOCIAIS_APLICADAS" NOME-DA-AREA-DO-CONHECIMENTO="Administração" NOME-DA-SUB-AREA-DO-CONHECIMENTO="" NOME-DA-ESPECIALIDADE="" NIVEL-CURSO="EXTENSAO_UNIVERSITARIA"/><INFORMACAO-ADICIONAL-CURSO CODIGO-CURSO="90000004" CODIGO-ORGAO="" NOME-ORGAO="" CODIGO-INSTITUICAO="011100000008" NOME-INSTITUICAO="Pontifícia Universidade Católica do Rio de Janeiro" NOME-GRANDE-AREA-DO-CONHECIMENTO="CIENCIAS_SOCIAIS_APLICADAS" NOME-DA-AREA-DO-CONHECIMENTO="Administração" NOME-DA-SUB-AREA-DO-CONHECIMENTO="" NOME-DA-ESPECIALIDADE="" NIVEL-CURSO="EXTENSAO_UNIVERSITARIA"/><INFORMACAO-ADICIONAL-CURSO CODIGO-CURSO="90000005" CODIGO-ORGAO="" NOME-ORGAO="" CODIGO-INSTITUICAO="020200000009" NOME-INSTITUICAO="Universidade Federal do Rio de Janeiro" NOME-GRANDE-AREA-DO-CONHECIMENTO="CIENCIAS_SOCIAIS_APLICADAS" NOME-DA-AREA-DO-CONHECIMENTO="Administração" NOME-DA-SUB-AREA-DO-CONHECIMENTO="" NOME-DA-ESPECIALIDADE="" NIVEL-CURSO="EXTENSAO_UNIVERSITARIA"/><INFORMACAO-ADICIONAL-CURSO CODIGO-CURSO="90000006" CODIGO-ORGAO="" NOME-ORGAO="" CODIGO-INSTITUICAO="000700000992" NOME-INSTITUICAO="Escola Nacional de Ciências Estatísticas" NOME-GRANDE-AREA-DO-CONHECIMENTO="CIENCIAS_EXATAS_E_DA_TERRA" NOME-DA-AREA-DO-CONHECIMENTO="Probabilidade e Estatística" NOME-DA-SUB-AREA-DO-CONHECIMENTO="Probabilidade e Estatística Aplicadas" NOME-DA-ESPECIALIDADE="" NIVEL-CURSO="OT"/></INFORMACOES-ADICIONAIS-CURSOS></DADOS-COMPLEMENTARES><eventos/></CURRICULO-VITAE>