<CURRICULO-VITAE SISTEMA-ORIGEM-XML="LATTES_OFFLINE" NUMERO-IDENTIFICADOR="1720821620296710" FORMATO-DATA-ATUALIZACAO="DDMMAAAA" DATA-ATUALIZACAO="19072014" FORMATO-HORA-ATUALIZACAO="HHMMSS" HORA-ATUALIZACAO="035205"><DADOS-GERAIS NOME-COMPLETO="Lucia da Costa Leite Reis" NOME-EM-CITACOES-BIBLIOGRAFICAS="REIS, L. C. L." NACIONALIDADE="B" PAIS-DE-NASCIMENTO="Brasil" FORMATO-DATA-DE-NASCIMENTO="DDMMAAAA" DATA-NASCIMENTO="12041963" FORMATO-DATA-DE-EMISSAO="DDMMAAAA" PERMISSAO-DE-DIVULGACAO="NAO" SIGLA-PAIS-NACIONALIDADE="BRA" PAIS-DE-NACIONALIDADE="Brasil"><RESUMO-CV TEXTO-RESUMO-CV-RH="Possui mestrado em Educação Física pela Universidade Gama Filho (1997). Atualmente é assistente da Sociedade Augusto Mota e ensino fundamental da Prefeitura do Rio de Janeiro. Tem experiência na área de Eventos Esportivos e na área da Educação Física, com ênfase em Educação Física Escolar" TEXTO-RESUMO-CV-RH-EN="master's at Fitness from Universidade Gama Filho (1997). Has experience in Fitness, focusing on Fitness"/><OUTRAS-INFORMACOES-RELEVANTES OUTRAS-INFORMACOES-RELEVANTES="outras experiencias profissionais: professora do curso superior profissional de futebol, UGF, 1999; professora de pós graduação em educação física escolar, grupo palestra, 1994, coordenadora da colonia de férias no clube sociedade germania, RJ; coordenadora técnica do departamento técnico de beach soccer (futebol e praia) em vários eventos professora no curso de pos graduação de educação fisica escolar, UNISUAM, em 2005/2006"/><ENDERECO FLAG-DE-PREFERENCIA="ENDERECO_RESIDENCIAL"><ENDERECO-PROFISSIONAL CODIGO-INSTITUICAO-EMPRESA="201900000008" NOME-INSTITUICAO-EMPRESA="Centro Universitário Augusto Motta" CODIGO-ORGAO="201901000990" NOME-ORGAO="CENTRO UNIVERSITARIO AUGUSTO MOTTA" LOGRADOURO-COMPLEMENTO="Rua PARIS" PAIS="Brasil" UF="RJ" CEP="22000000" CIDADE="Rio de Janeiro" BAIRRO="BONSUCESSO" DDD="021" TELEFONE="38829952" E-MAIL="luciareis2@ig.com.br"/></ENDERECO><FORMACAO-ACADEMICA-TITULACAO><MESTRADO SEQUENCIA-FORMACAO="1" NIVEL="3" CODIGO-INSTITUICAO="081200000000" NOME-INSTITUICAO="Universidade Gama Filho" CODIGO-CURSO="31050042" NOME-CURSO="Educação Física" CODIGO-AREA-CURSO="40900002" STATUS-DO-CURSO="CONCLUIDO" ANO-DE-INICIO="1995" ANO-DE-CONCLUSAO="1997" FLAG-BOLSA="NAO" ANO-DE-OBTENCAO-DO-TITULO="1997" TITULO-DA-DISSERTACAO-TESE="A Munlher que Joga Futebol - um chute no preconceito" NOME-COMPLETO-DO-ORIENTADOR="Sebastião Josué Votre" NUMERO-ID-ORIENTADOR="2836380035305495" CODIGO-CURSO-CAPES="31006019004P5" NOME-CURSO-INGLES="Fitness"><PALAVRAS-CHAVE PALAVRA-CHAVE-1="futebol feminino"/><AREAS-DO-CONHECIMENTO><AREA-DO-CONHECIMENTO-1 NOME-GRANDE-AREA-DO-CONHECIMENTO="CIENCIAS_HUMANAS" NOME-DA-AREA-DO-CONHECIMENTO="Sociologia"/><AREA-DO-CONHECIMENTO-2 NOME-GRANDE-AREA-DO-CONHECIMENTO="CIENCIAS_DA_SAUDE" NOME-DA-AREA-DO-CONHECIMENTO="Educação Física"/><AREA-DO-CONHECIMENTO-3 NOME-GRANDE-AREA-DO-CONHECIMENTO="CIENCIAS_HUMANAS" NOME-DA-AREA-DO-CONHECIMENTO="Educação"/></AREAS-DO-CONHECIMENTO><SETORES-DE-ATIVIDADE SETOR-DE-ATIVIDADE-1="Educação Pré-Escolar e Fundamental" SETOR-DE-ATIVIDADE-2="Educação Superior" SETOR-DE-ATIVIDADE-3="Educação Média de Formação Geral"/><conceitoCapes/></MESTRADO></FORMACAO-ACADEMICA-TITULACAO><ATUACOES-PROFISSIONAIS><ATUACAO-PROFISSIONAL CODIGO-INSTITUICAO="081200000000" NOME-INSTITUICAO="Universidade Gama Filho" SEQUENCIA-ATIVIDADE="1"><VINCULOS SEQUENCIA-HISTORICO="1" TIPO-DE-VINCULO="LIVRE" ENQUADRAMENTO-FUNCIONAL="LIVRE" CARGA-HORARIA-SEMANAL="10" FLAG-DEDICACAO-EXCLUSIVA="NAO" MES-INICIO="03" ANO-INICIO="1985" MES-FIM="12" ANO-FIM="2000" FLAG-VINCULO-EMPREGATICIO="SIM" OUTRO-VINCULO-INFORMADO="Professora" OUTRO-ENQUADRAMENTO-FUNCIONAL-INFORMADO="Ensino Fundamental e Médio"/><atividadesProfissionaisPlanificadas/></ATUACAO-PROFISSIONAL><ATUACAO-PROFISSIONAL CODIGO-INSTITUICAO="000300000995" NOME-INSTITUICAO="Sociedade Augusto Mota" SEQUENCIA-ATIVIDADE="2" SEQUENCIA-IMPORTANCIA="1"><VINCULOS SEQUENCIA-HISTORICO="1" TIPO-DE-VINCULO="LIVRE" ENQUADRAMENTO-FUNCIONAL="LIVRE" CARGA-HORARIA-SEMANAL="14" FLAG-DEDICACAO-EXCLUSIVA="NAO" MES-INICIO="08" ANO-INICIO="2002" OUTRAS-INFORMACOES="até o presente momento" FLAG-VINCULO-EMPREGATICIO="SIM" OUTRO-VINCULO-INFORMADO="Professora" OUTRO-ENQUADRAMENTO-FUNCIONAL-INFORMADO="Assistente"/><ATIVIDADES-DE-ENSINO><ENSINO SEQUENCIA-FUNCAO-ATIVIDADE="1" FLAG-PERIODO="ATUAL" TIPO-ENSINO="GRADUACAO" MES-INICIO="08" ANO-INICIO="2002" CODIGO-CURSO="90000000" NOME-CURSO="Educação Física"><DISCIPLINA SEQUENCIA-ESPECIFICACAO="1">Recreação I e Recreação II, no presente momento</DISCIPLINA></ENSINO></ATIVIDADES-DE-ENSINO><atividadesProfissionaisPlanificadas/></ATUACAO-PROFISSIONAL><ATUACAO-PROFISSIONAL CODIGO-INSTITUICAO="201900000008" NOME-INSTITUICAO="Centro Universitário Augusto Motta" SEQUENCIA-ATIVIDADE="4"><VINCULOS SEQUENCIA-HISTORICO="1" TIPO-DE-VINCULO="LIVRE" ENQUADRAMENTO-FUNCIONAL="LIVRE" CARGA-HORARIA-SEMANAL="14" FLAG-DEDICACAO-EXCLUSIVA="NAO" ANO-INICIO="2011" OUTRAS-INFORMACOES="DISCIPLINAS MINISTRADAS - APRENDIZAGEM E DESENVOLVIMENTO MOTOR                                                JOGO" FLAG-VINCULO-EMPREGATICIO="NAO" OUTRO-VINCULO-INFORMADO="Celetista formal" OUTRO-ENQUADRAMENTO-FUNCIONAL-INFORMADO="PROFESSORA"/><atividadesProfissionaisPlanificadas/></ATUACAO-PROFISSIONAL><ATUACAO-PROFISSIONAL CODIGO-INSTITUICAO="000600000990" NOME-INSTITUICAO="Secretaria Municipal de Educação do Rio de Janeiro" SEQUENCIA-ATIVIDADE="3" SEQUENCIA-IMPORTANCIA="2"><VINCULOS SEQUENCIA-HISTORICO="1" TIPO-DE-VINCULO="SERVIDOR_PUBLICO" ENQUADRAMENTO-FUNCIONAL="LIVRE" CARGA-HORARIA-SEMANAL="16" FLAG-DEDICACAO-EXCLUSIVA="NAO" MES-INICIO="12" ANO-INICIO="2001" FLAG-VINCULO-EMPREGATICIO="NAO" OUTRO-ENQUADRAMENTO-FUNCIONAL-INFORMADO="Professora"/><atividadesProfissionaisPlanificadas/></ATUACAO-PROFISSIONAL></ATUACOES-PROFISSIONAIS><AREAS-DE-ATUACAO><AREA-DE-ATUACAO SEQUENCIA-AREA-DE-ATUACAO="1" NOME-GRANDE-AREA-DO-CONHECIMENTO="CIENCIAS_DA_SAUDE" NOME-DA-AREA-DO-CONHECIMENTO="Educação Física"/><AREA-DE-ATUACAO SEQUENCIA-AREA-DE-ATUACAO="2" NOME-GRANDE-AREA-DO-CONHECIMENTO="CIENCIAS_HUMANAS" NOME-DA-AREA-DO-CONHECIMENTO="Educação" NOME-DA-SUB-AREA-DO-CONHECIMENTO="Ensino-Aprendizagem" NOME-DA-ESPECIALIDADE="Avaliação da Aprendizagem"/><AREA-DE-ATUACAO SEQUENCIA-AREA-DE-ATUACAO="3" NOME-GRANDE-AREA-DO-CONHECIMENTO="CIENCIAS_HUMANAS" NOME-DA-AREA-DO-CONHECIMENTO="Educação" NOME-DA-SUB-AREA-DO-CONHECIMENTO="Ensino-Aprendizagem" NOME-DA-ESPECIALIDADE="Métodos e Técnicas de Ensino"/><AREA-DE-ATUACAO SEQUENCIA-AREA-DE-ATUACAO="4" NOME-GRANDE-AREA-DO-CONHECIMENTO="CIENCIAS_HUMANAS" NOME-DA-AREA-DO-CONHECIMENTO="Educação"/></AREAS-DE-ATUACAO><IDIOMAS><IDIOMA IDIOMA="ES" DESCRICAO-DO-IDIOMA="Espanhol" PROFICIENCIA-DE-LEITURA="RAZOAVELMENTE" PROFICIENCIA-DE-FALA="NAO_INFORMADO" PROFICIENCIA-DE-ESCRITA="NAO_INFORMADO" PROFICIENCIA-DE-COMPREENSAO="RAZOAVELMENTE"/><IDIOMA IDIOMA="EN" DESCRICAO-DO-IDIOMA="Inglês" PROFICIENCIA-DE-LEITURA="RAZOAVELMENTE" PROFICIENCIA-DE-FALA="POUCO" PROFICIENCIA-DE-ESCRITA="NAO_INFORMADO" PROFICIENCIA-DE-COMPREENSAO="RAZOAVELMENTE"/></IDIOMAS><PREMIOS-TITULOS><PREMIO-TITULO NOME-DO-PREMIO-OU-TITULO="I Prêmio INDESP de Literatura Esportiva" NOME-DA-ENTIDADE-PROMOTORA="INDESP Brasilia" ANO-DA-PREMIACAO="1999"/></PREMIOS-TITULOS><staValidado/><dataExibicao/><dadosBolsista/></DADOS-GERAIS><PRODUCAO-BIBLIOGRAFICA><TRABALHOS-EM-EVENTOS><TRABALHO-EM-EVENTOS SEQUENCIA-PRODUCAO="2"><DADOS-BASICOS-DO-TRABALHO NATUREZA="RESUMO_EXPANDIDO" TITULO-DO-TRABALHO="A Representação da Mulher que Joga Futebol" ANO-DO-TRABALHO="1997" PAIS-DO-EVENTO="Brasil" IDIOMA="Português" MEIO-DE-DIVULGACAO="IMPRESSO" FLAG-RELEVANCIA="SIM" FLAG-DIVULGACAO-CIENTIFICA="NAO"/><DETALHAMENTO-DO-TRABALHO CLASSIFICACAO-DO-EVENTO="INTERNACIONAL" NOME-DO-EVENTO="AIESEP" CIDADE-DO-EVENTO="Rio ed Janeiro" ANO-DE-REALIZACAO="1997" TITULO-DOS-ANAIS-OU-PROCEEDINGS="A Representação da Mulher que Joga Futebol" VOLUME="13" FASCICULO="1" NOME-DA-EDITORA="Gama Filho" CIDADE-DA-EDITORA="Rio de Janeiro"/><AUTORES NOME-COMPLETO-DO-AUTOR="Lucia da Costa Leite Reis" NOME-PARA-CITACAO="REIS, L. C. L." ORDEM-DE-AUTORIA="1" NRO-ID-CNPQ="1720821620296710"/></TRABALHO-EM-EVENTOS><TRABALHO-EM-EVENTOS SEQUENCIA-PRODUCAO="1"><DADOS-BASICOS-DO-TRABALHO NATUREZA="RESUMO_EXPANDIDO" TITULO-DO-TRABALHO="A Auto-Representação da Mulher Jogadora de Futebol do Rio de Janeiro" ANO-DO-TRABALHO="1996" PAIS-DO-EVENTO="Brasil" IDIOMA="Português" MEIO-DE-DIVULGACAO="IMPRESSO" FLAG-RELEVANCIA="SIM" FLAG-DIVULGACAO-CIENTIFICA="NAO"/><DETALHAMENTO-DO-TRABALHO CLASSIFICACAO-DO-EVENTO="LOCAL" NOME-DO-EVENTO="Seminário de Pesquisa em Educação Física, Esporte e Lazer" CIDADE-DO-EVENTO="Rio de Janeiro" ANO-DE-REALIZACAO="1996" TITULO-DOS-ANAIS-OU-PROCEEDINGS="Anais do Seminário de Pesquisa em Educação Física, Esporte e Lazer" VOLUME="1" FASCICULO="4" NOME-DA-EDITORA="Gama Filho" CIDADE-DA-EDITORA="Rio de Janeiro"/><AUTORES NOME-COMPLETO-DO-AUTOR="Lucia da Costa Leite Reis" NOME-PARA-CITACAO="REIS, L. C. L." ORDEM-DE-AUTORIA="1" NRO-ID-CNPQ="1720821620296710"/><AREAS-DO-CONHECIMENTO><AREA-DO-CONHECIMENTO-1 NOME-GRANDE-AREA-DO-CONHECIMENTO="CIENCIAS_DA_SAUDE" NOME-DA-AREA-DO-CONHECIMENTO="Educação Física"/></AREAS-DO-CONHECIMENTO><INFORMACOES-ADICIONAIS DESCRICAO-INFORMACOES-ADICIONAIS="Existem outras publicações"/></TRABALHO-EM-EVENTOS></TRABALHOS-EM-EVENTOS><LIVROS-E-CAPITULOS><LIVROS-PUBLICADOS-OU-ORGANIZADOS><LIVRO-PUBLICADO-OU-ORGANIZADO SEQUENCIA-PRODUCAO="3"><DADOS-BASICOS-DO-LIVRO TIPO="LIVRO_PUBLICADO" NATUREZA="TEXTO_INTEGRAL" TITULO-DO-LIVRO="I Premio INDESP de Literatura Esportiva" ANO="1999" PAIS-DE-PUBLICACAO="Brasil" IDIOMA="Português" MEIO-DE-DIVULGACAO="IMPRESSO" FLAG-RELEVANCIA="SIM" FLAG-DIVULGACAO-CIENTIFICA="NAO"/><DETALHAMENTO-DO-LIVRO NUMERO-DE-VOLUMES="1" CIDADE-DA-EDITORA="Brasília" NOME-DA-EDITORA="INDESP"/><AUTORES NOME-COMPLETO-DO-AUTOR="Lucia da Costa Leite Reis" NOME-PARA-CITACAO="REIS, L. C. L." ORDEM-DE-AUTORIA="1" NRO-ID-CNPQ="1720821620296710"/></LIVRO-PUBLICADO-OU-ORGANIZADO></LIVROS-PUBLICADOS-OU-ORGANIZADOS></LIVROS-E-CAPITULOS><DEMAIS-TIPOS-DE-PRODUCAO-BIBLIOGRAFICA><OUTRA-PRODUCAO-BIBLIOGRAFICA SEQUENCIA-PRODUCAO="4"><DADOS-BASICOS-DE-OUTRA-PRODUCAO TITULO="A Auto-Representação da Mulher Jogadora de Futebol" ANO="1998" PAIS-DE-PUBLICACAO="Brasil" IDIOMA="Português" MEIO-DE-DIVULGACAO="IMPRESSO" FLAG-RELEVANCIA="SIM" FLAG-DIVULGACAO-CIENTIFICA="NAO"/><DETALHAMENTO-DE-OUTRA-PRODUCAO EDITORA="UFU?NUTESES" CIDADE-DA-EDITORA="Uberlandia"/><AUTORES NOME-COMPLETO-DO-AUTOR="Lucia da Costa Leite Reis" NOME-PARA-CITACAO="REIS, L. C. L." ORDEM-DE-AUTORIA="1" NRO-ID-CNPQ="1720821620296710"/></OUTRA-PRODUCAO-BIBLIOGRAFICA></DEMAIS-TIPOS-DE-PRODUCAO-BIBLIOGRAFICA></PRODUCAO-BIBLIOGRAFICA><PRODUCAO-TECNICA><DEMAIS-TIPOS-DE-PRODUCAO-TECNICA><APRESENTACAO-DE-TRABALHO SEQUENCIA-PRODUCAO="16"><DADOS-BASICOS-DA-APRESENTACAO-DE-TRABALHO NATUREZA="OUTRA" TITULO="FUTEBOL PARA IGUALDADE" ANO="2014" PAIS="Brasil" IDIOMA="Português" FLAG-RELEVANCIA="NAO" TITULO-INGLES="FUTEBOL PARA IGUALDADE" FLAG-DIVULGACAO-CIENTIFICA="SIM"/><DETALHAMENTO-DA-APRESENTACAO-DE-TRABALHO NOME-DO-EVENTO="FUTEBOL PARA GUALDADE" INSTITUICAO-PROMOTORA="REDEH E STREETFOOTBALL" LOCAL-DA-APRESENTACAO="MUSEU DAREPÚBLICA" CIDADE-DA-APRESENTACAO="RIO DE JANEIRO"/><AUTORES NOME-COMPLETO-DO-AUTOR="Lucia da Costa Leite Reis" NOME-PARA-CITACAO="REIS, L. C. L." ORDEM-DE-AUTORIA="1" NRO-ID-CNPQ="1720821620296710"/><PALAVRAS-CHAVE PALAVRA-CHAVE-1="futebol feminino" PALAVRA-CHAVE-2="Mulher"/><SETORES-DE-ATIVIDADE SETOR-DE-ATIVIDADE-1="Atividades esportivas e de recreação e lazer"/></APRESENTACAO-DE-TRABALHO><APRESENTACAO-DE-TRABALHO SEQUENCIA-PRODUCAO="11"><DADOS-BASICOS-DA-APRESENTACAO-DE-TRABALHO NATUREZA="CONGRESSO" TITULO="A Representação da Mulher que Joga Futebol" ANO="1998" PAIS="Brasil" IDIOMA="Português" FLAG-RELEVANCIA="NAO" FLAG-DIVULGACAO-CIENTIFICA="NAO"/><DETALHAMENTO-DA-APRESENTACAO-DE-TRABALHO NOME-DO-EVENTO="Congresso dos Paises de Lingua Portuguesa" INSTITUICAO-PROMOTORA="Paises de Lingua Portuguesa" LOCAL-DA-APRESENTACAO="La Coruña"/><AUTORES NOME-COMPLETO-DO-AUTOR="Lucia da Costa Leite Reis" NOME-PARA-CITACAO="REIS, L. C. L." ORDEM-DE-AUTORIA="1" NRO-ID-CNPQ="1720821620296710"/></APRESENTACAO-DE-TRABALHO><APRESENTACAO-DE-TRABALHO SEQUENCIA-PRODUCAO="15"><DADOS-BASICOS-DA-APRESENTACAO-DE-TRABALHO NATUREZA="CONFERENCIA" TITULO="historia do futebol feminino do rio de janeiro" ANO="2013" PAIS="Brasil" IDIOMA="Português" FLAG-RELEVANCIA="NAO" FLAG-DIVULGACAO-CIENTIFICA="SIM"/><DETALHAMENTO-DA-APRESENTACAO-DE-TRABALHO NOME-DO-EVENTO="I FORUM DE FUTEBOL FEMININO" INSTITUICAO-PROMOTORA="UNISUAM" LOCAL-DA-APRESENTACAO="UNISUAM" CIDADE-DA-APRESENTACAO="RIO DE JANEIRO"/><AUTORES NOME-COMPLETO-DO-AUTOR="Lucia da Costa Leite Reis" NOME-PARA-CITACAO="REIS, L. C. L." ORDEM-DE-AUTORIA="2" NRO-ID-CNPQ="1720821620296710"/><AUTORES NOME-COMPLETO-DO-AUTOR="LUCIA REIS" NOME-PARA-CITACAO="LUCIA REIS" ORDEM-DE-AUTORIA="1"/></APRESENTACAO-DE-TRABALHO><CURSO-DE-CURTA-DURACAO-MINISTRADO SEQUENCIA-PRODUCAO="8"><DADOS-BASICOS-DE-CURSOS-CURTA-DURACAO-MINISTRADO NIVEL-DO-CURSO="ESPECIALIZACAO" TITULO="Metodologia daEducação Fisica Escolar" ANO="1990" PAIS="Brasil" IDIOMA="Português" MEIO-DE-DIVULGACAO="IMPRESSO" FLAG-RELEVANCIA="SIM" FLAG-DIVULGACAO-CIENTIFICA="NAO"/><DETALHAMENTO-DE-CURSOS-CURTA-DURACAO-MINISTRADO PARTICIPACAO-DOS-AUTORES="NAO_INFORMADO" INSTITUICAO-PROMOTORA-DO-CURSO="Universidade Gama Filho"/><AUTORES NOME-COMPLETO-DO-AUTOR="Lucia da Costa Leite Reis" NOME-PARA-CITACAO="REIS, L. C. L." ORDEM-DE-AUTORIA="1" NRO-ID-CNPQ="1720821620296710"/></CURSO-DE-CURTA-DURACAO-MINISTRADO><ORGANIZACAO-DE-EVENTO SEQUENCIA-PRODUCAO="13"><DADOS-BASICOS-DA-ORGANIZACAO-DE-EVENTO TIPO="OUTRO" NATUREZA="NAO_INFORMADO" TITULO="CAMPEONATO BRASILEIRO DE BEACH SOCCER" ANO="2003" PAIS="Brasil" IDIOMA="Português" MEIO-DE-DIVULGACAO="VARIOS" FLAG-RELEVANCIA="NAO" FLAG-DIVULGACAO-CIENTIFICA="NAO"/><DETALHAMENTO-DA-ORGANIZACAO-DE-EVENTO INSTITUICAO-PROMOTORA="CONFEDERAÇÃO BRASILEIRA DE BEACH SOCCER" DURACAO-EM-SEMANAS="1" FLAG-EVENTO-ITINERANTE="S"/><AUTORES NOME-COMPLETO-DO-AUTOR="Lucia da Costa Leite Reis" NOME-PARA-CITACAO="REIS, L. C. L." ORDEM-DE-AUTORIA="1" NRO-ID-CNPQ="1720821620296710"/></ORGANIZACAO-DE-EVENTO></DEMAIS-TIPOS-DE-PRODUCAO-TECNICA></PRODUCAO-TECNICA><OUTRA-PRODUCAO><ORIENTACOES-CONCLUIDAS><OUTRAS-ORIENTACOES-CONCLUIDAS SEQUENCIA-PRODUCAO="12"><DADOS-BASICOS-DE-OUTRAS-ORIENTACOES-CONCLUIDAS NATUREZA="TRABALHO_DE_CONCLUSAO_DE_CURSO_GRADUACAO" TITULO="A CONTRIBUIÇÃO DO JOGO PARA A FORMAÇÃO DO SER SOCIAL" ANO="2007" PAIS="Brasil" IDIOMA="Português" FLAG-RELEVANCIA="NAO"/><DETALHAMENTO-DE-OUTRAS-ORIENTACOES-CONCLUIDAS NOME-DO-ORIENTADO="RAFAEL OLIVEIRA" CODIGO-INSTITUICAO="201900000008" NOME-DA-INSTITUICAO="Centro Universitário Augusto Motta" CODIGO-CURSO="90000001" NOME-DO-CURSO="EDUCAÇÃO FISICA" FLAG-BOLSA="NAO" TIPO-DE-ORIENTACAO-CONCLUIDA="CO_ORIENTADOR"/></OUTRAS-ORIENTACOES-CONCLUIDAS><OUTRAS-ORIENTACOES-CONCLUIDAS SEQUENCIA-PRODUCAO="10"><DADOS-BASICOS-DE-OUTRAS-ORIENTACOES-CONCLUIDAS NATUREZA="TRABALHO_DE_CONCLUSAO_DE_CURSO_GRADUACAO" TITULO="A Importaancia da Educação Fisica nas Classes da Alfabetização" ANO="2005" PAIS="Brasil" IDIOMA="Português" FLAG-RELEVANCIA="NAO"/><DETALHAMENTO-DE-OUTRAS-ORIENTACOES-CONCLUIDAS NOME-DO-ORIENTADO="Lucia Reis" CODIGO-INSTITUICAO="000300000995" NOME-DA-INSTITUICAO="Sociedade Augusto Mota" CODIGO-CURSO="90000000" NOME-DO-CURSO="Educação Física" FLAG-BOLSA="NAO" TIPO-DE-ORIENTACAO-CONCLUIDA="CO_ORIENTADOR"/></OUTRAS-ORIENTACOES-CONCLUIDAS></ORIENTACOES-CONCLUIDAS></OUTRA-PRODUCAO><DADOS-COMPLEMENTARES><PARTICIPACAO-EM-BANCA-TRABALHOS-CONCLUSAO><PARTICIPACAO-EM-BANCA-DE-GRADUACAO SEQUENCIA-PRODUCAO="9"><DADOS-BASICOS-DA-PARTICIPACAO-EM-BANCA-DE-GRADUACAO NATUREZA="Graduação" TITULO="Jogos Cooperativos" ANO="2005" PAIS="Brasil" IDIOMA="Português"/><DETALHAMENTO-DA-PARTICIPACAO-EM-BANCA-DE-GRADUACAO NOME-DO-CANDIDATO="Amanda" CODIGO-INSTITUICAO="000300000995" NOME-INSTITUICAO="Sociedade Augusto Mota"/><PARTICIPANTE-BANCA NOME-COMPLETO-DO-PARTICIPANTE-DA-BANCA="Lucia da Costa Leite Reis" NOME-PARA-CITACAO-DO-PARTICIPANTE-DA-BANCA="REIS, L. C. L." ORDEM-PARTICIPANTE="1" NRO-ID-CNPQ="1720821620296710"/></PARTICIPACAO-EM-BANCA-DE-GRADUACAO></PARTICIPACAO-EM-BANCA-TRABALHOS-CONCLUSAO><PARTICIPACAO-EM-EVENTOS-CONGRESSOS><PARTICIPACAO-EM-CONGRESSO SEQUENCIA-PRODUCAO="5"><PARTICIPANTE-DE-EVENTOS-CONGRESSOS NOME-COMPLETO-DO-PARTICIPANTE-DE-EVENTOS-CONGRESSOS="Lucia da Costa Leite Reis" NOME-PARA-CITACAO-DO-PARTICIPANTE-DE-EVENTOS-CONGRESSOS="REIS, L. C. L." ORDEM-PARTICIPANTE="1" NRO-ID-CNPQ="1720821620296710"/><DADOS-BASICOS-DA-PARTICIPACAO-EM-CONGRESSO NATUREZA="Congresso" TITULO="Congresso de Lingua Portuguesa" ANO="1998" PAIS="Espanha" MEIO-DE-DIVULGACAO="NAO_INFORMADO" FLAG-RELEVANCIA="NAO" TIPO-PARTICIPACAO="Poster / Painel" FORMA-PARTICIPACAO="Participante" TITULO-INGLES="Congresso de Lingua Portuguesa" FLAG-DIVULGACAO-CIENTIFICA="NAO"/><DETALHAMENTO-DA-PARTICIPACAO-EM-CONGRESSO NOME-DO-EVENTO="Congresso dos Paises de Lingua Portuguesa" CIDADE-DO-EVENTO="La Corunã"/></PARTICIPACAO-EM-CONGRESSO><PARTICIPACAO-EM-SEMINARIO SEQUENCIA-PRODUCAO="7"><PARTICIPANTE-DE-EVENTOS-CONGRESSOS NOME-COMPLETO-DO-PARTICIPANTE-DE-EVENTOS-CONGRESSOS="Lucia da Costa Leite Reis" NOME-PARA-CITACAO-DO-PARTICIPANTE-DE-EVENTOS-CONGRESSOS="REIS, L. C. L." ORDEM-PARTICIPANTE="1" NRO-ID-CNPQ="1720821620296710"/><DADOS-BASICOS-DA-PARTICIPACAO-EM-SEMINARIO NATUREZA="Seminário" ANO="1998" PAIS="Brasil" MEIO-DE-DIVULGACAO="NAO_INFORMADO" FLAG-RELEVANCIA="NAO" FORMA-PARTICIPACAO="Ouvinte" FLAG-DIVULGACAO-CIENTIFICA="NAO"/><DETALHAMENTO-DA-PARTICIPACAO-EM-SEMINARIO NOME-DO-EVENTO="Seminário de História , Lazer e Ed Fisica" CIDADE-DO-EVENTO="Belo Horizonte"/></PARTICIPACAO-EM-SEMINARIO><PARTICIPACAO-EM-SIMPOSIO SEQUENCIA-PRODUCAO="14"><PARTICIPANTE-DE-EVENTOS-CONGRESSOS NOME-COMPLETO-DO-PARTICIPANTE-DE-EVENTOS-CONGRESSOS="Lucia da Costa Leite Reis" NOME-PARA-CITACAO-DO-PARTICIPANTE-DE-EVENTOS-CONGRESSOS="REIS, L. C. L." ORDEM-PARTICIPANTE="1" NRO-ID-CNPQ="1720821620296710"/><DADOS-BASICOS-DA-PARTICIPACAO-EM-SIMPOSIO NATUREZA="Simpósio" TITULO="HISTORIA DO FUTEBOL FEMININO NO RIO DEJANEIRO" ANO="2013" PAIS="Brasil" MEIO-DE-DIVULGACAO="NAO_INFORMADO" FLAG-RELEVANCIA="NAO" TIPO-PARTICIPACAO="Apresentação oral" FORMA-PARTICIPACAO="Participante" FLAG-DIVULGACAO-CIENTIFICA="SIM"/><DETALHAMENTO-DA-PARTICIPACAO-EM-SIMPOSIO NOME-DO-EVENTO="I FORUM DE FUTEBOL FEMININO" CIDADE-DO-EVENTO="RIO DE JANEIRO"/></PARTICIPACAO-EM-SIMPOSIO><PARTICIPACAO-EM-ENCONTRO SEQUENCIA-PRODUCAO="6"><PARTICIPANTE-DE-EVENTOS-CONGRESSOS NOME-COMPLETO-DO-PARTICIPANTE-DE-EVENTOS-CONGRESSOS="Lucia da Costa Leite Reis" NOME-PARA-CITACAO-DO-PARTICIPANTE-DE-EVENTOS-CONGRESSOS="REIS, L. C. L." ORDEM-PARTICIPANTE="1" NRO-ID-CNPQ="1720821620296710"/><DADOS-BASICOS-DA-PARTICIPACAO-EM-ENCONTRO NATUREZA="Encontro" ANO="1998" PAIS="Brasil" MEIO-DE-DIVULGACAO="NAO_INFORMADO" FLAG-RELEVANCIA="NAO" FORMA-PARTICIPACAO="Ouvinte" FLAG-DIVULGACAO-CIENTIFICA="NAO"/><DETALHAMENTO-DA-PARTICIPACAO-EM-ENCONTRO NOME-DO-EVENTO="ENAF" CIDADE-DO-EVENTO="Minas Gerais"/></PARTICIPACAO-EM-ENCONTRO></PARTICIPACAO-EM-EVENTOS-CONGRESSOS><INFORMACOES-ADICIONAIS-INSTITUICOES><INFORMACAO-ADICIONAL-INSTITUICAO CODIGO-INSTITUICAO="000100000991" SIGLA-INSTITUICAO="UNISUAM" SIGLA-UF-INSTITUICAO="RJ" SIGLA-PAIS-INSTITUICAO="BRA" NOME-PAIS-INSTITUICAO="Brasil" FLAG-AGENCIA-FOMENTO="NAO" FLAG-INSTITUICAO-DE-ENSINO="NAO"/><INFORMACAO-ADICIONAL-INSTITUICAO CODIGO-INSTITUICAO="000101000995" SIGLA-UF-INSTITUICAO="RJ" SIGLA-PAIS-INSTITUICAO="BRA" NOME-PAIS-INSTITUICAO="Brasil" FLAG-AGENCIA-FOMENTO="NAO" FLAG-INSTITUICAO-DE-ENSINO="NAO"/><INFORMACAO-ADICIONAL-INSTITUICAO CODIGO-INSTITUICAO="000200000993" SIGLA-INSTITUICAO="UNISUAM" SIGLA-UF-INSTITUICAO="RJ" SIGLA-PAIS-INSTITUICAO="BRA" NOME-PAIS-INSTITUICAO="Brasil" FLAG-AGENCIA-FOMENTO="NAO" FLAG-INSTITUICAO-DE-ENSINO="NAO"/><INFORMACAO-ADICIONAL-INSTITUICAO CODIGO-INSTITUICAO="000300000995" SIGLA-INSTITUICAO="UNISUAM" SIGLA-UF-INSTITUICAO="RJ" SIGLA-PAIS-INSTITUICAO="BRA" NOME-PAIS-INSTITUICAO="Brasil" FLAG-AGENCIA-FOMENTO="NAO" FLAG-INSTITUICAO-DE-ENSINO="NAO"/><INFORMACAO-ADICIONAL-INSTITUICAO CODIGO-INSTITUICAO="000400000997" SIGLA-INSTITUICAO="UNISUAM" SIGLA-UF-INSTITUICAO="RJ" SIGLA-PAIS-INSTITUICAO="BRA" NOME-PAIS-INSTITUICAO="Brasil" FLAG-AGENCIA-FOMENTO="NAO" FLAG-INSTITUICAO-DE-ENSINO="NAO"/><INFORMACAO-ADICIONAL-INSTITUICAO CODIGO-INSTITUICAO="000500000999" SIGLA-INSTITUICAO="SME" SIGLA-UF-INSTITUICAO="RJ" SIGLA-PAIS-INSTITUICAO="BRA" NOME-PAIS-INSTITUICAO="Brasil" FLAG-AGENCIA-FOMENTO="NAO" FLAG-INSTITUICAO-DE-ENSINO="NAO"/><INFORMACAO-ADICIONAL-INSTITUICAO CODIGO-INSTITUICAO="000600000990" SIGLA-INSTITUICAO="SME" SIGLA-UF-INSTITUICAO="RJ" SIGLA-PAIS-INSTITUICAO="BRA" NOME-PAIS-INSTITUICAO="Brasil" FLAG-AGENCIA-FOMENTO="NAO" FLAG-INSTITUICAO-DE-ENSINO="NAO"/><INFORMACAO-ADICIONAL-INSTITUICAO CODIGO-INSTITUICAO="201901000990" SIGLA-UF-INSTITUICAO="RJ" SIGLA-PAIS-INSTITUICAO="BRA" NOME-PAIS-INSTITUICAO="Brasil" FLAG-AGENCIA-FOMENTO="NAO" FLAG-INSTITUICAO-DE-ENSINO="NAO"/></INFORMACOES-ADICIONAIS-INSTITUICOES><INFORMACOES-ADICIONAIS-CURSOS><INFORMACAO-ADICIONAL-CURSO CODIGO-CURSO="90000000" CODIGO-INSTITUICAO="000300000995" NOME-INSTITUICAO="Sociedade Augusto Mota" NOME-GRANDE-AREA-DO-CONHECIMENTO="CIENCIAS_DA_SAUDE" NOME-DA-AREA-DO-CONHECIMENTO="Educação Física" NIVEL-CURSO="GRADUACAO"/><INFORMACAO-ADICIONAL-CURSO CODIGO-CURSO="90000001" CODIGO-INSTITUICAO="201900000008" NOME-INSTITUICAO="Centro Universitário Augusto Motta" NOME-GRANDE-AREA-DO-CONHECIMENTO="CIENCIAS_DA_SAUDE" NOME-DA-AREA-DO-CONHECIMENTO="Educação Física" NIVEL-CURSO="GRADUACAO"/></INFORMACOES-ADICIONAIS-CURSOS></DADOS-COMPLEMENTARES><eventos/><DADOS-GERAIS-COMPLEMENTO><DATA-VALIDACAO>1481902787000</DATA-VALIDACAO><DATA-ATUALIZACAO-CURRICULO>1404747365000</DATA-ATUALIZACAO-CURRICULO><EMAIL-ALTERNATIVO>lucostaleitereis@hotmail.com</EMAIL-ALTERNATIVO><IDIOMA-CURRICULO>PT</IDIOMA-CURRICULO><VERSAO-INGLES>S</VERSAO-INGLES><VALIDADO-SRF>N</VALIDADO-SRF></DADOS-GERAIS-COMPLEMENTO></CURRICULO-VITAE>