<CURRICULO-VITAE SISTEMA-ORIGEM-XML="LATTES_OFFLINE" NUMERO-IDENTIFICADOR="2492233349414455" FORMATO-DATA-ATUALIZACAO="DDMMAAAA" DATA-ATUALIZACAO="29032017" FORMATO-HORA-ATUALIZACAO="HHMMSS" HORA-ATUALIZACAO="212934"><DADOS-GERAIS NOME-COMPLETO="Marcela Dutra de Oliveira Soalheiro Cruz" NOME-EM-CITACOES-BIBLIOGRAFICAS="CRUZ, Marcela D. O. S.;SOALHEIRO, Marcela" NACIONALIDADE="B" PAIS-DE-NASCIMENTO="Brasil" FORMATO-DATA-DE-NASCIMENTO="DDMMAAAA" FORMATO-DATA-DE-EMISSAO="DDMMAAAA" PERMISSAO-DE-DIVULGACAO="NAO" DATA-FALECIMENTO="" SIGLA-PAIS-NACIONALIDADE="BRA" PAIS-DE-NACIONALIDADE="Brasil"><RESUMO-CV TEXTO-RESUMO-CV-RH="Bacharel pelo curso de Comunicação Social com habilitação em Cinema da Universidade Federal Fluminense (UFF) em 2011. Finalizou em 2014 o Mestrado com Bolsa Capes em Comunicação Social na linha de Estudos de Cinema e Audiovisual do Programa de Pós Graduação em Comunicação Social da Universidade Federal Fluminense (PPGCOM-UFF) com a pesquisa: JANE AUSTEN É POP - o papel do leitor e do espectador na Austen Mania. Em 2012 tornou-se sócia fundadora da empresa Geringonça Filmes Produções Artísticas, a qual administra, atuando em diversas áreas de produções audiovisuais e culturais. É professora de Produção Audiovisual, Estética e Cultura, Método e Pesquisa Científica em Comunicação e Telejornalismo para o curso de bacharelado em Jornalismo e coordenadora do Centro de TV no Centro Universitário Augusto Motta (UNISUAM)." TEXTO-RESUMO-CV-RH-EN="graduation at Comunicação Social - Cinema from Universidade Federal Fluminense (2011) and master's at Comunication from Universidade Federal Fluminense (2014). Has experience in Comunication, focusing on Comunication, acting on the following subjects: apropriação, cinema, austen, literatura and adaptação."/><ENDERECO FLAG-DE-PREFERENCIA="ENDERECO_RESIDENCIAL"><ENDERECO-PROFISSIONAL CODIGO-INSTITUICAO-EMPRESA="" NOME-INSTITUICAO-EMPRESA="" CODIGO-ORGAO="" NOME-ORGAO="" CODIGO-UNIDADE="" NOME-UNIDADE="" LOGRADOURO-COMPLEMENTO="" PAIS="" UF="" CEP="" CIDADE="" BAIRRO="" DDD="" TELEFONE="" RAMAL="" FAX="" E-MAIL="marcela_soalheiro@id.uff.br" HOME-PAGE=""/></ENDERECO><FORMACAO-ACADEMICA-TITULACAO><GRADUACAO SEQUENCIA-FORMACAO="1" NIVEL="1" TITULO-DO-TRABALHO-DE-CONCLUSAO-DE-CURSO="Jane Austen é pop: o papel do leitor e do espectador na Austen Mania" NOME-DO-ORIENTADOR="Maurício de Bragança" CODIGO-INSTITUICAO="000500000000" NOME-INSTITUICAO="Universidade Federal Fluminense" CODIGO-ORGAO="" NOME-ORGAO="" CODIGO-CURSO="90000000" NOME-CURSO="Comunicação Social - Cinema" CODIGO-AREA-CURSO="90000000" STATUS-DO-CURSO="CONCLUIDO" ANO-DE-INICIO="2005" ANO-DE-CONCLUSAO="2011" FLAG-BOLSA="NAO" CODIGO-AGENCIA-FINANCIADORA="" NOME-AGENCIA="" NUMERO-ID-ORIENTADOR="" CODIGO-CURSO-CAPES="" TITULO-DO-TRABALHO-DE-CONCLUSAO-DE-CURSO-INGLES="" NOME-CURSO-INGLES="" FORMACAO-ACADEMICA-TITULACAO="" TIPO-GRADUACAO="" CODIGO-INSTITUICAO-GRAD="" NOME-INSTITUICAO-GRAD="" CODIGO-INSTITUICAO-OUTRA-GRAD="" NOME-INSTITUICAO-OUTRA-GRAD="" NOME-ORIENTADOR-GRAD=""/><MESTRADO SEQUENCIA-FORMACAO="2" NIVEL="3" CODIGO-INSTITUICAO="000500000000" NOME-INSTITUICAO="Universidade Federal Fluminense" CODIGO-ORGAO="" NOME-ORGAO="" CODIGO-CURSO="60003898" NOME-CURSO="Comunicação" CODIGO-AREA-CURSO="60900008" STATUS-DO-CURSO="CONCLUIDO" ANO-DE-INICIO="2012" ANO-DE-CONCLUSAO="2014" FLAG-BOLSA="SIM" CODIGO-AGENCIA-FINANCIADORA="045000000000" NOME-AGENCIA="Coordenação de Aperfeiçoamento de Pessoal de Nível Superior" ANO-DE-OBTENCAO-DO-TITULO="2014" TITULO-DA-DISSERTACAO-TESE="Jane Austen é pop: o papel do espectador e do leitor na Austen Mania" NOME-COMPLETO-DO-ORIENTADOR="Maurício de Bragança" TIPO-MESTRADO="N" NUMERO-ID-ORIENTADOR="8492998821902029" CODIGO-CURSO-CAPES="31003010040P6" TITULO-DA-DISSERTACAO-TESE-INGLES="" NOME-CURSO-INGLES="Comunication" NOME-DO-CO-ORIENTADOR="" CODIGO-INSTITUICAO-DOUT="" NOME-INSTITUICAO-DOUT="" CODIGO-INSTITUICAO-OUTRA-DOUT="" NOME-INSTITUICAO-OUTRA-DOUT="" NOME-ORIENTADOR-DOUT=""><PALAVRAS-CHAVE PALAVRA-CHAVE-1="Adaptação" PALAVRA-CHAVE-2="Apropriação" PALAVRA-CHAVE-3="Literatura" PALAVRA-CHAVE-4="Cinema" PALAVRA-CHAVE-5="Austen" PALAVRA-CHAVE-6=""/><AREAS-DO-CONHECIMENTO><AREA-DO-CONHECIMENTO-1 NOME-GRANDE-AREA-DO-CONHECIMENTO="LINGUISTICA_LETRAS_E_ARTES" NOME-DA-AREA-DO-CONHECIMENTO="" NOME-DA-SUB-AREA-DO-CONHECIMENTO="Cinema" NOME-DA-ESPECIALIDADE=""/></AREAS-DO-CONHECIMENTO><conceitoCapes/></MESTRADO><DOUTORADO SEQUENCIA-FORMACAO="3" NIVEL="4" CODIGO-INSTITUICAO="011100000008" NOME-INSTITUICAO="Pontifícia Universidade Católica do Rio de Janeiro" CODIGO-ORGAO="" NOME-ORGAO="" CODIGO-CURSO="60020172" NOME-CURSO="Comunicação" CODIGO-AREA-CURSO="60900008" STATUS-DO-CURSO="EM_ANDAMENTO" ANO-DE-INICIO="2017" ANO-DE-CONCLUSAO="" FLAG-BOLSA="SIM" CODIGO-AGENCIA-FINANCIADORA="045000000000" NOME-AGENCIA="Coordenação de Aperfeiçoamento de Pessoal de Nível Superior" ANO-DE-OBTENCAO-DO-TITULO="" TITULO-DA-DISSERTACAO-TESE="Mudança e Permanência ? A adaptação literária enquanto espaço de memória" NOME-COMPLETO-DO-ORIENTADOR="Vera Lúcia Follain de Figueiredo" TIPO-DOUTORADO="N" CODIGO-INSTITUICAO-DOUT="" NOME-INSTITUICAO-DOUT="" CODIGO-INSTITUICAO-OUTRA-DOUT="" NOME-INSTITUICAO-OUTRA-DOUT="" NOME-ORIENTADOR-DOUT="" NUMERO-ID-ORIENTADOR="" CODIGO-CURSO-CAPES="31005012029P1" TITULO-DA-DISSERTACAO-TESE-INGLES="" NOME-CURSO-INGLES="Comunication" NOME-DO-ORIENTADOR-CO-TUTELA="" CODIGO-INSTITUICAO-OUTRA-CO-TUTELA="" CODIGO-INSTITUICAO-CO-TUTELA="" NOME-DO-ORIENTADOR-SANDUICHE="" CODIGO-INSTITUICAO-OUTRA-SANDUICHE="" CODIGO-INSTITUICAO-SANDUICHE="" NOME-DO-CO-ORIENTADOR=""><PALAVRAS-CHAVE PALAVRA-CHAVE-1="Adaptação" PALAVRA-CHAVE-2="Apropriação" PALAVRA-CHAVE-3="Cinema" PALAVRA-CHAVE-4="Literatura" PALAVRA-CHAVE-5="Memória" PALAVRA-CHAVE-6=""/><conceitoCapes/></DOUTORADO></FORMACAO-ACADEMICA-TITULACAO><ATUACOES-PROFISSIONAIS><ATUACAO-PROFISSIONAL CODIGO-INSTITUICAO="000500000000" NOME-INSTITUICAO="Universidade Federal Fluminense" SEQUENCIA-ATIVIDADE="1" SEQUENCIA-IMPORTANCIA="3"><VINCULOS SEQUENCIA-HISTORICO="1" TIPO-DE-VINCULO="LIVRE" ENQUADRAMENTO-FUNCIONAL="LIVRE" CARGA-HORARIA-SEMANAL="4" FLAG-DEDICACAO-EXCLUSIVA="NAO" MES-INICIO="04" ANO-INICIO="2013" MES-FIM="08" ANO-FIM="2013" OUTRAS-INFORMACOES="Disciplina ministrada com Carolina Oliveira do Amaral sob orientação de Maurício de Bragança: -Tópicos de cinema de gênero." FLAG-VINCULO-EMPREGATICIO="SIM" OUTRO-VINCULO-INFORMADO="Bolsista" OUTRO-ENQUADRAMENTO-FUNCIONAL-INFORMADO="Estágio" OUTRO-ENQUADRAMENTO-FUNCIONAL-INFORMADO-INGLES="" OUTRAS-INFORMACOES-INGLES=""/><VINCULOS SEQUENCIA-HISTORICO="2" TIPO-DE-VINCULO="LIVRE" ENQUADRAMENTO-FUNCIONAL="LIVRE" CARGA-HORARIA-SEMANAL="" FLAG-DEDICACAO-EXCLUSIVA="SIM" MES-INICIO="03" ANO-INICIO="2012" MES-FIM="08" ANO-FIM="2014" OUTRAS-INFORMACOES="Realização da pesquisa de mestrado: Jane Austen é pop - o papel do leitor e do espectador na Austen Mania, sob orientação do Professor Maurício de Bragança" FLAG-VINCULO-EMPREGATICIO="SIM" OUTRO-VINCULO-INFORMADO="Bolsista" OUTRO-ENQUADRAMENTO-FUNCIONAL-INFORMADO="Pesquisadora" OUTRO-ENQUADRAMENTO-FUNCIONAL-INFORMADO-INGLES="" OUTRAS-INFORMACOES-INGLES=""/><OUTRAS-ATIVIDADES-TECNICO-CIENTIFICA><OUTRA-ATIVIDADE-TECNICO-CIENTIFICA SEQUENCIA-FUNCAO-ATIVIDADE="1" FLAG-PERIODO="ANTERIOR" MES-INICIO="02" ANO-INICIO="2013" MES-FIM="08" ANO-FIM="2013" CODIGO-ORGAO="000502000007" NOME-ORGAO="Centro de Estudos Gerais" CODIGO-UNIDADE="000502008008" ATIVIDADE-REALIZADA="Disciplina" NOME-UNIDADE="Centro de Estudos Gerais"/></OUTRAS-ATIVIDADES-TECNICO-CIENTIFICA><atividadesProfissionaisPlanificadas/></ATUACAO-PROFISSIONAL><ATUACAO-PROFISSIONAL CODIGO-INSTITUICAO="000100000991" NOME-INSTITUICAO="Geringonça Filmes e Produções Artísticas" SEQUENCIA-ATIVIDADE="2" SEQUENCIA-IMPORTANCIA="1"><VINCULOS SEQUENCIA-HISTORICO="1" TIPO-DE-VINCULO="LIVRE" ENQUADRAMENTO-FUNCIONAL="LIVRE" CARGA-HORARIA-SEMANAL="20" FLAG-DEDICACAO-EXCLUSIVA="NAO" MES-INICIO="04" ANO-INICIO="2012" MES-FIM="" ANO-FIM="" OUTRAS-INFORMACOES="Produtora Produtora Executiva Gestora Administradora" FLAG-VINCULO-EMPREGATICIO="SIM" OUTRO-VINCULO-INFORMADO="Sócia Administradora" OUTRO-ENQUADRAMENTO-FUNCIONAL-INFORMADO="Administradora" OUTRO-ENQUADRAMENTO-FUNCIONAL-INFORMADO-INGLES="" OUTRAS-INFORMACOES-INGLES=""/><atividadesProfissionaisPlanificadas/></ATUACAO-PROFISSIONAL><ATUACAO-PROFISSIONAL CODIGO-INSTITUICAO="000200000993" NOME-INSTITUICAO="Daros Latinamerica" SEQUENCIA-ATIVIDADE="3" SEQUENCIA-IMPORTANCIA="6"><VINCULOS SEQUENCIA-HISTORICO="1" TIPO-DE-VINCULO="LIVRE" ENQUADRAMENTO-FUNCIONAL="LIVRE" CARGA-HORARIA-SEMANAL="20" FLAG-DEDICACAO-EXCLUSIVA="NAO" MES-INICIO="07" ANO-INICIO="2008" MES-FIM="01" ANO-FIM="2009" OUTRAS-INFORMACOES="Estágio em Comunicação Social e Produção de Eventos" FLAG-VINCULO-EMPREGATICIO="SIM" OUTRO-VINCULO-INFORMADO="Estágio" OUTRO-ENQUADRAMENTO-FUNCIONAL-INFORMADO="Estágio" OUTRO-ENQUADRAMENTO-FUNCIONAL-INFORMADO-INGLES="" OUTRAS-INFORMACOES-INGLES=""/><atividadesProfissionaisPlanificadas/></ATUACAO-PROFISSIONAL><ATUACAO-PROFISSIONAL CODIGO-INSTITUICAO="000300000995" NOME-INSTITUICAO="Burburinho Cultural" SEQUENCIA-ATIVIDADE="4" SEQUENCIA-IMPORTANCIA="7"><VINCULOS SEQUENCIA-HISTORICO="1" TIPO-DE-VINCULO="LIVRE" ENQUADRAMENTO-FUNCIONAL="LIVRE" CARGA-HORARIA-SEMANAL="20" FLAG-DEDICACAO-EXCLUSIVA="NAO" MES-INICIO="08" ANO-INICIO="2006" MES-FIM="10" ANO-FIM="2006" OUTRAS-INFORMACOES="" FLAG-VINCULO-EMPREGATICIO="SIM" OUTRO-VINCULO-INFORMADO="Estágio" OUTRO-ENQUADRAMENTO-FUNCIONAL-INFORMADO="Estágiária" OUTRO-ENQUADRAMENTO-FUNCIONAL-INFORMADO-INGLES="" OUTRAS-INFORMACOES-INGLES=""/><atividadesProfissionaisPlanificadas/></ATUACAO-PROFISSIONAL><ATUACAO-PROFISSIONAL CODIGO-INSTITUICAO="000400000997" NOME-INSTITUICAO="Suma Filmes e Produções Cinematográficas LTDA" SEQUENCIA-ATIVIDADE="5" SEQUENCIA-IMPORTANCIA="5"><VINCULOS SEQUENCIA-HISTORICO="1" TIPO-DE-VINCULO="LIVRE" ENQUADRAMENTO-FUNCIONAL="LIVRE" CARGA-HORARIA-SEMANAL="24" FLAG-DEDICACAO-EXCLUSIVA="NAO" MES-INICIO="03" ANO-INICIO="2015" MES-FIM="06" ANO-FIM="2015" OUTRAS-INFORMACOES="Produção Executiva do Projeto Drag-se. Premiado no Programa de Investimento Seletivo Não Reembolsável da RIOFILME, 2014." FLAG-VINCULO-EMPREGATICIO="SIM" OUTRO-VINCULO-INFORMADO="Contratada" OUTRO-ENQUADRAMENTO-FUNCIONAL-INFORMADO="Produtora Executiva" OUTRO-ENQUADRAMENTO-FUNCIONAL-INFORMADO-INGLES="" OUTRAS-INFORMACOES-INGLES=""/><OUTRAS-ATIVIDADES-TECNICO-CIENTIFICA><OUTRA-ATIVIDADE-TECNICO-CIENTIFICA SEQUENCIA-FUNCAO-ATIVIDADE="1" FLAG-PERIODO="ANTERIOR" MES-INICIO="03" ANO-INICIO="2015" MES-FIM="06" ANO-FIM="2015" CODIGO-ORGAO="000401000990" NOME-ORGAO="Suma Filmes e Produções Cinematográficas LTDA" CODIGO-UNIDADE="" ATIVIDADE-REALIZADA="Produção Executiva da série documental DRAG-SE" NOME-UNIDADE="Suma Filmes e Produções Cinematográficas LTDA"/></OUTRAS-ATIVIDADES-TECNICO-CIENTIFICA><atividadesProfissionaisPlanificadas/></ATUACAO-PROFISSIONAL><ATUACAO-PROFISSIONAL CODIGO-INSTITUICAO="003900000001" NOME-INSTITUICAO="Fundação Oswaldo Cruz" SEQUENCIA-ATIVIDADE="6" SEQUENCIA-IMPORTANCIA="4"><VINCULOS SEQUENCIA-HISTORICO="1" TIPO-DE-VINCULO="LIVRE" ENQUADRAMENTO-FUNCIONAL="LIVRE" CARGA-HORARIA-SEMANAL="" FLAG-DEDICACAO-EXCLUSIVA="NAO" MES-INICIO="04" ANO-INICIO="2015" MES-FIM="10" ANO-FIM="2015" OUTRAS-INFORMACOES="Pesquisa Qualitativa de Recepção e Espectatorialidade do Canal Saúde" FLAG-VINCULO-EMPREGATICIO="SIM" OUTRO-VINCULO-INFORMADO="Bolsista" OUTRO-ENQUADRAMENTO-FUNCIONAL-INFORMADO="Pesquisadora" OUTRO-ENQUADRAMENTO-FUNCIONAL-INFORMADO-INGLES="" OUTRAS-INFORMACOES-INGLES=""/><atividadesProfissionaisPlanificadas/></ATUACAO-PROFISSIONAL><ATUACAO-PROFISSIONAL CODIGO-INSTITUICAO="201900000008" NOME-INSTITUICAO="Centro Universitário Augusto Motta" SEQUENCIA-ATIVIDADE="7" SEQUENCIA-IMPORTANCIA="2"><VINCULOS SEQUENCIA-HISTORICO="1" TIPO-DE-VINCULO="LIVRE" ENQUADRAMENTO-FUNCIONAL="LIVRE" CARGA-HORARIA-SEMANAL="20" FLAG-DEDICACAO-EXCLUSIVA="NAO" MES-INICIO="09" ANO-INICIO="2015" MES-FIM="" ANO-FIM="" OUTRAS-INFORMACOES="Professora Coordenadora de Projeto de Extensão: Centro de TV Orientadora" FLAG-VINCULO-EMPREGATICIO="SIM" OUTRO-VINCULO-INFORMADO="" OUTRO-ENQUADRAMENTO-FUNCIONAL-INFORMADO="Professora" OUTRO-ENQUADRAMENTO-FUNCIONAL-INFORMADO-INGLES="" OUTRAS-INFORMACOES-INGLES=""/><ATIVIDADES-DE-ENSINO><ENSINO SEQUENCIA-FUNCAO-ATIVIDADE="4" FLAG-PERIODO="ATUAL" TIPO-ENSINO="GRADUACAO" MES-INICIO="09" ANO-INICIO="2015" MES-FIM="" ANO-FIM="" CODIGO-ORGAO="" NOME-ORGAO="" CODIGO-CURSO="60298081" NOME-CURSO="Comunicação Social - Jornalismo" NOME-CURSO-INGLES=""><DISCIPLINA SEQUENCIA-ESPECIFICACAO="1">Telejornalismo</DISCIPLINA></ENSINO><ENSINO SEQUENCIA-FUNCAO-ATIVIDADE="5" FLAG-PERIODO="ATUAL" TIPO-ENSINO="GRADUACAO" MES-INICIO="02" ANO-INICIO="2016" MES-FIM="" ANO-FIM="" CODIGO-ORGAO="" NOME-ORGAO="" CODIGO-CURSO="60298081" NOME-CURSO="Comunicação Social - Jornalismo" NOME-CURSO-INGLES=""><DISCIPLINA SEQUENCIA-ESPECIFICACAO="1">Técnica de Pesquisa em Comunicação Social </DISCIPLINA></ENSINO><ENSINO SEQUENCIA-FUNCAO-ATIVIDADE="10" FLAG-PERIODO="ATUAL" TIPO-ENSINO="GRADUACAO" MES-INICIO="07" ANO-INICIO="2016" MES-FIM="" ANO-FIM="" CODIGO-ORGAO="" NOME-ORGAO="" CODIGO-CURSO="60298081" NOME-CURSO="Comunicação Social - Jornalismo" NOME-CURSO-INGLES=""><DISCIPLINA SEQUENCIA-ESPECIFICACAO="1">Estética e Cultura de Massa</DISCIPLINA></ENSINO><ENSINO SEQUENCIA-FUNCAO-ATIVIDADE="3" FLAG-PERIODO="ANTERIOR" TIPO-ENSINO="GRADUACAO" MES-INICIO="09" ANO-INICIO="2015" MES-FIM="12" ANO-FIM="2015" CODIGO-ORGAO="" NOME-ORGAO="" CODIGO-CURSO="60298081" NOME-CURSO="Comunicação Social - Jornalismo" NOME-CURSO-INGLES=""><DISCIPLINA SEQUENCIA-ESPECIFICACAO="1">Produção de Vídeo</DISCIPLINA></ENSINO></ATIVIDADES-DE-ENSINO><ATIVIDADES-DE-EXTENSAO-UNIVERSITARIA><EXTENSAO-UNIVERSITARIA SEQUENCIA-FUNCAO-ATIVIDADE="7" FLAG-PERIODO="ATUAL" MES-INICIO="09" ANO-INICIO="2015" MES-FIM="" ANO-FIM="" CODIGO-ORGAO="201901000990" NOME-ORGAO="Núcleo Hans Donner de Jornalismo" CODIGO-UNIDADE="" NOME-UNIDADE="" ATIVIDADE-DE-EXTENSAO-REALIZADA="Laboratório de texto telejornalístico"/><EXTENSAO-UNIVERSITARIA SEQUENCIA-FUNCAO-ATIVIDADE="8" FLAG-PERIODO="ATUAL" MES-INICIO="09" ANO-INICIO="2015" MES-FIM="" ANO-FIM="" CODIGO-ORGAO="201901000990" NOME-ORGAO="Núcleo Hans Donner de Jornalismo" CODIGO-UNIDADE="" NOME-UNIDADE="" ATIVIDADE-DE-EXTENSAO-REALIZADA="Laboratório de produção e gravação"/><EXTENSAO-UNIVERSITARIA SEQUENCIA-FUNCAO-ATIVIDADE="13" FLAG-PERIODO="ANTERIOR" MES-INICIO="07" ANO-INICIO="2016" MES-FIM="10" ANO-FIM="2016" CODIGO-ORGAO="201901000990" NOME-ORGAO="Núcleo Hans Donner de Jornalismo" CODIGO-UNIDADE="" NOME-UNIDADE="" ATIVIDADE-DE-EXTENSAO-REALIZADA="Extensão em Comunicação"/><EXTENSAO-UNIVERSITARIA SEQUENCIA-FUNCAO-ATIVIDADE="9" FLAG-PERIODO="ATUAL" MES-INICIO="09" ANO-INICIO="2015" MES-FIM="" ANO-FIM="" CODIGO-ORGAO="201901000990" NOME-ORGAO="Núcleo Hans Donner de Jornalismo" CODIGO-UNIDADE="" NOME-UNIDADE="" ATIVIDADE-DE-EXTENSAO-REALIZADA="Produção de conteúdo audiovisual"/></ATIVIDADES-DE-EXTENSAO-UNIVERSITARIA><ATIVIDADES-DE-PARTICIPACAO-EM-PROJETO><PARTICIPACAO-EM-PROJETO SEQUENCIA-FUNCAO-ATIVIDADE="2" FLAG-PERIODO="ATUAL" MES-INICIO="" ANO-INICIO="2016" MES-FIM="" ANO-FIM="" CODIGO-ORGAO="201901000990" NOME-ORGAO="Núcleo Hans Donner de Jornalismo" CODIGO-UNIDADE="" NOME-UNIDADE=""><PROJETO-DE-PESQUISA SEQUENCIA-PROJETO="1" ANO-INICIO="2016" ANO-FIM="" NOME-DO-PROJETO="Centro de TV" SITUACAO="EM_ANDAMENTO" NATUREZA="EXTENSAO" NUMERO-GRADUACAO="20" NUMERO-ESPECIALIZACAO="" NUMERO-MESTRADO-ACADEMICO="" NUMERO-MESTRADO-PROF="" NUMERO-DOUTORADO="" DESCRICAO-DO-PROJETO="O Centro de TV UNISUAM foi criado em 2008, com o objetivo de ser um espaço de produção laboratorial, ou seja, um local de criação de programas e de linguagens novas para a TV. Além disso, o Centro de TV, que é um projeto de Extensão do curso de Comunicação Social, prepara os alunos de Jornalismo para o mercado de trabalho. A ideia é oferecer a oportunidade de colocar na prática o que está sendo aprendido em sala de aula e incentivar os futuros jornalistas a ter um olhar de maior responsabilidade social. Por isso, a vocação do Centro de TV para a educação, a cultura, a saúde e a cidadania para, desta forma, informar, mas também ajudar a formar cidadãos mais conscientes.  Coordenação: Professora Marcela Soalheiro" IDENTIFICADOR-PROJETO="" DESCRICAO-DO-PROJETO-INGLES="" NOME-DO-PROJETO-INGLES="Centro de TV" FLAG-POTENCIAL-INOVACAO="NAO" FLAG-PROJETO-CERTIFICADO="nao" NOME-COORDENADOR-CERTIFICACAO="" FORMATO-DATA-CERTIFICACAO="DDMMAAAA" DATA-CERTIFICACAO="" NUMERO_TECNICO_NIVEL_MEDIO=""><EQUIPE-DO-PROJETO><INTEGRANTES-DO-PROJETO NOME-COMPLETO="Marcela Dutra de Oliveira Soalheiro Cruz" NOME-PARA-CITACAO="CRUZ, Marcela D. O. S.;SOALHEIRO, Marcela" ORDEM-DE-INTEGRACAO="1" FLAG-RESPONSAVEL="SIM" NRO-ID-CNPQ="2492233349414455"/></EQUIPE-DO-PROJETO></PROJETO-DE-PESQUISA></PARTICIPACAO-EM-PROJETO></ATIVIDADES-DE-PARTICIPACAO-EM-PROJETO><atividadesProfissionaisPlanificadas/></ATUACAO-PROFISSIONAL></ATUACOES-PROFISSIONAIS><AREAS-DE-ATUACAO><AREA-DE-ATUACAO SEQUENCIA-AREA-DE-ATUACAO="1" NOME-GRANDE-AREA-DO-CONHECIMENTO="CIENCIAS_SOCIAIS_APLICADAS" NOME-DA-AREA-DO-CONHECIMENTO="Comunicação" NOME-DA-SUB-AREA-DO-CONHECIMENTO="" NOME-DA-ESPECIALIDADE=""/><AREA-DE-ATUACAO SEQUENCIA-AREA-DE-ATUACAO="2" NOME-GRANDE-AREA-DO-CONHECIMENTO="CIENCIAS_SOCIAIS_APLICADAS" NOME-DA-AREA-DO-CONHECIMENTO="Comunicação" NOME-DA-SUB-AREA-DO-CONHECIMENTO="CINEMA" NOME-DA-ESPECIALIDADE=""/><AREA-DE-ATUACAO SEQUENCIA-AREA-DE-ATUACAO="3" NOME-GRANDE-AREA-DO-CONHECIMENTO="CIENCIAS_SOCIAIS_APLICADAS" NOME-DA-AREA-DO-CONHECIMENTO="Comunicação" NOME-DA-SUB-AREA-DO-CONHECIMENTO="Produção Audiovisual" NOME-DA-ESPECIALIDADE=""/><AREA-DE-ATUACAO SEQUENCIA-AREA-DE-ATUACAO="4" NOME-GRANDE-AREA-DO-CONHECIMENTO="CIENCIAS_SOCIAIS_APLICADAS" NOME-DA-AREA-DO-CONHECIMENTO="Comunicação" NOME-DA-SUB-AREA-DO-CONHECIMENTO="Jornalismo" NOME-DA-ESPECIALIDADE=""/></AREAS-DE-ATUACAO><IDIOMAS><IDIOMA IDIOMA="EN" DESCRICAO-DO-IDIOMA="Inglês" PROFICIENCIA-DE-LEITURA="BEM" PROFICIENCIA-DE-FALA="BEM" PROFICIENCIA-DE-ESCRITA="BEM" PROFICIENCIA-DE-COMPREENSAO="BEM"/><IDIOMA IDIOMA="ES" DESCRICAO-DO-IDIOMA="Espanhol" PROFICIENCIA-DE-LEITURA="RAZOAVELMENTE" PROFICIENCIA-DE-FALA="RAZOAVELMENTE" PROFICIENCIA-DE-ESCRITA="NAO_INFORMADO" PROFICIENCIA-DE-COMPREENSAO="RAZOAVELMENTE"/></IDIOMAS><staValidado/><dataExibicao/><dadosBolsista/></DADOS-GERAIS><PRODUCAO-BIBLIOGRAFICA><TRABALHOS-EM-EVENTOS><TRABALHO-EM-EVENTOS SEQUENCIA-PRODUCAO="9"><DADOS-BASICOS-DO-TRABALHO NATUREZA="COMPLETO" TITULO-DO-TRABALHO="Cultura participativa e o fã - as janeites no Brasil e a sua relação com o cinema" ANO-DO-TRABALHO="2013" PAIS-DO-EVENTO="Brasil" IDIOMA="Português" MEIO-DE-DIVULGACAO="MEIO_DIGITAL" HOME-PAGE-DO-TRABALHO="" FLAG-RELEVANCIA="NAO" DOI="" TITULO-DO-TRABALHO-INGLES="" FLAG-DIVULGACAO-CIENTIFICA="NAO"/><DETALHAMENTO-DO-TRABALHO CLASSIFICACAO-DO-EVENTO="NACIONAL" NOME-DO-EVENTO="IX ENECULT" CIDADE-DO-EVENTO="Salvador" ANO-DE-REALIZACAO="2013" TITULO-DOS-ANAIS-OU-PROCEEDINGS="Edição 2013 - IX Encontro ENECULT" VOLUME="" FASCICULO="" SERIE="" PAGINA-INICIAL="" PAGINA-FINAL="" ISBN="2318-4035" NOME-DA-EDITORA="" CIDADE-DA-EDITORA="" NOME-DO-EVENTO-INGLES=""/><AUTORES NOME-COMPLETO-DO-AUTOR="Marcela Dutra de Oliveira Soalheiro Cruz" NOME-PARA-CITACAO="SOALHEIRO, Marcela" ORDEM-DE-AUTORIA="1" NRO-ID-CNPQ=""/></TRABALHO-EM-EVENTOS><TRABALHO-EM-EVENTOS SEQUENCIA-PRODUCAO="10"><DADOS-BASICOS-DO-TRABALHO NATUREZA="COMPLETO" TITULO-DO-TRABALHO="Jane Austen é pop: o papel do espectador e do leitor na Austen Mania" ANO-DO-TRABALHO="2012" PAIS-DO-EVENTO="Brasil" IDIOMA="Português" MEIO-DE-DIVULGACAO="NAO_INFORMADO" HOME-PAGE-DO-TRABALHO="" FLAG-RELEVANCIA="NAO" DOI="" TITULO-DO-TRABALHO-INGLES="" FLAG-DIVULGACAO-CIENTIFICA="NAO"/><DETALHAMENTO-DO-TRABALHO CLASSIFICACAO-DO-EVENTO="NACIONAL" NOME-DO-EVENTO="XVI Encontro SOCINE" CIDADE-DO-EVENTO="São Paulo" ANO-DE-REALIZACAO="2012" TITULO-DOS-ANAIS-OU-PROCEEDINGS="Anais Eletrônicos do XVI Encontro da Socine" VOLUME="" FASCICULO="" SERIE="" PAGINA-INICIAL="" PAGINA-FINAL="" ISBN="" NOME-DA-EDITORA="" CIDADE-DA-EDITORA="" NOME-DO-EVENTO-INGLES=""/><AUTORES NOME-COMPLETO-DO-AUTOR="Marcela Dutra de Oliveira Soalheiro Cruz" NOME-PARA-CITACAO="SOALHEIRO, Marcela" ORDEM-DE-AUTORIA="1" NRO-ID-CNPQ=""/></TRABALHO-EM-EVENTOS><TRABALHO-EM-EVENTOS SEQUENCIA-PRODUCAO="11"><DADOS-BASICOS-DO-TRABALHO NATUREZA="COMPLETO" TITULO-DO-TRABALHO="?Era uma, duas, três? vezes: contos de fadas, adaptação e intertextualidade em Once Upon a Time" ANO-DO-TRABALHO="2014" PAIS-DO-EVENTO="Brasil" IDIOMA="Português" MEIO-DE-DIVULGACAO="MEIO_DIGITAL" HOME-PAGE-DO-TRABALHO="" FLAG-RELEVANCIA="NAO" DOI="" TITULO-DO-TRABALHO-INGLES="" FLAG-DIVULGACAO-CIENTIFICA="NAO"/><DETALHAMENTO-DO-TRABALHO CLASSIFICACAO-DO-EVENTO="INTERNACIONAL" NOME-DO-EVENTO="IV Congreso Asociación Argentina de Estudios de Cine y Audiovisual (AsAECA)" CIDADE-DO-EVENTO="Rosário" ANO-DE-REALIZACAO="2014" TITULO-DOS-ANAIS-OU-PROCEEDINGS="Actas IV Congreso Asociación Argentina de Estudios de Cine y Audiovisual (AsAECA)" VOLUME="" FASCICULO="" SERIE="" PAGINA-INICIAL="" PAGINA-FINAL="" ISBN="9789872587147" NOME-DA-EDITORA="" CIDADE-DA-EDITORA="" NOME-DO-EVENTO-INGLES=""/><AUTORES NOME-COMPLETO-DO-AUTOR="Pedro Peixoto Curi" NOME-PARA-CITACAO="CURI, P. P." ORDEM-DE-AUTORIA="1" NRO-ID-CNPQ=""/><AUTORES NOME-COMPLETO-DO-AUTOR="Marcela Dutra de Oliveira Soalheiro Cruz" NOME-PARA-CITACAO="SOALHEIRO, Marcela" ORDEM-DE-AUTORIA="2" NRO-ID-CNPQ=""/></TRABALHO-EM-EVENTOS></TRABALHOS-EM-EVENTOS><ARTIGOS-PUBLICADOS><ARTIGO-PUBLICADO SEQUENCIA-PRODUCAO="8" ORDEM-IMPORTANCIA=""><DADOS-BASICOS-DO-ARTIGO NATUREZA="COMPLETO" TITULO-DO-ARTIGO="Representação sonora entre literatura e cinema: A questão do ponto de escuta nas adaptações de Persuasão de Jane Austen" ANO-DO-ARTIGO="2013" PAIS-DE-PUBLICACAO="" IDIOMA="Português" MEIO-DE-DIVULGACAO="MEIO_DIGITAL" HOME-PAGE-DO-TRABALHO="" FLAG-RELEVANCIA="NAO" DOI="10.5007/2175-8026.2013n65p185" TITULO-DO-ARTIGO-INGLES="Representação sonora entre literatura e cinema: A questão do ponto de escuta nas adaptações de Persuasão de Jane Austen" FLAG-DIVULGACAO-CIENTIFICA="NAO"/><DETALHAMENTO-DO-ARTIGO TITULO-DO-PERIODICO-OU-REVISTA="Ilha do Desterro (UFSC)" ISSN="01014846" VOLUME="0" FASCICULO="" SERIE="65" PAGINA-INICIAL="185" PAGINA-FINAL="212" LOCAL-DE-PUBLICACAO=""/><AUTORES NOME-COMPLETO-DO-AUTOR="Fernando Morais da Costa" NOME-PARA-CITACAO="COSTA, F. M." ORDEM-DE-AUTORIA="1" NRO-ID-CNPQ=""/><AUTORES NOME-COMPLETO-DO-AUTOR="Marcela Dutra de Oliveira Soalheiro Cruz" NOME-PARA-CITACAO="SOALHEIRO, Marcela" ORDEM-DE-AUTORIA="2" NRO-ID-CNPQ=""/></ARTIGO-PUBLICADO></ARTIGOS-PUBLICADOS><LIVROS-E-CAPITULOS><CAPITULOS-DE-LIVROS-PUBLICADOS><CAPITULO-DE-LIVRO-PUBLICADO SEQUENCIA-PRODUCAO="51"><DADOS-BASICOS-DO-CAPITULO TIPO="Capítulo de livro publicado" TITULO-DO-CAPITULO-DO-LIVRO="Jane Austen vai ao cinema: dinâmicas de memória e a adaptação audiovisual do cânone literário" ANO="2015" PAIS-DE-PUBLICACAO="Brasil" IDIOMA="Português" MEIO-DE-DIVULGACAO="IMPRESSO" HOME-PAGE-DO-TRABALHO="" FLAG-RELEVANCIA="NAO" DOI="" TITULO-DO-CAPITULO-DO-LIVRO-INGLES="" FLAG-DIVULGACAO-CIENTIFICA="NAO"/><DETALHAMENTO-DO-CAPITULO TITULO-DO-LIVRO="Avanca Cinema 2015" NUMERO-DE-VOLUMES="01" PAGINA-INICIAL="91" PAGINA-FINAL="98" ISBN="9789899685864" ORGANIZADORES="Antonio Costa Valente;Rita Capucho" NUMERO-DA-EDICAO-REVISAO="01" NUMERO-DA-SERIE="" CIDADE-DA-EDITORA="Avanca" NOME-DA-EDITORA="Edições Cine-Clube de Avanca"/><AUTORES NOME-COMPLETO-DO-AUTOR="Marcela Dutra de Oliveira Soalheiro Cruz" NOME-PARA-CITACAO="SOALHEIRO, Marcela" ORDEM-DE-AUTORIA="1" NRO-ID-CNPQ=""/><AUTORES NOME-COMPLETO-DO-AUTOR="Mônica Mourão" NOME-PARA-CITACAO="MOURAO, M." ORDEM-DE-AUTORIA="2" NRO-ID-CNPQ=""/></CAPITULO-DE-LIVRO-PUBLICADO></CAPITULOS-DE-LIVROS-PUBLICADOS></LIVROS-E-CAPITULOS></PRODUCAO-BIBLIOGRAFICA><PRODUCAO-TECNICA><DEMAIS-TIPOS-DE-PRODUCAO-TECNICA><APRESENTACAO-DE-TRABALHO SEQUENCIA-PRODUCAO="2"><DADOS-BASICOS-DA-APRESENTACAO-DE-TRABALHO NATUREZA="CONGRESSO" TITULO="Jane Austen é pop: o papel do espectador e do leitor na Austen Mania" ANO="2012" PAIS="Brasil" IDIOMA="Português" FLAG-RELEVANCIA="NAO" DOI="" TITULO-INGLES="" FLAG-DIVULGACAO-CIENTIFICA="NAO"/><DETALHAMENTO-DA-APRESENTACAO-DE-TRABALHO NOME-DO-EVENTO="XVI Encontro SOCINE" INSTITUICAO-PROMOTORA="Sociedade brasileira de estudos de cinema e audiovisual" LOCAL-DA-APRESENTACAO="Centro Universitário SENAC" CIDADE-DA-APRESENTACAO="São Paulo" NOME-DO-EVENTO-INGLES=""/><AUTORES NOME-COMPLETO-DO-AUTOR="Marcela Dutra de Oliveira Soalheiro Cruz" NOME-PARA-CITACAO="CRUZ, Marcela D. O. S." ORDEM-DE-AUTORIA="1" NRO-ID-CNPQ=""/><PALAVRAS-CHAVE PALAVRA-CHAVE-1="Adaptação" PALAVRA-CHAVE-2="Apropriação" PALAVRA-CHAVE-3="Cinema" PALAVRA-CHAVE-4="Literatura" PALAVRA-CHAVE-5="Austen" PALAVRA-CHAVE-6=""/></APRESENTACAO-DE-TRABALHO><APRESENTACAO-DE-TRABALHO SEQUENCIA-PRODUCAO="5"><DADOS-BASICOS-DA-APRESENTACAO-DE-TRABALHO NATUREZA="CONGRESSO" TITULO="Que história é essa?: estratégias de engajamento em Once Upon a Time" ANO="2014" PAIS="Brasil" IDIOMA="Português" FLAG-RELEVANCIA="SIM" DOI="" TITULO-INGLES="" FLAG-DIVULGACAO-CIENTIFICA="NAO"/><DETALHAMENTO-DA-APRESENTACAO-DE-TRABALHO NOME-DO-EVENTO="XVIII Encontro SOCINE" INSTITUICAO-PROMOTORA="UNIFOR" LOCAL-DA-APRESENTACAO="" CIDADE-DA-APRESENTACAO="FORTALEZA" NOME-DO-EVENTO-INGLES=""/><AUTORES NOME-COMPLETO-DO-AUTOR="Pedro Peixoto Curi" NOME-PARA-CITACAO="CURI, P. P." ORDEM-DE-AUTORIA="1" NRO-ID-CNPQ=""/><AUTORES NOME-COMPLETO-DO-AUTOR="Marcela Dutra de Oliveira Soalheiro Cruz" NOME-PARA-CITACAO="SOALHEIRO, Marcela" ORDEM-DE-AUTORIA="2" NRO-ID-CNPQ=""/></APRESENTACAO-DE-TRABALHO><APRESENTACAO-DE-TRABALHO SEQUENCIA-PRODUCAO="6"><DADOS-BASICOS-DA-APRESENTACAO-DE-TRABALHO NATUREZA="CONGRESSO" TITULO="?Era uma, duas, três? vezes: contos de fadas, adaptação e intertextualidade em Once Upon a Time" ANO="2014" PAIS="Brasil" IDIOMA="Português" FLAG-RELEVANCIA="NAO" DOI="" TITULO-INGLES="" FLAG-DIVULGACAO-CIENTIFICA="NAO"/><DETALHAMENTO-DA-APRESENTACAO-DE-TRABALHO NOME-DO-EVENTO="IV Congresso - Asociación Argentina de Estudios sobre Cine y Audiovisual (AsAECA)" INSTITUICAO-PROMOTORA="Universidad Nacional de Rosário" LOCAL-DA-APRESENTACAO="Argentina" CIDADE-DA-APRESENTACAO="Rosário" NOME-DO-EVENTO-INGLES=""/><AUTORES NOME-COMPLETO-DO-AUTOR="Pedro Peixoto Curi" NOME-PARA-CITACAO="CURI, P. P." ORDEM-DE-AUTORIA="1" NRO-ID-CNPQ=""/><AUTORES NOME-COMPLETO-DO-AUTOR="Marcela Dutra de Oliveira Soalheiro Cruz" NOME-PARA-CITACAO="SOALHEIRO, Marcela" ORDEM-DE-AUTORIA="2" NRO-ID-CNPQ=""/></APRESENTACAO-DE-TRABALHO><APRESENTACAO-DE-TRABALHO SEQUENCIA-PRODUCAO="7"><DADOS-BASICOS-DA-APRESENTACAO-DE-TRABALHO NATUREZA="SIMPOSIO" TITULO="Chick flicks ou filme de mulherzinha : questões complexas de gênero e gênero narrativo" ANO="2013" PAIS="Brasil" IDIOMA="Português" FLAG-RELEVANCIA="NAO" DOI="" TITULO-INGLES="" FLAG-DIVULGACAO-CIENTIFICA="NAO"/><DETALHAMENTO-DA-APRESENTACAO-DE-TRABALHO NOME-DO-EVENTO="CIFALE" INSTITUICAO-PROMOTORA="Faculdade de Letras - UFRJ" LOCAL-DA-APRESENTACAO="Brasil" CIDADE-DA-APRESENTACAO="Rio de Janeiro" NOME-DO-EVENTO-INGLES=""/><AUTORES NOME-COMPLETO-DO-AUTOR="Marcela Dutra de Oliveira Soalheiro Cruz" NOME-PARA-CITACAO="SOALHEIRO, Marcela" ORDEM-DE-AUTORIA="1" NRO-ID-CNPQ=""/><AUTORES NOME-COMPLETO-DO-AUTOR="Carolina Oliveira do Amaral" NOME-PARA-CITACAO="AMARAL, C. O." ORDEM-DE-AUTORIA="2" NRO-ID-CNPQ=""/></APRESENTACAO-DE-TRABALHO><APRESENTACAO-DE-TRABALHO SEQUENCIA-PRODUCAO="31"><DADOS-BASICOS-DA-APRESENTACAO-DE-TRABALHO NATUREZA="CONGRESSO" TITULO="Adaptação, apropriação e memória: a relação entre a memória cultural circulada do cânone literário e os produtos audiovisuais contemporâneos" ANO="2015" PAIS="Portugal" IDIOMA="Português" FLAG-RELEVANCIA="SIM" DOI="" TITULO-INGLES="" FLAG-DIVULGACAO-CIENTIFICA="NAO"/><DETALHAMENTO-DA-APRESENTACAO-DE-TRABALHO NOME-DO-EVENTO="AVANCA | CINEMA 2015 Conferência Internacional Cinema ? Arte, Tecnologia, Comunicação" INSTITUICAO-PROMOTORA="" LOCAL-DA-APRESENTACAO="" CIDADE-DA-APRESENTACAO="Avanca" NOME-DO-EVENTO-INGLES=""/><AUTORES NOME-COMPLETO-DO-AUTOR="Marcela Dutra de Oliveira Soalheiro Cruz" NOME-PARA-CITACAO="SOALHEIRO, Marcela" ORDEM-DE-AUTORIA="1" NRO-ID-CNPQ=""/><AUTORES NOME-COMPLETO-DO-AUTOR="Mônica Mourão" NOME-PARA-CITACAO="MOURAO, M." ORDEM-DE-AUTORIA="2" NRO-ID-CNPQ=""/></APRESENTACAO-DE-TRABALHO><APRESENTACAO-DE-TRABALHO SEQUENCIA-PRODUCAO="32"><DADOS-BASICOS-DA-APRESENTACAO-DE-TRABALHO NATUREZA="SEMINARIO" TITULO="Literature, Film and Media ? new approaches to multi-mediated references" ANO="2015" PAIS="Inglaterra" IDIOMA="Inglês" FLAG-RELEVANCIA="NAO" DOI="" TITULO-INGLES="" FLAG-DIVULGACAO-CIENTIFICA="NAO"/><DETALHAMENTO-DA-APRESENTACAO-DE-TRABALHO NOME-DO-EVENTO="Reframing Media/Cultural Studies in the age of Global Crisis" INSTITUICAO-PROMOTORA="" LOCAL-DA-APRESENTACAO="University of Westminster" CIDADE-DA-APRESENTACAO="Londres" NOME-DO-EVENTO-INGLES=""/><AUTORES NOME-COMPLETO-DO-AUTOR="Marcela Dutra de Oliveira Soalheiro Cruz" NOME-PARA-CITACAO="SOALHEIRO, Marcela" ORDEM-DE-AUTORIA="1" NRO-ID-CNPQ=""/></APRESENTACAO-DE-TRABALHO><APRESENTACAO-DE-TRABALHO SEQUENCIA-PRODUCAO="34"><DADOS-BASICOS-DA-APRESENTACAO-DE-TRABALHO NATUREZA="CONGRESSO" TITULO="Mudança e Permanência - memória, recepção e o cânone literário" ANO="2015" PAIS="Brasil" IDIOMA="Português" FLAG-RELEVANCIA="SIM" DOI="" TITULO-INGLES="" FLAG-DIVULGACAO-CIENTIFICA="NAO"/><DETALHAMENTO-DA-APRESENTACAO-DE-TRABALHO NOME-DO-EVENTO="XIX Encontro da Socine" INSTITUICAO-PROMOTORA="Sociedade brasileira de estudos de cinema e audiovisual" LOCAL-DA-APRESENTACAO="Unicamp" CIDADE-DA-APRESENTACAO="Barão Geraldo, Campinas, SP" NOME-DO-EVENTO-INGLES=""/><AUTORES NOME-COMPLETO-DO-AUTOR="Marcela Dutra de Oliveira Soalheiro Cruz" NOME-PARA-CITACAO="SOALHEIRO, Marcela" ORDEM-DE-AUTORIA="1" NRO-ID-CNPQ=""/></APRESENTACAO-DE-TRABALHO><APRESENTACAO-DE-TRABALHO SEQUENCIA-PRODUCAO="36"><DADOS-BASICOS-DA-APRESENTACAO-DE-TRABALHO NATUREZA="CONFERENCIA" TITULO="Literatura e Cinema - Adaptação, apropriação e narrativa no caso dos Chick Flicks" ANO="2016" PAIS="Brasil" IDIOMA="Português" FLAG-RELEVANCIA="NAO" DOI="" TITULO-INGLES="" FLAG-DIVULGACAO-CIENTIFICA="NAO"/><DETALHAMENTO-DA-APRESENTACAO-DE-TRABALHO NOME-DO-EVENTO="Literatura e Cinema - Adaptação, apropriação e narrativa no caso dos Chick Flicks" INSTITUICAO-PROMOTORA="Universidade Federal Fluminense" LOCAL-DA-APRESENTACAO="IACS" CIDADE-DA-APRESENTACAO="NIterói" NOME-DO-EVENTO-INGLES=""/><AUTORES NOME-COMPLETO-DO-AUTOR="Marcela Dutra de Oliveira Soalheiro Cruz" NOME-PARA-CITACAO="SOALHEIRO, Marcela" ORDEM-DE-AUTORIA="1" NRO-ID-CNPQ=""/></APRESENTACAO-DE-TRABALHO><APRESENTACAO-DE-TRABALHO SEQUENCIA-PRODUCAO="52"><DADOS-BASICOS-DA-APRESENTACAO-DE-TRABALHO NATUREZA="CONGRESSO" TITULO="Cinema e Literatura: A adaptação literária enquanto espaço de memória" ANO="2016" PAIS="Brasil" IDIOMA="Português" FLAG-RELEVANCIA="NAO" DOI="" TITULO-INGLES="" FLAG-DIVULGACAO-CIENTIFICA="NAO"/><DETALHAMENTO-DA-APRESENTACAO-DE-TRABALHO NOME-DO-EVENTO="XX Encontro Socine" INSTITUICAO-PROMOTORA="Sociedade brasileira de estudos de cinema e audiovisual" LOCAL-DA-APRESENTACAO="Universidade Tuiuti do Paraná" CIDADE-DA-APRESENTACAO="Curitiba" NOME-DO-EVENTO-INGLES=""/><AUTORES NOME-COMPLETO-DO-AUTOR="Marcela Dutra de Oliveira Soalheiro Cruz" NOME-PARA-CITACAO="SOALHEIRO, Marcela" ORDEM-DE-AUTORIA="1" NRO-ID-CNPQ=""/></APRESENTACAO-DE-TRABALHO><APRESENTACAO-DE-TRABALHO SEQUENCIA-PRODUCAO="4"><DADOS-BASICOS-DA-APRESENTACAO-DE-TRABALHO NATUREZA="CONGRESSO" TITULO="Jane Austen à brasileira - descobrindo uma comunidade nacional de janeites" ANO="2013" PAIS="Brasil" IDIOMA="Português" FLAG-RELEVANCIA="NAO" DOI="" TITULO-INGLES="" FLAG-DIVULGACAO-CIENTIFICA="NAO"/><DETALHAMENTO-DA-APRESENTACAO-DE-TRABALHO NOME-DO-EVENTO="XVII Encontro SOCINE" INSTITUICAO-PROMOTORA="UNISUL" LOCAL-DA-APRESENTACAO="" CIDADE-DA-APRESENTACAO="Florianópolis" NOME-DO-EVENTO-INGLES=""/><AUTORES NOME-COMPLETO-DO-AUTOR="Marcela Dutra de Oliveira Soalheiro Cruz" NOME-PARA-CITACAO="SOALHEIRO, Marcela" ORDEM-DE-AUTORIA="1" NRO-ID-CNPQ=""/></APRESENTACAO-DE-TRABALHO><ORGANIZACAO-DE-EVENTO SEQUENCIA-PRODUCAO="47"><DADOS-BASICOS-DA-ORGANIZACAO-DE-EVENTO TIPO="CONGRESSO" NATUREZA="ORGANIZACAO" TITULO="III Cocaal" ANO="2015" PAIS="Brasil" IDIOMA="Português" MEIO-DE-DIVULGACAO="OUTRO" HOME-PAGE-DO-TRABALHO="" FLAG-RELEVANCIA="NAO" DOI="" TITULO-INGLES="" FLAG-DIVULGACAO-CIENTIFICA="NAO"/><DETALHAMENTO-DA-ORGANIZACAO-DE-EVENTO INSTITUICAO-PROMOTORA="Universidade Federal Fluminense" DURACAO-EM-SEMANAS="1" FLAG-EVENTO-ITINERANTE="N" FLAG-CATALOGO="" LOCAL="Universidade Federal Fluminense" CIDADE="Niterói"/><AUTORES NOME-COMPLETO-DO-AUTOR="Hadija Chalupe" NOME-PARA-CITACAO="CHALUPE, H." ORDEM-DE-AUTORIA="1" NRO-ID-CNPQ=""/><AUTORES NOME-COMPLETO-DO-AUTOR="Maurício de Bragança" NOME-PARA-CITACAO="BRAGANCA, M." ORDEM-DE-AUTORIA="2" NRO-ID-CNPQ=""/><AUTORES NOME-COMPLETO-DO-AUTOR="Marcela Dutra de Oliveira Soalheiro Cruz" NOME-PARA-CITACAO="SOALHEIRO, Marcela" ORDEM-DE-AUTORIA="3" NRO-ID-CNPQ=""/></ORGANIZACAO-DE-EVENTO><PROGRAMA-DE-RADIO-OU-TV SEQUENCIA-PRODUCAO="1"><DADOS-BASICOS-DO-PROGRAMA-DE-RADIO-OU-TV NATUREZA="OUTRA" TITULO="Calça Curta" ANO="2006" PAIS="Brasil" IDIOMA="Português" FLAG-RELEVANCIA="SIM" DOI="" TITULO-INGLES="" HOME-PAGE="" MEIO-DE-DIVULGACAO="NAO_INFORMADO" FLAG-DIVULGACAO-CIENTIFICA="NAO"/><DETALHAMENTO-DO-PROGRAMA-DE-RADIO-OU-TV EMISSORA="Tv Universitária da UFF" TEMA="Programa de exibição de curtas universitários brasileiros e crítica cinematográfica" FORMATO-DATA-DA-APRESENTACAO="DDMMAAAA" DATA-DA-APRESENTACAO="01082006" DURACAO-EM-MINUTOS="30" CIDADE="Niterói"/><AUTORES NOME-COMPLETO-DO-AUTOR="Pedro Perazzo" NOME-PARA-CITACAO="Perazzo, Pedro" ORDEM-DE-AUTORIA="1" NRO-ID-CNPQ=""/><AUTORES NOME-COMPLETO-DO-AUTOR="Ricardo Braun" NOME-PARA-CITACAO="BRAUN, R." ORDEM-DE-AUTORIA="2" NRO-ID-CNPQ=""/><AUTORES NOME-COMPLETO-DO-AUTOR="Marcela Dutra de Oliveira Soalheiro Cruz" NOME-PARA-CITACAO="CRUZ, Marcela D. O. S." ORDEM-DE-AUTORIA="3" NRO-ID-CNPQ=""/><AUTORES NOME-COMPLETO-DO-AUTOR="Maria Emília Tagliari" NOME-PARA-CITACAO="Tagliari, Maria Emilia" ORDEM-DE-AUTORIA="4" NRO-ID-CNPQ=""/></PROGRAMA-DE-RADIO-OU-TV></DEMAIS-TIPOS-DE-PRODUCAO-TECNICA></PRODUCAO-TECNICA><OUTRA-PRODUCAO><PRODUCAO-ARTISTICA-CULTURAL><ARTES-VISUAIS SEQUENCIA-PRODUCAO="18"><DADOS-BASICOS-DE-ARTES-VISUAIS NATUREZA="FILME" TITULO="A profecia de Asgard" ANO="2010" PAIS="Brasil" IDIOMA="Português" FLAG-RELEVANCIA="NAO" TITULO-INGLES="" MEIO-DE-DIVULGACAO="FILME" HOME-PAGE="" FLAG-DIVULGACAO-CIENTIFICA="NAO"/><DETALHAMENTO-DE-ARTES-VISUAIS PREMIACAO="Edital Curta-criança (SAv/MinC)" ATIVIDADE-DOS-AUTORES="Cineasta" INSTITUICAO-PROMOTORA-DO-EVENTO="Caraduá produções" LOCAL-DO-EVENTO="" CIDADE-DO-EVENTO="Rio de Janeiro" TEMPORADA=""/><AUTORES NOME-COMPLETO-DO-AUTOR="Giuliano Jorge Magalhães da Silva" NOME-PARA-CITACAO="SILVA, G. J. M." ORDEM-DE-AUTORIA="1" NRO-ID-CNPQ=""/><AUTORES NOME-COMPLETO-DO-AUTOR="Marcela Dutra de Oliveira Soalheiro Cruz" NOME-PARA-CITACAO="SOALHEIRO, Marcela" ORDEM-DE-AUTORIA="2" NRO-ID-CNPQ=""/><INFORMACOES-ADICIONAIS DESCRICAO-INFORMACOES-ADICIONAIS="Assistente de Produção  RETÂNGULOS BRANCOS aborda a experiência do espectador em sessões de cinema inclusivas - projeções realizadas em lugares de difícil acesso ao circuito exibidor comercial ou que tenham como objetivo a inclusão social. O documentário visita cinco projetos de sessões inclusivas que acontecem em Aperibé, Arraial do Cabo, Niterói, Paracambi e Rio de Janeiro." DESCRICAO-INFORMACOES-ADICIONAIS-INGLES=""/></ARTES-VISUAIS><ARTES-VISUAIS SEQUENCIA-PRODUCAO="19"><DADOS-BASICOS-DE-ARTES-VISUAIS NATUREZA="FILME" TITULO="Retângulos Brancos" ANO="2012" PAIS="Brasil" IDIOMA="Português" FLAG-RELEVANCIA="NAO" TITULO-INGLES="" MEIO-DE-DIVULGACAO="FILME" HOME-PAGE="" FLAG-DIVULGACAO-CIENTIFICA="NAO"/><DETALHAMENTO-DE-ARTES-VISUAIS PREMIACAO="Concurso de Apoio à Produção de de Curtas-metragem (SAv/MinC)" ATIVIDADE-DOS-AUTORES="Outra" INSTITUICAO-PROMOTORA-DO-EVENTO="Caraduá produções" LOCAL-DO-EVENTO="" CIDADE-DO-EVENTO="Rio de Janeiro" TEMPORADA=""/><AUTORES NOME-COMPLETO-DO-AUTOR="Hadija Chalupe" NOME-PARA-CITACAO="CHALUPE, H." ORDEM-DE-AUTORIA="1" NRO-ID-CNPQ=""/><AUTORES NOME-COMPLETO-DO-AUTOR="Giuliano Jorge Magalhães da Silva" NOME-PARA-CITACAO="SILVA, G. J. M." ORDEM-DE-AUTORIA="2" NRO-ID-CNPQ=""/><AUTORES NOME-COMPLETO-DO-AUTOR="Marcela Dutra de Oliveira Soalheiro Cruz" NOME-PARA-CITACAO="SOALHEIRO, Marcela" ORDEM-DE-AUTORIA="3" NRO-ID-CNPQ=""/><INFORMACOES-ADICIONAIS DESCRICAO-INFORMACOES-ADICIONAIS="Assistente de Produção" DESCRICAO-INFORMACOES-ADICIONAIS-INGLES=""/></ARTES-VISUAIS><ARTES-VISUAIS SEQUENCIA-PRODUCAO="20"><DADOS-BASICOS-DE-ARTES-VISUAIS NATUREZA="VIDEO" TITULO="Ituaçu - Gilberto Gil" ANO="2013" PAIS="Brasil" IDIOMA="Português" FLAG-RELEVANCIA="NAO" TITULO-INGLES="" MEIO-DE-DIVULGACAO="OUTRO" HOME-PAGE="" FLAG-DIVULGACAO-CIENTIFICA="NAO"/><DETALHAMENTO-DE-ARTES-VISUAIS PREMIACAO="" ATIVIDADE-DOS-AUTORES="Outra" INSTITUICAO-PROMOTORA-DO-EVENTO="Geringonça Filmes e Produções Artísticas" LOCAL-DO-EVENTO="" CIDADE-DO-EVENTO="Rio de Janeiro" TEMPORADA=""/><AUTORES NOME-COMPLETO-DO-AUTOR="Marcela Dutra de Oliveira Soalheiro Cruz" NOME-PARA-CITACAO="SOALHEIRO, Marcela" ORDEM-DE-AUTORIA="1" NRO-ID-CNPQ=""/><INFORMACOES-ADICIONAIS DESCRICAO-INFORMACOES-ADICIONAIS="Diretora de Produção" DESCRICAO-INFORMACOES-ADICIONAIS-INGLES="Diretora de Produção"/></ARTES-VISUAIS><ARTES-VISUAIS SEQUENCIA-PRODUCAO="21"><DADOS-BASICOS-DE-ARTES-VISUAIS NATUREZA="FILME" TITULO="Drakkar" ANO="2014" PAIS="Brasil" IDIOMA="Português" FLAG-RELEVANCIA="NAO" TITULO-INGLES="" MEIO-DE-DIVULGACAO="FILME" HOME-PAGE="https://youtu.be/qQGmO5N0mtQ" FLAG-DIVULGACAO-CIENTIFICA="NAO"/><DETALHAMENTO-DE-ARTES-VISUAIS PREMIACAO="Edital Curta-criança (SAv/MinC)" ATIVIDADE-DOS-AUTORES="Cineasta" INSTITUICAO-PROMOTORA-DO-EVENTO="Caraduá Produções" LOCAL-DO-EVENTO="" CIDADE-DO-EVENTO="Rio de Janeiro" TEMPORADA=""/><AUTORES NOME-COMPLETO-DO-AUTOR="Marina Tedesco" NOME-PARA-CITACAO="TEDESCO, M." ORDEM-DE-AUTORIA="1" NRO-ID-CNPQ=""/><AUTORES NOME-COMPLETO-DO-AUTOR="Marcela Dutra de Oliveira Soalheiro Cruz" NOME-PARA-CITACAO="SOALHEIRO, Marcela" ORDEM-DE-AUTORIA="2" NRO-ID-CNPQ=""/><INFORMACOES-ADICIONAIS DESCRICAO-INFORMACOES-ADICIONAIS="Diretora de Produção" DESCRICAO-INFORMACOES-ADICIONAIS-INGLES=""/></ARTES-VISUAIS><ARTES-VISUAIS SEQUENCIA-PRODUCAO="23"><DADOS-BASICOS-DE-ARTES-VISUAIS NATUREZA="FILME" TITULO="Corra" ANO="2009" PAIS="Brasil" IDIOMA="Português" FLAG-RELEVANCIA="SIM" TITULO-INGLES="" MEIO-DE-DIVULGACAO="FILME" HOME-PAGE="" FLAG-DIVULGACAO-CIENTIFICA="NAO"/><DETALHAMENTO-DE-ARTES-VISUAIS PREMIACAO="" ATIVIDADE-DOS-AUTORES="Outra" INSTITUICAO-PROMOTORA-DO-EVENTO="Universidade Federal Fluminense" LOCAL-DO-EVENTO="" CIDADE-DO-EVENTO="Rio de Janeiro" TEMPORADA=""/><AUTORES NOME-COMPLETO-DO-AUTOR="Marcela Dutra de Oliveira Soalheiro Cruz" NOME-PARA-CITACAO="SOALHEIRO, Marcela" ORDEM-DE-AUTORIA="1" NRO-ID-CNPQ=""/><INFORMACOES-ADICIONAIS DESCRICAO-INFORMACOES-ADICIONAIS="Direção" DESCRICAO-INFORMACOES-ADICIONAIS-INGLES=""/></ARTES-VISUAIS><ARTES-VISUAIS SEQUENCIA-PRODUCAO="24"><DADOS-BASICOS-DE-ARTES-VISUAIS NATUREZA="FILME" TITULO="Das nuvens para baixo" ANO="2014" PAIS="Brasil" IDIOMA="Português" FLAG-RELEVANCIA="NAO" TITULO-INGLES="" MEIO-DE-DIVULGACAO="FILME" HOME-PAGE="https://vimeo.com/123693361" FLAG-DIVULGACAO-CIENTIFICA="NAO"/><DETALHAMENTO-DE-ARTES-VISUAIS PREMIACAO="" ATIVIDADE-DOS-AUTORES="Cineasta" INSTITUICAO-PROMOTORA-DO-EVENTO="Geringonça Filmes e Produções Artísticas" LOCAL-DO-EVENTO="" CIDADE-DO-EVENTO="RIO DE JANEIRO" TEMPORADA=""/><AUTORES NOME-COMPLETO-DO-AUTOR="Eliska Altmann" NOME-PARA-CITACAO="ALTMANN, E." ORDEM-DE-AUTORIA="1" NRO-ID-CNPQ=""/><AUTORES NOME-COMPLETO-DO-AUTOR="Marco Antonio Gonçalves" NOME-PARA-CITACAO="GONCALVES, M. A." ORDEM-DE-AUTORIA="2" NRO-ID-CNPQ=""/><AUTORES NOME-COMPLETO-DO-AUTOR="Marcela Dutra de Oliveira Soalheiro Cruz" NOME-PARA-CITACAO="SOALHEIRO, Marcela" ORDEM-DE-AUTORIA="3" NRO-ID-CNPQ=""/><INFORMACOES-ADICIONAIS DESCRICAO-INFORMACOES-ADICIONAIS="Inspirados nos diários de Carolina Maria de Jesus publicados no inicio dos anos 60 quando, pela primeira vez na história do Brasil, uma favelada escreve sobre seu cotidiano, os diretores do filme, 50 anos depois, saem em busca de personagens no Complexo da Maré no Rio de Janeiro, de forma a criar continuidades e descontinuidades entre distintas vivências femininas e seus significados de favela. Lá encontram Geandra Nobre, atriz, que ao encarnar Carolina no filme cria uma ponte espaço-temporal entre a personagem e as &amp;quot;Carolinas da Maré&amp;quot;: Iraci, Edilma, Maria da Paz, Vanessa e Genalda. Suas falas e reflexões propiciam uma imagem que escapa da violência e da virilidade masculinas descortinando uma favela vivida literalmente enquanto substantivo feminino." DESCRICAO-INFORMACOES-ADICIONAIS-INGLES=""/></ARTES-VISUAIS><ARTES-VISUAIS SEQUENCIA-PRODUCAO="25"><DADOS-BASICOS-DE-ARTES-VISUAIS NATUREZA="FILME" TITULO="Boa Noite" ANO="2008" PAIS="Brasil" IDIOMA="Português" FLAG-RELEVANCIA="NAO" TITULO-INGLES="" MEIO-DE-DIVULGACAO="FILME" HOME-PAGE="" FLAG-DIVULGACAO-CIENTIFICA="NAO"/><DETALHAMENTO-DE-ARTES-VISUAIS PREMIACAO="" ATIVIDADE-DOS-AUTORES="Outra" INSTITUICAO-PROMOTORA-DO-EVENTO="Universidade Federal Fluminense" LOCAL-DO-EVENTO="" CIDADE-DO-EVENTO="Rio de Janeiro" TEMPORADA=""/><AUTORES NOME-COMPLETO-DO-AUTOR="Marcela Dutra de Oliveira Soalheiro Cruz" NOME-PARA-CITACAO="SOALHEIRO, Marcela" ORDEM-DE-AUTORIA="1" NRO-ID-CNPQ=""/></ARTES-VISUAIS><ARTES-VISUAIS SEQUENCIA-PRODUCAO="26"><DADOS-BASICOS-DE-ARTES-VISUAIS NATUREZA="FILME" TITULO="Estações" ANO="2014" PAIS="Brasil" IDIOMA="Português" FLAG-RELEVANCIA="NAO" TITULO-INGLES="" MEIO-DE-DIVULGACAO="FILME" HOME-PAGE="" FLAG-DIVULGACAO-CIENTIFICA="NAO"/><DETALHAMENTO-DE-ARTES-VISUAIS PREMIACAO="" ATIVIDADE-DOS-AUTORES="Outra" INSTITUICAO-PROMOTORA-DO-EVENTO="Universidade Federal Fluminense" LOCAL-DO-EVENTO="" CIDADE-DO-EVENTO="Rio de Janeiro" TEMPORADA=""/><AUTORES NOME-COMPLETO-DO-AUTOR="Marcela Dutra de Oliveira Soalheiro Cruz" NOME-PARA-CITACAO="SOALHEIRO, Marcela" ORDEM-DE-AUTORIA="1" NRO-ID-CNPQ=""/></ARTES-VISUAIS><ARTES-VISUAIS SEQUENCIA-PRODUCAO="27"><DADOS-BASICOS-DE-ARTES-VISUAIS NATUREZA="FILME" TITULO="Ou isso, Ou Aquilo" ANO="2015" PAIS="Brasil" IDIOMA="Português" FLAG-RELEVANCIA="NAO" TITULO-INGLES="" MEIO-DE-DIVULGACAO="FILME" HOME-PAGE="" FLAG-DIVULGACAO-CIENTIFICA="NAO"/><DETALHAMENTO-DE-ARTES-VISUAIS PREMIACAO="Edital Carmen Santos de Cinema de Mulheres" ATIVIDADE-DOS-AUTORES="Outra" INSTITUICAO-PROMOTORA-DO-EVENTO="Caraduá Produções" LOCAL-DO-EVENTO="Rio de Janeiro" CIDADE-DO-EVENTO="Rio de Janeiro" TEMPORADA=""/><AUTORES NOME-COMPLETO-DO-AUTOR="Hadija Chalupe" NOME-PARA-CITACAO="CHALUPE, H." ORDEM-DE-AUTORIA="1" NRO-ID-CNPQ=""/><AUTORES NOME-COMPLETO-DO-AUTOR="Raquel Stern" NOME-PARA-CITACAO="STERN, R." ORDEM-DE-AUTORIA="2" NRO-ID-CNPQ=""/><AUTORES NOME-COMPLETO-DO-AUTOR="Marcela Dutra de Oliveira Soalheiro Cruz" NOME-PARA-CITACAO="SOALHEIRO, Marcela" ORDEM-DE-AUTORIA="3" NRO-ID-CNPQ=""/><INFORMACOES-ADICIONAIS DESCRICAO-INFORMACOES-ADICIONAIS="Produção de Elenco Assistência de Produção  Dona Nilzete descobre em uma pesquisa escolar de sua filha que as estátuas da cidade onde vive são todas dedicadas a homenagear homens. Ela então se engaja em um projeto político que estabelece que 30% dos monumentos teriam que representar heroínas locais, dentre índias, duquesas e parteiras." DESCRICAO-INFORMACOES-ADICIONAIS-INGLES=""/></ARTES-VISUAIS><ARTES-VISUAIS SEQUENCIA-PRODUCAO="28"><DADOS-BASICOS-DE-ARTES-VISUAIS NATUREZA="VIDEO" TITULO="Drag-se" ANO="2015" PAIS="Brasil" IDIOMA="Português" FLAG-RELEVANCIA="NAO" TITULO-INGLES="" MEIO-DE-DIVULGACAO="MEIO_DIGITAL" HOME-PAGE="https://www.youtube.com/user/dragsetv" FLAG-DIVULGACAO-CIENTIFICA="NAO"/><DETALHAMENTO-DE-ARTES-VISUAIS PREMIACAO="Premiado no Programa de Investimento Seletivo Não Reembolsável da RIOFILME, 2014" ATIVIDADE-DOS-AUTORES="Cineasta" INSTITUICAO-PROMOTORA-DO-EVENTO="Suma Filmes" LOCAL-DO-EVENTO="" CIDADE-DO-EVENTO="Rio de Janeiro" TEMPORADA="1"/><AUTORES NOME-COMPLETO-DO-AUTOR="Marcela Dutra de Oliveira Soalheiro Cruz" NOME-PARA-CITACAO="SOALHEIRO, Marcela" ORDEM-DE-AUTORIA="1" NRO-ID-CNPQ=""/><AUTORES NOME-COMPLETO-DO-AUTOR="Bia Medeiros" NOME-PARA-CITACAO="MEDEIROS, B." ORDEM-DE-AUTORIA="2" NRO-ID-CNPQ=""/><AUTORES NOME-COMPLETO-DO-AUTOR="Jonas Amarante" NOME-PARA-CITACAO="AMARANTE, J." ORDEM-DE-AUTORIA="3" NRO-ID-CNPQ=""/><INFORMACOES-ADICIONAIS DESCRICAO-INFORMACOES-ADICIONAIS="Produção Executiva: Marcela Soalheiro  A websérie DRAG-SE aborda questões relativas ao universo Drag e a essa forma de arte performática. Algumas personagens se montam por hobby, outras por questões políticas e tem aquelas que fazem apenas por realização pessoal. Acompanharemos os passos das drags: em casa; com a família; com os amigos; indo pro trabalho; e a sua transformação: a maquiagem, o look, a peruca, o salto e as festas porque Drag e festa andam sempre juntas.  A rede DRAG-SE vem fazendo grande sucesso desde a criação da sua campanha de financiamento coletivo, lançada em setembro de 2014, na plataforma Catarse, com 242 apoiadores. Recentemente, a série foi noticiada de maneira espontânea em mais de trinta veículos midiáticos, entre eles Carta Capital e O Globo. A prefeitura do Rio de Janeiro aprovou, em 2014, o projeto de expansão do Canal DRAG-SE no Youtube, através de financiamento incluido no Programa de Investimento Seletivo Não Reembolsável da RIOFILME. O canal contém três programas estrelados por drags: Carão - performances musicais (13 episódios); Lado D - tutoriais de maquiagem (26 episódios); e Drag-se - fio condutor da programação que acompanha um dia na vida de treze drags (13 episódios)." DESCRICAO-INFORMACOES-ADICIONAIS-INGLES=""/></ARTES-VISUAIS><ARTES-VISUAIS SEQUENCIA-PRODUCAO="22"><DADOS-BASICOS-DE-ARTES-VISUAIS NATUREZA="FILME" TITULO="REM" ANO="2008" PAIS="Brasil" IDIOMA="Português" FLAG-RELEVANCIA="NAO" TITULO-INGLES="" MEIO-DE-DIVULGACAO="FILME" HOME-PAGE="" FLAG-DIVULGACAO-CIENTIFICA="NAO"/><DETALHAMENTO-DE-ARTES-VISUAIS PREMIACAO="" ATIVIDADE-DOS-AUTORES="Outra" INSTITUICAO-PROMOTORA-DO-EVENTO="Universidade Federal Fluminense" LOCAL-DO-EVENTO="" CIDADE-DO-EVENTO="Rio de Janeiro" TEMPORADA=""/><AUTORES NOME-COMPLETO-DO-AUTOR="J.C. Oliveira" NOME-PARA-CITACAO="OLIVEIRA, J." ORDEM-DE-AUTORIA="1" NRO-ID-CNPQ=""/><AUTORES NOME-COMPLETO-DO-AUTOR="Marcela Dutra de Oliveira Soalheiro Cruz" NOME-PARA-CITACAO="SOALHEIRO, Marcela" ORDEM-DE-AUTORIA="2" NRO-ID-CNPQ=""/><INFORMACOES-ADICIONAIS DESCRICAO-INFORMACOES-ADICIONAIS="Direção de Produção" DESCRICAO-INFORMACOES-ADICIONAIS-INGLES=""/></ARTES-VISUAIS></PRODUCAO-ARTISTICA-CULTURAL><ORIENTACOES-CONCLUIDAS><OUTRAS-ORIENTACOES-CONCLUIDAS SEQUENCIA-PRODUCAO="37"><DADOS-BASICOS-DE-OUTRAS-ORIENTACOES-CONCLUIDAS NATUREZA="TRABALHO_DE_CONCLUSAO_DE_CURSO_GRADUACAO" TIPO="" TITULO="O Jornalismo participativo e o papel do jornalista com a colaboração do Whatsapp do Jornal Extra" ANO="2016" PAIS="Brasil" IDIOMA="Português" HOME-PAGE="" FLAG-RELEVANCIA="NAO" DOI="" TITULO-INGLES="" TIPO-INGLES=""/><DETALHAMENTO-DE-OUTRAS-ORIENTACOES-CONCLUIDAS NOME-DO-ORIENTADO="Samanta Balster Salvador" CODIGO-INSTITUICAO="201900000008" NOME-DA-INSTITUICAO="Centro Universitário Augusto Motta" CODIGO-CURSO="60298081" NOME-DO-CURSO="Comunicação Social - Jornalismo" FLAG-BOLSA="NAO" CODIGO-AGENCIA-FINANCIADORA="" NOME-DA-AGENCIA="" TIPO-DE-ORIENTACAO-CONCLUIDA="CO_ORIENTADOR" NUMERO-DE-PAGINAS="" NUMERO-ID-ORIENTADO="" NOME-DO-CURSO-INGLES=""/><PALAVRAS-CHAVE PALAVRA-CHAVE-1="Jornalismo participativo" PALAVRA-CHAVE-2="Convergência" PALAVRA-CHAVE-3="" PALAVRA-CHAVE-4="" PALAVRA-CHAVE-5="" PALAVRA-CHAVE-6=""/><AREAS-DO-CONHECIMENTO><AREA-DO-CONHECIMENTO-1 NOME-GRANDE-AREA-DO-CONHECIMENTO="CIENCIAS_SOCIAIS_APLICADAS" NOME-DA-AREA-DO-CONHECIMENTO="" NOME-DA-SUB-AREA-DO-CONHECIMENTO="Jornalismo" NOME-DA-ESPECIALIDADE=""/></AREAS-DO-CONHECIMENTO></OUTRAS-ORIENTACOES-CONCLUIDAS><OUTRAS-ORIENTACOES-CONCLUIDAS SEQUENCIA-PRODUCAO="38"><DADOS-BASICOS-DE-OUTRAS-ORIENTACOES-CONCLUIDAS NATUREZA="TRABALHO_DE_CONCLUSAO_DE_CURSO_GRADUACAO" TIPO="" TITULO="O Youtube como ferramenta de comunicação e sua influência na prática do jornalismo" ANO="2016" PAIS="Brasil" IDIOMA="Português" HOME-PAGE="" FLAG-RELEVANCIA="NAO" DOI="" TITULO-INGLES="" TIPO-INGLES=""/><DETALHAMENTO-DE-OUTRAS-ORIENTACOES-CONCLUIDAS NOME-DO-ORIENTADO="Alessandra Rosa Pinheiro" CODIGO-INSTITUICAO="201900000008" NOME-DA-INSTITUICAO="Centro Universitário Augusto Motta" CODIGO-CURSO="60298081" NOME-DO-CURSO="Comunicação Social - Jornalismo" FLAG-BOLSA="NAO" CODIGO-AGENCIA-FINANCIADORA="" NOME-DA-AGENCIA="" TIPO-DE-ORIENTACAO-CONCLUIDA="CO_ORIENTADOR" NUMERO-DE-PAGINAS="" NUMERO-ID-ORIENTADO="" NOME-DO-CURSO-INGLES=""/><PALAVRAS-CHAVE PALAVRA-CHAVE-1="Comunicação" PALAVRA-CHAVE-2="Jornalismo" PALAVRA-CHAVE-3="Mídias sociais" PALAVRA-CHAVE-4="" PALAVRA-CHAVE-5="" PALAVRA-CHAVE-6=""/><AREAS-DO-CONHECIMENTO><AREA-DO-CONHECIMENTO-1 NOME-GRANDE-AREA-DO-CONHECIMENTO="CIENCIAS_SOCIAIS_APLICADAS" NOME-DA-AREA-DO-CONHECIMENTO="" NOME-DA-SUB-AREA-DO-CONHECIMENTO="Jornalismo" NOME-DA-ESPECIALIDADE=""/></AREAS-DO-CONHECIMENTO></OUTRAS-ORIENTACOES-CONCLUIDAS><OUTRAS-ORIENTACOES-CONCLUIDAS SEQUENCIA-PRODUCAO="39"><DADOS-BASICOS-DE-OUTRAS-ORIENTACOES-CONCLUIDAS NATUREZA="TRABALHO_DE_CONCLUSAO_DE_CURSO_GRADUACAO" TIPO="" TITULO="A falta de representatividade de minorias no telejornalismo brasileiro estudo de caso das Âncoras do Jornal Nacional" ANO="2016" PAIS="Brasil" IDIOMA="Português" HOME-PAGE="" FLAG-RELEVANCIA="NAO" DOI="" TITULO-INGLES="" TIPO-INGLES=""/><DETALHAMENTO-DE-OUTRAS-ORIENTACOES-CONCLUIDAS NOME-DO-ORIENTADO="Beatriz de Oliveira Henrique" CODIGO-INSTITUICAO="201900000008" NOME-DA-INSTITUICAO="Centro Universitário Augusto Motta" CODIGO-CURSO="60298081" NOME-DO-CURSO="Comunicação Social - Jornalismo" FLAG-BOLSA="NAO" CODIGO-AGENCIA-FINANCIADORA="" NOME-DA-AGENCIA="" TIPO-DE-ORIENTACAO-CONCLUIDA="CO_ORIENTADOR" NUMERO-DE-PAGINAS="" NUMERO-ID-ORIENTADO="" NOME-DO-CURSO-INGLES=""/><PALAVRAS-CHAVE PALAVRA-CHAVE-1="Identidade" PALAVRA-CHAVE-2="Representação" PALAVRA-CHAVE-3="Telejornalismo" PALAVRA-CHAVE-4="Estudos de Gênero" PALAVRA-CHAVE-5="" PALAVRA-CHAVE-6=""/><AREAS-DO-CONHECIMENTO><AREA-DO-CONHECIMENTO-1 NOME-GRANDE-AREA-DO-CONHECIMENTO="CIENCIAS_SOCIAIS_APLICADAS" NOME-DA-AREA-DO-CONHECIMENTO="" NOME-DA-SUB-AREA-DO-CONHECIMENTO="" NOME-DA-ESPECIALIDADE=""/><AREA-DO-CONHECIMENTO-2 NOME-GRANDE-AREA-DO-CONHECIMENTO="CIENCIAS_SOCIAIS_APLICADAS" NOME-DA-AREA-DO-CONHECIMENTO="Comunicação" NOME-DA-SUB-AREA-DO-CONHECIMENTO="Jornalismo" NOME-DA-ESPECIALIDADE=""/></AREAS-DO-CONHECIMENTO></OUTRAS-ORIENTACOES-CONCLUIDAS><OUTRAS-ORIENTACOES-CONCLUIDAS SEQUENCIA-PRODUCAO="40"><DADOS-BASICOS-DE-OUTRAS-ORIENTACOES-CONCLUIDAS NATUREZA="TRABALHO_DE_CONCLUSAO_DE_CURSO_GRADUACAO" TIPO="" TITULO="A importância da presença da mulher no jornalismo esportivo de televisão" ANO="2016" PAIS="Brasil" IDIOMA="Português" HOME-PAGE="" FLAG-RELEVANCIA="NAO" DOI="" TITULO-INGLES="" TIPO-INGLES=""/><DETALHAMENTO-DE-OUTRAS-ORIENTACOES-CONCLUIDAS NOME-DO-ORIENTADO="Karina da Silva Paixão" CODIGO-INSTITUICAO="201900000008" NOME-DA-INSTITUICAO="Centro Universitário Augusto Motta" CODIGO-CURSO="60298081" NOME-DO-CURSO="Comunicação Social - Jornalismo" FLAG-BOLSA="NAO" CODIGO-AGENCIA-FINANCIADORA="" NOME-DA-AGENCIA="" TIPO-DE-ORIENTACAO-CONCLUIDA="CO_ORIENTADOR" NUMERO-DE-PAGINAS="" NUMERO-ID-ORIENTADO="" NOME-DO-CURSO-INGLES=""/><PALAVRAS-CHAVE PALAVRA-CHAVE-1="Telejornalismo" PALAVRA-CHAVE-2="Representação" PALAVRA-CHAVE-3="Jornalismo esportivo" PALAVRA-CHAVE-4="" PALAVRA-CHAVE-5="" PALAVRA-CHAVE-6=""/><AREAS-DO-CONHECIMENTO><AREA-DO-CONHECIMENTO-1 NOME-GRANDE-AREA-DO-CONHECIMENTO="CIENCIAS_SOCIAIS_APLICADAS" NOME-DA-AREA-DO-CONHECIMENTO="" NOME-DA-SUB-AREA-DO-CONHECIMENTO="" NOME-DA-ESPECIALIDADE=""/><AREA-DO-CONHECIMENTO-2 NOME-GRANDE-AREA-DO-CONHECIMENTO="CIENCIAS_SOCIAIS_APLICADAS" NOME-DA-AREA-DO-CONHECIMENTO="Comunicação" NOME-DA-SUB-AREA-DO-CONHECIMENTO="Jornalismo" NOME-DA-ESPECIALIDADE=""/></AREAS-DO-CONHECIMENTO></OUTRAS-ORIENTACOES-CONCLUIDAS><OUTRAS-ORIENTACOES-CONCLUIDAS SEQUENCIA-PRODUCAO="41"><DADOS-BASICOS-DE-OUTRAS-ORIENTACOES-CONCLUIDAS NATUREZA="TRABALHO_DE_CONCLUSAO_DE_CURSO_GRADUACAO" TIPO="" TITULO="Comunicação pública no Brasil" ANO="2016" PAIS="Brasil" IDIOMA="Português" HOME-PAGE="" FLAG-RELEVANCIA="NAO" DOI="" TITULO-INGLES="" TIPO-INGLES=""/><DETALHAMENTO-DE-OUTRAS-ORIENTACOES-CONCLUIDAS NOME-DO-ORIENTADO="Giovane Ramos de Lima" CODIGO-INSTITUICAO="201900000008" NOME-DA-INSTITUICAO="Centro Universitário Augusto Motta" CODIGO-CURSO="60298081" NOME-DO-CURSO="Comunicação Social - Jornalismo" FLAG-BOLSA="NAO" CODIGO-AGENCIA-FINANCIADORA="" NOME-DA-AGENCIA="" TIPO-DE-ORIENTACAO-CONCLUIDA="CO_ORIENTADOR" NUMERO-DE-PAGINAS="" NUMERO-ID-ORIENTADO="" NOME-DO-CURSO-INGLES=""/><PALAVRAS-CHAVE PALAVRA-CHAVE-1="Comunicação Pública" PALAVRA-CHAVE-2="Jornalismo" PALAVRA-CHAVE-3="Mídia democrática" PALAVRA-CHAVE-4="" PALAVRA-CHAVE-5="" PALAVRA-CHAVE-6=""/><AREAS-DO-CONHECIMENTO><AREA-DO-CONHECIMENTO-1 NOME-GRANDE-AREA-DO-CONHECIMENTO="CIENCIAS_SOCIAIS_APLICADAS" NOME-DA-AREA-DO-CONHECIMENTO="" NOME-DA-SUB-AREA-DO-CONHECIMENTO="" NOME-DA-ESPECIALIDADE=""/><AREA-DO-CONHECIMENTO-2 NOME-GRANDE-AREA-DO-CONHECIMENTO="CIENCIAS_SOCIAIS_APLICADAS" NOME-DA-AREA-DO-CONHECIMENTO="Comunicação" NOME-DA-SUB-AREA-DO-CONHECIMENTO="Jornalismo" NOME-DA-ESPECIALIDADE=""/></AREAS-DO-CONHECIMENTO></OUTRAS-ORIENTACOES-CONCLUIDAS><OUTRAS-ORIENTACOES-CONCLUIDAS SEQUENCIA-PRODUCAO="43"><DADOS-BASICOS-DE-OUTRAS-ORIENTACOES-CONCLUIDAS NATUREZA="TRABALHO_DE_CONCLUSAO_DE_CURSO_GRADUACAO" TIPO="" TITULO="A TV que apresenta mas não representa. O negro enxerga mas não se vê." ANO="2016" PAIS="Brasil" IDIOMA="Português" HOME-PAGE="" FLAG-RELEVANCIA="NAO" DOI="" TITULO-INGLES="" TIPO-INGLES=""/><DETALHAMENTO-DE-OUTRAS-ORIENTACOES-CONCLUIDAS NOME-DO-ORIENTADO="Paulo Henrique Freitas da Costa" CODIGO-INSTITUICAO="201900000008" NOME-DA-INSTITUICAO="Centro Universitário Augusto Motta" CODIGO-CURSO="60298081" NOME-DO-CURSO="Comunicação Social - Jornalismo" FLAG-BOLSA="NAO" CODIGO-AGENCIA-FINANCIADORA="" NOME-DA-AGENCIA="" TIPO-DE-ORIENTACAO-CONCLUIDA="CO_ORIENTADOR" NUMERO-DE-PAGINAS="" NUMERO-ID-ORIENTADO="" NOME-DO-CURSO-INGLES=""/><PALAVRAS-CHAVE PALAVRA-CHAVE-1="Comunicação" PALAVRA-CHAVE-2="Jornalismo" PALAVRA-CHAVE-3="Representação" PALAVRA-CHAVE-4="Identidade" PALAVRA-CHAVE-5="" PALAVRA-CHAVE-6=""/><AREAS-DO-CONHECIMENTO><AREA-DO-CONHECIMENTO-1 NOME-GRANDE-AREA-DO-CONHECIMENTO="CIENCIAS_SOCIAIS_APLICADAS" NOME-DA-AREA-DO-CONHECIMENTO="" NOME-DA-SUB-AREA-DO-CONHECIMENTO="" NOME-DA-ESPECIALIDADE=""/><AREA-DO-CONHECIMENTO-2 NOME-GRANDE-AREA-DO-CONHECIMENTO="CIENCIAS_SOCIAIS_APLICADAS" NOME-DA-AREA-DO-CONHECIMENTO="Comunicação" NOME-DA-SUB-AREA-DO-CONHECIMENTO="Jornalismo" NOME-DA-ESPECIALIDADE=""/></AREAS-DO-CONHECIMENTO></OUTRAS-ORIENTACOES-CONCLUIDAS><OUTRAS-ORIENTACOES-CONCLUIDAS SEQUENCIA-PRODUCAO="42"><DADOS-BASICOS-DE-OUTRAS-ORIENTACOES-CONCLUIDAS NATUREZA="TRABALHO_DE_CONCLUSAO_DE_CURSO_GRADUACAO" TIPO="" TITULO="A adaptação dos critérios jornalísticos ao ciberespaço" ANO="2016" PAIS="Brasil" IDIOMA="Português" HOME-PAGE="" FLAG-RELEVANCIA="NAO" DOI="" TITULO-INGLES="" TIPO-INGLES=""/><DETALHAMENTO-DE-OUTRAS-ORIENTACOES-CONCLUIDAS NOME-DO-ORIENTADO="Juliana Fraga dos Anjos Gomes" CODIGO-INSTITUICAO="201900000008" NOME-DA-INSTITUICAO="Centro Universitário Augusto Motta" CODIGO-CURSO="60298081" NOME-DO-CURSO="Comunicação Social - Jornalismo" FLAG-BOLSA="NAO" CODIGO-AGENCIA-FINANCIADORA="" NOME-DA-AGENCIA="" TIPO-DE-ORIENTACAO-CONCLUIDA="CO_ORIENTADOR" NUMERO-DE-PAGINAS="" NUMERO-ID-ORIENTADO="" NOME-DO-CURSO-INGLES=""/><PALAVRAS-CHAVE PALAVRA-CHAVE-1="Comunicação" PALAVRA-CHAVE-2="Jornalismo" PALAVRA-CHAVE-3="Convergência" PALAVRA-CHAVE-4="" PALAVRA-CHAVE-5="" PALAVRA-CHAVE-6=""/><AREAS-DO-CONHECIMENTO><AREA-DO-CONHECIMENTO-1 NOME-GRANDE-AREA-DO-CONHECIMENTO="CIENCIAS_SOCIAIS_APLICADAS" NOME-DA-AREA-DO-CONHECIMENTO="" NOME-DA-SUB-AREA-DO-CONHECIMENTO="" NOME-DA-ESPECIALIDADE=""/><AREA-DO-CONHECIMENTO-2 NOME-GRANDE-AREA-DO-CONHECIMENTO="CIENCIAS_SOCIAIS_APLICADAS" NOME-DA-AREA-DO-CONHECIMENTO="Comunicação" NOME-DA-SUB-AREA-DO-CONHECIMENTO="Jornalismo" NOME-DA-ESPECIALIDADE=""/></AREAS-DO-CONHECIMENTO></OUTRAS-ORIENTACOES-CONCLUIDAS></ORIENTACOES-CONCLUIDAS></OUTRA-PRODUCAO><DADOS-COMPLEMENTARES><PARTICIPACAO-EM-BANCA-TRABALHOS-CONCLUSAO><PARTICIPACAO-EM-BANCA-DE-GRADUACAO SEQUENCIA-PRODUCAO="12"><DADOS-BASICOS-DA-PARTICIPACAO-EM-BANCA-DE-GRADUACAO NATUREZA="Graduação" TITULO="Uma análise da adaptação do romance &amp;quot;Orgulho e Preconceito&amp;quot;" ANO="2013" PAIS="Brasil" IDIOMA="Português" HOME-PAGE="" DOI="" TITULO-INGLES=""/><DETALHAMENTO-DA-PARTICIPACAO-EM-BANCA-DE-GRADUACAO NOME-DO-CANDIDATO="Andréa Moraes Fontes Romão" CODIGO-INSTITUICAO="000500000000" NOME-INSTITUICAO="Universidade Federal Fluminense" CODIGO-ORGAO="" NOME-ORGAO="" CODIGO-CURSO="60154640" NOME-CURSO="Cinema e Audiovisual" NOME-CURSO-INGLES=""/><PARTICIPANTE-BANCA NOME-COMPLETO-DO-PARTICIPANTE-DA-BANCA="Marcela Dutra de Oliveira Soalheiro Cruz" NOME-PARA-CITACAO-DO-PARTICIPANTE-DA-BANCA="SOALHEIRO, Marcela" ORDEM-PARTICIPANTE="3" NRO-ID-CNPQ=""/><PARTICIPANTE-BANCA NOME-COMPLETO-DO-PARTICIPANTE-DA-BANCA="Eliany Salvatierra" NOME-PARA-CITACAO-DO-PARTICIPANTE-DA-BANCA="SALVATIERRA, E." ORDEM-PARTICIPANTE="1" NRO-ID-CNPQ=""/><PARTICIPANTE-BANCA NOME-COMPLETO-DO-PARTICIPANTE-DA-BANCA="Maurício de Bragança" NOME-PARA-CITACAO-DO-PARTICIPANTE-DA-BANCA="BRAGANCA, M." ORDEM-PARTICIPANTE="2" NRO-ID-CNPQ=""/></PARTICIPACAO-EM-BANCA-DE-GRADUACAO><PARTICIPACAO-EM-BANCA-DE-GRADUACAO SEQUENCIA-PRODUCAO="35"><DADOS-BASICOS-DA-PARTICIPACAO-EM-BANCA-DE-GRADUACAO NATUREZA="Graduação" TITULO="Princesa, Camponesa, Bruxa ou Caçadora? - Representações de Branca de Neve no Cinema" ANO="2015" PAIS="Brasil" IDIOMA="Português" HOME-PAGE="" DOI="" TITULO-INGLES=""/><DETALHAMENTO-DA-PARTICIPACAO-EM-BANCA-DE-GRADUACAO NOME-DO-CANDIDATO="Deborah Medeiros da Costa Gomes" CODIGO-INSTITUICAO="000500000000" NOME-INSTITUICAO="Universidade Federal Fluminense" CODIGO-ORGAO="" NOME-ORGAO="" CODIGO-CURSO="60234245" NOME-CURSO="Cinema e Audiovisual" NOME-CURSO-INGLES=""/><PARTICIPANTE-BANCA NOME-COMPLETO-DO-PARTICIPANTE-DA-BANCA="Marcela Dutra de Oliveira Soalheiro Cruz" NOME-PARA-CITACAO-DO-PARTICIPANTE-DA-BANCA="SOALHEIRO, Marcela" ORDEM-PARTICIPANTE="3" NRO-ID-CNPQ=""/><PARTICIPANTE-BANCA NOME-COMPLETO-DO-PARTICIPANTE-DA-BANCA="Marina Tedesco" NOME-PARA-CITACAO-DO-PARTICIPANTE-DA-BANCA="TEDESCO, M." ORDEM-PARTICIPANTE="2" NRO-ID-CNPQ=""/><PARTICIPANTE-BANCA NOME-COMPLETO-DO-PARTICIPANTE-DA-BANCA="Mariana Baltar" NOME-PARA-CITACAO-DO-PARTICIPANTE-DA-BANCA="BALTAR, M." ORDEM-PARTICIPANTE="1" NRO-ID-CNPQ=""/></PARTICIPACAO-EM-BANCA-DE-GRADUACAO><PARTICIPACAO-EM-BANCA-DE-GRADUACAO SEQUENCIA-PRODUCAO="44"><DADOS-BASICOS-DA-PARTICIPACAO-EM-BANCA-DE-GRADUACAO NATUREZA="Graduação" TITULO="A imprensa partidária de D. João VI à Mariana (BR)" ANO="2016" PAIS="Brasil" IDIOMA="Português" HOME-PAGE="" DOI="" TITULO-INGLES=""/><DETALHAMENTO-DA-PARTICIPACAO-EM-BANCA-DE-GRADUACAO NOME-DO-CANDIDATO="Juliana de Góes Rocha" CODIGO-INSTITUICAO="201900000008" NOME-INSTITUICAO="Centro Universitário Augusto Motta" CODIGO-ORGAO="" NOME-ORGAO="" CODIGO-CURSO="60298081" NOME-CURSO="Comunicação Social - Jornalismo" NOME-CURSO-INGLES=""/><PARTICIPANTE-BANCA NOME-COMPLETO-DO-PARTICIPANTE-DA-BANCA="Marcela Dutra de Oliveira Soalheiro Cruz" NOME-PARA-CITACAO-DO-PARTICIPANTE-DA-BANCA="SOALHEIRO, Marcela" ORDEM-PARTICIPANTE="3" NRO-ID-CNPQ=""/><PARTICIPANTE-BANCA NOME-COMPLETO-DO-PARTICIPANTE-DA-BANCA="Vanessa Paiva" NOME-PARA-CITACAO-DO-PARTICIPANTE-DA-BANCA="PAIVA, V." ORDEM-PARTICIPANTE="1" NRO-ID-CNPQ=""/><PARTICIPANTE-BANCA NOME-COMPLETO-DO-PARTICIPANTE-DA-BANCA="Mirian Magalhães" NOME-PARA-CITACAO-DO-PARTICIPANTE-DA-BANCA="Magalhães, Mirian" ORDEM-PARTICIPANTE="2" NRO-ID-CNPQ=""/><PALAVRAS-CHAVE PALAVRA-CHAVE-1="Imprensa" PALAVRA-CHAVE-2="Agenda-setting" PALAVRA-CHAVE-3="Comunicação" PALAVRA-CHAVE-4="Jornalismo" PALAVRA-CHAVE-5="" PALAVRA-CHAVE-6=""/><AREAS-DO-CONHECIMENTO><AREA-DO-CONHECIMENTO-1 NOME-GRANDE-AREA-DO-CONHECIMENTO="CIENCIAS_SOCIAIS_APLICADAS" NOME-DA-AREA-DO-CONHECIMENTO="" NOME-DA-SUB-AREA-DO-CONHECIMENTO="" NOME-DA-ESPECIALIDADE=""/><AREA-DO-CONHECIMENTO-2 NOME-GRANDE-AREA-DO-CONHECIMENTO="CIENCIAS_SOCIAIS_APLICADAS" NOME-DA-AREA-DO-CONHECIMENTO="Comunicação" NOME-DA-SUB-AREA-DO-CONHECIMENTO="Jornalismo" NOME-DA-ESPECIALIDADE=""/></AREAS-DO-CONHECIMENTO></PARTICIPACAO-EM-BANCA-DE-GRADUACAO><PARTICIPACAO-EM-BANCA-DE-GRADUACAO SEQUENCIA-PRODUCAO="45"><DADOS-BASICOS-DA-PARTICIPACAO-EM-BANCA-DE-GRADUACAO NATUREZA="Graduação" TITULO="Os opostos se atraem? Um estudo sobre o charme e a sedução do jornalismo literário" ANO="2016" PAIS="Brasil" IDIOMA="Português" HOME-PAGE="" DOI="" TITULO-INGLES=""/><DETALHAMENTO-DA-PARTICIPACAO-EM-BANCA-DE-GRADUACAO NOME-DO-CANDIDATO="Nathália do Carmo Pimenta" CODIGO-INSTITUICAO="201900000008" NOME-INSTITUICAO="Centro Universitário Augusto Motta" CODIGO-ORGAO="" NOME-ORGAO="" CODIGO-CURSO="60298081" NOME-CURSO="Comunicação Social - Jornalismo" NOME-CURSO-INGLES=""/><PARTICIPANTE-BANCA NOME-COMPLETO-DO-PARTICIPANTE-DA-BANCA="Marcela Dutra de Oliveira Soalheiro Cruz" NOME-PARA-CITACAO-DO-PARTICIPANTE-DA-BANCA="SOALHEIRO, Marcela" ORDEM-PARTICIPANTE="1" NRO-ID-CNPQ=""/><PARTICIPANTE-BANCA NOME-COMPLETO-DO-PARTICIPANTE-DA-BANCA="Mirian Magalhães" NOME-PARA-CITACAO-DO-PARTICIPANTE-DA-BANCA="Magalhães, Mirian" ORDEM-PARTICIPANTE="2" NRO-ID-CNPQ=""/><PARTICIPANTE-BANCA NOME-COMPLETO-DO-PARTICIPANTE-DA-BANCA="Ovidio Mota Peixoto" NOME-PARA-CITACAO-DO-PARTICIPANTE-DA-BANCA="Peixoto, Ovidio M." ORDEM-PARTICIPANTE="3" NRO-ID-CNPQ=""/></PARTICIPACAO-EM-BANCA-DE-GRADUACAO><PARTICIPACAO-EM-BANCA-DE-GRADUACAO SEQUENCIA-PRODUCAO="46"><DADOS-BASICOS-DA-PARTICIPACAO-EM-BANCA-DE-GRADUACAO NATUREZA="Graduação" TITULO="Feminismo: discussão ampliada por meio das redes sociais da internet" ANO="2016" PAIS="Brasil" IDIOMA="Português" HOME-PAGE="" DOI="" TITULO-INGLES=""/><DETALHAMENTO-DA-PARTICIPACAO-EM-BANCA-DE-GRADUACAO NOME-DO-CANDIDATO="Bruna Dantas do Nascimento" CODIGO-INSTITUICAO="201900000008" NOME-INSTITUICAO="Centro Universitário Augusto Motta" CODIGO-ORGAO="" NOME-ORGAO="" CODIGO-CURSO="60298081" NOME-CURSO="Comunicação Social - Jornalismo" NOME-CURSO-INGLES=""/><PARTICIPANTE-BANCA NOME-COMPLETO-DO-PARTICIPANTE-DA-BANCA="Marcela Dutra de Oliveira Soalheiro Cruz" NOME-PARA-CITACAO-DO-PARTICIPANTE-DA-BANCA="SOALHEIRO, Marcela" ORDEM-PARTICIPANTE="3" NRO-ID-CNPQ=""/><PARTICIPANTE-BANCA NOME-COMPLETO-DO-PARTICIPANTE-DA-BANCA="Mirian Magalhães" NOME-PARA-CITACAO-DO-PARTICIPANTE-DA-BANCA="Magalhães, Mirian" ORDEM-PARTICIPANTE="1" NRO-ID-CNPQ=""/><PARTICIPANTE-BANCA NOME-COMPLETO-DO-PARTICIPANTE-DA-BANCA="Maria João M. P. Vieira" NOME-PARA-CITACAO-DO-PARTICIPANTE-DA-BANCA="VIEIRA, M. J. M. P." ORDEM-PARTICIPANTE="2" NRO-ID-CNPQ=""/><PALAVRAS-CHAVE PALAVRA-CHAVE-1="Jornalismo" PALAVRA-CHAVE-2="Feminismo" PALAVRA-CHAVE-3="Mídias sociais" PALAVRA-CHAVE-4="" PALAVRA-CHAVE-5="" PALAVRA-CHAVE-6=""/><AREAS-DO-CONHECIMENTO><AREA-DO-CONHECIMENTO-1 NOME-GRANDE-AREA-DO-CONHECIMENTO="CIENCIAS_SOCIAIS_APLICADAS" NOME-DA-AREA-DO-CONHECIMENTO="" NOME-DA-SUB-AREA-DO-CONHECIMENTO="" NOME-DA-ESPECIALIDADE=""/><AREA-DO-CONHECIMENTO-2 NOME-GRANDE-AREA-DO-CONHECIMENTO="CIENCIAS_SOCIAIS_APLICADAS" NOME-DA-AREA-DO-CONHECIMENTO="Comunicação" NOME-DA-SUB-AREA-DO-CONHECIMENTO="Jornalismo" NOME-DA-ESPECIALIDADE=""/></AREAS-DO-CONHECIMENTO></PARTICIPACAO-EM-BANCA-DE-GRADUACAO></PARTICIPACAO-EM-BANCA-TRABALHOS-CONCLUSAO><PARTICIPACAO-EM-EVENTOS-CONGRESSOS><PARTICIPACAO-EM-CONGRESSO SEQUENCIA-PRODUCAO="30"><PARTICIPANTE-DE-EVENTOS-CONGRESSOS NOME-COMPLETO-DO-PARTICIPANTE-DE-EVENTOS-CONGRESSOS="Marcela Dutra de Oliveira Soalheiro Cruz" NOME-PARA-CITACAO-DO-PARTICIPANTE-DE-EVENTOS-CONGRESSOS="CRUZ, Marcela D. O. S.;SOALHEIRO, Marcela" ORDEM-PARTICIPANTE="1" NRO-ID-CNPQ="2492233349414455"/><DADOS-BASICOS-DA-PARTICIPACAO-EM-CONGRESSO NATUREZA="Congresso" TITULO="Adaptação, apropriação e memória: a relação entre a memória cultural circulada do cânone literário e os produtos audiovisuais contemporâneos" ANO="2015" PAIS="Brasil" IDIOMA="" MEIO-DE-DIVULGACAO="NAO_INFORMADO" HOME-PAGE-DO-TRABALHO="" FLAG-RELEVANCIA="NAO" TIPO-PARTICIPACAO="Apresentação oral" FORMA-PARTICIPACAO="Participante" DOI="" TITULO-INGLES="" FLAG-DIVULGACAO-CIENTIFICA="NAO"/><DETALHAMENTO-DA-PARTICIPACAO-EM-CONGRESSO NOME-DO-EVENTO="AVANCA | CINEMA 2015 Conferência Internacional Cinema ? Arte, Tecnologia, Comunicação" CODIGO-INSTITUICAO="" NOME-INSTITUICAO="" LOCAL-DO-EVENTO="" CIDADE-DO-EVENTO="Avanca" NOME-DO-EVENTO-INGLES=""/></PARTICIPACAO-EM-CONGRESSO><PARTICIPACAO-EM-CONGRESSO SEQUENCIA-PRODUCAO="13"><PARTICIPANTE-DE-EVENTOS-CONGRESSOS NOME-COMPLETO-DO-PARTICIPANTE-DE-EVENTOS-CONGRESSOS="Marcela Dutra de Oliveira Soalheiro Cruz" NOME-PARA-CITACAO-DO-PARTICIPANTE-DE-EVENTOS-CONGRESSOS="CRUZ, Marcela D. O. S.;SOALHEIRO, Marcela" ORDEM-PARTICIPANTE="1" NRO-ID-CNPQ="2492233349414455"/><DADOS-BASICOS-DA-PARTICIPACAO-EM-CONGRESSO NATUREZA="Congresso" TITULO="?Era uma, duas, três? vezes: contos de fadas, adaptação e intertextualidade em Once Upon a Time" ANO="2014" PAIS="Argentina" IDIOMA="" MEIO-DE-DIVULGACAO="NAO_INFORMADO" HOME-PAGE-DO-TRABALHO="" FLAG-RELEVANCIA="NAO" TIPO-PARTICIPACAO="Apresentação oral" FORMA-PARTICIPACAO="Participante" DOI="" TITULO-INGLES="" FLAG-DIVULGACAO-CIENTIFICA="NAO"/><DETALHAMENTO-DA-PARTICIPACAO-EM-CONGRESSO NOME-DO-EVENTO="IV Congresso - Asociación Argentina de Estudios sobre Cine y Audiovisual (AsAECA)" CODIGO-INSTITUICAO="" NOME-INSTITUICAO="" LOCAL-DO-EVENTO="" CIDADE-DO-EVENTO="Rosário" NOME-DO-EVENTO-INGLES=""/></PARTICIPACAO-EM-CONGRESSO><PARTICIPACAO-EM-CONGRESSO SEQUENCIA-PRODUCAO="50"><PARTICIPANTE-DE-EVENTOS-CONGRESSOS NOME-COMPLETO-DO-PARTICIPANTE-DE-EVENTOS-CONGRESSOS="Marcela Dutra de Oliveira Soalheiro Cruz" NOME-PARA-CITACAO-DO-PARTICIPANTE-DE-EVENTOS-CONGRESSOS="CRUZ, Marcela D. O. S.;SOALHEIRO, Marcela" ORDEM-PARTICIPANTE="1" NRO-ID-CNPQ="2492233349414455"/><DADOS-BASICOS-DA-PARTICIPACAO-EM-CONGRESSO NATUREZA="Congresso" TITULO="Cinema e Literatura: A adaptação literária enquanto espaço de memória" ANO="2016" PAIS="Brasil" IDIOMA="" MEIO-DE-DIVULGACAO="NAO_INFORMADO" HOME-PAGE-DO-TRABALHO="" FLAG-RELEVANCIA="NAO" TIPO-PARTICIPACAO="Apresentação oral" FORMA-PARTICIPACAO="Participante" DOI="" TITULO-INGLES="" FLAG-DIVULGACAO-CIENTIFICA="NAO"/><DETALHAMENTO-DA-PARTICIPACAO-EM-CONGRESSO NOME-DO-EVENTO="XX SOCINE" CODIGO-INSTITUICAO="" NOME-INSTITUICAO="" LOCAL-DO-EVENTO="" CIDADE-DO-EVENTO="Curitiba" NOME-DO-EVENTO-INGLES=""/></PARTICIPACAO-EM-CONGRESSO><PARTICIPACAO-EM-CONGRESSO SEQUENCIA-PRODUCAO="49"><PARTICIPANTE-DE-EVENTOS-CONGRESSOS NOME-COMPLETO-DO-PARTICIPANTE-DE-EVENTOS-CONGRESSOS="Marcela Dutra de Oliveira Soalheiro Cruz" NOME-PARA-CITACAO-DO-PARTICIPANTE-DE-EVENTOS-CONGRESSOS="CRUZ, Marcela D. O. S.;SOALHEIRO, Marcela" ORDEM-PARTICIPANTE="1" NRO-ID-CNPQ="2492233349414455"/><DADOS-BASICOS-DA-PARTICIPACAO-EM-CONGRESSO NATUREZA="Congresso" TITULO="Mudança e permanência: memória, recepção e o cânone literario" ANO="2015" PAIS="Brasil" IDIOMA="" MEIO-DE-DIVULGACAO="NAO_INFORMADO" HOME-PAGE-DO-TRABALHO="" FLAG-RELEVANCIA="NAO" TIPO-PARTICIPACAO="Apresentação oral" FORMA-PARTICIPACAO="Participante" DOI="" TITULO-INGLES="" FLAG-DIVULGACAO-CIENTIFICA="NAO"/><DETALHAMENTO-DA-PARTICIPACAO-EM-CONGRESSO NOME-DO-EVENTO="XIX Socine" CODIGO-INSTITUICAO="" NOME-INSTITUICAO="" LOCAL-DO-EVENTO="" CIDADE-DO-EVENTO="Campinas" NOME-DO-EVENTO-INGLES=""/></PARTICIPACAO-EM-CONGRESSO><PARTICIPACAO-EM-CONGRESSO SEQUENCIA-PRODUCAO="15"><PARTICIPANTE-DE-EVENTOS-CONGRESSOS NOME-COMPLETO-DO-PARTICIPANTE-DE-EVENTOS-CONGRESSOS="Marcela Dutra de Oliveira Soalheiro Cruz" NOME-PARA-CITACAO-DO-PARTICIPANTE-DE-EVENTOS-CONGRESSOS="CRUZ, Marcela D. O. S.;SOALHEIRO, Marcela" ORDEM-PARTICIPANTE="1" NRO-ID-CNPQ="2492233349414455"/><DADOS-BASICOS-DA-PARTICIPACAO-EM-CONGRESSO NATUREZA="Congresso" TITULO="Jane Austen à brasileira - descobrindo uma comunidade nacional de janeites" ANO="2013" PAIS="Brasil" IDIOMA="" MEIO-DE-DIVULGACAO="NAO_INFORMADO" HOME-PAGE-DO-TRABALHO="" FLAG-RELEVANCIA="NAO" TIPO-PARTICIPACAO="Apresentação Oral" FORMA-PARTICIPACAO="Participante" DOI="" TITULO-INGLES="" FLAG-DIVULGACAO-CIENTIFICA="NAO"/><DETALHAMENTO-DA-PARTICIPACAO-EM-CONGRESSO NOME-DO-EVENTO="XVII Encontro SOCINE" CODIGO-INSTITUICAO="" NOME-INSTITUICAO="" LOCAL-DO-EVENTO="" CIDADE-DO-EVENTO="Florianópolis" NOME-DO-EVENTO-INGLES=""/></PARTICIPACAO-EM-CONGRESSO><PARTICIPACAO-EM-CONGRESSO SEQUENCIA-PRODUCAO="16"><PARTICIPANTE-DE-EVENTOS-CONGRESSOS NOME-COMPLETO-DO-PARTICIPANTE-DE-EVENTOS-CONGRESSOS="Marcela Dutra de Oliveira Soalheiro Cruz" NOME-PARA-CITACAO-DO-PARTICIPANTE-DE-EVENTOS-CONGRESSOS="CRUZ, Marcela D. O. S.;SOALHEIRO, Marcela" ORDEM-PARTICIPANTE="1" NRO-ID-CNPQ="2492233349414455"/><DADOS-BASICOS-DA-PARTICIPACAO-EM-CONGRESSO NATUREZA="Congresso" TITULO="Cultura participativa e o fã ? As janeites no Brasil e sua relação com o cinema" ANO="2013" PAIS="Brasil" IDIOMA="" MEIO-DE-DIVULGACAO="NAO_INFORMADO" HOME-PAGE-DO-TRABALHO="" FLAG-RELEVANCIA="NAO" TIPO-PARTICIPACAO="Apresentação Oral" FORMA-PARTICIPACAO="Participante" DOI="" TITULO-INGLES="" FLAG-DIVULGACAO-CIENTIFICA="NAO"/><DETALHAMENTO-DA-PARTICIPACAO-EM-CONGRESSO NOME-DO-EVENTO="IX Encontro ENECULT" CODIGO-INSTITUICAO="" NOME-INSTITUICAO="" LOCAL-DO-EVENTO="" CIDADE-DO-EVENTO="Salvador" NOME-DO-EVENTO-INGLES=""/></PARTICIPACAO-EM-CONGRESSO><PARTICIPACAO-EM-CONGRESSO SEQUENCIA-PRODUCAO="14"><PARTICIPANTE-DE-EVENTOS-CONGRESSOS NOME-COMPLETO-DO-PARTICIPANTE-DE-EVENTOS-CONGRESSOS="Marcela Dutra de Oliveira Soalheiro Cruz" NOME-PARA-CITACAO-DO-PARTICIPANTE-DE-EVENTOS-CONGRESSOS="CRUZ, Marcela D. O. S.;SOALHEIRO, Marcela" ORDEM-PARTICIPANTE="1" NRO-ID-CNPQ="2492233349414455"/><DADOS-BASICOS-DA-PARTICIPACAO-EM-CONGRESSO NATUREZA="Congresso" TITULO="Que história é essa?: estratégias de engajamento em Once Upon a Time" ANO="2014" PAIS="Brasil" IDIOMA="" MEIO-DE-DIVULGACAO="NAO_INFORMADO" HOME-PAGE-DO-TRABALHO="" FLAG-RELEVANCIA="NAO" TIPO-PARTICIPACAO="Apresentação oral" FORMA-PARTICIPACAO="Participante" DOI="" TITULO-INGLES="" FLAG-DIVULGACAO-CIENTIFICA="NAO"/><DETALHAMENTO-DA-PARTICIPACAO-EM-CONGRESSO NOME-DO-EVENTO="XVIII Encontro SOCINE" CODIGO-INSTITUICAO="" NOME-INSTITUICAO="" LOCAL-DO-EVENTO="" CIDADE-DO-EVENTO="FORTALEZA" NOME-DO-EVENTO-INGLES=""/></PARTICIPACAO-EM-CONGRESSO><PARTICIPACAO-EM-SEMINARIO SEQUENCIA-PRODUCAO="17"><PARTICIPANTE-DE-EVENTOS-CONGRESSOS NOME-COMPLETO-DO-PARTICIPANTE-DE-EVENTOS-CONGRESSOS="Marcela Dutra de Oliveira Soalheiro Cruz" NOME-PARA-CITACAO-DO-PARTICIPANTE-DE-EVENTOS-CONGRESSOS="CRUZ, Marcela D. O. S.;SOALHEIRO, Marcela" ORDEM-PARTICIPANTE="1" NRO-ID-CNPQ="2492233349414455"/><DADOS-BASICOS-DA-PARTICIPACAO-EM-SEMINARIO NATUREZA="Seminário" TITULO="Chick flicks ou filme de mulherzinha : questões complexas de gênero e gênero narrativo" ANO="2013" PAIS="Brasil" IDIOMA="" MEIO-DE-DIVULGACAO="NAO_INFORMADO" HOME-PAGE-DO-TRABALHO="" FLAG-RELEVANCIA="NAO" TIPO-PARTICIPACAO="Apresentação oral" FORMA-PARTICIPACAO="Participante" DOI="" TITULO-INGLES="" FLAG-DIVULGACAO-CIENTIFICA="NAO"/><DETALHAMENTO-DA-PARTICIPACAO-EM-SEMINARIO NOME-DO-EVENTO="II CIFALE" CODIGO-INSTITUICAO="" NOME-INSTITUICAO="" LOCAL-DO-EVENTO="" CIDADE-DO-EVENTO="Rio de Janeiro" NOME-DO-EVENTO-INGLES=""/></PARTICIPACAO-EM-SEMINARIO><PARTICIPACAO-EM-SEMINARIO SEQUENCIA-PRODUCAO="29"><PARTICIPANTE-DE-EVENTOS-CONGRESSOS NOME-COMPLETO-DO-PARTICIPANTE-DE-EVENTOS-CONGRESSOS="Marcela Dutra de Oliveira Soalheiro Cruz" NOME-PARA-CITACAO-DO-PARTICIPANTE-DE-EVENTOS-CONGRESSOS="CRUZ, Marcela D. O. S.;SOALHEIRO, Marcela" ORDEM-PARTICIPANTE="1" NRO-ID-CNPQ="2492233349414455"/><DADOS-BASICOS-DA-PARTICIPACAO-EM-SEMINARIO NATUREZA="Seminário" TITULO="Literature, Film and Media ? new approaches to multi-mediated references" ANO="2015" PAIS="Brasil" IDIOMA="" MEIO-DE-DIVULGACAO="NAO_INFORMADO" HOME-PAGE-DO-TRABALHO="" FLAG-RELEVANCIA="NAO" TIPO-PARTICIPACAO="Apresentação oral" FORMA-PARTICIPACAO="Participante" DOI="" TITULO-INGLES="" FLAG-DIVULGACAO-CIENTIFICA="NAO"/><DETALHAMENTO-DA-PARTICIPACAO-EM-SEMINARIO NOME-DO-EVENTO="Reframing Media/Cultural Studies in the age of Global Crisis" CODIGO-INSTITUICAO="" NOME-INSTITUICAO="" LOCAL-DO-EVENTO="" CIDADE-DO-EVENTO="Londres" NOME-DO-EVENTO-INGLES=""/></PARTICIPACAO-EM-SEMINARIO><PARTICIPACAO-EM-ENCONTRO SEQUENCIA-PRODUCAO="3"><PARTICIPANTE-DE-EVENTOS-CONGRESSOS NOME-COMPLETO-DO-PARTICIPANTE-DE-EVENTOS-CONGRESSOS="Marcela Dutra de Oliveira Soalheiro Cruz" NOME-PARA-CITACAO-DO-PARTICIPANTE-DE-EVENTOS-CONGRESSOS="CRUZ, Marcela D. O. S.;SOALHEIRO, Marcela" ORDEM-PARTICIPANTE="1" NRO-ID-CNPQ="2492233349414455"/><DADOS-BASICOS-DA-PARTICIPACAO-EM-ENCONTRO NATUREZA="Encontro" TITULO="Jane Austen é pop: o papel do espectador e do leitor na Austen Mania" ANO="2012" PAIS="Brasil" IDIOMA="" MEIO-DE-DIVULGACAO="NAO_INFORMADO" HOME-PAGE-DO-TRABALHO="" FLAG-RELEVANCIA="NAO" TIPO-PARTICIPACAO="Apresentação oral" FORMA-PARTICIPACAO="Participante" DOI="" TITULO-INGLES="" FLAG-DIVULGACAO-CIENTIFICA="NAO"/><DETALHAMENTO-DA-PARTICIPACAO-EM-ENCONTRO NOME-DO-EVENTO="XVI Encontro SOCINE" CODIGO-INSTITUICAO="" NOME-INSTITUICAO="" LOCAL-DO-EVENTO="" CIDADE-DO-EVENTO="São Paulo" NOME-DO-EVENTO-INGLES=""/></PARTICIPACAO-EM-ENCONTRO><PARTICIPACAO-EM-ENCONTRO SEQUENCIA-PRODUCAO="48"><PARTICIPANTE-DE-EVENTOS-CONGRESSOS NOME-COMPLETO-DO-PARTICIPANTE-DE-EVENTOS-CONGRESSOS="Marcela Dutra de Oliveira Soalheiro Cruz" NOME-PARA-CITACAO-DO-PARTICIPANTE-DE-EVENTOS-CONGRESSOS="CRUZ, Marcela D. O. S.;SOALHEIRO, Marcela" ORDEM-PARTICIPANTE="1" NRO-ID-CNPQ="2492233349414455"/><DADOS-BASICOS-DA-PARTICIPACAO-EM-ENCONTRO NATUREZA="Encontro" TITULO="Jornalismo contemporâneo - empreendedorismo e correspondentes internacionais" ANO="2016" PAIS="Brasil" IDIOMA="" MEIO-DE-DIVULGACAO="NAO_INFORMADO" HOME-PAGE-DO-TRABALHO="" FLAG-RELEVANCIA="NAO" TIPO-PARTICIPACAO="Moderador" FORMA-PARTICIPACAO="Convidado" DOI="" TITULO-INGLES="" FLAG-DIVULGACAO-CIENTIFICA="NAO"/><DETALHAMENTO-DA-PARTICIPACAO-EM-ENCONTRO NOME-DO-EVENTO="UNICOM - Semana de Comunicação UNISUAM" CODIGO-INSTITUICAO="" NOME-INSTITUICAO="" LOCAL-DO-EVENTO="" CIDADE-DO-EVENTO="Rio de Janeiro" NOME-DO-EVENTO-INGLES=""/></PARTICIPACAO-EM-ENCONTRO></PARTICIPACAO-EM-EVENTOS-CONGRESSOS><INFORMACOES-ADICIONAIS-INSTITUICOES><INFORMACAO-ADICIONAL-INSTITUICAO CODIGO-INSTITUICAO="000100000991" SIGLA-INSTITUICAO="GERINGONÇA" SIGLA-UF-INSTITUICAO="RJ" SIGLA-PAIS-INSTITUICAO="BRA" NOME-PAIS-INSTITUICAO="Brasil" FLAG-AGENCIA-FOMENTO="NAO" FLAG-INSTITUICAO-DE-ENSINO="NAO"/><INFORMACAO-ADICIONAL-INSTITUICAO CODIGO-INSTITUICAO="000200000993" SIGLA-INSTITUICAO="CASA DAROS" SIGLA-UF-INSTITUICAO="RJ" SIGLA-PAIS-INSTITUICAO="BRA" NOME-PAIS-INSTITUICAO="Brasil" FLAG-AGENCIA-FOMENTO="NAO" FLAG-INSTITUICAO-DE-ENSINO="NAO"/><INFORMACAO-ADICIONAL-INSTITUICAO CODIGO-INSTITUICAO="000300000995" SIGLA-INSTITUICAO="BURBURINHO" SIGLA-UF-INSTITUICAO="RJ" SIGLA-PAIS-INSTITUICAO="BRA" NOME-PAIS-INSTITUICAO="Brasil" FLAG-AGENCIA-FOMENTO="NAO" FLAG-INSTITUICAO-DE-ENSINO="NAO"/><INFORMACAO-ADICIONAL-INSTITUICAO CODIGO-INSTITUICAO="000400000997" SIGLA-INSTITUICAO="SUMA FILMES" SIGLA-UF-INSTITUICAO="RJ" SIGLA-PAIS-INSTITUICAO="BRA" NOME-PAIS-INSTITUICAO="Brasil" FLAG-AGENCIA-FOMENTO="NAO" FLAG-INSTITUICAO-DE-ENSINO="NAO"/><INFORMACAO-ADICIONAL-INSTITUICAO CODIGO-INSTITUICAO="000401000990" SIGLA-INSTITUICAO="" SIGLA-UF-INSTITUICAO="RJ" SIGLA-PAIS-INSTITUICAO="BRA" NOME-PAIS-INSTITUICAO="Brasil" FLAG-AGENCIA-FOMENTO="NAO" FLAG-INSTITUICAO-DE-ENSINO="NAO"/><INFORMACAO-ADICIONAL-INSTITUICAO CODIGO-INSTITUICAO="000500000000" SIGLA-INSTITUICAO="UFF" SIGLA-UF-INSTITUICAO="RJ" SIGLA-PAIS-INSTITUICAO="BRA" NOME-PAIS-INSTITUICAO="Brasil" FLAG-AGENCIA-FOMENTO="NAO" FLAG-INSTITUICAO-DE-ENSINO="SIM"/><INFORMACAO-ADICIONAL-INSTITUICAO CODIGO-INSTITUICAO="003900000001" SIGLA-INSTITUICAO="FIOCRUZ" SIGLA-UF-INSTITUICAO="RJ" SIGLA-PAIS-INSTITUICAO="BRA" NOME-PAIS-INSTITUICAO="Brasil" FLAG-AGENCIA-FOMENTO="NAO" FLAG-INSTITUICAO-DE-ENSINO="SIM"/><INFORMACAO-ADICIONAL-INSTITUICAO CODIGO-INSTITUICAO="003901000994" SIGLA-INSTITUICAO="" SIGLA-UF-INSTITUICAO="RJ" SIGLA-PAIS-INSTITUICAO="BRA" NOME-PAIS-INSTITUICAO="Brasil" FLAG-AGENCIA-FOMENTO="NAO" FLAG-INSTITUICAO-DE-ENSINO="NAO"/><INFORMACAO-ADICIONAL-INSTITUICAO CODIGO-INSTITUICAO="011100000008" SIGLA-INSTITUICAO="PUC-Rio" SIGLA-UF-INSTITUICAO="RJ" SIGLA-PAIS-INSTITUICAO="BRA" NOME-PAIS-INSTITUICAO="Brasil" FLAG-AGENCIA-FOMENTO="NAO" FLAG-INSTITUICAO-DE-ENSINO="SIM"/><INFORMACAO-ADICIONAL-INSTITUICAO CODIGO-INSTITUICAO="045000000000" SIGLA-INSTITUICAO="CAPES" SIGLA-UF-INSTITUICAO="DF" SIGLA-PAIS-INSTITUICAO="BRA" NOME-PAIS-INSTITUICAO="Brasil" FLAG-AGENCIA-FOMENTO="SIM" FLAG-INSTITUICAO-DE-ENSINO="SIM"/><INFORMACAO-ADICIONAL-INSTITUICAO CODIGO-INSTITUICAO="201900000008" SIGLA-INSTITUICAO="UNISUAM" SIGLA-UF-INSTITUICAO="RJ" SIGLA-PAIS-INSTITUICAO="BRA" NOME-PAIS-INSTITUICAO="Brasil" FLAG-AGENCIA-FOMENTO="NAO" FLAG-INSTITUICAO-DE-ENSINO="SIM"/><INFORMACAO-ADICIONAL-INSTITUICAO CODIGO-INSTITUICAO="201901000990" SIGLA-INSTITUICAO="" SIGLA-UF-INSTITUICAO="RJ" SIGLA-PAIS-INSTITUICAO="BRA" NOME-PAIS-INSTITUICAO="Brasil" FLAG-AGENCIA-FOMENTO="NAO" FLAG-INSTITUICAO-DE-ENSINO="NAO"/></INFORMACOES-ADICIONAIS-INSTITUICOES><INFORMACOES-ADICIONAIS-CURSOS><INFORMACAO-ADICIONAL-CURSO CODIGO-CURSO="60003898" CODIGO-ORGAO="" NOME-ORGAO="" CODIGO-INSTITUICAO="000500000000" NOME-INSTITUICAO="Universidade Federal Fluminense" NOME-GRANDE-AREA-DO-CONHECIMENTO="CIENCIAS_SOCIAIS_APLICADAS" NOME-DA-AREA-DO-CONHECIMENTO="Comunicação" NOME-DA-SUB-AREA-DO-CONHECIMENTO="" NOME-DA-ESPECIALIDADE="" NIVEL-CURSO="MESTRADO_DOUTORADO"/><INFORMACAO-ADICIONAL-CURSO CODIGO-CURSO="60020172" CODIGO-ORGAO="" NOME-ORGAO="" CODIGO-INSTITUICAO="011100000008" NOME-INSTITUICAO="Pontifícia Universidade Católica do Rio de Janeiro" NOME-GRANDE-AREA-DO-CONHECIMENTO="CIENCIAS_SOCIAIS_APLICADAS" NOME-DA-AREA-DO-CONHECIMENTO="Comunicação" NOME-DA-SUB-AREA-DO-CONHECIMENTO="" NOME-DA-ESPECIALIDADE="" NIVEL-CURSO="MESTRADO_DOUTORADO"/><INFORMACAO-ADICIONAL-CURSO CODIGO-CURSO="60154640" CODIGO-ORGAO="" NOME-ORGAO="" CODIGO-INSTITUICAO="000500000000" NOME-INSTITUICAO="Universidade Federal Fluminense" NOME-GRANDE-AREA-DO-CONHECIMENTO="OUTROS" NOME-DA-AREA-DO-CONHECIMENTO="" NOME-DA-SUB-AREA-DO-CONHECIMENTO="" NOME-DA-ESPECIALIDADE="" NIVEL-CURSO="GRADUACAO"/><INFORMACAO-ADICIONAL-CURSO CODIGO-CURSO="60234245" CODIGO-ORGAO="" NOME-ORGAO="" CODIGO-INSTITUICAO="000500000000" NOME-INSTITUICAO="Universidade Federal Fluminense" NOME-GRANDE-AREA-DO-CONHECIMENTO="OUTROS" NOME-DA-AREA-DO-CONHECIMENTO="" NOME-DA-SUB-AREA-DO-CONHECIMENTO="" NOME-DA-ESPECIALIDADE="" NIVEL-CURSO="GRADUACAO"/><INFORMACAO-ADICIONAL-CURSO CODIGO-CURSO="60298081" CODIGO-ORGAO="" NOME-ORGAO="" CODIGO-INSTITUICAO="201900000008" NOME-INSTITUICAO="Centro Universitário Augusto Motta" NOME-GRANDE-AREA-DO-CONHECIMENTO="OUTROS" NOME-DA-AREA-DO-CONHECIMENTO="" NOME-DA-SUB-AREA-DO-CONHECIMENTO="" NOME-DA-ESPECIALIDADE="" NIVEL-CURSO="GRADUACAO"/><INFORMACAO-ADICIONAL-CURSO CODIGO-CURSO="90000000" CODIGO-ORGAO="" NOME-ORGAO="" CODIGO-INSTITUICAO="000500000000" NOME-INSTITUICAO="Universidade Federal Fluminense" NOME-GRANDE-AREA-DO-CONHECIMENTO="OUTROS" NOME-DA-AREA-DO-CONHECIMENTO="" NOME-DA-SUB-AREA-DO-CONHECIMENTO="" NOME-DA-ESPECIALIDADE="" NIVEL-CURSO="GRADUACAO"/></INFORMACOES-ADICIONAIS-CURSOS></DADOS-COMPLEMENTARES><eventos/><DADOS-GERAIS-COMPLEMENTO><DATA-VALIDACAO>1490833774000</DATA-VALIDACAO><DATA-ATUALIZACAO-CURRICULO>1490833774000</DATA-ATUALIZACAO-CURRICULO><EMAIL-ALTERNATIVO>marcelasoalheiro@hotmail.com</EMAIL-ALTERNATIVO><IDIOMA-CURRICULO>PT</IDIOMA-CURRICULO><VERSAO-INGLES>N</VERSAO-INGLES><VALIDADO-SRF>N</VALIDADO-SRF></DADOS-GERAIS-COMPLEMENTO></CURRICULO-VITAE>