<CURRICULO-VITAE SISTEMA-ORIGEM-XML="LATTES_OFFLINE" NUMERO-IDENTIFICADOR="4738502312211227" FORMATO-DATA-ATUALIZACAO="DDMMAAAA" DATA-ATUALIZACAO="06022017" FORMATO-HORA-ATUALIZACAO="HHMMSS" HORA-ATUALIZACAO="162923"><DADOS-GERAIS NOME-COMPLETO="Alexsandra Machado da Silva dos Santos" NOME-EM-CITACOES-BIBLIOGRAFICAS="SANTOS, A. M. S." NACIONALIDADE="B" PAIS-DE-NASCIMENTO="Brasil" FORMATO-DATA-DE-NASCIMENTO="DDMMAAAA" FORMATO-DATA-DE-EMISSAO="DDMMAAAA" PERMISSAO-DE-DIVULGACAO="NAO" DATA-FALECIMENTO="" SIGLA-PAIS-NACIONALIDADE="BRA" PAIS-DE-NACIONALIDADE="Brasil"><RESUMO-CV TEXTO-RESUMO-CV-RH="Possui Doutorado em Letras pela Pontifícia Universidade Católica do Rio de Janeiro (2013) e Mestrado, também, em Letras pela Pontifícia Universidade Católica do Rio de Janeiro (2003). Atualmente é professora assistente do Centro Universitário Augusto Motta. Tem experiência na área de Letras, com ênfase em Língua Portuguesa e Literaturas, graduação feita na Universidade Federal do Rio de Janeiro, cursa o Doutorado em Estudos Literários. Atua na área de Língua Portuguesa, principalmente, com os seguintes temas: análise do discurso, leitura e produção textual e nas áreas de literaturas com temas como: memória, colonização, história, nação, pós-modernidade, narrativas de fronteiras. É Gestora do Colégio Estadual São Francisco de Paula." TEXTO-RESUMO-CV-RH-EN="master's at Language from Pontifícia Universidade Católica do Rio de Janeiro (2003). Has experience in Language, focusing on Language"/><OUTRAS-INFORMACOES-RELEVANTES OUTRAS-INFORMACOES-RELEVANTES="Atualmente, estou como &amp;quot;Gestora Educacional&amp;quot; de uma Instituição Escolar, Colégio Estadual São Francisco de Paula, pertencente à Secretaria de Estado de Educação do Rio de Janeiro. Esta Unidade de Ensino localiza-se em Nova Iguaçu, possui aproximadamente 1.100 alunos divididos entre o segundo segmento do Ensino Fundamental e Ensino Médio. Realizamos alguns projetos sociais, como a própria inclusão, pois o nosso compromisso com a clientela local é extremamente notória."/><ENDERECO FLAG-DE-PREFERENCIA="ENDERECO_RESIDENCIAL"><ENDERECO-PROFISSIONAL CODIGO-INSTITUICAO-EMPRESA="201900000008" NOME-INSTITUICAO-EMPRESA="Centro Universitário Augusto Motta" CODIGO-ORGAO="" NOME-ORGAO="" CODIGO-UNIDADE="" NOME-UNIDADE="" LOGRADOURO-COMPLEMENTO="RUA PARIS" PAIS="Brasil" UF="RJ" CEP="21870-190" CIDADE="Rio de Janeiro" BAIRRO="BONSUCESSO" DDD="21" TELEFONE="388829700" RAMAL="" FAX="" E-MAIL="alexiam@ibest.com.br" HOME-PAGE=""/></ENDERECO><FORMACAO-ACADEMICA-TITULACAO><ESPECIALIZACAO SEQUENCIA-FORMACAO="4" NIVEL="2" TITULO-DA-MONOGRAFIA="Mia Couto: o velho e o novo" NOME-DO-ORIENTADOR="Carmen Lúcia Tindó Ribeiro Secco" CODIGO-INSTITUICAO="020200000009" NOME-INSTITUICAO="Universidade Federal do Rio de Janeiro" CODIGO-ORGAO="" NOME-ORGAO="" CODIGO-CURSO="90000002" NOME-CURSO="Literaturas de LP:Portugal e África" STATUS-DO-CURSO="CONCLUIDO" ANO-DE-INICIO="2000" ANO-DE-CONCLUSAO="2001" FLAG-BOLSA="NAO" CODIGO-AGENCIA-FINANCIADORA="" NOME-AGENCIA="" CARGA-HORARIA="360" TITULO-DA-MONOGRAFIA-INGLES="" NOME-CURSO-INGLES=""/><ESPECIALIZACAO SEQUENCIA-FORMACAO="5" NIVEL="2" TITULO-DA-MONOGRAFIA="A REALAÇÃO PROFESSOR E ALUNO: CAUSAS E CONSEQÜÊNCIAS" NOME-DO-ORIENTADOR="ALINE MEDEIROS" CODIGO-INSTITUICAO="080400000006" NOME-INSTITUICAO="Universidade Federal de Juiz de Fora" CODIGO-ORGAO="" NOME-ORGAO="" CODIGO-CURSO="90000004" NOME-CURSO="GESTÃO ESCOLAR" STATUS-DO-CURSO="CONCLUIDO" ANO-DE-INICIO="2006" ANO-DE-CONCLUSAO="2007" FLAG-BOLSA="NAO" CODIGO-AGENCIA-FINANCIADORA="" NOME-AGENCIA="" CARGA-HORARIA="360" TITULO-DA-MONOGRAFIA-INGLES="" NOME-CURSO-INGLES=""/><ESPECIALIZACAO SEQUENCIA-FORMACAO="3" NIVEL="2" TITULO-DA-MONOGRAFIA="JOSÉ SARAMAGO: A QUESTÃO DO FEMININO" NOME-DO-ORIENTADOR="CLAUDIA AMORIN" CODIGO-INSTITUICAO="032600000000" NOME-INSTITUICAO="Universidade do Estado do Rio de Janeiro" CODIGO-ORGAO="" NOME-ORGAO="" CODIGO-CURSO="90000001" NOME-CURSO="LETRAS" STATUS-DO-CURSO="CONCLUIDO" ANO-DE-INICIO="2000" ANO-DE-CONCLUSAO="2001" FLAG-BOLSA="NAO" CODIGO-AGENCIA-FINANCIADORA="" NOME-AGENCIA="" CARGA-HORARIA="360" TITULO-DA-MONOGRAFIA-INGLES="" NOME-CURSO-INGLES=""/><MESTRADO SEQUENCIA-FORMACAO="1" NIVEL="3" CODIGO-INSTITUICAO="011100000008" NOME-INSTITUICAO="Pontifícia Universidade Católica do Rio de Janeiro" CODIGO-ORGAO="" NOME-ORGAO="" CODIGO-CURSO="31040225" NOME-CURSO="Letras" CODIGO-AREA-CURSO="80200001" STATUS-DO-CURSO="CONCLUIDO" ANO-DE-INICIO="2001" ANO-DE-CONCLUSAO="2003" FLAG-BOLSA="NAO" CODIGO-AGENCIA-FINANCIADORA="" NOME-AGENCIA="" ANO-DE-OBTENCAO-DO-TITULO="2003" TITULO-DA-DISSERTACAO-TESE="Caminhos da memória: uma reflexão sobre contos e crônicas de Mia Couto" NOME-COMPLETO-DO-ORIENTADOR="Mônicas Muniz de Souza Simas" TIPO-MESTRADO="N" NUMERO-ID-ORIENTADOR="" CODIGO-CURSO-CAPES="31005012022P7" TITULO-DA-DISSERTACAO-TESE-INGLES="" NOME-CURSO-INGLES="Language" NOME-DO-CO-ORIENTADOR="" CODIGO-INSTITUICAO-DOUT="" NOME-INSTITUICAO-DOUT="" CODIGO-INSTITUICAO-OUTRA-DOUT="" NOME-INSTITUICAO-OUTRA-DOUT="" NOME-ORIENTADOR-DOUT=""><conceitoCapes/></MESTRADO><DOUTORADO SEQUENCIA-FORMACAO="2" NIVEL="4" CODIGO-INSTITUICAO="011100000008" NOME-INSTITUICAO="Pontifícia Universidade Católica do Rio de Janeiro" CODIGO-ORGAO="" NOME-ORGAO="" CODIGO-CURSO="31040225" NOME-CURSO="Letras" CODIGO-AREA-CURSO="80200001" STATUS-DO-CURSO="CONCLUIDO" ANO-DE-INICIO="2009" ANO-DE-CONCLUSAO="2013" FLAG-BOLSA="NAO" CODIGO-AGENCIA-FINANCIADORA="" NOME-AGENCIA="" ANO-DE-OBTENCAO-DO-TITULO="2013" TITULO-DA-DISSERTACAO-TESE="Poética da negociação cultural em Paulina Chiziane e Mia Couto" NOME-COMPLETO-DO-ORIENTADOR="Alexandre Montaury Baptista Coutinho" TIPO-DOUTORADO="N" CODIGO-INSTITUICAO-DOUT="" NOME-INSTITUICAO-DOUT="" CODIGO-INSTITUICAO-OUTRA-DOUT="" NOME-INSTITUICAO-OUTRA-DOUT="" NOME-ORIENTADOR-DOUT="" NUMERO-ID-ORIENTADOR="9361287488057318" CODIGO-CURSO-CAPES="31005012022P7" TITULO-DA-DISSERTACAO-TESE-INGLES="" NOME-CURSO-INGLES="Language" NOME-DO-ORIENTADOR-CO-TUTELA="" CODIGO-INSTITUICAO-OUTRA-CO-TUTELA="" CODIGO-INSTITUICAO-CO-TUTELA="" NOME-DO-ORIENTADOR-SANDUICHE="" CODIGO-INSTITUICAO-OUTRA-SANDUICHE="" CODIGO-INSTITUICAO-SANDUICHE="" NOME-DO-CO-ORIENTADOR="Maria Geralda de Miranda"><PALAVRAS-CHAVE PALAVRA-CHAVE-1="MODERNIDADE" PALAVRA-CHAVE-2="TRADIÇÃO" PALAVRA-CHAVE-3="Literaturas de Língua Portuguesa" PALAVRA-CHAVE-4="Língua Portuguesa" PALAVRA-CHAVE-5="Fronteiras" PALAVRA-CHAVE-6="Educação"/><AREAS-DO-CONHECIMENTO><AREA-DO-CONHECIMENTO-1 NOME-GRANDE-AREA-DO-CONHECIMENTO="LINGUISTICA_LETRAS_E_ARTES" NOME-DA-AREA-DO-CONHECIMENTO="" NOME-DA-SUB-AREA-DO-CONHECIMENTO="Literatura Comparada" NOME-DA-ESPECIALIDADE=""/></AREAS-DO-CONHECIMENTO><SETORES-DE-ATIVIDADE SETOR-DE-ATIVIDADE-1="Educação" SETOR-DE-ATIVIDADE-2="Outros Setores" SETOR-DE-ATIVIDADE-3=""/><conceitoCapes/></DOUTORADO></FORMACAO-ACADEMICA-TITULACAO><ATUACOES-PROFISSIONAIS><ATUACAO-PROFISSIONAL CODIGO-INSTITUICAO="201900000008" NOME-INSTITUICAO="Centro Universitário Augusto Motta" SEQUENCIA-ATIVIDADE="1" SEQUENCIA-IMPORTANCIA=""><VINCULOS SEQUENCIA-HISTORICO="1" TIPO-DE-VINCULO="CELETISTA" ENQUADRAMENTO-FUNCIONAL="LIVRE" CARGA-HORARIA-SEMANAL="28" FLAG-DEDICACAO-EXCLUSIVA="NAO" MES-INICIO="08" ANO-INICIO="2004" MES-FIM="" ANO-FIM="" OUTRAS-INFORMACOES="" FLAG-VINCULO-EMPREGATICIO="NAO" OUTRO-VINCULO-INFORMADO="" OUTRO-ENQUADRAMENTO-FUNCIONAL-INFORMADO="PROFESSOR ASSISTENTE" OUTRO-ENQUADRAMENTO-FUNCIONAL-INFORMADO-INGLES="" OUTRAS-INFORMACOES-INGLES=""/><ATIVIDADES-DE-DIRECAO-E-ADMINISTRACAO><DIRECAO-E-ADMINISTRACAO SEQUENCIA-FUNCAO-ATIVIDADE="15" FLAG-PERIODO="ATUAL" MES-INICIO="03" ANO-INICIO="2001" MES-FIM="" ANO-FIM="" CODIGO-ORGAO="201905000995" NOME-ORGAO="Colégio Estadual São Francisco de Paula" CODIGO-UNIDADE="" FORMATO-CARGO-OU-FUNCAO="DIRETOR_DE_UNIDADE" CARGO-OU-FUNCAO="" NOME-UNIDADE="" CARGO-OU-FUNCAO-INGLES=""/></ATIVIDADES-DE-DIRECAO-E-ADMINISTRACAO><ATIVIDADES-DE-PESQUISA-E-DESENVOLVIMENTO><PESQUISA-E-DESENVOLVIMENTO SEQUENCIA-FUNCAO-ATIVIDADE="2" FLAG-PERIODO="ATUAL" MES-INICIO="11" ANO-INICIO="2006" MES-FIM="" ANO-FIM="" CODIGO-ORGAO="201901000990" NOME-ORGAO="lETRAS" CODIGO-UNIDADE="" NOME-UNIDADE=""><LINHA-DE-PESQUISA SEQUENCIA-LINHA="1" TITULO-DA-LINHA-DE-PESQUISA="ESTUDOS LITERÁRIOS: OUTRAS LINGUAGENS, OUTROS DISCURSOS" FLAG-LINHA-DE-PESQUISA-ATIVA="SIM" OBJETIVOS-LINHA-DE-PESQUISA="" TITULO-DA-LINHA-DE-PESQUISA-INGLES="" OBJETIVOS-LINHA-DE-PESQUISA-INGLES=""/></PESQUISA-E-DESENVOLVIMENTO><PESQUISA-E-DESENVOLVIMENTO SEQUENCIA-FUNCAO-ATIVIDADE="3" FLAG-PERIODO="ATUAL" MES-INICIO="11" ANO-INICIO="2006" MES-FIM="" ANO-FIM="" CODIGO-ORGAO="201903000998" NOME-ORGAO="UERJ/UNISUAM" CODIGO-UNIDADE="" NOME-UNIDADE=""><LINHA-DE-PESQUISA SEQUENCIA-LINHA="1" TITULO-DA-LINHA-DE-PESQUISA="DISCURSOS E REPRESENTAÇÕES CULTURAIS, PESQUISAS E AÇÕES PEDAGÓGICAS" FLAG-LINHA-DE-PESQUISA-ATIVA="SIM" OBJETIVOS-LINHA-DE-PESQUISA="" TITULO-DA-LINHA-DE-PESQUISA-INGLES="" OBJETIVOS-LINHA-DE-PESQUISA-INGLES=""/></PESQUISA-E-DESENVOLVIMENTO><PESQUISA-E-DESENVOLVIMENTO SEQUENCIA-FUNCAO-ATIVIDADE="4" FLAG-PERIODO="ATUAL" MES-INICIO="11" ANO-INICIO="2006" MES-FIM="" ANO-FIM="" CODIGO-ORGAO="201903000998" NOME-ORGAO="UERJ/UNISUAM" CODIGO-UNIDADE="" NOME-UNIDADE=""><LINHA-DE-PESQUISA SEQUENCIA-LINHA="1" TITULO-DA-LINHA-DE-PESQUISA="LITERATURAS E OUTRAS LINGUAGENS" FLAG-LINHA-DE-PESQUISA-ATIVA="SIM" OBJETIVOS-LINHA-DE-PESQUISA="" TITULO-DA-LINHA-DE-PESQUISA-INGLES="" OBJETIVOS-LINHA-DE-PESQUISA-INGLES=""/></PESQUISA-E-DESENVOLVIMENTO><PESQUISA-E-DESENVOLVIMENTO SEQUENCIA-FUNCAO-ATIVIDADE="6" FLAG-PERIODO="ATUAL" MES-INICIO="11" ANO-INICIO="2006" MES-FIM="" ANO-FIM="" CODIGO-ORGAO="201903000998" NOME-ORGAO="UERJ/UNISUAM" CODIGO-UNIDADE="" NOME-UNIDADE=""><LINHA-DE-PESQUISA SEQUENCIA-LINHA="1" TITULO-DA-LINHA-DE-PESQUISA="LITERATURA PORTUGUESA E OUTRAS LITERATURAS" FLAG-LINHA-DE-PESQUISA-ATIVA="SIM" OBJETIVOS-LINHA-DE-PESQUISA="" TITULO-DA-LINHA-DE-PESQUISA-INGLES="" OBJETIVOS-LINHA-DE-PESQUISA-INGLES=""/></PESQUISA-E-DESENVOLVIMENTO><PESQUISA-E-DESENVOLVIMENTO SEQUENCIA-FUNCAO-ATIVIDADE="5" FLAG-PERIODO="ATUAL" MES-INICIO="11" ANO-INICIO="2006" MES-FIM="" ANO-FIM="" CODIGO-ORGAO="201903000998" NOME-ORGAO="UERJ/UNISUAM" CODIGO-UNIDADE="" NOME-UNIDADE=""><LINHA-DE-PESQUISA SEQUENCIA-LINHA="1" TITULO-DA-LINHA-DE-PESQUISA="LITERATURAS E OUTROS DISCURSOS" FLAG-LINHA-DE-PESQUISA-ATIVA="SIM" OBJETIVOS-LINHA-DE-PESQUISA="" TITULO-DA-LINHA-DE-PESQUISA-INGLES="" OBJETIVOS-LINHA-DE-PESQUISA-INGLES=""/></PESQUISA-E-DESENVOLVIMENTO></ATIVIDADES-DE-PESQUISA-E-DESENVOLVIMENTO><ATIVIDADES-DE-ENSINO><ENSINO SEQUENCIA-FUNCAO-ATIVIDADE="7" FLAG-PERIODO="ATUAL" TIPO-ENSINO="GRADUACAO" MES-INICIO="08" ANO-INICIO="2004" MES-FIM="" ANO-FIM="" CODIGO-ORGAO="" NOME-ORGAO="" CODIGO-CURSO="90000000" NOME-CURSO="LETRAS" NOME-CURSO-INGLES=""><DISCIPLINA SEQUENCIA-ESPECIFICACAO="1">Trabalho de Conclusão de Curso</DISCIPLINA><DISCIPLINA SEQUENCIA-ESPECIFICACAO="2">Leitura, Interpretação e Produção de Textos</DISCIPLINA><DISCIPLINA SEQUENCIA-ESPECIFICACAO="3">Estágio Supervisionado em Literatura</DISCIPLINA><DISCIPLINA SEQUENCIA-ESPECIFICACAO="4">Estágio Supervisionado em Língua Portuguesa</DISCIPLINA><DISCIPLINA SEQUENCIA-ESPECIFICACAO="5">Literatura Comparada</DISCIPLINA><DISCIPLINA SEQUENCIA-ESPECIFICACAO="6">Literatura Universal</DISCIPLINA><DISCIPLINA SEQUENCIA-ESPECIFICACAO="7">Literatura Portuguesa</DISCIPLINA><DISCIPLINA SEQUENCIA-ESPECIFICACAO="8">Literatura Brasileira</DISCIPLINA></ENSINO><ENSINO SEQUENCIA-FUNCAO-ATIVIDADE="8" FLAG-PERIODO="ANTERIOR" TIPO-ENSINO="POS-GRADUACAO" MES-INICIO="02" ANO-INICIO="2009" MES-FIM="06" ANO-FIM="2009" CODIGO-ORGAO="" NOME-ORGAO="" CODIGO-CURSO="90000006" NOME-CURSO="Pós Graduação em Literatura Infanto-Juvenil" NOME-CURSO-INGLES=""><DISCIPLINA SEQUENCIA-ESPECIFICACAO="1">Literatura Infanto-Juvenil: de Monteiro Lobato à contemporaneidade</DISCIPLINA></ENSINO><ENSINO SEQUENCIA-FUNCAO-ATIVIDADE="9" FLAG-PERIODO="ATUAL" TIPO-ENSINO="GRADUACAO" MES-INICIO="08" ANO-INICIO="2009" MES-FIM="" ANO-FIM="" CODIGO-ORGAO="" NOME-ORGAO="" CODIGO-CURSO="90000007" NOME-CURSO="Enfermagem" NOME-CURSO-INGLES=""><DISCIPLINA SEQUENCIA-ESPECIFICACAO="1">Leitura, Interpretação e Produção de textos</DISCIPLINA></ENSINO><ENSINO SEQUENCIA-FUNCAO-ATIVIDADE="10" FLAG-PERIODO="ATUAL" TIPO-ENSINO="GRADUACAO" MES-INICIO="08" ANO-INICIO="2009" MES-FIM="" ANO-FIM="" CODIGO-ORGAO="" NOME-ORGAO="" CODIGO-CURSO="90000013" NOME-CURSO="Gastronomia" NOME-CURSO-INGLES=""><DISCIPLINA SEQUENCIA-ESPECIFICACAO="1">Leitura e Interpretação de textos</DISCIPLINA><DISCIPLINA SEQUENCIA-ESPECIFICACAO="2">Trabalho de Conclusão de Curso</DISCIPLINA></ENSINO><ENSINO SEQUENCIA-FUNCAO-ATIVIDADE="11" FLAG-PERIODO="ATUAL" TIPO-ENSINO="GRADUACAO" MES-INICIO="02" ANO-INICIO="2009" MES-FIM="" ANO-FIM="" CODIGO-ORGAO="" NOME-ORGAO="" CODIGO-CURSO="90000009" NOME-CURSO="Engenharia de Produção" NOME-CURSO-INGLES=""><DISCIPLINA SEQUENCIA-ESPECIFICACAO="1">Leitura, Interpretação e Produção de Textos</DISCIPLINA></ENSINO><ENSINO SEQUENCIA-FUNCAO-ATIVIDADE="12" FLAG-PERIODO="ATUAL" TIPO-ENSINO="GRADUACAO" MES-INICIO="02" ANO-INICIO="2009" MES-FIM="" ANO-FIM="" CODIGO-ORGAO="" NOME-ORGAO="" CODIGO-CURSO="90000010" NOME-CURSO="Engenharia Civil" NOME-CURSO-INGLES=""><DISCIPLINA SEQUENCIA-ESPECIFICACAO="1">Leitura, Interpretação e Produção de Textos</DISCIPLINA></ENSINO><ENSINO SEQUENCIA-FUNCAO-ATIVIDADE="14" FLAG-PERIODO="ATUAL" TIPO-ENSINO="ESPECIALIZACAO" MES-INICIO="06" ANO-INICIO="2009" MES-FIM="" ANO-FIM="" CODIGO-ORGAO="" NOME-ORGAO="" CODIGO-CURSO="90000012" NOME-CURSO="Docência do Ensino Superior" NOME-CURSO-INGLES=""><DISCIPLINA SEQUENCIA-ESPECIFICACAO="1">Perspectivas da mídia em Educação</DISCIPLINA><DISCIPLINA SEQUENCIA-ESPECIFICACAO="2">Planejamento no Ensino Superior</DISCIPLINA></ENSINO><ENSINO SEQUENCIA-FUNCAO-ATIVIDADE="13" FLAG-PERIODO="ATUAL" TIPO-ENSINO="ESPECIALIZACAO" MES-INICIO="02" ANO-INICIO="2008" MES-FIM="" ANO-FIM="" CODIGO-ORGAO="" NOME-ORGAO="" CODIGO-CURSO="90000011" NOME-CURSO="Psicopedagogia" NOME-CURSO-INGLES=""><DISCIPLINA SEQUENCIA-ESPECIFICACAO="1">Gestão do conhecimento e da informação</DISCIPLINA></ENSINO></ATIVIDADES-DE-ENSINO><ATIVIDADES-DE-PARTICIPACAO-EM-PROJETO><PARTICIPACAO-EM-PROJETO SEQUENCIA-FUNCAO-ATIVIDADE="16" FLAG-PERIODO="ATUAL" MES-INICIO="" ANO-INICIO="2014" MES-FIM="" ANO-FIM="" CODIGO-ORGAO="201904000991" NOME-ORGAO="Centro Universitário Augusto Motta" CODIGO-UNIDADE="" NOME-UNIDADE=""><PROJETO-DE-PESQUISA SEQUENCIA-PROJETO="1" ANO-INICIO="2014" ANO-FIM="" NOME-DO-PROJETO="Artes e fatos: educação e imaginação criativa" SITUACAO="EM_ANDAMENTO" NATUREZA="PESQUISA" NUMERO-GRADUACAO="" NUMERO-ESPECIALIZACAO="" NUMERO-MESTRADO-ACADEMICO="" NUMERO-MESTRADO-PROF="2" NUMERO-DOUTORADO="" DESCRICAO-DO-PROJETO="Trata-se de pesquisa, desenvolvida em escolas públicas da área da Leopoldina (próximas ao Complexo do Alemão) que consiste em realizar oficinas lúdicas com foco no processo ensino-aprendizagem do aluno." IDENTIFICADOR-PROJETO="" DESCRICAO-DO-PROJETO-INGLES="" NOME-DO-PROJETO-INGLES="Artes e fatos: educação e imaginação criativa" FLAG-POTENCIAL-INOVACAO="NAO" FLAG-PROJETO-CERTIFICADO="nao" NOME-COORDENADOR-CERTIFICACAO="" FORMATO-DATA-CERTIFICACAO="DDMMAAAA" DATA-CERTIFICACAO="" NUMERO_TECNICO_NIVEL_MEDIO=""><EQUIPE-DO-PROJETO><INTEGRANTES-DO-PROJETO NOME-COMPLETO="Alexsandra Machado da Silva dos Santos" NOME-PARA-CITACAO="SANTOS, A. M. S." ORDEM-DE-INTEGRACAO="1" FLAG-RESPONSAVEL="SIM" NRO-ID-CNPQ="4738502312211227"/><INTEGRANTES-DO-PROJETO NOME-COMPLETO="Maria Geralda de Miranda" NOME-PARA-CITACAO="MIRANDA, M. G." ORDEM-DE-INTEGRACAO="2" FLAG-RESPONSAVEL="NAO" NRO-ID-CNPQ=""/><INTEGRANTES-DO-PROJETO NOME-COMPLETO="Wagner Gonçalves Trancoso" NOME-PARA-CITACAO="TRANCOSO, W. G." ORDEM-DE-INTEGRACAO="3" FLAG-RESPONSAVEL="NAO" NRO-ID-CNPQ=""/><INTEGRANTES-DO-PROJETO NOME-COMPLETO="Fernando Antonio de Araujo Lima Junior" NOME-PARA-CITACAO="LIMA JUNIOR, F. A. A." ORDEM-DE-INTEGRACAO="4" FLAG-RESPONSAVEL="NAO" NRO-ID-CNPQ=""/></EQUIPE-DO-PROJETO></PROJETO-DE-PESQUISA></PARTICIPACAO-EM-PROJETO></ATIVIDADES-DE-PARTICIPACAO-EM-PROJETO><atividadesProfissionaisPlanificadas/></ATUACAO-PROFISSIONAL><ATUACAO-PROFISSIONAL CODIGO-INSTITUICAO="000200000993" NOME-INSTITUICAO="REVISTA SEMIOSES" SEQUENCIA-ATIVIDADE="2" SEQUENCIA-IMPORTANCIA=""><VINCULOS SEQUENCIA-HISTORICO="1" TIPO-DE-VINCULO="LIVRE" ENQUADRAMENTO-FUNCIONAL="LIVRE" CARGA-HORARIA-SEMANAL="" FLAG-DEDICACAO-EXCLUSIVA="NAO" MES-INICIO="01" ANO-INICIO="2006" MES-FIM="" ANO-FIM="" OUTRAS-INFORMACOES="" FLAG-VINCULO-EMPREGATICIO="SIM" OUTRO-VINCULO-INFORMADO="Membro de corpo editorial" OUTRO-ENQUADRAMENTO-FUNCIONAL-INFORMADO="" OUTRO-ENQUADRAMENTO-FUNCIONAL-INFORMADO-INGLES="" OUTRAS-INFORMACOES-INGLES=""/><atividadesProfissionaisPlanificadas/></ATUACAO-PROFISSIONAL><ATUACAO-PROFISSIONAL CODIGO-INSTITUICAO="985600156601" NOME-INSTITUICAO="Secretaria de Educação do Estado do Rio de Janeiro - Santo Cristo" SEQUENCIA-ATIVIDADE="3" SEQUENCIA-IMPORTANCIA=""><VINCULOS SEQUENCIA-HISTORICO="1" TIPO-DE-VINCULO="SERVIDOR_PUBLICO" ENQUADRAMENTO-FUNCIONAL="LIVRE" CARGA-HORARIA-SEMANAL="" FLAG-DEDICACAO-EXCLUSIVA="NAO" MES-INICIO="08" ANO-INICIO="1990" MES-FIM="" ANO-FIM="" OUTRAS-INFORMACOES="" FLAG-VINCULO-EMPREGATICIO="NAO" OUTRO-VINCULO-INFORMADO="" OUTRO-ENQUADRAMENTO-FUNCIONAL-INFORMADO="Professor Docente I" OUTRO-ENQUADRAMENTO-FUNCIONAL-INFORMADO-INGLES="" OUTRAS-INFORMACOES-INGLES=""/><atividadesProfissionaisPlanificadas/></ATUACAO-PROFISSIONAL></ATUACOES-PROFISSIONAIS><AREAS-DE-ATUACAO><AREA-DE-ATUACAO SEQUENCIA-AREA-DE-ATUACAO="1" NOME-GRANDE-AREA-DO-CONHECIMENTO="LINGUISTICA_LETRAS_E_ARTES" NOME-DA-AREA-DO-CONHECIMENTO="Letras" NOME-DA-SUB-AREA-DO-CONHECIMENTO="" NOME-DA-ESPECIALIDADE=""/><AREA-DE-ATUACAO SEQUENCIA-AREA-DE-ATUACAO="2" NOME-GRANDE-AREA-DO-CONHECIMENTO="LINGUISTICA_LETRAS_E_ARTES" NOME-DA-AREA-DO-CONHECIMENTO="Letras" NOME-DA-SUB-AREA-DO-CONHECIMENTO="Literatura Comparada" NOME-DA-ESPECIALIDADE=""/><AREA-DE-ATUACAO SEQUENCIA-AREA-DE-ATUACAO="3" NOME-GRANDE-AREA-DO-CONHECIMENTO="CIENCIAS_HUMANAS" NOME-DA-AREA-DO-CONHECIMENTO="Educação" NOME-DA-SUB-AREA-DO-CONHECIMENTO="" NOME-DA-ESPECIALIDADE=""/></AREAS-DE-ATUACAO><IDIOMAS><IDIOMA IDIOMA="EN" DESCRICAO-DO-IDIOMA="Inglês" PROFICIENCIA-DE-LEITURA="BEM" PROFICIENCIA-DE-FALA="RAZOAVELMENTE" PROFICIENCIA-DE-ESCRITA="BEM" PROFICIENCIA-DE-COMPREENSAO="RAZOAVELMENTE"/></IDIOMAS><PREMIOS-TITULOS><PREMIO-TITULO NOME-DO-PREMIO-OU-TITULO="Especialista em Literatura Portuguesa" NOME-DA-ENTIDADE-PROMOTORA="UERJ" ANO-DA-PREMIACAO="2001" NOME-DO-PREMIO-OU-TITULO-INGLES=""/><PREMIO-TITULO NOME-DO-PREMIO-OU-TITULO="ESpecialista em Literaturas em Língua Portuguesa: Portugal e África" NOME-DA-ENTIDADE-PROMOTORA="UFRJ" ANO-DA-PREMIACAO="2001" NOME-DO-PREMIO-OU-TITULO-INGLES=""/><PREMIO-TITULO NOME-DO-PREMIO-OU-TITULO="Especialista em Gestão Escolar" NOME-DA-ENTIDADE-PROMOTORA="UFJF" ANO-DA-PREMIACAO="2007" NOME-DO-PREMIO-OU-TITULO-INGLES=""/><PREMIO-TITULO NOME-DO-PREMIO-OU-TITULO="MEstre em Letras" NOME-DA-ENTIDADE-PROMOTORA="PUC - RJ" ANO-DA-PREMIACAO="2003" NOME-DO-PREMIO-OU-TITULO-INGLES=""/></PREMIOS-TITULOS><staValidado/><dataExibicao/><dadosBolsista/></DADOS-GERAIS><PRODUCAO-BIBLIOGRAFICA><TRABALHOS-EM-EVENTOS><TRABALHO-EM-EVENTOS SEQUENCIA-PRODUCAO="1"><DADOS-BASICOS-DO-TRABALHO NATUREZA="COMPLETO" TITULO-DO-TRABALHO="BALADA DE AMOR AO VENTO: ENTRE A MODERNIDADE E A TRADIÇÃO" ANO-DO-TRABALHO="2005" PAIS-DO-EVENTO="Brasil" IDIOMA="Português" MEIO-DE-DIVULGACAO="VARIOS" HOME-PAGE-DO-TRABALHO="" FLAG-RELEVANCIA="SIM" DOI="" TITULO-DO-TRABALHO-INGLES="" FLAG-DIVULGACAO-CIENTIFICA="NAO"/><DETALHAMENTO-DO-TRABALHO CLASSIFICACAO-DO-EVENTO="INTERNACIONAL" NOME-DO-EVENTO="X Encontro Regional da ABRALIC- &amp;quot;Sentidos dos Lugares&amp;quot;" CIDADE-DO-EVENTO="RIO DE JANEIRO" ANO-DE-REALIZACAO="2005" TITULO-DOS-ANAIS-OU-PROCEEDINGS="BALADA DE AMOR AO VENTO: ENTRE A MODERNIDADE E A TRADIÇÃO" VOLUME="" FASCICULO="" SERIE="" PAGINA-INICIAL="" PAGINA-FINAL="" ISBN="" NOME-DA-EDITORA="" CIDADE-DA-EDITORA="" NOME-DO-EVENTO-INGLES=""/><AUTORES NOME-COMPLETO-DO-AUTOR="Alexsandra Machado da Silva dos Santos" NOME-PARA-CITACAO="SANTOS, A. M. S." ORDEM-DE-AUTORIA="1" NRO-ID-CNPQ="4738502312211227"/></TRABALHO-EM-EVENTOS><TRABALHO-EM-EVENTOS SEQUENCIA-PRODUCAO="4"><DADOS-BASICOS-DO-TRABALHO NATUREZA="COMPLETO" TITULO-DO-TRABALHO="NIKETCHE: NARRATIVA ENTRE FRONTEIRAS" ANO-DO-TRABALHO="2006" PAIS-DO-EVENTO="Brasil" IDIOMA="Português" MEIO-DE-DIVULGACAO="VARIOS" HOME-PAGE-DO-TRABALHO="" FLAG-RELEVANCIA="SIM" DOI="" TITULO-DO-TRABALHO-INGLES="" FLAG-DIVULGACAO-CIENTIFICA="NAO"/><DETALHAMENTO-DO-TRABALHO CLASSIFICACAO-DO-EVENTO="INTERNACIONAL" NOME-DO-EVENTO="X Congresso Internacional - ABRALIC - &amp;quot;Lugares dos discursos&amp;quot;" CIDADE-DO-EVENTO="RIO DE JANEIRO" ANO-DE-REALIZACAO="2006" TITULO-DOS-ANAIS-OU-PROCEEDINGS="NIKETCHE: NARRATIVA ENTRE FRONTEIRAS" VOLUME="" FASCICULO="" SERIE="" PAGINA-INICIAL="" PAGINA-FINAL="" ISBN="" NOME-DA-EDITORA="" CIDADE-DA-EDITORA="" NOME-DO-EVENTO-INGLES=""/><AUTORES NOME-COMPLETO-DO-AUTOR="Alexsandra Machado da Silva dos Santos" NOME-PARA-CITACAO="SANTOS, A. M. S." ORDEM-DE-AUTORIA="1" NRO-ID-CNPQ="4738502312211227"/></TRABALHO-EM-EVENTOS><TRABALHO-EM-EVENTOS SEQUENCIA-PRODUCAO="5"><DADOS-BASICOS-DO-TRABALHO NATUREZA="COMPLETO" TITULO-DO-TRABALHO="A QUESTÃO DO FEMININO NO MEMORIAL DO CONVENTO" ANO-DO-TRABALHO="2005" PAIS-DO-EVENTO="Brasil" IDIOMA="Português" MEIO-DE-DIVULGACAO="IMPRESSO" HOME-PAGE-DO-TRABALHO="" FLAG-RELEVANCIA="NAO" DOI="" TITULO-DO-TRABALHO-INGLES="" FLAG-DIVULGACAO-CIENTIFICA="NAO"/><DETALHAMENTO-DO-TRABALHO CLASSIFICACAO-DO-EVENTO="REGIONAL" NOME-DO-EVENTO="ASSEL - RIO CONTRAPONTO" CIDADE-DO-EVENTO="RIO DE JANEIRO" ANO-DE-REALIZACAO="2005" TITULO-DOS-ANAIS-OU-PROCEEDINGS="A QUESTÃO DO FEMININO NO MEMORIAL DO CONVENTO" VOLUME="" FASCICULO="" SERIE="" PAGINA-INICIAL="" PAGINA-FINAL="" ISBN="" NOME-DA-EDITORA="" CIDADE-DA-EDITORA="" NOME-DO-EVENTO-INGLES=""/><AUTORES NOME-COMPLETO-DO-AUTOR="Alexsandra Machado da Silva dos Santos" NOME-PARA-CITACAO="SANTOS, A. M. S." ORDEM-DE-AUTORIA="1" NRO-ID-CNPQ="4738502312211227"/></TRABALHO-EM-EVENTOS><TRABALHO-EM-EVENTOS SEQUENCIA-PRODUCAO="19"><DADOS-BASICOS-DO-TRABALHO NATUREZA="COMPLETO" TITULO-DO-TRABALHO="&amp;quot;Ventos do apocalipse&amp;quot;: conexões entre a guerra e a esperança." ANO-DO-TRABALHO="2007" PAIS-DO-EVENTO="Brasil" IDIOMA="Português" MEIO-DE-DIVULGACAO="VARIOS" HOME-PAGE-DO-TRABALHO="" FLAG-RELEVANCIA="NAO" DOI="" TITULO-DO-TRABALHO-INGLES="" FLAG-DIVULGACAO-CIENTIFICA="NAO"/><DETALHAMENTO-DO-TRABALHO CLASSIFICACAO-DO-EVENTO="INTERNACIONAL" NOME-DO-EVENTO="XI - Encontro Regional da ABRALIC - &amp;quot;Literaturas, Artes, Saberes&amp;quot;" CIDADE-DO-EVENTO="São Paulo" ANO-DE-REALIZACAO="2007" TITULO-DOS-ANAIS-OU-PROCEEDINGS="XI Encontro Regional da ABRALIC - &amp;quot;Literaturas, Artes, Saberes&amp;quot;" VOLUME="" FASCICULO="" SERIE="" PAGINA-INICIAL="" PAGINA-FINAL="" ISBN="" NOME-DA-EDITORA="" CIDADE-DA-EDITORA="" NOME-DO-EVENTO-INGLES=""/><AUTORES NOME-COMPLETO-DO-AUTOR="Alexsandra Machado da Silva dos Santos" NOME-PARA-CITACAO="SANTOS, A. M. S." ORDEM-DE-AUTORIA="1" NRO-ID-CNPQ="4738502312211227"/></TRABALHO-EM-EVENTOS><TRABALHO-EM-EVENTOS SEQUENCIA-PRODUCAO="29"><DADOS-BASICOS-DO-TRABALHO NATUREZA="COMPLETO" TITULO-DO-TRABALHO="Semana de Letras" ANO-DO-TRABALHO="2003" PAIS-DO-EVENTO="Brasil" IDIOMA="Português" MEIO-DE-DIVULGACAO="IMPRESSO" HOME-PAGE-DO-TRABALHO="" FLAG-RELEVANCIA="NAO" DOI="" TITULO-DO-TRABALHO-INGLES="" FLAG-DIVULGACAO-CIENTIFICA="NAO"/><DETALHAMENTO-DO-TRABALHO CLASSIFICACAO-DO-EVENTO="REGIONAL" NOME-DO-EVENTO="XII Semana de Letras" CIDADE-DO-EVENTO="Rio de JAneiro" ANO-DE-REALIZACAO="2003" TITULO-DOS-ANAIS-OU-PROCEEDINGS="XII Semana de Letras - FEUC" VOLUME="" FASCICULO="" SERIE="" PAGINA-INICIAL="" PAGINA-FINAL="" ISBN="" NOME-DA-EDITORA="" CIDADE-DA-EDITORA="" NOME-DO-EVENTO-INGLES=""/><AUTORES NOME-COMPLETO-DO-AUTOR="Alexsandra Machado da Silva dos Santos" NOME-PARA-CITACAO="SANTOS, A. M. S." ORDEM-DE-AUTORIA="1" NRO-ID-CNPQ="4738502312211227"/></TRABALHO-EM-EVENTOS><TRABALHO-EM-EVENTOS SEQUENCIA-PRODUCAO="31"><DADOS-BASICOS-DO-TRABALHO NATUREZA="COMPLETO" TITULO-DO-TRABALHO="O vendedor de passados: entre o real e a ficção." ANO-DO-TRABALHO="2008" PAIS-DO-EVENTO="Brasil" IDIOMA="Português" MEIO-DE-DIVULGACAO="NAO_INFORMADO" HOME-PAGE-DO-TRABALHO="" FLAG-RELEVANCIA="NAO" DOI="" TITULO-DO-TRABALHO-INGLES="" FLAG-DIVULGACAO-CIENTIFICA="NAO"/><DETALHAMENTO-DO-TRABALHO CLASSIFICACAO-DO-EVENTO="NACIONAL" NOME-DO-EVENTO="ABRALIC" CIDADE-DO-EVENTO="SÃO PAULO" ANO-DE-REALIZACAO="2008" TITULO-DOS-ANAIS-OU-PROCEEDINGS="O vendedor de passados: entre o real e a ficção." VOLUME="" FASCICULO="" SERIE="" PAGINA-INICIAL="" PAGINA-FINAL="" ISBN="" NOME-DA-EDITORA="" CIDADE-DA-EDITORA="" NOME-DO-EVENTO-INGLES=""/><AUTORES NOME-COMPLETO-DO-AUTOR="Alexsandra Machado da Silva dos Santos" NOME-PARA-CITACAO="SANTOS, A. M. S." ORDEM-DE-AUTORIA="1" NRO-ID-CNPQ="4738502312211227"/><PALAVRAS-CHAVE PALAVRA-CHAVE-1="MODERNIDADE" PALAVRA-CHAVE-2="TRADIÇÃO" PALAVRA-CHAVE-3="" PALAVRA-CHAVE-4="" PALAVRA-CHAVE-5="" PALAVRA-CHAVE-6=""/><AREAS-DO-CONHECIMENTO><AREA-DO-CONHECIMENTO-1 NOME-GRANDE-AREA-DO-CONHECIMENTO="LINGUISTICA_LETRAS_E_ARTES" NOME-DA-AREA-DO-CONHECIMENTO="" NOME-DA-SUB-AREA-DO-CONHECIMENTO="" NOME-DA-ESPECIALIDADE=""/></AREAS-DO-CONHECIMENTO><SETORES-DE-ATIVIDADE SETOR-DE-ATIVIDADE-1="Educação" SETOR-DE-ATIVIDADE-2="" SETOR-DE-ATIVIDADE-3=""/></TRABALHO-EM-EVENTOS><TRABALHO-EM-EVENTOS SEQUENCIA-PRODUCAO="34"><DADOS-BASICOS-DO-TRABALHO NATUREZA="COMPLETO" TITULO-DO-TRABALHO="Mia Couto: uma reflexão sobre a cultura e a tradição moçambicana" ANO-DO-TRABALHO="2009" PAIS-DO-EVENTO="Brasil" IDIOMA="Português" MEIO-DE-DIVULGACAO="MEIO_DIGITAL" HOME-PAGE-DO-TRABALHO="" FLAG-RELEVANCIA="NAO" DOI="" TITULO-DO-TRABALHO-INGLES="" FLAG-DIVULGACAO-CIENTIFICA="NAO"/><DETALHAMENTO-DO-TRABALHO CLASSIFICACAO-DO-EVENTO="REGIONAL" NOME-DO-EVENTO="V Painel - Reflexões sobre o insólito na narrativa ficcional: o insólito em questão" CIDADE-DO-EVENTO="Rio de Janeiro" ANO-DE-REALIZACAO="2009" TITULO-DOS-ANAIS-OU-PROCEEDINGS="V Painel - Reflexões sobre o insólito na narrativa ficcional: o insólito em questão" VOLUME="" FASCICULO="" SERIE="" PAGINA-INICIAL="" PAGINA-FINAL="" ISBN="9788586837" NOME-DA-EDITORA="Publicações Dialogarts" CIDADE-DA-EDITORA="Rio de Janeiro" NOME-DO-EVENTO-INGLES=""/><AUTORES NOME-COMPLETO-DO-AUTOR="Alexsandra Machado da Silva dos Santos" NOME-PARA-CITACAO="SANTOS, A. M. S." ORDEM-DE-AUTORIA="1" NRO-ID-CNPQ="4738502312211227"/><PALAVRAS-CHAVE PALAVRA-CHAVE-1="MODERNIDADE" PALAVRA-CHAVE-2="TRADIÇÃO" PALAVRA-CHAVE-3="" PALAVRA-CHAVE-4="" PALAVRA-CHAVE-5="" PALAVRA-CHAVE-6=""/><AREAS-DO-CONHECIMENTO><AREA-DO-CONHECIMENTO-1 NOME-GRANDE-AREA-DO-CONHECIMENTO="LINGUISTICA_LETRAS_E_ARTES" NOME-DA-AREA-DO-CONHECIMENTO="" NOME-DA-SUB-AREA-DO-CONHECIMENTO="" NOME-DA-ESPECIALIDADE=""/></AREAS-DO-CONHECIMENTO></TRABALHO-EM-EVENTOS><TRABALHO-EM-EVENTOS SEQUENCIA-PRODUCAO="43"><DADOS-BASICOS-DO-TRABALHO NATUREZA="RESUMO" TITULO-DO-TRABALHO="O beijo da palavrinha: entre o sonho e a realidade" ANO-DO-TRABALHO="2011" PAIS-DO-EVENTO="Brasil" IDIOMA="Português" MEIO-DE-DIVULGACAO="VARIOS" HOME-PAGE-DO-TRABALHO="[http://www.sepel.uerj.br/documentos]" FLAG-RELEVANCIA="NAO" DOI="" TITULO-DO-TRABALHO-INGLES="" FLAG-DIVULGACAO-CIENTIFICA="NAO"/><DETALHAMENTO-DO-TRABALHO CLASSIFICACAO-DO-EVENTO="NACIONAL" NOME-DO-EVENTO="III Encontro Nacional: O insolito como mquestão na narrativa ficcional" CIDADE-DO-EVENTO="Rio de Janeiro" ANO-DE-REALIZACAO="2011" TITULO-DOS-ANAIS-OU-PROCEEDINGS="Caderno de Resumos: o insólito e a Literatura Infanto-Juvenil" VOLUME="1" FASCICULO="" SERIE="" PAGINA-INICIAL="26" PAGINA-FINAL="26" ISBN="9788586837791" NOME-DA-EDITORA="Dialogart" CIDADE-DA-EDITORA="Rio de Janeiro" NOME-DO-EVENTO-INGLES=""/><AUTORES NOME-COMPLETO-DO-AUTOR="Alexsandra Machado da Silva dos Santos" NOME-PARA-CITACAO="SANTOS, A. M. S." ORDEM-DE-AUTORIA="1" NRO-ID-CNPQ="4738502312211227"/><PALAVRAS-CHAVE PALAVRA-CHAVE-1="Literaturas de Língua Portuguesa" PALAVRA-CHAVE-2="" PALAVRA-CHAVE-3="" PALAVRA-CHAVE-4="" PALAVRA-CHAVE-5="" PALAVRA-CHAVE-6=""/><AREAS-DO-CONHECIMENTO><AREA-DO-CONHECIMENTO-1 NOME-GRANDE-AREA-DO-CONHECIMENTO="LINGUISTICA_LETRAS_E_ARTES" NOME-DA-AREA-DO-CONHECIMENTO="" NOME-DA-SUB-AREA-DO-CONHECIMENTO="" NOME-DA-ESPECIALIDADE=""/></AREAS-DO-CONHECIMENTO><SETORES-DE-ATIVIDADE SETOR-DE-ATIVIDADE-1="Educação" SETOR-DE-ATIVIDADE-2="" SETOR-DE-ATIVIDADE-3=""/></TRABALHO-EM-EVENTOS><TRABALHO-EM-EVENTOS SEQUENCIA-PRODUCAO="45"><DADOS-BASICOS-DO-TRABALHO NATUREZA="COMPLETO" TITULO-DO-TRABALHO="Antes de nascer o mundo: uma narrativa entre fronteiras" ANO-DO-TRABALHO="2011" PAIS-DO-EVENTO="Brasil" IDIOMA="Português" MEIO-DE-DIVULGACAO="VARIOS" HOME-PAGE-DO-TRABALHO="[http://www.xiconlab.eventos.dype.com.br/]" FLAG-RELEVANCIA="NAO" DOI="" TITULO-DO-TRABALHO-INGLES="" FLAG-DIVULGACAO-CIENTIFICA="NAO"/><DETALHAMENTO-DO-TRABALHO CLASSIFICACAO-DO-EVENTO="INTERNACIONAL" NOME-DO-EVENTO="XI Congresso Luso Afro Brasileiro de Ciências Sociais" CIDADE-DO-EVENTO="Ondina" ANO-DE-REALIZACAO="2011" TITULO-DOS-ANAIS-OU-PROCEEDINGS="Anais do Conlab" VOLUME="2011" FASCICULO="" SERIE="" PAGINA-INICIAL="" PAGINA-FINAL="" ISBN="" NOME-DA-EDITORA="" CIDADE-DA-EDITORA="" NOME-DO-EVENTO-INGLES=""/><AUTORES NOME-COMPLETO-DO-AUTOR="Alexsandra Machado da Silva dos Santos" NOME-PARA-CITACAO="SANTOS, A. M. S." ORDEM-DE-AUTORIA="1" NRO-ID-CNPQ="4738502312211227"/><PALAVRAS-CHAVE PALAVRA-CHAVE-1="Literaturas de Língua Portuguesa" PALAVRA-CHAVE-2="Língua Portuguesa" PALAVRA-CHAVE-3="" PALAVRA-CHAVE-4="" PALAVRA-CHAVE-5="" PALAVRA-CHAVE-6=""/><AREAS-DO-CONHECIMENTO><AREA-DO-CONHECIMENTO-1 NOME-GRANDE-AREA-DO-CONHECIMENTO="LINGUISTICA_LETRAS_E_ARTES" NOME-DA-AREA-DO-CONHECIMENTO="" NOME-DA-SUB-AREA-DO-CONHECIMENTO="" NOME-DA-ESPECIALIDADE=""/></AREAS-DO-CONHECIMENTO><SETORES-DE-ATIVIDADE SETOR-DE-ATIVIDADE-1="Educação" SETOR-DE-ATIVIDADE-2="" SETOR-DE-ATIVIDADE-3=""/></TRABALHO-EM-EVENTOS><TRABALHO-EM-EVENTOS SEQUENCIA-PRODUCAO="46"><DADOS-BASICOS-DO-TRABALHO NATUREZA="RESUMO" TITULO-DO-TRABALHO="Mia Couto: uma reflexão sobre a cultura e a tradição moçambicana" ANO-DO-TRABALHO="2009" PAIS-DO-EVENTO="Brasil" IDIOMA="Português" MEIO-DE-DIVULGACAO="MEIO_DIGITAL" HOME-PAGE-DO-TRABALHO="[http://http:www.sepel.uerj.edu.br]" FLAG-RELEVANCIA="NAO" DOI="V Painel - Reflexões sobre o insólito na narrativa ficcional: o insólito em questão" TITULO-DO-TRABALHO-INGLES="" FLAG-DIVULGACAO-CIENTIFICA="NAO"/><DETALHAMENTO-DO-TRABALHO CLASSIFICACAO-DO-EVENTO="NACIONAL" NOME-DO-EVENTO="V Painel sobre o insólito" CIDADE-DO-EVENTO="Rio de Janeiro" ANO-DE-REALIZACAO="2011" TITULO-DOS-ANAIS-OU-PROCEEDINGS="V Painel-Reflexões sobre o insólito na narrativa ficcional: o insólito em questão" VOLUME="" FASCICULO="" SERIE="" PAGINA-INICIAL="" PAGINA-FINAL="" ISBN="" NOME-DA-EDITORA="Dialogart" CIDADE-DA-EDITORA="Rio de Janeiro" NOME-DO-EVENTO-INGLES=""/><AUTORES NOME-COMPLETO-DO-AUTOR="Alexsandra Machado da Silva dos Santos" NOME-PARA-CITACAO="SANTOS, A. M. S." ORDEM-DE-AUTORIA="1" NRO-ID-CNPQ="4738502312211227"/></TRABALHO-EM-EVENTOS><TRABALHO-EM-EVENTOS SEQUENCIA-PRODUCAO="30"><DADOS-BASICOS-DO-TRABALHO NATUREZA="COMPLETO" TITULO-DO-TRABALHO="Venenos de Deus, Remédios do Diabo: o insólito entre a ficção e a realidade." ANO-DO-TRABALHO="2008" PAIS-DO-EVENTO="Brasil" IDIOMA="Português" MEIO-DE-DIVULGACAO="MEIO_DIGITAL" HOME-PAGE-DO-TRABALHO="" FLAG-RELEVANCIA="NAO" DOI="" TITULO-DO-TRABALHO-INGLES="" FLAG-DIVULGACAO-CIENTIFICA="NAO"/><DETALHAMENTO-DO-TRABALHO CLASSIFICACAO-DO-EVENTO="REGIONAL" NOME-DO-EVENTO="?Reflexões sobre o Insólito na narrativa ficcional?:" CIDADE-DO-EVENTO="Rio de Janeiro" ANO-DE-REALIZACAO="2008" TITULO-DOS-ANAIS-OU-PROCEEDINGS="Venenos de Deus, Remédios do Diabo: o insólito entre a ficção e a realidade." VOLUME="" FASCICULO="" SERIE="" PAGINA-INICIAL="" PAGINA-FINAL="" ISBN="" NOME-DA-EDITORA="" CIDADE-DA-EDITORA="" NOME-DO-EVENTO-INGLES=""/><AUTORES NOME-COMPLETO-DO-AUTOR="Alexsandra Machado da Silva dos Santos" NOME-PARA-CITACAO="SANTOS, A. M. S." ORDEM-DE-AUTORIA="1" NRO-ID-CNPQ="4738502312211227"/><PALAVRAS-CHAVE PALAVRA-CHAVE-1="MODERNIDADE" PALAVRA-CHAVE-2="TRADIÇÃO" PALAVRA-CHAVE-3="" PALAVRA-CHAVE-4="" PALAVRA-CHAVE-5="" PALAVRA-CHAVE-6=""/><AREAS-DO-CONHECIMENTO><AREA-DO-CONHECIMENTO-1 NOME-GRANDE-AREA-DO-CONHECIMENTO="LINGUISTICA_LETRAS_E_ARTES" NOME-DA-AREA-DO-CONHECIMENTO="" NOME-DA-SUB-AREA-DO-CONHECIMENTO="" NOME-DA-ESPECIALIDADE=""/></AREAS-DO-CONHECIMENTO></TRABALHO-EM-EVENTOS></TRABALHOS-EM-EVENTOS><ARTIGOS-PUBLICADOS><ARTIGO-PUBLICADO SEQUENCIA-PRODUCAO="55" ORDEM-IMPORTANCIA=""><DADOS-BASICOS-DO-ARTIGO NATUREZA="COMPLETO" TITULO-DO-ARTIGO="O DESCARTE DE APARELHOS CELULARES" ANO-DO-ARTIGO="2015" PAIS-DE-PUBLICACAO="" IDIOMA="Português" MEIO-DE-DIVULGACAO="MEIO_DIGITAL" HOME-PAGE-DO-TRABALHO="[http://www.unisuam.edu.br/index.php/periodicos]" FLAG-RELEVANCIA="NAO" DOI="" TITULO-DO-ARTIGO-INGLES="" FLAG-DIVULGACAO-CIENTIFICA="NAO"/><DETALHAMENTO-DO-ARTIGO TITULO-DO-PERIODICO-OU-REVISTA="Cadernos UNISUAM de Pesquisa e Extensão" ISSN="23175028" VOLUME="5" FASCICULO="" SERIE="4" PAGINA-INICIAL="127" PAGINA-FINAL="134" LOCAL-DE-PUBLICACAO=""/><AUTORES NOME-COMPLETO-DO-AUTOR="Alexsandra Machado da Silva dos Santos" NOME-PARA-CITACAO="SANTOS, A. M. S." ORDEM-DE-AUTORIA="1" NRO-ID-CNPQ="4738502312211227"/><AUTORES NOME-COMPLETO-DO-AUTOR="Luciano dos Santos Neves" NOME-PARA-CITACAO="NEVES, L. S." ORDEM-DE-AUTORIA="2" NRO-ID-CNPQ=""/><PALAVRAS-CHAVE PALAVRA-CHAVE-1="Logística" PALAVRA-CHAVE-2="Logística Reversa" PALAVRA-CHAVE-3="Descarte" PALAVRA-CHAVE-4="Responsabilidade" PALAVRA-CHAVE-5="" PALAVRA-CHAVE-6=""/><AREAS-DO-CONHECIMENTO><AREA-DO-CONHECIMENTO-1 NOME-GRANDE-AREA-DO-CONHECIMENTO="ENGENHARIAS" NOME-DA-AREA-DO-CONHECIMENTO="" NOME-DA-SUB-AREA-DO-CONHECIMENTO="Logística" NOME-DA-ESPECIALIDADE=""/></AREAS-DO-CONHECIMENTO></ARTIGO-PUBLICADO><ARTIGO-PUBLICADO SEQUENCIA-PRODUCAO="56" ORDEM-IMPORTANCIA=""><DADOS-BASICOS-DO-ARTIGO NATUREZA="COMPLETO" TITULO-DO-ARTIGO="O MAIOR TRUNFO DAS ORGANIZAÇÕES: O SER HUMANO" ANO-DO-ARTIGO="2015" PAIS-DE-PUBLICACAO="" IDIOMA="Português" MEIO-DE-DIVULGACAO="MEIO_DIGITAL" HOME-PAGE-DO-TRABALHO="[http://www.unisuam.edu.br/index.php/periodicos]" FLAG-RELEVANCIA="NAO" DOI="" TITULO-DO-ARTIGO-INGLES="" FLAG-DIVULGACAO-CIENTIFICA="NAO"/><DETALHAMENTO-DO-ARTIGO TITULO-DO-PERIODICO-OU-REVISTA="Cadernos UNISUAM de Pesquisa e Extensão" ISSN="23175028" VOLUME="5" FASCICULO="" SERIE="4" PAGINA-INICIAL="135" PAGINA-FINAL="141" LOCAL-DE-PUBLICACAO=""/><AUTORES NOME-COMPLETO-DO-AUTOR="Alexsandra Machado da Silva dos Santos" NOME-PARA-CITACAO="SANTOS, A. M. S." ORDEM-DE-AUTORIA="1" NRO-ID-CNPQ="4738502312211227"/><AUTORES NOME-COMPLETO-DO-AUTOR="Danny Paula de Sousa" NOME-PARA-CITACAO="SOUSA, D. P." ORDEM-DE-AUTORIA="2" NRO-ID-CNPQ=""/><PALAVRAS-CHAVE PALAVRA-CHAVE-1="Logística" PALAVRA-CHAVE-2="Aperfeiçoamento" PALAVRA-CHAVE-3="Liderança" PALAVRA-CHAVE-4="" PALAVRA-CHAVE-5="" PALAVRA-CHAVE-6=""/><AREAS-DO-CONHECIMENTO><AREA-DO-CONHECIMENTO-1 NOME-GRANDE-AREA-DO-CONHECIMENTO="ENGENHARIAS" NOME-DA-AREA-DO-CONHECIMENTO="" NOME-DA-SUB-AREA-DO-CONHECIMENTO="Logística" NOME-DA-ESPECIALIDADE=""/></AREAS-DO-CONHECIMENTO></ARTIGO-PUBLICADO><ARTIGO-PUBLICADO SEQUENCIA-PRODUCAO="57" ORDEM-IMPORTANCIA=""><DADOS-BASICOS-DO-ARTIGO NATUREZA="COMPLETO" TITULO-DO-ARTIGO="LOGÍSTICA REVERSA: REUTILIZAÇÃO DO ÓLEO LUBRIFICANTE" ANO-DO-ARTIGO="2015" PAIS-DE-PUBLICACAO="" IDIOMA="Português" MEIO-DE-DIVULGACAO="MEIO_DIGITAL" HOME-PAGE-DO-TRABALHO="[http://www.unisuam.edu.br/index.php/periodicos]" FLAG-RELEVANCIA="NAO" DOI="" TITULO-DO-ARTIGO-INGLES="" FLAG-DIVULGACAO-CIENTIFICA="NAO"/><DETALHAMENTO-DO-ARTIGO TITULO-DO-PERIODICO-OU-REVISTA="Cadernos UNISUAM de Pesquisa e Extensão" ISSN="23175028" VOLUME="5" FASCICULO="" SERIE="4" PAGINA-INICIAL="142" PAGINA-FINAL="149" LOCAL-DE-PUBLICACAO=""/><AUTORES NOME-COMPLETO-DO-AUTOR="Alexsandra Machado da Silva dos Santos" NOME-PARA-CITACAO="SANTOS, A. M. S." ORDEM-DE-AUTORIA="1" NRO-ID-CNPQ="4738502312211227"/><AUTORES NOME-COMPLETO-DO-AUTOR="Samuel Barbosa da Silva" NOME-PARA-CITACAO="SILVA, S. B." ORDEM-DE-AUTORIA="2" NRO-ID-CNPQ=""/><PALAVRAS-CHAVE PALAVRA-CHAVE-1="Logística" PALAVRA-CHAVE-2="Desafios" PALAVRA-CHAVE-3="Visão" PALAVRA-CHAVE-4="" PALAVRA-CHAVE-5="" PALAVRA-CHAVE-6=""/><AREAS-DO-CONHECIMENTO><AREA-DO-CONHECIMENTO-1 NOME-GRANDE-AREA-DO-CONHECIMENTO="ENGENHARIAS" NOME-DA-AREA-DO-CONHECIMENTO="" NOME-DA-SUB-AREA-DO-CONHECIMENTO="Logística" NOME-DA-ESPECIALIDADE=""/></AREAS-DO-CONHECIMENTO></ARTIGO-PUBLICADO><ARTIGO-PUBLICADO SEQUENCIA-PRODUCAO="52" ORDEM-IMPORTANCIA=""><DADOS-BASICOS-DO-ARTIGO NATUREZA="COMPLETO" TITULO-DO-ARTIGO="PLANEJAMENTO E CONTROLE DA PRODUÇÃO: A CHAVE PARA O SUCESSO EMPRESARIAL" ANO-DO-ARTIGO="2014" PAIS-DE-PUBLICACAO="" IDIOMA="Português" MEIO-DE-DIVULGACAO="MEIO_DIGITAL" HOME-PAGE-DO-TRABALHO="[http://www.unisuam.edu.br/index.php/periodicos]" FLAG-RELEVANCIA="NAO" DOI="" TITULO-DO-ARTIGO-INGLES="" FLAG-DIVULGACAO-CIENTIFICA="NAO"/><DETALHAMENTO-DO-ARTIGO TITULO-DO-PERIODICO-OU-REVISTA="Cadernos Unisuam de Pesquisa e Extensão - Logística em Foco" ISSN="23175028" VOLUME="4" FASCICULO="" SERIE="1" PAGINA-INICIAL="17" PAGINA-FINAL="21" LOCAL-DE-PUBLICACAO=""/><AUTORES NOME-COMPLETO-DO-AUTOR="Alexsandra Machado da Silva dos Santos" NOME-PARA-CITACAO="SANTOS, A. M. S." ORDEM-DE-AUTORIA="1" NRO-ID-CNPQ="4738502312211227"/><AUTORES NOME-COMPLETO-DO-AUTOR="Aminadab Lopes de Castro Júnior" NOME-PARA-CITACAO="CASTRO JUNIOR, A. L." ORDEM-DE-AUTORIA="2" NRO-ID-CNPQ=""/><PALAVRAS-CHAVE PALAVRA-CHAVE-1="Planejamento" PALAVRA-CHAVE-2="Controle" PALAVRA-CHAVE-3="Produção" PALAVRA-CHAVE-4="" PALAVRA-CHAVE-5="" PALAVRA-CHAVE-6=""/><AREAS-DO-CONHECIMENTO><AREA-DO-CONHECIMENTO-1 NOME-GRANDE-AREA-DO-CONHECIMENTO="ENGENHARIAS" NOME-DA-AREA-DO-CONHECIMENTO="" NOME-DA-SUB-AREA-DO-CONHECIMENTO="Logística" NOME-DA-ESPECIALIDADE=""/></AREAS-DO-CONHECIMENTO></ARTIGO-PUBLICADO><ARTIGO-PUBLICADO SEQUENCIA-PRODUCAO="53" ORDEM-IMPORTANCIA=""><DADOS-BASICOS-DO-ARTIGO NATUREZA="COMPLETO" TITULO-DO-ARTIGO="GERENCIANDO O PROCESSO DE DEVOLUÇÕES" ANO-DO-ARTIGO="2014" PAIS-DE-PUBLICACAO="" IDIOMA="Português" MEIO-DE-DIVULGACAO="MEIO_DIGITAL" HOME-PAGE-DO-TRABALHO="[http://www.unisuam.edu.br/index.php/periodicos]" FLAG-RELEVANCIA="NAO" DOI="" TITULO-DO-ARTIGO-INGLES="" FLAG-DIVULGACAO-CIENTIFICA="NAO"/><DETALHAMENTO-DO-ARTIGO TITULO-DO-PERIODICO-OU-REVISTA="Cadernos UNISUAM de Pesquisa e Extensão" ISSN="23175028" VOLUME="4" FASCICULO="" SERIE="1" PAGINA-INICIAL="9" PAGINA-FINAL="16" LOCAL-DE-PUBLICACAO=""/><AUTORES NOME-COMPLETO-DO-AUTOR="Alexsandra Machado da Silva dos Santos" NOME-PARA-CITACAO="SANTOS, A. M. S." ORDEM-DE-AUTORIA="1" NRO-ID-CNPQ="4738502312211227"/><AUTORES NOME-COMPLETO-DO-AUTOR="Regiane Ma ria Santos da Silva" NOME-PARA-CITACAO="SILVA, R. M. R. S." ORDEM-DE-AUTORIA="2" NRO-ID-CNPQ=""/><PALAVRAS-CHAVE PALAVRA-CHAVE-1="Logística Reversa" PALAVRA-CHAVE-2="Distribuição" PALAVRA-CHAVE-3="Nível de serviço" PALAVRA-CHAVE-4="" PALAVRA-CHAVE-5="" PALAVRA-CHAVE-6=""/><AREAS-DO-CONHECIMENTO><AREA-DO-CONHECIMENTO-1 NOME-GRANDE-AREA-DO-CONHECIMENTO="ENGENHARIAS" NOME-DA-AREA-DO-CONHECIMENTO="" NOME-DA-SUB-AREA-DO-CONHECIMENTO="Logística" NOME-DA-ESPECIALIDADE=""/></AREAS-DO-CONHECIMENTO></ARTIGO-PUBLICADO><ARTIGO-PUBLICADO SEQUENCIA-PRODUCAO="54" ORDEM-IMPORTANCIA=""><DADOS-BASICOS-DO-ARTIGO NATUREZA="COMPLETO" TITULO-DO-ARTIGO="ARMAZÉM E SUA REPRESENTAÇÃO EM UMA OPERAÇÃO LOGÍSTICA" ANO-DO-ARTIGO="2014" PAIS-DE-PUBLICACAO="" IDIOMA="Português" MEIO-DE-DIVULGACAO="MEIO_DIGITAL" HOME-PAGE-DO-TRABALHO="[http://www.unisuam.edu.br/index.php/periodicos]" FLAG-RELEVANCIA="NAO" DOI="" TITULO-DO-ARTIGO-INGLES="" FLAG-DIVULGACAO-CIENTIFICA="NAO"/><DETALHAMENTO-DO-ARTIGO TITULO-DO-PERIODICO-OU-REVISTA="Cadernos UNISUAM de Pesquisa e Extensão" ISSN="23175028" VOLUME="4" FASCICULO="" SERIE="1" PAGINA-INICIAL="1" PAGINA-FINAL="8" LOCAL-DE-PUBLICACAO=""/><AUTORES NOME-COMPLETO-DO-AUTOR="Alexsandra Machado da Silva dos Santos" NOME-PARA-CITACAO="SANTOS, A. M. S." ORDEM-DE-AUTORIA="1" NRO-ID-CNPQ="4738502312211227"/><AUTORES NOME-COMPLETO-DO-AUTOR="Mauro Carlo Santana da Silva" NOME-PARA-CITACAO="SILVA, M. C. S." ORDEM-DE-AUTORIA="2" NRO-ID-CNPQ=""/><PALAVRAS-CHAVE PALAVRA-CHAVE-1="Armazém" PALAVRA-CHAVE-2="Custo" PALAVRA-CHAVE-3="Nível de serviço" PALAVRA-CHAVE-4="" PALAVRA-CHAVE-5="" PALAVRA-CHAVE-6=""/><AREAS-DO-CONHECIMENTO><AREA-DO-CONHECIMENTO-1 NOME-GRANDE-AREA-DO-CONHECIMENTO="ENGENHARIAS" NOME-DA-AREA-DO-CONHECIMENTO="" NOME-DA-SUB-AREA-DO-CONHECIMENTO="Logística" NOME-DA-ESPECIALIDADE=""/></AREAS-DO-CONHECIMENTO></ARTIGO-PUBLICADO><ARTIGO-PUBLICADO SEQUENCIA-PRODUCAO="42" ORDEM-IMPORTANCIA=""><DADOS-BASICOS-DO-ARTIGO NATUREZA="COMPLETO" TITULO-DO-ARTIGO="Estação das chuvas: um diálogo entre história e literatura" ANO-DO-ARTIGO="2010" PAIS-DE-PUBLICACAO="" IDIOMA="Português" MEIO-DE-DIVULGACAO="VARIOS" HOME-PAGE-DO-TRABALHO="[http://setorlitafrica.letras.ufrj.br/mulemba/]" FLAG-RELEVANCIA="NAO" DOI="" TITULO-DO-ARTIGO-INGLES="" FLAG-DIVULGACAO-CIENTIFICA="NAO"/><DETALHAMENTO-DO-ARTIGO TITULO-DO-PERIODICO-OU-REVISTA="Mulemba" ISSN="2176381X" VOLUME="3" FASCICULO="" SERIE="Dez" PAGINA-INICIAL="15" PAGINA-FINAL="" LOCAL-DE-PUBLICACAO=""/><AUTORES NOME-COMPLETO-DO-AUTOR="Alexsandra Machado da Silva dos Santos" NOME-PARA-CITACAO="SANTOS, A. M. S." ORDEM-DE-AUTORIA="1" NRO-ID-CNPQ="4738502312211227"/><PALAVRAS-CHAVE PALAVRA-CHAVE-1="TRADIÇÃO" PALAVRA-CHAVE-2="Literaturas de Língua Portuguesa" PALAVRA-CHAVE-3="Língua Portuguesa" PALAVRA-CHAVE-4="" PALAVRA-CHAVE-5="" PALAVRA-CHAVE-6=""/><AREAS-DO-CONHECIMENTO><AREA-DO-CONHECIMENTO-1 NOME-GRANDE-AREA-DO-CONHECIMENTO="LINGUISTICA_LETRAS_E_ARTES" NOME-DA-AREA-DO-CONHECIMENTO="" NOME-DA-SUB-AREA-DO-CONHECIMENTO="" NOME-DA-ESPECIALIDADE=""/></AREAS-DO-CONHECIMENTO><SETORES-DE-ATIVIDADE SETOR-DE-ATIVIDADE-1="Educação" SETOR-DE-ATIVIDADE-2="" SETOR-DE-ATIVIDADE-3=""/></ARTIGO-PUBLICADO><ARTIGO-PUBLICADO SEQUENCIA-PRODUCAO="44" ORDEM-IMPORTANCIA=""><DADOS-BASICOS-DO-ARTIGO NATUREZA="COMPLETO" TITULO-DO-ARTIGO="A literatura como voz: um ato de desvendar" ANO-DO-ARTIGO="2010" PAIS-DE-PUBLICACAO="" IDIOMA="Português" MEIO-DE-DIVULGACAO="VARIOS" HOME-PAGE-DO-TRABALHO="[http://www.unisuam.edu.br/semioses]" FLAG-RELEVANCIA="NAO" DOI="" TITULO-DO-ARTIGO-INGLES="" FLAG-DIVULGACAO-CIENTIFICA="NAO"/><DETALHAMENTO-DO-ARTIGO TITULO-DO-PERIODICO-OU-REVISTA="Semioses (Rio de Janeiro)" ISSN="1981996X" VOLUME="5" FASCICULO="" SERIE="" PAGINA-INICIAL="13" PAGINA-FINAL="" LOCAL-DE-PUBLICACAO=""/><AUTORES NOME-COMPLETO-DO-AUTOR="Alexsandra Machado da Silva dos Santos" NOME-PARA-CITACAO="SANTOS, A. M. S." ORDEM-DE-AUTORIA="1" NRO-ID-CNPQ="4738502312211227"/><PALAVRAS-CHAVE PALAVRA-CHAVE-1="Literaturas de Língua Portuguesa" PALAVRA-CHAVE-2="MODERNIDADE" PALAVRA-CHAVE-3="TRADIÇÃO" PALAVRA-CHAVE-4="Língua Portuguesa" PALAVRA-CHAVE-5="" PALAVRA-CHAVE-6=""/><AREAS-DO-CONHECIMENTO><AREA-DO-CONHECIMENTO-1 NOME-GRANDE-AREA-DO-CONHECIMENTO="LINGUISTICA_LETRAS_E_ARTES" NOME-DA-AREA-DO-CONHECIMENTO="" NOME-DA-SUB-AREA-DO-CONHECIMENTO="" NOME-DA-ESPECIALIDADE=""/></AREAS-DO-CONHECIMENTO><SETORES-DE-ATIVIDADE SETOR-DE-ATIVIDADE-1="Educação" SETOR-DE-ATIVIDADE-2="" SETOR-DE-ATIVIDADE-3=""/></ARTIGO-PUBLICADO><ARTIGO-PUBLICADO SEQUENCIA-PRODUCAO="33" ORDEM-IMPORTANCIA=""><DADOS-BASICOS-DO-ARTIGO NATUREZA="COMPLETO" TITULO-DO-ARTIGO="Mia Couto e a memória ancestral: &amp;quot;uma força invisível&amp;quot;" ANO-DO-ARTIGO="2008" PAIS-DE-PUBLICACAO="" IDIOMA="Português" MEIO-DE-DIVULGACAO="MEIO_DIGITAL" HOME-PAGE-DO-TRABALHO="[http://Semioses]" FLAG-RELEVANCIA="NAO" DOI="" TITULO-DO-ARTIGO-INGLES="" FLAG-DIVULGACAO-CIENTIFICA="NAO"/><DETALHAMENTO-DO-ARTIGO TITULO-DO-PERIODICO-OU-REVISTA="Semioses (Rio de Janeiro)" ISSN="1981996X" VOLUME="04" FASCICULO="" SERIE="" PAGINA-INICIAL="04" PAGINA-FINAL="" LOCAL-DE-PUBLICACAO=""/><AUTORES NOME-COMPLETO-DO-AUTOR="Alexsandra Machado da Silva dos Santos" NOME-PARA-CITACAO="SANTOS, A. M. S." ORDEM-DE-AUTORIA="1" NRO-ID-CNPQ="4738502312211227"/><PALAVRAS-CHAVE PALAVRA-CHAVE-1="MODERNIDADE" PALAVRA-CHAVE-2="TRADIÇÃO" PALAVRA-CHAVE-3="" PALAVRA-CHAVE-4="" PALAVRA-CHAVE-5="" PALAVRA-CHAVE-6=""/><AREAS-DO-CONHECIMENTO><AREA-DO-CONHECIMENTO-1 NOME-GRANDE-AREA-DO-CONHECIMENTO="LINGUISTICA_LETRAS_E_ARTES" NOME-DA-AREA-DO-CONHECIMENTO="" NOME-DA-SUB-AREA-DO-CONHECIMENTO="" NOME-DA-ESPECIALIDADE=""/></AREAS-DO-CONHECIMENTO></ARTIGO-PUBLICADO><ARTIGO-PUBLICADO SEQUENCIA-PRODUCAO="18" ORDEM-IMPORTANCIA=""><DADOS-BASICOS-DO-ARTIGO NATUREZA="COMPLETO" TITULO-DO-ARTIGO="A questão do feminino no" ANO-DO-ARTIGO="2005" PAIS-DE-PUBLICACAO="" IDIOMA="Português" MEIO-DE-DIVULGACAO="IMPRESSO" HOME-PAGE-DO-TRABALHO="" FLAG-RELEVANCIA="NAO" DOI="" TITULO-DO-ARTIGO-INGLES="" FLAG-DIVULGACAO-CIENTIFICA="NAO"/><DETALHAMENTO-DO-ARTIGO TITULO-DO-PERIODICO-OU-REVISTA="Contraponto (UCSal)" ISSN="15163202" VOLUME="8" FASCICULO="" SERIE="" PAGINA-INICIAL="12" PAGINA-FINAL="19" LOCAL-DE-PUBLICACAO=""/><AUTORES NOME-COMPLETO-DO-AUTOR="Alexsandra Machado da Silva dos Santos" NOME-PARA-CITACAO="SANTOS, A. M. S." ORDEM-DE-AUTORIA="1" NRO-ID-CNPQ="4738502312211227"/></ARTIGO-PUBLICADO></ARTIGOS-PUBLICADOS><LIVROS-E-CAPITULOS><LIVROS-PUBLICADOS-OU-ORGANIZADOS><LIVRO-PUBLICADO-OU-ORGANIZADO SEQUENCIA-PRODUCAO="60"><DADOS-BASICOS-DO-LIVRO TIPO="LIVRO_PUBLICADO" NATUREZA="COLETANEA" TITULO-DO-LIVRO="Educação e inclusão social" ANO="2016" PAIS-DE-PUBLICACAO="Brasil" IDIOMA="Português" MEIO-DE-DIVULGACAO="IMPRESSO" HOME-PAGE-DO-TRABALHO="" FLAG-RELEVANCIA="NAO" DOI="" TITULO-DO-LIVRO-INGLES="" FLAG-DIVULGACAO-CIENTIFICA="NAO"/><DETALHAMENTO-DO-LIVRO NUMERO-DE-VOLUMES="1" NUMERO-DE-PAGINAS="162" ISBN="9788544409695" NUMERO-DA-EDICAO-REVISAO="1" NUMERO-DA-SERIE="1" CIDADE-DA-EDITORA="Curitiba" NOME-DA-EDITORA="Editora CRV"/><AUTORES NOME-COMPLETO-DO-AUTOR="Alexsandra Machado da Silva dos Santos" NOME-PARA-CITACAO="SANTOS, A. M. S." ORDEM-DE-AUTORIA="1" NRO-ID-CNPQ="4738502312211227"/><AUTORES NOME-COMPLETO-DO-AUTOR="Wagner Gonçalves Trancoso" NOME-PARA-CITACAO="TRANCOSO, W. G." ORDEM-DE-AUTORIA="2" NRO-ID-CNPQ=""/><PALAVRAS-CHAVE PALAVRA-CHAVE-1="Ensino" PALAVRA-CHAVE-2="Educação" PALAVRA-CHAVE-3="Inclusão" PALAVRA-CHAVE-4="" PALAVRA-CHAVE-5="" PALAVRA-CHAVE-6=""/><AREAS-DO-CONHECIMENTO><AREA-DO-CONHECIMENTO-1 NOME-GRANDE-AREA-DO-CONHECIMENTO="CIENCIAS_HUMANAS" NOME-DA-AREA-DO-CONHECIMENTO="" NOME-DA-SUB-AREA-DO-CONHECIMENTO="" NOME-DA-ESPECIALIDADE=""/></AREAS-DO-CONHECIMENTO></LIVRO-PUBLICADO-OU-ORGANIZADO></LIVROS-PUBLICADOS-OU-ORGANIZADOS></LIVROS-E-CAPITULOS></PRODUCAO-BIBLIOGRAFICA><PRODUCAO-TECNICA><DEMAIS-TIPOS-DE-PRODUCAO-TECNICA><APRESENTACAO-DE-TRABALHO SEQUENCIA-PRODUCAO="6"><DADOS-BASICOS-DA-APRESENTACAO-DE-TRABALHO NATUREZA="COMUNICACAO" TITULO="NIKETCHE: NARRATIVAS ENTRE FRONTEIRAS" ANO="2006" PAIS="Brasil" IDIOMA="Português" FLAG-RELEVANCIA="SIM" DOI="" TITULO-INGLES="" FLAG-DIVULGACAO-CIENTIFICA="NAO"/><DETALHAMENTO-DA-APRESENTACAO-DE-TRABALHO NOME-DO-EVENTO="" INSTITUICAO-PROMOTORA="UERJ" LOCAL-DA-APRESENTACAO="UERJ" CIDADE-DA-APRESENTACAO="RIO DE JANEIRO" NOME-DO-EVENTO-INGLES=""/><AUTORES NOME-COMPLETO-DO-AUTOR="Alexsandra Machado da Silva dos Santos" NOME-PARA-CITACAO="SANTOS, A. M. S." ORDEM-DE-AUTORIA="1" NRO-ID-CNPQ="4738502312211227"/></APRESENTACAO-DE-TRABALHO><APRESENTACAO-DE-TRABALHO SEQUENCIA-PRODUCAO="7"><DADOS-BASICOS-DA-APRESENTACAO-DE-TRABALHO NATUREZA="COMUNICACAO" TITULO="BALADA DE AMOR AO VENTO" ANO="2005" PAIS="Brasil" IDIOMA="Português" FLAG-RELEVANCIA="SIM" DOI="" TITULO-INGLES="" FLAG-DIVULGACAO-CIENTIFICA="NAO"/><DETALHAMENTO-DA-APRESENTACAO-DE-TRABALHO NOME-DO-EVENTO="" INSTITUICAO-PROMOTORA="UERJ" LOCAL-DA-APRESENTACAO="UERJ" CIDADE-DA-APRESENTACAO="RIO DE JANEIRO" NOME-DO-EVENTO-INGLES=""/><AUTORES NOME-COMPLETO-DO-AUTOR="Alexsandra Machado da Silva dos Santos" NOME-PARA-CITACAO="SANTOS, A. M. S." ORDEM-DE-AUTORIA="1" NRO-ID-CNPQ="4738502312211227"/></APRESENTACAO-DE-TRABALHO><APRESENTACAO-DE-TRABALHO SEQUENCIA-PRODUCAO="20"><DADOS-BASICOS-DA-APRESENTACAO-DE-TRABALHO NATUREZA="COMUNICACAO" TITULO="A questão do feminino no &amp;quot;Memorial do Convento&amp;quot;" ANO="2005" PAIS="Brasil" IDIOMA="Português" FLAG-RELEVANCIA="NAO" DOI="" TITULO-INGLES="" FLAG-DIVULGACAO-CIENTIFICA="NAO"/><DETALHAMENTO-DA-APRESENTACAO-DE-TRABALHO NOME-DO-EVENTO="ASSEL" INSTITUICAO-PROMOTORA="UFRJ" LOCAL-DA-APRESENTACAO="UFRJ" CIDADE-DA-APRESENTACAO="Rio de Janeiro" NOME-DO-EVENTO-INGLES=""/><AUTORES NOME-COMPLETO-DO-AUTOR="Alexsandra Machado da Silva dos Santos" NOME-PARA-CITACAO="SANTOS, A. M. S." ORDEM-DE-AUTORIA="1" NRO-ID-CNPQ="4738502312211227"/></APRESENTACAO-DE-TRABALHO><APRESENTACAO-DE-TRABALHO SEQUENCIA-PRODUCAO="21"><DADOS-BASICOS-DA-APRESENTACAO-DE-TRABALHO NATUREZA="COMUNICACAO" TITULO="&amp;quot;Ventos do apocalipse&amp;quot;: conexões entre a guerra e a esperança." ANO="2007" PAIS="Brasil" IDIOMA="Português" FLAG-RELEVANCIA="NAO" DOI="" TITULO-INGLES="" FLAG-DIVULGACAO-CIENTIFICA="NAO"/><DETALHAMENTO-DA-APRESENTACAO-DE-TRABALHO NOME-DO-EVENTO="ABRALIC" INSTITUICAO-PROMOTORA="USP" LOCAL-DA-APRESENTACAO="USP" CIDADE-DA-APRESENTACAO="São Paulo" NOME-DO-EVENTO-INGLES=""/><AUTORES NOME-COMPLETO-DO-AUTOR="Alexsandra Machado da Silva dos Santos" NOME-PARA-CITACAO="SANTOS, A. M. S." ORDEM-DE-AUTORIA="1" NRO-ID-CNPQ="4738502312211227"/></APRESENTACAO-DE-TRABALHO><APRESENTACAO-DE-TRABALHO SEQUENCIA-PRODUCAO="22"><DADOS-BASICOS-DA-APRESENTACAO-DE-TRABALHO NATUREZA="COMUNICACAO" TITULO="ESTAÇÃO DAS CHUVAS: UMA VIAGEM ENTRE A HISTÓRIA E A FICÇÃO" ANO="2006" PAIS="Brasil" IDIOMA="Português" FLAG-RELEVANCIA="NAO" DOI="" TITULO-INGLES="" FLAG-DIVULGACAO-CIENTIFICA="NAO"/><DETALHAMENTO-DA-APRESENTACAO-DE-TRABALHO NOME-DO-EVENTO="Congresso de Língua Portuguesa e Literaturas" INSTITUICAO-PROMOTORA="UFRJ" LOCAL-DA-APRESENTACAO="UFRJ" CIDADE-DA-APRESENTACAO="Rio deJaneiro" NOME-DO-EVENTO-INGLES=""/><AUTORES NOME-COMPLETO-DO-AUTOR="Alexsandra Machado da Silva dos Santos" NOME-PARA-CITACAO="SANTOS, A. M. S." ORDEM-DE-AUTORIA="1" NRO-ID-CNPQ="4738502312211227"/></APRESENTACAO-DE-TRABALHO><APRESENTACAO-DE-TRABALHO SEQUENCIA-PRODUCAO="23"><DADOS-BASICOS-DA-APRESENTACAO-DE-TRABALHO NATUREZA="COMUNICACAO" TITULO="Passado e presente: uma reflexão" ANO="2006" PAIS="Brasil" IDIOMA="Português" FLAG-RELEVANCIA="NAO" DOI="" TITULO-INGLES="" FLAG-DIVULGACAO-CIENTIFICA="NAO"/><DETALHAMENTO-DA-APRESENTACAO-DE-TRABALHO NOME-DO-EVENTO="IV Seminário de Literaturas Portuguesas e Africanas" INSTITUICAO-PROMOTORA="UFRJ" LOCAL-DA-APRESENTACAO="UFRJ" CIDADE-DA-APRESENTACAO="Rio de Janeiro" NOME-DO-EVENTO-INGLES=""/><AUTORES NOME-COMPLETO-DO-AUTOR="Alexsandra Machado da Silva dos Santos" NOME-PARA-CITACAO="SANTOS, A. M. S." ORDEM-DE-AUTORIA="1" NRO-ID-CNPQ="4738502312211227"/></APRESENTACAO-DE-TRABALHO><APRESENTACAO-DE-TRABALHO SEQUENCIA-PRODUCAO="24"><DADOS-BASICOS-DA-APRESENTACAO-DE-TRABALHO NATUREZA="CONGRESSO" TITULO="30º Congresso Brasileiro de Língua e Literatura em Língua Portuguesa" ANO="1998" PAIS="Brasil" IDIOMA="Português" FLAG-RELEVANCIA="NAO" DOI="" TITULO-INGLES="" FLAG-DIVULGACAO-CIENTIFICA="NAO"/><DETALHAMENTO-DA-APRESENTACAO-DE-TRABALHO NOME-DO-EVENTO="30º Congresso Brasileiro de Língua e Literatura em Língua Portuguesa" INSTITUICAO-PROMOTORA="Instituto de Letras da UERJ" LOCAL-DA-APRESENTACAO="UERJ" CIDADE-DA-APRESENTACAO="Rio de Janeiro" NOME-DO-EVENTO-INGLES=""/><AUTORES NOME-COMPLETO-DO-AUTOR="Alexsandra Machado da Silva dos Santos" NOME-PARA-CITACAO="SANTOS, A. M. S." ORDEM-DE-AUTORIA="1" NRO-ID-CNPQ="4738502312211227"/></APRESENTACAO-DE-TRABALHO><APRESENTACAO-DE-TRABALHO SEQUENCIA-PRODUCAO="25"><DADOS-BASICOS-DA-APRESENTACAO-DE-TRABALHO NATUREZA="CONGRESSO" TITULO="29º Congresso Brasileiro de Língua e Literatura em Língua Portuguesa" ANO="1997" PAIS="Brasil" IDIOMA="Português" FLAG-RELEVANCIA="NAO" DOI="" TITULO-INGLES="" FLAG-DIVULGACAO-CIENTIFICA="NAO"/><DETALHAMENTO-DA-APRESENTACAO-DE-TRABALHO NOME-DO-EVENTO="29º Congresso Brasileiro de Língua e Literatura em Língua Portuguesa" INSTITUICAO-PROMOTORA="Instituo de Letras da UERJ" LOCAL-DA-APRESENTACAO="UERJ" CIDADE-DA-APRESENTACAO="Rio de Janeiro" NOME-DO-EVENTO-INGLES=""/><AUTORES NOME-COMPLETO-DO-AUTOR="Alexsandra Machado da Silva dos Santos" NOME-PARA-CITACAO="SANTOS, A. M. S." ORDEM-DE-AUTORIA="1" NRO-ID-CNPQ="4738502312211227"/></APRESENTACAO-DE-TRABALHO><APRESENTACAO-DE-TRABALHO SEQUENCIA-PRODUCAO="26"><DADOS-BASICOS-DA-APRESENTACAO-DE-TRABALHO NATUREZA="CONGRESSO" TITULO="1º Congresso Internacional de Estudos Camonianos" ANO="1997" PAIS="Brasil" IDIOMA="Português" FLAG-RELEVANCIA="NAO" DOI="" TITULO-INGLES="" FLAG-DIVULGACAO-CIENTIFICA="NAO"/><DETALHAMENTO-DA-APRESENTACAO-DE-TRABALHO NOME-DO-EVENTO="Instituto de Letras da UERJ" INSTITUICAO-PROMOTORA="UERJ" LOCAL-DA-APRESENTACAO="UERJ" CIDADE-DA-APRESENTACAO="Rio de Janeiro" NOME-DO-EVENTO-INGLES=""/><AUTORES NOME-COMPLETO-DO-AUTOR="Alexsandra Machado da Silva dos Santos" NOME-PARA-CITACAO="SANTOS, A. M. S." ORDEM-DE-AUTORIA="1" NRO-ID-CNPQ="4738502312211227"/></APRESENTACAO-DE-TRABALHO><APRESENTACAO-DE-TRABALHO SEQUENCIA-PRODUCAO="27"><DADOS-BASICOS-DA-APRESENTACAO-DE-TRABALHO NATUREZA="CONGRESSO" TITULO="BRASIL - 500 ANOS DE LÍNGUA PORTUGUESA" ANO="1999" PAIS="Brasil" IDIOMA="Português" FLAG-RELEVANCIA="NAO" DOI="" TITULO-INGLES="" FLAG-DIVULGACAO-CIENTIFICA="NAO"/><DETALHAMENTO-DA-APRESENTACAO-DE-TRABALHO NOME-DO-EVENTO="BRASIL - 500 ANOS DE LÍNGUA PORTUGUESA" INSTITUICAO-PROMOTORA="UERJ" LOCAL-DA-APRESENTACAO="UERJ" CIDADE-DA-APRESENTACAO="RIO DE JANEIRO" NOME-DO-EVENTO-INGLES=""/><AUTORES NOME-COMPLETO-DO-AUTOR="Alexsandra Machado da Silva dos Santos" NOME-PARA-CITACAO="SANTOS, A. M. S." ORDEM-DE-AUTORIA="1" NRO-ID-CNPQ="4738502312211227"/></APRESENTACAO-DE-TRABALHO><APRESENTACAO-DE-TRABALHO SEQUENCIA-PRODUCAO="28"><DADOS-BASICOS-DA-APRESENTACAO-DE-TRABALHO NATUREZA="COMUNICACAO" TITULO="&amp;quot;MIA COUTO E O DESPRETAR DA ESPERANÇA&amp;quot;" ANO="2003" PAIS="Brasil" IDIOMA="Português" FLAG-RELEVANCIA="NAO" DOI="" TITULO-INGLES="" FLAG-DIVULGACAO-CIENTIFICA="NAO"/><DETALHAMENTO-DA-APRESENTACAO-DE-TRABALHO NOME-DO-EVENTO="XII SEMANA DE LETRAS" INSTITUICAO-PROMOTORA="FUNDAÇÃOEDUCACIONAL UNIFICADA CAMPOGRANDENSE" LOCAL-DA-APRESENTACAO="RIO DE JANEIRO" CIDADE-DA-APRESENTACAO="RIO DE JANEIRO" NOME-DO-EVENTO-INGLES=""/><AUTORES NOME-COMPLETO-DO-AUTOR="Alexsandra Machado da Silva dos Santos" NOME-PARA-CITACAO="SANTOS, A. M. S." ORDEM-DE-AUTORIA="1" NRO-ID-CNPQ="4738502312211227"/></APRESENTACAO-DE-TRABALHO><APRESENTACAO-DE-TRABALHO SEQUENCIA-PRODUCAO="35"><DADOS-BASICOS-DA-APRESENTACAO-DE-TRABALHO NATUREZA="COMUNICACAO" TITULO="Mia Couto: uma reflexão sobre a cultura e a tradição moçambicana" ANO="2009" PAIS="Brasil" IDIOMA="Português" FLAG-RELEVANCIA="NAO" DOI="" TITULO-INGLES="" FLAG-DIVULGACAO-CIENTIFICA="NAO"/><DETALHAMENTO-DA-APRESENTACAO-DE-TRABALHO NOME-DO-EVENTO="V Painel: reflexões sobre o insólito na narrativa ficcional: o insólito em questão" INSTITUICAO-PROMOTORA="UERJ" LOCAL-DA-APRESENTACAO="Rio de Janeiro" CIDADE-DA-APRESENTACAO="Rio de Janeiro" NOME-DO-EVENTO-INGLES=""/><AUTORES NOME-COMPLETO-DO-AUTOR="Alexsandra Machado da Silva dos Santos" NOME-PARA-CITACAO="SANTOS, A. M. S." ORDEM-DE-AUTORIA="1" NRO-ID-CNPQ="4738502312211227"/><PALAVRAS-CHAVE PALAVRA-CHAVE-1="MODERNIDADE" PALAVRA-CHAVE-2="TRADIÇÃO" PALAVRA-CHAVE-3="" PALAVRA-CHAVE-4="" PALAVRA-CHAVE-5="" PALAVRA-CHAVE-6=""/><AREAS-DO-CONHECIMENTO><AREA-DO-CONHECIMENTO-1 NOME-GRANDE-AREA-DO-CONHECIMENTO="LINGUISTICA_LETRAS_E_ARTES" NOME-DA-AREA-DO-CONHECIMENTO="" NOME-DA-SUB-AREA-DO-CONHECIMENTO="" NOME-DA-ESPECIALIDADE=""/></AREAS-DO-CONHECIMENTO></APRESENTACAO-DE-TRABALHO><APRESENTACAO-DE-TRABALHO SEQUENCIA-PRODUCAO="36"><DADOS-BASICOS-DA-APRESENTACAO-DE-TRABALHO NATUREZA="COMUNICACAO" TITULO="O vendedor de passados: entre o real e a ficção" ANO="2008" PAIS="Brasil" IDIOMA="Português" FLAG-RELEVANCIA="NAO" DOI="" TITULO-INGLES="" FLAG-DIVULGACAO-CIENTIFICA="NAO"/><DETALHAMENTO-DA-APRESENTACAO-DE-TRABALHO NOME-DO-EVENTO="ABRALIC" INSTITUICAO-PROMOTORA="USP" LOCAL-DA-APRESENTACAO="São Paulo" CIDADE-DA-APRESENTACAO="São Paulo" NOME-DO-EVENTO-INGLES=""/><AUTORES NOME-COMPLETO-DO-AUTOR="Alexsandra Machado da Silva dos Santos" NOME-PARA-CITACAO="SANTOS, A. M. S." ORDEM-DE-AUTORIA="1" NRO-ID-CNPQ="4738502312211227"/><PALAVRAS-CHAVE PALAVRA-CHAVE-1="MODERNIDADE" PALAVRA-CHAVE-2="TRADIÇÃO" PALAVRA-CHAVE-3="" PALAVRA-CHAVE-4="" PALAVRA-CHAVE-5="" PALAVRA-CHAVE-6=""/><AREAS-DO-CONHECIMENTO><AREA-DO-CONHECIMENTO-1 NOME-GRANDE-AREA-DO-CONHECIMENTO="LINGUISTICA_LETRAS_E_ARTES" NOME-DA-AREA-DO-CONHECIMENTO="" NOME-DA-SUB-AREA-DO-CONHECIMENTO="" NOME-DA-ESPECIALIDADE=""/></AREAS-DO-CONHECIMENTO></APRESENTACAO-DE-TRABALHO><APRESENTACAO-DE-TRABALHO SEQUENCIA-PRODUCAO="37"><DADOS-BASICOS-DA-APRESENTACAO-DE-TRABALHO NATUREZA="COMUNICACAO" TITULO="Venenos de Deus, Remédios do Diabo: o insólito entre a ficção e a realidade" ANO="2008" PAIS="Brasil" IDIOMA="Português" FLAG-RELEVANCIA="NAO" DOI="" TITULO-INGLES="" FLAG-DIVULGACAO-CIENTIFICA="NAO"/><DETALHAMENTO-DA-APRESENTACAO-DE-TRABALHO NOME-DO-EVENTO="Reflexões sobre o insólito na narrativa ficcional" INSTITUICAO-PROMOTORA="UERJ" LOCAL-DA-APRESENTACAO="Rio de Janeiro" CIDADE-DA-APRESENTACAO="Rio de Janeiro" NOME-DO-EVENTO-INGLES=""/><AUTORES NOME-COMPLETO-DO-AUTOR="Alexsandra Machado da Silva dos Santos" NOME-PARA-CITACAO="SANTOS, A. M. S." ORDEM-DE-AUTORIA="1" NRO-ID-CNPQ="4738502312211227"/><PALAVRAS-CHAVE PALAVRA-CHAVE-1="MODERNIDADE" PALAVRA-CHAVE-2="TRADIÇÃO" PALAVRA-CHAVE-3="" PALAVRA-CHAVE-4="" PALAVRA-CHAVE-5="" PALAVRA-CHAVE-6=""/><AREAS-DO-CONHECIMENTO><AREA-DO-CONHECIMENTO-1 NOME-GRANDE-AREA-DO-CONHECIMENTO="LINGUISTICA_LETRAS_E_ARTES" NOME-DA-AREA-DO-CONHECIMENTO="" NOME-DA-SUB-AREA-DO-CONHECIMENTO="" NOME-DA-ESPECIALIDADE=""/></AREAS-DO-CONHECIMENTO></APRESENTACAO-DE-TRABALHO><APRESENTACAO-DE-TRABALHO SEQUENCIA-PRODUCAO="38"><DADOS-BASICOS-DA-APRESENTACAO-DE-TRABALHO NATUREZA="CONFERENCIA" TITULO="José Saramago: uma leitura fantástica" ANO="2011" PAIS="Brasil" IDIOMA="Português" FLAG-RELEVANCIA="NAO" DOI="" TITULO-INGLES="" FLAG-DIVULGACAO-CIENTIFICA="NAO"/><DETALHAMENTO-DA-APRESENTACAO-DE-TRABALHO NOME-DO-EVENTO="Semana Acadêmica de Letras: Língua e Literatura - um enfoque multidisciplinar" INSTITUICAO-PROMOTORA="Faculdades Integradas Simonsen" LOCAL-DA-APRESENTACAO="Faculdades Integradas Simonsen" CIDADE-DA-APRESENTACAO="Rio de Janeiro" NOME-DO-EVENTO-INGLES=""/><AUTORES NOME-COMPLETO-DO-AUTOR="Alexsandra Machado da Silva dos Santos" NOME-PARA-CITACAO="SANTOS, A. M. S." ORDEM-DE-AUTORIA="1" NRO-ID-CNPQ="4738502312211227"/></APRESENTACAO-DE-TRABALHO><APRESENTACAO-DE-TRABALHO SEQUENCIA-PRODUCAO="39"><DADOS-BASICOS-DA-APRESENTACAO-DE-TRABALHO NATUREZA="COMUNICACAO" TITULO="Literatura Infanto-Juvenil: realidade e fantasia" ANO="2011" PAIS="Brasil" IDIOMA="Português" FLAG-RELEVANCIA="NAO" DOI="" TITULO-INGLES="" FLAG-DIVULGACAO-CIENTIFICA="NAO"/><DETALHAMENTO-DA-APRESENTACAO-DE-TRABALHO NOME-DO-EVENTO="III ENCONTRO NACIONAL: O INS´´OLITO COMO QUESTÃO DA NARRATIVA FICCIONAL" INSTITUICAO-PROMOTORA="UERJ" LOCAL-DA-APRESENTACAO="UERJ" CIDADE-DA-APRESENTACAO="RIO DE JANEIRO" NOME-DO-EVENTO-INGLES=""/><AUTORES NOME-COMPLETO-DO-AUTOR="Alexsandra Machado da Silva dos Santos" NOME-PARA-CITACAO="SANTOS, A. M. S." ORDEM-DE-AUTORIA="1" NRO-ID-CNPQ="4738502312211227"/><PALAVRAS-CHAVE PALAVRA-CHAVE-1="Língua Portuguesa" PALAVRA-CHAVE-2="MODERNIDADE" PALAVRA-CHAVE-3="TRADIÇÃO" PALAVRA-CHAVE-4="" PALAVRA-CHAVE-5="" PALAVRA-CHAVE-6=""/><AREAS-DO-CONHECIMENTO><AREA-DO-CONHECIMENTO-1 NOME-GRANDE-AREA-DO-CONHECIMENTO="LINGUISTICA_LETRAS_E_ARTES" NOME-DA-AREA-DO-CONHECIMENTO="" NOME-DA-SUB-AREA-DO-CONHECIMENTO="" NOME-DA-ESPECIALIDADE=""/></AREAS-DO-CONHECIMENTO><SETORES-DE-ATIVIDADE SETOR-DE-ATIVIDADE-1="Educação" SETOR-DE-ATIVIDADE-2="" SETOR-DE-ATIVIDADE-3=""/></APRESENTACAO-DE-TRABALHO><APRESENTACAO-DE-TRABALHO SEQUENCIA-PRODUCAO="40"><DADOS-BASICOS-DA-APRESENTACAO-DE-TRABALHO NATUREZA="COMUNICACAO" TITULO="O beijo da palavrinha: entre o sonho e a realidade" ANO="2011" PAIS="Brasil" IDIOMA="Português" FLAG-RELEVANCIA="NAO" DOI="" TITULO-INGLES="" FLAG-DIVULGACAO-CIENTIFICA="NAO"/><DETALHAMENTO-DA-APRESENTACAO-DE-TRABALHO NOME-DO-EVENTO="III ENCONTRO NACIONAL: O insólito como questão na narrativa ficcional" INSTITUICAO-PROMOTORA="UERJ" LOCAL-DA-APRESENTACAO="UERJ" CIDADE-DA-APRESENTACAO="Rio de Janeiro" NOME-DO-EVENTO-INGLES=""/><AUTORES NOME-COMPLETO-DO-AUTOR="Alexsandra Machado da Silva dos Santos" NOME-PARA-CITACAO="SANTOS, A. M. S." ORDEM-DE-AUTORIA="1" NRO-ID-CNPQ="4738502312211227"/><PALAVRAS-CHAVE PALAVRA-CHAVE-1="Educação" PALAVRA-CHAVE-2="Literaturas de Língua Portuguesa" PALAVRA-CHAVE-3="MODERNIDADE" PALAVRA-CHAVE-4="TRADIÇÃO" PALAVRA-CHAVE-5="" PALAVRA-CHAVE-6=""/><AREAS-DO-CONHECIMENTO><AREA-DO-CONHECIMENTO-1 NOME-GRANDE-AREA-DO-CONHECIMENTO="LINGUISTICA_LETRAS_E_ARTES" NOME-DA-AREA-DO-CONHECIMENTO="" NOME-DA-SUB-AREA-DO-CONHECIMENTO="" NOME-DA-ESPECIALIDADE=""/></AREAS-DO-CONHECIMENTO><SETORES-DE-ATIVIDADE SETOR-DE-ATIVIDADE-1="Educação" SETOR-DE-ATIVIDADE-2="" SETOR-DE-ATIVIDADE-3=""/></APRESENTACAO-DE-TRABALHO><APRESENTACAO-DE-TRABALHO SEQUENCIA-PRODUCAO="47"><DADOS-BASICOS-DA-APRESENTACAO-DE-TRABALHO NATUREZA="SIMPOSIO" TITULO="II Encontro Acadêmico do Curso de Logística: os desafios das Olimpíadas sob a visão da Logística'" ANO="2016" PAIS="Brasil" IDIOMA="Português" FLAG-RELEVANCIA="SIM" DOI="" TITULO-INGLES="" FLAG-DIVULGACAO-CIENTIFICA="NAO"/><DETALHAMENTO-DA-APRESENTACAO-DE-TRABALHO NOME-DO-EVENTO="II Encontro Acadêmico do Curso de Logística: os desafios das Olimpíadas sob a visão da Logística" INSTITUICAO-PROMOTORA="UNISUAM" LOCAL-DA-APRESENTACAO="UNISUAM" CIDADE-DA-APRESENTACAO="RIO DE JANEIRO" NOME-DO-EVENTO-INGLES=""/><AUTORES NOME-COMPLETO-DO-AUTOR="Alexsandra Machado da Silva dos Santos" NOME-PARA-CITACAO="SANTOS, A. M. S." ORDEM-DE-AUTORIA="1" NRO-ID-CNPQ="4738502312211227"/><PALAVRAS-CHAVE PALAVRA-CHAVE-1="Logística" PALAVRA-CHAVE-2="Desafios" PALAVRA-CHAVE-3="Visão" PALAVRA-CHAVE-4="" PALAVRA-CHAVE-5="" PALAVRA-CHAVE-6=""/><AREAS-DO-CONHECIMENTO><AREA-DO-CONHECIMENTO-1 NOME-GRANDE-AREA-DO-CONHECIMENTO="ENGENHARIAS" NOME-DA-AREA-DO-CONHECIMENTO="" NOME-DA-SUB-AREA-DO-CONHECIMENTO="Logística" NOME-DA-ESPECIALIDADE=""/></AREAS-DO-CONHECIMENTO></APRESENTACAO-DE-TRABALHO><APRESENTACAO-DE-TRABALHO SEQUENCIA-PRODUCAO="48"><DADOS-BASICOS-DA-APRESENTACAO-DE-TRABALHO NATUREZA="OUTRA" TITULO="A proposta do Legado" ANO="2016" PAIS="Brasil" IDIOMA="Português" FLAG-RELEVANCIA="NAO" DOI="" TITULO-INGLES="" FLAG-DIVULGACAO-CIENTIFICA="NAO"/><DETALHAMENTO-DA-APRESENTACAO-DE-TRABALHO NOME-DO-EVENTO="II Encontro Acadêmico do Curso de Logística" INSTITUICAO-PROMOTORA="UNISUAM" LOCAL-DA-APRESENTACAO="UNISUAM" CIDADE-DA-APRESENTACAO="RIO DE JANEIRO" NOME-DO-EVENTO-INGLES=""/><AUTORES NOME-COMPLETO-DO-AUTOR="Alexsandra Machado da Silva dos Santos" NOME-PARA-CITACAO="SANTOS, A. M. S." ORDEM-DE-AUTORIA="1" NRO-ID-CNPQ="4738502312211227"/><PALAVRAS-CHAVE PALAVRA-CHAVE-1="Logística" PALAVRA-CHAVE-2="Desafios" PALAVRA-CHAVE-3="Visão" PALAVRA-CHAVE-4="" PALAVRA-CHAVE-5="" PALAVRA-CHAVE-6=""/><AREAS-DO-CONHECIMENTO><AREA-DO-CONHECIMENTO-1 NOME-GRANDE-AREA-DO-CONHECIMENTO="ENGENHARIAS" NOME-DA-AREA-DO-CONHECIMENTO="" NOME-DA-SUB-AREA-DO-CONHECIMENTO="Logística" NOME-DA-ESPECIALIDADE=""/></AREAS-DO-CONHECIMENTO></APRESENTACAO-DE-TRABALHO><APRESENTACAO-DE-TRABALHO SEQUENCIA-PRODUCAO="49"><DADOS-BASICOS-DA-APRESENTACAO-DE-TRABALHO NATUREZA="COMUNICACAO" TITULO="História, Literatura e Ensino: uma possibilidade de reflexão" ANO="2016" PAIS="Brasil" IDIOMA="Português" FLAG-RELEVANCIA="NAO" DOI="" TITULO-INGLES="" FLAG-DIVULGACAO-CIENTIFICA="NAO"/><DETALHAMENTO-DA-APRESENTACAO-DE-TRABALHO NOME-DO-EVENTO="II Simpósio de História Unisuam" INSTITUICAO-PROMOTORA="UNISUAM" LOCAL-DA-APRESENTACAO="UNISUAM" CIDADE-DA-APRESENTACAO="RIO DE JANEIRO" NOME-DO-EVENTO-INGLES=""/><AUTORES NOME-COMPLETO-DO-AUTOR="Alexsandra Machado da Silva dos Santos" NOME-PARA-CITACAO="SANTOS, A. M. S." ORDEM-DE-AUTORIA="1" NRO-ID-CNPQ="4738502312211227"/><PALAVRAS-CHAVE PALAVRA-CHAVE-1="TRADIÇÃO" PALAVRA-CHAVE-2="História" PALAVRA-CHAVE-3="Ensino" PALAVRA-CHAVE-4="" PALAVRA-CHAVE-5="" PALAVRA-CHAVE-6=""/><AREAS-DO-CONHECIMENTO><AREA-DO-CONHECIMENTO-1 NOME-GRANDE-AREA-DO-CONHECIMENTO="CIENCIAS_HUMANAS" NOME-DA-AREA-DO-CONHECIMENTO="" NOME-DA-SUB-AREA-DO-CONHECIMENTO="" NOME-DA-ESPECIALIDADE=""/></AREAS-DO-CONHECIMENTO></APRESENTACAO-DE-TRABALHO><APRESENTACAO-DE-TRABALHO SEQUENCIA-PRODUCAO="50"><DADOS-BASICOS-DA-APRESENTACAO-DE-TRABALHO NATUREZA="OUTRA" TITULO="Gramática e Produção textual: reflexões contemporâneas" ANO="2015" PAIS="Brasil" IDIOMA="Português" FLAG-RELEVANCIA="NAO" DOI="" TITULO-INGLES="" FLAG-DIVULGACAO-CIENTIFICA="NAO"/><DETALHAMENTO-DA-APRESENTACAO-DE-TRABALHO NOME-DO-EVENTO="Semana da Pedagogia e Letras" INSTITUICAO-PROMOTORA="UNISUAM" LOCAL-DA-APRESENTACAO="UNISUAM" CIDADE-DA-APRESENTACAO="RIO DE JANEIRO" NOME-DO-EVENTO-INGLES=""/><AUTORES NOME-COMPLETO-DO-AUTOR="Alexsandra Machado da Silva dos Santos" NOME-PARA-CITACAO="SANTOS, A. M. S." ORDEM-DE-AUTORIA="1" NRO-ID-CNPQ="4738502312211227"/><PALAVRAS-CHAVE PALAVRA-CHAVE-1="Língua Portuguesa" PALAVRA-CHAVE-2="Desafios" PALAVRA-CHAVE-3="Ensino" PALAVRA-CHAVE-4="" PALAVRA-CHAVE-5="" PALAVRA-CHAVE-6=""/><AREAS-DO-CONHECIMENTO><AREA-DO-CONHECIMENTO-1 NOME-GRANDE-AREA-DO-CONHECIMENTO="CIENCIAS_HUMANAS" NOME-DA-AREA-DO-CONHECIMENTO="" NOME-DA-SUB-AREA-DO-CONHECIMENTO="Ensino-Aprendizagem" NOME-DA-ESPECIALIDADE="Métodos e Técnicas de Ensino"/></AREAS-DO-CONHECIMENTO></APRESENTACAO-DE-TRABALHO><APRESENTACAO-DE-TRABALHO SEQUENCIA-PRODUCAO="51"><DADOS-BASICOS-DA-APRESENTACAO-DE-TRABALHO NATUREZA="OUTRA" TITULO="Educação e desenvolvimento sustentável" ANO="2014" PAIS="Brasil" IDIOMA="Português" FLAG-RELEVANCIA="NAO" DOI="" TITULO-INGLES="" FLAG-DIVULGACAO-CIENTIFICA="NAO"/><DETALHAMENTO-DA-APRESENTACAO-DE-TRABALHO NOME-DO-EVENTO="Semana da Escola de Licenciaturas" INSTITUICAO-PROMOTORA="UNISUAM" LOCAL-DA-APRESENTACAO="UNISUAM" CIDADE-DA-APRESENTACAO="RIO DE JANEIRO" NOME-DO-EVENTO-INGLES=""/><AUTORES NOME-COMPLETO-DO-AUTOR="Alexsandra Machado da Silva dos Santos" NOME-PARA-CITACAO="SANTOS, A. M. S." ORDEM-DE-AUTORIA="1" NRO-ID-CNPQ="4738502312211227"/><PALAVRAS-CHAVE PALAVRA-CHAVE-1="Educação" PALAVRA-CHAVE-2="Desafios" PALAVRA-CHAVE-3="Visão" PALAVRA-CHAVE-4="" PALAVRA-CHAVE-5="" PALAVRA-CHAVE-6=""/><AREAS-DO-CONHECIMENTO><AREA-DO-CONHECIMENTO-1 NOME-GRANDE-AREA-DO-CONHECIMENTO="CIENCIAS_HUMANAS" NOME-DA-AREA-DO-CONHECIMENTO="" NOME-DA-SUB-AREA-DO-CONHECIMENTO="Ensino-Aprendizagem" NOME-DA-ESPECIALIDADE="Métodos e Técnicas de Ensino"/></AREAS-DO-CONHECIMENTO></APRESENTACAO-DE-TRABALHO><EDITORACAO SEQUENCIA-PRODUCAO="8"><DADOS-BASICOS-DE-EDITORACAO NATUREZA="OUTRA" TITULO="REVISTA SEMIOSES" ANO="2006" PAIS="Brasil" IDIOMA="Português" MEIO-DE-DIVULGACAO="MEIO_DIGITAL" HOME-PAGE-DO-TRABALHO="" FLAG-RELEVANCIA="NAO" DOI="" TITULO-INGLES=""/><DETALHAMENTO-DE-EDITORACAO NUMERO-DE-PAGINAS="30" INSTITUICAO-PROMOTORA="UNISUAM" EDITORA="UNISUAM" CIDADE="RIO DE JANEIRO"/><AUTORES NOME-COMPLETO-DO-AUTOR="Alexsandra Machado da Silva dos Santos" NOME-PARA-CITACAO="SANTOS, A. M. S." ORDEM-DE-AUTORIA="1" NRO-ID-CNPQ="4738502312211227"/></EDITORACAO></DEMAIS-TIPOS-DE-PRODUCAO-TECNICA></PRODUCAO-TECNICA><OUTRA-PRODUCAO><ORIENTACOES-CONCLUIDAS><OUTRAS-ORIENTACOES-CONCLUIDAS SEQUENCIA-PRODUCAO="9"><DADOS-BASICOS-DE-OUTRAS-ORIENTACOES-CONCLUIDAS NATUREZA="TRABALHO_DE_CONCLUSAO_DE_CURSO_GRADUACAO" TIPO="" TITULO="&amp;quot;Teocentrismo: uma análise a partir do Trovadorismo&amp;quot;" ANO="2007" PAIS="Brasil" IDIOMA="Português" HOME-PAGE="" FLAG-RELEVANCIA="NAO" DOI="" TITULO-INGLES="" TIPO-INGLES=""/><DETALHAMENTO-DE-OUTRAS-ORIENTACOES-CONCLUIDAS NOME-DO-ORIENTADO="Cleuza de Jesus Pereira" CODIGO-INSTITUICAO="201900000008" NOME-DA-INSTITUICAO="Centro Universitário Augusto Motta" CODIGO-CURSO="90000000" NOME-DO-CURSO="LETRAS" FLAG-BOLSA="NAO" CODIGO-AGENCIA-FINANCIADORA="" NOME-DA-AGENCIA="" TIPO-DE-ORIENTACAO-CONCLUIDA="CO_ORIENTADOR" NUMERO-DE-PAGINAS="" NUMERO-ID-ORIENTADO="" NOME-DO-CURSO-INGLES=""/></OUTRAS-ORIENTACOES-CONCLUIDAS><OUTRAS-ORIENTACOES-CONCLUIDAS SEQUENCIA-PRODUCAO="10"><DADOS-BASICOS-DE-OUTRAS-ORIENTACOES-CONCLUIDAS NATUREZA="TRABALHO_DE_CONCLUSAO_DE_CURSO_GRADUACAO" TIPO="" TITULO="Fernando PEssoa e Alberto Caeiro: uma ludicidade literária" ANO="2007" PAIS="Brasil" IDIOMA="Português" HOME-PAGE="" FLAG-RELEVANCIA="NAO" DOI="" TITULO-INGLES="" TIPO-INGLES=""/><DETALHAMENTO-DE-OUTRAS-ORIENTACOES-CONCLUIDAS NOME-DO-ORIENTADO="Érika Vieira Pires" CODIGO-INSTITUICAO="201900000008" NOME-DA-INSTITUICAO="Centro Universitário Augusto Motta" CODIGO-CURSO="90000000" NOME-DO-CURSO="LETRAS" FLAG-BOLSA="NAO" CODIGO-AGENCIA-FINANCIADORA="" NOME-DA-AGENCIA="" TIPO-DE-ORIENTACAO-CONCLUIDA="CO_ORIENTADOR" NUMERO-DE-PAGINAS="" NUMERO-ID-ORIENTADO="" NOME-DO-CURSO-INGLES=""/></OUTRAS-ORIENTACOES-CONCLUIDAS><OUTRAS-ORIENTACOES-CONCLUIDAS SEQUENCIA-PRODUCAO="11"><DADOS-BASICOS-DE-OUTRAS-ORIENTACOES-CONCLUIDAS NATUREZA="TRABALHO_DE_CONCLUSAO_DE_CURSO_GRADUACAO" TIPO="" TITULO="As personagens de Martins Pena e de Arthur Azevedo como retrato dos costumes da segunda metade so século XIX" ANO="2007" PAIS="Brasil" IDIOMA="Português" HOME-PAGE="" FLAG-RELEVANCIA="NAO" DOI="" TITULO-INGLES="" TIPO-INGLES=""/><DETALHAMENTO-DE-OUTRAS-ORIENTACOES-CONCLUIDAS NOME-DO-ORIENTADO="Bruno Santoro da silva" CODIGO-INSTITUICAO="201900000008" NOME-DA-INSTITUICAO="Centro Universitário Augusto Motta" CODIGO-CURSO="90000000" NOME-DO-CURSO="LETRAS" FLAG-BOLSA="NAO" CODIGO-AGENCIA-FINANCIADORA="" NOME-DA-AGENCIA="" TIPO-DE-ORIENTACAO-CONCLUIDA="CO_ORIENTADOR" NUMERO-DE-PAGINAS="" NUMERO-ID-ORIENTADO="" NOME-DO-CURSO-INGLES=""/></OUTRAS-ORIENTACOES-CONCLUIDAS><OUTRAS-ORIENTACOES-CONCLUIDAS SEQUENCIA-PRODUCAO="12"><DADOS-BASICOS-DE-OUTRAS-ORIENTACOES-CONCLUIDAS NATUREZA="TRABALHO_DE_CONCLUSAO_DE_CURSO_GRADUACAO" TIPO="" TITULO="Lygia Bojunga Nunes: a literatura infanto-juvenil contemporânea" ANO="2007" PAIS="Brasil" IDIOMA="Português" HOME-PAGE="" FLAG-RELEVANCIA="NAO" DOI="" TITULO-INGLES="" TIPO-INGLES=""/><DETALHAMENTO-DE-OUTRAS-ORIENTACOES-CONCLUIDAS NOME-DO-ORIENTADO="Ielba Magalhães Moreira" CODIGO-INSTITUICAO="201900000008" NOME-DA-INSTITUICAO="Centro Universitário Augusto Motta" CODIGO-CURSO="90000000" NOME-DO-CURSO="LETRAS" FLAG-BOLSA="NAO" CODIGO-AGENCIA-FINANCIADORA="" NOME-DA-AGENCIA="" TIPO-DE-ORIENTACAO-CONCLUIDA="CO_ORIENTADOR" NUMERO-DE-PAGINAS="" NUMERO-ID-ORIENTADO="" NOME-DO-CURSO-INGLES=""/></OUTRAS-ORIENTACOES-CONCLUIDAS><OUTRAS-ORIENTACOES-CONCLUIDAS SEQUENCIA-PRODUCAO="13"><DADOS-BASICOS-DE-OUTRAS-ORIENTACOES-CONCLUIDAS NATUREZA="TRABALHO_DE_CONCLUSAO_DE_CURSO_GRADUACAO" TIPO="" TITULO="A polissemia presente na trilha sonora da peça Calabar de Chico Buarque de Holanda e Ruy Guerra" ANO="2007" PAIS="Brasil" IDIOMA="Português" HOME-PAGE="" FLAG-RELEVANCIA="NAO" DOI="" TITULO-INGLES="" TIPO-INGLES=""/><DETALHAMENTO-DE-OUTRAS-ORIENTACOES-CONCLUIDAS NOME-DO-ORIENTADO="Luiz Antônio Gonçalves de Carvalho" CODIGO-INSTITUICAO="201900000008" NOME-DA-INSTITUICAO="Centro Universitário Augusto Motta" CODIGO-CURSO="90000000" NOME-DO-CURSO="LETRAS" FLAG-BOLSA="NAO" CODIGO-AGENCIA-FINANCIADORA="" NOME-DA-AGENCIA="" TIPO-DE-ORIENTACAO-CONCLUIDA="CO_ORIENTADOR" NUMERO-DE-PAGINAS="" NUMERO-ID-ORIENTADO="" NOME-DO-CURSO-INGLES=""/></OUTRAS-ORIENTACOES-CONCLUIDAS><OUTRAS-ORIENTACOES-CONCLUIDAS SEQUENCIA-PRODUCAO="14"><DADOS-BASICOS-DE-OUTRAS-ORIENTACOES-CONCLUIDAS NATUREZA="TRABALHO_DE_CONCLUSAO_DE_CURSO_GRADUACAO" TIPO="" TITULO="&amp;quot;O conto da Ilha Desconhecida&amp;quot;: entre o sonho e a realidade" ANO="2007" PAIS="Brasil" IDIOMA="Português" HOME-PAGE="" FLAG-RELEVANCIA="NAO" DOI="" TITULO-INGLES="" TIPO-INGLES=""/><DETALHAMENTO-DE-OUTRAS-ORIENTACOES-CONCLUIDAS NOME-DO-ORIENTADO="Maria do Socorro Pinho da Silva" CODIGO-INSTITUICAO="201900000008" NOME-DA-INSTITUICAO="Centro Universitário Augusto Motta" CODIGO-CURSO="90000000" NOME-DO-CURSO="LETRAS" FLAG-BOLSA="NAO" CODIGO-AGENCIA-FINANCIADORA="" NOME-DA-AGENCIA="" TIPO-DE-ORIENTACAO-CONCLUIDA="CO_ORIENTADOR" NUMERO-DE-PAGINAS="" NUMERO-ID-ORIENTADO="" NOME-DO-CURSO-INGLES=""/></OUTRAS-ORIENTACOES-CONCLUIDAS><OUTRAS-ORIENTACOES-CONCLUIDAS SEQUENCIA-PRODUCAO="15"><DADOS-BASICOS-DE-OUTRAS-ORIENTACOES-CONCLUIDAS NATUREZA="TRABALHO_DE_CONCLUSAO_DE_CURSO_GRADUACAO" TIPO="" TITULO="OS recursos na obra de Monteiro Lobato: o aprendizado da Língua Portuguesa" ANO="2007" PAIS="Brasil" IDIOMA="Português" HOME-PAGE="" FLAG-RELEVANCIA="NAO" DOI="" TITULO-INGLES="" TIPO-INGLES=""/><DETALHAMENTO-DE-OUTRAS-ORIENTACOES-CONCLUIDAS NOME-DO-ORIENTADO="Patrícia Maia de Freitas" CODIGO-INSTITUICAO="201900000008" NOME-DA-INSTITUICAO="Centro Universitário Augusto Motta" CODIGO-CURSO="90000000" NOME-DO-CURSO="LETRAS" FLAG-BOLSA="NAO" CODIGO-AGENCIA-FINANCIADORA="" NOME-DA-AGENCIA="" TIPO-DE-ORIENTACAO-CONCLUIDA="CO_ORIENTADOR" NUMERO-DE-PAGINAS="" NUMERO-ID-ORIENTADO="" NOME-DO-CURSO-INGLES=""/></OUTRAS-ORIENTACOES-CONCLUIDAS><OUTRAS-ORIENTACOES-CONCLUIDAS SEQUENCIA-PRODUCAO="16"><DADOS-BASICOS-DE-OUTRAS-ORIENTACOES-CONCLUIDAS NATUREZA="TRABALHO_DE_CONCLUSAO_DE_CURSO_GRADUACAO" TIPO="" TITULO="A releitura de Medéia em Gota d´água" ANO="2007" PAIS="Brasil" IDIOMA="Português" HOME-PAGE="" FLAG-RELEVANCIA="NAO" DOI="" TITULO-INGLES="" TIPO-INGLES=""/><DETALHAMENTO-DE-OUTRAS-ORIENTACOES-CONCLUIDAS NOME-DO-ORIENTADO="Katharine Simas Brito" CODIGO-INSTITUICAO="201900000008" NOME-DA-INSTITUICAO="Centro Universitário Augusto Motta" CODIGO-CURSO="90000000" NOME-DO-CURSO="LETRAS" FLAG-BOLSA="NAO" CODIGO-AGENCIA-FINANCIADORA="" NOME-DA-AGENCIA="" TIPO-DE-ORIENTACAO-CONCLUIDA="CO_ORIENTADOR" NUMERO-DE-PAGINAS="" NUMERO-ID-ORIENTADO="" NOME-DO-CURSO-INGLES=""/></OUTRAS-ORIENTACOES-CONCLUIDAS><OUTRAS-ORIENTACOES-CONCLUIDAS SEQUENCIA-PRODUCAO="17"><DADOS-BASICOS-DE-OUTRAS-ORIENTACOES-CONCLUIDAS NATUREZA="TRABALHO_DE_CONCLUSAO_DE_CURSO_GRADUACAO" TIPO="" TITULO="&amp;quot;O Primo Basílio&amp;quot;:uma crítica social." ANO="2007" PAIS="Brasil" IDIOMA="Português" HOME-PAGE="" FLAG-RELEVANCIA="NAO" DOI="" TITULO-INGLES="" TIPO-INGLES=""/><DETALHAMENTO-DE-OUTRAS-ORIENTACOES-CONCLUIDAS NOME-DO-ORIENTADO="Wilza Carla da PEnha dos Santos" CODIGO-INSTITUICAO="201900000008" NOME-DA-INSTITUICAO="Centro Universitário Augusto Motta" CODIGO-CURSO="90000000" NOME-DO-CURSO="LETRAS" FLAG-BOLSA="NAO" CODIGO-AGENCIA-FINANCIADORA="" NOME-DA-AGENCIA="" TIPO-DE-ORIENTACAO-CONCLUIDA="CO_ORIENTADOR" NUMERO-DE-PAGINAS="" NUMERO-ID-ORIENTADO="" NOME-DO-CURSO-INGLES=""/></OUTRAS-ORIENTACOES-CONCLUIDAS></ORIENTACOES-CONCLUIDAS></OUTRA-PRODUCAO><DADOS-COMPLEMENTARES><PARTICIPACAO-EM-BANCA-TRABALHOS-CONCLUSAO><PARTICIPACAO-EM-BANCA-DE-MESTRADO SEQUENCIA-PRODUCAO="59"><DADOS-BASICOS-DA-PARTICIPACAO-EM-BANCA-DE-MESTRADO NATUREZA="Mestrado" TIPO="NAO_INFORMADO" TITULO="PROGRAMA JOVEM APRENDIZ COMO INCLUSÃO SOCIAL: INSERÇÃO NO MERCADO DE TRABALHO POR MEIO DA APRENDIZAGEM" ANO="2016" PAIS="Brasil" IDIOMA="Português" HOME-PAGE="" DOI="" TITULO-INGLES=""/><DETALHAMENTO-DA-PARTICIPACAO-EM-BANCA-DE-MESTRADO NOME-DO-CANDIDATO="Waldir Irineu da Silva Júnior" CODIGO-INSTITUICAO="201900000008" NOME-INSTITUICAO="Centro Universitário Augusto Motta" CODIGO-ORGAO="" NOME-ORGAO="" CODIGO-CURSO="90000014" NOME-CURSO="MESTRADO EM DESENVOLVIMENTO lOCAL" NOME-CURSO-INGLES=""/><PARTICIPANTE-BANCA NOME-COMPLETO-DO-PARTICIPANTE-DA-BANCA="Waldir Irineu da silva Júnior" NOME-PARA-CITACAO-DO-PARTICIPANTE-DA-BANCA="SILVA JUNIOR, W. I." ORDEM-PARTICIPANTE="2" NRO-ID-CNPQ=""/><PARTICIPANTE-BANCA NOME-COMPLETO-DO-PARTICIPANTE-DA-BANCA="Maria Geralda de Miranda" NOME-PARA-CITACAO-DO-PARTICIPANTE-DA-BANCA="MIRANDA, M. G." ORDEM-PARTICIPANTE="3" NRO-ID-CNPQ=""/><PARTICIPANTE-BANCA NOME-COMPLETO-DO-PARTICIPANTE-DA-BANCA="Alexsandra Machado da Silva dos Santos" NOME-PARA-CITACAO-DO-PARTICIPANTE-DA-BANCA="SANTOS, A. M. S." ORDEM-PARTICIPANTE="1" NRO-ID-CNPQ="4738502312211227"/><PALAVRAS-CHAVE PALAVRA-CHAVE-1="Gestão" PALAVRA-CHAVE-2="Recursos" PALAVRA-CHAVE-3="Administração" PALAVRA-CHAVE-4="" PALAVRA-CHAVE-5="" PALAVRA-CHAVE-6=""/><AREAS-DO-CONHECIMENTO><AREA-DO-CONHECIMENTO-1 NOME-GRANDE-AREA-DO-CONHECIMENTO="CIENCIAS_SOCIAIS_APLICADAS" NOME-DA-AREA-DO-CONHECIMENTO="" NOME-DA-SUB-AREA-DO-CONHECIMENTO="" NOME-DA-ESPECIALIDADE=""/></AREAS-DO-CONHECIMENTO></PARTICIPACAO-EM-BANCA-DE-MESTRADO><PARTICIPACAO-EM-BANCA-DE-EXAME-QUALIFICACAO SEQUENCIA-PRODUCAO="58"><DADOS-BASICOS-DA-PARTICIPACAO-EM-BANCA-DE-EXAME-QUALIFICACAO NATUREZA="Exame de qualificação de mestrado" TITULO="PROGRAMA JOVEM APRENDIZ COMO INCLUSÃO SOCIAL: INSERÇÃO NO MERCADO DE TRABALHO" ANO="2015" PAIS="Brasil" IDIOMA="Português" HOME-PAGE="" DOI="" TITULO-INGLES=""/><DETALHAMENTO-DA-PARTICIPACAO-EM-BANCA-DE-EXAME-QUALIFICACAO NOME-DO-CANDIDATO="Waldir Irineu da silva Júnior" CODIGO-INSTITUICAO="201900000008" NOME-INSTITUICAO="Centro Universitário Augusto Motta" CODIGO-ORGAO="" NOME-ORGAO="" CODIGO-CURSO="90000014" NOME-CURSO="MESTRADO EM DESENVOLVIMENTO lOCAL" NOME-CURSO-INGLES=""/><PARTICIPANTE-BANCA NOME-COMPLETO-DO-PARTICIPANTE-DA-BANCA="Waldir Irineu da silva Júnior" NOME-PARA-CITACAO-DO-PARTICIPANTE-DA-BANCA="SILVA JUNIOR, W. I." ORDEM-PARTICIPANTE="2" NRO-ID-CNPQ=""/><PARTICIPANTE-BANCA NOME-COMPLETO-DO-PARTICIPANTE-DA-BANCA="Maria Geralda de Miranda" NOME-PARA-CITACAO-DO-PARTICIPANTE-DA-BANCA="MIRANDA, M. G." ORDEM-PARTICIPANTE="3" NRO-ID-CNPQ=""/><PARTICIPANTE-BANCA NOME-COMPLETO-DO-PARTICIPANTE-DA-BANCA="Alexsandra Machado da Silva dos Santos" NOME-PARA-CITACAO-DO-PARTICIPANTE-DA-BANCA="SANTOS, A. M. S." ORDEM-PARTICIPANTE="1" NRO-ID-CNPQ="4738502312211227"/><PALAVRAS-CHAVE PALAVRA-CHAVE-1="Gestão" PALAVRA-CHAVE-2="Recursos" PALAVRA-CHAVE-3="Administração" PALAVRA-CHAVE-4="" PALAVRA-CHAVE-5="" PALAVRA-CHAVE-6=""/><AREAS-DO-CONHECIMENTO><AREA-DO-CONHECIMENTO-1 NOME-GRANDE-AREA-DO-CONHECIMENTO="CIENCIAS_SOCIAIS_APLICADAS" NOME-DA-AREA-DO-CONHECIMENTO="" NOME-DA-SUB-AREA-DO-CONHECIMENTO="Administração de Empresas" NOME-DA-ESPECIALIDADE=""/></AREAS-DO-CONHECIMENTO></PARTICIPACAO-EM-BANCA-DE-EXAME-QUALIFICACAO></PARTICIPACAO-EM-BANCA-TRABALHOS-CONCLUSAO><INFORMACOES-ADICIONAIS-INSTITUICOES><INFORMACAO-ADICIONAL-INSTITUICAO CODIGO-INSTITUICAO="000100000991" SIGLA-INSTITUICAO="PUCRJ" SIGLA-UF-INSTITUICAO="RJ" SIGLA-PAIS-INSTITUICAO="BRA" NOME-PAIS-INSTITUICAO="Brasil" FLAG-AGENCIA-FOMENTO="NAO" FLAG-INSTITUICAO-DE-ENSINO="NAO"/><INFORMACAO-ADICIONAL-INSTITUICAO CODIGO-INSTITUICAO="000200000993" SIGLA-INSTITUICAO="" SIGLA-UF-INSTITUICAO="" SIGLA-PAIS-INSTITUICAO="" NOME-PAIS-INSTITUICAO="" FLAG-AGENCIA-FOMENTO="NAO" FLAG-INSTITUICAO-DE-ENSINO="NAO"/><INFORMACAO-ADICIONAL-INSTITUICAO CODIGO-INSTITUICAO="000300000995" SIGLA-INSTITUICAO="SMI" SIGLA-UF-INSTITUICAO="RJ" SIGLA-PAIS-INSTITUICAO="BRA" NOME-PAIS-INSTITUICAO="Brasil" FLAG-AGENCIA-FOMENTO="NAO" FLAG-INSTITUICAO-DE-ENSINO="NAO"/><INFORMACAO-ADICIONAL-INSTITUICAO CODIGO-INSTITUICAO="011100000008" SIGLA-INSTITUICAO="PUC-Rio" SIGLA-UF-INSTITUICAO="RJ" SIGLA-PAIS-INSTITUICAO="BRA" NOME-PAIS-INSTITUICAO="Brasil" FLAG-AGENCIA-FOMENTO="NAO" FLAG-INSTITUICAO-DE-ENSINO="SIM"/><INFORMACAO-ADICIONAL-INSTITUICAO CODIGO-INSTITUICAO="020200000009" SIGLA-INSTITUICAO="UFRJ" SIGLA-UF-INSTITUICAO="RJ" SIGLA-PAIS-INSTITUICAO="BRA" NOME-PAIS-INSTITUICAO="Brasil" FLAG-AGENCIA-FOMENTO="NAO" FLAG-INSTITUICAO-DE-ENSINO="SIM"/><INFORMACAO-ADICIONAL-INSTITUICAO CODIGO-INSTITUICAO="032600000000" SIGLA-INSTITUICAO="UERJ" SIGLA-UF-INSTITUICAO="RJ" SIGLA-PAIS-INSTITUICAO="BRA" NOME-PAIS-INSTITUICAO="Brasil" FLAG-AGENCIA-FOMENTO="NAO" FLAG-INSTITUICAO-DE-ENSINO="SIM"/><INFORMACAO-ADICIONAL-INSTITUICAO CODIGO-INSTITUICAO="080400000006" SIGLA-INSTITUICAO="UFJF" SIGLA-UF-INSTITUICAO="MG" SIGLA-PAIS-INSTITUICAO="BRA" NOME-PAIS-INSTITUICAO="Brasil" FLAG-AGENCIA-FOMENTO="NAO" FLAG-INSTITUICAO-DE-ENSINO="SIM"/><INFORMACAO-ADICIONAL-INSTITUICAO CODIGO-INSTITUICAO="201900000008" SIGLA-INSTITUICAO="UNISUAM" SIGLA-UF-INSTITUICAO="RJ" SIGLA-PAIS-INSTITUICAO="BRA" NOME-PAIS-INSTITUICAO="Brasil" FLAG-AGENCIA-FOMENTO="NAO" FLAG-INSTITUICAO-DE-ENSINO="SIM"/><INFORMACAO-ADICIONAL-INSTITUICAO CODIGO-INSTITUICAO="201901000990" SIGLA-INSTITUICAO="" SIGLA-UF-INSTITUICAO="RJ" SIGLA-PAIS-INSTITUICAO="BRA" NOME-PAIS-INSTITUICAO="Brasil" FLAG-AGENCIA-FOMENTO="NAO" FLAG-INSTITUICAO-DE-ENSINO="NAO"/><INFORMACAO-ADICIONAL-INSTITUICAO CODIGO-INSTITUICAO="201902000994" SIGLA-INSTITUICAO="" SIGLA-UF-INSTITUICAO="RJ" SIGLA-PAIS-INSTITUICAO="BRA" NOME-PAIS-INSTITUICAO="Brasil" FLAG-AGENCIA-FOMENTO="NAO" FLAG-INSTITUICAO-DE-ENSINO="NAO"/><INFORMACAO-ADICIONAL-INSTITUICAO CODIGO-INSTITUICAO="201903000998" SIGLA-INSTITUICAO="" SIGLA-UF-INSTITUICAO="RJ" SIGLA-PAIS-INSTITUICAO="BRA" NOME-PAIS-INSTITUICAO="Brasil" FLAG-AGENCIA-FOMENTO="NAO" FLAG-INSTITUICAO-DE-ENSINO="NAO"/><INFORMACAO-ADICIONAL-INSTITUICAO CODIGO-INSTITUICAO="201904000991" SIGLA-INSTITUICAO="" SIGLA-UF-INSTITUICAO="RJ" SIGLA-PAIS-INSTITUICAO="BRA" NOME-PAIS-INSTITUICAO="Brasil" FLAG-AGENCIA-FOMENTO="NAO" FLAG-INSTITUICAO-DE-ENSINO="NAO"/><INFORMACAO-ADICIONAL-INSTITUICAO CODIGO-INSTITUICAO="201905000995" SIGLA-INSTITUICAO="" SIGLA-UF-INSTITUICAO="RJ" SIGLA-PAIS-INSTITUICAO="BRA" NOME-PAIS-INSTITUICAO="Brasil" FLAG-AGENCIA-FOMENTO="NAO" FLAG-INSTITUICAO-DE-ENSINO="NAO"/><INFORMACAO-ADICIONAL-INSTITUICAO CODIGO-INSTITUICAO="985600156601" SIGLA-INSTITUICAO="SEE/RJ" SIGLA-UF-INSTITUICAO="RJ" SIGLA-PAIS-INSTITUICAO="BRA" NOME-PAIS-INSTITUICAO="Brasil" FLAG-AGENCIA-FOMENTO="NAO" FLAG-INSTITUICAO-DE-ENSINO="NAO"/></INFORMACOES-ADICIONAIS-INSTITUICOES><INFORMACOES-ADICIONAIS-CURSOS><INFORMACAO-ADICIONAL-CURSO CODIGO-CURSO="31040225" CODIGO-ORGAO="" NOME-ORGAO="" CODIGO-INSTITUICAO="011100000008" NOME-INSTITUICAO="Pontifícia Universidade Católica do Rio de Janeiro" NOME-GRANDE-AREA-DO-CONHECIMENTO="LINGUISTICA_LETRAS_E_ARTES" NOME-DA-AREA-DO-CONHECIMENTO="Letras" NOME-DA-SUB-AREA-DO-CONHECIMENTO="" NOME-DA-ESPECIALIDADE="" NIVEL-CURSO="MESTRADO_DOUTORADO"/><INFORMACAO-ADICIONAL-CURSO CODIGO-CURSO="31040225" CODIGO-ORGAO="" NOME-ORGAO="" CODIGO-INSTITUICAO="011100000008" NOME-INSTITUICAO="Pontifícia Universidade Católica do Rio de Janeiro" NOME-GRANDE-AREA-DO-CONHECIMENTO="LINGUISTICA_LETRAS_E_ARTES" NOME-DA-AREA-DO-CONHECIMENTO="Letras" NOME-DA-SUB-AREA-DO-CONHECIMENTO="" NOME-DA-ESPECIALIDADE="" NIVEL-CURSO="MESTRADO_DOUTORADO"/><INFORMACAO-ADICIONAL-CURSO CODIGO-CURSO="90000000" CODIGO-ORGAO="" NOME-ORGAO="" CODIGO-INSTITUICAO="201900000008" NOME-INSTITUICAO="Centro Universitário Augusto Motta" NOME-GRANDE-AREA-DO-CONHECIMENTO="LINGUISTICA_LETRAS_E_ARTES" NOME-DA-AREA-DO-CONHECIMENTO="Letras" NOME-DA-SUB-AREA-DO-CONHECIMENTO="" NOME-DA-ESPECIALIDADE="" NIVEL-CURSO="GRADUACAO"/><INFORMACAO-ADICIONAL-CURSO CODIGO-CURSO="90000001" CODIGO-ORGAO="" NOME-ORGAO="" CODIGO-INSTITUICAO="032600000000" NOME-INSTITUICAO="Universidade do Estado do Rio de Janeiro" NOME-GRANDE-AREA-DO-CONHECIMENTO="LINGUISTICA_LETRAS_E_ARTES" NOME-DA-AREA-DO-CONHECIMENTO="Letras" NOME-DA-SUB-AREA-DO-CONHECIMENTO="" NOME-DA-ESPECIALIDADE="" NIVEL-CURSO="APERFEICOAMENTO"/><INFORMACAO-ADICIONAL-CURSO CODIGO-CURSO="90000002" CODIGO-ORGAO="" NOME-ORGAO="" CODIGO-INSTITUICAO="020200000009" NOME-INSTITUICAO="Universidade Federal do Rio de Janeiro" NOME-GRANDE-AREA-DO-CONHECIMENTO="LINGUISTICA_LETRAS_E_ARTES" NOME-DA-AREA-DO-CONHECIMENTO="Letras" NOME-DA-SUB-AREA-DO-CONHECIMENTO="Literatura Comparada" NOME-DA-ESPECIALIDADE="" NIVEL-CURSO="APERFEICOAMENTO"/><INFORMACAO-ADICIONAL-CURSO CODIGO-CURSO="90000003" CODIGO-ORGAO="" NOME-ORGAO="" CODIGO-INSTITUICAO="080400000006" NOME-INSTITUICAO="Universidade Federal de Juiz de Fora" NOME-GRANDE-AREA-DO-CONHECIMENTO="CIENCIAS_HUMANAS" NOME-DA-AREA-DO-CONHECIMENTO="Educação" NOME-DA-SUB-AREA-DO-CONHECIMENTO="" NOME-DA-ESPECIALIDADE="" NIVEL-CURSO="APERFEICOAMENTO"/><INFORMACAO-ADICIONAL-CURSO CODIGO-CURSO="90000004" CODIGO-ORGAO="" NOME-ORGAO="" CODIGO-INSTITUICAO="080400000006" NOME-INSTITUICAO="Universidade Federal de Juiz de Fora" NOME-GRANDE-AREA-DO-CONHECIMENTO="CIENCIAS_HUMANAS" NOME-DA-AREA-DO-CONHECIMENTO="Educação" NOME-DA-SUB-AREA-DO-CONHECIMENTO="" NOME-DA-ESPECIALIDADE="" NIVEL-CURSO="APERFEICOAMENTO"/><INFORMACAO-ADICIONAL-CURSO CODIGO-CURSO="90000005" CODIGO-ORGAO="" NOME-ORGAO="" CODIGO-INSTITUICAO="032600000000" NOME-INSTITUICAO="Universidade do Estado do Rio de Janeiro" NOME-GRANDE-AREA-DO-CONHECIMENTO="CIENCIAS_HUMANAS" NOME-DA-AREA-DO-CONHECIMENTO="Educação" NOME-DA-SUB-AREA-DO-CONHECIMENTO="" NOME-DA-ESPECIALIDADE="" NIVEL-CURSO="OT"/><INFORMACAO-ADICIONAL-CURSO CODIGO-CURSO="90000006" CODIGO-ORGAO="" NOME-ORGAO="" CODIGO-INSTITUICAO="201900000008" NOME-INSTITUICAO="Centro Universitário Augusto Motta" NOME-GRANDE-AREA-DO-CONHECIMENTO="LINGUISTICA_LETRAS_E_ARTES" NOME-DA-AREA-DO-CONHECIMENTO="Letras" NOME-DA-SUB-AREA-DO-CONHECIMENTO="" NOME-DA-ESPECIALIDADE="" NIVEL-CURSO="MESTRADO_DOUTORADO"/><INFORMACAO-ADICIONAL-CURSO CODIGO-CURSO="90000007" CODIGO-ORGAO="" NOME-ORGAO="" CODIGO-INSTITUICAO="201900000008" NOME-INSTITUICAO="Centro Universitário Augusto Motta" NOME-GRANDE-AREA-DO-CONHECIMENTO="CIENCIAS_DA_SAUDE" NOME-DA-AREA-DO-CONHECIMENTO="Enfermagem" NOME-DA-SUB-AREA-DO-CONHECIMENTO="" NOME-DA-ESPECIALIDADE="" NIVEL-CURSO="GRADUACAO"/><INFORMACAO-ADICIONAL-CURSO CODIGO-CURSO="90000008" CODIGO-ORGAO="" NOME-ORGAO="" CODIGO-INSTITUICAO="201900000008" NOME-INSTITUICAO="Centro Universitário Augusto Motta" NOME-GRANDE-AREA-DO-CONHECIMENTO="CIENCIAS_SOCIAIS_APLICADAS" NOME-DA-AREA-DO-CONHECIMENTO="Serviço Social" NOME-DA-SUB-AREA-DO-CONHECIMENTO="" NOME-DA-ESPECIALIDADE="" NIVEL-CURSO="GRADUACAO"/><INFORMACAO-ADICIONAL-CURSO CODIGO-CURSO="90000009" CODIGO-ORGAO="" NOME-ORGAO="" CODIGO-INSTITUICAO="201900000008" NOME-INSTITUICAO="Centro Universitário Augusto Motta" NOME-GRANDE-AREA-DO-CONHECIMENTO="ENGENHARIAS" NOME-DA-AREA-DO-CONHECIMENTO="Engenharia de Produção" NOME-DA-SUB-AREA-DO-CONHECIMENTO="" NOME-DA-ESPECIALIDADE="" NIVEL-CURSO="GRADUACAO"/><INFORMACAO-ADICIONAL-CURSO CODIGO-CURSO="90000010" CODIGO-ORGAO="" NOME-ORGAO="" CODIGO-INSTITUICAO="201900000008" NOME-INSTITUICAO="Centro Universitário Augusto Motta" NOME-GRANDE-AREA-DO-CONHECIMENTO="ENGENHARIAS" NOME-DA-AREA-DO-CONHECIMENTO="Engenharia Civil" NOME-DA-SUB-AREA-DO-CONHECIMENTO="" NOME-DA-ESPECIALIDADE="" NIVEL-CURSO="GRADUACAO"/><INFORMACAO-ADICIONAL-CURSO CODIGO-CURSO="90000011" CODIGO-ORGAO="" NOME-ORGAO="" CODIGO-INSTITUICAO="201900000008" NOME-INSTITUICAO="Centro Universitário Augusto Motta" NOME-GRANDE-AREA-DO-CONHECIMENTO="CIENCIAS_HUMANAS" NOME-DA-AREA-DO-CONHECIMENTO="Educação" NOME-DA-SUB-AREA-DO-CONHECIMENTO="" NOME-DA-ESPECIALIDADE="" NIVEL-CURSO="APERFEICOAMENTO"/><INFORMACAO-ADICIONAL-CURSO CODIGO-CURSO="90000012" CODIGO-ORGAO="" NOME-ORGAO="" CODIGO-INSTITUICAO="201900000008" NOME-INSTITUICAO="Centro Universitário Augusto Motta" NOME-GRANDE-AREA-DO-CONHECIMENTO="CIENCIAS_HUMANAS" NOME-DA-AREA-DO-CONHECIMENTO="Educação" NOME-DA-SUB-AREA-DO-CONHECIMENTO="" NOME-DA-ESPECIALIDADE="" NIVEL-CURSO="APERFEICOAMENTO"/><INFORMACAO-ADICIONAL-CURSO CODIGO-CURSO="90000013" CODIGO-ORGAO="" NOME-ORGAO="" CODIGO-INSTITUICAO="201900000008" NOME-INSTITUICAO="Centro Universitário Augusto Motta" NOME-GRANDE-AREA-DO-CONHECIMENTO="LINGUISTICA_LETRAS_E_ARTES" NOME-DA-AREA-DO-CONHECIMENTO="Letras" NOME-DA-SUB-AREA-DO-CONHECIMENTO="" NOME-DA-ESPECIALIDADE="" NIVEL-CURSO="GRADUACAO"/><INFORMACAO-ADICIONAL-CURSO CODIGO-CURSO="90000014" CODIGO-ORGAO="" NOME-ORGAO="" CODIGO-INSTITUICAO="201900000008" NOME-INSTITUICAO="Centro Universitário Augusto Motta" NOME-GRANDE-AREA-DO-CONHECIMENTO="CIENCIAS_SOCIAIS_APLICADAS" NOME-DA-AREA-DO-CONHECIMENTO="Administração" NOME-DA-SUB-AREA-DO-CONHECIMENTO="GESTÃO DE RECURSOS HUMANOS" NOME-DA-ESPECIALIDADE="" NIVEL-CURSO="MESTRADO"/></INFORMACOES-ADICIONAIS-CURSOS></DADOS-COMPLEMENTARES><eventos/></CURRICULO-VITAE>