<CURRICULO-VITAE SISTEMA-ORIGEM-XML="LATTES_OFFLINE" NUMERO-IDENTIFICADOR="6857311706771272" FORMATO-DATA-ATUALIZACAO="DDMMAAAA" DATA-ATUALIZACAO="27122016" FORMATO-HORA-ATUALIZACAO="HHMMSS" HORA-ATUALIZACAO="155537"><DADOS-GERAIS NOME-COMPLETO="Gladson Silva Fontes" NOME-EM-CITACOES-BIBLIOGRAFICAS="FONTES, G. S.;FONTES, G.S." NACIONALIDADE="B" PAIS-DE-NASCIMENTO="Brasil" FORMATO-DATA-DE-NASCIMENTO="DDMMAAAA" FORMATO-DATA-DE-EMISSAO="DDMMAAAA" PERMISSAO-DE-DIVULGACAO="NAO" DATA-FALECIMENTO="" SIGLA-PAIS-NACIONALIDADE="BRA" PAIS-DE-NACIONALIDADE="Brasil"><RESUMO-CV TEXTO-RESUMO-CV-RH="Possui Doutorado em Engenharia Nuclear pela COPPE/Universidade Federal do Rio de Janeiro (2014), Mestrado em engenharia Nuclear pelo Instituto Militar de Engenharia (2008), Graduação em Engenharia Elétrica pelo Instituto Militar de engenharia (2002). É oficial intermediário do Exército Brasileiro. Ocupa a função de Professor Titular e Coordenador de Pesquisa de Pós-Graduação em Engenharia Nuclear do Instituto Militar de Engenharia. Tem experiência na área de Engenharia Elétrica em instalações elétricas de baixa e média tensão." TEXTO-RESUMO-CV-RH-EN="bachelor's at Engenharia Elétrica from Instituto Militar de Engenharia (2002) and master's at Nuclear Engineering from Instituto Militar de Engenharia (2008)."/><ENDERECO FLAG-DE-PREFERENCIA="ENDERECO_RESIDENCIAL"><ENDERECO-PROFISSIONAL CODIGO-INSTITUICAO-EMPRESA="869900000005" NOME-INSTITUICAO-EMPRESA="Instituto Militar de Engenharia" CODIGO-ORGAO="869906000007" NOME-ORGAO="Secao de Engenharia Nuclear" CODIGO-UNIDADE="" NOME-UNIDADE="" LOGRADOURO-COMPLEMENTO="Praça General Tiburcio" PAIS="Brasil" UF="RJ" CEP="22290270" CIDADE="Rio de Janeiro" BAIRRO="Urca" DDD="21" TELEFONE="25467072" RAMAL="6166" FAX="25467072" E-MAIL="gsfontes@hotmail.com" HOME-PAGE="http://www.ime.eb.br"/></ENDERECO><FORMACAO-ACADEMICA-TITULACAO><GRADUACAO SEQUENCIA-FORMACAO="1" NIVEL="1" TITULO-DO-TRABALHO-DE-CONCLUSAO-DE-CURSO="Automação de Pequenas Centrais Hidrelétricas" NOME-DO-ORIENTADOR="José Roberto Pires de Camargo" CODIGO-INSTITUICAO="869900000005" NOME-INSTITUICAO="Instituto Militar de Engenharia" CODIGO-ORGAO="" NOME-ORGAO="" CODIGO-CURSO="90000000" NOME-CURSO="Engenharia Elétrica" CODIGO-AREA-CURSO="90000000" STATUS-DO-CURSO="CONCLUIDO" ANO-DE-INICIO="1998" ANO-DE-CONCLUSAO="2002" FLAG-BOLSA="NAO" CODIGO-AGENCIA-FINANCIADORA="" NOME-AGENCIA="" NUMERO-ID-ORIENTADOR="" CODIGO-CURSO-CAPES="" TITULO-DO-TRABALHO-DE-CONCLUSAO-DE-CURSO-INGLES="" NOME-CURSO-INGLES="" FORMACAO-ACADEMICA-TITULACAO="" TIPO-GRADUACAO="N" CODIGO-INSTITUICAO-GRAD="" NOME-INSTITUICAO-GRAD="" CODIGO-INSTITUICAO-OUTRA-GRAD="" NOME-INSTITUICAO-OUTRA-GRAD="" NOME-ORIENTADOR-GRAD=""/><ESPECIALIZACAO SEQUENCIA-FORMACAO="2" NIVEL="2" TITULO-DA-MONOGRAFIA="Biodiesel: Perspectiva Histórica e Alternativa para Região Amazônica" NOME-DO-ORIENTADOR="Ademir Castro e Silva" CODIGO-INSTITUICAO="431100000008" NOME-INSTITUICAO="Universidade do Estado do Amazonas" CODIGO-ORGAO="" NOME-ORGAO="" CODIGO-CURSO="90000001" NOME-CURSO="Engenharia de Segurança do Trabalho" STATUS-DO-CURSO="CONCLUIDO" ANO-DE-INICIO="2004" ANO-DE-CONCLUSAO="2005" FLAG-BOLSA="NAO" CODIGO-AGENCIA-FINANCIADORA="" NOME-AGENCIA="" CARGA-HORARIA="645" TITULO-DA-MONOGRAFIA-INGLES="" NOME-CURSO-INGLES=""/><MESTRADO SEQUENCIA-FORMACAO="3" NIVEL="3" CODIGO-INSTITUICAO="869900000005" NOME-INSTITUICAO="Instituto Militar de Engenharia" CODIGO-ORGAO="" NOME-ORGAO="" CODIGO-CURSO="31060072" NOME-CURSO="Engenharia Nuclear" CODIGO-AREA-CURSO="30900000" STATUS-DO-CURSO="CONCLUIDO" ANO-DE-INICIO="2006" ANO-DE-CONCLUSAO="2008" FLAG-BOLSA="NAO" CODIGO-AGENCIA-FINANCIADORA="" NOME-AGENCIA="" ANO-DE-OBTENCAO-DO-TITULO="2008" TITULO-DA-DISSERTACAO-TESE="Análise de Parâmetros Selecionados de Geradores Termoelétricos a Radioisótopos (RTG)" NOME-COMPLETO-DO-ORIENTADOR="Cláudio Luiz de Oliveira" TIPO-MESTRADO="N" NUMERO-ID-ORIENTADOR="6159469224775854" CODIGO-CURSO-CAPES="31007015007P0" TITULO-DA-DISSERTACAO-TESE-INGLES="" NOME-CURSO-INGLES="Nuclear Engineering" NOME-DO-CO-ORIENTADOR="" CODIGO-INSTITUICAO-DOUT="" NOME-INSTITUICAO-DOUT="" CODIGO-INSTITUICAO-OUTRA-DOUT="" NOME-INSTITUICAO-OUTRA-DOUT="" NOME-ORIENTADOR-DOUT=""><PALAVRAS-CHAVE PALAVRA-CHAVE-1="Radioisotopos" PALAVRA-CHAVE-2="" PALAVRA-CHAVE-3="" PALAVRA-CHAVE-4="" PALAVRA-CHAVE-5="" PALAVRA-CHAVE-6=""/><AREAS-DO-CONHECIMENTO><AREA-DO-CONHECIMENTO-1 NOME-GRANDE-AREA-DO-CONHECIMENTO="ENGENHARIAS" NOME-DA-AREA-DO-CONHECIMENTO="" NOME-DA-SUB-AREA-DO-CONHECIMENTO="Tecnologia dos Reatores" NOME-DA-ESPECIALIDADE="Núcleo do Reator"/></AREAS-DO-CONHECIMENTO><conceitoCapes/></MESTRADO><DOUTORADO SEQUENCIA-FORMACAO="4" NIVEL="4" CODIGO-INSTITUICAO="020200000009" NOME-INSTITUICAO="Universidade Federal do Rio de Janeiro" CODIGO-ORGAO="" NOME-ORGAO="" CODIGO-CURSO="90000003" NOME-CURSO="Engenharia Nuclear - COPPE" CODIGO-AREA-CURSO="90000003" STATUS-DO-CURSO="CONCLUIDO" ANO-DE-INICIO="2012" ANO-DE-CONCLUSAO="2014" FLAG-BOLSA="NAO" CODIGO-AGENCIA-FINANCIADORA="" NOME-AGENCIA="" ANO-DE-OBTENCAO-DO-TITULO="2014" TITULO-DA-DISSERTACAO-TESE="UM MODELO BASEADO NA EQUAÇÃO DE ITÔ DA ANÁLISE DA CORROSÃO DE TUBULAÇÕES DE CENTRAIS NUCLEARES PARA A EXTENSÃO DA SUA VIDA ÚTIL QUALIFICADA" NOME-COMPLETO-DO-ORIENTADOR="Paulo Fernando Ferreira Frutuoso e Melo" TIPO-DOUTORADO="N" CODIGO-INSTITUICAO-DOUT="" NOME-INSTITUICAO-DOUT="" CODIGO-INSTITUICAO-OUTRA-DOUT="" NOME-INSTITUICAO-OUTRA-DOUT="" NOME-ORIENTADOR-DOUT="" NUMERO-ID-ORIENTADOR="1187896035778213" CODIGO-CURSO-CAPES="" TITULO-DA-DISSERTACAO-TESE-INGLES="" NOME-CURSO-INGLES="" NOME-DO-ORIENTADOR-CO-TUTELA="" CODIGO-INSTITUICAO-OUTRA-CO-TUTELA="" CODIGO-INSTITUICAO-CO-TUTELA="" NOME-DO-ORIENTADOR-SANDUICHE="" CODIGO-INSTITUICAO-OUTRA-SANDUICHE="" CODIGO-INSTITUICAO-SANDUICHE="" NOME-DO-CO-ORIENTADOR=""><conceitoCapes/></DOUTORADO></FORMACAO-ACADEMICA-TITULACAO><ATUACOES-PROFISSIONAIS><ATUACAO-PROFISSIONAL CODIGO-INSTITUICAO="000100000991" NOME-INSTITUICAO="Comissão Regional de Obras da 12 RM/Manaus" SEQUENCIA-ATIVIDADE="1" SEQUENCIA-IMPORTANCIA=""><VINCULOS SEQUENCIA-HISTORICO="1" TIPO-DE-VINCULO="LIVRE" ENQUADRAMENTO-FUNCIONAL="LIVRE" CARGA-HORARIA-SEMANAL="40" FLAG-DEDICACAO-EXCLUSIVA="SIM" MES-INICIO="01" ANO-INICIO="2003" MES-FIM="12" ANO-FIM="2005" OUTRAS-INFORMACOES="Nesta organização de engenharia do Exército Brasileiro, este profissional desenvolveu diversos projetos/obras na área de engenharia elétrica, dentre elas, pode-se citar: Construção da 2° Brigada de Infantaria de Selva de São Gabriel da Cachoeira/AM, Construção da Pequena Central Hidrelétrica (100 kVA) de Pari-Cachoeira/AM, Modernização da Pequena Central Hidrelétrica (60 kVA) de Maturacá, Construção da Linha de Transmissão de Pari-Cahoeira (1,5 km/13,8 kV)." FLAG-VINCULO-EMPREGATICIO="NAO" OUTRO-VINCULO-INFORMADO="" OUTRO-ENQUADRAMENTO-FUNCIONAL-INFORMADO="ENGENHEIRO ELETRICISTA" OUTRO-ENQUADRAMENTO-FUNCIONAL-INFORMADO-INGLES="" OUTRAS-INFORMACOES-INGLES=""/><atividadesProfissionaisPlanificadas/></ATUACAO-PROFISSIONAL><ATUACAO-PROFISSIONAL CODIGO-INSTITUICAO="000200000993" NOME-INSTITUICAO="Arsenal de Guerra do Rio" SEQUENCIA-ATIVIDADE="2" SEQUENCIA-IMPORTANCIA=""><VINCULOS SEQUENCIA-HISTORICO="1" TIPO-DE-VINCULO="SERVIDOR_PUBLICO" ENQUADRAMENTO-FUNCIONAL="LIVRE" CARGA-HORARIA-SEMANAL="40" FLAG-DEDICACAO-EXCLUSIVA="SIM" MES-INICIO="03" ANO-INICIO="2008" MES-FIM="03" ANO-FIM="2012" OUTRAS-INFORMACOES="Realizou projeto/obra de iluminação da Vila Militar São Lázaro (150 pontos), Automação da Raiadeira do Morteiro 120 mm (motor CA e inversor de Frequência), Modernização dos elevadores (social e serviço) do Pavilhão Administrativo do Arsenal de Guerra do Rio e Substituição de toda instalação hidráulica de abastecimento de água da Vila Militar São Lázaro (adutora e distribuição de água)." FLAG-VINCULO-EMPREGATICIO="NAO" OUTRO-VINCULO-INFORMADO="" OUTRO-ENQUADRAMENTO-FUNCIONAL-INFORMADO="ENGENHEIRO ELETRICISTA" OUTRO-ENQUADRAMENTO-FUNCIONAL-INFORMADO-INGLES="" OUTRAS-INFORMACOES-INGLES=""/><atividadesProfissionaisPlanificadas/></ATUACAO-PROFISSIONAL><ATUACAO-PROFISSIONAL CODIGO-INSTITUICAO="000300000995" NOME-INSTITUICAO="Ministério da Defesa / Comando do Exército" SEQUENCIA-ATIVIDADE="3" SEQUENCIA-IMPORTANCIA="3"><VINCULOS SEQUENCIA-HISTORICO="1" TIPO-DE-VINCULO="SERVIDOR_PUBLICO" ENQUADRAMENTO-FUNCIONAL="LIVRE" CARGA-HORARIA-SEMANAL="40" FLAG-DEDICACAO-EXCLUSIVA="SIM" MES-INICIO="" ANO-INICIO="1998" MES-FIM="" ANO-FIM="" OUTRAS-INFORMACOES="" FLAG-VINCULO-EMPREGATICIO="NAO" OUTRO-VINCULO-INFORMADO="" OUTRO-ENQUADRAMENTO-FUNCIONAL-INFORMADO="Engenheiro Militar" OUTRO-ENQUADRAMENTO-FUNCIONAL-INFORMADO-INGLES="" OUTRAS-INFORMACOES-INGLES=""/><atividadesProfissionaisPlanificadas/></ATUACAO-PROFISSIONAL><ATUACAO-PROFISSIONAL CODIGO-INSTITUICAO="869900000005" NOME-INSTITUICAO="Instituto Militar de Engenharia" SEQUENCIA-ATIVIDADE="4" SEQUENCIA-IMPORTANCIA="4"><VINCULOS SEQUENCIA-HISTORICO="1" TIPO-DE-VINCULO="SERVIDOR_PUBLICO" ENQUADRAMENTO-FUNCIONAL="LIVRE" CARGA-HORARIA-SEMANAL="40" FLAG-DEDICACAO-EXCLUSIVA="NAO" MES-INICIO="" ANO-INICIO="2012" MES-FIM="" ANO-FIM="" OUTRAS-INFORMACOES="" FLAG-VINCULO-EMPREGATICIO="NAO" OUTRO-VINCULO-INFORMADO="" OUTRO-ENQUADRAMENTO-FUNCIONAL-INFORMADO="Coordenador de Pesquisa" OUTRO-ENQUADRAMENTO-FUNCIONAL-INFORMADO-INGLES="" OUTRAS-INFORMACOES-INGLES=""/><atividadesProfissionaisPlanificadas/></ATUACAO-PROFISSIONAL><ATUACAO-PROFISSIONAL CODIGO-INSTITUICAO="201900000008" NOME-INSTITUICAO="Centro Universitário Augusto Motta" SEQUENCIA-ATIVIDADE="5" SEQUENCIA-IMPORTANCIA="5"><VINCULOS SEQUENCIA-HISTORICO="1" TIPO-DE-VINCULO="CELETISTA" ENQUADRAMENTO-FUNCIONAL="LIVRE" CARGA-HORARIA-SEMANAL="20" FLAG-DEDICACAO-EXCLUSIVA="NAO" MES-INICIO="02" ANO-INICIO="2016" MES-FIM="" ANO-FIM="" OUTRAS-INFORMACOES="Ensino, Orientação de Trabalhos de Conclusão de Curso. Nível Graduação.  Disciplinas Ministradas Corrente Alternada Máquinas e Acionamentos Elétricos Instalações Elétricas Industriais Projeto de Subestações Trabalho de Conclusão de Curso Sistemas de Potência" FLAG-VINCULO-EMPREGATICIO="NAO" OUTRO-VINCULO-INFORMADO="" OUTRO-ENQUADRAMENTO-FUNCIONAL-INFORMADO="Professor" OUTRO-ENQUADRAMENTO-FUNCIONAL-INFORMADO-INGLES="" OUTRAS-INFORMACOES-INGLES=""/><atividadesProfissionaisPlanificadas/></ATUACAO-PROFISSIONAL></ATUACOES-PROFISSIONAIS><IDIOMAS><IDIOMA IDIOMA="EN" DESCRICAO-DO-IDIOMA="Inglês" PROFICIENCIA-DE-LEITURA="BEM" PROFICIENCIA-DE-FALA="RAZOAVELMENTE" PROFICIENCIA-DE-ESCRITA="RAZOAVELMENTE" PROFICIENCIA-DE-COMPREENSAO="BEM"/><IDIOMA IDIOMA="ES" DESCRICAO-DO-IDIOMA="Espanhol" PROFICIENCIA-DE-LEITURA="BEM" PROFICIENCIA-DE-FALA="RAZOAVELMENTE" PROFICIENCIA-DE-ESCRITA="RAZOAVELMENTE" PROFICIENCIA-DE-COMPREENSAO="BEM"/></IDIOMAS><staValidado/><dataExibicao/><dadosBolsista/></DADOS-GERAIS><PRODUCAO-BIBLIOGRAFICA><ARTIGOS-PUBLICADOS><ARTIGO-PUBLICADO SEQUENCIA-PRODUCAO="2" ORDEM-IMPORTANCIA=""><DADOS-BASICOS-DO-ARTIGO NATUREZA="COMPLETO" TITULO-DO-ARTIGO="An Itô model of pit corrosion in pipelines for evaluating risk-informed decision making" ANO-DO-ARTIGO="2015" PAIS-DE-PUBLICACAO="" IDIOMA="Inglês" MEIO-DE-DIVULGACAO="MEIO_DIGITAL" HOME-PAGE-DO-TRABALHO="[doi:10.1016/j.nucengdes.2015.06.026]" FLAG-RELEVANCIA="SIM" DOI="10.1016/j.nucengdes.2015.06.026" TITULO-DO-ARTIGO-INGLES="An Itô model of pit corrosion in pipelines for evaluating risk-informed decision making" FLAG-DIVULGACAO-CIENTIFICA="NAO"/><DETALHAMENTO-DO-ARTIGO TITULO-DO-PERIODICO-OU-REVISTA="Nuclear Engineering and Design (Print)" ISSN="00295493" VOLUME="293" FASCICULO="" SERIE="" PAGINA-INICIAL="485" PAGINA-FINAL="491" LOCAL-DE-PUBLICACAO=""/><AUTORES NOME-COMPLETO-DO-AUTOR="Gladson Silva Fontes" NOME-PARA-CITACAO="FONTES, G.S." ORDEM-DE-AUTORIA="1" NRO-ID-CNPQ=""/><AUTORES NOME-COMPLETO-DO-AUTOR="MELO, P.F. FRUTUOSO E" NOME-PARA-CITACAO="MELO, P.F. FRUTUOSO E" ORDEM-DE-AUTORIA="2" NRO-ID-CNPQ="6857311706771272"/><AUTORES NOME-COMPLETO-DO-AUTOR="ALVES, A.S. DE MARTIN" NOME-PARA-CITACAO="ALVES, A.S. DE MARTIN" ORDEM-DE-AUTORIA="3" NRO-ID-CNPQ=""/></ARTIGO-PUBLICADO><ARTIGO-PUBLICADO SEQUENCIA-PRODUCAO="1" ORDEM-IMPORTANCIA=""><DADOS-BASICOS-DO-ARTIGO NATUREZA="COMPLETO" TITULO-DO-ARTIGO="Stochastic and deterministic models to evaluate the critical distance of a near surface repository for the disposal of intermediate and low level radioactive wastes" ANO-DO-ARTIGO="2015" PAIS-DE-PUBLICACAO="" IDIOMA="Inglês" MEIO-DE-DIVULGACAO="MEIO_DIGITAL" HOME-PAGE-DO-TRABALHO="[doi:10.1016/j.nucengdes.2015.01.020]" FLAG-RELEVANCIA="SIM" DOI="10.1016/j.nucengdes.2015.01.020" TITULO-DO-ARTIGO-INGLES="" FLAG-DIVULGACAO-CIENTIFICA="SIM"/><DETALHAMENTO-DO-ARTIGO TITULO-DO-PERIODICO-OU-REVISTA="Nuclear Engineering and Design (Print)" ISSN="00295493" VOLUME="287" FASCICULO="" SERIE="" PAGINA-INICIAL="57" PAGINA-FINAL="67" LOCAL-DE-PUBLICACAO=""/><AUTORES NOME-COMPLETO-DO-AUTOR="ALVES, A.S.M." NOME-PARA-CITACAO="ALVES, A.S.M." ORDEM-DE-AUTORIA="1" NRO-ID-CNPQ="6857311706771272"/><AUTORES NOME-COMPLETO-DO-AUTOR="MELO, P.F. FRUTUOSO E" NOME-PARA-CITACAO="MELO, P.F. FRUTUOSO E" ORDEM-DE-AUTORIA="2" NRO-ID-CNPQ="6857311706771272"/><AUTORES NOME-COMPLETO-DO-AUTOR="PASSOS, E.M." NOME-PARA-CITACAO="PASSOS, E.M." ORDEM-DE-AUTORIA="3" NRO-ID-CNPQ="6857311706771272"/><AUTORES NOME-COMPLETO-DO-AUTOR="Gladson Silva Fontes" NOME-PARA-CITACAO="FONTES, G.S." ORDEM-DE-AUTORIA="4" NRO-ID-CNPQ=""/></ARTIGO-PUBLICADO></ARTIGOS-PUBLICADOS></PRODUCAO-BIBLIOGRAFICA><OUTRA-PRODUCAO><ORIENTACOES-CONCLUIDAS><ORIENTACOES-CONCLUIDAS-PARA-MESTRADO SEQUENCIA-PRODUCAO="11"><DADOS-BASICOS-DE-ORIENTACOES-CONCLUIDAS-PARA-MESTRADO NATUREZA="Dissertação de mestrado" TIPO="ACADEMICO" TITULO="PROPOSTA DE APARATO EXPERIMENTAL PARA CARACTERIZAÇÃO DA RESPOSTA DE DETECTOR He3 PARA MEDIDA DE FOTONÊUTRONS GERADOS EM ACELERADORES COM ENERGIA ACIMA DE 8 MV" ANO="2016" PAIS="Brasil" IDIOMA="Português" HOME-PAGE="" FLAG-RELEVANCIA="SIM" DOI="" TITULO-INGLES=""/><DETALHAMENTO-DE-ORIENTACOES-CONCLUIDAS-PARA-MESTRADO TIPO-DE-ORIENTACAO="ORIENTADOR_PRINCIPAL" NOME-DO-ORIENTADO="Gladson Silva Fontes" CODIGO-INSTITUICAO="869900000005" NOME-DA-INSTITUICAO="Instituto Militar de Engenharia" CODIGO-ORGAO="" NOME-ORGAO="" CODIGO-CURSO="31060072" NOME-DO-CURSO="Engenharia Nuclear" FLAG-BOLSA="SIM" CODIGO-AGENCIA-FINANCIADORA="045000000000" NOME-DA-AGENCIA="Coordenação de Aperfeiçoamento de Pessoal de Nível Superior" NUMERO-DE-PAGINAS="" NUMERO-ID-ORIENTADO="" NOME-DO-CURSO-INGLES="Nuclear Engineering"/><PALAVRAS-CHAVE PALAVRA-CHAVE-1="DETECÇÃO DE NÊUTRONS" PALAVRA-CHAVE-2="METODOLOGIA DE NÊUTRONS" PALAVRA-CHAVE-3="ACELERADORES DE PARTÍCULAS" PALAVRA-CHAVE-4="" PALAVRA-CHAVE-5="" PALAVRA-CHAVE-6=""/><AREAS-DO-CONHECIMENTO><AREA-DO-CONHECIMENTO-1 NOME-GRANDE-AREA-DO-CONHECIMENTO="ENGENHARIAS" NOME-DA-AREA-DO-CONHECIMENTO="" NOME-DA-SUB-AREA-DO-CONHECIMENTO="Engenharia Térmica" NOME-DA-ESPECIALIDADE="Controle Ambiental"/><AREA-DO-CONHECIMENTO-2 NOME-GRANDE-AREA-DO-CONHECIMENTO="ENGENHARIAS" NOME-DA-AREA-DO-CONHECIMENTO="Engenharia Nuclear" NOME-DA-SUB-AREA-DO-CONHECIMENTO="" NOME-DA-ESPECIALIDADE=""/></AREAS-DO-CONHECIMENTO></ORIENTACOES-CONCLUIDAS-PARA-MESTRADO><ORIENTACOES-CONCLUIDAS-PARA-MESTRADO SEQUENCIA-PRODUCAO="10"><DADOS-BASICOS-DE-ORIENTACOES-CONCLUIDAS-PARA-MESTRADO NATUREZA="Dissertação de mestrado" TIPO="ACADEMICO" TITULO="CARACTERIZAÇÃO DO DETECTOR DE DIAMANTE PARA COMISSIONAMENTO DO SISTEMA ECLIPSE" ANO="2016" PAIS="Brasil" IDIOMA="Português" HOME-PAGE="" FLAG-RELEVANCIA="NAO" DOI="" TITULO-INGLES=""/><DETALHAMENTO-DE-ORIENTACOES-CONCLUIDAS-PARA-MESTRADO TIPO-DE-ORIENTACAO="CO_ORIENTADOR" NOME-DO-ORIENTADO="DOMINGOS D´OLIVEIRA CARDOSO" CODIGO-INSTITUICAO="869900000005" NOME-DA-INSTITUICAO="Instituto Militar de Engenharia" CODIGO-ORGAO="" NOME-ORGAO="" CODIGO-CURSO="31060072" NOME-DO-CURSO="Engenharia Nuclear" FLAG-BOLSA="NAO" CODIGO-AGENCIA-FINANCIADORA="" NOME-DA-AGENCIA="" NUMERO-DE-PAGINAS="" NUMERO-ID-ORIENTADO="" NOME-DO-CURSO-INGLES="Nuclear Engineering"/><PALAVRAS-CHAVE PALAVRA-CHAVE-1="DIAMANTE" PALAVRA-CHAVE-2="ECLIPSE. SISTEMA DE PLANEJAMENTO" PALAVRA-CHAVE-3="" PALAVRA-CHAVE-4="" PALAVRA-CHAVE-5="" PALAVRA-CHAVE-6=""/><AREAS-DO-CONHECIMENTO><AREA-DO-CONHECIMENTO-1 NOME-GRANDE-AREA-DO-CONHECIMENTO="ENGENHARIAS" NOME-DA-AREA-DO-CONHECIMENTO="" NOME-DA-SUB-AREA-DO-CONHECIMENTO="Engenharia Térmica" NOME-DA-ESPECIALIDADE="Controle Ambiental"/><AREA-DO-CONHECIMENTO-2 NOME-GRANDE-AREA-DO-CONHECIMENTO="ENGENHARIAS" NOME-DA-AREA-DO-CONHECIMENTO="Engenharia Nuclear" NOME-DA-SUB-AREA-DO-CONHECIMENTO="" NOME-DA-ESPECIALIDADE=""/></AREAS-DO-CONHECIMENTO></ORIENTACOES-CONCLUIDAS-PARA-MESTRADO><OUTRAS-ORIENTACOES-CONCLUIDAS SEQUENCIA-PRODUCAO="7"><DADOS-BASICOS-DE-OUTRAS-ORIENTACOES-CONCLUIDAS NATUREZA="INICIACAO_CIENTIFICA" TIPO="" TITULO="Segurança Nuclear" ANO="2015" PAIS="Brasil" IDIOMA="Português" HOME-PAGE="" FLAG-RELEVANCIA="NAO" DOI="" TITULO-INGLES="" TIPO-INGLES=""/><DETALHAMENTO-DE-OUTRAS-ORIENTACOES-CONCLUIDAS NOME-DO-ORIENTADO="Eduardo Cândido Borges" CODIGO-INSTITUICAO="869900000005" NOME-DA-INSTITUICAO="Instituto Militar de Engenharia" CODIGO-CURSO="60171219" NOME-DO-CURSO="Engenharia da Computação" FLAG-BOLSA="SIM" CODIGO-AGENCIA-FINANCIADORA="002200000000" NOME-DA-AGENCIA="Conselho Nacional de Desenvolvimento Científico e Tecnológico" TIPO-DE-ORIENTACAO-CONCLUIDA="CO_ORIENTADOR" NUMERO-DE-PAGINAS="" NUMERO-ID-ORIENTADO="" NOME-DO-CURSO-INGLES=""/></OUTRAS-ORIENTACOES-CONCLUIDAS><OUTRAS-ORIENTACOES-CONCLUIDAS SEQUENCIA-PRODUCAO="6"><DADOS-BASICOS-DE-OUTRAS-ORIENTACOES-CONCLUIDAS NATUREZA="INICIACAO_CIENTIFICA" TIPO="" TITULO="Radioproteção e Dosimetria" ANO="2015" PAIS="Brasil" IDIOMA="Português" HOME-PAGE="" FLAG-RELEVANCIA="NAO" DOI="" TITULO-INGLES="" TIPO-INGLES=""/><DETALHAMENTO-DE-OUTRAS-ORIENTACOES-CONCLUIDAS NOME-DO-ORIENTADO="Pedro Lucas porto Almeida" CODIGO-INSTITUICAO="869900000005" NOME-DA-INSTITUICAO="Instituto Militar de Engenharia" CODIGO-CURSO="60171219" NOME-DO-CURSO="Engenharia da Computação" FLAG-BOLSA="SIM" CODIGO-AGENCIA-FINANCIADORA="002200000000" NOME-DA-AGENCIA="Conselho Nacional de Desenvolvimento Científico e Tecnológico" TIPO-DE-ORIENTACAO-CONCLUIDA="CO_ORIENTADOR" NUMERO-DE-PAGINAS="" NUMERO-ID-ORIENTADO="" NOME-DO-CURSO-INGLES=""/></OUTRAS-ORIENTACOES-CONCLUIDAS></ORIENTACOES-CONCLUIDAS></OUTRA-PRODUCAO><DADOS-COMPLEMENTARES><PARTICIPACAO-EM-BANCA-TRABALHOS-CONCLUSAO><PARTICIPACAO-EM-BANCA-DE-MESTRADO SEQUENCIA-PRODUCAO="3"><DADOS-BASICOS-DA-PARTICIPACAO-EM-BANCA-DE-MESTRADO NATUREZA="Mestrado" TIPO="ACADEMICO" TITULO="CONTRIBUIÇÃO PARA O MAPEAMENTO DA RADIOATIVIDADE NATURAL NO BRASIL" ANO="2015" PAIS="Brasil" IDIOMA="Português" HOME-PAGE="" DOI="" TITULO-INGLES="CONTRIBUIÇÃO PARA O MAPEAMENTO DA RADIOATIVIDADE NATURAL NO BRASIL"/><DETALHAMENTO-DA-PARTICIPACAO-EM-BANCA-DE-MESTRADO NOME-DO-CANDIDATO="KRAUSE CRISTINA DA SILVA SALLES" CODIGO-INSTITUICAO="869900000005" NOME-INSTITUICAO="Instituto Militar de Engenharia" CODIGO-ORGAO="" NOME-ORGAO="" CODIGO-CURSO="31060072" NOME-CURSO="Engenharia Nuclear" NOME-CURSO-INGLES="Nuclear Engineering"/><PARTICIPANTE-BANCA NOME-COMPLETO-DO-PARTICIPANTE-DA-BANCA="Gladson Silva Fontes" NOME-PARA-CITACAO-DO-PARTICIPANTE-DA-BANCA="FONTES, G.S." ORDEM-PARTICIPANTE="1" NRO-ID-CNPQ=""/></PARTICIPACAO-EM-BANCA-DE-MESTRADO><PARTICIPACAO-EM-BANCA-DE-MESTRADO SEQUENCIA-PRODUCAO="4"><DADOS-BASICOS-DA-PARTICIPACAO-EM-BANCA-DE-MESTRADO NATUREZA="Mestrado" TIPO="ACADEMICO" TITULO="ESTUDO, UTILIZANDO O CÓDIGO MCNPX, DA RADIAÇÃO ESPALHADA E PRODUZIDA PELAS PAREDES DE SALAS DE RADIOTERAPIA E SEUS EFEITOS SOBRE DOSES EQUIVALENTES, DOSES EFETIVAS E FATORES DE RISCO PARA CARCINOGÊNESE RADIOINDUZIDA NOS PACIENTES" ANO="2016" PAIS="Brasil" IDIOMA="Português" HOME-PAGE="" DOI="" TITULO-INGLES=""/><DETALHAMENTO-DA-PARTICIPACAO-EM-BANCA-DE-MESTRADO NOME-DO-CANDIDATO="KELMO LINS BRAGA" CODIGO-INSTITUICAO="869900000005" NOME-INSTITUICAO="Instituto Militar de Engenharia" CODIGO-ORGAO="" NOME-ORGAO="" CODIGO-CURSO="31060072" NOME-CURSO="Engenharia Nuclear" NOME-CURSO-INGLES="Nuclear Engineering"/><PARTICIPANTE-BANCA NOME-COMPLETO-DO-PARTICIPANTE-DA-BANCA="Gladson Silva Fontes" NOME-PARA-CITACAO-DO-PARTICIPANTE-DA-BANCA="FONTES, G. S." ORDEM-PARTICIPANTE="5" NRO-ID-CNPQ=""/><PARTICIPANTE-BANCA NOME-COMPLETO-DO-PARTICIPANTE-DA-BANCA="EDSON RAMOS DE ANDRADE" NOME-PARA-CITACAO-DO-PARTICIPANTE-DA-BANCA="ANDRADE, E. R." ORDEM-PARTICIPANTE="1" NRO-ID-CNPQ=""/><PARTICIPANTE-BANCA NOME-COMPLETO-DO-PARTICIPANTE-DA-BANCA="WILSON FREITAS REBELLO DA SILVA JUNIOR" NOME-PARA-CITACAO-DO-PARTICIPANTE-DA-BANCA="SILVA JUNIOR, W. F. R." ORDEM-PARTICIPANTE="2" NRO-ID-CNPQ=""/><PARTICIPANTE-BANCA NOME-COMPLETO-DO-PARTICIPANTE-DA-BANCA="SÉRGIO GAVAZZA" NOME-PARA-CITACAO-DO-PARTICIPANTE-DA-BANCA="GAVAZZA, S." ORDEM-PARTICIPANTE="3" NRO-ID-CNPQ=""/><PARTICIPANTE-BANCA NOME-COMPLETO-DO-PARTICIPANTE-DA-BANCA="ADEMIR XAVIER DA SILVA" NOME-PARA-CITACAO-DO-PARTICIPANTE-DA-BANCA="SILVA, A. X." ORDEM-PARTICIPANTE="4" NRO-ID-CNPQ=""/><PALAVRAS-CHAVE PALAVRA-CHAVE-1="BLINDAGEM" PALAVRA-CHAVE-2="CONCRETO" PALAVRA-CHAVE-3="RADIOTERAPIA" PALAVRA-CHAVE-4="MCNPX" PALAVRA-CHAVE-5="BEIR VII" PALAVRA-CHAVE-6=""/><AREAS-DO-CONHECIMENTO><AREA-DO-CONHECIMENTO-1 NOME-GRANDE-AREA-DO-CONHECIMENTO="ENGENHARIAS" NOME-DA-AREA-DO-CONHECIMENTO="" NOME-DA-SUB-AREA-DO-CONHECIMENTO="Engenharia Térmica" NOME-DA-ESPECIALIDADE="Controle Ambiental"/><AREA-DO-CONHECIMENTO-2 NOME-GRANDE-AREA-DO-CONHECIMENTO="ENGENHARIAS" NOME-DA-AREA-DO-CONHECIMENTO="Engenharia Nuclear" NOME-DA-SUB-AREA-DO-CONHECIMENTO="" NOME-DA-ESPECIALIDADE=""/></AREAS-DO-CONHECIMENTO></PARTICIPACAO-EM-BANCA-DE-MESTRADO><PARTICIPACAO-EM-BANCA-DE-MESTRADO SEQUENCIA-PRODUCAO="9"><DADOS-BASICOS-DA-PARTICIPACAO-EM-BANCA-DE-MESTRADO NATUREZA="Mestrado" TIPO="ACADEMICO" TITULO="CARACTERIZAÇÃO DO DETECTOR DE DIAMANTE PARA COMISSIONAMENTO DO SISTEMA ECLIPSE" ANO="2016" PAIS="Brasil" IDIOMA="Português" HOME-PAGE="" DOI="" TITULO-INGLES=""/><DETALHAMENTO-DA-PARTICIPACAO-EM-BANCA-DE-MESTRADO NOME-DO-CANDIDATO="GUILHERME ALEXANDRE PAVAN" CODIGO-INSTITUICAO="869900000005" NOME-INSTITUICAO="Instituto Militar de Engenharia" CODIGO-ORGAO="" NOME-ORGAO="" CODIGO-CURSO="31060072" NOME-CURSO="Engenharia Nuclear" NOME-CURSO-INGLES="Nuclear Engineering"/><PARTICIPANTE-BANCA NOME-COMPLETO-DO-PARTICIPANTE-DA-BANCA="Gladson Silva Fontes" NOME-PARA-CITACAO-DO-PARTICIPANTE-DA-BANCA="FONTES, G.S." ORDEM-PARTICIPANTE="1" NRO-ID-CNPQ=""/><PARTICIPANTE-BANCA NOME-COMPLETO-DO-PARTICIPANTE-DA-BANCA="SÉRGIO GAVAZZA" NOME-PARA-CITACAO-DO-PARTICIPANTE-DA-BANCA="GAVAZZA, S." ORDEM-PARTICIPANTE="3" NRO-ID-CNPQ=""/><PARTICIPANTE-BANCA NOME-COMPLETO-DO-PARTICIPANTE-DA-BANCA="JURACI PASSOS DOS REIS JUNIOR" NOME-PARA-CITACAO-DO-PARTICIPANTE-DA-BANCA="REIS JUNIOR, J.P." ORDEM-PARTICIPANTE="2" NRO-ID-CNPQ=""/><PALAVRAS-CHAVE PALAVRA-CHAVE-1="DIAMANTE" PALAVRA-CHAVE-2="ECLIPSE. SISTEMA DE PLANEJAMENTO" PALAVRA-CHAVE-3="" PALAVRA-CHAVE-4="" PALAVRA-CHAVE-5="" PALAVRA-CHAVE-6=""/><AREAS-DO-CONHECIMENTO><AREA-DO-CONHECIMENTO-1 NOME-GRANDE-AREA-DO-CONHECIMENTO="ENGENHARIAS" NOME-DA-AREA-DO-CONHECIMENTO="" NOME-DA-SUB-AREA-DO-CONHECIMENTO="Engenharia Térmica" NOME-DA-ESPECIALIDADE="Controle Ambiental"/><AREA-DO-CONHECIMENTO-2 NOME-GRANDE-AREA-DO-CONHECIMENTO="ENGENHARIAS" NOME-DA-AREA-DO-CONHECIMENTO="Engenharia Nuclear" NOME-DA-SUB-AREA-DO-CONHECIMENTO="" NOME-DA-ESPECIALIDADE=""/></AREAS-DO-CONHECIMENTO></PARTICIPACAO-EM-BANCA-DE-MESTRADO></PARTICIPACAO-EM-BANCA-TRABALHOS-CONCLUSAO><PARTICIPACAO-EM-BANCA-JULGADORA><BANCA-JULGADORA-PARA-CONCURSO-PUBLICO SEQUENCIA-PRODUCAO="5"><DADOS-BASICOS-DA-BANCA-JULGADORA-PARA-CONCURSO-PUBLICO NATUREZA="Concurso público" TITULO="Concurso Público para Professor Assistente na Área de Representação Gráfica" ANO="2016" PAIS="Brasil" IDIOMA="Português" HOME-PAGE="" DOI="" TITULO-INGLES="Concurso Público para Professor Assistente na Área de Representação Gráfica"/><DETALHAMENTO-DA-BANCA-JULGADORA-PARA-CONCURSO-PUBLICO CODIGO-INSTITUICAO="032600000000" NOME-INSTITUICAO="Universidade do Estado do Rio de Janeiro"/><PARTICIPANTE-BANCA NOME-COMPLETO-DO-PARTICIPANTE-DA-BANCA="Gladson Silva Fontes" NOME-PARA-CITACAO-DO-PARTICIPANTE-DA-BANCA="FONTES, G. S." ORDEM-PARTICIPANTE="3" NRO-ID-CNPQ=""/><PARTICIPANTE-BANCA NOME-COMPLETO-DO-PARTICIPANTE-DA-BANCA="RENE MENDES GRANADO" NOME-PARA-CITACAO-DO-PARTICIPANTE-DA-BANCA="GRANADO, R. M." ORDEM-PARTICIPANTE="1" NRO-ID-CNPQ=""/><PARTICIPANTE-BANCA NOME-COMPLETO-DO-PARTICIPANTE-DA-BANCA="Alexandre Palma" NOME-PARA-CITACAO-DO-PARTICIPANTE-DA-BANCA="PALMA, A." ORDEM-PARTICIPANTE="2" NRO-ID-CNPQ=""/></BANCA-JULGADORA-PARA-CONCURSO-PUBLICO></PARTICIPACAO-EM-BANCA-JULGADORA><ORIENTACOES-EM-ANDAMENTO><ORIENTACAO-EM-ANDAMENTO-DE-INICIACAO-CIENTIFICA SEQUENCIA-PRODUCAO="8"><DADOS-BASICOS-DA-ORIENTACAO-EM-ANDAMENTO-DE-INICIACAO-CIENTIFICA NATUREZA="Iniciação Científica" TITULO-DO-TRABALHO="Radioproteção" ANO="2016" PAIS="Brasil" IDIOMA="Português" HOME-PAGE="" DOI="" TITULO-DO-TRABALHO-INGLES=""/><DETALHAMENTO-DA-ORIENTACAO-EM-ANDAMENTO-DE-INICIACAO-CIENTIFICA NOME-DO-ORIENTANDO="Gabriel Moysés Delfino" CODIGO-INSTITUICAO="869900000005" NOME-INSTITUICAO="Instituto Militar de Engenharia" CODIGO-ORGAO="" NOME-ORGAO="" CODIGO-CURSO="60171219" NOME-CURSO="Engenharia da Computação" FLAG-BOLSA="SIM" CODIGO-AGENCIA-FINANCIADORA="002200000000" NOME-DA-AGENCIA="Conselho Nacional de Desenvolvimento Científico e Tecnológico" NUMERO-ID-ORIENTANDO="" NOME-CURSO-INGLES=""/></ORIENTACAO-EM-ANDAMENTO-DE-INICIACAO-CIENTIFICA></ORIENTACOES-EM-ANDAMENTO><INFORMACOES-ADICIONAIS-INSTITUICOES><INFORMACAO-ADICIONAL-INSTITUICAO CODIGO-INSTITUICAO="000100000991" SIGLA-INSTITUICAO="CRO/12" SIGLA-UF-INSTITUICAO="AM" SIGLA-PAIS-INSTITUICAO="BRA" NOME-PAIS-INSTITUICAO="Brasil" FLAG-AGENCIA-FOMENTO="NAO" FLAG-INSTITUICAO-DE-ENSINO="NAO"/><INFORMACAO-ADICIONAL-INSTITUICAO CODIGO-INSTITUICAO="000200000993" SIGLA-INSTITUICAO="AGR" SIGLA-UF-INSTITUICAO="RJ" SIGLA-PAIS-INSTITUICAO="BRA" NOME-PAIS-INSTITUICAO="Brasil" FLAG-AGENCIA-FOMENTO="NAO" FLAG-INSTITUICAO-DE-ENSINO="NAO"/><INFORMACAO-ADICIONAL-INSTITUICAO CODIGO-INSTITUICAO="000300000995" SIGLA-INSTITUICAO="MD /EB" SIGLA-UF-INSTITUICAO="RJ" SIGLA-PAIS-INSTITUICAO="BRA" NOME-PAIS-INSTITUICAO="Brasil" FLAG-AGENCIA-FOMENTO="NAO" FLAG-INSTITUICAO-DE-ENSINO="NAO"/><INFORMACAO-ADICIONAL-INSTITUICAO CODIGO-INSTITUICAO="020200000009" SIGLA-INSTITUICAO="UFRJ" SIGLA-UF-INSTITUICAO="RJ" SIGLA-PAIS-INSTITUICAO="BRA" NOME-PAIS-INSTITUICAO="Brasil" FLAG-AGENCIA-FOMENTO="NAO" FLAG-INSTITUICAO-DE-ENSINO="SIM"/><INFORMACAO-ADICIONAL-INSTITUICAO CODIGO-INSTITUICAO="084001000994" SIGLA-INSTITUICAO="" SIGLA-UF-INSTITUICAO="RJ" SIGLA-PAIS-INSTITUICAO="BRA" NOME-PAIS-INSTITUICAO="Brasil" FLAG-AGENCIA-FOMENTO="NAO" FLAG-INSTITUICAO-DE-ENSINO="NAO"/><INFORMACAO-ADICIONAL-INSTITUICAO CODIGO-INSTITUICAO="201900000008" SIGLA-INSTITUICAO="UNISUAM" SIGLA-UF-INSTITUICAO="RJ" SIGLA-PAIS-INSTITUICAO="BRA" NOME-PAIS-INSTITUICAO="Brasil" FLAG-AGENCIA-FOMENTO="NAO" FLAG-INSTITUICAO-DE-ENSINO="SIM"/><INFORMACAO-ADICIONAL-INSTITUICAO CODIGO-INSTITUICAO="431100000008" SIGLA-INSTITUICAO="UEA" SIGLA-UF-INSTITUICAO="AM" SIGLA-PAIS-INSTITUICAO="BRA" NOME-PAIS-INSTITUICAO="Brasil" FLAG-AGENCIA-FOMENTO="NAO" FLAG-INSTITUICAO-DE-ENSINO="SIM"/><INFORMACAO-ADICIONAL-INSTITUICAO CODIGO-INSTITUICAO="869900000005" SIGLA-INSTITUICAO="IME" SIGLA-UF-INSTITUICAO="RJ" SIGLA-PAIS-INSTITUICAO="BRA" NOME-PAIS-INSTITUICAO="Brasil" FLAG-AGENCIA-FOMENTO="NAO" FLAG-INSTITUICAO-DE-ENSINO="SIM"/></INFORMACOES-ADICIONAIS-INSTITUICOES><INFORMACOES-ADICIONAIS-CURSOS><INFORMACAO-ADICIONAL-CURSO CODIGO-CURSO="31060072" CODIGO-ORGAO="" NOME-ORGAO="" CODIGO-INSTITUICAO="869900000005" NOME-INSTITUICAO="Instituto Militar de Engenharia" NOME-GRANDE-AREA-DO-CONHECIMENTO="ENGENHARIAS" NOME-DA-AREA-DO-CONHECIMENTO="Engenharia Nuclear" NOME-DA-SUB-AREA-DO-CONHECIMENTO="" NOME-DA-ESPECIALIDADE="" NIVEL-CURSO="MESTRADO"/><INFORMACAO-ADICIONAL-CURSO CODIGO-CURSO="60171219" CODIGO-ORGAO="" NOME-ORGAO="" CODIGO-INSTITUICAO="869900000005" NOME-INSTITUICAO="Instituto Militar de Engenharia" NOME-GRANDE-AREA-DO-CONHECIMENTO="OUTROS" NOME-DA-AREA-DO-CONHECIMENTO="" NOME-DA-SUB-AREA-DO-CONHECIMENTO="" NOME-DA-ESPECIALIDADE="" NIVEL-CURSO="GRADUACAO"/><INFORMACAO-ADICIONAL-CURSO CODIGO-CURSO="90000000" CODIGO-ORGAO="" NOME-ORGAO="" CODIGO-INSTITUICAO="869900000005" NOME-INSTITUICAO="Instituto Militar de Engenharia" NOME-GRANDE-AREA-DO-CONHECIMENTO="ENGENHARIAS" NOME-DA-AREA-DO-CONHECIMENTO="Engenharia Elétrica" NOME-DA-SUB-AREA-DO-CONHECIMENTO="" NOME-DA-ESPECIALIDADE="" NIVEL-CURSO="GRADUACAO"/><INFORMACAO-ADICIONAL-CURSO CODIGO-CURSO="90000001" CODIGO-ORGAO="" NOME-ORGAO="" CODIGO-INSTITUICAO="431100000008" NOME-INSTITUICAO="Universidade do Estado do Amazonas" NOME-GRANDE-AREA-DO-CONHECIMENTO="OUTROS" NOME-DA-AREA-DO-CONHECIMENTO="Multidisciplinar" NOME-DA-SUB-AREA-DO-CONHECIMENTO="" NOME-DA-ESPECIALIDADE="" NIVEL-CURSO="APERFEICOAMENTO"/><INFORMACAO-ADICIONAL-CURSO CODIGO-CURSO="90000002" CODIGO-ORGAO="" NOME-ORGAO="" CODIGO-INSTITUICAO="869900000005" NOME-INSTITUICAO="Instituto Militar de Engenharia" NOME-GRANDE-AREA-DO-CONHECIMENTO="ENGENHARIAS" NOME-DA-AREA-DO-CONHECIMENTO="Engenharia Mecânica" NOME-DA-SUB-AREA-DO-CONHECIMENTO="" NOME-DA-ESPECIALIDADE="" NIVEL-CURSO="APERFEICOAMENTO"/><INFORMACAO-ADICIONAL-CURSO CODIGO-CURSO="90000003" CODIGO-ORGAO="" NOME-ORGAO="" CODIGO-INSTITUICAO="020200000009" NOME-INSTITUICAO="Universidade Federal do Rio de Janeiro" NOME-GRANDE-AREA-DO-CONHECIMENTO="OUTROS" NOME-DA-AREA-DO-CONHECIMENTO="" NOME-DA-SUB-AREA-DO-CONHECIMENTO="" NOME-DA-ESPECIALIDADE="" NIVEL-CURSO="DOUTORADO"/><INFORMACAO-ADICIONAL-CURSO CODIGO-CURSO="90000004" CODIGO-ORGAO="" NOME-ORGAO="" CODIGO-INSTITUICAO="869900000005" NOME-INSTITUICAO="Instituto Militar de Engenharia" NOME-GRANDE-AREA-DO-CONHECIMENTO="ENGENHARIAS" NOME-DA-AREA-DO-CONHECIMENTO="Engenharia Nuclear" NOME-DA-SUB-AREA-DO-CONHECIMENTO="" NOME-DA-ESPECIALIDADE="" NIVEL-CURSO="GRADUACAO"/><INFORMACAO-ADICIONAL-CURSO CODIGO-CURSO="90000005" CODIGO-ORGAO="" NOME-ORGAO="" CODIGO-INSTITUICAO="869900000005" NOME-INSTITUICAO="Instituto Militar de Engenharia" NOME-GRANDE-AREA-DO-CONHECIMENTO="ENGENHARIAS" NOME-DA-AREA-DO-CONHECIMENTO="Engenharia Nuclear" NOME-DA-SUB-AREA-DO-CONHECIMENTO="" NOME-DA-ESPECIALIDADE="" NIVEL-CURSO="GRADUACAO"/></INFORMACOES-ADICIONAIS-CURSOS></DADOS-COMPLEMENTARES><eventos/></CURRICULO-VITAE>