<CURRICULO-VITAE SISTEMA-ORIGEM-XML="LATTES_OFFLINE" NUMERO-IDENTIFICADOR="0701410607312253" FORMATO-DATA-ATUALIZACAO="DDMMAAAA" DATA-ATUALIZACAO="01022017" FORMATO-HORA-ATUALIZACAO="HHMMSS" HORA-ATUALIZACAO="124343"><DADOS-GERAIS NOME-COMPLETO="Vanise Rios Gonçalves" NOME-EM-CITACOES-BIBLIOGRAFICAS="GONÇALVES, V. R." NACIONALIDADE="B" PAIS-DE-NASCIMENTO="Brasil" FORMATO-DATA-DE-NASCIMENTO="DDMMAAAA" FORMATO-DATA-DE-EMISSAO="DDMMAAAA" PERMISSAO-DE-DIVULGACAO="NAO" DATA-FALECIMENTO="" SIGLA-PAIS-NACIONALIDADE="BRA" PAIS-DE-NACIONALIDADE="Brasil"><RESUMO-CV TEXTO-RESUMO-CV-RH="Possui doutorado em Engenharia de Produção pela Universidade Federal do Rio de Janeiro (2002). Atualmente é professora do Centro Universitário Augusto Motta. Possui experiência em Administração Financeira, Controladoria e Gestão de Unidades de Negócios." TEXTO-RESUMO-CV-RH-EN="doctorate at Production Engineering from Universidade Federal do Rio de Janeiro (2001). Has experience in Administration, focusing on Business Administration"/><ENDERECO FLAG-DE-PREFERENCIA="ENDERECO_RESIDENCIAL"><ENDERECO-PROFISSIONAL CODIGO-INSTITUICAO-EMPRESA="201900000008" NOME-INSTITUICAO-EMPRESA="Centro Universitário Augusto Motta" CODIGO-ORGAO="201901000990" NOME-ORGAO="Curso de Administração" CODIGO-UNIDADE="" NOME-UNIDADE="" LOGRADOURO-COMPLEMENTO="Av. Paris, 72" PAIS="Brasil" UF="RJ" CEP="21041020" CIDADE="Rio de Janeiro" BAIRRO="Bonsucesso" DDD="21" TELEFONE="38829797" RAMAL="" FAX="" E-MAIL="niserg123@gmail.com" HOME-PAGE="www.unisuam.edu.br"/></ENDERECO><FORMACAO-ACADEMICA-TITULACAO><GRADUACAO SEQUENCIA-FORMACAO="4" NIVEL="1" TITULO-DO-TRABALHO-DE-CONCLUSAO-DE-CURSO="" NOME-DO-ORIENTADOR="" CODIGO-INSTITUICAO="000500000000" NOME-INSTITUICAO="Universidade Federal Fluminense" CODIGO-ORGAO="" NOME-ORGAO="" CODIGO-CURSO="60217359" NOME-CURSO="Administração" CODIGO-AREA-CURSO="" STATUS-DO-CURSO="CONCLUIDO" ANO-DE-INICIO="1985" ANO-DE-CONCLUSAO="1989" FLAG-BOLSA="NAO" CODIGO-AGENCIA-FINANCIADORA="" NOME-AGENCIA="" NUMERO-ID-ORIENTADOR="" CODIGO-CURSO-CAPES="12724" TITULO-DO-TRABALHO-DE-CONCLUSAO-DE-CURSO-INGLES="" NOME-CURSO-INGLES="" FORMACAO-ACADEMICA-TITULACAO="" TIPO-GRADUACAO="N" CODIGO-INSTITUICAO-GRAD="" NOME-INSTITUICAO-GRAD="" CODIGO-INSTITUICAO-OUTRA-GRAD="" NOME-INSTITUICAO-OUTRA-GRAD="" NOME-ORIENTADOR-GRAD=""/><MESTRADO SEQUENCIA-FORMACAO="3" NIVEL="3" CODIGO-INSTITUICAO="000500000000" NOME-INSTITUICAO="Universidade Federal Fluminense" CODIGO-ORGAO="" NOME-ORGAO="" CODIGO-CURSO="31020194" NOME-CURSO="Engenharia de Produção" CODIGO-AREA-CURSO="30800005" STATUS-DO-CURSO="CONCLUIDO" ANO-DE-INICIO="1992" ANO-DE-CONCLUSAO="1996" FLAG-BOLSA="NAO" CODIGO-AGENCIA-FINANCIADORA="" NOME-AGENCIA="" ANO-DE-OBTENCAO-DO-TITULO="1996" TITULO-DA-DISSERTACAO-TESE="Utilização de Modelos Estocásticos em Gestão de Caixa" NOME-COMPLETO-DO-ORIENTADOR="Antônio de Araujo Freitas Júnior" TIPO-MESTRADO="N" NUMERO-ID-ORIENTADOR="3581816157957538" CODIGO-CURSO-CAPES="31003010019P7" TITULO-DA-DISSERTACAO-TESE-INGLES="" NOME-CURSO-INGLES="Production Engineering" NOME-DO-CO-ORIENTADOR="" CODIGO-INSTITUICAO-DOUT="" NOME-INSTITUICAO-DOUT="" CODIGO-INSTITUICAO-OUTRA-DOUT="" NOME-INSTITUICAO-OUTRA-DOUT="" NOME-ORIENTADOR-DOUT=""><PALAVRAS-CHAVE PALAVRA-CHAVE-1="Estoques" PALAVRA-CHAVE-2="Gestão de Caixa" PALAVRA-CHAVE-3="Otimização" PALAVRA-CHAVE-4="Modelos" PALAVRA-CHAVE-5="INVESTIMENTO" PALAVRA-CHAVE-6=""/><AREAS-DO-CONHECIMENTO><AREA-DO-CONHECIMENTO-1 NOME-GRANDE-AREA-DO-CONHECIMENTO="ENGENHARIAS" NOME-DA-AREA-DO-CONHECIMENTO="" NOME-DA-SUB-AREA-DO-CONHECIMENTO="" NOME-DA-ESPECIALIDADE=""/></AREAS-DO-CONHECIMENTO><conceitoCapes/></MESTRADO><DOUTORADO SEQUENCIA-FORMACAO="1" NIVEL="4" CODIGO-INSTITUICAO="020200000009" NOME-INSTITUICAO="Universidade Federal do Rio de Janeiro" CODIGO-ORGAO="" NOME-ORGAO="" CODIGO-CURSO="31000355" NOME-CURSO="Engenharia de Produção" CODIGO-AREA-CURSO="30800005" STATUS-DO-CURSO="CONCLUIDO" ANO-DE-INICIO="1997" ANO-DE-CONCLUSAO="2002" FLAG-BOLSA="NAO" CODIGO-AGENCIA-FINANCIADORA="" NOME-AGENCIA="" ANO-DE-OBTENCAO-DO-TITULO="2002" TITULO-DA-DISSERTACAO-TESE="UTILIZAÇÃO DE VALUE AT RISK EM INVESTIMENTOS EM SHOPPING CENTER" NOME-COMPLETO-DO-ORIENTADOR="Carlos Alberto Cosenza" TIPO-DOUTORADO="N" CODIGO-INSTITUICAO-DOUT="" NOME-INSTITUICAO-DOUT="" CODIGO-INSTITUICAO-OUTRA-DOUT="" NOME-INSTITUICAO-OUTRA-DOUT="" NOME-ORIENTADOR-DOUT="" NUMERO-ID-ORIENTADOR="8408511964332556" CODIGO-CURSO-CAPES="31001017035P6" TITULO-DA-DISSERTACAO-TESE-INGLES="" NOME-CURSO-INGLES="Production Engineering" NOME-DO-ORIENTADOR-CO-TUTELA="" CODIGO-INSTITUICAO-OUTRA-CO-TUTELA="" CODIGO-INSTITUICAO-CO-TUTELA="" NOME-DO-ORIENTADOR-SANDUICHE="" CODIGO-INSTITUICAO-OUTRA-SANDUICHE="" CODIGO-INSTITUICAO-SANDUICHE="" NOME-DO-CO-ORIENTADOR="Antonio de Araujo Freitas Junior"><PALAVRAS-CHAVE PALAVRA-CHAVE-1="VALUE AT RISK" PALAVRA-CHAVE-2="SHOPPING CENTER" PALAVRA-CHAVE-3="INVESTIMENTO" PALAVRA-CHAVE-4="" PALAVRA-CHAVE-5="" PALAVRA-CHAVE-6=""/><AREAS-DO-CONHECIMENTO><AREA-DO-CONHECIMENTO-1 NOME-GRANDE-AREA-DO-CONHECIMENTO="ENGENHARIAS" NOME-DA-AREA-DO-CONHECIMENTO="" NOME-DA-SUB-AREA-DO-CONHECIMENTO="Engenharia Econômica" NOME-DA-ESPECIALIDADE=""/></AREAS-DO-CONHECIMENTO><SETORES-DE-ATIVIDADE SETOR-DE-ATIVIDADE-1="Outros Setores" SETOR-DE-ATIVIDADE-2="" SETOR-DE-ATIVIDADE-3=""/><conceitoCapes/></DOUTORADO></FORMACAO-ACADEMICA-TITULACAO><ATUACOES-PROFISSIONAIS><ATUACAO-PROFISSIONAL CODIGO-INSTITUICAO="595300000004" NOME-INSTITUICAO="Centro Universitário Moacyr Sreder Bastos" SEQUENCIA-ATIVIDADE="1" SEQUENCIA-IMPORTANCIA=""><VINCULOS SEQUENCIA-HISTORICO="1" TIPO-DE-VINCULO="LIVRE" ENQUADRAMENTO-FUNCIONAL="LIVRE" CARGA-HORARIA-SEMANAL="" FLAG-DEDICACAO-EXCLUSIVA="NAO" MES-INICIO="08" ANO-INICIO="2011" MES-FIM="01" ANO-FIM="2012" OUTRAS-INFORMACOES="" FLAG-VINCULO-EMPREGATICIO="NAO" OUTRO-VINCULO-INFORMADO="Celetista formal" OUTRO-ENQUADRAMENTO-FUNCIONAL-INFORMADO="Professora Titular" OUTRO-ENQUADRAMENTO-FUNCIONAL-INFORMADO-INGLES="" OUTRAS-INFORMACOES-INGLES=""/><atividadesProfissionaisPlanificadas/></ATUACAO-PROFISSIONAL><ATUACAO-PROFISSIONAL CODIGO-INSTITUICAO="IXH000000000" NOME-INSTITUICAO="Grupo IBMEC" SEQUENCIA-ATIVIDADE="3" SEQUENCIA-IMPORTANCIA=""><VINCULOS SEQUENCIA-HISTORICO="1" TIPO-DE-VINCULO="COLABORADOR" ENQUADRAMENTO-FUNCIONAL="LIVRE" CARGA-HORARIA-SEMANAL="" FLAG-DEDICACAO-EXCLUSIVA="NAO" MES-INICIO="07" ANO-INICIO="1999" MES-FIM="07" ANO-FIM="2000" OUTRAS-INFORMACOES="" FLAG-VINCULO-EMPREGATICIO="SIM" OUTRO-VINCULO-INFORMADO="" OUTRO-ENQUADRAMENTO-FUNCIONAL-INFORMADO="Professor" OUTRO-ENQUADRAMENTO-FUNCIONAL-INFORMADO-INGLES="" OUTRAS-INFORMACOES-INGLES=""/><atividadesProfissionaisPlanificadas/></ATUACAO-PROFISSIONAL><ATUACAO-PROFISSIONAL CODIGO-INSTITUICAO="985600042720" NOME-INSTITUICAO="Centro Universitário da Cidade" SEQUENCIA-ATIVIDADE="4" SEQUENCIA-IMPORTANCIA=""><VINCULOS SEQUENCIA-HISTORICO="1" TIPO-DE-VINCULO="LIVRE" ENQUADRAMENTO-FUNCIONAL="LIVRE" CARGA-HORARIA-SEMANAL="44" FLAG-DEDICACAO-EXCLUSIVA="SIM" MES-INICIO="02" ANO-INICIO="2000" MES-FIM="03" ANO-FIM="2011" OUTRAS-INFORMACOES="" FLAG-VINCULO-EMPREGATICIO="NAO" OUTRO-VINCULO-INFORMADO="Celetista formal" OUTRO-ENQUADRAMENTO-FUNCIONAL-INFORMADO="Assessora da Presidencia / Professora Titular" OUTRO-ENQUADRAMENTO-FUNCIONAL-INFORMADO-INGLES="" OUTRAS-INFORMACOES-INGLES=""/><atividadesProfissionaisPlanificadas/></ATUACAO-PROFISSIONAL><ATUACAO-PROFISSIONAL CODIGO-INSTITUICAO="201900000008" NOME-INSTITUICAO="Centro Universitário Augusto Motta" SEQUENCIA-ATIVIDADE="5" SEQUENCIA-IMPORTANCIA=""><VINCULOS SEQUENCIA-HISTORICO="1" TIPO-DE-VINCULO="LIVRE" ENQUADRAMENTO-FUNCIONAL="LIVRE" CARGA-HORARIA-SEMANAL="24" FLAG-DEDICACAO-EXCLUSIVA="NAO" MES-INICIO="02" ANO-INICIO="2012" MES-FIM="" ANO-FIM="" OUTRAS-INFORMACOES="" FLAG-VINCULO-EMPREGATICIO="NAO" OUTRO-VINCULO-INFORMADO="Celetista formal" OUTRO-ENQUADRAMENTO-FUNCIONAL-INFORMADO="Professor" OUTRO-ENQUADRAMENTO-FUNCIONAL-INFORMADO-INGLES="" OUTRAS-INFORMACOES-INGLES=""/><ATIVIDADES-DE-PARTICIPACAO-EM-PROJETO><PARTICIPACAO-EM-PROJETO SEQUENCIA-FUNCAO-ATIVIDADE="1" FLAG-PERIODO="ATUAL" MES-INICIO="" ANO-INICIO="2015" MES-FIM="" ANO-FIM="" CODIGO-ORGAO="201901000990" NOME-ORGAO="Curso de Administração" CODIGO-UNIDADE="" NOME-UNIDADE=""><PROJETO-DE-PESQUISA SEQUENCIA-PROJETO="1" ANO-INICIO="2015" ANO-FIM="" NOME-DO-PROJETO="GPEN - Grupo de Pesquisa em Negócios" SITUACAO="EM_ANDAMENTO" NATUREZA="PESQUISA" NUMERO-GRADUACAO="" NUMERO-ESPECIALIZACAO="" NUMERO-MESTRADO-ACADEMICO="" NUMERO-MESTRADO-PROF="" NUMERO-DOUTORADO="" DESCRICAO-DO-PROJETO="Gestão de Empresas através de Pesquisa em Práticas Financeiras, Processos e Projetos, RH." IDENTIFICADOR-PROJETO="" DESCRICAO-DO-PROJETO-INGLES="" NOME-DO-PROJETO-INGLES="" FLAG-POTENCIAL-INOVACAO="SIM" FLAG-PROJETO-CERTIFICADO="nao" NOME-COORDENADOR-CERTIFICACAO="" FORMATO-DATA-CERTIFICACAO="DDMMAAAA" DATA-CERTIFICACAO="" NUMERO_TECNICO_NIVEL_MEDIO=""><EQUIPE-DO-PROJETO><INTEGRANTES-DO-PROJETO NOME-COMPLETO="Vanise Rios Gonçalves" NOME-PARA-CITACAO="GONÇALVES, V. R." ORDEM-DE-INTEGRACAO="1" FLAG-RESPONSAVEL="NAO" NRO-ID-CNPQ="0701410607312253"/><INTEGRANTES-DO-PROJETO NOME-COMPLETO="Patrícia da Rocha Gonçalves" NOME-PARA-CITACAO="GONCALVES, P. R." ORDEM-DE-INTEGRACAO="2" FLAG-RESPONSAVEL="SIM" NRO-ID-CNPQ=""/><INTEGRANTES-DO-PROJETO NOME-COMPLETO="Paulo Wilton da Luz Camara" NOME-PARA-CITACAO="CAMARA, P. W. L." ORDEM-DE-INTEGRACAO="3" FLAG-RESPONSAVEL="NAO" NRO-ID-CNPQ=""/></EQUIPE-DO-PROJETO></PROJETO-DE-PESQUISA></PARTICIPACAO-EM-PROJETO></ATIVIDADES-DE-PARTICIPACAO-EM-PROJETO><atividadesProfissionaisPlanificadas/></ATUACAO-PROFISSIONAL></ATUACOES-PROFISSIONAIS><AREAS-DE-ATUACAO><AREA-DE-ATUACAO SEQUENCIA-AREA-DE-ATUACAO="1" NOME-GRANDE-AREA-DO-CONHECIMENTO="CIENCIAS_SOCIAIS_APLICADAS" NOME-DA-AREA-DO-CONHECIMENTO="Administração" NOME-DA-SUB-AREA-DO-CONHECIMENTO="Administração de Empresas" NOME-DA-ESPECIALIDADE="Administração Financeira"/><AREA-DE-ATUACAO SEQUENCIA-AREA-DE-ATUACAO="2" NOME-GRANDE-AREA-DO-CONHECIMENTO="CIENCIAS_SOCIAIS_APLICADAS" NOME-DA-AREA-DO-CONHECIMENTO="Administração" NOME-DA-SUB-AREA-DO-CONHECIMENTO="Administração de Empresas" NOME-DA-ESPECIALIDADE="Controladoria"/><AREA-DE-ATUACAO SEQUENCIA-AREA-DE-ATUACAO="3" NOME-GRANDE-AREA-DO-CONHECIMENTO="ENGENHARIAS" NOME-DA-AREA-DO-CONHECIMENTO="Engenharia de Produção" NOME-DA-SUB-AREA-DO-CONHECIMENTO="Engenharia de Custos" NOME-DA-ESPECIALIDADE=""/><AREA-DE-ATUACAO SEQUENCIA-AREA-DE-ATUACAO="4" NOME-GRANDE-AREA-DO-CONHECIMENTO="ENGENHARIAS" NOME-DA-AREA-DO-CONHECIMENTO="Engenharia de Produção" NOME-DA-SUB-AREA-DO-CONHECIMENTO="Engenharia Econômica" NOME-DA-ESPECIALIDADE=""/></AREAS-DE-ATUACAO><IDIOMAS><IDIOMA IDIOMA="EN" DESCRICAO-DO-IDIOMA="Inglês" PROFICIENCIA-DE-LEITURA="BEM" PROFICIENCIA-DE-FALA="RAZOAVELMENTE" PROFICIENCIA-DE-ESCRITA="BEM" PROFICIENCIA-DE-COMPREENSAO="RAZOAVELMENTE"/><IDIOMA IDIOMA="ES" DESCRICAO-DO-IDIOMA="Espanhol" PROFICIENCIA-DE-LEITURA="RAZOAVELMENTE" PROFICIENCIA-DE-FALA="POUCO" PROFICIENCIA-DE-ESCRITA="POUCO" PROFICIENCIA-DE-COMPREENSAO="RAZOAVELMENTE"/></IDIOMAS><staValidado/><dataExibicao/><dadosBolsista/></DADOS-GERAIS><PRODUCAO-TECNICA><TRABALHO-TECNICO SEQUENCIA-PRODUCAO="8"><DADOS-BASICOS-DO-TRABALHO-TECNICO NATUREZA="ELABORACAO_DE_PROJETO" TITULO-DO-TRABALHO-TECNICO="Projeto Pedagógico do Curso de Administração da UniSuam" ANO="2014" PAIS="Brasil" MEIO-DE-DIVULGACAO="VARIOS" HOME-PAGE-DO-TRABALHO="www.unisuam.edu.br" IDIOMA="Português" FLAG-RELEVANCIA="SIM" DOI="" TITULO-DO-TRABALHO-TECNICO-INGLES=""/><DETALHAMENTO-DO-TRABALHO-TECNICO FINALIDADE="Organizar, atualizar e direcionar o ensino de Administração na instituição." DURACAO-EM-MESES="12" NUMERO-DE-PAGINAS="61" DISPONIBILIDADE="RESTRITA" INSTITUICAO-FINANCIADORA="UNISUAM" CIDADE-DO-TRABALHO="Rio de Janeiro - RJ" FINALIDADE-INGLES=""/><AUTORES NOME-COMPLETO-DO-AUTOR="Carlos Alexandre Duarte Correa" NOME-PARA-CITACAO="CORREA, C. A. D." ORDEM-DE-AUTORIA="1" NRO-ID-CNPQ=""/><AUTORES NOME-COMPLETO-DO-AUTOR="Vanise Rios Gonçalves" NOME-PARA-CITACAO="GONÇALVES, V. R." ORDEM-DE-AUTORIA="2" NRO-ID-CNPQ="0701410607312253"/><AUTORES NOME-COMPLETO-DO-AUTOR="Patrícia da Rocha Gonçalves" NOME-PARA-CITACAO="GONCALVES, P. R." ORDEM-DE-AUTORIA="3" NRO-ID-CNPQ=""/><AUTORES NOME-COMPLETO-DO-AUTOR="Fábio Cipolla Correia" NOME-PARA-CITACAO="CORREIA, F. C." ORDEM-DE-AUTORIA="4" NRO-ID-CNPQ=""/><AUTORES NOME-COMPLETO-DO-AUTOR="Luiz Cezar Vasques" NOME-PARA-CITACAO="VASQUES, L. C." ORDEM-DE-AUTORIA="5" NRO-ID-CNPQ=""/></TRABALHO-TECNICO><TRABALHO-TECNICO SEQUENCIA-PRODUCAO="16"><DADOS-BASICOS-DO-TRABALHO-TECNICO NATUREZA="ASSESSORIA" TITULO-DO-TRABALHO-TECNICO="Núcleo Docente Estruturante do Curso de Bacharelado em Administração" ANO="2014" PAIS="Brasil" MEIO-DE-DIVULGACAO="VARIOS" HOME-PAGE-DO-TRABALHO="www.unisuam.edu.br" IDIOMA="Português" FLAG-RELEVANCIA="SIM" DOI="" TITULO-DO-TRABALHO-TECNICO-INGLES=""/><DETALHAMENTO-DO-TRABALHO-TECNICO FINALIDADE="Organizar, estruturar e avaliar o ensino, as práticas pedagógicas e todas as necessidades oriundas de um curso de graduação em Administração" DURACAO-EM-MESES="12" NUMERO-DE-PAGINAS="" DISPONIBILIDADE="IRRESTRITA" INSTITUICAO-FINANCIADORA="UNISUAM" CIDADE-DO-TRABALHO="Rio de Janeiro" FINALIDADE-INGLES=""/><AUTORES NOME-COMPLETO-DO-AUTOR="Carlos Alexandre Duarte Correa" NOME-PARA-CITACAO="CORREA, C. A. D." ORDEM-DE-AUTORIA="1" NRO-ID-CNPQ=""/><AUTORES NOME-COMPLETO-DO-AUTOR="Vanise Rios Gonçalves" NOME-PARA-CITACAO="GONÇALVES, V. R." ORDEM-DE-AUTORIA="2" NRO-ID-CNPQ="0701410607312253"/><AUTORES NOME-COMPLETO-DO-AUTOR="Patrícia da Rocha Gonçalves" NOME-PARA-CITACAO="GONCALVES, P. R." ORDEM-DE-AUTORIA="3" NRO-ID-CNPQ=""/><AUTORES NOME-COMPLETO-DO-AUTOR="Fábio Cipolla Correia" NOME-PARA-CITACAO="CORREIA, F. C." ORDEM-DE-AUTORIA="4" NRO-ID-CNPQ=""/><AUTORES NOME-COMPLETO-DO-AUTOR="Luiz Cezar Vasques" NOME-PARA-CITACAO="VASQUES, L. C." ORDEM-DE-AUTORIA="5" NRO-ID-CNPQ=""/></TRABALHO-TECNICO><DEMAIS-TIPOS-DE-PRODUCAO-TECNICA><APRESENTACAO-DE-TRABALHO SEQUENCIA-PRODUCAO="3"><DADOS-BASICOS-DA-APRESENTACAO-DE-TRABALHO NATUREZA="SIMPOSIO" TITULO="Modelo de Estoque de Caixa para Desembolsos Imediatos ou Atrasados" ANO="1995" PAIS="Brasil" IDIOMA="Português" FLAG-RELEVANCIA="SIM" DOI="" TITULO-INGLES="" FLAG-DIVULGACAO-CIENTIFICA="NAO"/><DETALHAMENTO-DA-APRESENTACAO-DE-TRABALHO NOME-DO-EVENTO="XXVII Simpósio Brasileiro de Pesquisa Operacional" INSTITUICAO-PROMOTORA="SOBRAPO -n Sociedade Brasileira de Pesquisa Operacional" LOCAL-DA-APRESENTACAO="Espírito Santo" CIDADE-DA-APRESENTACAO="Vitória" NOME-DO-EVENTO-INGLES=""/><AUTORES NOME-COMPLETO-DO-AUTOR="Vanise Rios Gonçalves" NOME-PARA-CITACAO="GONÇALVES, V. R." ORDEM-DE-AUTORIA="1" NRO-ID-CNPQ="0701410607312253"/></APRESENTACAO-DE-TRABALHO></DEMAIS-TIPOS-DE-PRODUCAO-TECNICA></PRODUCAO-TECNICA><OUTRA-PRODUCAO><ORIENTACOES-CONCLUIDAS><OUTRAS-ORIENTACOES-CONCLUIDAS SEQUENCIA-PRODUCAO="1"><DADOS-BASICOS-DE-OUTRAS-ORIENTACOES-CONCLUIDAS NATUREZA="TRABALHO_DE_CONCLUSAO_DE_CURSO_GRADUACAO" TIPO="" TITULO="Aspectos de Segurança do Trabalho e Saúde Ocupacional em uma Indústria de Argamassa: Estudo de Caso" ANO="2012" PAIS="Brasil" IDIOMA="Português" HOME-PAGE="www.unisuam.edu.br" FLAG-RELEVANCIA="NAO" DOI="" TITULO-INGLES="" TIPO-INGLES=""/><DETALHAMENTO-DE-OUTRAS-ORIENTACOES-CONCLUIDAS NOME-DO-ORIENTADO="Nilton da Silva Fumaça" CODIGO-INSTITUICAO="201900000008" NOME-DA-INSTITUICAO="Centro Universitário Augusto Motta" CODIGO-CURSO="60183098" NOME-DO-CURSO="Engenharia de Produção" FLAG-BOLSA="NAO" CODIGO-AGENCIA-FINANCIADORA="" NOME-DA-AGENCIA="" TIPO-DE-ORIENTACAO-CONCLUIDA="CO_ORIENTADOR" NUMERO-DE-PAGINAS="" NUMERO-ID-ORIENTADO="" NOME-DO-CURSO-INGLES=""/><PALAVRAS-CHAVE PALAVRA-CHAVE-1="Produção" PALAVRA-CHAVE-2="Segurança do Trabalho" PALAVRA-CHAVE-3="Indústria de Argamassa" PALAVRA-CHAVE-4="" PALAVRA-CHAVE-5="" PALAVRA-CHAVE-6=""/><AREAS-DO-CONHECIMENTO><AREA-DO-CONHECIMENTO-1 NOME-GRANDE-AREA-DO-CONHECIMENTO="ENGENHARIAS" NOME-DA-AREA-DO-CONHECIMENTO="" NOME-DA-SUB-AREA-DO-CONHECIMENTO="" NOME-DA-ESPECIALIDADE=""/></AREAS-DO-CONHECIMENTO><INFORMACOES-ADICIONAIS DESCRICAO-INFORMACOES-ADICIONAIS="Dissertação em conjunto com o aluno Raphael Anibal G. O. Sampaio" DESCRICAO-INFORMACOES-ADICIONAIS-INGLES=""/></OUTRAS-ORIENTACOES-CONCLUIDAS><OUTRAS-ORIENTACOES-CONCLUIDAS SEQUENCIA-PRODUCAO="2"><DADOS-BASICOS-DE-OUTRAS-ORIENTACOES-CONCLUIDAS NATUREZA="TRABALHO_DE_CONCLUSAO_DE_CURSO_GRADUACAO" TIPO="" TITULO="Evolução da Produção" ANO="2012" PAIS="Brasil" IDIOMA="Português" HOME-PAGE="www.unisuam.edu.br" FLAG-RELEVANCIA="NAO" DOI="" TITULO-INGLES="" TIPO-INGLES=""/><DETALHAMENTO-DE-OUTRAS-ORIENTACOES-CONCLUIDAS NOME-DO-ORIENTADO="Dalmo Alves Alvarenga" CODIGO-INSTITUICAO="201900000008" NOME-DA-INSTITUICAO="Centro Universitário Augusto Motta" CODIGO-CURSO="60279583" NOME-DO-CURSO="Engenharia de Produção" FLAG-BOLSA="NAO" CODIGO-AGENCIA-FINANCIADORA="" NOME-DA-AGENCIA="" TIPO-DE-ORIENTACAO-CONCLUIDA="CO_ORIENTADOR" NUMERO-DE-PAGINAS="" NUMERO-ID-ORIENTADO="" NOME-DO-CURSO-INGLES=""/></OUTRAS-ORIENTACOES-CONCLUIDAS><OUTRAS-ORIENTACOES-CONCLUIDAS SEQUENCIA-PRODUCAO="9"><DADOS-BASICOS-DE-OUTRAS-ORIENTACOES-CONCLUIDAS NATUREZA="TRABALHO_DE_CONCLUSAO_DE_CURSO_GRADUACAO" TIPO="" TITULO="Aspectos Seg. Trab. Saúde Ocup. Ind. Argamassa: Estudo de Caso" ANO="2012" PAIS="Brasil" IDIOMA="Português" HOME-PAGE="www.unisuam.edu.br" FLAG-RELEVANCIA="NAO" DOI="" TITULO-INGLES="" TIPO-INGLES=""/><DETALHAMENTO-DE-OUTRAS-ORIENTACOES-CONCLUIDAS NOME-DO-ORIENTADO="Raphael Anibal G. O. Sampaio" CODIGO-INSTITUICAO="201900000008" NOME-DA-INSTITUICAO="Centro Universitário Augusto Motta" CODIGO-CURSO="60183098" NOME-DO-CURSO="Engenharia de Produção" FLAG-BOLSA="NAO" CODIGO-AGENCIA-FINANCIADORA="" NOME-DA-AGENCIA="" TIPO-DE-ORIENTACAO-CONCLUIDA="CO_ORIENTADOR" NUMERO-DE-PAGINAS="" NUMERO-ID-ORIENTADO="" NOME-DO-CURSO-INGLES=""/><PALAVRAS-CHAVE PALAVRA-CHAVE-1="Indústria de Argamassa" PALAVRA-CHAVE-2="Produção" PALAVRA-CHAVE-3="Segurança do Trabalho" PALAVRA-CHAVE-4="" PALAVRA-CHAVE-5="" PALAVRA-CHAVE-6=""/><INFORMACOES-ADICIONAIS DESCRICAO-INFORMACOES-ADICIONAIS="Dissertação em conjunto com o aluno Nilton da Silva Fumaça." DESCRICAO-INFORMACOES-ADICIONAIS-INGLES=""/></OUTRAS-ORIENTACOES-CONCLUIDAS><OUTRAS-ORIENTACOES-CONCLUIDAS SEQUENCIA-PRODUCAO="18"><DADOS-BASICOS-DE-OUTRAS-ORIENTACOES-CONCLUIDAS NATUREZA="ORIENTACAO-DE-OUTRA-NATUREZA" TIPO="" TITULO="Estágio Supervisionado 150h" ANO="2014" PAIS="Brasil" IDIOMA="Português" HOME-PAGE="www.unisuam.edu.br" FLAG-RELEVANCIA="NAO" DOI="" TITULO-INGLES="" TIPO-INGLES=""/><DETALHAMENTO-DE-OUTRAS-ORIENTACOES-CONCLUIDAS NOME-DO-ORIENTADO="Aline Braga Dias" CODIGO-INSTITUICAO="201900000008" NOME-DA-INSTITUICAO="Centro Universitário Augusto Motta" CODIGO-CURSO="60268530" NOME-DO-CURSO="Administração" FLAG-BOLSA="NAO" CODIGO-AGENCIA-FINANCIADORA="" NOME-DA-AGENCIA="" TIPO-DE-ORIENTACAO-CONCLUIDA="CO_ORIENTADOR" NUMERO-DE-PAGINAS="" NUMERO-ID-ORIENTADO="" NOME-DO-CURSO-INGLES=""/><INFORMACOES-ADICIONAIS DESCRICAO-INFORMACOES-ADICIONAIS="Orientar os alunos em estágios internos. Cada aluno cumpre 150 hora de trabalho." DESCRICAO-INFORMACOES-ADICIONAIS-INGLES=""/></OUTRAS-ORIENTACOES-CONCLUIDAS><OUTRAS-ORIENTACOES-CONCLUIDAS SEQUENCIA-PRODUCAO="19"><DADOS-BASICOS-DE-OUTRAS-ORIENTACOES-CONCLUIDAS NATUREZA="ORIENTACAO-DE-OUTRA-NATUREZA" TIPO="" TITULO="Estágio Supervisionado 300h" ANO="2014" PAIS="Brasil" IDIOMA="Português" HOME-PAGE="www.unisuam.edu.br" FLAG-RELEVANCIA="NAO" DOI="" TITULO-INGLES="" TIPO-INGLES=""/><DETALHAMENTO-DE-OUTRAS-ORIENTACOES-CONCLUIDAS NOME-DO-ORIENTADO="Vários alunos do 8o período." CODIGO-INSTITUICAO="201900000008" NOME-DA-INSTITUICAO="Centro Universitário Augusto Motta" CODIGO-CURSO="60268530" NOME-DO-CURSO="Administração" FLAG-BOLSA="NAO" CODIGO-AGENCIA-FINANCIADORA="" NOME-DA-AGENCIA="" TIPO-DE-ORIENTACAO-CONCLUIDA="CO_ORIENTADOR" NUMERO-DE-PAGINAS="" NUMERO-ID-ORIENTADO="" NOME-DO-CURSO-INGLES=""/><INFORMACOES-ADICIONAIS DESCRICAO-INFORMACOES-ADICIONAIS="Orientação de alunos do 8o, período em estágio interno de 300 horas. Este trabalho vem sendo desenvolvido desde 2014.2." DESCRICAO-INFORMACOES-ADICIONAIS-INGLES=""/></OUTRAS-ORIENTACOES-CONCLUIDAS><OUTRAS-ORIENTACOES-CONCLUIDAS SEQUENCIA-PRODUCAO="20"><DADOS-BASICOS-DE-OUTRAS-ORIENTACOES-CONCLUIDAS NATUREZA="ORIENTACAO-DE-OUTRA-NATUREZA" TIPO="" TITULO="Disciplina Seminário de Pesquisa" ANO="2014" PAIS="Brasil" IDIOMA="Português" HOME-PAGE="www.unisuam.edu.br" FLAG-RELEVANCIA="NAO" DOI="" TITULO-INGLES="" TIPO-INGLES=""/><DETALHAMENTO-DE-OUTRAS-ORIENTACOES-CONCLUIDAS NOME-DO-ORIENTADO="Diversos alunos." CODIGO-INSTITUICAO="201900000008" NOME-DA-INSTITUICAO="Centro Universitário Augusto Motta" CODIGO-CURSO="60268530" NOME-DO-CURSO="Administração" FLAG-BOLSA="NAO" CODIGO-AGENCIA-FINANCIADORA="" NOME-DA-AGENCIA="" TIPO-DE-ORIENTACAO-CONCLUIDA="CO_ORIENTADOR" NUMERO-DE-PAGINAS="" NUMERO-ID-ORIENTADO="" NOME-DO-CURSO-INGLES=""/><INFORMACOES-ADICIONAIS DESCRICAO-INFORMACOES-ADICIONAIS="Orientação de pesquisa aplicada para a elaboração de artigos científicos por parte de alunos graduandos. A orientação iniciou-se em 2014.2." DESCRICAO-INFORMACOES-ADICIONAIS-INGLES=""/></OUTRAS-ORIENTACOES-CONCLUIDAS><OUTRAS-ORIENTACOES-CONCLUIDAS SEQUENCIA-PRODUCAO="22"><DADOS-BASICOS-DE-OUTRAS-ORIENTACOES-CONCLUIDAS NATUREZA="ORIENTACAO-DE-OUTRA-NATUREZA" TIPO="" TITULO="Estágio Supervisionado 150 h" ANO="2014" PAIS="Brasil" IDIOMA="Português" HOME-PAGE="www.unisuam.edu.br" FLAG-RELEVANCIA="NAO" DOI="" TITULO-INGLES="" TIPO-INGLES=""/><DETALHAMENTO-DE-OUTRAS-ORIENTACOES-CONCLUIDAS NOME-DO-ORIENTADO="Alyne de Souza Nogueira de Oliveira" CODIGO-INSTITUICAO="201900000008" NOME-DA-INSTITUICAO="Centro Universitário Augusto Motta" CODIGO-CURSO="60213701" NOME-DO-CURSO="Administração" FLAG-BOLSA="NAO" CODIGO-AGENCIA-FINANCIADORA="" NOME-DA-AGENCIA="" TIPO-DE-ORIENTACAO-CONCLUIDA="CO_ORIENTADOR" NUMERO-DE-PAGINAS="" NUMERO-ID-ORIENTADO="" NOME-DO-CURSO-INGLES=""/><INFORMACOES-ADICIONAIS DESCRICAO-INFORMACOES-ADICIONAIS="Orientar os alunos em estágios internos. Cada aluno cumpre 150 horas de trabalho." DESCRICAO-INFORMACOES-ADICIONAIS-INGLES=""/></OUTRAS-ORIENTACOES-CONCLUIDAS><OUTRAS-ORIENTACOES-CONCLUIDAS SEQUENCIA-PRODUCAO="21"><DADOS-BASICOS-DE-OUTRAS-ORIENTACOES-CONCLUIDAS NATUREZA="ORIENTACAO-DE-OUTRA-NATUREZA" TIPO="" TITULO="Estágio Supervisionado 150 h" ANO="2014" PAIS="Brasil" IDIOMA="Português" HOME-PAGE="www.unisuam.edu.br" FLAG-RELEVANCIA="NAO" DOI="" TITULO-INGLES="" TIPO-INGLES=""/><DETALHAMENTO-DE-OUTRAS-ORIENTACOES-CONCLUIDAS NOME-DO-ORIENTADO="Allan Carlos Gomes da Silva" CODIGO-INSTITUICAO="201900000008" NOME-DA-INSTITUICAO="Centro Universitário Augusto Motta" CODIGO-CURSO="60213701" NOME-DO-CURSO="Administração" FLAG-BOLSA="NAO" CODIGO-AGENCIA-FINANCIADORA="" NOME-DA-AGENCIA="" TIPO-DE-ORIENTACAO-CONCLUIDA="CO_ORIENTADOR" NUMERO-DE-PAGINAS="" NUMERO-ID-ORIENTADO="" NOME-DO-CURSO-INGLES=""/><INFORMACOES-ADICIONAIS DESCRICAO-INFORMACOES-ADICIONAIS="Orientar os alunos em estágios internos. Cada aluno cumpre 150 horas de trabalho." DESCRICAO-INFORMACOES-ADICIONAIS-INGLES=""/></OUTRAS-ORIENTACOES-CONCLUIDAS></ORIENTACOES-CONCLUIDAS></OUTRA-PRODUCAO><DADOS-COMPLEMENTARES><PARTICIPACAO-EM-BANCA-TRABALHOS-CONCLUSAO><PARTICIPACAO-EM-BANCA-DE-MESTRADO SEQUENCIA-PRODUCAO="10"><DADOS-BASICOS-DA-PARTICIPACAO-EM-BANCA-DE-MESTRADO NATUREZA="Mestrado" TIPO="NAO_INFORMADO" TITULO="A Relação entre a Cultura Empreendedora e o Sucesso das Incubadoras de Empresas no Estado do Rio de Janeiro" ANO="2004" PAIS="Brasil" IDIOMA="Português" HOME-PAGE="" DOI="" TITULO-INGLES=""/><DETALHAMENTO-DA-PARTICIPACAO-EM-BANCA-DE-MESTRADO NOME-DO-CANDIDATO="Paulo Wilton da Luz Camara" CODIGO-INSTITUICAO="021100000005" NOME-INSTITUICAO="Universidade Federal Rural do Rio de Janeiro" CODIGO-ORGAO="" NOME-ORGAO="" CODIGO-CURSO="90000002" NOME-CURSO="Programa de Mestrado Profissional em Gestão e Estr" NOME-CURSO-INGLES=""/><PARTICIPANTE-BANCA NOME-COMPLETO-DO-PARTICIPANTE-DA-BANCA="Ana Lúcia dos Santos Barbosa" NOME-PARA-CITACAO-DO-PARTICIPANTE-DA-BANCA="BARBOSA, A. L. S." ORDEM-PARTICIPANTE="1" NRO-ID-CNPQ=""/><PARTICIPANTE-BANCA NOME-COMPLETO-DO-PARTICIPANTE-DA-BANCA="Stella Regina Reis da Costa" NOME-PARA-CITACAO-DO-PARTICIPANTE-DA-BANCA="COSTA, S. R. R." ORDEM-PARTICIPANTE="2" NRO-ID-CNPQ=""/><PARTICIPANTE-BANCA NOME-COMPLETO-DO-PARTICIPANTE-DA-BANCA="Vanise Rios Gonçalves" NOME-PARA-CITACAO-DO-PARTICIPANTE-DA-BANCA="GONÇALVES, V. R." ORDEM-PARTICIPANTE="3" NRO-ID-CNPQ="0701410607312253"/><PALAVRAS-CHAVE PALAVRA-CHAVE-1="Incubadoras de Empresas" PALAVRA-CHAVE-2="Empreendedorismo" PALAVRA-CHAVE-3="Desenvolvimento" PALAVRA-CHAVE-4="" PALAVRA-CHAVE-5="" PALAVRA-CHAVE-6=""/></PARTICIPACAO-EM-BANCA-DE-MESTRADO><PARTICIPACAO-EM-BANCA-DE-GRADUACAO SEQUENCIA-PRODUCAO="11"><DADOS-BASICOS-DA-PARTICIPACAO-EM-BANCA-DE-GRADUACAO NATUREZA="Graduação" TITULO="BPMS para Gestão da Armazenagem" ANO="2015" PAIS="Brasil" IDIOMA="Português" HOME-PAGE="www.unisuam.edu.br" DOI="" TITULO-INGLES=""/><DETALHAMENTO-DA-PARTICIPACAO-EM-BANCA-DE-GRADUACAO NOME-DO-CANDIDATO="Carolline Gonçalves de Souza" CODIGO-INSTITUICAO="201900000008" NOME-INSTITUICAO="Centro Universitário Augusto Motta" CODIGO-ORGAO="" NOME-ORGAO="" CODIGO-CURSO="60279583" NOME-CURSO="Engenharia de Produção" NOME-CURSO-INGLES=""/><PARTICIPANTE-BANCA NOME-COMPLETO-DO-PARTICIPANTE-DA-BANCA="Márcio Alves Suzano" NOME-PARA-CITACAO-DO-PARTICIPANTE-DA-BANCA="SUZANO, M. A." ORDEM-PARTICIPANTE="1" NRO-ID-CNPQ=""/><PARTICIPANTE-BANCA NOME-COMPLETO-DO-PARTICIPANTE-DA-BANCA="Newton Ferro" NOME-PARA-CITACAO-DO-PARTICIPANTE-DA-BANCA="FERRO, N." ORDEM-PARTICIPANTE="2" NRO-ID-CNPQ=""/><PARTICIPANTE-BANCA NOME-COMPLETO-DO-PARTICIPANTE-DA-BANCA="Vanise Rios Gonçalves" NOME-PARA-CITACAO-DO-PARTICIPANTE-DA-BANCA="GONÇALVES, V. R." ORDEM-PARTICIPANTE="3" NRO-ID-CNPQ="0701410607312253"/><PALAVRAS-CHAVE PALAVRA-CHAVE-1="Produção" PALAVRA-CHAVE-2="Armazenagem" PALAVRA-CHAVE-3="" PALAVRA-CHAVE-4="" PALAVRA-CHAVE-5="" PALAVRA-CHAVE-6=""/></PARTICIPACAO-EM-BANCA-DE-GRADUACAO><PARTICIPACAO-EM-BANCA-DE-GRADUACAO SEQUENCIA-PRODUCAO="12"><DADOS-BASICOS-DA-PARTICIPACAO-EM-BANCA-DE-GRADUACAO NATUREZA="Graduação" TITULO="Segurança do Trabalho e a Importância da Utilização dos EPI" ANO="2015" PAIS="Brasil" IDIOMA="Português" HOME-PAGE="www.unisuam.edu.br" DOI="" TITULO-INGLES=""/><DETALHAMENTO-DA-PARTICIPACAO-EM-BANCA-DE-GRADUACAO NOME-DO-CANDIDATO="Cristiano Pedroza Martins" CODIGO-INSTITUICAO="201900000008" NOME-INSTITUICAO="Centro Universitário Augusto Motta" CODIGO-ORGAO="" NOME-ORGAO="" CODIGO-CURSO="60183098" NOME-CURSO="Engenharia de Produção" NOME-CURSO-INGLES=""/><PARTICIPANTE-BANCA NOME-COMPLETO-DO-PARTICIPANTE-DA-BANCA="Márcio Alves Suzano" NOME-PARA-CITACAO-DO-PARTICIPANTE-DA-BANCA="SUZANO, M. A." ORDEM-PARTICIPANTE="1" NRO-ID-CNPQ=""/><PARTICIPANTE-BANCA NOME-COMPLETO-DO-PARTICIPANTE-DA-BANCA="Newton Ferro" NOME-PARA-CITACAO-DO-PARTICIPANTE-DA-BANCA="FERRO, N." ORDEM-PARTICIPANTE="2" NRO-ID-CNPQ=""/><PARTICIPANTE-BANCA NOME-COMPLETO-DO-PARTICIPANTE-DA-BANCA="Vanise Rios Gonçalves" NOME-PARA-CITACAO-DO-PARTICIPANTE-DA-BANCA="GONÇALVES, V. R." ORDEM-PARTICIPANTE="3" NRO-ID-CNPQ="0701410607312253"/><PALAVRAS-CHAVE PALAVRA-CHAVE-1="EPI" PALAVRA-CHAVE-2="Produção" PALAVRA-CHAVE-3="Segurança do Trabalho" PALAVRA-CHAVE-4="" PALAVRA-CHAVE-5="" PALAVRA-CHAVE-6=""/></PARTICIPACAO-EM-BANCA-DE-GRADUACAO><PARTICIPACAO-EM-BANCA-DE-GRADUACAO SEQUENCIA-PRODUCAO="13"><DADOS-BASICOS-DA-PARTICIPACAO-EM-BANCA-DE-GRADUACAO NATUREZA="Graduação" TITULO="Planejamento estratégico como Ferramenta de Competitividade para Micro e Pequenas Empresas" ANO="2015" PAIS="Brasil" IDIOMA="Português" HOME-PAGE="www,unisuam.edu.br" DOI="" TITULO-INGLES=""/><DETALHAMENTO-DA-PARTICIPACAO-EM-BANCA-DE-GRADUACAO NOME-DO-CANDIDATO="Diego Diniz Carvalho" CODIGO-INSTITUICAO="201900000008" NOME-INSTITUICAO="Centro Universitário Augusto Motta" CODIGO-ORGAO="" NOME-ORGAO="" CODIGO-CURSO="60183098" NOME-CURSO="Engenharia de Produção" NOME-CURSO-INGLES=""/><PARTICIPANTE-BANCA NOME-COMPLETO-DO-PARTICIPANTE-DA-BANCA="Márcio Alves Suzano" NOME-PARA-CITACAO-DO-PARTICIPANTE-DA-BANCA="SUZANO, M. A." ORDEM-PARTICIPANTE="1" NRO-ID-CNPQ=""/><PARTICIPANTE-BANCA NOME-COMPLETO-DO-PARTICIPANTE-DA-BANCA="Newton Ferro" NOME-PARA-CITACAO-DO-PARTICIPANTE-DA-BANCA="FERRO, N." ORDEM-PARTICIPANTE="2" NRO-ID-CNPQ=""/><PARTICIPANTE-BANCA NOME-COMPLETO-DO-PARTICIPANTE-DA-BANCA="Vanise Rios Gonçalves" NOME-PARA-CITACAO-DO-PARTICIPANTE-DA-BANCA="GONÇALVES, V. R." ORDEM-PARTICIPANTE="3" NRO-ID-CNPQ="0701410607312253"/><PALAVRAS-CHAVE PALAVRA-CHAVE-1="Planejamento Estratégico" PALAVRA-CHAVE-2="Micro e Pequenas Empresas" PALAVRA-CHAVE-3="Competitividade" PALAVRA-CHAVE-4="" PALAVRA-CHAVE-5="" PALAVRA-CHAVE-6=""/></PARTICIPACAO-EM-BANCA-DE-GRADUACAO><PARTICIPACAO-EM-BANCA-DE-GRADUACAO SEQUENCIA-PRODUCAO="14"><DADOS-BASICOS-DA-PARTICIPACAO-EM-BANCA-DE-GRADUACAO NATUREZA="Graduação" TITULO="Acidente do Trabalho com Exposição à Material Biológico" ANO="2015" PAIS="Brasil" IDIOMA="Português" HOME-PAGE="www.unisuam.edu.br" DOI="" TITULO-INGLES=""/><DETALHAMENTO-DA-PARTICIPACAO-EM-BANCA-DE-GRADUACAO NOME-DO-CANDIDATO="Juliano Oliveira Santos" CODIGO-INSTITUICAO="201900000008" NOME-INSTITUICAO="Centro Universitário Augusto Motta" CODIGO-ORGAO="" NOME-ORGAO="" CODIGO-CURSO="60183098" NOME-CURSO="Engenharia de Produção" NOME-CURSO-INGLES=""/><PARTICIPANTE-BANCA NOME-COMPLETO-DO-PARTICIPANTE-DA-BANCA="Márcio Alves Suzano" NOME-PARA-CITACAO-DO-PARTICIPANTE-DA-BANCA="SUZANO, M. A." ORDEM-PARTICIPANTE="1" NRO-ID-CNPQ=""/><PARTICIPANTE-BANCA NOME-COMPLETO-DO-PARTICIPANTE-DA-BANCA="Newton Ferro" NOME-PARA-CITACAO-DO-PARTICIPANTE-DA-BANCA="FERRO, N." ORDEM-PARTICIPANTE="2" NRO-ID-CNPQ=""/><PARTICIPANTE-BANCA NOME-COMPLETO-DO-PARTICIPANTE-DA-BANCA="Vanise Rios Gonçalves" NOME-PARA-CITACAO-DO-PARTICIPANTE-DA-BANCA="GONÇALVES, V. R." ORDEM-PARTICIPANTE="3" NRO-ID-CNPQ="0701410607312253"/><PALAVRAS-CHAVE PALAVRA-CHAVE-1="Segurança do Trabalho" PALAVRA-CHAVE-2="Acidente de Trabalho" PALAVRA-CHAVE-3="Material Biológico" PALAVRA-CHAVE-4="" PALAVRA-CHAVE-5="" PALAVRA-CHAVE-6=""/></PARTICIPACAO-EM-BANCA-DE-GRADUACAO><PARTICIPACAO-EM-BANCA-DE-GRADUACAO SEQUENCIA-PRODUCAO="15"><DADOS-BASICOS-DA-PARTICIPACAO-EM-BANCA-DE-GRADUACAO NATUREZA="Graduação" TITULO="Otimização de Processos Produtivos em uma Empresa de Construção Civil Através dos Conceitos da Manufatura" ANO="2015" PAIS="Brasil" IDIOMA="Português" HOME-PAGE="www.unisuam.edu.br" DOI="" TITULO-INGLES=""/><DETALHAMENTO-DA-PARTICIPACAO-EM-BANCA-DE-GRADUACAO NOME-DO-CANDIDATO="Michelly Cristina Nascimento de Albuquerque" CODIGO-INSTITUICAO="201900000008" NOME-INSTITUICAO="Centro Universitário Augusto Motta" CODIGO-ORGAO="" NOME-ORGAO="" CODIGO-CURSO="60183098" NOME-CURSO="Engenharia de Produção" NOME-CURSO-INGLES=""/><PARTICIPANTE-BANCA NOME-COMPLETO-DO-PARTICIPANTE-DA-BANCA="Márcio Alves Suzano" NOME-PARA-CITACAO-DO-PARTICIPANTE-DA-BANCA="SUZANO, M. A." ORDEM-PARTICIPANTE="1" NRO-ID-CNPQ=""/><PARTICIPANTE-BANCA NOME-COMPLETO-DO-PARTICIPANTE-DA-BANCA="Newton Ferro" NOME-PARA-CITACAO-DO-PARTICIPANTE-DA-BANCA="FERRO, N." ORDEM-PARTICIPANTE="2" NRO-ID-CNPQ=""/><PARTICIPANTE-BANCA NOME-COMPLETO-DO-PARTICIPANTE-DA-BANCA="Vanise Rios Gonçalves" NOME-PARA-CITACAO-DO-PARTICIPANTE-DA-BANCA="GONÇALVES, V. R." ORDEM-PARTICIPANTE="3" NRO-ID-CNPQ="0701410607312253"/><PALAVRAS-CHAVE PALAVRA-CHAVE-1="Processos Produtivos" PALAVRA-CHAVE-2="Construção Civil" PALAVRA-CHAVE-3="Manufatura" PALAVRA-CHAVE-4="" PALAVRA-CHAVE-5="" PALAVRA-CHAVE-6=""/></PARTICIPACAO-EM-BANCA-DE-GRADUACAO></PARTICIPACAO-EM-BANCA-TRABALHOS-CONCLUSAO><PARTICIPACAO-EM-EVENTOS-CONGRESSOS><PARTICIPACAO-EM-CONGRESSO SEQUENCIA-PRODUCAO="6"><PARTICIPANTE-DE-EVENTOS-CONGRESSOS NOME-COMPLETO-DO-PARTICIPANTE-DE-EVENTOS-CONGRESSOS="Vanise Rios Gonçalves" NOME-PARA-CITACAO-DO-PARTICIPANTE-DE-EVENTOS-CONGRESSOS="GONÇALVES, V. R." ORDEM-PARTICIPANTE="1" NRO-ID-CNPQ="0701410607312253"/><DADOS-BASICOS-DA-PARTICIPACAO-EM-CONGRESSO NATUREZA="Congresso" TITULO="Encontro de Professores e Coordenadores dos Cursos de Administração do Estado do Rio de Janeiro" ANO="2004" PAIS="Brasil" IDIOMA="" MEIO-DE-DIVULGACAO="NAO_INFORMADO" HOME-PAGE-DO-TRABALHO="" FLAG-RELEVANCIA="NAO" TIPO-PARTICIPACAO="Outras formas" FORMA-PARTICIPACAO="Participante" DOI="" TITULO-INGLES="" FLAG-DIVULGACAO-CIENTIFICA="NAO"/><DETALHAMENTO-DA-PARTICIPACAO-EM-CONGRESSO NOME-DO-EVENTO="VIII EPROCAD" CODIGO-INSTITUICAO="" NOME-INSTITUICAO="" LOCAL-DO-EVENTO="" CIDADE-DO-EVENTO="Rio de Janeiro - RJ" NOME-DO-EVENTO-INGLES=""/></PARTICIPACAO-EM-CONGRESSO><PARTICIPACAO-EM-SEMINARIO SEQUENCIA-PRODUCAO="5"><PARTICIPANTE-DE-EVENTOS-CONGRESSOS NOME-COMPLETO-DO-PARTICIPANTE-DE-EVENTOS-CONGRESSOS="Vanise Rios Gonçalves" NOME-PARA-CITACAO-DO-PARTICIPANTE-DE-EVENTOS-CONGRESSOS="GONÇALVES, V. R." ORDEM-PARTICIPANTE="1" NRO-ID-CNPQ="0701410607312253"/><DADOS-BASICOS-DA-PARTICIPACAO-EM-SEMINARIO NATUREZA="Seminário" TITULO="Investment Valuation Seminar - A. Damodaran" ANO="1996" PAIS="Brasil" IDIOMA="" MEIO-DE-DIVULGACAO="NAO_INFORMADO" HOME-PAGE-DO-TRABALHO="" FLAG-RELEVANCIA="NAO" TIPO-PARTICIPACAO="Apresentação oral" FORMA-PARTICIPACAO="Participante" DOI="" TITULO-INGLES="" FLAG-DIVULGACAO-CIENTIFICA="NAO"/><DETALHAMENTO-DA-PARTICIPACAO-EM-SEMINARIO NOME-DO-EVENTO="IBMEC in Cooperation with Faculty of New York University Finance Dept Dt" CODIGO-INSTITUICAO="" NOME-INSTITUICAO="" LOCAL-DO-EVENTO="" CIDADE-DO-EVENTO="São Paulo" NOME-DO-EVENTO-INGLES=""/></PARTICIPACAO-EM-SEMINARIO><PARTICIPACAO-EM-SEMINARIO SEQUENCIA-PRODUCAO="7"><PARTICIPANTE-DE-EVENTOS-CONGRESSOS NOME-COMPLETO-DO-PARTICIPANTE-DE-EVENTOS-CONGRESSOS="Vanise Rios Gonçalves" NOME-PARA-CITACAO-DO-PARTICIPANTE-DE-EVENTOS-CONGRESSOS="GONÇALVES, V. R." ORDEM-PARTICIPANTE="1" NRO-ID-CNPQ="0701410607312253"/><DADOS-BASICOS-DA-PARTICIPACAO-EM-SEMINARIO NATUREZA="Seminário" TITULO="Modelagem Financeira - Modelo de Estoque de Caixa para Desembolsos Imediatos ou Atrasados" ANO="1995" PAIS="Brasil" IDIOMA="" MEIO-DE-DIVULGACAO="NAO_INFORMADO" HOME-PAGE-DO-TRABALHO="" FLAG-RELEVANCIA="NAO" TIPO-PARTICIPACAO="Apresentação oral" FORMA-PARTICIPACAO="Participante" DOI="" TITULO-INGLES="" FLAG-DIVULGACAO-CIENTIFICA="NAO"/><DETALHAMENTO-DA-PARTICIPACAO-EM-SEMINARIO NOME-DO-EVENTO="XXVII Simpósio Brasileiro de Pesquisa Operacional" CODIGO-INSTITUICAO="" NOME-INSTITUICAO="" LOCAL-DO-EVENTO="" CIDADE-DO-EVENTO="Vitória - ES" NOME-DO-EVENTO-INGLES=""/></PARTICIPACAO-EM-SEMINARIO><PARTICIPACAO-EM-SEMINARIO SEQUENCIA-PRODUCAO="4"><PARTICIPANTE-DE-EVENTOS-CONGRESSOS NOME-COMPLETO-DO-PARTICIPANTE-DE-EVENTOS-CONGRESSOS="Vanise Rios Gonçalves" NOME-PARA-CITACAO-DO-PARTICIPANTE-DE-EVENTOS-CONGRESSOS="GONÇALVES, V. R." ORDEM-PARTICIPANTE="1" NRO-ID-CNPQ="0701410607312253"/><DADOS-BASICOS-DA-PARTICIPACAO-EM-SEMINARIO NATUREZA="Seminário" TITULO="O Mercado de Capitais &amp;amp; Responsabilidade Social" ANO="2004" PAIS="Brasil" IDIOMA="" MEIO-DE-DIVULGACAO="NAO_INFORMADO" HOME-PAGE-DO-TRABALHO="" FLAG-RELEVANCIA="NAO" TIPO-PARTICIPACAO="Outras formas" FORMA-PARTICIPACAO="Participante" DOI="" TITULO-INGLES="" FLAG-DIVULGACAO-CIENTIFICA="NAO"/><DETALHAMENTO-DA-PARTICIPACAO-EM-SEMINARIO NOME-DO-EVENTO="Projeto Universo ABAMEC" CODIGO-INSTITUICAO="" NOME-INSTITUICAO="" LOCAL-DO-EVENTO="" CIDADE-DO-EVENTO="Rio de Janeiro - RJ" NOME-DO-EVENTO-INGLES=""/></PARTICIPACAO-EM-SEMINARIO></PARTICIPACAO-EM-EVENTOS-CONGRESSOS><ORIENTACOES-EM-ANDAMENTO><OUTRAS-ORIENTACOES-EM-ANDAMENTO SEQUENCIA-PRODUCAO="17"><DADOS-BASICOS-DE-OUTRAS-ORIENTACOES-EM-ANDAMENTO NATUREZA="Orientação de outra natureza" TITULO-DO-TRABALHO="Monitoria na disciplina Gestão Financeira e Orçamentária" ANO="2013" PAIS="Brasil" IDIOMA="Português" HOME-PAGE="www.unisuam,edu,br" DOI="" TITULO-DO-TRABALHO-INGLES=""/><DETALHAMENTO-DE-OUTRAS-ORIENTACOES-EM-ANDAMENTO NOME-DO-ORIENTANDO="Márcio fagundes Pereira" CODIGO-INSTITUICAO="201900000008" NOME-INSTITUICAO="Centro Universitário Augusto Motta" CODIGO-ORGAO="" NOME-ORGAO="" CODIGO-CURSO="60268530" NOME-CURSO="Administração" FLAG-BOLSA="NAO" CODIGO-AGENCIA-FINANCIADORA="" NOME-DA-AGENCIA="" NUMERO-ID-ORIENTANDO="" NOME-CURSO-INGLES=""/><AREAS-DO-CONHECIMENTO><AREA-DO-CONHECIMENTO-1 NOME-GRANDE-AREA-DO-CONHECIMENTO="CIENCIAS_SOCIAIS_APLICADAS" NOME-DA-AREA-DO-CONHECIMENTO="" NOME-DA-SUB-AREA-DO-CONHECIMENTO="" NOME-DA-ESPECIALIDADE=""/><AREA-DO-CONHECIMENTO-2 NOME-GRANDE-AREA-DO-CONHECIMENTO="CIENCIAS_SOCIAIS_APLICADAS" NOME-DA-AREA-DO-CONHECIMENTO="Administração" NOME-DA-SUB-AREA-DO-CONHECIMENTO="Administração de Empresas" NOME-DA-ESPECIALIDADE="Administração Financeira"/></AREAS-DO-CONHECIMENTO></OUTRAS-ORIENTACOES-EM-ANDAMENTO></ORIENTACOES-EM-ANDAMENTO><INFORMACOES-ADICIONAIS-INSTITUICOES><INFORMACAO-ADICIONAL-INSTITUICAO CODIGO-INSTITUICAO="000100000991" SIGLA-INSTITUICAO="UNIMSB" SIGLA-UF-INSTITUICAO="RJ" SIGLA-PAIS-INSTITUICAO="BRA" NOME-PAIS-INSTITUICAO="Brasil" FLAG-AGENCIA-FOMENTO="NAO" FLAG-INSTITUICAO-DE-ENSINO="NAO"/><INFORMACAO-ADICIONAL-INSTITUICAO CODIGO-INSTITUICAO="000101000995" SIGLA-INSTITUICAO="" SIGLA-UF-INSTITUICAO="RJ" SIGLA-PAIS-INSTITUICAO="BRA" NOME-PAIS-INSTITUICAO="Brasil" FLAG-AGENCIA-FOMENTO="NAO" FLAG-INSTITUICAO-DE-ENSINO="NAO"/><INFORMACAO-ADICIONAL-INSTITUICAO CODIGO-INSTITUICAO="000500000000" SIGLA-INSTITUICAO="UFF" SIGLA-UF-INSTITUICAO="RJ" SIGLA-PAIS-INSTITUICAO="BRA" NOME-PAIS-INSTITUICAO="Brasil" FLAG-AGENCIA-FOMENTO="NAO" FLAG-INSTITUICAO-DE-ENSINO="SIM"/><INFORMACAO-ADICIONAL-INSTITUICAO CODIGO-INSTITUICAO="020200000009" SIGLA-INSTITUICAO="UFRJ" SIGLA-UF-INSTITUICAO="RJ" SIGLA-PAIS-INSTITUICAO="BRA" NOME-PAIS-INSTITUICAO="Brasil" FLAG-AGENCIA-FOMENTO="NAO" FLAG-INSTITUICAO-DE-ENSINO="SIM"/><INFORMACAO-ADICIONAL-INSTITUICAO CODIGO-INSTITUICAO="201900000008" SIGLA-INSTITUICAO="UNISUAM" SIGLA-UF-INSTITUICAO="RJ" SIGLA-PAIS-INSTITUICAO="BRA" NOME-PAIS-INSTITUICAO="Brasil" FLAG-AGENCIA-FOMENTO="NAO" FLAG-INSTITUICAO-DE-ENSINO="SIM"/><INFORMACAO-ADICIONAL-INSTITUICAO CODIGO-INSTITUICAO="201901000990" SIGLA-INSTITUICAO="" SIGLA-UF-INSTITUICAO="RJ" SIGLA-PAIS-INSTITUICAO="BRA" NOME-PAIS-INSTITUICAO="Brasil" FLAG-AGENCIA-FOMENTO="NAO" FLAG-INSTITUICAO-DE-ENSINO="NAO"/><INFORMACAO-ADICIONAL-INSTITUICAO CODIGO-INSTITUICAO="419101000991" SIGLA-INSTITUICAO="" SIGLA-UF-INSTITUICAO="RJ" SIGLA-PAIS-INSTITUICAO="BRA" NOME-PAIS-INSTITUICAO="Brasil" FLAG-AGENCIA-FOMENTO="NAO" FLAG-INSTITUICAO-DE-ENSINO="NAO"/><INFORMACAO-ADICIONAL-INSTITUICAO CODIGO-INSTITUICAO="419102000995" SIGLA-INSTITUICAO="" SIGLA-UF-INSTITUICAO="RJ" SIGLA-PAIS-INSTITUICAO="BRA" NOME-PAIS-INSTITUICAO="Brasil" FLAG-AGENCIA-FOMENTO="NAO" FLAG-INSTITUICAO-DE-ENSINO="NAO"/><INFORMACAO-ADICIONAL-INSTITUICAO CODIGO-INSTITUICAO="595300000004" SIGLA-INSTITUICAO="MSB" SIGLA-UF-INSTITUICAO="RJ" SIGLA-PAIS-INSTITUICAO="BRA" NOME-PAIS-INSTITUICAO="Brasil" FLAG-AGENCIA-FOMENTO="NAO" FLAG-INSTITUICAO-DE-ENSINO="SIM"/><INFORMACAO-ADICIONAL-INSTITUICAO CODIGO-INSTITUICAO="595301000997" SIGLA-INSTITUICAO="" SIGLA-UF-INSTITUICAO="RJ" SIGLA-PAIS-INSTITUICAO="BRA" NOME-PAIS-INSTITUICAO="Brasil" FLAG-AGENCIA-FOMENTO="NAO" FLAG-INSTITUICAO-DE-ENSINO="NAO"/><INFORMACAO-ADICIONAL-INSTITUICAO CODIGO-INSTITUICAO="595302000990" SIGLA-INSTITUICAO="" SIGLA-UF-INSTITUICAO="RJ" SIGLA-PAIS-INSTITUICAO="BRA" NOME-PAIS-INSTITUICAO="Brasil" FLAG-AGENCIA-FOMENTO="NAO" FLAG-INSTITUICAO-DE-ENSINO="NAO"/><INFORMACAO-ADICIONAL-INSTITUICAO CODIGO-INSTITUICAO="985600042720" SIGLA-INSTITUICAO="UniverCidade" SIGLA-UF-INSTITUICAO="RJ" SIGLA-PAIS-INSTITUICAO="BRA" NOME-PAIS-INSTITUICAO="Brasil" FLAG-AGENCIA-FOMENTO="NAO" FLAG-INSTITUICAO-DE-ENSINO="SIM"/><INFORMACAO-ADICIONAL-INSTITUICAO CODIGO-INSTITUICAO="IXH000000000" SIGLA-INSTITUICAO="IBMEC" SIGLA-UF-INSTITUICAO="SP" SIGLA-PAIS-INSTITUICAO="BRA" NOME-PAIS-INSTITUICAO="Brasil" FLAG-AGENCIA-FOMENTO="NAO" FLAG-INSTITUICAO-DE-ENSINO="SIM"/></INFORMACOES-ADICIONAIS-INSTITUICOES><INFORMACOES-ADICIONAIS-CURSOS><INFORMACAO-ADICIONAL-CURSO CODIGO-CURSO="31000355" CODIGO-ORGAO="" NOME-ORGAO="" CODIGO-INSTITUICAO="020200000009" NOME-INSTITUICAO="Universidade Federal do Rio de Janeiro" NOME-GRANDE-AREA-DO-CONHECIMENTO="ENGENHARIAS" NOME-DA-AREA-DO-CONHECIMENTO="Engenharia de Produção" NOME-DA-SUB-AREA-DO-CONHECIMENTO="" NOME-DA-ESPECIALIDADE="" NIVEL-CURSO="MESTRADO_DOUTORADO"/><INFORMACAO-ADICIONAL-CURSO CODIGO-CURSO="31020194" CODIGO-ORGAO="" NOME-ORGAO="" CODIGO-INSTITUICAO="000500000000" NOME-INSTITUICAO="Universidade Federal Fluminense" NOME-GRANDE-AREA-DO-CONHECIMENTO="ENGENHARIAS" NOME-DA-AREA-DO-CONHECIMENTO="Engenharia de Produção" NOME-DA-SUB-AREA-DO-CONHECIMENTO="" NOME-DA-ESPECIALIDADE="" NIVEL-CURSO="MESTRADO_DOUTORADO"/><INFORMACAO-ADICIONAL-CURSO CODIGO-CURSO="60183098" CODIGO-ORGAO="" NOME-ORGAO="" CODIGO-INSTITUICAO="201900000008" NOME-INSTITUICAO="Centro Universitário Augusto Motta" NOME-GRANDE-AREA-DO-CONHECIMENTO="OUTROS" NOME-DA-AREA-DO-CONHECIMENTO="" NOME-DA-SUB-AREA-DO-CONHECIMENTO="" NOME-DA-ESPECIALIDADE="" NIVEL-CURSO="GRADUACAO"/><INFORMACAO-ADICIONAL-CURSO CODIGO-CURSO="60213701" CODIGO-ORGAO="" NOME-ORGAO="" CODIGO-INSTITUICAO="201900000008" NOME-INSTITUICAO="Centro Universitário Augusto Motta" NOME-GRANDE-AREA-DO-CONHECIMENTO="OUTROS" NOME-DA-AREA-DO-CONHECIMENTO="" NOME-DA-SUB-AREA-DO-CONHECIMENTO="" NOME-DA-ESPECIALIDADE="" NIVEL-CURSO="GRADUACAO"/><INFORMACAO-ADICIONAL-CURSO CODIGO-CURSO="60217359" CODIGO-ORGAO="" NOME-ORGAO="" CODIGO-INSTITUICAO="000500000000" NOME-INSTITUICAO="Universidade Federal Fluminense" NOME-GRANDE-AREA-DO-CONHECIMENTO="OUTROS" NOME-DA-AREA-DO-CONHECIMENTO="" NOME-DA-SUB-AREA-DO-CONHECIMENTO="" NOME-DA-ESPECIALIDADE="" NIVEL-CURSO="GRADUACAO"/><INFORMACAO-ADICIONAL-CURSO CODIGO-CURSO="60268530" CODIGO-ORGAO="" NOME-ORGAO="" CODIGO-INSTITUICAO="201900000008" NOME-INSTITUICAO="Centro Universitário Augusto Motta" NOME-GRANDE-AREA-DO-CONHECIMENTO="OUTROS" NOME-DA-AREA-DO-CONHECIMENTO="" NOME-DA-SUB-AREA-DO-CONHECIMENTO="" NOME-DA-ESPECIALIDADE="" NIVEL-CURSO="GRADUACAO"/><INFORMACAO-ADICIONAL-CURSO CODIGO-CURSO="60279583" CODIGO-ORGAO="" NOME-ORGAO="" CODIGO-INSTITUICAO="201900000008" NOME-INSTITUICAO="Centro Universitário Augusto Motta" NOME-GRANDE-AREA-DO-CONHECIMENTO="OUTROS" NOME-DA-AREA-DO-CONHECIMENTO="" NOME-DA-SUB-AREA-DO-CONHECIMENTO="" NOME-DA-ESPECIALIDADE="" NIVEL-CURSO="GRADUACAO"/><INFORMACAO-ADICIONAL-CURSO CODIGO-CURSO="90000000" CODIGO-ORGAO="" NOME-ORGAO="" CODIGO-INSTITUICAO="000500000000" NOME-INSTITUICAO="Universidade Federal Fluminense" NOME-GRANDE-AREA-DO-CONHECIMENTO="ENGENHARIAS" NOME-DA-AREA-DO-CONHECIMENTO="Engenharia de Produção" NOME-DA-SUB-AREA-DO-CONHECIMENTO="" NOME-DA-ESPECIALIDADE="" NIVEL-CURSO="OT"/><INFORMACAO-ADICIONAL-CURSO CODIGO-CURSO="90000001" CODIGO-ORGAO="" NOME-ORGAO="" CODIGO-INSTITUICAO="201900000008" NOME-INSTITUICAO="Centro Universitário Augusto Motta" NOME-GRANDE-AREA-DO-CONHECIMENTO="ENGENHARIAS" NOME-DA-AREA-DO-CONHECIMENTO="Engenharia de Produção" NOME-DA-SUB-AREA-DO-CONHECIMENTO="" NOME-DA-ESPECIALIDADE="" NIVEL-CURSO="APERFEICOAMENTO"/><INFORMACAO-ADICIONAL-CURSO CODIGO-CURSO="90000002" CODIGO-ORGAO="" NOME-ORGAO="" CODIGO-INSTITUICAO="021100000005" NOME-INSTITUICAO="Universidade Federal Rural do Rio de Janeiro" NOME-GRANDE-AREA-DO-CONHECIMENTO="OUTROS" NOME-DA-AREA-DO-CONHECIMENTO="" NOME-DA-SUB-AREA-DO-CONHECIMENTO="" NOME-DA-ESPECIALIDADE="" NIVEL-CURSO="MESTRADO"/></INFORMACOES-ADICIONAIS-CURSOS></DADOS-COMPLEMENTARES><eventos/></CURRICULO-VITAE>