<CURRICULO-VITAE SISTEMA-ORIGEM-XML="LATTES_OFFLINE" NUMERO-IDENTIFICADOR="3676318479971959" FORMATO-DATA-ATUALIZACAO="DDMMAAAA" DATA-ATUALIZACAO="17102016" FORMATO-HORA-ATUALIZACAO="HHMMSS" HORA-ATUALIZACAO="145328"><DADOS-GERAIS NOME-COMPLETO="Silvana Macedo de Vasconcelos" NOME-EM-CITACOES-BIBLIOGRAFICAS="VASCONCELOS, Silvana Macedo de" NACIONALIDADE="B" PAIS-DE-NASCIMENTO="Brasil" FORMATO-DATA-DE-NASCIMENTO="DDMMAAAA" FORMATO-DATA-DE-EMISSAO="DDMMAAAA" PERMISSAO-DE-DIVULGACAO="NAO" DATA-FALECIMENTO="" SIGLA-PAIS-NACIONALIDADE="BRA" PAIS-DE-NACIONALIDADE="Brasil"><RESUMO-CV TEXTO-RESUMO-CV-RH="Possui mestrado em Engenharia Civil pela Universidade Federal do Rio de Janeiro (2010). Tem experiência na área de Engenharia Civil, com ênfase em Geotecnia, atuando principalmente nos seguintes temas: fundações e contenções." TEXTO-RESUMO-CV-RH-EN="master's at Civil Engineering from Universidade Federal do Rio de Janeiro (2010). Has experience in Civil Engineering, focusing on Mechanical of Ground, acting on the following subjects: planície costeira, caracterização geotécnica, solos arenosos finos, atividade coloidal and método de adsorção de azul de metileno."/><ENDERECO FLAG-DE-PREFERENCIA="ENDERECO_RESIDENCIAL"><ENDERECO-PROFISSIONAL CODIGO-INSTITUICAO-EMPRESA="000500000999" NOME-INSTITUICAO-EMPRESA="CRAF Engenharia Urbana" CODIGO-ORGAO="" NOME-ORGAO="" CODIGO-UNIDADE="" NOME-UNIDADE="" LOGRADOURO-COMPLEMENTO="Rua São Januário, 116 2º andar" PAIS="Brasil" UF="RJ" CEP="20921003" CIDADE="Rio de Janeiro" BAIRRO="São Cristóvão" DDD="21" TELEFONE="38601012" RAMAL="" FAX="" E-MAIL="silvana.vasconcelos@gmail.com" HOME-PAGE=""/></ENDERECO><FORMACAO-ACADEMICA-TITULACAO><GRADUACAO SEQUENCIA-FORMACAO="3" NIVEL="1" TITULO-DO-TRABALHO-DE-CONCLUSAO-DE-CURSO="" NOME-DO-ORIENTADOR="" CODIGO-INSTITUICAO="016700000000" NOME-INSTITUICAO="Universidade Federal do Rio Grande" CODIGO-ORGAO="" NOME-ORGAO="" CODIGO-CURSO="90000001" NOME-CURSO="Engenharia Civil" CODIGO-AREA-CURSO="90000001" STATUS-DO-CURSO="EM_ANDAMENTO" ANO-DE-INICIO="2002" ANO-DE-CONCLUSAO="" FLAG-BOLSA="NAO" CODIGO-AGENCIA-FINANCIADORA="" NOME-AGENCIA="" NUMERO-ID-ORIENTADOR="" CODIGO-CURSO-CAPES="" TITULO-DO-TRABALHO-DE-CONCLUSAO-DE-CURSO-INGLES="" NOME-CURSO-INGLES="" FORMACAO-ACADEMICA-TITULACAO="" TIPO-GRADUACAO="" CODIGO-INSTITUICAO-GRAD="" NOME-INSTITUICAO-GRAD="" CODIGO-INSTITUICAO-OUTRA-GRAD="" NOME-INSTITUICAO-OUTRA-GRAD="" NOME-ORIENTADOR-GRAD=""/><MESTRADO SEQUENCIA-FORMACAO="4" NIVEL="3" CODIGO-INSTITUICAO="020200000009" NOME-INSTITUICAO="Universidade Federal do Rio de Janeiro" CODIGO-ORGAO="" NOME-ORGAO="" CODIGO-CURSO="31000282" NOME-CURSO="Engenharia Civil" CODIGO-AREA-CURSO="30100003" STATUS-DO-CURSO="CONCLUIDO" ANO-DE-INICIO="2008" ANO-DE-CONCLUSAO="2010" FLAG-BOLSA="SIM" CODIGO-AGENCIA-FINANCIADORA="002200000000" NOME-AGENCIA="Conselho Nacional de Desenvolvimento Científico e Tecnológico" ANO-DE-OBTENCAO-DO-TITULO="2010" TITULO-DA-DISSERTACAO-TESE="Influência dos Carregamentos Externos nas Tensões e Deformações de Muros de Solo Reforçado" NOME-COMPLETO-DO-ORIENTADOR="Mauricio Ehrlich" TIPO-MESTRADO="N" NUMERO-ID-ORIENTADOR="4695065634049566" CODIGO-CURSO-CAPES="31001017028P0" TITULO-DA-DISSERTACAO-TESE-INGLES="" NOME-CURSO-INGLES="Civil Engineering" NOME-DO-CO-ORIENTADOR="" CODIGO-INSTITUICAO-DOUT="" NOME-INSTITUICAO-DOUT="" CODIGO-INSTITUICAO-OUTRA-DOUT="" NOME-INSTITUICAO-OUTRA-DOUT="" NOME-ORIENTADOR-DOUT=""><PALAVRAS-CHAVE PALAVRA-CHAVE-1="solo reforçado" PALAVRA-CHAVE-2="tensões nos reforços" PALAVRA-CHAVE-3="influência de cargas externas" PALAVRA-CHAVE-4="" PALAVRA-CHAVE-5="" PALAVRA-CHAVE-6=""/><AREAS-DO-CONHECIMENTO><AREA-DO-CONHECIMENTO-1 NOME-GRANDE-AREA-DO-CONHECIMENTO="ENGENHARIAS" NOME-DA-AREA-DO-CONHECIMENTO="" NOME-DA-SUB-AREA-DO-CONHECIMENTO="Geotécnica" NOME-DA-ESPECIALIDADE="Mecânicas dos Solos"/><AREA-DO-CONHECIMENTO-2 NOME-GRANDE-AREA-DO-CONHECIMENTO="ENGENHARIAS" NOME-DA-AREA-DO-CONHECIMENTO="Engenharia Civil" NOME-DA-SUB-AREA-DO-CONHECIMENTO="Geotécnica" NOME-DA-ESPECIALIDADE="Obras de Terra e Enrocamento"/><AREA-DO-CONHECIMENTO-3 NOME-GRANDE-AREA-DO-CONHECIMENTO="ENGENHARIAS" NOME-DA-AREA-DO-CONHECIMENTO="Engenharia Civil" NOME-DA-SUB-AREA-DO-CONHECIMENTO="Geotécnica" NOME-DA-ESPECIALIDADE="Fundações e Escavações"/></AREAS-DO-CONHECIMENTO><conceitoCapes/></MESTRADO><DOUTORADO SEQUENCIA-FORMACAO="5" NIVEL="4" CODIGO-INSTITUICAO="020200000009" NOME-INSTITUICAO="Universidade Federal do Rio de Janeiro" CODIGO-ORGAO="" NOME-ORGAO="" CODIGO-CURSO="60034408" NOME-CURSO="Engenharia Civil" CODIGO-AREA-CURSO="" STATUS-DO-CURSO="EM_ANDAMENTO" ANO-DE-INICIO="2015" ANO-DE-CONCLUSAO="" FLAG-BOLSA="SIM" CODIGO-AGENCIA-FINANCIADORA="002200000000" NOME-AGENCIA="Conselho Nacional de Desenvolvimento Científico e Tecnológico" ANO-DE-OBTENCAO-DO-TITULO="" TITULO-DA-DISSERTACAO-TESE="Avaliação da Previsão de tensões e deformações em colunas de brita por métodos analíticos e numéricos e instrumentação" NOME-COMPLETO-DO-ORIENTADOR="Marcio de Souza Soares de Almeida" TIPO-DOUTORADO="N" CODIGO-INSTITUICAO-DOUT="" NOME-INSTITUICAO-DOUT="" CODIGO-INSTITUICAO-OUTRA-DOUT="" NOME-INSTITUICAO-OUTRA-DOUT="" NOME-ORIENTADOR-DOUT="" NUMERO-ID-ORIENTADOR="3928718182243143" CODIGO-CURSO-CAPES="" TITULO-DA-DISSERTACAO-TESE-INGLES="" NOME-CURSO-INGLES="Engineering" NOME-DO-ORIENTADOR-CO-TUTELA="" CODIGO-INSTITUICAO-OUTRA-CO-TUTELA="" CODIGO-INSTITUICAO-CO-TUTELA="" NOME-DO-ORIENTADOR-SANDUICHE="" CODIGO-INSTITUICAO-OUTRA-SANDUICHE="" CODIGO-INSTITUICAO-SANDUICHE="" NOME-DO-CO-ORIENTADOR="Mario Vicente Riccio Filho"><PALAVRAS-CHAVE PALAVRA-CHAVE-1="solos moles" PALAVRA-CHAVE-2="aterros sobre solos moles" PALAVRA-CHAVE-3="coluna de brita" PALAVRA-CHAVE-4="instrumentação de campo" PALAVRA-CHAVE-5="análise numérica" PALAVRA-CHAVE-6=""/><AREAS-DO-CONHECIMENTO><AREA-DO-CONHECIMENTO-1 NOME-GRANDE-AREA-DO-CONHECIMENTO="ENGENHARIAS" NOME-DA-AREA-DO-CONHECIMENTO="" NOME-DA-SUB-AREA-DO-CONHECIMENTO="Geotécnica" NOME-DA-ESPECIALIDADE="Obras de Terra e Enrocamento"/><AREA-DO-CONHECIMENTO-2 NOME-GRANDE-AREA-DO-CONHECIMENTO="ENGENHARIAS" NOME-DA-AREA-DO-CONHECIMENTO="Engenharia Civil" NOME-DA-SUB-AREA-DO-CONHECIMENTO="Geotécnica" NOME-DA-ESPECIALIDADE="Fundações e Escavações"/><AREA-DO-CONHECIMENTO-3 NOME-GRANDE-AREA-DO-CONHECIMENTO="ENGENHARIAS" NOME-DA-AREA-DO-CONHECIMENTO="Engenharia Civil" NOME-DA-SUB-AREA-DO-CONHECIMENTO="Geotécnica" NOME-DA-ESPECIALIDADE="Mecânicas dos Solos"/></AREAS-DO-CONHECIMENTO><SETORES-DE-ATIVIDADE SETOR-DE-ATIVIDADE-1="Serviços especializados para construção" SETOR-DE-ATIVIDADE-2="Serviços de arquitetura e engenharia; testes e análises técnicas" SETOR-DE-ATIVIDADE-3="Obras de infra-estrutura"/><conceitoCapes/></DOUTORADO><ENSINO-FUNDAMENTAL-PRIMEIRO-GRAU SEQUENCIA-FORMACAO="1" NIVEL="B" CODIGO-INSTITUICAO="000100000991" NOME-INSTITUICAO="Colégio São José" STATUS-DO-CURSO="CONCLUIDO" ANO-DE-INICIO="1987" ANO-DE-CONCLUSAO="1994"/><ENSINO-MEDIO-SEGUNDO-GRAU SEQUENCIA-FORMACAO="2" NIVEL="C" CODIGO-INSTITUICAO="000200000993" NOME-INSTITUICAO="Centro Federal de Ensino Tecnológico" STATUS-DO-CURSO="CONCLUIDO" ANO-DE-INICIO="1996" ANO-DE-CONCLUSAO="2000"/></FORMACAO-ACADEMICA-TITULACAO><ATUACOES-PROFISSIONAIS><ATUACAO-PROFISSIONAL CODIGO-INSTITUICAO="000400000997" NOME-INSTITUICAO="Fundacon Estaqueamento e Construção" SEQUENCIA-ATIVIDADE="1" SEQUENCIA-IMPORTANCIA=""><VINCULOS SEQUENCIA-HISTORICO="1" TIPO-DE-VINCULO="LIVRE" ENQUADRAMENTO-FUNCIONAL="LIVRE" CARGA-HORARIA-SEMANAL="30" FLAG-DEDICACAO-EXCLUSIVA="NAO" MES-INICIO="5" ANO-INICIO="2000" MES-FIM="5" ANO-FIM="2001" OUTRAS-INFORMACOES="Estágio no Departamento de Fiscalização do SANEP" FLAG-VINCULO-EMPREGATICIO="SIM" OUTRO-VINCULO-INFORMADO="Estagiária" OUTRO-ENQUADRAMENTO-FUNCIONAL-INFORMADO="Estagiária" OUTRO-ENQUADRAMENTO-FUNCIONAL-INFORMADO-INGLES="" OUTRAS-INFORMACOES-INGLES=""/><VINCULOS SEQUENCIA-HISTORICO="2" TIPO-DE-VINCULO="LIVRE" ENQUADRAMENTO-FUNCIONAL="LIVRE" CARGA-HORARIA-SEMANAL="20" FLAG-DEDICACAO-EXCLUSIVA="NAO" MES-INICIO="4" ANO-INICIO="2000" MES-FIM="8" ANO-FIM="2000" OUTRAS-INFORMACOES="Estágio em obra de condomínio em Pelotas" FLAG-VINCULO-EMPREGATICIO="SIM" OUTRO-VINCULO-INFORMADO="Estagiária" OUTRO-ENQUADRAMENTO-FUNCIONAL-INFORMADO="Estagiária" OUTRO-ENQUADRAMENTO-FUNCIONAL-INFORMADO-INGLES="" OUTRAS-INFORMACOES-INGLES=""/><ATIVIDADES-DE-ESTAGIO><ESTAGIO SEQUENCIA-FUNCAO-ATIVIDADE="2" FLAG-PERIODO="ANTERIOR" MES-INICIO="4" ANO-INICIO="2000" MES-FIM="8" ANO-FIM="2000" CODIGO-ORGAO="000400000997" NOME-ORGAO="Fundacon Estaqueamento e Construção" CODIGO-UNIDADE="" NOME-UNIDADE="" ESTAGIO-REALIZADO="Estágio junto a obra de condomínio em Pelotas"/><ESTAGIO SEQUENCIA-FUNCAO-ATIVIDADE="1" FLAG-PERIODO="ANTERIOR" MES-INICIO="5" ANO-INICIO="2000" MES-FIM="5" ANO-FIM="2001" CODIGO-ORGAO="000301000999" NOME-ORGAO="Departamento de Fiscalização" CODIGO-UNIDADE="" NOME-UNIDADE="" ESTAGIO-REALIZADO="Estágio no Departamento de Fiscalização do SANEP"/></ATIVIDADES-DE-ESTAGIO><atividadesProfissionaisPlanificadas/></ATUACAO-PROFISSIONAL><ATUACAO-PROFISSIONAL CODIGO-INSTITUICAO="000300000995" NOME-INSTITUICAO="Serviço Autônomo de Saneamento de Pelotas" SEQUENCIA-ATIVIDADE="2" SEQUENCIA-IMPORTANCIA=""><VINCULOS SEQUENCIA-HISTORICO="1" TIPO-DE-VINCULO="LIVRE" ENQUADRAMENTO-FUNCIONAL="LIVRE" CARGA-HORARIA-SEMANAL="30" FLAG-DEDICACAO-EXCLUSIVA="NAO" MES-INICIO="5" ANO-INICIO="2000" MES-FIM="5" ANO-FIM="2001" OUTRAS-INFORMACOES="Estágio no Depto de Fiscalização do SANEP" FLAG-VINCULO-EMPREGATICIO="SIM" OUTRO-VINCULO-INFORMADO="Estagiária" OUTRO-ENQUADRAMENTO-FUNCIONAL-INFORMADO="Estagiária" OUTRO-ENQUADRAMENTO-FUNCIONAL-INFORMADO-INGLES="" OUTRAS-INFORMACOES-INGLES=""/><ATIVIDADES-DE-ESTAGIO><ESTAGIO SEQUENCIA-FUNCAO-ATIVIDADE="1" FLAG-PERIODO="ANTERIOR" MES-INICIO="5" ANO-INICIO="2000" MES-FIM="5" ANO-FIM="2001" CODIGO-ORGAO="000301000999" NOME-ORGAO="Departamento de Fiscalização" CODIGO-UNIDADE="" NOME-UNIDADE="" ESTAGIO-REALIZADO="EStágio no Depto de Fiscalização do SANEP"/></ATIVIDADES-DE-ESTAGIO><atividadesProfissionaisPlanificadas/></ATUACAO-PROFISSIONAL><ATUACAO-PROFISSIONAL CODIGO-INSTITUICAO="016700000000" NOME-INSTITUICAO="Universidade Federal do Rio Grande" SEQUENCIA-ATIVIDADE="3" SEQUENCIA-IMPORTANCIA=""><VINCULOS SEQUENCIA-HISTORICO="1" TIPO-DE-VINCULO="LIVRE" ENQUADRAMENTO-FUNCIONAL="LIVRE" CARGA-HORARIA-SEMANAL="20" FLAG-DEDICACAO-EXCLUSIVA="NAO" MES-INICIO="8" ANO-INICIO="2005" MES-FIM="7" ANO-FIM="2006" OUTRAS-INFORMACOES="Bolsista de iniciação científica PIBIC - CNPq/FURG" FLAG-VINCULO-EMPREGATICIO="SIM" OUTRO-VINCULO-INFORMADO="Bolsista de iniciação científi" OUTRO-ENQUADRAMENTO-FUNCIONAL-INFORMADO="Bolsista de iniciação científica" OUTRO-ENQUADRAMENTO-FUNCIONAL-INFORMADO-INGLES="" OUTRAS-INFORMACOES-INGLES=""/><VINCULOS SEQUENCIA-HISTORICO="2" TIPO-DE-VINCULO="LIVRE" ENQUADRAMENTO-FUNCIONAL="LIVRE" CARGA-HORARIA-SEMANAL="20" FLAG-DEDICACAO-EXCLUSIVA="NAO" MES-INICIO="4" ANO-INICIO="2003" MES-FIM="3" ANO-FIM="2005" OUTRAS-INFORMACOES="Bolsista de trabalho voluntário do Depto de Materiais e Construção no projeto Serviço de Assistência Construção Civil" FLAG-VINCULO-EMPREGATICIO="SIM" OUTRO-VINCULO-INFORMADO="Bolsista de trabalho" OUTRO-ENQUADRAMENTO-FUNCIONAL-INFORMADO="Bolsista de trabalho" OUTRO-ENQUADRAMENTO-FUNCIONAL-INFORMADO-INGLES="" OUTRAS-INFORMACOES-INGLES=""/><VINCULOS SEQUENCIA-HISTORICO="3" TIPO-DE-VINCULO="LIVRE" ENQUADRAMENTO-FUNCIONAL="LIVRE" CARGA-HORARIA-SEMANAL="20" FLAG-DEDICACAO-EXCLUSIVA="NAO" MES-INICIO="08" ANO-INICIO="2006" MES-FIM="" ANO-FIM="" OUTRAS-INFORMACOES="Bolsista de iniciação científica PIBIC - CNPq/FURG" FLAG-VINCULO-EMPREGATICIO="SIM" OUTRO-VINCULO-INFORMADO="bolsista iniciação cientifica" OUTRO-ENQUADRAMENTO-FUNCIONAL-INFORMADO="bolsista iniciação cientifica" OUTRO-ENQUADRAMENTO-FUNCIONAL-INFORMADO-INGLES="" OUTRAS-INFORMACOES-INGLES=""/><ATIVIDADES-DE-EXTENSAO-UNIVERSITARIA><EXTENSAO-UNIVERSITARIA SEQUENCIA-FUNCAO-ATIVIDADE="3" FLAG-PERIODO="ANTERIOR" MES-INICIO="4" ANO-INICIO="2003" MES-FIM="3" ANO-FIM="2005" CODIGO-ORGAO="016705000008" NOME-ORGAO="Departamento de Materiais de Construção" CODIGO-UNIDADE="016705001993" NOME-UNIDADE="Serviço de Assistência a Construção Civil" ATIVIDADE-DE-EXTENSAO-REALIZADA="Bolsista de trabalho voluntária do SASCC"/></ATIVIDADES-DE-EXTENSAO-UNIVERSITARIA><ATIVIDADES-DE-PARTICIPACAO-EM-PROJETO><PARTICIPACAO-EM-PROJETO SEQUENCIA-FUNCAO-ATIVIDADE="2" FLAG-PERIODO="ATUAL" MES-INICIO="8" ANO-INICIO="2006" MES-FIM="" ANO-FIM="" CODIGO-ORGAO="016705000008" NOME-ORGAO="Departamento de Materiais de Construção" CODIGO-UNIDADE="016705008009" NOME-UNIDADE="Laboratório de Geotécnica"><PROJETO-DE-PESQUISA SEQUENCIA-PROJETO="1" ANO-INICIO="2006" ANO-FIM="" NOME-DO-PROJETO="AVALIAÇÃO DO COMPORTAMENTO DE RETENÇÃO DE ÁGUA DE SOLOS TROPICAIS COMPACTADOS EMPREGADOS EM OBRAS DE TERRA NA PLANÍCIE COSTEIRA SUL" SITUACAO="EM_ANDAMENTO" NATUREZA="PESQUISA" NUMERO-GRADUACAO="1" NUMERO-ESPECIALIZACAO="0" NUMERO-MESTRADO-ACADEMICO="0" NUMERO-MESTRADO-PROF="0" NUMERO-DOUTORADO="0" DESCRICAO-DO-PROJETO="O projeto de pesquisa apresentado tem por proposta principal dar continuidade ao estudo de caracterização dos solos regionais encontrados na Planície Costeira Sul com vistas ao seu uso em pavimentação (como camada constitutiva de pavimentos ou mesmo revestimento primário) e em outras obras de terra. O alvo do estudo são os solos areno-argilosos de comportamento laterítico e não laterítico desenvolvidos sobre a Barreira Litorânea BII, solo saprolítico fino originado do intemperismo das rochas cristalinas do Escudo Sul-Riograndense (saibro de granito) e argila de comportamento laterítico pertencente ao horizonte sobrejacente ao saibro supra citado. Os materiais têm sido caracterizados em laboratório e suas propriedades tecnológicas avaliadas pelos ensaios da Metodologia MCT realizados no Laboratório de Geotecnia da FURG. As relações sucção mátrica versus umidade ou grau de saturação (curvas características ou curvas de retenção de água) destes solos compactados serão estabelecidas com o emprego da técnica do papel filtro. Modelos de ajuste ao traçado da curva característica (como Fredlund e Xing, 1994, entre outros) serão aplicados. O comportamento mecânico destes solos compactados serão confrontados com as variações na sucção mátrica frente a variação de umidade de compactação e pós-compactação." IDENTIFICADOR-PROJETO="" DESCRICAO-DO-PROJETO-INGLES="" NOME-DO-PROJETO-INGLES="" FLAG-POTENCIAL-INOVACAO="NAO" FLAG-PROJETO-CERTIFICADO="nao" NOME-COORDENADOR-CERTIFICACAO="" FORMATO-DATA-CERTIFICACAO="DDMMAAAA" DATA-CERTIFICACAO="" NUMERO_TECNICO_NIVEL_MEDIO=""><EQUIPE-DO-PROJETO><INTEGRANTES-DO-PROJETO NOME-COMPLETO="Silvana Macedo de Vasconcelos" NOME-PARA-CITACAO="VASCONCELOS, Silvana Macedo de" ORDEM-DE-INTEGRACAO="1" FLAG-RESPONSAVEL="SIM" NRO-ID-CNPQ="3676318479971959"/><INTEGRANTES-DO-PROJETO NOME-COMPLETO="Cezar Augusto Burkert Bastos" NOME-PARA-CITACAO="BASTOS, Cezar Augusto Burkert" ORDEM-DE-INTEGRACAO="2" FLAG-RESPONSAVEL="NAO" NRO-ID-CNPQ=""/></EQUIPE-DO-PROJETO><FINANCIADORES-DO-PROJETO><FINANCIADOR-DO-PROJETO SEQUENCIA-FINANCIADOR="1" CODIGO-INSTITUICAO="002200000000" NOME-INSTITUICAO="Conselho Nacional de Desenvolvimento Científico e Tecnológico" NATUREZA="BOLSA"/></FINANCIADORES-DO-PROJETO></PROJETO-DE-PESQUISA></PARTICIPACAO-EM-PROJETO><PARTICIPACAO-EM-PROJETO SEQUENCIA-FUNCAO-ATIVIDADE="1" FLAG-PERIODO="ANTERIOR" MES-INICIO="8" ANO-INICIO="2005" MES-FIM="7" ANO-FIM="2006" CODIGO-ORGAO="016705000008" NOME-ORGAO="Departamento de Materiais de Construção" CODIGO-UNIDADE="016705008009" NOME-UNIDADE="Laboratório de Geotécnica"><PROJETO-DE-PESQUISA SEQUENCIA-PROJETO="1" ANO-INICIO="2005" ANO-FIM="2006" NOME-DO-PROJETO="AVANÇOS NA CARACTERIZAÇÃO DE SOLOS REGIONAIS COM POTENCIAL DE EMPREGO EM PAVIMENTAÇÃO E OBRAS DE TERRA NA PLANÍCIE COSTEIRA SUL" SITUACAO="CONCLUIDO" NATUREZA="PESQUISA" NUMERO-GRADUACAO="3" NUMERO-ESPECIALIZACAO="0" NUMERO-MESTRADO-ACADEMICO="0" NUMERO-MESTRADO-PROF="0" NUMERO-DOUTORADO="0" DESCRICAO-DO-PROJETO="O projeto de pesquisa apresentado tem por proposta principal dar continuidade ao estudo de caracterização dos solos regionais encontrados na Planície Costeira Sul com vistas ao seu uso em pavimentação (como camada constitutiva de pavimentos ou mesmo revestimento primário) e em outras obras de terra. O alvo do estudo são os solos areno-argilosos lateríticos e plínticos desenvolvidos sobre a Barreira Litorânea BII, a fração fina dos solos saprolíticos originados do intemperismo das rochas cristalinas do Escudo Sul-Riograndense (os chamados saibros de granito) e as argilas lateríticas pertencentes aos horizontes sobrejacentes aos saibros supra citados. Os materiais têm sido caracterizados em laboratório e suas propriedades tecnológicas avaliadas pelos ensaios da Metodologia MCT realizados no Laboratório de Geotecnia da FURG. Uma nova técnica para avaliação da atividade da fração argila destes solos será implementada, o ensaio de Adsorsão de Azul de Metileno. Também as relações sucção matricial versus umidade destes solos compactados serão estabelecidas com o emprego da técnica do papel filtro." IDENTIFICADOR-PROJETO="" DESCRICAO-DO-PROJETO-INGLES="" NOME-DO-PROJETO-INGLES="" FLAG-POTENCIAL-INOVACAO="NAO" FLAG-PROJETO-CERTIFICADO="nao" NOME-COORDENADOR-CERTIFICACAO="" FORMATO-DATA-CERTIFICACAO="DDMMAAAA" DATA-CERTIFICACAO="" NUMERO_TECNICO_NIVEL_MEDIO=""><EQUIPE-DO-PROJETO><INTEGRANTES-DO-PROJETO NOME-COMPLETO="Silvana Macedo de Vasconcelos" NOME-PARA-CITACAO="VASCONCELOS, Silvana Macedo de" ORDEM-DE-INTEGRACAO="1" FLAG-RESPONSAVEL="SIM" NRO-ID-CNPQ="3676318479971959"/><INTEGRANTES-DO-PROJETO NOME-COMPLETO="Carina Freitas" NOME-PARA-CITACAO="FREITAS, Carina" ORDEM-DE-INTEGRACAO="2" FLAG-RESPONSAVEL="NAO" NRO-ID-CNPQ=""/><INTEGRANTES-DO-PROJETO NOME-COMPLETO="Michele Sampaio" NOME-PARA-CITACAO="SAMPAIO, Michele" ORDEM-DE-INTEGRACAO="3" FLAG-RESPONSAVEL="NAO" NRO-ID-CNPQ=""/><INTEGRANTES-DO-PROJETO NOME-COMPLETO="Cezar Augusto Burkert Bastos" NOME-PARA-CITACAO="BASTOS, Cezar Augusto Burkert" ORDEM-DE-INTEGRACAO="4" FLAG-RESPONSAVEL="NAO" NRO-ID-CNPQ=""/></EQUIPE-DO-PROJETO><FINANCIADORES-DO-PROJETO><FINANCIADOR-DO-PROJETO SEQUENCIA-FINANCIADOR="1" CODIGO-INSTITUICAO="002200000000" NOME-INSTITUICAO="Conselho Nacional de Desenvolvimento Científico e Tecnológico" NATUREZA="BOLSA"/></FINANCIADORES-DO-PROJETO></PROJETO-DE-PESQUISA></PARTICIPACAO-EM-PROJETO></ATIVIDADES-DE-PARTICIPACAO-EM-PROJETO><atividadesProfissionaisPlanificadas/></ATUACAO-PROFISSIONAL><ATUACAO-PROFISSIONAL CODIGO-INSTITUICAO="000600000990" NOME-INSTITUICAO="PROJCONSULT Engenharia de Projetos Ltda" SEQUENCIA-ATIVIDADE="4" SEQUENCIA-IMPORTANCIA=""><VINCULOS SEQUENCIA-HISTORICO="1" TIPO-DE-VINCULO="CELETISTA" ENQUADRAMENTO-FUNCIONAL="LIVRE" CARGA-HORARIA-SEMANAL="50" FLAG-DEDICACAO-EXCLUSIVA="NAO" MES-INICIO="02" ANO-INICIO="2010" MES-FIM="03" ANO-FIM="2011" OUTRAS-INFORMACOES="" FLAG-VINCULO-EMPREGATICIO="NAO" OUTRO-VINCULO-INFORMADO="" OUTRO-ENQUADRAMENTO-FUNCIONAL-INFORMADO="Engenheira Geotécnica" OUTRO-ENQUADRAMENTO-FUNCIONAL-INFORMADO-INGLES="" OUTRAS-INFORMACOES-INGLES=""/><atividadesProfissionaisPlanificadas/></ATUACAO-PROFISSIONAL><ATUACAO-PROFISSIONAL CODIGO-INSTITUICAO="000700000992" NOME-INSTITUICAO="Muniz &amp;amp; Spada Engenheiros Consultores Ltda" SEQUENCIA-ATIVIDADE="5" SEQUENCIA-IMPORTANCIA=""><VINCULOS SEQUENCIA-HISTORICO="1" TIPO-DE-VINCULO="CELETISTA" ENQUADRAMENTO-FUNCIONAL="LIVRE" CARGA-HORARIA-SEMANAL="40" FLAG-DEDICACAO-EXCLUSIVA="SIM" MES-INICIO="03" ANO-INICIO="2011" MES-FIM="05" ANO-FIM="2014" OUTRAS-INFORMACOES="" FLAG-VINCULO-EMPREGATICIO="NAO" OUTRO-VINCULO-INFORMADO="" OUTRO-ENQUADRAMENTO-FUNCIONAL-INFORMADO="Engenheira Geotécnica" OUTRO-ENQUADRAMENTO-FUNCIONAL-INFORMADO-INGLES="" OUTRAS-INFORMACOES-INGLES=""/><atividadesProfissionaisPlanificadas/></ATUACAO-PROFISSIONAL><ATUACAO-PROFISSIONAL CODIGO-INSTITUICAO="020200000009" NOME-INSTITUICAO="Universidade Federal do Rio de Janeiro" SEQUENCIA-ATIVIDADE="7" SEQUENCIA-IMPORTANCIA=""><VINCULOS SEQUENCIA-HISTORICO="4" TIPO-DE-VINCULO="LIVRE" ENQUADRAMENTO-FUNCIONAL="LIVRE" CARGA-HORARIA-SEMANAL="" FLAG-DEDICACAO-EXCLUSIVA="NAO" MES-INICIO="" ANO-INICIO="2008" MES-FIM="" ANO-FIM="2010" OUTRAS-INFORMACOES="" FLAG-VINCULO-EMPREGATICIO="NAO" OUTRO-VINCULO-INFORMADO="" OUTRO-ENQUADRAMENTO-FUNCIONAL-INFORMADO="" OUTRO-ENQUADRAMENTO-FUNCIONAL-INFORMADO-INGLES="" OUTRAS-INFORMACOES-INGLES=""/><ATIVIDADES-DE-PARTICIPACAO-EM-PROJETO><PARTICIPACAO-EM-PROJETO SEQUENCIA-FUNCAO-ATIVIDADE="4" FLAG-PERIODO="ANTERIOR" MES-INICIO="" ANO-INICIO="2008" MES-FIM="" ANO-FIM="2010" CODIGO-ORGAO="020202000995" NOME-ORGAO="Instituto de Pós-Graduação e Pesquisa Alberto Luiz Coimbra" CODIGO-UNIDADE="" NOME-UNIDADE=""><PROJETO-DE-PESQUISA SEQUENCIA-PROJETO="2" ANO-INICIO="2008" ANO-FIM="2010" NOME-DO-PROJETO="Influência dos Carregamentos Externos nas Tensões e Deformações de Muros de Solo Reforçado" SITUACAO="CONCLUIDO" NATUREZA="PESQUISA" NUMERO-GRADUACAO="2" NUMERO-ESPECIALIZACAO="" NUMERO-MESTRADO-ACADEMICO="1" NUMERO-MESTRADO-PROF="" NUMERO-DOUTORADO="" DESCRICAO-DO-PROJETO="Análise da influência dos carregamentos externos em tensões e deformações de muros de solo reforçado por meio de modelos físicos. Foram ensaiados quatro muros variando o módulo e posicionamento do carregamento externo e a compactação do solo." IDENTIFICADOR-PROJETO="" DESCRICAO-DO-PROJETO-INGLES="" NOME-DO-PROJETO-INGLES="" FLAG-POTENCIAL-INOVACAO="NAO" FLAG-PROJETO-CERTIFICADO="nao" NOME-COORDENADOR-CERTIFICACAO="" FORMATO-DATA-CERTIFICACAO="DDMMAAAA" DATA-CERTIFICACAO="" NUMERO_TECNICO_NIVEL_MEDIO=""><EQUIPE-DO-PROJETO><INTEGRANTES-DO-PROJETO NOME-COMPLETO="Silvana Macedo de Vasconcelos" NOME-PARA-CITACAO="VASCONCELOS, Silvana Macedo de" ORDEM-DE-INTEGRACAO="1" FLAG-RESPONSAVEL="SIM" NRO-ID-CNPQ="3676318479971959"/><INTEGRANTES-DO-PROJETO NOME-COMPLETO="EHRLICH, Mauricio" NOME-PARA-CITACAO="Mauricio Ehrlich" ORDEM-DE-INTEGRACAO="2" FLAG-RESPONSAVEL="NAO" NRO-ID-CNPQ=""/></EQUIPE-DO-PROJETO></PROJETO-DE-PESQUISA></PARTICIPACAO-EM-PROJETO></ATIVIDADES-DE-PARTICIPACAO-EM-PROJETO><atividadesProfissionaisPlanificadas/></ATUACAO-PROFISSIONAL><ATUACAO-PROFISSIONAL CODIGO-INSTITUICAO="201900000008" NOME-INSTITUICAO="Centro Universitário Augusto Motta" SEQUENCIA-ATIVIDADE="8" SEQUENCIA-IMPORTANCIA="7"><VINCULOS SEQUENCIA-HISTORICO="1" TIPO-DE-VINCULO="LIVRE" ENQUADRAMENTO-FUNCIONAL="LIVRE" CARGA-HORARIA-SEMANAL="10" FLAG-DEDICACAO-EXCLUSIVA="NAO" MES-INICIO="08" ANO-INICIO="2014" MES-FIM="" ANO-FIM="" OUTRAS-INFORMACOES="" FLAG-VINCULO-EMPREGATICIO="SIM" OUTRO-VINCULO-INFORMADO="Horista" OUTRO-ENQUADRAMENTO-FUNCIONAL-INFORMADO="Professor Auxiliar" OUTRO-ENQUADRAMENTO-FUNCIONAL-INFORMADO-INGLES="" OUTRAS-INFORMACOES-INGLES=""/><atividadesProfissionaisPlanificadas/></ATUACAO-PROFISSIONAL><ATUACAO-PROFISSIONAL CODIGO-INSTITUICAO="J8M600000003" NOME-INSTITUICAO="Faculdade Souza Marques" SEQUENCIA-ATIVIDADE="9" SEQUENCIA-IMPORTANCIA="8"><VINCULOS SEQUENCIA-HISTORICO="1" TIPO-DE-VINCULO="LIVRE" ENQUADRAMENTO-FUNCIONAL="LIVRE" CARGA-HORARIA-SEMANAL="4" FLAG-DEDICACAO-EXCLUSIVA="NAO" MES-INICIO="07" ANO-INICIO="2015" MES-FIM="" ANO-FIM="" OUTRAS-INFORMACOES="" FLAG-VINCULO-EMPREGATICIO="SIM" OUTRO-VINCULO-INFORMADO="Horista" OUTRO-ENQUADRAMENTO-FUNCIONAL-INFORMADO="Professora Auxiliar" OUTRO-ENQUADRAMENTO-FUNCIONAL-INFORMADO-INGLES="" OUTRAS-INFORMACOES-INGLES=""/><atividadesProfissionaisPlanificadas/></ATUACAO-PROFISSIONAL></ATUACOES-PROFISSIONAIS><AREAS-DE-ATUACAO><AREA-DE-ATUACAO SEQUENCIA-AREA-DE-ATUACAO="1" NOME-GRANDE-AREA-DO-CONHECIMENTO="ENGENHARIAS" NOME-DA-AREA-DO-CONHECIMENTO="Engenharia Civil" NOME-DA-SUB-AREA-DO-CONHECIMENTO="Geotécnica" NOME-DA-ESPECIALIDADE="Fundações e Escavações"/><AREA-DE-ATUACAO SEQUENCIA-AREA-DE-ATUACAO="2" NOME-GRANDE-AREA-DO-CONHECIMENTO="ENGENHARIAS" NOME-DA-AREA-DO-CONHECIMENTO="Engenharia Civil" NOME-DA-SUB-AREA-DO-CONHECIMENTO="Geotécnica" NOME-DA-ESPECIALIDADE="Obras de Terra e Enrocamento"/><AREA-DE-ATUACAO SEQUENCIA-AREA-DE-ATUACAO="3" NOME-GRANDE-AREA-DO-CONHECIMENTO="ENGENHARIAS" NOME-DA-AREA-DO-CONHECIMENTO="Engenharia Civil" NOME-DA-SUB-AREA-DO-CONHECIMENTO="Geotécnica" NOME-DA-ESPECIALIDADE="Mecânicas dos Solos"/></AREAS-DE-ATUACAO><IDIOMAS><IDIOMA IDIOMA="EN" DESCRICAO-DO-IDIOMA="Inglês" PROFICIENCIA-DE-LEITURA="BEM" PROFICIENCIA-DE-FALA="RAZOAVELMENTE" PROFICIENCIA-DE-ESCRITA="RAZOAVELMENTE" PROFICIENCIA-DE-COMPREENSAO="BEM"/><IDIOMA IDIOMA="ES" DESCRICAO-DO-IDIOMA="Espanhol" PROFICIENCIA-DE-LEITURA="RAZOAVELMENTE" PROFICIENCIA-DE-FALA="RAZOAVELMENTE" PROFICIENCIA-DE-ESCRITA="RAZOAVELMENTE" PROFICIENCIA-DE-COMPREENSAO="BEM"/></IDIOMAS><staValidado/><dataExibicao/><dadosBolsista/></DADOS-GERAIS><PRODUCAO-BIBLIOGRAFICA><TRABALHOS-EM-EVENTOS><TRABALHO-EM-EVENTOS SEQUENCIA-PRODUCAO="1"><DADOS-BASICOS-DO-TRABALHO NATUREZA="RESUMO" TITULO-DO-TRABALHO="MÉTODO DA ADSORÇÃO DO AZUL DE METILENO NA CARACTERIZAÇÃO DA ATIVIDADE DA FRAÇÃO FINA DE SOLOS ARENOSOS FINOS LATERÍTICOS DA PLANÍCIE COSTEIRA SUL DO RS" ANO-DO-TRABALHO="2005" PAIS-DO-EVENTO="Brasil" IDIOMA="Português" MEIO-DE-DIVULGACAO="MEIO_DIGITAL" HOME-PAGE-DO-TRABALHO="" FLAG-RELEVANCIA="NAO" DOI="" TITULO-DO-TRABALHO-INGLES="" FLAG-DIVULGACAO-CIENTIFICA="NAO"/><DETALHAMENTO-DO-TRABALHO CLASSIFICACAO-DO-EVENTO="REGIONAL" NOME-DO-EVENTO="XX Congresso Regional de Iniciação Científica e Tecnológica em Engenharia" CIDADE-DO-EVENTO="Foz do Iguaçu/PR" ANO-DE-REALIZACAO="2005" TITULO-DOS-ANAIS-OU-PROCEEDINGS="Anais do XX Congresso Regional de Iniciação Científica e Tecnológica em Engenharia" VOLUME="CD" FASCICULO="" SERIE="" PAGINA-INICIAL="" PAGINA-FINAL="" ISBN="" NOME-DA-EDITORA="Unioeste" CIDADE-DA-EDITORA="Foz do Iguaçu/PR" NOME-DO-EVENTO-INGLES=""/><AUTORES NOME-COMPLETO-DO-AUTOR="Silvana Macedo de Vasconcelos" NOME-PARA-CITACAO="VASCONCELOS, Silvana Macedo de" ORDEM-DE-AUTORIA="1" NRO-ID-CNPQ="3676318479971959"/><AUTORES NOME-COMPLETO-DO-AUTOR="Michele Sampaio" NOME-PARA-CITACAO="SAMPAIO, Michele" ORDEM-DE-AUTORIA="2" NRO-ID-CNPQ=""/><AUTORES NOME-COMPLETO-DO-AUTOR="Cezar Augusto Burkert Bastos" NOME-PARA-CITACAO="BASTOS, Cezar Augusto Burkert" ORDEM-DE-AUTORIA="3" NRO-ID-CNPQ=""/><PALAVRAS-CHAVE PALAVRA-CHAVE-1="solos arenosos finos" PALAVRA-CHAVE-2="método de adsorção de Azul de Metileno" PALAVRA-CHAVE-3="atividade coloidal" PALAVRA-CHAVE-4="planície costeira" PALAVRA-CHAVE-5="caracterização geotécnica" PALAVRA-CHAVE-6=""/><AREAS-DO-CONHECIMENTO><AREA-DO-CONHECIMENTO-1 NOME-GRANDE-AREA-DO-CONHECIMENTO="ENGENHARIAS" NOME-DA-AREA-DO-CONHECIMENTO="" NOME-DA-SUB-AREA-DO-CONHECIMENTO="Geotécnica" NOME-DA-ESPECIALIDADE="Mecânicas dos Solos"/></AREAS-DO-CONHECIMENTO><SETORES-DE-ATIVIDADE SETOR-DE-ATIVIDADE-1="Construção Civil" SETOR-DE-ATIVIDADE-2="" SETOR-DE-ATIVIDADE-3=""/><INFORMACOES-ADICIONAIS DESCRICAO-INFORMACOES-ADICIONAIS="O trabalho apresenta os avanços na caracterização de solos arenosos finos de comportamento laterítico com potencial de emprego na pavimentação de baixo custo e em outras obras de terra na Planície Costeira Sul do RS. Estes materiais têm suas propriedades tecnológicas avaliadas pelos ensaios da Metodologia MCT realizados no Laboratório de Geotecnia da FURG. Os resultados mostram significativas perda de suporte com inundação e expansão por imersão em água em ensaios mini-CBR. O fato despertou a necessidade de investigar a atividade coloidal da fração argilosa destes materiais. A troca de informações com pesquisadores da EESC/USP levaram a implementação do Ensaio de Adsorção de Azul de Metileno (Fabbri e Sória, 1991) como técnica para quantificação da atividade coloidal da fração fina e indicativo da natureza dos argilominerais. O Azul de Metileno é um corante orgânico que, em contato com as partículas do solo, em meio aquoso, é adsorvido na sua superfície, formando uma película uniforme. O Ensaio de Adsorção de Azul de Metileno consiste na titulação de uma amostra de solo com uma solução de Azul de Metileno de concentração conhecida e no teste da mancha para verificação do ponto de saturação. Pelo volume de Azul de Metileno adsorvido pela amostra, pode-se fazer inferências acerca de propriedades da fração fina que a compõe: superfície específica, CTC e atividade coloidal. A técnica de ensaio foi aplicada a amostras de solos de 7 jazidas, segundo os procedimentos de Pejon e Fabbri." DESCRICAO-INFORMACOES-ADICIONAIS-INGLES=""/></TRABALHO-EM-EVENTOS><TRABALHO-EM-EVENTOS SEQUENCIA-PRODUCAO="2"><DADOS-BASICOS-DO-TRABALHO NATUREZA="RESUMO" TITULO-DO-TRABALHO="CARACTERIZAÇÃO DA ATIVIDADE COLOIDAL DE SOLOS ARENOSOS FINOS LATERÍTICOS DA PLANÍCIE COSTEIRA SUL" ANO-DO-TRABALHO="2005" PAIS-DO-EVENTO="Brasil" IDIOMA="Português" MEIO-DE-DIVULGACAO="MEIO_DIGITAL" HOME-PAGE-DO-TRABALHO="" FLAG-RELEVANCIA="NAO" DOI="" TITULO-DO-TRABALHO-INGLES="" FLAG-DIVULGACAO-CIENTIFICA="NAO"/><DETALHAMENTO-DO-TRABALHO CLASSIFICACAO-DO-EVENTO="LOCAL" NOME-DO-EVENTO="IV Mostra da Produção Universitária da FURG" CIDADE-DO-EVENTO="Rio Grande/RS" ANO-DE-REALIZACAO="2005" TITULO-DOS-ANAIS-OU-PROCEEDINGS="Anais da IV Mostra da Produção Universitária da FURG" VOLUME="CD" FASCICULO="" SERIE="" PAGINA-INICIAL="" PAGINA-FINAL="" ISBN="" NOME-DA-EDITORA="FURG" CIDADE-DA-EDITORA="Rio Grande/RS" NOME-DO-EVENTO-INGLES=""/><AUTORES NOME-COMPLETO-DO-AUTOR="Silvana Macedo de Vasconcelos" NOME-PARA-CITACAO="VASCONCELOS, Silvana Macedo de" ORDEM-DE-AUTORIA="1" NRO-ID-CNPQ="3676318479971959"/><AUTORES NOME-COMPLETO-DO-AUTOR="Michele Sampaio" NOME-PARA-CITACAO="SAMPAIO, Michele" ORDEM-DE-AUTORIA="2" NRO-ID-CNPQ=""/><AUTORES NOME-COMPLETO-DO-AUTOR="Cezar Augusto Burkert Bastos" NOME-PARA-CITACAO="BASTOS, Cezar Augusto Burkert" ORDEM-DE-AUTORIA="3" NRO-ID-CNPQ=""/><PALAVRAS-CHAVE PALAVRA-CHAVE-1="solos arenosos finos" PALAVRA-CHAVE-2="método de adsorção de Azul de Metileno" PALAVRA-CHAVE-3="atividade coloidal" PALAVRA-CHAVE-4="caracterização geotécnica" PALAVRA-CHAVE-5="planície costeira" PALAVRA-CHAVE-6=""/><AREAS-DO-CONHECIMENTO><AREA-DO-CONHECIMENTO-1 NOME-GRANDE-AREA-DO-CONHECIMENTO="ENGENHARIAS" NOME-DA-AREA-DO-CONHECIMENTO="" NOME-DA-SUB-AREA-DO-CONHECIMENTO="Geotécnica" NOME-DA-ESPECIALIDADE="Mecânicas dos Solos"/></AREAS-DO-CONHECIMENTO><SETORES-DE-ATIVIDADE SETOR-DE-ATIVIDADE-1="Construção Civil" SETOR-DE-ATIVIDADE-2="" SETOR-DE-ATIVIDADE-3=""/><INFORMACOES-ADICIONAIS DESCRICAO-INFORMACOES-ADICIONAIS="O trabalho apresenta os avanços na caracterização de solos arenosos finos lateríticos com potencial de emprego na pavimentação de baixo custo e em outras obras de terra na Planície Costeira Sul. Estes materiais têm propriedades avaliadas pelos ensaios da Metodologia MCT no Laboratório de Geotecnia da FURG. Os resultados mostram significativa perda de suporte e expansão com inundação. O fato despertou a necessidade de investigar a atividade coloidal da fração argilosa destes materiais. Foi implementado o Ensaio de Adsorção de Azul de Metileno para quantificação da atividade coloidal da fração fina e indicativo da natureza dos argilominerais. O Azul de Metileno é um corante orgânico que, em contato com as partículas do solo, em meio aquoso, é adsorvido na sua superfície, formando uma película uniforme. O ensaio consiste na titulação de uma amostra de solo com uma solução de Azul de Metileno de concentração conhecida e no teste da mancha para verificação do ponto de saturação. Pelo volume de Azul de Metileno adsorvido, pode-se fazer inferências sobre propriedades da fração fina que a compõe: superfície específica, CTC e atividade coloidal. A técnica de ensaio foi aplicada a amostras de solos de 7 jazidas, segundo os procedimentos de Pejon e Fabbri. Os parâmetros obtidos a partir do procedimento de Pejon, mostram que os solos apresentam atividade da fração coloidal de solos de comportamento laterítico. Pelo diagrama de atividade das argilas pelo Método do Azul de Metileno, os solos foram classificados como inativos. Segundo os parâmetros pelo procedimento de Fabbri, os solos também registram comportamento laterítico e são caracterizados como pouco ativos (solos laterizados, solos inertes, etc...). Os resultados permitem afirmar que a fração fina destes solos não é ativa e, portanto, não seria determinante da perda de suporte e expansão destes solos." DESCRICAO-INFORMACOES-ADICIONAIS-INGLES=""/></TRABALHO-EM-EVENTOS><TRABALHO-EM-EVENTOS SEQUENCIA-PRODUCAO="3"><DADOS-BASICOS-DO-TRABALHO NATUREZA="COMPLETO" TITULO-DO-TRABALHO="Ensaio de Adsorção do Azul de Metileno na Caracterização da Atividade da Fração Fina de Solos da Planície Costeira Sul do RS" ANO-DO-TRABALHO="2006" PAIS-DO-EVENTO="Brasil" IDIOMA="Português" MEIO-DE-DIVULGACAO="IMPRESSO" HOME-PAGE-DO-TRABALHO="" FLAG-RELEVANCIA="SIM" DOI="" TITULO-DO-TRABALHO-INGLES="" FLAG-DIVULGACAO-CIENTIFICA="NAO"/><DETALHAMENTO-DO-TRABALHO CLASSIFICACAO-DO-EVENTO="INTERNACIONAL" NOME-DO-EVENTO="III Congresso Luso Brasileiro de Geotecnia" CIDADE-DO-EVENTO="Curitiba/PR" ANO-DE-REALIZACAO="2006" TITULO-DOS-ANAIS-OU-PROCEEDINGS="Anais do III Congresso Luso Brasileiro de Geotecnia" VOLUME="único" FASCICULO="" SERIE="" PAGINA-INICIAL="191" PAGINA-FINAL="196" ISBN="" NOME-DA-EDITORA="ABMS" CIDADE-DA-EDITORA="Curitiba/PR" NOME-DO-EVENTO-INGLES=""/><AUTORES NOME-COMPLETO-DO-AUTOR="Silvana Macedo de Vasconcelos" NOME-PARA-CITACAO="VASCONCELOS, Silvana Macedo de" ORDEM-DE-AUTORIA="1" NRO-ID-CNPQ="3676318479971959"/><AUTORES NOME-COMPLETO-DO-AUTOR="Cezar Augusto Burkert Bastos" NOME-PARA-CITACAO="BASTOS, Cezar Augusto Burkert" ORDEM-DE-AUTORIA="2" NRO-ID-CNPQ=""/><AUTORES NOME-COMPLETO-DO-AUTOR="Débora Felten" NOME-PARA-CITACAO="FELTEN, Débora" ORDEM-DE-AUTORIA="3" NRO-ID-CNPQ=""/><PALAVRAS-CHAVE PALAVRA-CHAVE-1="solos arenosos finos" PALAVRA-CHAVE-2="método de adsorção de Azul de Metileno" PALAVRA-CHAVE-3="atividade coloidal" PALAVRA-CHAVE-4="caracterização geotécnica" PALAVRA-CHAVE-5="planície costeira" PALAVRA-CHAVE-6=""/><AREAS-DO-CONHECIMENTO><AREA-DO-CONHECIMENTO-1 NOME-GRANDE-AREA-DO-CONHECIMENTO="ENGENHARIAS" NOME-DA-AREA-DO-CONHECIMENTO="" NOME-DA-SUB-AREA-DO-CONHECIMENTO="Geotécnica" NOME-DA-ESPECIALIDADE="Mecânicas dos Solos"/></AREAS-DO-CONHECIMENTO><SETORES-DE-ATIVIDADE SETOR-DE-ATIVIDADE-1="Construção Civil" SETOR-DE-ATIVIDADE-2="" SETOR-DE-ATIVIDADE-3=""/><INFORMACOES-ADICIONAIS DESCRICAO-INFORMACOES-ADICIONAIS="O artigo trata da caracterização da atividade coloidal da fração fina de solos arenosos finos costeiros estudados para emprego em pavimentação de baixo custo na Planície Costeira Sul do RS. Alguns aspectos negativos do comportamento de tais materiais, como significativa perda de suporte e expansão com a imersão, e informações pouco conclusivas oriundas da análise mineralógica por difratogramas de raios-X, motivaram a investigação da atividade coloidal da fração fina. O Ensaio de Adsorção do Azul de Metileno foi escolhido pela simplicidade e resposta eficiente, mesmo na investigação de materiais de baixa plasticidade. Solos arenosos finos de sete jazidas investigadas por Felten (2005) foram ensaiados. Os resultados obtidos permitem afirmar que a fração fina destes solos não é ativa, característica de solos laterizados ou inertes, e, portanto, não seria fator determinante da perda de suporte e expansão destes solos sob condição adversa de inundação." DESCRICAO-INFORMACOES-ADICIONAIS-INGLES=""/></TRABALHO-EM-EVENTOS><TRABALHO-EM-EVENTOS SEQUENCIA-PRODUCAO="4"><DADOS-BASICOS-DO-TRABALHO NATUREZA="RESUMO_EXPANDIDO" TITULO-DO-TRABALHO="Comportamento de retenção de água de um solo arenoso fino laterítico compactado" ANO-DO-TRABALHO="2006" PAIS-DO-EVENTO="Brasil" IDIOMA="Português" MEIO-DE-DIVULGACAO="MEIO_DIGITAL" HOME-PAGE-DO-TRABALHO="" FLAG-RELEVANCIA="SIM" DOI="" TITULO-DO-TRABALHO-INGLES="" FLAG-DIVULGACAO-CIENTIFICA="NAO"/><DETALHAMENTO-DO-TRABALHO CLASSIFICACAO-DO-EVENTO="REGIONAL" NOME-DO-EVENTO="XXI Congresso Regional de Iniciação Científica e Tecnológica em Engenharia" CIDADE-DO-EVENTO="Ijuí/RS" ANO-DE-REALIZACAO="2006" TITULO-DOS-ANAIS-OU-PROCEEDINGS="Anais do XXI Congresso Regional de Iniciação Científica e Tecnológica em Engenharia" VOLUME="CD" FASCICULO="" SERIE="" PAGINA-INICIAL="" PAGINA-FINAL="" ISBN="" NOME-DA-EDITORA="Unijuí" CIDADE-DA-EDITORA="Ijuí/RS" NOME-DO-EVENTO-INGLES=""/><AUTORES NOME-COMPLETO-DO-AUTOR="Silvana Macedo de Vasconcelos" NOME-PARA-CITACAO="VASCONCELOS, Silvana Macedo de" ORDEM-DE-AUTORIA="1" NRO-ID-CNPQ="3676318479971959"/><AUTORES NOME-COMPLETO-DO-AUTOR="Cezar Augusto Burkert Bastos" NOME-PARA-CITACAO="BASTOS, Cezar Augusto Burkert" ORDEM-DE-AUTORIA="2" NRO-ID-CNPQ=""/><PALAVRAS-CHAVE PALAVRA-CHAVE-1="curva característica" PALAVRA-CHAVE-2="método do papel filtro" PALAVRA-CHAVE-3="solos arenosos finos" PALAVRA-CHAVE-4="solos não saturados" PALAVRA-CHAVE-5="" PALAVRA-CHAVE-6=""/><AREAS-DO-CONHECIMENTO><AREA-DO-CONHECIMENTO-1 NOME-GRANDE-AREA-DO-CONHECIMENTO="ENGENHARIAS" NOME-DA-AREA-DO-CONHECIMENTO="" NOME-DA-SUB-AREA-DO-CONHECIMENTO="Geotécnica" NOME-DA-ESPECIALIDADE="Mecânicas dos Solos"/></AREAS-DO-CONHECIMENTO><SETORES-DE-ATIVIDADE SETOR-DE-ATIVIDADE-1="Construção Civil" SETOR-DE-ATIVIDADE-2="" SETOR-DE-ATIVIDADE-3=""/><INFORMACOES-ADICIONAIS DESCRICAO-INFORMACOES-ADICIONAIS="A crescente demanda de obras geotécnicas na região da Planície Costeira Sul do RS tem intensificado a procura por materiais de empréstimo, dentre estes, solos arenosos finos de comportamento laterítico. A investigação das características de retenção d'água destes solos através da curva característica é importante na interpretação do comportamento mecânico e hidráulico destes materiais compactados quando submetidos a variações ambientais pós-compactados. A curva característica representa o comportamento da sucção matricial do solo com variação do teor de umidade ou do grau de saturação. O objetivo principal do trabalho é avançar no conhecimento do comportamento de retenção de água de um solo arenoso fino compactado com potencial de emprego em pavimentação de baixo custo e em outras obras de terra na Planície Costeira Sul através da construção de curvas características com diferentes trajetórias de umedecimento e secagem pelo Método do Papel Filtro." DESCRICAO-INFORMACOES-ADICIONAIS-INGLES=""/></TRABALHO-EM-EVENTOS><TRABALHO-EM-EVENTOS SEQUENCIA-PRODUCAO="5"><DADOS-BASICOS-DO-TRABALHO NATUREZA="RESUMO_EXPANDIDO" TITULO-DO-TRABALHO="Caracterização dos solos da Planície Costeira Sul pelo Ensaio de Adsorção de Azul de Metileno" ANO-DO-TRABALHO="2006" PAIS-DO-EVENTO="Brasil" IDIOMA="Português" MEIO-DE-DIVULGACAO="MEIO_DIGITAL" HOME-PAGE-DO-TRABALHO="" FLAG-RELEVANCIA="SIM" DOI="" TITULO-DO-TRABALHO-INGLES="" FLAG-DIVULGACAO-CIENTIFICA="NAO"/><DETALHAMENTO-DO-TRABALHO CLASSIFICACAO-DO-EVENTO="REGIONAL" NOME-DO-EVENTO="XXI Congresso Regional de Iniciação Científica e Tecnológica em Engenharia" CIDADE-DO-EVENTO="Ijuí/RS" ANO-DE-REALIZACAO="2006" TITULO-DOS-ANAIS-OU-PROCEEDINGS="Anais do XXI Congresso Regional de Iniciação Científica e Tecnológica em Engenharia" VOLUME="CD" FASCICULO="" SERIE="" PAGINA-INICIAL="" PAGINA-FINAL="" ISBN="" NOME-DA-EDITORA="Unijuí" CIDADE-DA-EDITORA="Ijuí/RS" NOME-DO-EVENTO-INGLES=""/><AUTORES NOME-COMPLETO-DO-AUTOR="Silvana Macedo de Vasconcelos" NOME-PARA-CITACAO="VASCONCELOS, Silvana Macedo de" ORDEM-DE-AUTORIA="1" NRO-ID-CNPQ="3676318479971959"/><AUTORES NOME-COMPLETO-DO-AUTOR="Cezar Augusto Burkert Bastos" NOME-PARA-CITACAO="BASTOS, Cezar Augusto Burkert" ORDEM-DE-AUTORIA="2" NRO-ID-CNPQ=""/><PALAVRAS-CHAVE PALAVRA-CHAVE-1="método de adsorção de Azul de Metileno" PALAVRA-CHAVE-2="atividade coloidal" PALAVRA-CHAVE-3="caracterização geotécnica" PALAVRA-CHAVE-4="planície costeira" PALAVRA-CHAVE-5="" PALAVRA-CHAVE-6=""/><AREAS-DO-CONHECIMENTO><AREA-DO-CONHECIMENTO-1 NOME-GRANDE-AREA-DO-CONHECIMENTO="ENGENHARIAS" NOME-DA-AREA-DO-CONHECIMENTO="" NOME-DA-SUB-AREA-DO-CONHECIMENTO="Geotécnica" NOME-DA-ESPECIALIDADE="Mecânicas dos Solos"/></AREAS-DO-CONHECIMENTO><SETORES-DE-ATIVIDADE SETOR-DE-ATIVIDADE-1="Construção Civil" SETOR-DE-ATIVIDADE-2="" SETOR-DE-ATIVIDADE-3=""/><INFORMACOES-ADICIONAIS DESCRICAO-INFORMACOES-ADICIONAIS="O Laboratório de Geotecnia do DMC-FURG estuda a caracterização de solos da Planície Costeira Sul com vistas ao seu uso em pavimentação ou em outras obras de terra. As propriedades tecnológicas destes materiais têm sido avaliadas através da Metodologia MCT e seus resultados mostram significativas perda de suporte com inundação e expansão por imersão em água em ensaios mini-CBR. Em decorrência destas evidências, despertou a necessidade de investigar a fração fina destes materiais. Foi implementado o Ensaio de Adsorção de Azul de Metileno como técnica para quantificação da atividade coloidal da fração fina dos solos e indicativo da natureza dos argilominerais presentes. Para o estudo foram amostradas jazidas de solos pertencentes aos seguintes grupos geotécnicos: saibros graníticos, areias lateríticas, plintossolos e planossolos. O objetivo principal deste trabalho é apresentar a avaliação da atividade coloidal dos solos estudados pelo Ensaio de Adsorção de Azul de Metileno." DESCRICAO-INFORMACOES-ADICIONAIS-INGLES=""/></TRABALHO-EM-EVENTOS><TRABALHO-EM-EVENTOS SEQUENCIA-PRODUCAO="6"><DADOS-BASICOS-DO-TRABALHO NATUREZA="RESUMO" TITULO-DO-TRABALHO="CARACTERIZAÇÃO DE SAIBROS GRANÍTICOS EMPREGADOS EM PAVIMENTAÇÃO EM MUNICÍPIOS DA PLANÍCIE COSTEIRA SUL DO RS" ANO-DO-TRABALHO="2005" PAIS-DO-EVENTO="Brasil" IDIOMA="Português" MEIO-DE-DIVULGACAO="MEIO_DIGITAL" HOME-PAGE-DO-TRABALHO="" FLAG-RELEVANCIA="NAO" DOI="" TITULO-DO-TRABALHO-INGLES="" FLAG-DIVULGACAO-CIENTIFICA="NAO"/><DETALHAMENTO-DO-TRABALHO CLASSIFICACAO-DO-EVENTO="REGIONAL" NOME-DO-EVENTO="XX Congresso Regional de Iniciação Científica e Tecnológica em Engenharia" CIDADE-DO-EVENTO="Foz do Iguaçu/PR" ANO-DE-REALIZACAO="2005" TITULO-DOS-ANAIS-OU-PROCEEDINGS="Anais do XX Congresso Regional de Iniciação Científica e Tecnológica em Engenharia" VOLUME="CD" FASCICULO="" SERIE="" PAGINA-INICIAL="" PAGINA-FINAL="" ISBN="" NOME-DA-EDITORA="Unioeste" CIDADE-DA-EDITORA="Foz do Iguaçu/PR" NOME-DO-EVENTO-INGLES=""/><AUTORES NOME-COMPLETO-DO-AUTOR="Silvana Macedo de Vasconcelos" NOME-PARA-CITACAO="VASCONCELOS, Silvana Macedo de" ORDEM-DE-AUTORIA="1" NRO-ID-CNPQ="3676318479971959"/><AUTORES NOME-COMPLETO-DO-AUTOR="João Vitor da Silva Godois" NOME-PARA-CITACAO="GODOIS, João Vitor da Silva" ORDEM-DE-AUTORIA="2" NRO-ID-CNPQ=""/><AUTORES NOME-COMPLETO-DO-AUTOR="Luciano Dors" NOME-PARA-CITACAO="DORS, Luciano" ORDEM-DE-AUTORIA="3" NRO-ID-CNPQ=""/><AUTORES NOME-COMPLETO-DO-AUTOR="Leonardo Andres Schmitt" NOME-PARA-CITACAO="SCHMITT, Leonardo Andres" ORDEM-DE-AUTORIA="4" NRO-ID-CNPQ=""/><AUTORES NOME-COMPLETO-DO-AUTOR="Cezar Augusto Burkert Bastos" NOME-PARA-CITACAO="BASTOS, Cezar Augusto Burkert" ORDEM-DE-AUTORIA="5" NRO-ID-CNPQ=""/><PALAVRAS-CHAVE PALAVRA-CHAVE-1="caracterização geotécnica" PALAVRA-CHAVE-2="saibros graníticos" PALAVRA-CHAVE-3="pavimentação" PALAVRA-CHAVE-4="planície costeira" PALAVRA-CHAVE-5="" PALAVRA-CHAVE-6=""/><AREAS-DO-CONHECIMENTO><AREA-DO-CONHECIMENTO-1 NOME-GRANDE-AREA-DO-CONHECIMENTO="ENGENHARIAS" NOME-DA-AREA-DO-CONHECIMENTO="" NOME-DA-SUB-AREA-DO-CONHECIMENTO="Geotécnica" NOME-DA-ESPECIALIDADE="Mecânicas dos Solos"/></AREAS-DO-CONHECIMENTO><SETORES-DE-ATIVIDADE SETOR-DE-ATIVIDADE-1="Construção Civil" SETOR-DE-ATIVIDADE-2="" SETOR-DE-ATIVIDADE-3=""/><INFORMACOES-ADICIONAIS DESCRICAO-INFORMACOES-ADICIONAIS="Os saibros oriundos da alteração de rochas graníticas do Escudo Sul-Riograndense têm sido tradicionalmente utilizados para obras de pavimentação em municípios da Planície Costeira Sul do RS, como no município de Rio Grande. Estes solos são comumente empregados em camadas estruturais de pavimentos ou mesmo como revestimento primário de estradas vicinais e de vias urbanas, apesar do custo relativamente elevado (U$ 12,00/m3 transportado), ocasionado pelas grandes distâncias de transporte, em geral superiores a 70 km. O Laboratório de Geotecnia da FURG tem ao longo de muitos anos prestado serviços na avaliação das propriedades de compactação e de suporte destes materiais através de ensaios de compactação e CBR (ensaio californiano). As propriedades avaliadas têm mostrado grande discrepância, indicando materiais de qualidade variada, muitos dos quais não atendem as especificações mínimas previstas nas licitações públicas municipais. Tal fato motivou uma pesquisa recém iniciada pelo Grupo de Pesquisa Geotecnia FURG, buscando melhor caracterizar estes solos e tentar identificar propriedades físicas e mineralógicas que expliquem este comportamento diferenciado. Estão sendo inicialmente estudados 5 saibros, oriundos em sua maioria do município do Capão do Leão/RS. Foram realizados ensaios convencionais de caracterização de solos (ensaios de granulometria e de limites de Atterberg). A fração fina destes solos granulares está sendo caracterizada pela Metodologia MCT e a atividade coloidal desta por meio do ensaio de Adsorção de Azul de Metileno. Os dados obtidos nesta caracterização serão analisados em conjunto com os ensaios de compactação e CBR anteriormente realizados pelo Laboratório. Os resultados preliminares mostram que os solos são muito heterogêneos entre si, com significativas variações na granulometria e na plasticidade. O teor de finos (passante P#200) varia de 6 a 30% e quanto a plasticidade variam de não plásticos até IP de 25%." DESCRICAO-INFORMACOES-ADICIONAIS-INGLES=""/></TRABALHO-EM-EVENTOS><TRABALHO-EM-EVENTOS SEQUENCIA-PRODUCAO="7"><DADOS-BASICOS-DO-TRABALHO NATUREZA="RESUMO" TITULO-DO-TRABALHO="ESTUDO GEOTÉCNICO SOBRE SAIBROS GRANÍTICOS EMPREGADOS EM PAVIMENTAÇÃO NA PLANÍCIE COSTEIRA SUL" ANO-DO-TRABALHO="2005" PAIS-DO-EVENTO="Brasil" IDIOMA="Português" MEIO-DE-DIVULGACAO="MEIO_DIGITAL" HOME-PAGE-DO-TRABALHO="" FLAG-RELEVANCIA="NAO" DOI="" TITULO-DO-TRABALHO-INGLES="" FLAG-DIVULGACAO-CIENTIFICA="NAO"/><DETALHAMENTO-DO-TRABALHO CLASSIFICACAO-DO-EVENTO="LOCAL" NOME-DO-EVENTO="IV Mostra da Produção Universitária da FURG" CIDADE-DO-EVENTO="Rio Grande/RS" ANO-DE-REALIZACAO="2005" TITULO-DOS-ANAIS-OU-PROCEEDINGS="Anais da IV Mostra da Produção Universitária da FURG" VOLUME="CD" FASCICULO="" SERIE="" PAGINA-INICIAL="" PAGINA-FINAL="" ISBN="" NOME-DA-EDITORA="FURG" CIDADE-DA-EDITORA="Rio Grande/RS" NOME-DO-EVENTO-INGLES=""/><AUTORES NOME-COMPLETO-DO-AUTOR="João Vitor da Silva Godois" NOME-PARA-CITACAO="GODOIS, João Vitor da Silva" ORDEM-DE-AUTORIA="1" NRO-ID-CNPQ=""/><AUTORES NOME-COMPLETO-DO-AUTOR="Luciano Dors" NOME-PARA-CITACAO="DORS, Luciano" ORDEM-DE-AUTORIA="2" NRO-ID-CNPQ=""/><AUTORES NOME-COMPLETO-DO-AUTOR="Leonardo Andres Schmitt" NOME-PARA-CITACAO="SCHMITT, Leonardo Andres" ORDEM-DE-AUTORIA="3" NRO-ID-CNPQ=""/><AUTORES NOME-COMPLETO-DO-AUTOR="Silvana Macedo de Vasconcelos" NOME-PARA-CITACAO="VASCONCELOS, Silvana Macedo de" ORDEM-DE-AUTORIA="4" NRO-ID-CNPQ="3676318479971959"/><AUTORES NOME-COMPLETO-DO-AUTOR="Cezar Augusto Burkert Bastos" NOME-PARA-CITACAO="BASTOS, Cezar Augusto Burkert" ORDEM-DE-AUTORIA="5" NRO-ID-CNPQ=""/><PALAVRAS-CHAVE PALAVRA-CHAVE-1="saibros graníticos" PALAVRA-CHAVE-2="caracterização geotécnica" PALAVRA-CHAVE-3="pavimentação" PALAVRA-CHAVE-4="planície costeira" PALAVRA-CHAVE-5="" PALAVRA-CHAVE-6=""/><AREAS-DO-CONHECIMENTO><AREA-DO-CONHECIMENTO-1 NOME-GRANDE-AREA-DO-CONHECIMENTO="ENGENHARIAS" NOME-DA-AREA-DO-CONHECIMENTO="" NOME-DA-SUB-AREA-DO-CONHECIMENTO="Geotécnica" NOME-DA-ESPECIALIDADE="Mecânicas dos Solos"/></AREAS-DO-CONHECIMENTO><SETORES-DE-ATIVIDADE SETOR-DE-ATIVIDADE-1="Construção Civil" SETOR-DE-ATIVIDADE-2="" SETOR-DE-ATIVIDADE-3=""/><INFORMACOES-ADICIONAIS DESCRICAO-INFORMACOES-ADICIONAIS="Saibros oriundos da alteração de rochas graníticas são tradicionalmente utilizados em pavimentação nos municípios da Planície Costeira Sul do RS, como em Rio Grande. Estes solos são empregados em estruturas de pavimentos ou como revestimento primário de estradas vicinais e vias urbanas, apesar do custo relativamente elevado (U$ 12,00/m3 transportado), ocasionado pelas grandes distâncias de transporte, superiores a 70 km. O Laboratório de Geotecnia da FURG tem prestado serviços na avaliação das propriedades de compactação e suporte destes materiais por ensaios de compactação e CBR. As propriedades avaliadas têm mostrado grande discrepância, indicando materiais de qualidade variada, muitos dos quais não atendem especificações previstas em licitações públicas. Tal fato motivou uma pesquisa conduzida pelo Grupo de Pesquisa Geotecnia FURG, buscando caracterizar estes solos e tentando identificar propriedades físicas e mineralógicas que expliquem este comportamento diferenciado. Estão sendo estudados 5 saibros com os quais foram realizados ensaios de caracterização (granulometria e limites de Atterberg). A fração fina destes solos granulares está sendo caracterizada pela Metodologia MCT e a atividade coloidal por meio do ensaio de Adsorção de Azul de Metileno. Os dados desta caracterização são analisados em conjunto com os ensaios de compactação e CBR realizados. Os resultados preliminares mostram que os solos são heterogêneos, com significativas variações na granulometria e na plasticidade. O teor de finos varia de 6 a 30%, enquanto a plasticidade varia de não plásticos até IP de 25%. Procurar-se-á relacionar esta variabilidade com os dados da caracterização da fração fina e com os parâmetros de compactação, de CBR e de expansão obtidos. Também pretende-se aumentar a base dados para análise com a inclusão de novos saibros no estudo." DESCRICAO-INFORMACOES-ADICIONAIS-INGLES=""/></TRABALHO-EM-EVENTOS><TRABALHO-EM-EVENTOS SEQUENCIA-PRODUCAO="8"><DADOS-BASICOS-DO-TRABALHO NATUREZA="RESUMO" TITULO-DO-TRABALHO="CURVAS DE RETENÇÃO DE ÁGUA DE UM SOLO ARENOSO FINO LATERÍTICO COMPACTADO" ANO-DO-TRABALHO="2006" PAIS-DO-EVENTO="Brasil" IDIOMA="Português" MEIO-DE-DIVULGACAO="MEIO_DIGITAL" HOME-PAGE-DO-TRABALHO="" FLAG-RELEVANCIA="SIM" DOI="" TITULO-DO-TRABALHO-INGLES="" FLAG-DIVULGACAO-CIENTIFICA="NAO"/><DETALHAMENTO-DO-TRABALHO CLASSIFICACAO-DO-EVENTO="LOCAL" NOME-DO-EVENTO="V Mostra da Produção Universitária da FURG" CIDADE-DO-EVENTO="Rio Grande/RS" ANO-DE-REALIZACAO="2006" TITULO-DOS-ANAIS-OU-PROCEEDINGS="Anais da V Mostra da Produção Universitária da FURG" VOLUME="CD" FASCICULO="" SERIE="" PAGINA-INICIAL="" PAGINA-FINAL="" ISBN="" NOME-DA-EDITORA="FURG" CIDADE-DA-EDITORA="Rio Grande/RS" NOME-DO-EVENTO-INGLES=""/><AUTORES NOME-COMPLETO-DO-AUTOR="Silvana Macedo de Vasconcelos" NOME-PARA-CITACAO="VASCONCELOS, Silvana Macedo de" ORDEM-DE-AUTORIA="1" NRO-ID-CNPQ="3676318479971959"/><AUTORES NOME-COMPLETO-DO-AUTOR="Cezar Augusto Burkert Bastos" NOME-PARA-CITACAO="BASTOS, Cezar Augusto Burkert" ORDEM-DE-AUTORIA="2" NRO-ID-CNPQ=""/><PALAVRAS-CHAVE PALAVRA-CHAVE-1="curva característica" PALAVRA-CHAVE-2="solos arenosos finos" PALAVRA-CHAVE-3="solos não saturados" PALAVRA-CHAVE-4="" PALAVRA-CHAVE-5="" PALAVRA-CHAVE-6=""/><AREAS-DO-CONHECIMENTO><AREA-DO-CONHECIMENTO-1 NOME-GRANDE-AREA-DO-CONHECIMENTO="ENGENHARIAS" NOME-DA-AREA-DO-CONHECIMENTO="" NOME-DA-SUB-AREA-DO-CONHECIMENTO="Geotécnica" NOME-DA-ESPECIALIDADE="Mecânicas dos Solos"/></AREAS-DO-CONHECIMENTO><SETORES-DE-ATIVIDADE SETOR-DE-ATIVIDADE-1="Construção Civil" SETOR-DE-ATIVIDADE-2="" SETOR-DE-ATIVIDADE-3=""/><INFORMACOES-ADICIONAIS DESCRICAO-INFORMACOES-ADICIONAIS="O objetivo deste trabalho é avançar no conhecimento do comportamento de retenção d'água de um solo arenoso fino de comportamento laterítico compactado, com potencial de emprego em pavimentação de baixo custo e em outras obras de terra na Planície Costeira Sul, através da construção de curvas características com diferentes trajetórias de umedecimento e secagem pelo Método do Papel Filtro. A curva característica representa o comportamento da sucção matricial do solo com variação do teor de umidade ou do grau de saturação. A Técnica do Papel Filtro consiste em colocar em contato com uma amostra de solo um pedaço de papel filtro específico com área superior a 2 cm2, até que seja estabelecido o equilíbrio de umidade entre eles (em média 7 dias). A sucção é estimada por uma correlação com a umidade do papel filtro, obtida da calibração com outras medidas diretas da sucção. Os resultados da sucção matricial foram medidos a partir de três trajetórias de condicionamento do grau de saturação dos corpos de prova: umedecimento e secagem a partir da umidade ótima; umedecimento após secagem ao ar e secagem após molhagem por capilaridade. Às curvas características obtidas foram aplicadas o modelo de ajuste de Fredlung e Xing, baseado na hipótese de que a forma da curva característica é dependente da distribuição do tamanho de poros do solo e tem a forma de uma curva de distribuição de freqüência integrada, abrangendo sucções na faixa de 0 a 106kPa. O método mostrou eficiência na obtenção dos dados para curvas de retenção de água do solo estudado. As curvas características mostraram comportamento histerético típico de solos compactados e o modelo ajustou bem os dados experimentais. Os resultados obtidos serão utilizados na interpretação do comportamento mecânico e hidráulico deste solo sob variação no teor de umidade." DESCRICAO-INFORMACOES-ADICIONAIS-INGLES=""/></TRABALHO-EM-EVENTOS></TRABALHOS-EM-EVENTOS></PRODUCAO-BIBLIOGRAFICA><DADOS-COMPLEMENTARES><PARTICIPACAO-EM-EVENTOS-CONGRESSOS><PARTICIPACAO-EM-CONGRESSO SEQUENCIA-PRODUCAO="9"><PARTICIPANTE-DE-EVENTOS-CONGRESSOS NOME-COMPLETO-DO-PARTICIPANTE-DE-EVENTOS-CONGRESSOS="Silvana Macedo de Vasconcelos" NOME-PARA-CITACAO-DO-PARTICIPANTE-DE-EVENTOS-CONGRESSOS="VASCONCELOS, Silvana Macedo de" ORDEM-PARTICIPANTE="1" NRO-ID-CNPQ="3676318479971959"/><DADOS-BASICOS-DA-PARTICIPACAO-EM-CONGRESSO NATUREZA="Congresso" TITULO="" ANO="2008" PAIS="Brasil" IDIOMA="" MEIO-DE-DIVULGACAO="NAO_INFORMADO" HOME-PAGE-DO-TRABALHO="" FLAG-RELEVANCIA="NAO" TIPO-PARTICIPACAO="" FORMA-PARTICIPACAO="Ouvinte" DOI="" TITULO-INGLES="" FLAG-DIVULGACAO-CIENTIFICA="NAO"/><DETALHAMENTO-DA-PARTICIPACAO-EM-CONGRESSO NOME-DO-EVENTO="COBRAMSEG" CODIGO-INSTITUICAO="" NOME-INSTITUICAO="" LOCAL-DO-EVENTO="" CIDADE-DO-EVENTO="Búzios" NOME-DO-EVENTO-INGLES=""/></PARTICIPACAO-EM-CONGRESSO><PARTICIPACAO-EM-OFICINA SEQUENCIA-PRODUCAO="10"><PARTICIPANTE-DE-EVENTOS-CONGRESSOS NOME-COMPLETO-DO-PARTICIPANTE-DE-EVENTOS-CONGRESSOS="Silvana Macedo de Vasconcelos" NOME-PARA-CITACAO-DO-PARTICIPANTE-DE-EVENTOS-CONGRESSOS="VASCONCELOS, Silvana Macedo de" ORDEM-PARTICIPANTE="1" NRO-ID-CNPQ="3676318479971959"/><DADOS-BASICOS-DA-PARTICIPACAO-EM-OFICINA NATUREZA="Oficina" TITULO="" ANO="2014" PAIS="Brasil" IDIOMA="" MEIO-DE-DIVULGACAO="NAO_INFORMADO" HOME-PAGE-DO-TRABALHO="" FLAG-RELEVANCIA="NAO" TIPO-PARTICIPACAO="" FORMA-PARTICIPACAO="Ouvinte" DOI="" TITULO-INGLES="" FLAG-DIVULGACAO-CIENTIFICA="SIM"/><DETALHAMENTO-DA-PARTICIPACAO-EM-OFICINA NOME-DO-EVENTO="Curso de Solos Moles" CODIGO-INSTITUICAO="" NOME-INSTITUICAO="" LOCAL-DO-EVENTO="" CIDADE-DO-EVENTO="Rio de Janeiro" NOME-DO-EVENTO-INGLES=""/></PARTICIPACAO-EM-OFICINA></PARTICIPACAO-EM-EVENTOS-CONGRESSOS><INFORMACOES-ADICIONAIS-INSTITUICOES><INFORMACAO-ADICIONAL-INSTITUICAO CODIGO-INSTITUICAO="000100000991" SIGLA-INSTITUICAO="CSJ" SIGLA-UF-INSTITUICAO="RS" SIGLA-PAIS-INSTITUICAO="BRA" NOME-PAIS-INSTITUICAO="Brasil" FLAG-AGENCIA-FOMENTO="NAO" FLAG-INSTITUICAO-DE-ENSINO="NAO"/><INFORMACAO-ADICIONAL-INSTITUICAO CODIGO-INSTITUICAO="000200000993" SIGLA-INSTITUICAO="CEFET/RS" SIGLA-UF-INSTITUICAO="RS" SIGLA-PAIS-INSTITUICAO="BRA" NOME-PAIS-INSTITUICAO="Brasil" FLAG-AGENCIA-FOMENTO="NAO" FLAG-INSTITUICAO-DE-ENSINO="NAO"/><INFORMACAO-ADICIONAL-INSTITUICAO CODIGO-INSTITUICAO="000300000995" SIGLA-INSTITUICAO="SANEP" SIGLA-UF-INSTITUICAO="RS" SIGLA-PAIS-INSTITUICAO="BRA" NOME-PAIS-INSTITUICAO="Brasil" FLAG-AGENCIA-FOMENTO="NAO" FLAG-INSTITUICAO-DE-ENSINO="NAO"/><INFORMACAO-ADICIONAL-INSTITUICAO CODIGO-INSTITUICAO="000301000999" SIGLA-INSTITUICAO="SANEP" SIGLA-UF-INSTITUICAO="RS" SIGLA-PAIS-INSTITUICAO="BRA" NOME-PAIS-INSTITUICAO="Brasil" FLAG-AGENCIA-FOMENTO="NAO" FLAG-INSTITUICAO-DE-ENSINO="NAO"/><INFORMACAO-ADICIONAL-INSTITUICAO CODIGO-INSTITUICAO="000400000997" SIGLA-INSTITUICAO="FUNDACON" SIGLA-UF-INSTITUICAO="RS" SIGLA-PAIS-INSTITUICAO="BRA" NOME-PAIS-INSTITUICAO="Brasil" FLAG-AGENCIA-FOMENTO="NAO" FLAG-INSTITUICAO-DE-ENSINO="NAO"/><INFORMACAO-ADICIONAL-INSTITUICAO CODIGO-INSTITUICAO="000500000999" SIGLA-INSTITUICAO="CRAF" SIGLA-UF-INSTITUICAO="RJ" SIGLA-PAIS-INSTITUICAO="BRA" NOME-PAIS-INSTITUICAO="Brasil" FLAG-AGENCIA-FOMENTO="NAO" FLAG-INSTITUICAO-DE-ENSINO="NAO"/><INFORMACAO-ADICIONAL-INSTITUICAO CODIGO-INSTITUICAO="000600000990" SIGLA-INSTITUICAO="PROJCONSULT" SIGLA-UF-INSTITUICAO="RJ" SIGLA-PAIS-INSTITUICAO="BRA" NOME-PAIS-INSTITUICAO="Brasil" FLAG-AGENCIA-FOMENTO="NAO" FLAG-INSTITUICAO-DE-ENSINO="NAO"/><INFORMACAO-ADICIONAL-INSTITUICAO CODIGO-INSTITUICAO="000700000992" SIGLA-INSTITUICAO="M&amp;amp;S" SIGLA-UF-INSTITUICAO="RJ" SIGLA-PAIS-INSTITUICAO="BRA" NOME-PAIS-INSTITUICAO="Brasil" FLAG-AGENCIA-FOMENTO="NAO" FLAG-INSTITUICAO-DE-ENSINO="NAO"/><INFORMACAO-ADICIONAL-INSTITUICAO CODIGO-INSTITUICAO="002200000000" SIGLA-INSTITUICAO="CNPq" SIGLA-UF-INSTITUICAO="DF" SIGLA-PAIS-INSTITUICAO="BRA" NOME-PAIS-INSTITUICAO="Brasil" FLAG-AGENCIA-FOMENTO="SIM" FLAG-INSTITUICAO-DE-ENSINO="SIM"/><INFORMACAO-ADICIONAL-INSTITUICAO CODIGO-INSTITUICAO="016700000000" SIGLA-INSTITUICAO="FURG" SIGLA-UF-INSTITUICAO="RS" SIGLA-PAIS-INSTITUICAO="BRA" NOME-PAIS-INSTITUICAO="Brasil" FLAG-AGENCIA-FOMENTO="NAO" FLAG-INSTITUICAO-DE-ENSINO="SIM"/><INFORMACAO-ADICIONAL-INSTITUICAO CODIGO-INSTITUICAO="016705001993" SIGLA-INSTITUICAO="" SIGLA-UF-INSTITUICAO="RS" SIGLA-PAIS-INSTITUICAO="BRA" NOME-PAIS-INSTITUICAO="Brasil" FLAG-AGENCIA-FOMENTO="NAO" FLAG-INSTITUICAO-DE-ENSINO="NAO"/><INFORMACAO-ADICIONAL-INSTITUICAO CODIGO-INSTITUICAO="020200000009" SIGLA-INSTITUICAO="UFRJ" SIGLA-UF-INSTITUICAO="RJ" SIGLA-PAIS-INSTITUICAO="BRA" NOME-PAIS-INSTITUICAO="Brasil" FLAG-AGENCIA-FOMENTO="NAO" FLAG-INSTITUICAO-DE-ENSINO="SIM"/><INFORMACAO-ADICIONAL-INSTITUICAO CODIGO-INSTITUICAO="020201000991" SIGLA-INSTITUICAO="" SIGLA-UF-INSTITUICAO="RJ" SIGLA-PAIS-INSTITUICAO="BRA" NOME-PAIS-INSTITUICAO="Brasil" FLAG-AGENCIA-FOMENTO="NAO" FLAG-INSTITUICAO-DE-ENSINO="NAO"/><INFORMACAO-ADICIONAL-INSTITUICAO CODIGO-INSTITUICAO="020202000995" SIGLA-INSTITUICAO="" SIGLA-UF-INSTITUICAO="RJ" SIGLA-PAIS-INSTITUICAO="BRA" NOME-PAIS-INSTITUICAO="Brasil" FLAG-AGENCIA-FOMENTO="NAO" FLAG-INSTITUICAO-DE-ENSINO="NAO"/><INFORMACAO-ADICIONAL-INSTITUICAO CODIGO-INSTITUICAO="201900000008" SIGLA-INSTITUICAO="UNISUAM" SIGLA-UF-INSTITUICAO="RJ" SIGLA-PAIS-INSTITUICAO="BRA" NOME-PAIS-INSTITUICAO="Brasil" FLAG-AGENCIA-FOMENTO="NAO" FLAG-INSTITUICAO-DE-ENSINO="SIM"/><INFORMACAO-ADICIONAL-INSTITUICAO CODIGO-INSTITUICAO="J8M600000003" SIGLA-INSTITUICAO="FTESM" SIGLA-UF-INSTITUICAO="RJ" SIGLA-PAIS-INSTITUICAO="BRA" NOME-PAIS-INSTITUICAO="Brasil" FLAG-AGENCIA-FOMENTO="NAO" FLAG-INSTITUICAO-DE-ENSINO="SIM"/></INFORMACOES-ADICIONAIS-INSTITUICOES><INFORMACOES-ADICIONAIS-CURSOS><INFORMACAO-ADICIONAL-CURSO CODIGO-CURSO="31000282" CODIGO-ORGAO="" NOME-ORGAO="" CODIGO-INSTITUICAO="020200000009" NOME-INSTITUICAO="Universidade Federal do Rio de Janeiro" NOME-GRANDE-AREA-DO-CONHECIMENTO="ENGENHARIAS" NOME-DA-AREA-DO-CONHECIMENTO="Engenharia Civil" NOME-DA-SUB-AREA-DO-CONHECIMENTO="" NOME-DA-ESPECIALIDADE="" NIVEL-CURSO="MESTRADO_DOUTORADO"/><INFORMACAO-ADICIONAL-CURSO CODIGO-CURSO="60034408" CODIGO-ORGAO="" NOME-ORGAO="" CODIGO-INSTITUICAO="020200000009" NOME-INSTITUICAO="Universidade Federal do Rio de Janeiro" NOME-GRANDE-AREA-DO-CONHECIMENTO="OUTROS" NOME-DA-AREA-DO-CONHECIMENTO="" NOME-DA-SUB-AREA-DO-CONHECIMENTO="" NOME-DA-ESPECIALIDADE="" NIVEL-CURSO="DOUTORADO"/><INFORMACAO-ADICIONAL-CURSO CODIGO-CURSO="90000001" CODIGO-ORGAO="" NOME-ORGAO="" CODIGO-INSTITUICAO="016700000000" NOME-INSTITUICAO="Universidade Federal do Rio Grande" NOME-GRANDE-AREA-DO-CONHECIMENTO="ENGENHARIAS" NOME-DA-AREA-DO-CONHECIMENTO="Engenharia Civil" NOME-DA-SUB-AREA-DO-CONHECIMENTO="" NOME-DA-ESPECIALIDADE="" NIVEL-CURSO="GRADUACAO"/></INFORMACOES-ADICIONAIS-CURSOS></DADOS-COMPLEMENTARES><eventos/></CURRICULO-VITAE>