<CURRICULO-VITAE SISTEMA-ORIGEM-XML="LATTES_OFFLINE" NUMERO-IDENTIFICADOR="8481196702387055" FORMATO-DATA-ATUALIZACAO="DDMMAAAA" DATA-ATUALIZACAO="27112016" FORMATO-HORA-ATUALIZACAO="HHMMSS" HORA-ATUALIZACAO="121519"><DADOS-GERAIS NOME-COMPLETO="Rosangela de Paola Gonçalves" NOME-EM-CITACOES-BIBLIOGRAFICAS="GONÇALVES, R. P." NACIONALIDADE="B" PAIS-DE-NASCIMENTO="Brasil" FORMATO-DATA-DE-NASCIMENTO="DDMMAAAA" FORMATO-DATA-DE-EMISSAO="DDMMAAAA" PERMISSAO-DE-DIVULGACAO="NAO" DATA-FALECIMENTO="" SIGLA-PAIS-NACIONALIDADE="BRA" PAIS-DE-NACIONALIDADE="Brasil"><RESUMO-CV TEXTO-RESUMO-CV-RH="Graduação em nutrição pela Universidade Santa Úrsula (1983). Especialista em Dietoterapia pela Universidade Federal Fluminense. Atualmente é professor auxiliar da Universidade Estácio de Sá e do Centro Univesitário Augusto  Motta, Nutricionista do Colégio Universitário Geraldo Reis - COLUNI da Universidade Federal Fluminense. Possui experiência na área de Nutrição e gastronomia, com ênfase em Nutrição, atuando principalmente nos seguintes temas: restaurante universitário, utilização, proteína de soja, qualidade total e diabetes mellitus. Na gastronomia Cozinha Italiana, Cozinha Mediterranea, gerencia de cozinhas. Palestrante do projeto Qualidade de vida e alimentação saudável juntos na prevenção da obesidade - UFF/PROGEPE/CASQ." TEXTO-RESUMO-CV-RH-EN="graduate at nutrição from Universidade Santa Úrsula (1983). Has experience in Nutrition, focusing on Nutrition, acting on the following subjects: restaurante universitário, utilização, proteína de soja, qualidade total and diabetes mellitus."/><OUTRAS-INFORMACOES-RELEVANTES OUTRAS-INFORMACOES-RELEVANTES="Chefe do SErviço de Nutrição do HUAP no período de Nov.1991 a Dez.1998 Estruturei o Serviço de Buffet e Coffee-breaks da Gerencia de Cordenação da UFF, para atender a comunidade Universitária. Coordenadora do Curso de Gastronomia e Culinária da UNESA  Admitida para cursar na Unversidad de Nebrija o programa de Doctorado en Turismo, tendo concluído 10 créditos no período de 8 a 24 de janeiro de 2002. Ministrei palestras no Curso de Graduação em Nutrição da UFF- Serviço de alimentação em Órgãos Públicos. Apresentei palestra na Jornada de Nutrição da UFF em 2005 &amp;quot;Gastronomia uma abordagem geral&amp;quot; Ministrei a palestra &amp;quot;A evolução da gastronomia através dos tempos&amp;quot; na VI SEMANA ACADÊMICA DAS CIÊNCIAS DA SAÚDE E BIOLÓGICAS DAUNISUAM em 29/10/2008"/><ENDERECO FLAG-DE-PREFERENCIA="ENDERECO_RESIDENCIAL"><ENDERECO-PROFISSIONAL CODIGO-INSTITUICAO-EMPRESA="000500000000" NOME-INSTITUICAO-EMPRESA="Universidade Federal Fluminense" CODIGO-ORGAO="000501000992" NOME-ORGAO="GERENCIA DA COORDENAÇÃO ALIMENTAR" CODIGO-UNIDADE="" NOME-UNIDADE="" LOGRADOURO-COMPLEMENTO="Praça Leoni Ramos s/nº" PAIS="Brasil" UF="RJ" CEP="24030-210" CIDADE="Niteroi" BAIRRO="Gragoatá" DDD="21" TELEFONE="26292797" RAMAL="" FAX="" E-MAIL="rodepaola@gmail.com" HOME-PAGE=""/></ENDERECO><FORMACAO-ACADEMICA-TITULACAO><GRADUACAO SEQUENCIA-FORMACAO="1" NIVEL="1" TITULO-DO-TRABALHO-DE-CONCLUSAO-DE-CURSO="" NOME-DO-ORIENTADOR="" CODIGO-INSTITUICAO="153900000004" NOME-INSTITUICAO="Universidade Santa Úrsula" CODIGO-ORGAO="" NOME-ORGAO="" CODIGO-CURSO="90000000" NOME-CURSO="nutrição" CODIGO-AREA-CURSO="90000000" STATUS-DO-CURSO="CONCLUIDO" ANO-DE-INICIO="1978" ANO-DE-CONCLUSAO="1983" FLAG-BOLSA="NAO" CODIGO-AGENCIA-FINANCIADORA="" NOME-AGENCIA="" NUMERO-ID-ORIENTADOR="" CODIGO-CURSO-CAPES="" TITULO-DO-TRABALHO-DE-CONCLUSAO-DE-CURSO-INGLES="" NOME-CURSO-INGLES="" FORMACAO-ACADEMICA-TITULACAO="" TIPO-GRADUACAO="" CODIGO-INSTITUICAO-GRAD="" NOME-INSTITUICAO-GRAD="" CODIGO-INSTITUICAO-OUTRA-GRAD="" NOME-INSTITUICAO-OUTRA-GRAD="" NOME-ORIENTADOR-GRAD=""/><ESPECIALIZACAO SEQUENCIA-FORMACAO="2" NIVEL="2" TITULO-DA-MONOGRAFIA="" NOME-DO-ORIENTADOR="" CODIGO-INSTITUICAO="000500000000" NOME-INSTITUICAO="Universidade Federal Fluminense" CODIGO-ORGAO="" NOME-ORGAO="" CODIGO-CURSO="90000001" NOME-CURSO="Especialização em Dietoterapia" STATUS-DO-CURSO="CONCLUIDO" ANO-DE-INICIO="1985" ANO-DE-CONCLUSAO="1985" FLAG-BOLSA="NAO" CODIGO-AGENCIA-FINANCIADORA="" NOME-AGENCIA="" CARGA-HORARIA="" TITULO-DA-MONOGRAFIA-INGLES="" NOME-CURSO-INGLES=""/><APERFEICOAMENTO SEQUENCIA-FORMACAO="3" NIVEL="X" TITULO-DA-MONOGRAFIA="" NOME-DO-ORIENTADOR="" CODIGO-INSTITUICAO="000100000991" NOME-INSTITUICAO="centro de produção cultural e científica" CODIGO-ORGAO="" NOME-ORGAO="" CODIGO-CURSO="90000004" NOME-CURSO="Administração Hospitalar" CODIGO-AREA-CURSO="90000004" STATUS-DO-CURSO="CONCLUIDO" ANO-DE-INICIO="1987" ANO-DE-CONCLUSAO="1987" FLAG-BOLSA="NAO" CODIGO-AGENCIA-FINANCIADORA="" NOME-AGENCIA="" CARGA-HORARIA="" TITULO-DA-MONOGRAFIA-INGLES="" NOME-CURSO-INGLES=""/></FORMACAO-ACADEMICA-TITULACAO><ATUACOES-PROFISSIONAIS><ATUACAO-PROFISSIONAL CODIGO-INSTITUICAO="294800000006" NOME-INSTITUICAO="Universidade Estácio de Sá" SEQUENCIA-ATIVIDADE="1" SEQUENCIA-IMPORTANCIA="2"><VINCULOS SEQUENCIA-HISTORICO="1" TIPO-DE-VINCULO="CELETISTA" ENQUADRAMENTO-FUNCIONAL="LIVRE" CARGA-HORARIA-SEMANAL="40" FLAG-DEDICACAO-EXCLUSIVA="NAO" MES-INICIO="05" ANO-INICIO="2003" MES-FIM="" ANO-FIM="" OUTRAS-INFORMACOES="" FLAG-VINCULO-EMPREGATICIO="NAO" OUTRO-VINCULO-INFORMADO="" OUTRO-ENQUADRAMENTO-FUNCIONAL-INFORMADO="Professor Auxiliar" OUTRO-ENQUADRAMENTO-FUNCIONAL-INFORMADO-INGLES="" OUTRAS-INFORMACOES-INGLES=""/><ATIVIDADES-DE-ENSINO><ENSINO SEQUENCIA-FUNCAO-ATIVIDADE="1" FLAG-PERIODO="ATUAL" TIPO-ENSINO="GRADUACAO" MES-INICIO="05" ANO-INICIO="2003" MES-FIM="" ANO-FIM="" CODIGO-ORGAO="" NOME-ORGAO="" CODIGO-CURSO="90000002" NOME-CURSO="Graduação Tecnológica em Gastronomia e Culinária" NOME-CURSO-INGLES=""><DISCIPLINA SEQUENCIA-ESPECIFICACAO="1">Cozinha Italiana</DISCIPLINA></ENSINO></ATIVIDADES-DE-ENSINO><atividadesProfissionaisPlanificadas/></ATUACAO-PROFISSIONAL><ATUACAO-PROFISSIONAL CODIGO-INSTITUICAO="201400000009" NOME-INSTITUICAO="Centro Universitário Plínio Leite" SEQUENCIA-ATIVIDADE="2" SEQUENCIA-IMPORTANCIA="4"><VINCULOS SEQUENCIA-HISTORICO="1" TIPO-DE-VINCULO="LIVRE" ENQUADRAMENTO-FUNCIONAL="LIVRE" CARGA-HORARIA-SEMANAL="" FLAG-DEDICACAO-EXCLUSIVA="NAO" MES-INICIO="10" ANO-INICIO="2001" MES-FIM="12" ANO-FIM="2001" OUTRAS-INFORMACOES="MINISTREI O MÓDULO DE MARKETING DO CURSO DE ESPECIALIZAÇÃO EM GESTÃO DE SERVIÇOS DE ALIMENTAÇÃO" FLAG-VINCULO-EMPREGATICIO="SIM" OUTRO-VINCULO-INFORMADO="convidado" OUTRO-ENQUADRAMENTO-FUNCIONAL-INFORMADO="PROFESSOR" OUTRO-ENQUADRAMENTO-FUNCIONAL-INFORMADO-INGLES="" OUTRAS-INFORMACOES-INGLES=""/><ATIVIDADES-DE-ENSINO><ENSINO SEQUENCIA-FUNCAO-ATIVIDADE="1" FLAG-PERIODO="ANTERIOR" TIPO-ENSINO="ESPECIALIZACAO" MES-INICIO="10" ANO-INICIO="2001" MES-FIM="12" ANO-FIM="2001" CODIGO-ORGAO="" NOME-ORGAO="" CODIGO-CURSO="90000003" NOME-CURSO="GESTÃO EM UNIDADES DE ALIMENTAÇÃO" NOME-CURSO-INGLES=""><DISCIPLINA SEQUENCIA-ESPECIFICACAO="1">MARKETING</DISCIPLINA></ENSINO></ATIVIDADES-DE-ENSINO><atividadesProfissionaisPlanificadas/></ATUACAO-PROFISSIONAL><ATUACAO-PROFISSIONAL CODIGO-INSTITUICAO="000500000000" NOME-INSTITUICAO="Universidade Federal Fluminense" SEQUENCIA-ATIVIDADE="3" SEQUENCIA-IMPORTANCIA="1"><VINCULOS SEQUENCIA-HISTORICO="1" TIPO-DE-VINCULO="SERVIDOR_PUBLICO" ENQUADRAMENTO-FUNCIONAL="LIVRE" CARGA-HORARIA-SEMANAL="30" FLAG-DEDICACAO-EXCLUSIVA="NAO" MES-INICIO="07" ANO-INICIO="1983" MES-FIM="" ANO-FIM="" OUTRAS-INFORMACOES="CHEFE DO SERVIÇO DE NUTRIÇÃO DO HOSPITAL UNIVERSITÁRIO ANTONIO PEDRO NO PERÍODO DE 1992 A 1999 DIRETORA DO RESTAURANTE UNIVERSITÁRIO DESDE 1999" FLAG-VINCULO-EMPREGATICIO="NAO" OUTRO-VINCULO-INFORMADO="" OUTRO-ENQUADRAMENTO-FUNCIONAL-INFORMADO="NUTRICIONISTA" OUTRO-ENQUADRAMENTO-FUNCIONAL-INFORMADO-INGLES="" OUTRAS-INFORMACOES-INGLES=""/><ATIVIDADES-DE-DIRECAO-E-ADMINISTRACAO><DIRECAO-E-ADMINISTRACAO SEQUENCIA-FUNCAO-ATIVIDADE="1" FLAG-PERIODO="ANTERIOR" MES-INICIO="01" ANO-INICIO="1999" MES-FIM="12" ANO-FIM="2006" CODIGO-ORGAO="000501000992" NOME-ORGAO="GERENCIA DA COORDENAÇÃO ALIMENTAR" CODIGO-UNIDADE="" FORMATO-CARGO-OU-FUNCAO="DIRETOR_DE_UNIDADE" CARGO-OU-FUNCAO="" NOME-UNIDADE="" CARGO-OU-FUNCAO-INGLES=""/></ATIVIDADES-DE-DIRECAO-E-ADMINISTRACAO><ATIVIDADES-DE-ENSINO><ENSINO SEQUENCIA-FUNCAO-ATIVIDADE="2" FLAG-PERIODO="ATUAL" TIPO-ENSINO="ESPECIALIZACAO" MES-INICIO="01" ANO-INICIO="2007" MES-FIM="" ANO-FIM="" CODIGO-ORGAO="" NOME-ORGAO="" CODIGO-CURSO="90000007" NOME-CURSO="Gestão da Qualid. em Aliment. para a coletividade" NOME-CURSO-INGLES=""><DISCIPLINA SEQUENCIA-ESPECIFICACAO="1">Módulo - Gastronomia e Hotelaria</DISCIPLINA></ENSINO></ATIVIDADES-DE-ENSINO><ATIVIDADES-DE-SERVICO-TECNICO-ESPECIALIZADO><SERVICO-TECNICO-ESPECIALIZADO SEQUENCIA-FUNCAO-ATIVIDADE="3" FLAG-PERIODO="ATUAL" MES-INICIO="02" ANO-INICIO="2007" MES-FIM="" ANO-FIM="" CODIGO-ORGAO="000501000992" NOME-ORGAO="GERENCIA DA COORDENAÇÃO ALIMENTAR" CODIGO-UNIDADE="" NOME-UNIDADE="" SERVICO-REALIZADO="Responsável Técnico pela alimentação dos alunos do COLUNI- Col Universitário Geraldo Reis"/></ATIVIDADES-DE-SERVICO-TECNICO-ESPECIALIZADO><atividadesProfissionaisPlanificadas/></ATUACAO-PROFISSIONAL><ATUACAO-PROFISSIONAL CODIGO-INSTITUICAO="201900000008" NOME-INSTITUICAO="Centro Universitário Augusto Motta" SEQUENCIA-ATIVIDADE="4" SEQUENCIA-IMPORTANCIA=""><VINCULOS SEQUENCIA-HISTORICO="1" TIPO-DE-VINCULO="LIVRE" ENQUADRAMENTO-FUNCIONAL="LIVRE" CARGA-HORARIA-SEMANAL="4" FLAG-DEDICACAO-EXCLUSIVA="NAO" MES-INICIO="08" ANO-INICIO="2008" MES-FIM="" ANO-FIM="" OUTRAS-INFORMACOES="" FLAG-VINCULO-EMPREGATICIO="NAO" OUTRO-VINCULO-INFORMADO="Celetista formal" OUTRO-ENQUADRAMENTO-FUNCIONAL-INFORMADO="professor auxiliar" OUTRO-ENQUADRAMENTO-FUNCIONAL-INFORMADO-INGLES="" OUTRAS-INFORMACOES-INGLES=""/><atividadesProfissionaisPlanificadas/></ATUACAO-PROFISSIONAL></ATUACOES-PROFISSIONAIS><AREAS-DE-ATUACAO><AREA-DE-ATUACAO SEQUENCIA-AREA-DE-ATUACAO="1" NOME-GRANDE-AREA-DO-CONHECIMENTO="CIENCIAS_DA_SAUDE" NOME-DA-AREA-DO-CONHECIMENTO="Nutrição" NOME-DA-SUB-AREA-DO-CONHECIMENTO="" NOME-DA-ESPECIALIDADE=""/><AREA-DE-ATUACAO SEQUENCIA-AREA-DE-ATUACAO="2" NOME-GRANDE-AREA-DO-CONHECIMENTO="CIENCIAS_SOCIAIS_APLICADAS" NOME-DA-AREA-DO-CONHECIMENTO="Turismo" NOME-DA-SUB-AREA-DO-CONHECIMENTO="" NOME-DA-ESPECIALIDADE=""/></AREAS-DE-ATUACAO><IDIOMAS><IDIOMA IDIOMA="ES" DESCRICAO-DO-IDIOMA="Espanhol" PROFICIENCIA-DE-LEITURA="RAZOAVELMENTE" PROFICIENCIA-DE-FALA="POUCO" PROFICIENCIA-DE-ESCRITA="POUCO" PROFICIENCIA-DE-COMPREENSAO="RAZOAVELMENTE"/><IDIOMA IDIOMA="IT" DESCRICAO-DO-IDIOMA="Italiano" PROFICIENCIA-DE-LEITURA="BEM" PROFICIENCIA-DE-FALA="POUCO" PROFICIENCIA-DE-ESCRITA="RAZOAVELMENTE" PROFICIENCIA-DE-COMPREENSAO="BEM"/><IDIOMA IDIOMA="FR" DESCRICAO-DO-IDIOMA="Francês" PROFICIENCIA-DE-LEITURA="POUCO" PROFICIENCIA-DE-FALA="NAO_INFORMADO" PROFICIENCIA-DE-ESCRITA="NAO_INFORMADO" PROFICIENCIA-DE-COMPREENSAO="POUCO"/></IDIOMAS><PREMIOS-TITULOS><PREMIO-TITULO NOME-DO-PREMIO-OU-TITULO="Professora homenageada" NOME-DA-ENTIDADE-PROMOTORA="Comissão de Formatura 2º semestre de 2004" ANO-DA-PREMIACAO="2004" NOME-DO-PREMIO-OU-TITULO-INGLES=""/><PREMIO-TITULO NOME-DO-PREMIO-OU-TITULO="Professora homenageada" NOME-DA-ENTIDADE-PROMOTORA="Comissão de formatura da turma de gastronomia 2005" ANO-DA-PREMIACAO="2005" NOME-DO-PREMIO-OU-TITULO-INGLES=""/><PREMIO-TITULO NOME-DO-PREMIO-OU-TITULO="Professora homenageada da Formatura de Promotor de Eventos" NOME-DA-ENTIDADE-PROMOTORA="Comissão de formatura turma 1002 2º semestre" ANO-DA-PREMIACAO="2005" NOME-DO-PREMIO-OU-TITULO-INGLES=""/><PREMIO-TITULO NOME-DO-PREMIO-OU-TITULO="Paraninfa da Formatura de Promotor de Eventos" NOME-DA-ENTIDADE-PROMOTORA="Comissão de formatura da turma 1002 1º semestre de 2005" ANO-DA-PREMIACAO="2005" NOME-DO-PREMIO-OU-TITULO-INGLES=""/><PREMIO-TITULO NOME-DO-PREMIO-OU-TITULO="Patronesse da Formatura de Promotores de Eventos" NOME-DA-ENTIDADE-PROMOTORA="Comissão de formatura da turma B- 1º período de 2005" ANO-DA-PREMIACAO="2006" NOME-DO-PREMIO-OU-TITULO-INGLES=""/><PREMIO-TITULO NOME-DO-PREMIO-OU-TITULO="PARANINFA" NOME-DA-ENTIDADE-PROMOTORA="1ª TURMA DO CURSO DE TECNÓLOGO EM GASTRONOMIA DO CENTRO UNIVERSITÁRIO AUGUSTO MOTTA" ANO-DA-PREMIACAO="2010" NOME-DO-PREMIO-OU-TITULO-INGLES=""/><PREMIO-TITULO NOME-DO-PREMIO-OU-TITULO="Professora homenageada Curso de Gastronomia" NOME-DA-ENTIDADE-PROMOTORA="Camopus Centro IV Universidade Estacio de Sá" ANO-DA-PREMIACAO="2010" NOME-DO-PREMIO-OU-TITULO-INGLES=""/></PREMIOS-TITULOS><staValidado/><dataExibicao/><dadosBolsista/></DADOS-GERAIS><PRODUCAO-BIBLIOGRAFICA><TRABALHOS-EM-EVENTOS><TRABALHO-EM-EVENTOS SEQUENCIA-PRODUCAO="1"><DADOS-BASICOS-DO-TRABALHO NATUREZA="RESUMO" TITULO-DO-TRABALHO="UTILIZAÇÃO DA PROTEÍNA TEXTURIZADA DA SOJA NOS CARDÁPIOS DO RESTAURANTE UNIVERSITÁRIO DA UFF" ANO-DO-TRABALHO="2005" PAIS-DO-EVENTO="Brasil" IDIOMA="Português" MEIO-DE-DIVULGACAO="OUTRO" HOME-PAGE-DO-TRABALHO="" FLAG-RELEVANCIA="SIM" DOI="" TITULO-DO-TRABALHO-INGLES="" FLAG-DIVULGACAO-CIENTIFICA="NAO"/><DETALHAMENTO-DO-TRABALHO CLASSIFICACAO-DO-EVENTO="LOCAL" NOME-DO-EVENTO="X SEMANA DE EXTENSÃO DA UFF" CIDADE-DO-EVENTO="NITERÓI" ANO-DE-REALIZACAO="2005" TITULO-DOS-ANAIS-OU-PROCEEDINGS="AGENDA ACADÊMICA UFF 2005" VOLUME="" FASCICULO="" SERIE="" PAGINA-INICIAL="" PAGINA-FINAL="" ISBN="" NOME-DA-EDITORA="" CIDADE-DA-EDITORA="" NOME-DO-EVENTO-INGLES=""/><AUTORES NOME-COMPLETO-DO-AUTOR="Rosangela de Paola Gonçalves" NOME-PARA-CITACAO="GONÇALVES, R. P." ORDEM-DE-AUTORIA="1" NRO-ID-CNPQ="8481196702387055"/><AUTORES NOME-COMPLETO-DO-AUTOR="MARIA DE FATIMA ALCANTARA DA COSTA PINTO" NOME-PARA-CITACAO="PINTO, M. F. A. C." ORDEM-DE-AUTORIA="2" NRO-ID-CNPQ=""/><AUTORES NOME-COMPLETO-DO-AUTOR="VANGELINA LINS MELLO" NOME-PARA-CITACAO="MELLO, V. L." ORDEM-DE-AUTORIA="3" NRO-ID-CNPQ=""/><PALAVRAS-CHAVE PALAVRA-CHAVE-1="CARDAPIO" PALAVRA-CHAVE-2="PROTEÍNA DE SOJA" PALAVRA-CHAVE-3="RESTAURANTE UNIVERSITÁRIO" PALAVRA-CHAVE-4="UTILIZAÇÃO" PALAVRA-CHAVE-5="" PALAVRA-CHAVE-6=""/><AREAS-DO-CONHECIMENTO><AREA-DO-CONHECIMENTO-1 NOME-GRANDE-AREA-DO-CONHECIMENTO="CIENCIAS_DA_SAUDE" NOME-DA-AREA-DO-CONHECIMENTO="" NOME-DA-SUB-AREA-DO-CONHECIMENTO="" NOME-DA-ESPECIALIDADE=""/></AREAS-DO-CONHECIMENTO><SETORES-DE-ATIVIDADE SETOR-DE-ATIVIDADE-1="Nutrição e Alimentação" SETOR-DE-ATIVIDADE-2="" SETOR-DE-ATIVIDADE-3=""/></TRABALHO-EM-EVENTOS></TRABALHOS-EM-EVENTOS></PRODUCAO-BIBLIOGRAFICA><PRODUCAO-TECNICA><TRABALHO-TECNICO SEQUENCIA-PRODUCAO="2"><DADOS-BASICOS-DO-TRABALHO-TECNICO NATUREZA="CONSULTORIA" TITULO-DO-TRABALHO-TECNICO="Projeto de construção da cozinha do Hospital Universitário Antonio Pedro -UFF" ANO="1996" PAIS="Brasil" MEIO-DE-DIVULGACAO="OUTRO" HOME-PAGE-DO-TRABALHO="" IDIOMA="Português" FLAG-RELEVANCIA="NAO" DOI="" TITULO-DO-TRABALHO-TECNICO-INGLES=""/><DETALHAMENTO-DO-TRABALHO-TECNICO FINALIDADE="criação de uma nova cozinha" DURACAO-EM-MESES="24" NUMERO-DE-PAGINAS="" DISPONIBILIDADE="NAO_INFORMADO" INSTITUICAO-FINANCIADORA="UFF" CIDADE-DO-TRABALHO="" FINALIDADE-INGLES=""/><AUTORES NOME-COMPLETO-DO-AUTOR="Rosangela de Paola Gonçalves" NOME-PARA-CITACAO="GONÇALVES, R. P." ORDEM-DE-AUTORIA="1" NRO-ID-CNPQ="8481196702387055"/></TRABALHO-TECNICO><TRABALHO-TECNICO SEQUENCIA-PRODUCAO="3"><DADOS-BASICOS-DO-TRABALHO-TECNICO NATUREZA="CONSULTORIA" TITULO-DO-TRABALHO-TECNICO="Projeto de reforma da cozinha do restaurante universitário Jupira Bastos Vidinha" ANO="2000" PAIS="Brasil" MEIO-DE-DIVULGACAO="NAO_INFORMADO" HOME-PAGE-DO-TRABALHO="" IDIOMA="Português" FLAG-RELEVANCIA="NAO" DOI="" TITULO-DO-TRABALHO-TECNICO-INGLES=""/><DETALHAMENTO-DO-TRABALHO-TECNICO FINALIDADE="reforma da linha de produção" DURACAO-EM-MESES="" NUMERO-DE-PAGINAS="" DISPONIBILIDADE="NAO_INFORMADO" INSTITUICAO-FINANCIADORA="UFF" CIDADE-DO-TRABALHO="niterói" FINALIDADE-INGLES=""/><AUTORES NOME-COMPLETO-DO-AUTOR="Rosangela de Paola Gonçalves" NOME-PARA-CITACAO="GONÇALVES, R. P." ORDEM-DE-AUTORIA="1" NRO-ID-CNPQ="8481196702387055"/></TRABALHO-TECNICO><TRABALHO-TECNICO SEQUENCIA-PRODUCAO="4"><DADOS-BASICOS-DO-TRABALHO-TECNICO NATUREZA="SERVICOS_NA_AREA_DA_SAUDE" TITULO-DO-TRABALHO-TECNICO="Grupo de Diabéticos - Uma Experiencia Multiprofissional do Hospital Universitário Antonio Pedro/ HUAP- UFF" ANO="1990" PAIS="Brasil" MEIO-DE-DIVULGACAO="NAO_INFORMADO" HOME-PAGE-DO-TRABALHO="" IDIOMA="Português" FLAG-RELEVANCIA="SIM" DOI="" TITULO-DO-TRABALHO-TECNICO-INGLES=""/><DETALHAMENTO-DO-TRABALHO-TECNICO FINALIDADE="Orientar os pacientes diabéticos do Ambulatório do HUAP" DURACAO-EM-MESES="60" NUMERO-DE-PAGINAS="" DISPONIBILIDADE="NAO_INFORMADO" INSTITUICAO-FINANCIADORA="HUAP/UFF" CIDADE-DO-TRABALHO="Niterói" FINALIDADE-INGLES=""/><AUTORES NOME-COMPLETO-DO-AUTOR="Rosangela de Paola Gonçalves" NOME-PARA-CITACAO="GONÇALVES, R. P." ORDEM-DE-AUTORIA="1" NRO-ID-CNPQ="8481196702387055"/><PALAVRAS-CHAVE PALAVRA-CHAVE-1="DIABETES MELLITUS" PALAVRA-CHAVE-2="" PALAVRA-CHAVE-3="" PALAVRA-CHAVE-4="" PALAVRA-CHAVE-5="" PALAVRA-CHAVE-6=""/><AREAS-DO-CONHECIMENTO><AREA-DO-CONHECIMENTO-1 NOME-GRANDE-AREA-DO-CONHECIMENTO="CIENCIAS_DA_SAUDE" NOME-DA-AREA-DO-CONHECIMENTO="" NOME-DA-SUB-AREA-DO-CONHECIMENTO="Dietética" NOME-DA-ESPECIALIDADE=""/></AREAS-DO-CONHECIMENTO><SETORES-DE-ATIVIDADE SETOR-DE-ATIVIDADE-1="Nutrição e Alimentação" SETOR-DE-ATIVIDADE-2="Cuidado À Saúde das Pessoas" SETOR-DE-ATIVIDADE-3=""/><INFORMACOES-ADICIONAIS DESCRICAO-INFORMACOES-ADICIONAIS="O trabalho foi realizado no ambulatório do HUAP durante 05 anos com os paciente portadores de Diabetes Mellitus.Através de uma experiência multiprofissional" DESCRICAO-INFORMACOES-ADICIONAIS-INGLES=""/></TRABALHO-TECNICO><TRABALHO-TECNICO SEQUENCIA-PRODUCAO="5"><DADOS-BASICOS-DO-TRABALHO-TECNICO NATUREZA="OUTRA" TITULO-DO-TRABALHO-TECNICO="Membro do Comitê Gestor de Implantação do Programa de Qualidade total do HUAP/UFF" ANO="1997" PAIS="Brasil" MEIO-DE-DIVULGACAO="NAO_INFORMADO" HOME-PAGE-DO-TRABALHO="" IDIOMA="Português" FLAG-RELEVANCIA="SIM" DOI="" TITULO-DO-TRABALHO-TECNICO-INGLES=""/><DETALHAMENTO-DO-TRABALHO-TECNICO FINALIDADE="" DURACAO-EM-MESES="24" NUMERO-DE-PAGINAS="" DISPONIBILIDADE="NAO_INFORMADO" INSTITUICAO-FINANCIADORA="UFF" CIDADE-DO-TRABALHO="Niterói" FINALIDADE-INGLES=""/><AUTORES NOME-COMPLETO-DO-AUTOR="Rosangela de Paola Gonçalves" NOME-PARA-CITACAO="GONÇALVES, R. P." ORDEM-DE-AUTORIA="1" NRO-ID-CNPQ="8481196702387055"/><PALAVRAS-CHAVE PALAVRA-CHAVE-1="qualidade total" PALAVRA-CHAVE-2="" PALAVRA-CHAVE-3="" PALAVRA-CHAVE-4="" PALAVRA-CHAVE-5="" PALAVRA-CHAVE-6=""/><AREAS-DO-CONHECIMENTO><AREA-DO-CONHECIMENTO-1 NOME-GRANDE-AREA-DO-CONHECIMENTO="CIENCIAS_SOCIAIS_APLICADAS" NOME-DA-AREA-DO-CONHECIMENTO="" NOME-DA-SUB-AREA-DO-CONHECIMENTO="Administração Pública" NOME-DA-ESPECIALIDADE="Política e Planejamento Governamentais"/></AREAS-DO-CONHECIMENTO><SETORES-DE-ATIVIDADE SETOR-DE-ATIVIDADE-1="Qualidade e Produtividade" SETOR-DE-ATIVIDADE-2="" SETOR-DE-ATIVIDADE-3=""/><INFORMACOES-ADICIONAIS DESCRICAO-INFORMACOES-ADICIONAIS="Multiplicador no Progrma de treinamento em Qualidade total UFF?IBQN - 1997" DESCRICAO-INFORMACOES-ADICIONAIS-INGLES=""/></TRABALHO-TECNICO><TRABALHO-TECNICO SEQUENCIA-PRODUCAO="7"><DADOS-BASICOS-DO-TRABALHO-TECNICO NATUREZA="ELABORACAO_DE_PROJETO" TITULO-DO-TRABALHO-TECNICO="UTILIZAÇÃO DA PROTEÍNA DA SOJA NOS CARDÁPIOS DO RESTAURANTE UNVERSITÁRIO DA UFF" ANO="2005" PAIS="Brasil" MEIO-DE-DIVULGACAO="OUTRO" HOME-PAGE-DO-TRABALHO="" IDIOMA="Português" FLAG-RELEVANCIA="SIM" DOI="" TITULO-DO-TRABALHO-TECNICO-INGLES=""/><DETALHAMENTO-DO-TRABALHO-TECNICO FINALIDADE="" DURACAO-EM-MESES="8" NUMERO-DE-PAGINAS="" DISPONIBILIDADE="NAO_INFORMADO" INSTITUICAO-FINANCIADORA="" CIDADE-DO-TRABALHO="" FINALIDADE-INGLES=""/><AUTORES NOME-COMPLETO-DO-AUTOR="Rosangela de Paola Gonçalves" NOME-PARA-CITACAO="GONÇALVES, R. P." ORDEM-DE-AUTORIA="1" NRO-ID-CNPQ="8481196702387055"/><AREAS-DO-CONHECIMENTO><AREA-DO-CONHECIMENTO-1 NOME-GRANDE-AREA-DO-CONHECIMENTO="CIENCIAS_DA_SAUDE" NOME-DA-AREA-DO-CONHECIMENTO="" NOME-DA-SUB-AREA-DO-CONHECIMENTO="ADMINISTRAÇÃO DE SERVIÇOS DE ALIMENTAÇÃO" NOME-DA-ESPECIALIDADE=""/></AREAS-DO-CONHECIMENTO></TRABALHO-TECNICO><TRABALHO-TECNICO SEQUENCIA-PRODUCAO="8"><DADOS-BASICOS-DO-TRABALHO-TECNICO NATUREZA="OUTRA" TITULO-DO-TRABALHO-TECNICO="Produção de material acadêmico" ANO="2010" PAIS="Brasil" MEIO-DE-DIVULGACAO="OUTRO" HOME-PAGE-DO-TRABALHO="" IDIOMA="Português" FLAG-RELEVANCIA="NAO" DOI="" TITULO-DO-TRABALHO-TECNICO-INGLES="Produção de material acadêmico"/><DETALHAMENTO-DO-TRABALHO-TECNICO FINALIDADE="" DURACAO-EM-MESES="" NUMERO-DE-PAGINAS="" DISPONIBILIDADE="NAO_INFORMADO" INSTITUICAO-FINANCIADORA="" CIDADE-DO-TRABALHO="" FINALIDADE-INGLES=""/><AUTORES NOME-COMPLETO-DO-AUTOR="Rosangela de Paola Gonçalves" NOME-PARA-CITACAO="GONÇALVES, R. P." ORDEM-DE-AUTORIA="1" NRO-ID-CNPQ="8481196702387055"/><PALAVRAS-CHAVE PALAVRA-CHAVE-1="Conteúdista" PALAVRA-CHAVE-2="" PALAVRA-CHAVE-3="" PALAVRA-CHAVE-4="" PALAVRA-CHAVE-5="" PALAVRA-CHAVE-6=""/><AREAS-DO-CONHECIMENTO><AREA-DO-CONHECIMENTO-1 NOME-GRANDE-AREA-DO-CONHECIMENTO="CIENCIAS_SOCIAIS_APLICADAS" NOME-DA-AREA-DO-CONHECIMENTO="" NOME-DA-SUB-AREA-DO-CONHECIMENTO="" NOME-DA-ESPECIALIDADE=""/></AREAS-DO-CONHECIMENTO><SETORES-DE-ATIVIDADE SETOR-DE-ATIVIDADE-1="Educação" SETOR-DE-ATIVIDADE-2="" SETOR-DE-ATIVIDADE-3=""/><INFORMACOES-ADICIONAIS DESCRICAO-INFORMACOES-ADICIONAIS="Professor conteudista da disciplina Cozinha mediterrânea do Curso de gastronomia da Universidade Estacio de Sá" DESCRICAO-INFORMACOES-ADICIONAIS-INGLES="Professor conteudista da disciplina Cozinha mediterrânea do Curso de gastronomia da Universidade Estacio de Sá"/></TRABALHO-TECNICO><TRABALHO-TECNICO SEQUENCIA-PRODUCAO="6"><DADOS-BASICOS-DO-TRABALHO-TECNICO NATUREZA="SERVICOS_NA_AREA_DA_SAUDE" TITULO-DO-TRABALHO-TECNICO="Cuidados no Diabetes Mellitus" ANO="1993" PAIS="Brasil" MEIO-DE-DIVULGACAO="OUTRO" HOME-PAGE-DO-TRABALHO="" IDIOMA="Português" FLAG-RELEVANCIA="SIM" DOI="" TITULO-DO-TRABALHO-TECNICO-INGLES=""/><DETALHAMENTO-DO-TRABALHO-TECNICO FINALIDADE="" DURACAO-EM-MESES="" NUMERO-DE-PAGINAS="" DISPONIBILIDADE="NAO_INFORMADO" INSTITUICAO-FINANCIADORA="" CIDADE-DO-TRABALHO="" FINALIDADE-INGLES=""/><AUTORES NOME-COMPLETO-DO-AUTOR="Rosangela de Paola Gonçalves" NOME-PARA-CITACAO="GONÇALVES, R. P." ORDEM-DE-AUTORIA="1" NRO-ID-CNPQ="8481196702387055"/><AREAS-DO-CONHECIMENTO><AREA-DO-CONHECIMENTO-1 NOME-GRANDE-AREA-DO-CONHECIMENTO="CIENCIAS_DA_SAUDE" NOME-DA-AREA-DO-CONHECIMENTO="" NOME-DA-SUB-AREA-DO-CONHECIMENTO="" NOME-DA-ESPECIALIDADE=""/><AREA-DO-CONHECIMENTO-2 NOME-GRANDE-AREA-DO-CONHECIMENTO="CIENCIAS_DA_SAUDE" NOME-DA-AREA-DO-CONHECIMENTO="Nutrição" NOME-DA-SUB-AREA-DO-CONHECIMENTO="Análise Nutricional de População" NOME-DA-ESPECIALIDADE=""/></AREAS-DO-CONHECIMENTO></TRABALHO-TECNICO><DEMAIS-TIPOS-DE-PRODUCAO-TECNICA><APRESENTACAO-DE-TRABALHO SEQUENCIA-PRODUCAO="9"><DADOS-BASICOS-DA-APRESENTACAO-DE-TRABALHO NATUREZA="CONFERENCIA" TITULO="QUALIDADE DE VIDA E ALIMENTAÇÃO SAUDÁVEL JUNTOS NA PREVENÇÃO DA OBESIDADE" ANO="2014" PAIS="Brasil" IDIOMA="Português" FLAG-RELEVANCIA="NAO" DOI="" TITULO-INGLES="QUALIDADE DE VIDA E ALIMENTAÇÃO SAUDÁVEL JUNTOS NA PREVENÇÃO DA OBESIDADE" FLAG-DIVULGACAO-CIENTIFICA="NAO"/><DETALHAMENTO-DA-APRESENTACAO-DE-TRABALHO NOME-DO-EVENTO="QUALIDADE DE VIDA E ALIMENTAÇÃO SAUDÁVEL JUNTOS NA PREVENÇÃO DA OBESIDADE" INSTITUICAO-PROMOTORA="UNIVERSIDADE FEDERAL FLUMINENSE - SEÇÃO DE QUALIDADE DE VIDA E SAUDE DO SERVIDOS" LOCAL-DA-APRESENTACAO="UNVERSIDADE FEDERAL FLUMINENSE" CIDADE-DA-APRESENTACAO="NTEROI - RIO DE JANEIRO" NOME-DO-EVENTO-INGLES=""/><AUTORES NOME-COMPLETO-DO-AUTOR="Rosangela de Paola Gonçalves" NOME-PARA-CITACAO="GONÇALVES, R. P." ORDEM-DE-AUTORIA="1" NRO-ID-CNPQ="8481196702387055"/><PALAVRAS-CHAVE PALAVRA-CHAVE-1="CARDAPIO" PALAVRA-CHAVE-2="DIABETES MELLITUS" PALAVRA-CHAVE-3="OBESIDADE" PALAVRA-CHAVE-4="SELEÇAO DE ALIMENTOS" PALAVRA-CHAVE-5="" PALAVRA-CHAVE-6=""/><AREAS-DO-CONHECIMENTO><AREA-DO-CONHECIMENTO-1 NOME-GRANDE-AREA-DO-CONHECIMENTO="CIENCIAS_DA_SAUDE" NOME-DA-AREA-DO-CONHECIMENTO="" NOME-DA-SUB-AREA-DO-CONHECIMENTO="Análise Nutricional de População" NOME-DA-ESPECIALIDADE=""/></AREAS-DO-CONHECIMENTO><SETORES-DE-ATIVIDADE SETOR-DE-ATIVIDADE-1="Educação" SETOR-DE-ATIVIDADE-2="" SETOR-DE-ATIVIDADE-3=""/></APRESENTACAO-DE-TRABALHO><APRESENTACAO-DE-TRABALHO SEQUENCIA-PRODUCAO="10"><DADOS-BASICOS-DA-APRESENTACAO-DE-TRABALHO NATUREZA="CONFERENCIA" TITULO="VEGANISMO, DIETAS RESTRITIVAS E RAW FOOD" ANO="2015" PAIS="Brasil" IDIOMA="Português" FLAG-RELEVANCIA="NAO" DOI="" TITULO-INGLES="" FLAG-DIVULGACAO-CIENTIFICA="NAO"/><DETALHAMENTO-DA-APRESENTACAO-DE-TRABALHO NOME-DO-EVENTO="VEGANISMO, DIETAS RESTRITIVAS E RAW FOOD" INSTITUICAO-PROMOTORA="UNESA" LOCAL-DA-APRESENTACAO="AV PRESIDENTE VARGAS 2560" CIDADE-DA-APRESENTACAO="RIO DE JANEIRO" NOME-DO-EVENTO-INGLES=""/><AUTORES NOME-COMPLETO-DO-AUTOR="Rosangela de Paola Gonçalves" NOME-PARA-CITACAO="GONÇALVES, R. P." ORDEM-DE-AUTORIA="1" NRO-ID-CNPQ="8481196702387055"/></APRESENTACAO-DE-TRABALHO><ORGANIZACAO-DE-EVENTO SEQUENCIA-PRODUCAO="11"><DADOS-BASICOS-DA-ORGANIZACAO-DE-EVENTO TIPO="FEIRA" NATUREZA="ORGANIZACAO" TITULO="FEIRA FRANCESA" ANO="2016" PAIS="Brasil" IDIOMA="Português" MEIO-DE-DIVULGACAO="OUTRO" HOME-PAGE-DO-TRABALHO="" FLAG-RELEVANCIA="NAO" DOI="" TITULO-INGLES="" FLAG-DIVULGACAO-CIENTIFICA="NAO"/><DETALHAMENTO-DA-ORGANIZACAO-DE-EVENTO INSTITUICAO-PROMOTORA="UNISUAM" DURACAO-EM-SEMANAS="1" FLAG-EVENTO-ITINERANTE="N" FLAG-CATALOGO="" LOCAL="UNISUAM" CIDADE="RJ"/><AUTORES NOME-COMPLETO-DO-AUTOR="Rosangela de Paola Gonçalves" NOME-PARA-CITACAO="GONÇALVES, R. P." ORDEM-DE-AUTORIA="1" NRO-ID-CNPQ="8481196702387055"/><PALAVRAS-CHAVE PALAVRA-CHAVE-1="FRANÇA, PRATOS CLÁSSICOS, CULTURA" PALAVRA-CHAVE-2="" PALAVRA-CHAVE-3="" PALAVRA-CHAVE-4="" PALAVRA-CHAVE-5="" PALAVRA-CHAVE-6=""/><AREAS-DO-CONHECIMENTO><AREA-DO-CONHECIMENTO-1 NOME-GRANDE-AREA-DO-CONHECIMENTO="CIENCIAS_SOCIAIS_APLICADAS" NOME-DA-AREA-DO-CONHECIMENTO="" NOME-DA-SUB-AREA-DO-CONHECIMENTO="GASTRONOMIA" NOME-DA-ESPECIALIDADE=""/></AREAS-DO-CONHECIMENTO></ORGANIZACAO-DE-EVENTO></DEMAIS-TIPOS-DE-PRODUCAO-TECNICA></PRODUCAO-TECNICA><DADOS-COMPLEMENTARES><FORMACAO-COMPLEMENTAR><FORMACAO-COMPLEMENTAR-CURSO-DE-CURTA-DURACAO SEQUENCIA-FORMACAO="5" NIVEL="F" CARGA-HORARIA="40" CODIGO-INSTITUICAO="000400000997" NOME-INSTITUICAO="Associazione verace pizza napoletana" CODIGO-ORGAO="" NOME-ORGAO="" CODIGO-CURSO="90000008" NOME-CURSO="Master para vera pizza napoletana" STATUS-DO-CURSO="CONCLUIDO" ANO-DE-INICIO="2009" ANO-DE-CONCLUSAO="2009" NOME-CURSO-INGLES=""/><FORMACAO-COMPLEMENTAR-CURSO-DE-CURTA-DURACAO SEQUENCIA-FORMACAO="7" NIVEL="F" CARGA-HORARIA="180" CODIGO-INSTITUICAO="000600000990" NOME-INSTITUICAO="Consultoria Gastronomica" CODIGO-ORGAO="" NOME-ORGAO="" CODIGO-CURSO="90000010" NOME-CURSO="Consultoria Gastronomica" STATUS-DO-CURSO="CONCLUIDO" ANO-DE-INICIO="2007" ANO-DE-CONCLUSAO="2007" NOME-CURSO-INGLES=""/><FORMACAO-COMPLEMENTAR-CURSO-DE-CURTA-DURACAO SEQUENCIA-FORMACAO="13" NIVEL="F" CARGA-HORARIA="30" CODIGO-INSTITUICAO="000800000994" NOME-INSTITUICAO="UNIVERSIDADE NACIONAL DE ROSARIO" CODIGO-ORGAO="" NOME-ORGAO="" CODIGO-CURSO="90000019" NOME-CURSO="EPISTEMOLOGIA II" STATUS-DO-CURSO="CONCLUIDO" ANO-DE-INICIO="2014" ANO-DE-CONCLUSAO="2014" NOME-CURSO-INGLES=""/><FORMACAO-COMPLEMENTAR-CURSO-DE-CURTA-DURACAO SEQUENCIA-FORMACAO="15" NIVEL="F" CARGA-HORARIA="36" CODIGO-INSTITUICAO="000900000996" NOME-INSTITUICAO="INSTITUTO NACIONAL DE EXCELÊNCIA HUMANA" CODIGO-ORGAO="" NOME-ORGAO="" CODIGO-CURSO="90000021" NOME-CURSO="DESENVOLVIMENTO E LIDERANÇA" STATUS-DO-CURSO="CONCLUIDO" ANO-DE-INICIO="2015" ANO-DE-CONCLUSAO="2015" NOME-CURSO-INGLES=""/><FORMACAO-COMPLEMENTAR-CURSO-DE-CURTA-DURACAO SEQUENCIA-FORMACAO="10" NIVEL="F" CARGA-HORARIA="30" CODIGO-INSTITUICAO="135200000003" NOME-INSTITUICAO="Universidad Nacional de Rosario" CODIGO-ORGAO="" NOME-ORGAO="" CODIGO-CURSO="90000015" NOME-CURSO="Metodologia de la investigacion" STATUS-DO-CURSO="CONCLUIDO" ANO-DE-INICIO="2012" ANO-DE-CONCLUSAO="2012" NOME-CURSO-INGLES=""/><FORMACAO-COMPLEMENTAR-CURSO-DE-CURTA-DURACAO SEQUENCIA-FORMACAO="4" NIVEL="F" CARGA-HORARIA="60" CODIGO-INSTITUICAO="000300000995" NOME-INSTITUICAO="Apicius - International School of Hospitality" CODIGO-ORGAO="" NOME-ORGAO="" CODIGO-CURSO="90000006" NOME-CURSO="Food, Wine and culture in Italy" STATUS-DO-CURSO="CONCLUIDO" ANO-DE-INICIO="2008" ANO-DE-CONCLUSAO="2008" NOME-CURSO-INGLES=""/><FORMACAO-COMPLEMENTAR-CURSO-DE-CURTA-DURACAO SEQUENCIA-FORMACAO="6" NIVEL="F" CARGA-HORARIA="60" CODIGO-INSTITUICAO="000500000999" NOME-INSTITUICAO="Alain Ducasse Formation&amp;amp;Conseil" CODIGO-ORGAO="" NOME-ORGAO="" CODIGO-CURSO="90000009" NOME-CURSO="Cuisine Méditerranée" STATUS-DO-CURSO="CONCLUIDO" ANO-DE-INICIO="2009" ANO-DE-CONCLUSAO="2009" NOME-CURSO-INGLES=""/><FORMACAO-COMPLEMENTAR-CURSO-DE-CURTA-DURACAO SEQUENCIA-FORMACAO="12" NIVEL="F" CARGA-HORARIA="20" CODIGO-INSTITUICAO="000700000992" NOME-INSTITUICAO="UNIVERSIDADE ESTACIO DE SA - ALAIN DUCASSE EDUCACION" CODIGO-ORGAO="" NOME-ORGAO="" CODIGO-CURSO="90000018" NOME-CURSO="Best of Alain Ducasse Internacional" STATUS-DO-CURSO="CONCLUIDO" ANO-DE-INICIO="2016" ANO-DE-CONCLUSAO="2016" NOME-CURSO-INGLES=""/><FORMACAO-COMPLEMENTAR-CURSO-DE-CURTA-DURACAO SEQUENCIA-FORMACAO="8" NIVEL="F" CARGA-HORARIA="20" CODIGO-INSTITUICAO="000500000000" NOME-INSTITUICAO="Universidade Federal Fluminense" CODIGO-ORGAO="" NOME-ORGAO="" CODIGO-CURSO="90000011" NOME-CURSO="BOA S PRÁTICAS DE MANIPILAÇÃO DE ALIMENTOS" STATUS-DO-CURSO="CONCLUIDO" ANO-DE-INICIO="2008" ANO-DE-CONCLUSAO="2008" NOME-CURSO-INGLES=""/><FORMACAO-COMPLEMENTAR-CURSO-DE-CURTA-DURACAO SEQUENCIA-FORMACAO="9" NIVEL="F" CARGA-HORARIA="30" CODIGO-INSTITUICAO="135200000003" NOME-INSTITUICAO="Universidad Nacional de Rosario" CODIGO-ORGAO="" NOME-ORGAO="" CODIGO-CURSO="90000014" NOME-CURSO="Epistemiologia" STATUS-DO-CURSO="CONCLUIDO" ANO-DE-INICIO="2012" ANO-DE-CONCLUSAO="2012" NOME-CURSO-INGLES=""/><FORMACAO-COMPLEMENTAR-CURSO-DE-CURTA-DURACAO SEQUENCIA-FORMACAO="11" NIVEL="F" CARGA-HORARIA="30" CODIGO-INSTITUICAO="135200000003" NOME-INSTITUICAO="Universidad Nacional de Rosario" CODIGO-ORGAO="" NOME-ORGAO="" CODIGO-CURSO="90000016" NOME-CURSO="Taller de Tesis I" STATUS-DO-CURSO="CONCLUIDO" ANO-DE-INICIO="2012" ANO-DE-CONCLUSAO="2012" NOME-CURSO-INGLES=""/><FORMACAO-COMPLEMENTAR-CURSO-DE-CURTA-DURACAO SEQUENCIA-FORMACAO="14" NIVEL="F" CARGA-HORARIA="30" CODIGO-INSTITUICAO="000800000994" NOME-INSTITUICAO="UNIVERSIDADE NACIONAL DE ROSARIO" CODIGO-ORGAO="" NOME-ORGAO="" CODIGO-CURSO="90000020" NOME-CURSO="NUEVAS CORRIENTES EDUCATIVAS" STATUS-DO-CURSO="CONCLUIDO" ANO-DE-INICIO="2014" ANO-DE-CONCLUSAO="2014" NOME-CURSO-INGLES=""/><formacoesComplementaresPlana/></FORMACAO-COMPLEMENTAR><PARTICIPACAO-EM-BANCA-TRABALHOS-CONCLUSAO><PARTICIPACAO-EM-BANCA-DE-GRADUACAO SEQUENCIA-PRODUCAO="12"><DADOS-BASICOS-DA-PARTICIPACAO-EM-BANCA-DE-GRADUACAO NATUREZA="Graduação" TITULO="BANCA EXAMINADORA DO PROJETO DE CRIAÇÃO" ANO="2016" PAIS="Brasil" IDIOMA="Português" HOME-PAGE="" DOI="" TITULO-INGLES=""/><DETALHAMENTO-DA-PARTICIPACAO-EM-BANCA-DE-GRADUACAO NOME-DO-CANDIDATO="TURMA CONCLUINTE DE 2016-1" CODIGO-INSTITUICAO="201900000008" NOME-INSTITUICAO="Centro Universitário Augusto Motta" CODIGO-ORGAO="" NOME-ORGAO="" CODIGO-CURSO="60159316" NOME-CURSO="Gastronomia" NOME-CURSO-INGLES=""/><PARTICIPANTE-BANCA NOME-COMPLETO-DO-PARTICIPANTE-DA-BANCA="Rosangela de Paola Gonçalves" NOME-PARA-CITACAO-DO-PARTICIPANTE-DA-BANCA="GONÇALVES, R. P." ORDEM-PARTICIPANTE="1" NRO-ID-CNPQ="8481196702387055"/><AREAS-DO-CONHECIMENTO><AREA-DO-CONHECIMENTO-1 NOME-GRANDE-AREA-DO-CONHECIMENTO="CIENCIAS_SOCIAIS_APLICADAS" NOME-DA-AREA-DO-CONHECIMENTO="" NOME-DA-SUB-AREA-DO-CONHECIMENTO="GASTRONOMIA" NOME-DA-ESPECIALIDADE=""/></AREAS-DO-CONHECIMENTO></PARTICIPACAO-EM-BANCA-DE-GRADUACAO></PARTICIPACAO-EM-BANCA-TRABALHOS-CONCLUSAO><INFORMACOES-ADICIONAIS-INSTITUICOES><INFORMACAO-ADICIONAL-INSTITUICAO CODIGO-INSTITUICAO="000100000991" SIGLA-INSTITUICAO="CEPROCC" SIGLA-UF-INSTITUICAO="RJ" SIGLA-PAIS-INSTITUICAO="BRA" NOME-PAIS-INSTITUICAO="Brasil" FLAG-AGENCIA-FOMENTO="NAO" FLAG-INSTITUICAO-DE-ENSINO="NAO"/><INFORMACAO-ADICIONAL-INSTITUICAO CODIGO-INSTITUICAO="000200000993" SIGLA-INSTITUICAO="APICIUS" SIGLA-UF-INSTITUICAO="" SIGLA-PAIS-INSTITUICAO="ITA" NOME-PAIS-INSTITUICAO="Itália" FLAG-AGENCIA-FOMENTO="NAO" FLAG-INSTITUICAO-DE-ENSINO="NAO"/><INFORMACAO-ADICIONAL-INSTITUICAO CODIGO-INSTITUICAO="000300000995" SIGLA-INSTITUICAO="APICIUS" SIGLA-UF-INSTITUICAO="" SIGLA-PAIS-INSTITUICAO="ITA" NOME-PAIS-INSTITUICAO="Itália" FLAG-AGENCIA-FOMENTO="NAO" FLAG-INSTITUICAO-DE-ENSINO="NAO"/><INFORMACAO-ADICIONAL-INSTITUICAO CODIGO-INSTITUICAO="000400000997" SIGLA-INSTITUICAO="AVPN" SIGLA-UF-INSTITUICAO="" SIGLA-PAIS-INSTITUICAO="ITA" NOME-PAIS-INSTITUICAO="Itália" FLAG-AGENCIA-FOMENTO="NAO" FLAG-INSTITUICAO-DE-ENSINO="NAO"/><INFORMACAO-ADICIONAL-INSTITUICAO CODIGO-INSTITUICAO="000500000000" SIGLA-INSTITUICAO="UFF" SIGLA-UF-INSTITUICAO="RJ" SIGLA-PAIS-INSTITUICAO="BRA" NOME-PAIS-INSTITUICAO="Brasil" FLAG-AGENCIA-FOMENTO="NAO" FLAG-INSTITUICAO-DE-ENSINO="SIM"/><INFORMACAO-ADICIONAL-INSTITUICAO CODIGO-INSTITUICAO="000500000999" SIGLA-INSTITUICAO="ADF" SIGLA-UF-INSTITUICAO="" SIGLA-PAIS-INSTITUICAO="FRA" NOME-PAIS-INSTITUICAO="França" FLAG-AGENCIA-FOMENTO="NAO" FLAG-INSTITUICAO-DE-ENSINO="NAO"/><INFORMACAO-ADICIONAL-INSTITUICAO CODIGO-INSTITUICAO="000501000992" SIGLA-INSTITUICAO="" SIGLA-UF-INSTITUICAO="RJ" SIGLA-PAIS-INSTITUICAO="BRA" NOME-PAIS-INSTITUICAO="Brasil" FLAG-AGENCIA-FOMENTO="NAO" FLAG-INSTITUICAO-DE-ENSINO="NAO"/><INFORMACAO-ADICIONAL-INSTITUICAO CODIGO-INSTITUICAO="000600000990" SIGLA-INSTITUICAO="CG" SIGLA-UF-INSTITUICAO="RJ" SIGLA-PAIS-INSTITUICAO="BRA" NOME-PAIS-INSTITUICAO="Brasil" FLAG-AGENCIA-FOMENTO="NAO" FLAG-INSTITUICAO-DE-ENSINO="NAO"/><INFORMACAO-ADICIONAL-INSTITUICAO CODIGO-INSTITUICAO="000700000992" SIGLA-INSTITUICAO="UNESA" SIGLA-UF-INSTITUICAO="RJ" SIGLA-PAIS-INSTITUICAO="BRA" NOME-PAIS-INSTITUICAO="Brasil" FLAG-AGENCIA-FOMENTO="NAO" FLAG-INSTITUICAO-DE-ENSINO="NAO"/><INFORMACAO-ADICIONAL-INSTITUICAO CODIGO-INSTITUICAO="000800000994" SIGLA-INSTITUICAO="UNR" SIGLA-UF-INSTITUICAO="" SIGLA-PAIS-INSTITUICAO="ARG" NOME-PAIS-INSTITUICAO="Argentina" FLAG-AGENCIA-FOMENTO="NAO" FLAG-INSTITUICAO-DE-ENSINO="NAO"/><INFORMACAO-ADICIONAL-INSTITUICAO CODIGO-INSTITUICAO="000900000996" SIGLA-INSTITUICAO="INEXH" SIGLA-UF-INSTITUICAO="SP" SIGLA-PAIS-INSTITUICAO="BRA" NOME-PAIS-INSTITUICAO="Brasil" FLAG-AGENCIA-FOMENTO="NAO" FLAG-INSTITUICAO-DE-ENSINO="NAO"/><INFORMACAO-ADICIONAL-INSTITUICAO CODIGO-INSTITUICAO="135200000003" SIGLA-INSTITUICAO="UNR" SIGLA-UF-INSTITUICAO="" SIGLA-PAIS-INSTITUICAO="ARG" NOME-PAIS-INSTITUICAO="Argentina" FLAG-AGENCIA-FOMENTO="NAO" FLAG-INSTITUICAO-DE-ENSINO="NAO"/><INFORMACAO-ADICIONAL-INSTITUICAO CODIGO-INSTITUICAO="153900000004" SIGLA-INSTITUICAO="USU" SIGLA-UF-INSTITUICAO="RJ" SIGLA-PAIS-INSTITUICAO="BRA" NOME-PAIS-INSTITUICAO="Brasil" FLAG-AGENCIA-FOMENTO="NAO" FLAG-INSTITUICAO-DE-ENSINO="SIM"/><INFORMACAO-ADICIONAL-INSTITUICAO CODIGO-INSTITUICAO="201400000009" SIGLA-INSTITUICAO="UNIPLI" SIGLA-UF-INSTITUICAO="RJ" SIGLA-PAIS-INSTITUICAO="BRA" NOME-PAIS-INSTITUICAO="Brasil" FLAG-AGENCIA-FOMENTO="NAO" FLAG-INSTITUICAO-DE-ENSINO="NAO"/><INFORMACAO-ADICIONAL-INSTITUICAO CODIGO-INSTITUICAO="201900000008" SIGLA-INSTITUICAO="UNISUAM" SIGLA-UF-INSTITUICAO="RJ" SIGLA-PAIS-INSTITUICAO="BRA" NOME-PAIS-INSTITUICAO="Brasil" FLAG-AGENCIA-FOMENTO="NAO" FLAG-INSTITUICAO-DE-ENSINO="SIM"/><INFORMACAO-ADICIONAL-INSTITUICAO CODIGO-INSTITUICAO="294800000006" SIGLA-INSTITUICAO="UNESA" SIGLA-UF-INSTITUICAO="RJ" SIGLA-PAIS-INSTITUICAO="BRA" NOME-PAIS-INSTITUICAO="Brasil" FLAG-AGENCIA-FOMENTO="NAO" FLAG-INSTITUICAO-DE-ENSINO="SIM"/><INFORMACAO-ADICIONAL-INSTITUICAO CODIGO-INSTITUICAO="294801000999" SIGLA-INSTITUICAO="" SIGLA-UF-INSTITUICAO="RJ" SIGLA-PAIS-INSTITUICAO="BRA" NOME-PAIS-INSTITUICAO="Brasil" FLAG-AGENCIA-FOMENTO="NAO" FLAG-INSTITUICAO-DE-ENSINO="NAO"/><INFORMACAO-ADICIONAL-INSTITUICAO CODIGO-INSTITUICAO="294802000992" SIGLA-INSTITUICAO="" SIGLA-UF-INSTITUICAO="RJ" SIGLA-PAIS-INSTITUICAO="BRA" NOME-PAIS-INSTITUICAO="Brasil" FLAG-AGENCIA-FOMENTO="NAO" FLAG-INSTITUICAO-DE-ENSINO="NAO"/></INFORMACOES-ADICIONAIS-INSTITUICOES><INFORMACOES-ADICIONAIS-CURSOS><INFORMACAO-ADICIONAL-CURSO CODIGO-CURSO="60159316" CODIGO-ORGAO="" NOME-ORGAO="" CODIGO-INSTITUICAO="201900000008" NOME-INSTITUICAO="Centro Universitário Augusto Motta" NOME-GRANDE-AREA-DO-CONHECIMENTO="OUTROS" NOME-DA-AREA-DO-CONHECIMENTO="" NOME-DA-SUB-AREA-DO-CONHECIMENTO="" NOME-DA-ESPECIALIDADE="" NIVEL-CURSO="GRADUACAO"/><INFORMACAO-ADICIONAL-CURSO CODIGO-CURSO="90000000" CODIGO-ORGAO="" NOME-ORGAO="" CODIGO-INSTITUICAO="153900000004" NOME-INSTITUICAO="Universidade Santa Úrsula" NOME-GRANDE-AREA-DO-CONHECIMENTO="CIENCIAS_DA_SAUDE" NOME-DA-AREA-DO-CONHECIMENTO="Nutrição" NOME-DA-SUB-AREA-DO-CONHECIMENTO="" NOME-DA-ESPECIALIDADE="" NIVEL-CURSO="GRADUACAO"/><INFORMACAO-ADICIONAL-CURSO CODIGO-CURSO="90000001" CODIGO-ORGAO="" NOME-ORGAO="" CODIGO-INSTITUICAO="000500000000" NOME-INSTITUICAO="Universidade Federal Fluminense" NOME-GRANDE-AREA-DO-CONHECIMENTO="CIENCIAS_DA_SAUDE" NOME-DA-AREA-DO-CONHECIMENTO="Nutrição" NOME-DA-SUB-AREA-DO-CONHECIMENTO="Dietética" NOME-DA-ESPECIALIDADE="" NIVEL-CURSO="APERFEICOAMENTO"/><INFORMACAO-ADICIONAL-CURSO CODIGO-CURSO="90000002" CODIGO-ORGAO="" NOME-ORGAO="" CODIGO-INSTITUICAO="294800000006" NOME-INSTITUICAO="Universidade Estácio de Sá" NOME-GRANDE-AREA-DO-CONHECIMENTO="CIENCIAS_SOCIAIS_APLICADAS" NOME-DA-AREA-DO-CONHECIMENTO="Turismo" NOME-DA-SUB-AREA-DO-CONHECIMENTO="" NOME-DA-ESPECIALIDADE="" NIVEL-CURSO="GRADUACAO"/><INFORMACAO-ADICIONAL-CURSO CODIGO-CURSO="90000003" CODIGO-ORGAO="" NOME-ORGAO="" CODIGO-INSTITUICAO="201400000009" NOME-INSTITUICAO="Centro Universitário Plínio Leite" NOME-GRANDE-AREA-DO-CONHECIMENTO="CIENCIAS_DA_SAUDE" NOME-DA-AREA-DO-CONHECIMENTO="Nutrição" NOME-DA-SUB-AREA-DO-CONHECIMENTO="" NOME-DA-ESPECIALIDADE="" NIVEL-CURSO="APERFEICOAMENTO"/><INFORMACAO-ADICIONAL-CURSO CODIGO-CURSO="90000004" CODIGO-ORGAO="" NOME-ORGAO="" CODIGO-INSTITUICAO="000100000991" NOME-INSTITUICAO="centro de produção cultural e científica" NOME-GRANDE-AREA-DO-CONHECIMENTO="CIENCIAS_SOCIAIS_APLICADAS" NOME-DA-AREA-DO-CONHECIMENTO="Administração" NOME-DA-SUB-AREA-DO-CONHECIMENTO="" NOME-DA-ESPECIALIDADE="" NIVEL-CURSO="ESPECIALIZACAO"/><INFORMACAO-ADICIONAL-CURSO CODIGO-CURSO="90000005" CODIGO-ORGAO="" NOME-ORGAO="" CODIGO-INSTITUICAO="000200000993" NOME-INSTITUICAO="Apicius Inernational School of hospitality" NOME-GRANDE-AREA-DO-CONHECIMENTO="OUTROS" NOME-DA-AREA-DO-CONHECIMENTO="Multidisciplinar" NOME-DA-SUB-AREA-DO-CONHECIMENTO="" NOME-DA-ESPECIALIDADE="" NIVEL-CURSO="CURSO_DE_CURTA_DURACAO"/><INFORMACAO-ADICIONAL-CURSO CODIGO-CURSO="90000006" CODIGO-ORGAO="" NOME-ORGAO="" CODIGO-INSTITUICAO="000300000995" NOME-INSTITUICAO="Apicius - International School of Hospitality" NOME-GRANDE-AREA-DO-CONHECIMENTO="OUTROS" NOME-DA-AREA-DO-CONHECIMENTO="" NOME-DA-SUB-AREA-DO-CONHECIMENTO="" NOME-DA-ESPECIALIDADE="" NIVEL-CURSO="CURSO_DE_CURTA_DURACAO"/><INFORMACAO-ADICIONAL-CURSO CODIGO-CURSO="90000007" CODIGO-ORGAO="" NOME-ORGAO="" CODIGO-INSTITUICAO="000500000000" NOME-INSTITUICAO="Universidade Federal Fluminense" NOME-GRANDE-AREA-DO-CONHECIMENTO="OUTROS" NOME-DA-AREA-DO-CONHECIMENTO="" NOME-DA-SUB-AREA-DO-CONHECIMENTO="" NOME-DA-ESPECIALIDADE="" NIVEL-CURSO="APERFEICOAMENTO"/><INFORMACAO-ADICIONAL-CURSO CODIGO-CURSO="90000008" CODIGO-ORGAO="" NOME-ORGAO="" CODIGO-INSTITUICAO="000400000997" NOME-INSTITUICAO="Associazione verace pizza napoletana" NOME-GRANDE-AREA-DO-CONHECIMENTO="CIENCIAS_SOCIAIS_APLICADAS" NOME-DA-AREA-DO-CONHECIMENTO="Turismo" NOME-DA-SUB-AREA-DO-CONHECIMENTO="" NOME-DA-ESPECIALIDADE="" NIVEL-CURSO="CURSO_DE_CURTA_DURACAO"/><INFORMACAO-ADICIONAL-CURSO CODIGO-CURSO="90000009" CODIGO-ORGAO="" NOME-ORGAO="" CODIGO-INSTITUICAO="000500000999" NOME-INSTITUICAO="Alain Ducasse Formation&amp;amp;Conseil" NOME-GRANDE-AREA-DO-CONHECIMENTO="OUTROS" NOME-DA-AREA-DO-CONHECIMENTO="Multidisciplinar" NOME-DA-SUB-AREA-DO-CONHECIMENTO="" NOME-DA-ESPECIALIDADE="" NIVEL-CURSO="CURSO_DE_CURTA_DURACAO"/><INFORMACAO-ADICIONAL-CURSO CODIGO-CURSO="90000010" CODIGO-ORGAO="" NOME-ORGAO="" CODIGO-INSTITUICAO="000600000990" NOME-INSTITUICAO="Consultoria Gastronomica" NOME-GRANDE-AREA-DO-CONHECIMENTO="OUTROS" NOME-DA-AREA-DO-CONHECIMENTO="Multidisciplinar" NOME-DA-SUB-AREA-DO-CONHECIMENTO="" NOME-DA-ESPECIALIDADE="" NIVEL-CURSO="CURSO_DE_CURTA_DURACAO"/><INFORMACAO-ADICIONAL-CURSO CODIGO-CURSO="90000011" CODIGO-ORGAO="" NOME-ORGAO="" CODIGO-INSTITUICAO="000500000000" NOME-INSTITUICAO="Universidade Federal Fluminense" NOME-GRANDE-AREA-DO-CONHECIMENTO="CIENCIAS_DA_SAUDE" NOME-DA-AREA-DO-CONHECIMENTO="Nutrição" NOME-DA-SUB-AREA-DO-CONHECIMENTO="" NOME-DA-ESPECIALIDADE="" NIVEL-CURSO="CURSO_DE_CURTA_DURACAO"/><INFORMACAO-ADICIONAL-CURSO CODIGO-CURSO="90000012" CODIGO-ORGAO="" NOME-ORGAO="" CODIGO-INSTITUICAO="201900000008" NOME-INSTITUICAO="Centro Universitário Augusto Motta" NOME-GRANDE-AREA-DO-CONHECIMENTO="OUTROS" NOME-DA-AREA-DO-CONHECIMENTO="" NOME-DA-SUB-AREA-DO-CONHECIMENTO="" NOME-DA-ESPECIALIDADE="" NIVEL-CURSO="GRADUACAO"/><INFORMACAO-ADICIONAL-CURSO CODIGO-CURSO="90000013" CODIGO-ORGAO="" NOME-ORGAO="" CODIGO-INSTITUICAO="201900000008" NOME-INSTITUICAO="Centro Universitário Augusto Motta" NOME-GRANDE-AREA-DO-CONHECIMENTO="OUTROS" NOME-DA-AREA-DO-CONHECIMENTO="" NOME-DA-SUB-AREA-DO-CONHECIMENTO="" NOME-DA-ESPECIALIDADE="" NIVEL-CURSO="GRADUACAO"/><INFORMACAO-ADICIONAL-CURSO CODIGO-CURSO="90000014" CODIGO-ORGAO="" NOME-ORGAO="" CODIGO-INSTITUICAO="135200000003" NOME-INSTITUICAO="Universidad Nacional de Rosario" NOME-GRANDE-AREA-DO-CONHECIMENTO="CIENCIAS_HUMANAS" NOME-DA-AREA-DO-CONHECIMENTO="Filosofia" NOME-DA-SUB-AREA-DO-CONHECIMENTO="" NOME-DA-ESPECIALIDADE="" NIVEL-CURSO="CURSO_DE_CURTA_DURACAO"/><INFORMACAO-ADICIONAL-CURSO CODIGO-CURSO="90000015" CODIGO-ORGAO="" NOME-ORGAO="" CODIGO-INSTITUICAO="135200000003" NOME-INSTITUICAO="Universidad Nacional de Rosario" NOME-GRANDE-AREA-DO-CONHECIMENTO="CIENCIAS_HUMANAS" NOME-DA-AREA-DO-CONHECIMENTO="Educação" NOME-DA-SUB-AREA-DO-CONHECIMENTO="" NOME-DA-ESPECIALIDADE="" NIVEL-CURSO="CURSO_DE_CURTA_DURACAO"/><INFORMACAO-ADICIONAL-CURSO CODIGO-CURSO="90000016" CODIGO-ORGAO="" NOME-ORGAO="" CODIGO-INSTITUICAO="135200000003" NOME-INSTITUICAO="Universidad Nacional de Rosario" NOME-GRANDE-AREA-DO-CONHECIMENTO="CIENCIAS_HUMANAS" NOME-DA-AREA-DO-CONHECIMENTO="Educação" NOME-DA-SUB-AREA-DO-CONHECIMENTO="" NOME-DA-ESPECIALIDADE="" NIVEL-CURSO="CURSO_DE_CURTA_DURACAO"/><INFORMACAO-ADICIONAL-CURSO CODIGO-CURSO="90000017" CODIGO-ORGAO="" NOME-ORGAO="" CODIGO-INSTITUICAO="135200000003" NOME-INSTITUICAO="Universidad Nacional de Rosario" NOME-GRANDE-AREA-DO-CONHECIMENTO="CIENCIAS_HUMANAS" NOME-DA-AREA-DO-CONHECIMENTO="Educação" NOME-DA-SUB-AREA-DO-CONHECIMENTO="" NOME-DA-ESPECIALIDADE="" NIVEL-CURSO="DOUTORADO"/><INFORMACAO-ADICIONAL-CURSO CODIGO-CURSO="90000018" CODIGO-ORGAO="" NOME-ORGAO="" CODIGO-INSTITUICAO="000700000992" NOME-INSTITUICAO="UNIVERSIDADE ESTACIO DE SA - ALAIN DUCASSE EDUCACION" NOME-GRANDE-AREA-DO-CONHECIMENTO="OUTROS" NOME-DA-AREA-DO-CONHECIMENTO="Multidisciplinar" NOME-DA-SUB-AREA-DO-CONHECIMENTO="GASTRONOMIA" NOME-DA-ESPECIALIDADE="" NIVEL-CURSO="CURSO_DE_CURTA_DURACAO"/><INFORMACAO-ADICIONAL-CURSO CODIGO-CURSO="90000019" CODIGO-ORGAO="" NOME-ORGAO="" CODIGO-INSTITUICAO="000800000994" NOME-INSTITUICAO="UNIVERSIDADE NACIONAL DE ROSARIO" NOME-GRANDE-AREA-DO-CONHECIMENTO="CIENCIAS_HUMANAS" NOME-DA-AREA-DO-CONHECIMENTO="Educação" NOME-DA-SUB-AREA-DO-CONHECIMENTO="" NOME-DA-ESPECIALIDADE="" NIVEL-CURSO="CURSO_DE_CURTA_DURACAO"/><INFORMACAO-ADICIONAL-CURSO CODIGO-CURSO="90000020" CODIGO-ORGAO="" NOME-ORGAO="" CODIGO-INSTITUICAO="000800000994" NOME-INSTITUICAO="UNIVERSIDADE NACIONAL DE ROSARIO" NOME-GRANDE-AREA-DO-CONHECIMENTO="CIENCIAS_HUMANAS" NOME-DA-AREA-DO-CONHECIMENTO="Educação" NOME-DA-SUB-AREA-DO-CONHECIMENTO="" NOME-DA-ESPECIALIDADE="" NIVEL-CURSO="CURSO_DE_CURTA_DURACAO"/><INFORMACAO-ADICIONAL-CURSO CODIGO-CURSO="90000021" CODIGO-ORGAO="" NOME-ORGAO="" CODIGO-INSTITUICAO="000900000996" NOME-INSTITUICAO="INSTITUTO NACIONAL DE EXCELÊNCIA HUMANA" NOME-GRANDE-AREA-DO-CONHECIMENTO="CIENCIAS_HUMANAS" NOME-DA-AREA-DO-CONHECIMENTO="Psicologia" NOME-DA-SUB-AREA-DO-CONHECIMENTO="Psicologia do Trabalho e Organizacional" NOME-DA-ESPECIALIDADE="" NIVEL-CURSO="CURSO_DE_CURTA_DURACAO"/></INFORMACOES-ADICIONAIS-CURSOS></DADOS-COMPLEMENTARES><eventos/></CURRICULO-VITAE>