<CURRICULO-VITAE SISTEMA-ORIGEM-XML="LATTES_OFFLINE" NUMERO-IDENTIFICADOR="0654339745499103" FORMATO-DATA-ATUALIZACAO="DDMMAAAA" DATA-ATUALIZACAO="28102016" FORMATO-HORA-ATUALIZACAO="HHMMSS" HORA-ATUALIZACAO="100611"><DADOS-GERAIS NOME-COMPLETO="Rosembergue Brasileiro da Rocha Freire Junior" NOME-EM-CITACOES-BIBLIOGRAFICAS="FREIRE JUNIOR, R. B. R.;R. B. DA ROCHA FREIRE JUNIOR" NACIONALIDADE="B" PAIS-DE-NASCIMENTO="Brasil" FORMATO-DATA-DE-NASCIMENTO="DDMMAAAA" FORMATO-DATA-DE-EMISSAO="DDMMAAAA" PERMISSAO-DE-DIVULGACAO="NAO" DATA-FALECIMENTO="" SIGLA-PAIS-NACIONALIDADE="BRA" PAIS-DE-NACIONALIDADE="Brasil"><RESUMO-CV TEXTO-RESUMO-CV-RH="Possui graduação em Física pela Universidade Federal Fluminense (2012) e mestrado em Física pela Universidade Federal Fluminense(2014). Atualmente, está cursando doutorado em Engenharia Mecânica na Universidade Federal Fluminense. Tem experiência em Física Experimental na área de Óptica Não-Linear e Aplicada, sobretudo em trabalhos com Holografia Digital e suas Aplicações." TEXTO-RESUMO-CV-RH-EN="Has experience in Physic"/><ENDERECO FLAG-DE-PREFERENCIA="ENDERECO_INSTITUCIONAL"><ENDERECO-PROFISSIONAL CODIGO-INSTITUICAO-EMPRESA="000500000000" NOME-INSTITUICAO-EMPRESA="Universidade Federal Fluminense" CODIGO-ORGAO="000502000007" NOME-ORGAO="Centro de Estudos Gerais" CODIGO-UNIDADE="000502001003" NOME-UNIDADE="Instituto de Física" LOGRADOURO-COMPLEMENTO="Av. Gal Milton Tavares de Souza" PAIS="Brasil" UF="RJ" CEP="24020-340" CIDADE="Niteroi" BAIRRO="Gragoatá" DDD="21" TELEFONE="26295767" RAMAL="" FAX="26295887" E-MAIL="rosembergue@fisica.if.uff.br" HOME-PAGE="http://www.if.uff.br/"/></ENDERECO><FORMACAO-ACADEMICA-TITULACAO><GRADUACAO SEQUENCIA-FORMACAO="1" NIVEL="1" TITULO-DO-TRABALHO-DE-CONCLUSAO-DE-CURSO="Introduçâo a Microscopia Holográfica Digital" NOME-DO-ORIENTADOR="Paulo Acioly Marques Dos Santos" CODIGO-INSTITUICAO="000500000000" NOME-INSTITUICAO="Universidade Federal Fluminense" CODIGO-ORGAO="" NOME-ORGAO="" CODIGO-CURSO="90000000" NOME-CURSO="Fisica" CODIGO-AREA-CURSO="90000000" STATUS-DO-CURSO="CONCLUIDO" ANO-DE-INICIO="2007" ANO-DE-CONCLUSAO="2012" FLAG-BOLSA="SIM" CODIGO-AGENCIA-FINANCIADORA="002200000000" NOME-AGENCIA="Conselho Nacional de Desenvolvimento Científico e Tecnológico" NUMERO-ID-ORIENTADOR="" CODIGO-CURSO-CAPES="" TITULO-DO-TRABALHO-DE-CONCLUSAO-DE-CURSO-INGLES="" NOME-CURSO-INGLES="" FORMACAO-ACADEMICA-TITULACAO="" TIPO-GRADUACAO="N" CODIGO-INSTITUICAO-GRAD="" NOME-INSTITUICAO-GRAD="" CODIGO-INSTITUICAO-OUTRA-GRAD="" NOME-INSTITUICAO-OUTRA-GRAD="" NOME-ORIENTADOR-GRAD=""/><MESTRADO SEQUENCIA-FORMACAO="4" NIVEL="3" CODIGO-INSTITUICAO="000500000000" NOME-INSTITUICAO="Universidade Federal Fluminense" CODIGO-ORGAO="" NOME-ORGAO="" CODIGO-CURSO="31020020" NOME-CURSO="Física" CODIGO-AREA-CURSO="10500006" STATUS-DO-CURSO="CONCLUIDO" ANO-DE-INICIO="2012" ANO-DE-CONCLUSAO="2014" FLAG-BOLSA="SIM" CODIGO-AGENCIA-FINANCIADORA="045000000000" NOME-AGENCIA="Coordenação de Aperfeiçoamento de Pessoal de Nível Superior" ANO-DE-OBTENCAO-DO-TITULO="2014" TITULO-DA-DISSERTACAO-TESE="Introdução a Microscopia Holográfica Digital" NOME-COMPLETO-DO-ORIENTADOR="Paulo Acioly Marques dos Santos" TIPO-MESTRADO="N" NUMERO-ID-ORIENTADOR="5175431115893740" CODIGO-CURSO-CAPES="31003010002P7" TITULO-DA-DISSERTACAO-TESE-INGLES="" NOME-CURSO-INGLES="Physic" NOME-DO-CO-ORIENTADOR="" CODIGO-INSTITUICAO-DOUT="" NOME-INSTITUICAO-DOUT="" CODIGO-INSTITUICAO-OUTRA-DOUT="" NOME-INSTITUICAO-OUTRA-DOUT="" NOME-ORIENTADOR-DOUT=""><PALAVRAS-CHAVE PALAVRA-CHAVE-1="Holografia" PALAVRA-CHAVE-2="Microscopia Holográfica" PALAVRA-CHAVE-3="" PALAVRA-CHAVE-4="" PALAVRA-CHAVE-5="" PALAVRA-CHAVE-6=""/><AREAS-DO-CONHECIMENTO><AREA-DO-CONHECIMENTO-1 NOME-GRANDE-AREA-DO-CONHECIMENTO="CIENCIAS_EXATAS_E_DA_TERRA" NOME-DA-AREA-DO-CONHECIMENTO="" NOME-DA-SUB-AREA-DO-CONHECIMENTO="Física" NOME-DA-ESPECIALIDADE=""/></AREAS-DO-CONHECIMENTO><conceitoCapes/></MESTRADO><DOUTORADO SEQUENCIA-FORMACAO="5" NIVEL="4" CODIGO-INSTITUICAO="000500000000" NOME-INSTITUICAO="Universidade Federal Fluminense" CODIGO-ORGAO="" NOME-ORGAO="" CODIGO-CURSO="31020364" NOME-CURSO="Engenharia Mecânica" CODIGO-AREA-CURSO="30500001" STATUS-DO-CURSO="EM_ANDAMENTO" ANO-DE-INICIO="2014" ANO-DE-CONCLUSAO="" FLAG-BOLSA="SIM" CODIGO-AGENCIA-FINANCIADORA="045000000000" NOME-AGENCIA="Coordenação de Aperfeiçoamento de Pessoal de Nível Superior" ANO-DE-OBTENCAO-DO-TITULO="" TITULO-DA-DISSERTACAO-TESE="" NOME-COMPLETO-DO-ORIENTADOR="Luiz Carlos da Silva Nunes" TIPO-DOUTORADO="N" CODIGO-INSTITUICAO-DOUT="" NOME-INSTITUICAO-DOUT="" CODIGO-INSTITUICAO-OUTRA-DOUT="" NOME-INSTITUICAO-OUTRA-DOUT="" NOME-ORIENTADOR-DOUT="" NUMERO-ID-ORIENTADOR="9739401521810655" CODIGO-CURSO-CAPES="31003010036P9" TITULO-DA-DISSERTACAO-TESE-INGLES="" NOME-CURSO-INGLES="Mechanical Engineering" NOME-DO-ORIENTADOR-CO-TUTELA="" CODIGO-INSTITUICAO-OUTRA-CO-TUTELA="" CODIGO-INSTITUICAO-CO-TUTELA="" NOME-DO-ORIENTADOR-SANDUICHE="" CODIGO-INSTITUICAO-OUTRA-SANDUICHE="" CODIGO-INSTITUICAO-SANDUICHE="" NOME-DO-CO-ORIENTADOR="Paulo Acioly Marques dos Santos"><AREAS-DO-CONHECIMENTO><AREA-DO-CONHECIMENTO-1 NOME-GRANDE-AREA-DO-CONHECIMENTO="ENGENHARIAS" NOME-DA-AREA-DO-CONHECIMENTO="" NOME-DA-SUB-AREA-DO-CONHECIMENTO="Mecânica dos Sólidos" NOME-DA-ESPECIALIDADE="Análise de Tensões"/><AREA-DO-CONHECIMENTO-2 NOME-GRANDE-AREA-DO-CONHECIMENTO="ENGENHARIAS" NOME-DA-AREA-DO-CONHECIMENTO="Engenharia Mecânica" NOME-DA-SUB-AREA-DO-CONHECIMENTO="Mecânica dos Sólidos" NOME-DA-ESPECIALIDADE="Mecânica dos Corpos Sólidos, Elásticos e Plásticos"/></AREAS-DO-CONHECIMENTO><conceitoCapes/></DOUTORADO><ENSINO-MEDIO-SEGUNDO-GRAU SEQUENCIA-FORMACAO="2" NIVEL="C" CODIGO-INSTITUICAO="000100000991" NOME-INSTITUICAO="Colégio Casimiro de Abreu" STATUS-DO-CURSO="CONCLUIDO" ANO-DE-INICIO="2003" ANO-DE-CONCLUSAO="2005"/></FORMACAO-ACADEMICA-TITULACAO><ATUACOES-PROFISSIONAIS><ATUACAO-PROFISSIONAL CODIGO-INSTITUICAO="000500000000" NOME-INSTITUICAO="Universidade Federal Fluminense" SEQUENCIA-ATIVIDADE="1" SEQUENCIA-IMPORTANCIA="1"><VINCULOS SEQUENCIA-HISTORICO="1" TIPO-DE-VINCULO="LIVRE" ENQUADRAMENTO-FUNCIONAL="LIVRE" CARGA-HORARIA-SEMANAL="20" FLAG-DEDICACAO-EXCLUSIVA="NAO" MES-INICIO="8" ANO-INICIO="2010" MES-FIM="8" ANO-FIM="2011" OUTRAS-INFORMACOES="" FLAG-VINCULO-EMPREGATICIO="SIM" OUTRO-VINCULO-INFORMADO="Aluno de iniciação Científica" OUTRO-ENQUADRAMENTO-FUNCIONAL-INFORMADO="Bolsista de Iniciação Científica" OUTRO-ENQUADRAMENTO-FUNCIONAL-INFORMADO-INGLES="" OUTRAS-INFORMACOES-INGLES=""/><VINCULOS SEQUENCIA-HISTORICO="2" TIPO-DE-VINCULO="LIVRE" ENQUADRAMENTO-FUNCIONAL="LIVRE" CARGA-HORARIA-SEMANAL="20" FLAG-DEDICACAO-EXCLUSIVA="NAO" MES-INICIO="8" ANO-INICIO="2011" MES-FIM="8" ANO-FIM="2012" OUTRAS-INFORMACOES="" FLAG-VINCULO-EMPREGATICIO="SIM" OUTRO-VINCULO-INFORMADO="Aluno de Iniciação Científica" OUTRO-ENQUADRAMENTO-FUNCIONAL-INFORMADO="Bolsista de Iniciação Científica" OUTRO-ENQUADRAMENTO-FUNCIONAL-INFORMADO-INGLES="" OUTRAS-INFORMACOES-INGLES=""/><VINCULOS SEQUENCIA-HISTORICO="3" TIPO-DE-VINCULO="LIVRE" ENQUADRAMENTO-FUNCIONAL="LIVRE" CARGA-HORARIA-SEMANAL="40" FLAG-DEDICACAO-EXCLUSIVA="SIM" MES-INICIO="8" ANO-INICIO="2012" MES-FIM="08" ANO-FIM="2014" OUTRAS-INFORMACOES="" FLAG-VINCULO-EMPREGATICIO="SIM" OUTRO-VINCULO-INFORMADO="Bolsista" OUTRO-ENQUADRAMENTO-FUNCIONAL-INFORMADO="Bolsista de Mestrado" OUTRO-ENQUADRAMENTO-FUNCIONAL-INFORMADO-INGLES="" OUTRAS-INFORMACOES-INGLES=""/><VINCULOS SEQUENCIA-HISTORICO="4" TIPO-DE-VINCULO="LIVRE" ENQUADRAMENTO-FUNCIONAL="LIVRE" CARGA-HORARIA-SEMANAL="40" FLAG-DEDICACAO-EXCLUSIVA="SIM" MES-INICIO="08" ANO-INICIO="2014" MES-FIM="" ANO-FIM="" OUTRAS-INFORMACOES="" FLAG-VINCULO-EMPREGATICIO="SIM" OUTRO-VINCULO-INFORMADO="Bolsista" OUTRO-ENQUADRAMENTO-FUNCIONAL-INFORMADO="Bolsista de Doutorado" OUTRO-ENQUADRAMENTO-FUNCIONAL-INFORMADO-INGLES="" OUTRAS-INFORMACOES-INGLES=""/><VINCULOS SEQUENCIA-HISTORICO="5" TIPO-DE-VINCULO="LIVRE" ENQUADRAMENTO-FUNCIONAL="LIVRE" CARGA-HORARIA-SEMANAL="12" FLAG-DEDICACAO-EXCLUSIVA="NAO" MES-INICIO="7" ANO-INICIO="2013" MES-FIM="10" ANO-FIM="2015" OUTRAS-INFORMACOES="" FLAG-VINCULO-EMPREGATICIO="SIM" OUTRO-VINCULO-INFORMADO="Bolsista" OUTRO-ENQUADRAMENTO-FUNCIONAL-INFORMADO="Tutor Presencial do Projeto Nova EJA" OUTRO-ENQUADRAMENTO-FUNCIONAL-INFORMADO-INGLES="" OUTRAS-INFORMACOES-INGLES=""/><ATIVIDADES-DE-PARTICIPACAO-EM-PROJETO><PARTICIPACAO-EM-PROJETO SEQUENCIA-FUNCAO-ATIVIDADE="1" FLAG-PERIODO="ANTERIOR" MES-INICIO="" ANO-INICIO="2010" MES-FIM="" ANO-FIM="2011" CODIGO-ORGAO="000502000007" NOME-ORGAO="Centro de Estudos Gerais" CODIGO-UNIDADE="000502001003" NOME-UNIDADE="Instituto de Física"><PROJETO-DE-PESQUISA SEQUENCIA-PROJETO="1" ANO-INICIO="2010" ANO-FIM="2011" NOME-DO-PROJETO="Holografia Digital &amp;amp; Suas Aplicações" SITUACAO="CONCLUIDO" NATUREZA="PESQUISA" NUMERO-GRADUACAO="1" NUMERO-ESPECIALIZACAO="" NUMERO-MESTRADO-ACADEMICO="" NUMERO-MESTRADO-PROF="" NUMERO-DOUTORADO="" DESCRICAO-DO-PROJETO="" IDENTIFICADOR-PROJETO="" DESCRICAO-DO-PROJETO-INGLES="" NOME-DO-PROJETO-INGLES="Holografia Digital &amp;amp; Suas Aplicações" FLAG-POTENCIAL-INOVACAO="NAO" FLAG-PROJETO-CERTIFICADO="nao" NOME-COORDENADOR-CERTIFICACAO="" FORMATO-DATA-CERTIFICACAO="DDMMAAAA" DATA-CERTIFICACAO="" NUMERO_TECNICO_NIVEL_MEDIO=""><EQUIPE-DO-PROJETO><INTEGRANTES-DO-PROJETO NOME-COMPLETO="Rosembergue Brasileiro da Rocha Freire Junior" NOME-PARA-CITACAO="FREIRE JUNIOR, R. B. R.;R. B. DA ROCHA FREIRE JUNIOR" ORDEM-DE-INTEGRACAO="1" FLAG-RESPONSAVEL="NAO" NRO-ID-CNPQ="0654339745499103"/><INTEGRANTES-DO-PROJETO NOME-COMPLETO="Paulo Acioly M. dos Santos" NOME-PARA-CITACAO="P.M.A dos Santos" ORDEM-DE-INTEGRACAO="2" FLAG-RESPONSAVEL="SIM" NRO-ID-CNPQ=""/></EQUIPE-DO-PROJETO><FINANCIADORES-DO-PROJETO><FINANCIADOR-DO-PROJETO SEQUENCIA-FINANCIADOR="1" CODIGO-INSTITUICAO="002200000000" NOME-INSTITUICAO="Conselho Nacional de Desenvolvimento Científico e Tecnológico" NATUREZA="BOLSA"/></FINANCIADORES-DO-PROJETO></PROJETO-DE-PESQUISA></PARTICIPACAO-EM-PROJETO><PARTICIPACAO-EM-PROJETO SEQUENCIA-FUNCAO-ATIVIDADE="2" FLAG-PERIODO="ANTERIOR" MES-INICIO="" ANO-INICIO="2012" MES-FIM="" ANO-FIM="2014" CODIGO-ORGAO="000502000007" NOME-ORGAO="Centro de Estudos Gerais" CODIGO-UNIDADE="000502001003" NOME-UNIDADE="Instituto de Física"><PROJETO-DE-PESQUISA SEQUENCIA-PROJETO="2" ANO-INICIO="2012" ANO-FIM="2014" NOME-DO-PROJETO="Microscópio Halográfico Digital" SITUACAO="CONCLUIDO" NATUREZA="PESQUISA" NUMERO-GRADUACAO="" NUMERO-ESPECIALIZACAO="" NUMERO-MESTRADO-ACADEMICO="1" NUMERO-MESTRADO-PROF="" NUMERO-DOUTORADO="" DESCRICAO-DO-PROJETO="Adaptação de um microscópio óptico convencional em um microscópio holográfico digital." IDENTIFICADOR-PROJETO="" DESCRICAO-DO-PROJETO-INGLES="" NOME-DO-PROJETO-INGLES="Microscópio Halográfico Digital" FLAG-POTENCIAL-INOVACAO="NAO" FLAG-PROJETO-CERTIFICADO="nao" NOME-COORDENADOR-CERTIFICACAO="" FORMATO-DATA-CERTIFICACAO="DDMMAAAA" DATA-CERTIFICACAO="" NUMERO_TECNICO_NIVEL_MEDIO=""><EQUIPE-DO-PROJETO><INTEGRANTES-DO-PROJETO NOME-COMPLETO="Rosembergue Brasileiro da Rocha Freire Junior" NOME-PARA-CITACAO="FREIRE JUNIOR, R. B. R.;R. B. DA ROCHA FREIRE JUNIOR" ORDEM-DE-INTEGRACAO="1" FLAG-RESPONSAVEL="NAO" NRO-ID-CNPQ="0654339745499103"/><INTEGRANTES-DO-PROJETO NOME-COMPLETO="Paulo Acioly M. dos Santos" NOME-PARA-CITACAO="P.M.A dos Santos" ORDEM-DE-INTEGRACAO="2" FLAG-RESPONSAVEL="SIM" NRO-ID-CNPQ=""/></EQUIPE-DO-PROJETO></PROJETO-DE-PESQUISA></PARTICIPACAO-EM-PROJETO></ATIVIDADES-DE-PARTICIPACAO-EM-PROJETO><atividadesProfissionaisPlanificadas/></ATUACAO-PROFISSIONAL><ATUACAO-PROFISSIONAL CODIGO-INSTITUICAO="000200000993" NOME-INSTITUICAO="Fundação CECIERJ/CEDERJ" SEQUENCIA-ATIVIDADE="2" SEQUENCIA-IMPORTANCIA="2"><VINCULOS SEQUENCIA-HISTORICO="1" TIPO-DE-VINCULO="LIVRE" ENQUADRAMENTO-FUNCIONAL="LIVRE" CARGA-HORARIA-SEMANAL="12" FLAG-DEDICACAO-EXCLUSIVA="NAO" MES-INICIO="08" ANO-INICIO="2013" MES-FIM="10" ANO-FIM="2015" OUTRAS-INFORMACOES="" FLAG-VINCULO-EMPREGATICIO="SIM" OUTRO-VINCULO-INFORMADO="Bolsista" OUTRO-ENQUADRAMENTO-FUNCIONAL-INFORMADO="Tutor de Física" OUTRO-ENQUADRAMENTO-FUNCIONAL-INFORMADO-INGLES="" OUTRAS-INFORMACOES-INGLES=""/><atividadesProfissionaisPlanificadas/></ATUACAO-PROFISSIONAL><ATUACAO-PROFISSIONAL CODIGO-INSTITUICAO="000300000995" NOME-INSTITUICAO="Colégio Ação 1" SEQUENCIA-ATIVIDADE="3" SEQUENCIA-IMPORTANCIA="3"><VINCULOS SEQUENCIA-HISTORICO="1" TIPO-DE-VINCULO="LIVRE" ENQUADRAMENTO-FUNCIONAL="LIVRE" CARGA-HORARIA-SEMANAL="6" FLAG-DEDICACAO-EXCLUSIVA="NAO" MES-INICIO="02" ANO-INICIO="2014" MES-FIM="" ANO-FIM="" OUTRAS-INFORMACOES="" FLAG-VINCULO-EMPREGATICIO="SIM" OUTRO-VINCULO-INFORMADO="Colaborador Independente" OUTRO-ENQUADRAMENTO-FUNCIONAL-INFORMADO="Professor de Física" OUTRO-ENQUADRAMENTO-FUNCIONAL-INFORMADO-INGLES="" OUTRAS-INFORMACOES-INGLES=""/><atividadesProfissionaisPlanificadas/></ATUACAO-PROFISSIONAL><ATUACAO-PROFISSIONAL CODIGO-INSTITUICAO="000400000997" NOME-INSTITUICAO="Programa Nacional de Acesso ao Ensino Técnico e Emprego" SEQUENCIA-ATIVIDADE="4" SEQUENCIA-IMPORTANCIA="4"><VINCULOS SEQUENCIA-HISTORICO="1" TIPO-DE-VINCULO="LIVRE" ENQUADRAMENTO-FUNCIONAL="LIVRE" CARGA-HORARIA-SEMANAL="2" FLAG-DEDICACAO-EXCLUSIVA="NAO" MES-INICIO="02" ANO-INICIO="2015" MES-FIM="05" ANO-FIM="2015" OUTRAS-INFORMACOES="" FLAG-VINCULO-EMPREGATICIO="SIM" OUTRO-VINCULO-INFORMADO="Bolsista" OUTRO-ENQUADRAMENTO-FUNCIONAL-INFORMADO="PROFESSOR DE MATMÉTICA BÁSICA" OUTRO-ENQUADRAMENTO-FUNCIONAL-INFORMADO-INGLES="" OUTRAS-INFORMACOES-INGLES=""/><atividadesProfissionaisPlanificadas/></ATUACAO-PROFISSIONAL><ATUACAO-PROFISSIONAL CODIGO-INSTITUICAO="201900000008" NOME-INSTITUICAO="Centro Universitário Augusto Motta" SEQUENCIA-ATIVIDADE="5" SEQUENCIA-IMPORTANCIA="5"><VINCULOS SEQUENCIA-HISTORICO="1" TIPO-DE-VINCULO="LIVRE" ENQUADRAMENTO-FUNCIONAL="LIVRE" CARGA-HORARIA-SEMANAL="12" FLAG-DEDICACAO-EXCLUSIVA="NAO" MES-INICIO="08" ANO-INICIO="2015" MES-FIM="" ANO-FIM="" OUTRAS-INFORMACOES="" FLAG-VINCULO-EMPREGATICIO="SIM" OUTRO-VINCULO-INFORMADO="" OUTRO-ENQUADRAMENTO-FUNCIONAL-INFORMADO="Professor Auxiliar" OUTRO-ENQUADRAMENTO-FUNCIONAL-INFORMADO-INGLES="" OUTRAS-INFORMACOES-INGLES=""/><atividadesProfissionaisPlanificadas/></ATUACAO-PROFISSIONAL></ATUACOES-PROFISSIONAIS><AREAS-DE-ATUACAO><AREA-DE-ATUACAO SEQUENCIA-AREA-DE-ATUACAO="1" NOME-GRANDE-AREA-DO-CONHECIMENTO="CIENCIAS_EXATAS_E_DA_TERRA" NOME-DA-AREA-DO-CONHECIMENTO="Física" NOME-DA-SUB-AREA-DO-CONHECIMENTO="Áreas Clássicas de Fenomenologia e suas Aplicações" NOME-DA-ESPECIALIDADE="Óptica Não-Linear e Aplicada"/><AREA-DE-ATUACAO SEQUENCIA-AREA-DE-ATUACAO="2" NOME-GRANDE-AREA-DO-CONHECIMENTO="ENGENHARIAS" NOME-DA-AREA-DO-CONHECIMENTO="Engenharia Mecânica" NOME-DA-SUB-AREA-DO-CONHECIMENTO="Mecânica dos Sólidos" NOME-DA-ESPECIALIDADE="Análise de Tensões"/></AREAS-DE-ATUACAO><IDIOMAS><IDIOMA IDIOMA="PT" DESCRICAO-DO-IDIOMA="Português" PROFICIENCIA-DE-LEITURA="BEM" PROFICIENCIA-DE-FALA="BEM" PROFICIENCIA-DE-ESCRITA="RAZOAVELMENTE" PROFICIENCIA-DE-COMPREENSAO="BEM"/><IDIOMA IDIOMA="EN" DESCRICAO-DO-IDIOMA="Inglês" PROFICIENCIA-DE-LEITURA="RAZOAVELMENTE" PROFICIENCIA-DE-FALA="POUCO" PROFICIENCIA-DE-ESCRITA="POUCO" PROFICIENCIA-DE-COMPREENSAO="RAZOAVELMENTE"/><IDIOMA IDIOMA="ES" DESCRICAO-DO-IDIOMA="Espanhol" PROFICIENCIA-DE-LEITURA="RAZOAVELMENTE" PROFICIENCIA-DE-FALA="RAZOAVELMENTE" PROFICIENCIA-DE-ESCRITA="RAZOAVELMENTE" PROFICIENCIA-DE-COMPREENSAO="RAZOAVELMENTE"/></IDIOMAS><staValidado/><dataExibicao/><dadosBolsista/></DADOS-GERAIS><PRODUCAO-BIBLIOGRAFICA><TRABALHOS-EM-EVENTOS><TRABALHO-EM-EVENTOS SEQUENCIA-PRODUCAO="9"><DADOS-BASICOS-DO-TRABALHO NATUREZA="COMPLETO" TITULO-DO-TRABALHO="Digital holographic moiré pattern for optical numerical code generation" ANO-DO-TRABALHO="2014" PAIS-DO-EVENTO="Estados Unidos" IDIOMA="Inglês" MEIO-DE-DIVULGACAO="IMPRESSO" HOME-PAGE-DO-TRABALHO="" FLAG-RELEVANCIA="SIM" DOI="" TITULO-DO-TRABALHO-INGLES="" FLAG-DIVULGACAO-CIENTIFICA="NAO"/><DETALHAMENTO-DO-TRABALHO CLASSIFICACAO-DO-EVENTO="INTERNACIONAL" NOME-DO-EVENTO="Interferometry XVII: Techniques and Analysis" CIDADE-DO-EVENTO="San Diego" ANO-DE-REALIZACAO="2014" TITULO-DOS-ANAIS-OU-PROCEEDINGS="Interferometry XVII: Techniques and Analysis" VOLUME="9203" FASCICULO="920316" SERIE="" PAGINA-INICIAL="920316" PAGINA-FINAL="" ISBN="" NOME-DA-EDITORA="SPIE" CIDADE-DA-EDITORA="" NOME-DO-EVENTO-INGLES=""/><AUTORES NOME-COMPLETO-DO-AUTOR="Rosembergue Brasileiro da Rocha Freire Junior" NOME-PARA-CITACAO="FREIRE JUNIOR, R. B. R." ORDEM-DE-AUTORIA="1" NRO-ID-CNPQ=""/><AUTORES NOME-COMPLETO-DO-AUTOR="Paulo Acioly M. dos Santos" NOME-PARA-CITACAO="P.M.A dos Santos" ORDEM-DE-AUTORIA="2" NRO-ID-CNPQ=""/><AUTORES NOME-COMPLETO-DO-AUTOR="Marcos Eduardo de Oliveira" NOME-PARA-CITACAO="OLIVEIRA, M. E." ORDEM-DE-AUTORIA="3" NRO-ID-CNPQ=""/></TRABALHO-EM-EVENTOS></TRABALHOS-EM-EVENTOS><ARTIGOS-ACEITOS-PARA-PUBLICACAO><ARTIGO-ACEITO-PARA-PUBLICACAO SEQUENCIA-PRODUCAO="8"><DADOS-BASICOS-DO-ARTIGO NATUREZA="NAO_INFORMADO" TITULO-DO-ARTIGO="Digital holographic moiré-like patterns and an application to Fourier transform profilometry" ANO-DO-ARTIGO="2015" PAIS-DE-PUBLICACAO="" IDIOMA="Inglês" MEIO-DE-DIVULGACAO="NAO_INFORMADO" HOME-PAGE-DO-TRABALHO="" FLAG-RELEVANCIA="SIM" DOI="" TITULO-DO-ARTIGO-INGLES="" FLAG-DIVULGACAO-CIENTIFICA="NAO"/><DETALHAMENTO-DO-ARTIGO TITULO-DO-PERIODICO-OU-REVISTA="Optics Communications (Print)" ISSN="00304018" VOLUME="" FASCICULO="" SERIE="" PAGINA-INICIAL="" PAGINA-FINAL="" LOCAL-DE-PUBLICACAO=""/><AUTORES NOME-COMPLETO-DO-AUTOR="Paulo Acioly M. dos Santos" NOME-PARA-CITACAO="P.M.A dos Santos" ORDEM-DE-AUTORIA="1" NRO-ID-CNPQ=""/><AUTORES NOME-COMPLETO-DO-AUTOR="Marcos Eduardo de Oliveira" NOME-PARA-CITACAO="OLIVEIRA, M. E." ORDEM-DE-AUTORIA="2" NRO-ID-CNPQ=""/><AUTORES NOME-COMPLETO-DO-AUTOR="Gabriela Nieva de Oliveira" NOME-PARA-CITACAO="OLIVEIRA, G. N." ORDEM-DE-AUTORIA="3" NRO-ID-CNPQ=""/><AUTORES NOME-COMPLETO-DO-AUTOR="Rosembergue Brasileiro da Rocha Freire Junior" NOME-PARA-CITACAO="FREIRE JUNIOR, R. B. R." ORDEM-DE-AUTORIA="4" NRO-ID-CNPQ=""/></ARTIGO-ACEITO-PARA-PUBLICACAO></ARTIGOS-ACEITOS-PARA-PUBLICACAO></PRODUCAO-BIBLIOGRAFICA><PRODUCAO-TECNICA><DEMAIS-TIPOS-DE-PRODUCAO-TECNICA><APRESENTACAO-DE-TRABALHO SEQUENCIA-PRODUCAO="7"><DADOS-BASICOS-DA-APRESENTACAO-DE-TRABALHO NATUREZA="SEMINARIO" TITULO="Holografia Digital e suas Aplicações" ANO="2011" PAIS="Brasil" IDIOMA="Português" FLAG-RELEVANCIA="NAO" DOI="" TITULO-INGLES="" FLAG-DIVULGACAO-CIENTIFICA="SIM"/><DETALHAMENTO-DA-APRESENTACAO-DE-TRABALHO NOME-DO-EVENTO="Coloquinho" INSTITUICAO-PROMOTORA="Universidade Federal Fluminense" LOCAL-DA-APRESENTACAO="Instituto de Física" CIDADE-DA-APRESENTACAO="Niterói-RJ" NOME-DO-EVENTO-INGLES=""/><AUTORES NOME-COMPLETO-DO-AUTOR="Rosembergue Brasileiro da Rocha Freire Junior" NOME-PARA-CITACAO="FREIRE JUNIOR, R. B. R." ORDEM-DE-AUTORIA="1" NRO-ID-CNPQ=""/><PALAVRAS-CHAVE PALAVRA-CHAVE-1="Holografia" PALAVRA-CHAVE-2="" PALAVRA-CHAVE-3="" PALAVRA-CHAVE-4="" PALAVRA-CHAVE-5="" PALAVRA-CHAVE-6=""/><AREAS-DO-CONHECIMENTO><AREA-DO-CONHECIMENTO-1 NOME-GRANDE-AREA-DO-CONHECIMENTO="CIENCIAS_EXATAS_E_DA_TERRA" NOME-DA-AREA-DO-CONHECIMENTO="" NOME-DA-SUB-AREA-DO-CONHECIMENTO="Física" NOME-DA-ESPECIALIDADE=""/></AREAS-DO-CONHECIMENTO></APRESENTACAO-DE-TRABALHO><ORGANIZACAO-DE-EVENTO SEQUENCIA-PRODUCAO="4"><DADOS-BASICOS-DA-ORGANIZACAO-DE-EVENTO TIPO="OUTRO" NATUREZA="ORGANIZACAO" TITULO="Semana da Fisica-UFF" ANO="2010" PAIS="Brasil" IDIOMA="Português" MEIO-DE-DIVULGACAO="VARIOS" HOME-PAGE-DO-TRABALHO="" FLAG-RELEVANCIA="SIM" DOI="" TITULO-INGLES="" FLAG-DIVULGACAO-CIENTIFICA="NAO"/><DETALHAMENTO-DA-ORGANIZACAO-DE-EVENTO INSTITUICAO-PROMOTORA="Universidade Federal Fluminense-UFF" DURACAO-EM-SEMANAS="1" FLAG-EVENTO-ITINERANTE="N" FLAG-CATALOGO="" LOCAL="Instituto de Física -UFF" CIDADE="Niteroi_RJ"/><AUTORES NOME-COMPLETO-DO-AUTOR="Rosembergue Brasileiro da Rocha Freire Junior" NOME-PARA-CITACAO="FREIRE JUNIOR, R. B. R." ORDEM-DE-AUTORIA="1" NRO-ID-CNPQ=""/><AUTORES NOME-COMPLETO-DO-AUTOR="Beatriz Andrade Di Puglia" NOME-PARA-CITACAO="PUGLIA, B. A." ORDEM-DE-AUTORIA="2" NRO-ID-CNPQ=""/></ORGANIZACAO-DE-EVENTO></DEMAIS-TIPOS-DE-PRODUCAO-TECNICA></PRODUCAO-TECNICA><DADOS-COMPLEMENTARES><FORMACAO-COMPLEMENTAR><FORMACAO-COMPLEMENTAR-CURSO-DE-CURTA-DURACAO SEQUENCIA-FORMACAO="6" NIVEL="F" CARGA-HORARIA="12" CODIGO-INSTITUICAO="985606880727" NOME-INSTITUICAO="Fundação Centro de Ciências e Educação Superior à Distância do Estado do RJ" CODIGO-ORGAO="" NOME-ORGAO="" CODIGO-CURSO="90000002" NOME-CURSO="Curso de Formação de Ensino a Distância com Ênfase" STATUS-DO-CURSO="CONCLUIDO" ANO-DE-INICIO="2013" ANO-DE-CONCLUSAO="2014" NOME-CURSO-INGLES=""/><OUTROS SEQUENCIA-FORMACAO="3" NIVEL="Y" CARGA-HORARIA="" CODIGO-INSTITUICAO="000100000991" NOME-INSTITUICAO="Colégio Casimiro de Abreu" CODIGO-ORGAO="" NOME-ORGAO="" CODIGO-CURSO="90000001" NOME-CURSO="Técnico em Administração" STATUS-DO-CURSO="CONCLUIDO" ANO-DE-INICIO="2004" ANO-DE-CONCLUSAO="2005" NOME-CURSO-INGLES=""/><formacoesComplementaresPlana/></FORMACAO-COMPLEMENTAR><PARTICIPACAO-EM-EVENTOS-CONGRESSOS><PARTICIPACAO-EM-CONGRESSO SEQUENCIA-PRODUCAO="11"><PARTICIPANTE-DE-EVENTOS-CONGRESSOS NOME-COMPLETO-DO-PARTICIPANTE-DE-EVENTOS-CONGRESSOS="Rosembergue Brasileiro da Rocha Freire Junior" NOME-PARA-CITACAO-DO-PARTICIPANTE-DE-EVENTOS-CONGRESSOS="FREIRE JUNIOR, R. B. R.;R. B. DA ROCHA FREIRE JUNIOR" ORDEM-PARTICIPANTE="1" NRO-ID-CNPQ="0654339745499103"/><DADOS-BASICOS-DA-PARTICIPACAO-EM-CONGRESSO NATUREZA="Congresso" TITULO="Digital holographic moiré pattern for optical numerical code generation" ANO="2014" PAIS="Chile" IDIOMA="" MEIO-DE-DIVULGACAO="NAO_INFORMADO" HOME-PAGE-DO-TRABALHO="" FLAG-RELEVANCIA="NAO" TIPO-PARTICIPACAO="Poster / Painel" FORMA-PARTICIPACAO="Participante" DOI="" TITULO-INGLES="" FLAG-DIVULGACAO-CIENTIFICA="NAO"/><DETALHAMENTO-DA-PARTICIPACAO-EM-CONGRESSO NOME-DO-EVENTO="Interferometry XVII: Techniques and Analysis" CODIGO-INSTITUICAO="" NOME-INSTITUICAO="" LOCAL-DO-EVENTO="" CIDADE-DO-EVENTO="San Diego" NOME-DO-EVENTO-INGLES=""/></PARTICIPACAO-EM-CONGRESSO><PARTICIPACAO-EM-SIMPOSIO SEQUENCIA-PRODUCAO="12"><PARTICIPANTE-DE-EVENTOS-CONGRESSOS NOME-COMPLETO-DO-PARTICIPANTE-DE-EVENTOS-CONGRESSOS="Rosembergue Brasileiro da Rocha Freire Junior" NOME-PARA-CITACAO-DO-PARTICIPANTE-DE-EVENTOS-CONGRESSOS="FREIRE JUNIOR, R. B. R.;R. B. DA ROCHA FREIRE JUNIOR" ORDEM-PARTICIPANTE="1" NRO-ID-CNPQ="0654339745499103"/><DADOS-BASICOS-DA-PARTICIPACAO-EM-SIMPOSIO NATUREZA="Simpósio" TITULO="" ANO="2015" PAIS="Brasil" IDIOMA="" MEIO-DE-DIVULGACAO="NAO_INFORMADO" HOME-PAGE-DO-TRABALHO="" FLAG-RELEVANCIA="NAO" TIPO-PARTICIPACAO="" FORMA-PARTICIPACAO="Ouvinte" DOI="" TITULO-INGLES="" FLAG-DIVULGACAO-CIENTIFICA="NAO"/><DETALHAMENTO-DA-PARTICIPACAO-EM-SIMPOSIO NOME-DO-EVENTO="XIV Simpósio Docente" CODIGO-INSTITUICAO="" NOME-INSTITUICAO="" LOCAL-DO-EVENTO="" CIDADE-DO-EVENTO="Rio de Janeiro - RJ" NOME-DO-EVENTO-INGLES=""/></PARTICIPACAO-EM-SIMPOSIO><PARTICIPACAO-EM-SIMPOSIO SEQUENCIA-PRODUCAO="13"><PARTICIPANTE-DE-EVENTOS-CONGRESSOS NOME-COMPLETO-DO-PARTICIPANTE-DE-EVENTOS-CONGRESSOS="Rosembergue Brasileiro da Rocha Freire Junior" NOME-PARA-CITACAO-DO-PARTICIPANTE-DE-EVENTOS-CONGRESSOS="FREIRE JUNIOR, R. B. R.;R. B. DA ROCHA FREIRE JUNIOR" ORDEM-PARTICIPANTE="1" NRO-ID-CNPQ="0654339745499103"/><DADOS-BASICOS-DA-PARTICIPACAO-EM-SIMPOSIO NATUREZA="Simpósio" TITULO="" ANO="2016" PAIS="Brasil" IDIOMA="" MEIO-DE-DIVULGACAO="NAO_INFORMADO" HOME-PAGE-DO-TRABALHO="" FLAG-RELEVANCIA="NAO" TIPO-PARTICIPACAO="" FORMA-PARTICIPACAO="Ouvinte" DOI="" TITULO-INGLES="" FLAG-DIVULGACAO-CIENTIFICA="NAO"/><DETALHAMENTO-DA-PARTICIPACAO-EM-SIMPOSIO NOME-DO-EVENTO="XV Simpósio Docente" CODIGO-INSTITUICAO="" NOME-INSTITUICAO="" LOCAL-DO-EVENTO="" CIDADE-DO-EVENTO="Rio de Janeiro - RJ" NOME-DO-EVENTO-INGLES=""/></PARTICIPACAO-EM-SIMPOSIO><PARTICIPACAO-EM-ENCONTRO SEQUENCIA-PRODUCAO="2"><PARTICIPANTE-DE-EVENTOS-CONGRESSOS NOME-COMPLETO-DO-PARTICIPANTE-DE-EVENTOS-CONGRESSOS="Rosembergue Brasileiro da Rocha Freire Junior" NOME-PARA-CITACAO-DO-PARTICIPANTE-DE-EVENTOS-CONGRESSOS="FREIRE JUNIOR, R. B. R.;R. B. DA ROCHA FREIRE JUNIOR" ORDEM-PARTICIPANTE="1" NRO-ID-CNPQ="0654339745499103"/><DADOS-BASICOS-DA-PARTICIPACAO-EM-ENCONTRO NATUREZA="Encontro" TITULO="" ANO="2011" PAIS="Brasil" IDIOMA="" MEIO-DE-DIVULGACAO="NAO_INFORMADO" HOME-PAGE-DO-TRABALHO="" FLAG-RELEVANCIA="NAO" TIPO-PARTICIPACAO="" FORMA-PARTICIPACAO="Ouvinte" DOI="" TITULO-INGLES="" FLAG-DIVULGACAO-CIENTIFICA="NAO"/><DETALHAMENTO-DA-PARTICIPACAO-EM-ENCONTRO NOME-DO-EVENTO="II Encontro USP-Escola" CODIGO-INSTITUICAO="" NOME-INSTITUICAO="" LOCAL-DO-EVENTO="" CIDADE-DO-EVENTO="São Paulo" NOME-DO-EVENTO-INGLES=""/></PARTICIPACAO-EM-ENCONTRO><PARTICIPACAO-EM-ENCONTRO SEQUENCIA-PRODUCAO="6"><PARTICIPANTE-DE-EVENTOS-CONGRESSOS NOME-COMPLETO-DO-PARTICIPANTE-DE-EVENTOS-CONGRESSOS="Rosembergue Brasileiro da Rocha Freire Junior" NOME-PARA-CITACAO-DO-PARTICIPANTE-DE-EVENTOS-CONGRESSOS="FREIRE JUNIOR, R. B. R.;R. B. DA ROCHA FREIRE JUNIOR" ORDEM-PARTICIPANTE="1" NRO-ID-CNPQ="0654339745499103"/><DADOS-BASICOS-DA-PARTICIPACAO-EM-ENCONTRO NATUREZA="Encontro" TITULO="Digital holographic microscopy and biological applications" ANO="2012" PAIS="Brasil" IDIOMA="" MEIO-DE-DIVULGACAO="NAO_INFORMADO" HOME-PAGE-DO-TRABALHO="http://www.sbfisica.org.br/~enfmc/xxxv/" FLAG-RELEVANCIA="NAO" TIPO-PARTICIPACAO="Poster / Painel" FORMA-PARTICIPACAO="Participante" DOI="" TITULO-INGLES="" FLAG-DIVULGACAO-CIENTIFICA="NAO"/><DETALHAMENTO-DA-PARTICIPACAO-EM-ENCONTRO NOME-DO-EVENTO="XXXV Encontro Nacional de Física da Matéria Condensada" CODIGO-INSTITUICAO="" NOME-INSTITUICAO="" LOCAL-DO-EVENTO="" CIDADE-DO-EVENTO="Aguas de Lindóia- Sâo Paulo" NOME-DO-EVENTO-INGLES=""/></PARTICIPACAO-EM-ENCONTRO><PARTICIPACAO-EM-ENCONTRO SEQUENCIA-PRODUCAO="5"><PARTICIPANTE-DE-EVENTOS-CONGRESSOS NOME-COMPLETO-DO-PARTICIPANTE-DE-EVENTOS-CONGRESSOS="Rosembergue Brasileiro da Rocha Freire Junior" NOME-PARA-CITACAO-DO-PARTICIPANTE-DE-EVENTOS-CONGRESSOS="FREIRE JUNIOR, R. B. R.;R. B. DA ROCHA FREIRE JUNIOR" ORDEM-PARTICIPANTE="1" NRO-ID-CNPQ="0654339745499103"/><DADOS-BASICOS-DA-PARTICIPACAO-EM-ENCONTRO NATUREZA="Encontro" TITULO="" ANO="2012" PAIS="Brasil" IDIOMA="" MEIO-DE-DIVULGACAO="NAO_INFORMADO" HOME-PAGE-DO-TRABALHO="http://web.if.usp.br/extensao/node/125" FLAG-RELEVANCIA="NAO" TIPO-PARTICIPACAO="" FORMA-PARTICIPACAO="Ouvinte" DOI="" TITULO-INGLES="" FLAG-DIVULGACAO-CIENTIFICA="NAO"/><DETALHAMENTO-DA-PARTICIPACAO-EM-ENCONTRO NOME-DO-EVENTO="III Encontro USP- Escola" CODIGO-INSTITUICAO="" NOME-INSTITUICAO="" LOCAL-DO-EVENTO="" CIDADE-DO-EVENTO="Sâo Paulo" NOME-DO-EVENTO-INGLES=""/></PARTICIPACAO-EM-ENCONTRO><OUTRAS-PARTICIPACOES-EM-EVENTOS-CONGRESSOS SEQUENCIA-PRODUCAO="10"><PARTICIPANTE-DE-EVENTOS-CONGRESSOS NOME-COMPLETO-DO-PARTICIPANTE-DE-EVENTOS-CONGRESSOS="Rosembergue Brasileiro da Rocha Freire Junior" NOME-PARA-CITACAO-DO-PARTICIPANTE-DE-EVENTOS-CONGRESSOS="FREIRE JUNIOR, R. B. R.;R. B. DA ROCHA FREIRE JUNIOR" ORDEM-PARTICIPANTE="1" NRO-ID-CNPQ="0654339745499103"/><DADOS-BASICOS-DE-OUTRAS-PARTICIPACOES-EM-EVENTOS-CONGRESSOS NATUREZA="Outra" TITULO="Microscopia Holográfica Digital" ANO="2014" PAIS="Brasil" IDIOMA="" MEIO-DE-DIVULGACAO="NAO_INFORMADO" HOME-PAGE-DO-TRABALHO="" FLAG-RELEVANCIA="NAO" TIPO-PARTICIPACAO="Simposista" FORMA-PARTICIPACAO="Convidado" DOI="" TITULO-INGLES="" FLAG-DIVULGACAO-CIENTIFICA="NAO"/><DETALHAMENTO-DE-OUTRAS-PARTICIPACOES-EM-EVENTOS-CONGRESSOS NOME-DO-EVENTO="Semana Acadêmica de Física - UENF" CODIGO-INSTITUICAO="" NOME-INSTITUICAO="" LOCAL-DO-EVENTO="" CIDADE-DO-EVENTO="Campos dos Goytacazes - RJ" NOME-DO-EVENTO-INGLES=""/></OUTRAS-PARTICIPACOES-EM-EVENTOS-CONGRESSOS><OUTRAS-PARTICIPACOES-EM-EVENTOS-CONGRESSOS SEQUENCIA-PRODUCAO="3"><PARTICIPANTE-DE-EVENTOS-CONGRESSOS NOME-COMPLETO-DO-PARTICIPANTE-DE-EVENTOS-CONGRESSOS="Rosembergue Brasileiro da Rocha Freire Junior" NOME-PARA-CITACAO-DO-PARTICIPANTE-DE-EVENTOS-CONGRESSOS="FREIRE JUNIOR, R. B. R.;R. B. DA ROCHA FREIRE JUNIOR" ORDEM-PARTICIPANTE="1" NRO-ID-CNPQ="0654339745499103"/><DADOS-BASICOS-DE-OUTRAS-PARTICIPACOES-EM-EVENTOS-CONGRESSOS NATUREZA="Outra" TITULO="" ANO="2011" PAIS="Brasil" IDIOMA="" MEIO-DE-DIVULGACAO="NAO_INFORMADO" HOME-PAGE-DO-TRABALHO="" FLAG-RELEVANCIA="NAO" TIPO-PARTICIPACAO="" FORMA-PARTICIPACAO="Ouvinte" DOI="" TITULO-INGLES="" FLAG-DIVULGACAO-CIENTIFICA="NAO"/><DETALHAMENTO-DE-OUTRAS-PARTICIPACOES-EM-EVENTOS-CONGRESSOS NOME-DO-EVENTO="Curso de Verão-UFPE" CODIGO-INSTITUICAO="" NOME-INSTITUICAO="" LOCAL-DO-EVENTO="" CIDADE-DO-EVENTO="Recife-PE" NOME-DO-EVENTO-INGLES=""/></OUTRAS-PARTICIPACOES-EM-EVENTOS-CONGRESSOS><OUTRAS-PARTICIPACOES-EM-EVENTOS-CONGRESSOS SEQUENCIA-PRODUCAO="1"><PARTICIPANTE-DE-EVENTOS-CONGRESSOS NOME-COMPLETO-DO-PARTICIPANTE-DE-EVENTOS-CONGRESSOS="Rosembergue Brasileiro da Rocha Freire Junior" NOME-PARA-CITACAO-DO-PARTICIPANTE-DE-EVENTOS-CONGRESSOS="FREIRE JUNIOR, R. B. R.;R. B. DA ROCHA FREIRE JUNIOR" ORDEM-PARTICIPANTE="1" NRO-ID-CNPQ="0654339745499103"/><DADOS-BASICOS-DE-OUTRAS-PARTICIPACOES-EM-EVENTOS-CONGRESSOS NATUREZA="Outra" TITULO="" ANO="2010" PAIS="Brasil" IDIOMA="" MEIO-DE-DIVULGACAO="NAO_INFORMADO" HOME-PAGE-DO-TRABALHO="" FLAG-RELEVANCIA="NAO" TIPO-PARTICIPACAO="" FORMA-PARTICIPACAO="Ouvinte" DOI="" TITULO-INGLES="" FLAG-DIVULGACAO-CIENTIFICA="NAO"/><DETALHAMENTO-DE-OUTRAS-PARTICIPACOES-EM-EVENTOS-CONGRESSOS NOME-DO-EVENTO="XXV-Jornada de Física Teórica - UNESP" CODIGO-INSTITUICAO="" NOME-INSTITUICAO="" LOCAL-DO-EVENTO="" CIDADE-DO-EVENTO="São Paulo" NOME-DO-EVENTO-INGLES=""/></OUTRAS-PARTICIPACOES-EM-EVENTOS-CONGRESSOS></PARTICIPACAO-EM-EVENTOS-CONGRESSOS><INFORMACOES-ADICIONAIS-INSTITUICOES><INFORMACAO-ADICIONAL-INSTITUICAO CODIGO-INSTITUICAO="000100000991" SIGLA-INSTITUICAO="COCA" SIGLA-UF-INSTITUICAO="RJ" SIGLA-PAIS-INSTITUICAO="BRA" NOME-PAIS-INSTITUICAO="Brasil" FLAG-AGENCIA-FOMENTO="NAO" FLAG-INSTITUICAO-DE-ENSINO="NAO"/><INFORMACAO-ADICIONAL-INSTITUICAO CODIGO-INSTITUICAO="000200000993" SIGLA-INSTITUICAO="CECIERJ/CEDERJ" SIGLA-UF-INSTITUICAO="RJ" SIGLA-PAIS-INSTITUICAO="BRA" NOME-PAIS-INSTITUICAO="Brasil" FLAG-AGENCIA-FOMENTO="NAO" FLAG-INSTITUICAO-DE-ENSINO="NAO"/><INFORMACAO-ADICIONAL-INSTITUICAO CODIGO-INSTITUICAO="000300000995" SIGLA-INSTITUICAO="AÇÃO 1" SIGLA-UF-INSTITUICAO="RJ" SIGLA-PAIS-INSTITUICAO="BRA" NOME-PAIS-INSTITUICAO="Brasil" FLAG-AGENCIA-FOMENTO="NAO" FLAG-INSTITUICAO-DE-ENSINO="NAO"/><INFORMACAO-ADICIONAL-INSTITUICAO CODIGO-INSTITUICAO="000400000997" SIGLA-INSTITUICAO="PRONATEC" SIGLA-UF-INSTITUICAO="RJ" SIGLA-PAIS-INSTITUICAO="BRA" NOME-PAIS-INSTITUICAO="Brasil" FLAG-AGENCIA-FOMENTO="NAO" FLAG-INSTITUICAO-DE-ENSINO="NAO"/><INFORMACAO-ADICIONAL-INSTITUICAO CODIGO-INSTITUICAO="000500000000" SIGLA-INSTITUICAO="UFF" SIGLA-UF-INSTITUICAO="RJ" SIGLA-PAIS-INSTITUICAO="BRA" NOME-PAIS-INSTITUICAO="Brasil" FLAG-AGENCIA-FOMENTO="NAO" FLAG-INSTITUICAO-DE-ENSINO="SIM"/><INFORMACAO-ADICIONAL-INSTITUICAO CODIGO-INSTITUICAO="002200000000" SIGLA-INSTITUICAO="CNPq" SIGLA-UF-INSTITUICAO="DF" SIGLA-PAIS-INSTITUICAO="BRA" NOME-PAIS-INSTITUICAO="Brasil" FLAG-AGENCIA-FOMENTO="SIM" FLAG-INSTITUICAO-DE-ENSINO="SIM"/><INFORMACAO-ADICIONAL-INSTITUICAO CODIGO-INSTITUICAO="045000000000" SIGLA-INSTITUICAO="CAPES" SIGLA-UF-INSTITUICAO="DF" SIGLA-PAIS-INSTITUICAO="BRA" NOME-PAIS-INSTITUICAO="Brasil" FLAG-AGENCIA-FOMENTO="SIM" FLAG-INSTITUICAO-DE-ENSINO="SIM"/><INFORMACAO-ADICIONAL-INSTITUICAO CODIGO-INSTITUICAO="201900000008" SIGLA-INSTITUICAO="UNISUAM" SIGLA-UF-INSTITUICAO="RJ" SIGLA-PAIS-INSTITUICAO="BRA" NOME-PAIS-INSTITUICAO="Brasil" FLAG-AGENCIA-FOMENTO="NAO" FLAG-INSTITUICAO-DE-ENSINO="SIM"/><INFORMACAO-ADICIONAL-INSTITUICAO CODIGO-INSTITUICAO="985606880727" SIGLA-INSTITUICAO="CECIERJ" SIGLA-UF-INSTITUICAO="RJ" SIGLA-PAIS-INSTITUICAO="BRA" NOME-PAIS-INSTITUICAO="Brasil" FLAG-AGENCIA-FOMENTO="NAO" FLAG-INSTITUICAO-DE-ENSINO="SIM"/></INFORMACOES-ADICIONAIS-INSTITUICOES><INFORMACOES-ADICIONAIS-CURSOS><INFORMACAO-ADICIONAL-CURSO CODIGO-CURSO="31020020" CODIGO-ORGAO="" NOME-ORGAO="" CODIGO-INSTITUICAO="000500000000" NOME-INSTITUICAO="Universidade Federal Fluminense" NOME-GRANDE-AREA-DO-CONHECIMENTO="CIENCIAS_EXATAS_E_DA_TERRA" NOME-DA-AREA-DO-CONHECIMENTO="Física" NOME-DA-SUB-AREA-DO-CONHECIMENTO="" NOME-DA-ESPECIALIDADE="" NIVEL-CURSO="MESTRADO_DOUTORADO"/><INFORMACAO-ADICIONAL-CURSO CODIGO-CURSO="31020364" CODIGO-ORGAO="" NOME-ORGAO="" CODIGO-INSTITUICAO="000500000000" NOME-INSTITUICAO="Universidade Federal Fluminense" NOME-GRANDE-AREA-DO-CONHECIMENTO="ENGENHARIAS" NOME-DA-AREA-DO-CONHECIMENTO="Engenharia Mecânica" NOME-DA-SUB-AREA-DO-CONHECIMENTO="" NOME-DA-ESPECIALIDADE="" NIVEL-CURSO="MESTRADO_DOUTORADO"/><INFORMACAO-ADICIONAL-CURSO CODIGO-CURSO="90000000" CODIGO-ORGAO="" NOME-ORGAO="" CODIGO-INSTITUICAO="000500000000" NOME-INSTITUICAO="Universidade Federal Fluminense" NOME-GRANDE-AREA-DO-CONHECIMENTO="CIENCIAS_EXATAS_E_DA_TERRA" NOME-DA-AREA-DO-CONHECIMENTO="Física" NOME-DA-SUB-AREA-DO-CONHECIMENTO="" NOME-DA-ESPECIALIDADE="" NIVEL-CURSO="GRADUACAO"/><INFORMACAO-ADICIONAL-CURSO CODIGO-CURSO="90000001" CODIGO-ORGAO="" NOME-ORGAO="" CODIGO-INSTITUICAO="000100000991" NOME-INSTITUICAO="Colégio Casimiro de Abreu" NOME-GRANDE-AREA-DO-CONHECIMENTO="CIENCIAS_SOCIAIS_APLICADAS" NOME-DA-AREA-DO-CONHECIMENTO="Administração" NOME-DA-SUB-AREA-DO-CONHECIMENTO="" NOME-DA-ESPECIALIDADE="" NIVEL-CURSO="OT"/><INFORMACAO-ADICIONAL-CURSO CODIGO-CURSO="90000002" CODIGO-ORGAO="" NOME-ORGAO="" CODIGO-INSTITUICAO="985606880727" NOME-INSTITUICAO="Fundação Centro de Ciências e Educação Superior à Distância do Estado do RJ" NOME-GRANDE-AREA-DO-CONHECIMENTO="CIENCIAS_HUMANAS" NOME-DA-AREA-DO-CONHECIMENTO="Educação" NOME-DA-SUB-AREA-DO-CONHECIMENTO="ENSINO A DISTÂNCIA" NOME-DA-ESPECIALIDADE="" NIVEL-CURSO="CURSO_DE_CURTA_DURACAO"/></INFORMACOES-ADICIONAIS-CURSOS></DADOS-COMPLEMENTARES><eventos/><DADOS-GERAIS-COMPLEMENTO><DATA-VALIDACAO>1477656371000</DATA-VALIDACAO><DATA-ATUALIZACAO-CURRICULO>1477656371000</DATA-ATUALIZACAO-CURRICULO><EMAIL-ALTERNATIVO>rosembergue@if.uff.br</EMAIL-ALTERNATIVO><IDIOMA-CURRICULO>PT</IDIOMA-CURRICULO><VERSAO-INGLES>N</VERSAO-INGLES><VALIDADO-SRF>S</VALIDADO-SRF></DADOS-GERAIS-COMPLEMENTO></CURRICULO-VITAE>