<CURRICULO-VITAE SISTEMA-ORIGEM-XML="LATTES_OFFLINE" NUMERO-IDENTIFICADOR="4001262323489703" FORMATO-DATA-ATUALIZACAO="DDMMAAAA" DATA-ATUALIZACAO="15122016" FORMATO-HORA-ATUALIZACAO="HHMMSS" HORA-ATUALIZACAO="183007"><DADOS-GERAIS NOME-COMPLETO="Rodrigo Linhares Lauria" NOME-EM-CITACOES-BIBLIOGRAFICAS="LAURIA, R. L." NACIONALIDADE="B" PAIS-DE-NASCIMENTO="Brasil" FORMATO-DATA-DE-NASCIMENTO="DDMMAAAA" FORMATO-DATA-DE-EMISSAO="DDMMAAAA" PERMISSAO-DE-DIVULGACAO="NAO" DATA-FALECIMENTO="" SIGLA-PAIS-NACIONALIDADE="BRA" PAIS-DE-NACIONALIDADE="Brasil"><RESUMO-CV TEXTO-RESUMO-CV-RH="Mestre em Gestão e Estratégia em Negócios pela Universidade Federal Rural do Rio de Janeiro, graduado em Engenharia Mecânica pela Universidade Federal do Rio de Janeiro. Atualmente é professor do Curso de Administração da UFRJ e professor do Curso de Engenharia de Produção da UNISUAM, e até final de 2015 Gerente de Fabricação da fábrica de pneus de ônibus e caminhão da Companhia Brasileira de Pneumáticos Michelin. Dezesseis anos de experiência profissional bem diversificada, adquirida na área industrial de grandes empresas, atuando na área de Organização &amp;amp; Métodos, análise e gestão de projetos, implantação e gerência do programa de lean manufacturing (Manufatura enxuta) e gestão da produção. Forte atuação na coordenação de equipes técnicas, de produção e de gestão industrial. Na docência, cinco anos e meio de experiência como professor universitário de diversas matérias do curso de engenharia de produção e administração." TEXTO-RESUMO-CV-RH-EN="bachelor's at Engenharia Mecânica from Universidade Federal do Rio de Janeiro (2000)."/><ENDERECO FLAG-DE-PREFERENCIA="ENDERECO_RESIDENCIAL"><ENDERECO-PROFISSIONAL CODIGO-INSTITUICAO-EMPRESA="905900000005" NOME-INSTITUICAO-EMPRESA="Companhia Brasileira de Pneumáticos Michelin" CODIGO-ORGAO="905901000998" NOME-ORGAO="OPL" CODIGO-UNIDADE="" NOME-UNIDADE="" LOGRADOURO-COMPLEMENTO="Estrada da Cachamorra 5000" PAIS="" UF="" CEP="" CIDADE="" BAIRRO="Campo Grande" DDD="" TELEFONE="" RAMAL="" FAX="" E-MAIL="rodrigo_lauria@yahoo.com.br" HOME-PAGE=""/></ENDERECO><FORMACAO-ACADEMICA-TITULACAO><GRADUACAO SEQUENCIA-FORMACAO="1" NIVEL="1" TITULO-DO-TRABALHO-DE-CONCLUSAO-DE-CURSO="Usando o software MATHEMÁTICA no ensino de compressores" NOME-DO-ORIENTADOR="" CODIGO-INSTITUICAO="020200000009" NOME-INSTITUICAO="Universidade Federal do Rio de Janeiro" CODIGO-ORGAO="" NOME-ORGAO="" CODIGO-CURSO="90000000" NOME-CURSO="Engenharia Mecânica" CODIGO-AREA-CURSO="90000000" STATUS-DO-CURSO="CONCLUIDO" ANO-DE-INICIO="1996" ANO-DE-CONCLUSAO="2000" FLAG-BOLSA="NAO" CODIGO-AGENCIA-FINANCIADORA="" NOME-AGENCIA="" NUMERO-ID-ORIENTADOR="" CODIGO-CURSO-CAPES="" TITULO-DO-TRABALHO-DE-CONCLUSAO-DE-CURSO-INGLES="" NOME-CURSO-INGLES="" FORMACAO-ACADEMICA-TITULACAO="" TIPO-GRADUACAO="" CODIGO-INSTITUICAO-GRAD="" NOME-INSTITUICAO-GRAD="" CODIGO-INSTITUICAO-OUTRA-GRAD="" NOME-INSTITUICAO-OUTRA-GRAD="" NOME-ORIENTADOR-GRAD=""/><MESTRADO SEQUENCIA-FORMACAO="2" NIVEL="3" CODIGO-INSTITUICAO="021100000005" NOME-INSTITUICAO="Universidade Federal Rural do Rio de Janeiro" CODIGO-ORGAO="" NOME-ORGAO="" CODIGO-CURSO="90000001" NOME-CURSO="Gestão e Estratégia em Negócios" CODIGO-AREA-CURSO="90000001" STATUS-DO-CURSO="CONCLUIDO" ANO-DE-INICIO="2007" ANO-DE-CONCLUSAO="2009" FLAG-BOLSA="NAO" CODIGO-AGENCIA-FINANCIADORA="" NOME-AGENCIA="" ANO-DE-OBTENCAO-DO-TITULO="2009" TITULO-DA-DISSERTACAO-TESE="Competências Necessárias à Implantação dos Grupos Semi-Autônomos: Um Estudo de Caso dos Hiatos em Relação à Metodologia de Implantação de uma Multinacional Francesa" NOME-COMPLETO-DO-ORIENTADOR="Antônio Martinez Fandiño" TIPO-MESTRADO="" NUMERO-ID-ORIENTADOR="5027644833562476" CODIGO-CURSO-CAPES="" TITULO-DA-DISSERTACAO-TESE-INGLES="" NOME-CURSO-INGLES="" NOME-DO-CO-ORIENTADOR="" CODIGO-INSTITUICAO-DOUT="" NOME-INSTITUICAO-DOUT="" CODIGO-INSTITUICAO-OUTRA-DOUT="" NOME-INSTITUICAO-OUTRA-DOUT="" NOME-ORIENTADOR-DOUT=""><PALAVRAS-CHAVE PALAVRA-CHAVE-1="Trabalhadores Autônomos" PALAVRA-CHAVE-2="Comportamento Organizacional" PALAVRA-CHAVE-3="Competências" PALAVRA-CHAVE-4="" PALAVRA-CHAVE-5="" PALAVRA-CHAVE-6=""/><AREAS-DO-CONHECIMENTO><AREA-DO-CONHECIMENTO-1 NOME-GRANDE-AREA-DO-CONHECIMENTO="CIENCIAS_SOCIAIS_APLICADAS" NOME-DA-AREA-DO-CONHECIMENTO="" NOME-DA-SUB-AREA-DO-CONHECIMENTO="" NOME-DA-ESPECIALIDADE=""/><AREA-DO-CONHECIMENTO-2 NOME-GRANDE-AREA-DO-CONHECIMENTO="ENGENHARIAS" NOME-DA-AREA-DO-CONHECIMENTO="Engenharia de Produção" NOME-DA-SUB-AREA-DO-CONHECIMENTO="" NOME-DA-ESPECIALIDADE=""/></AREAS-DO-CONHECIMENTO><SETORES-DE-ATIVIDADE SETOR-DE-ATIVIDADE-1="Indústrias de Transformação" SETOR-DE-ATIVIDADE-2="" SETOR-DE-ATIVIDADE-3=""/><conceitoCapes/></MESTRADO></FORMACAO-ACADEMICA-TITULACAO><ATUACOES-PROFISSIONAIS><ATUACAO-PROFISSIONAL CODIGO-INSTITUICAO="905900000005" NOME-INSTITUICAO="Companhia Brasileira de Pneumáticos Michelin" SEQUENCIA-ATIVIDADE="2" SEQUENCIA-IMPORTANCIA=""><VINCULOS SEQUENCIA-HISTORICO="1" TIPO-DE-VINCULO="COLABORADOR" ENQUADRAMENTO-FUNCIONAL="LIVRE" CARGA-HORARIA-SEMANAL="44" FLAG-DEDICACAO-EXCLUSIVA="NAO" MES-INICIO="12" ANO-INICIO="2004" MES-FIM="05" ANO-FIM="2008" OUTRAS-INFORMACOES="Responsável por gerenciar e desenvolver sobre os planos técnicos e humanos, as ações para atender o previsto no programa diretor de produção de pneus, respeitando os Sistemas de Qualidade, de Gestão Ambiental e de Segurança. Responsável pela gestão do orçamento (Budget), investimentos, pessoal, qualidade, produção, segurança, rendimento e etc. Na área de pessoal, responsável pela implantação dos Grupos Semi Autônomos (GSA) no setor, mudança de paradigma da gestão industrial e BIB Standard (5S). Tendo como grande realização, o start-up dos novos equipamentos do setor (Ramp-up), considerado melhor prática mundial do grupo. Sendo este trabalho, com sua metodologia implementada e resultados, apresentado a todos os níveis hierárquicos da MICHELIN Mundial." FLAG-VINCULO-EMPREGATICIO="SIM" OUTRO-VINCULO-INFORMADO="" OUTRO-ENQUADRAMENTO-FUNCIONAL-INFORMADO="Chefe de Setor" OUTRO-ENQUADRAMENTO-FUNCIONAL-INFORMADO-INGLES="" OUTRAS-INFORMACOES-INGLES=""/><VINCULOS SEQUENCIA-HISTORICO="2" TIPO-DE-VINCULO="COLABORADOR" ENQUADRAMENTO-FUNCIONAL="LIVRE" CARGA-HORARIA-SEMANAL="44" FLAG-DEDICACAO-EXCLUSIVA="NAO" MES-INICIO="05" ANO-INICIO="2008" MES-FIM="01" ANO-FIM="2010" OUTRAS-INFORMACOES="Responsável pela implantação do conjunto corporativo de ferramentas de otimização de operações (lean manufacturing), chamado de Michelin Manufacturing Way (BIB Standard (5S), MQP (KAISEN), GSA e outras), na nova fábrica de pneus de engenharia civil em Campo Grande e responsável América do Sul pela ferramenta BIB Ramp-up, que visa otimizar a partida dos novos equipamentos. Sendo reconhecido pela presidência da América do Sul, em função do domínio, coordenação e ajuda prestados na implantação destas ferramentas." FLAG-VINCULO-EMPREGATICIO="SIM" OUTRO-VINCULO-INFORMADO="" OUTRO-ENQUADRAMENTO-FUNCIONAL-INFORMADO="Coordenador Lean Manufacturing - MMW" OUTRO-ENQUADRAMENTO-FUNCIONAL-INFORMADO-INGLES="" OUTRAS-INFORMACOES-INGLES=""/><VINCULOS SEQUENCIA-HISTORICO="3" TIPO-DE-VINCULO="COLABORADOR" ENQUADRAMENTO-FUNCIONAL="LIVRE" CARGA-HORARIA-SEMANAL="44" FLAG-DEDICACAO-EXCLUSIVA="NAO" MES-INICIO="12" ANO-INICIO="2002" MES-FIM="12" ANO-FIM="2004" OUTRAS-INFORMACOES="Trabalhando nas análises dos projetos de expansão e melhoria da produtividade, nas definições dos equipamentos necessários, efetivo, análises financeiras e cálculos de rentabilidade. Definindo também os planos (anual e quinquenal) da fábrica" FLAG-VINCULO-EMPREGATICIO="SIM" OUTRO-VINCULO-INFORMADO="" OUTRO-ENQUADRAMENTO-FUNCIONAL-INFORMADO="Engenheiro Industrial Sênior" OUTRO-ENQUADRAMENTO-FUNCIONAL-INFORMADO-INGLES="" OUTRAS-INFORMACOES-INGLES=""/><VINCULOS SEQUENCIA-HISTORICO="4" TIPO-DE-VINCULO="COLABORADOR" ENQUADRAMENTO-FUNCIONAL="LIVRE" CARGA-HORARIA-SEMANAL="44" FLAG-DEDICACAO-EXCLUSIVA="NAO" MES-INICIO="07" ANO-INICIO="2000" MES-FIM="11" ANO-FIM="2002" OUTRAS-INFORMACOES="Organização e métodos (análise e otimização de postos de trabalho), cálculos de capacidade, efetivo e lay-out." FLAG-VINCULO-EMPREGATICIO="SIM" OUTRO-VINCULO-INFORMADO="" OUTRO-ENQUADRAMENTO-FUNCIONAL-INFORMADO="Engenheiro Industrial Pleno" OUTRO-ENQUADRAMENTO-FUNCIONAL-INFORMADO-INGLES="" OUTRAS-INFORMACOES-INGLES=""/><VINCULOS SEQUENCIA-HISTORICO="5" TIPO-DE-VINCULO="COLABORADOR" ENQUADRAMENTO-FUNCIONAL="LIVRE" CARGA-HORARIA-SEMANAL="40" FLAG-DEDICACAO-EXCLUSIVA="NAO" MES-INICIO="02" ANO-INICIO="2010" MES-FIM="01" ANO-FIM="2015" OUTRAS-INFORMACOES="Responsável pela gestão do departamento de preparação, tendo uma equipe de 11 chefes de produção, 1 chefe de qualidade, 17 técnicos e 240 operadores. Atuando nos indicadores de segurança, perda matéria, budget, produtividade, produção, eficiência, não qualidade, na contratação/ formação da equipe entre outros. Tendo como principais conquistas, a geração de uma economia de mais de R$ 1.000.000 nos indicadores de budget e perda matéria, posicionando este departamento entre as melhores usinas do grupo e ao mesmo tempo, tendo evoluído em mais de 10% a capacidade do equipamento gargalo. Em seguida, além de perenizar a economia realizada em budget e perda matéria, aumentou a capacidade de seu departamento em 55%, implantando os equipamentos referentes ao projeto de expansão da fábrica, concomitantemente a pilotagem da equipe na busca de melhorias de produtividade, que fizeram o departamento 35% mais produtivo e, com o objetivo de manter a dinâmica de melhoria da performance foi implementado a primeira etapa do programa de Organização Responsabilizante. Em seguida, a coordenação do ramp-up dos novos equipamentos, avaliados em mais de 20 M$, mantendo sob controle os indicadores de performance da marcha corrente (um dos maiores desafios das expansões), foi o primeiro departamento a implantar a segunda etapa do programa de Organização Responsabilizante, além de buscar e concretizar um ganho suplementar de produtivi" FLAG-VINCULO-EMPREGATICIO="SIM" OUTRO-VINCULO-INFORMADO="" OUTRO-ENQUADRAMENTO-FUNCIONAL-INFORMADO="Gerente de Produção" OUTRO-ENQUADRAMENTO-FUNCIONAL-INFORMADO-INGLES="" OUTRAS-INFORMACOES-INGLES=""/><atividadesProfissionaisPlanificadas/></ATUACAO-PROFISSIONAL><ATUACAO-PROFISSIONAL CODIGO-INSTITUICAO="173700000005" NOME-INSTITUICAO="Universidade Iguaçu" SEQUENCIA-ATIVIDADE="3" SEQUENCIA-IMPORTANCIA=""><VINCULOS SEQUENCIA-HISTORICO="1" TIPO-DE-VINCULO="LIVRE" ENQUADRAMENTO-FUNCIONAL="LIVRE" CARGA-HORARIA-SEMANAL="6" FLAG-DEDICACAO-EXCLUSIVA="NAO" MES-INICIO="01" ANO-INICIO="2009" MES-FIM="06" ANO-FIM="2010" OUTRAS-INFORMACOES="Professor de Planejamento Estratégico da Produção: Princípios de Porter, funções da produção no planejamento estratégico, modelagem do planejamento estratégico e Balanced Scorecard (BSC). Como Coordenador MMW fui responsável pela organização e animação do Planejamento Estratégico de minha unidade, desta forma podendo levar à sala de aula esta experiência." FLAG-VINCULO-EMPREGATICIO="NAO" OUTRO-VINCULO-INFORMADO="Professor" OUTRO-ENQUADRAMENTO-FUNCIONAL-INFORMADO="Professor" OUTRO-ENQUADRAMENTO-FUNCIONAL-INFORMADO-INGLES="" OUTRAS-INFORMACOES-INGLES=""/><ATIVIDADES-DE-ENSINO><ENSINO SEQUENCIA-FUNCAO-ATIVIDADE="1" FLAG-PERIODO="ANTERIOR" TIPO-ENSINO="GRADUACAO" MES-INICIO="01" ANO-INICIO="2009" MES-FIM="06" ANO-FIM="2010" CODIGO-ORGAO="" NOME-ORGAO="" CODIGO-CURSO="90000005" NOME-CURSO="Planejamento Estratégico da Produção" NOME-CURSO-INGLES=""><DISCIPLINA SEQUENCIA-ESPECIFICACAO="1">Planejamento Estratégico da Produção</DISCIPLINA></ENSINO></ATIVIDADES-DE-ENSINO><atividadesProfissionaisPlanificadas/></ATUACAO-PROFISSIONAL><ATUACAO-PROFISSIONAL CODIGO-INSTITUICAO="201900000008" NOME-INSTITUICAO="Centro Universitário Augusto Motta" SEQUENCIA-ATIVIDADE="4" SEQUENCIA-IMPORTANCIA=""><VINCULOS SEQUENCIA-HISTORICO="1" TIPO-DE-VINCULO="LIVRE" ENQUADRAMENTO-FUNCIONAL="LIVRE" CARGA-HORARIA-SEMANAL="12" FLAG-DEDICACAO-EXCLUSIVA="NAO" MES-INICIO="02" ANO-INICIO="2012" MES-FIM="" ANO-FIM="" OUTRAS-INFORMACOES="Matérias: Planejamento e Controle da Produção e Engenharia Econômica, Engenharia de Métodos e Produtividade, Projeto e Operação de Sistemas Produtivos, Ciência dos Materiais e Engenharia do Produto." FLAG-VINCULO-EMPREGATICIO="SIM" OUTRO-VINCULO-INFORMADO="Professor" OUTRO-ENQUADRAMENTO-FUNCIONAL-INFORMADO="Professor" OUTRO-ENQUADRAMENTO-FUNCIONAL-INFORMADO-INGLES="" OUTRAS-INFORMACOES-INGLES=""/><atividadesProfissionaisPlanificadas/></ATUACAO-PROFISSIONAL><ATUACAO-PROFISSIONAL CODIGO-INSTITUICAO="020200000009" NOME-INSTITUICAO="Universidade Federal do Rio de Janeiro" SEQUENCIA-ATIVIDADE="5" SEQUENCIA-IMPORTANCIA="4"><VINCULOS SEQUENCIA-HISTORICO="1" TIPO-DE-VINCULO="LIVRE" ENQUADRAMENTO-FUNCIONAL="LIVRE" CARGA-HORARIA-SEMANAL="20" FLAG-DEDICACAO-EXCLUSIVA="NAO" MES-INICIO="11" ANO-INICIO="2015" MES-FIM="" ANO-FIM="" OUTRAS-INFORMACOES="Professor da Faculdade de Administração da UFRJ, ministrando a matéria Simulação e Modelagem de Sistemas fundamentada na teoria de Gerenciamento de Processos de Negócios (BPM)." FLAG-VINCULO-EMPREGATICIO="SIM" OUTRO-VINCULO-INFORMADO="Professor Substituto" OUTRO-ENQUADRAMENTO-FUNCIONAL-INFORMADO="Professor Assistente Classe A" OUTRO-ENQUADRAMENTO-FUNCIONAL-INFORMADO-INGLES="" OUTRAS-INFORMACOES-INGLES=""/><atividadesProfissionaisPlanificadas/></ATUACAO-PROFISSIONAL></ATUACOES-PROFISSIONAIS><IDIOMAS><IDIOMA IDIOMA="FR" DESCRICAO-DO-IDIOMA="Francês" PROFICIENCIA-DE-LEITURA="BEM" PROFICIENCIA-DE-FALA="BEM" PROFICIENCIA-DE-ESCRITA="RAZOAVELMENTE" PROFICIENCIA-DE-COMPREENSAO="BEM"/><IDIOMA IDIOMA="EN" DESCRICAO-DO-IDIOMA="Inglês" PROFICIENCIA-DE-LEITURA="BEM" PROFICIENCIA-DE-FALA="BEM" PROFICIENCIA-DE-ESCRITA="RAZOAVELMENTE" PROFICIENCIA-DE-COMPREENSAO="BEM"/></IDIOMAS><PREMIOS-TITULOS><PREMIO-TITULO NOME-DO-PREMIO-OU-TITULO="Implantação do MQP - Management Quotidien de la Performance (Gestão Visual)" NOME-DA-ENTIDADE-PROMOTORA="Michelin" ANO-DA-PREMIACAO="2009" NOME-DO-PREMIO-OU-TITULO-INGLES=""/></PREMIOS-TITULOS><staValidado/><dataExibicao/><dadosBolsista/></DADOS-GERAIS><PRODUCAO-BIBLIOGRAFICA><TRABALHOS-EM-EVENTOS><TRABALHO-EM-EVENTOS SEQUENCIA-PRODUCAO="1"><DADOS-BASICOS-DO-TRABALHO NATUREZA="COMPLETO" TITULO-DO-TRABALHO="Otimização no Dimensionamento de Lotes de Produção Restringido pela Área de Estocagem" ANO-DO-TRABALHO="2006" PAIS-DO-EVENTO="Brasil" IDIOMA="Português" MEIO-DE-DIVULGACAO="VARIOS" HOME-PAGE-DO-TRABALHO="" FLAG-RELEVANCIA="SIM" DOI="" TITULO-DO-TRABALHO-INGLES="" FLAG-DIVULGACAO-CIENTIFICA="NAO"/><DETALHAMENTO-DO-TRABALHO CLASSIFICACAO-DO-EVENTO="NACIONAL" NOME-DO-EVENTO="XXVI ENEGEP" CIDADE-DO-EVENTO="Fortaleza" ANO-DE-REALIZACAO="2006" TITULO-DOS-ANAIS-OU-PROCEEDINGS="XXVI ENEGEP" VOLUME="" FASCICULO="" SERIE="" PAGINA-INICIAL="" PAGINA-FINAL="" ISBN="" NOME-DA-EDITORA="Oficina das Letras" CIDADE-DA-EDITORA="Rio de Janeiro" NOME-DO-EVENTO-INGLES=""/><AUTORES NOME-COMPLETO-DO-AUTOR="Rodrigo Linhares Lauria" NOME-PARA-CITACAO="LAURIA, R. L." ORDEM-DE-AUTORIA="1" NRO-ID-CNPQ="4001262323489703"/><AUTORES NOME-COMPLETO-DO-AUTOR="Alexandre Paranhos Bastos" NOME-PARA-CITACAO="BASTOS, A. P." ORDEM-DE-AUTORIA="2" NRO-ID-CNPQ=""/></TRABALHO-EM-EVENTOS><TRABALHO-EM-EVENTOS SEQUENCIA-PRODUCAO="4"><DADOS-BASICOS-DO-TRABALHO NATUREZA="COMPLETO" TITULO-DO-TRABALHO="Incentivos e motivação: Um Caso de uma Multinacional que Reduziu a duração de seu Ramp-up em 90%" ANO-DO-TRABALHO="2008" PAIS-DO-EVENTO="Brasil" IDIOMA="Português" MEIO-DE-DIVULGACAO="VARIOS" HOME-PAGE-DO-TRABALHO="[http://publicacoes.abepro.org.br/]" FLAG-RELEVANCIA="SIM" DOI="" TITULO-DO-TRABALHO-INGLES="" FLAG-DIVULGACAO-CIENTIFICA="NAO"/><DETALHAMENTO-DO-TRABALHO CLASSIFICACAO-DO-EVENTO="NACIONAL" NOME-DO-EVENTO="XXVIII Encontro Nacional de Engenharia de Produção" CIDADE-DO-EVENTO="Rio de Janeiro" ANO-DE-REALIZACAO="2008" TITULO-DOS-ANAIS-OU-PROCEEDINGS="Anais Enegep" VOLUME="" FASCICULO="" SERIE="" PAGINA-INICIAL="" PAGINA-FINAL="" ISBN="" NOME-DA-EDITORA="" CIDADE-DA-EDITORA="" NOME-DO-EVENTO-INGLES=""/><AUTORES NOME-COMPLETO-DO-AUTOR="Rodrigo Linhares Lauria" NOME-PARA-CITACAO="LAURIA, R. L." ORDEM-DE-AUTORIA="1" NRO-ID-CNPQ="4001262323489703"/></TRABALHO-EM-EVENTOS><TRABALHO-EM-EVENTOS SEQUENCIA-PRODUCAO="5"><DADOS-BASICOS-DO-TRABALHO NATUREZA="COMPLETO" TITULO-DO-TRABALHO="Motivação como diferencial nos resultados financeiros e operacionais em projetos: o caso de uma multinacional francesa" ANO-DO-TRABALHO="2008" PAIS-DO-EVENTO="Brasil" IDIOMA="Português" MEIO-DE-DIVULGACAO="MEIO_MAGNETICO" HOME-PAGE-DO-TRABALHO="[http://www.abepro.org.br/biblioteca/enegep2008_TN_STO_076_538_10956.pdf]" FLAG-RELEVANCIA="SIM" DOI="" TITULO-DO-TRABALHO-INGLES="" FLAG-DIVULGACAO-CIENTIFICA="NAO"/><DETALHAMENTO-DO-TRABALHO CLASSIFICACAO-DO-EVENTO="NACIONAL" NOME-DO-EVENTO="ENEGEP" CIDADE-DO-EVENTO="Rio de Janeiro" ANO-DE-REALIZACAO="2008" TITULO-DOS-ANAIS-OU-PROCEEDINGS="A integração de cadeias produtivas com a abordagem da manufatura sustentável" VOLUME="" FASCICULO="" SERIE="" PAGINA-INICIAL="" PAGINA-FINAL="" ISBN="" NOME-DA-EDITORA="" CIDADE-DA-EDITORA="" NOME-DO-EVENTO-INGLES=""/><AUTORES NOME-COMPLETO-DO-AUTOR="Rodrigo Linhares Lauria" NOME-PARA-CITACAO="LAURIA, R. L." ORDEM-DE-AUTORIA="1" NRO-ID-CNPQ="4001262323489703"/><AUTORES NOME-COMPLETO-DO-AUTOR="Estela Guimarães Santos Nunes" NOME-PARA-CITACAO="NUNES, E. G. S." ORDEM-DE-AUTORIA="2" NRO-ID-CNPQ=""/><AUTORES NOME-COMPLETO-DO-AUTOR="Marcelo Alvaro da Silva Macedo" NOME-PARA-CITACAO="MACEDO, M. A. S." ORDEM-DE-AUTORIA="3" NRO-ID-CNPQ="4195343422847965"/><PALAVRAS-CHAVE PALAVRA-CHAVE-1="Analise de Projetos" PALAVRA-CHAVE-2="Motivação" PALAVRA-CHAVE-3="Resultados Financeiros e Operacionais" PALAVRA-CHAVE-4="" PALAVRA-CHAVE-5="" PALAVRA-CHAVE-6=""/><AREAS-DO-CONHECIMENTO><AREA-DO-CONHECIMENTO-1 NOME-GRANDE-AREA-DO-CONHECIMENTO="CIENCIAS_SOCIAIS_APLICADAS" NOME-DA-AREA-DO-CONHECIMENTO="" NOME-DA-SUB-AREA-DO-CONHECIMENTO="" NOME-DA-ESPECIALIDADE=""/><AREA-DO-CONHECIMENTO-2 NOME-GRANDE-AREA-DO-CONHECIMENTO="ENGENHARIAS" NOME-DA-AREA-DO-CONHECIMENTO="Engenharia de Produção" NOME-DA-SUB-AREA-DO-CONHECIMENTO="" NOME-DA-ESPECIALIDADE=""/></AREAS-DO-CONHECIMENTO><SETORES-DE-ATIVIDADE SETOR-DE-ATIVIDADE-1="Indústrias de Transformação" SETOR-DE-ATIVIDADE-2="" SETOR-DE-ATIVIDADE-3=""/></TRABALHO-EM-EVENTOS><TRABALHO-EM-EVENTOS SEQUENCIA-PRODUCAO="2"><DADOS-BASICOS-DO-TRABALHO NATUREZA="COMPLETO" TITULO-DO-TRABALHO="Tecnologia da Informação nas Organizações Responsabilizantes: um Estudo das Dificuldades de Implantação" ANO-DO-TRABALHO="2007" PAIS-DO-EVENTO="Brasil" IDIOMA="Português" MEIO-DE-DIVULGACAO="MEIO_MAGNETICO" HOME-PAGE-DO-TRABALHO="" FLAG-RELEVANCIA="SIM" DOI="" TITULO-DO-TRABALHO-INGLES="" FLAG-DIVULGACAO-CIENTIFICA="NAO"/><DETALHAMENTO-DO-TRABALHO CLASSIFICACAO-DO-EVENTO="NACIONAL" NOME-DO-EVENTO="SIMPÓSIO DE EXCELÊNCIA EM GESTÃO E TECNOLOGIA (SEGET)" CIDADE-DO-EVENTO="Resende" ANO-DE-REALIZACAO="2007" TITULO-DOS-ANAIS-OU-PROCEEDINGS="Anais do SEGET 2007" VOLUME="" FASCICULO="" SERIE="" PAGINA-INICIAL="" PAGINA-FINAL="" ISBN="" NOME-DA-EDITORA="" CIDADE-DA-EDITORA="" NOME-DO-EVENTO-INGLES=""/><AUTORES NOME-COMPLETO-DO-AUTOR="Rodrigo Linhares Lauria" NOME-PARA-CITACAO="LAURIA, R. L." ORDEM-DE-AUTORIA="1" NRO-ID-CNPQ="4001262323489703"/><AUTORES NOME-COMPLETO-DO-AUTOR="Alexandre Paranhos Bastos" NOME-PARA-CITACAO="BASTOS, A. P." ORDEM-DE-AUTORIA="2" NRO-ID-CNPQ=""/></TRABALHO-EM-EVENTOS></TRABALHOS-EM-EVENTOS></PRODUCAO-BIBLIOGRAFICA><PRODUCAO-TECNICA><SOFTWARE SEQUENCIA-PRODUCAO="15"><DADOS-BASICOS-DO-SOFTWARE NATUREZA="NAO_INFORMADO" TITULO-DO-SOFTWARE="Gestão do Rendimento dos Equipamentos (TRS - Taxa de Rendimento Sintético)" ANO="2005" PAIS="Brasil" IDIOMA="" MEIO-DE-DIVULGACAO="MEIO_DIGITAL" HOME-PAGE-DO-TRABALHO="" FLAG-RELEVANCIA="NAO" DOI="" TITULO-DO-SOFTWARE-INGLES="" FLAG-DIVULGACAO-CIENTIFICA="NAO" FLAG-POTENCIAL-INOVACAO="NAO"/><DETALHAMENTO-DO-SOFTWARE FINALIDADE="Registrar e dar suporte a análise do rendimento de um determinado equipamento." PLATAFORMA="Excel" AMBIENTE="Windows" DISPONIBILIDADE="NAO_INFORMADO" INSTITUICAO-FINANCIADORA="Michelin" FINALIDADE-INGLES=""/><AUTORES NOME-COMPLETO-DO-AUTOR="Rodrigo Linhares Lauria" NOME-PARA-CITACAO="LAURIA, R. L." ORDEM-DE-AUTORIA="1" NRO-ID-CNPQ="4001262323489703"/></SOFTWARE><SOFTWARE SEQUENCIA-PRODUCAO="16"><DADOS-BASICOS-DO-SOFTWARE NATUREZA="NAO_INFORMADO" TITULO-DO-SOFTWARE="Acompanhamento diário dos Estoques e Carregamento dos Equipamentos." ANO="2011" PAIS="Brasil" IDIOMA="" MEIO-DE-DIVULGACAO="MEIO_DIGITAL" HOME-PAGE-DO-TRABALHO="" FLAG-RELEVANCIA="NAO" DOI="" TITULO-DO-SOFTWARE-INGLES="" FLAG-DIVULGACAO-CIENTIFICA="NAO" FLAG-POTENCIAL-INOVACAO="NAO"/><DETALHAMENTO-DO-SOFTWARE FINALIDADE="Dar visibilidade do Estoque dimensional por máquina e nível de carregamento exigido, desta forma antecipando possível perdas de produção por falta de capaciade." PLATAFORMA="Excel" AMBIENTE="Windows" DISPONIBILIDADE="NAO_INFORMADO" INSTITUICAO-FINANCIADORA="Michelin" FINALIDADE-INGLES=""/><AUTORES NOME-COMPLETO-DO-AUTOR="Rodrigo Linhares Lauria" NOME-PARA-CITACAO="LAURIA, R. L." ORDEM-DE-AUTORIA="1" NRO-ID-CNPQ="4001262323489703"/></SOFTWARE><SOFTWARE SEQUENCIA-PRODUCAO="17"><DADOS-BASICOS-DO-SOFTWARE NATUREZA="NAO_INFORMADO" TITULO-DO-SOFTWARE="Programação da Produção em Função dos Estoques, Prazo de Validade e com Produção Intermitente" ANO="2011" PAIS="Brasil" IDIOMA="" MEIO-DE-DIVULGACAO="NAO_INFORMADO" HOME-PAGE-DO-TRABALHO="" FLAG-RELEVANCIA="NAO" DOI="" TITULO-DO-SOFTWARE-INGLES="" FLAG-DIVULGACAO-CIENTIFICA="NAO" FLAG-POTENCIAL-INOVACAO="NAO"/><DETALHAMENTO-DO-SOFTWARE FINALIDADE="Evitar que a seja realizada produção no momento errado, assim gerando produtos fora do prazo máximo possível de utilizaçõ." PLATAFORMA="Excel" AMBIENTE="Windows" DISPONIBILIDADE="NAO_INFORMADO" INSTITUICAO-FINANCIADORA="Michelin" FINALIDADE-INGLES=""/><AUTORES NOME-COMPLETO-DO-AUTOR="Rodrigo Linhares Lauria" NOME-PARA-CITACAO="LAURIA, R. L." ORDEM-DE-AUTORIA="1" NRO-ID-CNPQ="4001262323489703"/></SOFTWARE><SOFTWARE SEQUENCIA-PRODUCAO="14"><DADOS-BASICOS-DO-SOFTWARE NATUREZA="NAO_INFORMADO" TITULO-DO-SOFTWARE="Gestão Diária da Produção" ANO="2005" PAIS="Brasil" IDIOMA="" MEIO-DE-DIVULGACAO="MEIO_MAGNETICO" HOME-PAGE-DO-TRABALHO="" FLAG-RELEVANCIA="NAO" DOI="" TITULO-DO-SOFTWARE-INGLES="" FLAG-DIVULGACAO-CIENTIFICA="NAO" FLAG-POTENCIAL-INOVACAO="NAO"/><DETALHAMENTO-DO-SOFTWARE FINALIDADE="Registrar a produção diária, o os principais problemas, de cada meio de produção de um determinado departamento." PLATAFORMA="Excel" AMBIENTE="Windows" DISPONIBILIDADE="NAO_INFORMADO" INSTITUICAO-FINANCIADORA="Michelin" FINALIDADE-INGLES=""/><AUTORES NOME-COMPLETO-DO-AUTOR="Rodrigo Linhares Lauria" NOME-PARA-CITACAO="LAURIA, R. L." ORDEM-DE-AUTORIA="1" NRO-ID-CNPQ="4001262323489703"/></SOFTWARE><PROCESSOS-OU-TECNICAS SEQUENCIA-PRODUCAO="22"><DADOS-BASICOS-DO-PROCESSOS-OU-TECNICAS NATUREZA="INSTRUMENTAL" TITULO-DO-PROCESSO="Redução em 90% do Ramp-up de 3 equipamentos" ANO="2006" PAIS="Brasil" IDIOMA="Português" MEIO-DE-DIVULGACAO="IMPRESSO" HOME-PAGE-DO-TRABALHO="" FLAG-RELEVANCIA="SIM" DOI="" TITULO-DO-PROCESSO-INGLES="" FLAG-POTENCIAL-INOVACAO="SIM"/><DETALHAMENTO-DO-PROCESSOS-OU-TECNICAS FINALIDADE="Fazer com que os equipamentos comprados e instalados, conseguissem atingir sua produção prevista em tempo recorde." DISPONIBILIDADE="IRRESTRITA" INSTITUICAO-FINANCIADORA="" CIDADE-DO-PROCESSO="Rio de Janeiro" FINALIDADE-INGLES=""/><AUTORES NOME-COMPLETO-DO-AUTOR="Rodrigo Linhares Lauria" NOME-PARA-CITACAO="LAURIA, R. L." ORDEM-DE-AUTORIA="1" NRO-ID-CNPQ="4001262323489703"/><SETORES-DE-ATIVIDADE SETOR-DE-ATIVIDADE-1="Fabricação de produtos de borracha e de material plástico" SETOR-DE-ATIVIDADE-2="Fabricação de produtos diversos" SETOR-DE-ATIVIDADE-3=""/></PROCESSOS-OU-TECNICAS><DEMAIS-TIPOS-DE-PRODUCAO-TECNICA><CURSO-DE-CURTA-DURACAO-MINISTRADO SEQUENCIA-PRODUCAO="8"><DADOS-BASICOS-DE-CURSOS-CURTA-DURACAO-MINISTRADO NIVEL-DO-CURSO="OUTRA" TITULO="Utilização de KANBAN na produção" ANO="2004" PAIS="Brasil" IDIOMA="Português" MEIO-DE-DIVULGACAO="MEIO_DIGITAL" HOME-PAGE-DO-TRABALHO="" FLAG-RELEVANCIA="NAO" DOI="" TITULO-INGLES="" FLAG-DIVULGACAO-CIENTIFICA="NAO"/><DETALHAMENTO-DE-CURSOS-CURTA-DURACAO-MINISTRADO PARTICIPACAO-DOS-AUTORES="DOCENTE" INSTITUICAO-PROMOTORA-DO-CURSO="Sociedade Michelin de Participacões Indust e Comércio" LOCAL-DO-CURSO="Campo Grande" CIDADE="Rio de Janeiro" DURACAO="4" UNIDADE="horas" UNIDADE-INGLES=""/><AUTORES NOME-COMPLETO-DO-AUTOR="Rodrigo Linhares Lauria" NOME-PARA-CITACAO="LAURIA, R. L." ORDEM-DE-AUTORIA="1" NRO-ID-CNPQ="4001262323489703"/><PALAVRAS-CHAVE PALAVRA-CHAVE-1="Planejamento da Produção" PALAVRA-CHAVE-2="Estoques" PALAVRA-CHAVE-3="" PALAVRA-CHAVE-4="" PALAVRA-CHAVE-5="" PALAVRA-CHAVE-6=""/><INFORMACOES-ADICIONAIS DESCRICAO-INFORMACOES-ADICIONAIS="Curso ministrado aos operadores de um determinado setor em que eu tinha um projeto para a implantação do KANBAN. O objetivo deste projeto, era reduzir as perdas geradas por este setor, no processo seguinte, por estoque desbalanceado." DESCRICAO-INFORMACOES-ADICIONAIS-INGLES=""/></CURSO-DE-CURTA-DURACAO-MINISTRADO><CURSO-DE-CURTA-DURACAO-MINISTRADO SEQUENCIA-PRODUCAO="9"><DADOS-BASICOS-DE-CURSOS-CURTA-DURACAO-MINISTRADO NIVEL-DO-CURSO="OUTRA" TITULO="Formação de Metodologia de Resolução Rápida de Problemas para Equipe de Direção" ANO="2009" PAIS="Brasil" IDIOMA="Português" MEIO-DE-DIVULGACAO="MEIO_DIGITAL" HOME-PAGE-DO-TRABALHO="" FLAG-RELEVANCIA="NAO" DOI="" TITULO-INGLES="" FLAG-DIVULGACAO-CIENTIFICA="NAO"/><DETALHAMENTO-DE-CURSOS-CURTA-DURACAO-MINISTRADO PARTICIPACAO-DOS-AUTORES="DOCENTE" INSTITUICAO-PROMOTORA-DO-CURSO="Sociedade Michelin de Participacões Indust e Comércio" LOCAL-DO-CURSO="Fábrica Michelin" CIDADE="Resende" DURACAO="4" UNIDADE="horas" UNIDADE-INGLES=""/><AUTORES NOME-COMPLETO-DO-AUTOR="Rodrigo Linhares Lauria" NOME-PARA-CITACAO="LAURIA, R. L." ORDEM-DE-AUTORIA="1" NRO-ID-CNPQ="4001262323489703"/><PALAVRAS-CHAVE PALAVRA-CHAVE-1="Metodologia de Resolução de Problemas" PALAVRA-CHAVE-2="" PALAVRA-CHAVE-3="" PALAVRA-CHAVE-4="" PALAVRA-CHAVE-5="" PALAVRA-CHAVE-6=""/><INFORMACOES-ADICIONAIS DESCRICAO-INFORMACOES-ADICIONAIS="Curso para utilização, pela equipe de direção, de método de análise rápida e preliminar de um problema, verificando se os standards de produção foram ou não respeitados pelos funcionários envolvidos no problema." DESCRICAO-INFORMACOES-ADICIONAIS-INGLES=""/></CURSO-DE-CURTA-DURACAO-MINISTRADO><CURSO-DE-CURTA-DURACAO-MINISTRADO SEQUENCIA-PRODUCAO="7"><DADOS-BASICOS-DE-CURSOS-CURTA-DURACAO-MINISTRADO NIVEL-DO-CURSO="OUTRA" TITULO="BIB Standard (5´S com Otimização)" ANO="2008" PAIS="Brasil" IDIOMA="Português" MEIO-DE-DIVULGACAO="MEIO_DIGITAL" HOME-PAGE-DO-TRABALHO="" FLAG-RELEVANCIA="NAO" DOI="" TITULO-INGLES="" FLAG-DIVULGACAO-CIENTIFICA="NAO"/><DETALHAMENTO-DE-CURSOS-CURTA-DURACAO-MINISTRADO PARTICIPACAO-DOS-AUTORES="DOCENTE" INSTITUICAO-PROMOTORA-DO-CURSO="Sociedade Michelin de Participacões Indust e Comércio" LOCAL-DO-CURSO="Campo Grande" CIDADE="Rio de Janeiro" DURACAO="5" UNIDADE="dias" UNIDADE-INGLES=""/><AUTORES NOME-COMPLETO-DO-AUTOR="Rodrigo Linhares Lauria" NOME-PARA-CITACAO="LAURIA, R. L." ORDEM-DE-AUTORIA="1" NRO-ID-CNPQ="4001262323489703"/><PALAVRAS-CHAVE PALAVRA-CHAVE-1="Organização" PALAVRA-CHAVE-2="Otimização" PALAVRA-CHAVE-3="" PALAVRA-CHAVE-4="" PALAVRA-CHAVE-5="" PALAVRA-CHAVE-6=""/><INFORMACOES-ADICIONAIS DESCRICAO-INFORMACOES-ADICIONAIS="Metodologia de organização e otimização de um posto de trabalho. O instrutor é responsável em animar um grupo multifiuncional de colaboradores em busca das organizações e otrimizações que tornam o posto em questão mais produtivo, sempre dentro da metodologia prevista. Este mesmo curso foi ministrado por mim 8 vezes entre os anos de 2008 e 2009." DESCRICAO-INFORMACOES-ADICIONAIS-INGLES=""/></CURSO-DE-CURTA-DURACAO-MINISTRADO></DEMAIS-TIPOS-DE-PRODUCAO-TECNICA></PRODUCAO-TECNICA><OUTRA-PRODUCAO><ORIENTACOES-CONCLUIDAS><OUTRAS-ORIENTACOES-CONCLUIDAS SEQUENCIA-PRODUCAO="19"><DADOS-BASICOS-DE-OUTRAS-ORIENTACOES-CONCLUIDAS NATUREZA="TRABALHO_DE_CONCLUSAO_DE_CURSO_GRADUACAO" TIPO="" TITULO="GESTÃO COMPORTAMENTAL EM SEGURANÇA DO TRABALHO" ANO="2014" PAIS="Brasil" IDIOMA="Português" HOME-PAGE="" FLAG-RELEVANCIA="NAO" DOI="" TITULO-INGLES="" TIPO-INGLES=""/><DETALHAMENTO-DE-OUTRAS-ORIENTACOES-CONCLUIDAS NOME-DO-ORIENTADO="Analice Monte de Castro" CODIGO-INSTITUICAO="201900000008" NOME-DA-INSTITUICAO="Centro Universitário Augusto Motta" CODIGO-CURSO="60279583" NOME-DO-CURSO="Engenharia de Produção" FLAG-BOLSA="NAO" CODIGO-AGENCIA-FINANCIADORA="" NOME-DA-AGENCIA="" TIPO-DE-ORIENTACAO-CONCLUIDA="CO_ORIENTADOR" NUMERO-DE-PAGINAS="" NUMERO-ID-ORIENTADO="" NOME-DO-CURSO-INGLES=""/><PALAVRAS-CHAVE PALAVRA-CHAVE-1="Segurança" PALAVRA-CHAVE-2="Comportamento" PALAVRA-CHAVE-3="" PALAVRA-CHAVE-4="" PALAVRA-CHAVE-5="" PALAVRA-CHAVE-6=""/><AREAS-DO-CONHECIMENTO><AREA-DO-CONHECIMENTO-1 NOME-GRANDE-AREA-DO-CONHECIMENTO="ENGENHARIAS" NOME-DA-AREA-DO-CONHECIMENTO="" NOME-DA-SUB-AREA-DO-CONHECIMENTO="" NOME-DA-ESPECIALIDADE=""/><AREA-DO-CONHECIMENTO-2 NOME-GRANDE-AREA-DO-CONHECIMENTO="ENGENHARIAS" NOME-DA-AREA-DO-CONHECIMENTO="Engenharia de Produção" NOME-DA-SUB-AREA-DO-CONHECIMENTO="Gerência de Produção" NOME-DA-ESPECIALIDADE="Higiene e Segurança do Trabalho"/></AREAS-DO-CONHECIMENTO></OUTRAS-ORIENTACOES-CONCLUIDAS><OUTRAS-ORIENTACOES-CONCLUIDAS SEQUENCIA-PRODUCAO="24"><DADOS-BASICOS-DE-OUTRAS-ORIENTACOES-CONCLUIDAS NATUREZA="TRABALHO_DE_CONCLUSAO_DE_CURSO_GRADUACAO" TIPO="" TITULO="Aplicação do Método de Análise e Solução de Problemas (MASP) em um Problema Envolvendo Manutenção e Segurança" ANO="2016" PAIS="Brasil" IDIOMA="Português" HOME-PAGE="" FLAG-RELEVANCIA="NAO" DOI="" TITULO-INGLES="" TIPO-INGLES=""/><DETALHAMENTO-DE-OUTRAS-ORIENTACOES-CONCLUIDAS NOME-DO-ORIENTADO="Wagner da Silva Santos" CODIGO-INSTITUICAO="201900000008" NOME-DA-INSTITUICAO="Centro Universitário Augusto Motta" CODIGO-CURSO="60183098" NOME-DO-CURSO="Engenharia de Produção" FLAG-BOLSA="NAO" CODIGO-AGENCIA-FINANCIADORA="" NOME-DA-AGENCIA="" TIPO-DE-ORIENTACAO-CONCLUIDA="CO_ORIENTADOR" NUMERO-DE-PAGINAS="" NUMERO-ID-ORIENTADO="" NOME-DO-CURSO-INGLES=""/></OUTRAS-ORIENTACOES-CONCLUIDAS><OUTRAS-ORIENTACOES-CONCLUIDAS SEQUENCIA-PRODUCAO="25"><DADOS-BASICOS-DE-OUTRAS-ORIENTACOES-CONCLUIDAS NATUREZA="TRABALHO_DE_CONCLUSAO_DE_CURSO_GRADUACAO" TIPO="" TITULO="Redução do tempo de SETUP em Impressão Offset na indústria gráfica" ANO="2016" PAIS="Brasil" IDIOMA="Português" HOME-PAGE="" FLAG-RELEVANCIA="NAO" DOI="" TITULO-INGLES="" TIPO-INGLES=""/><DETALHAMENTO-DE-OUTRAS-ORIENTACOES-CONCLUIDAS NOME-DO-ORIENTADO="Rafael Faria de Sampaio" CODIGO-INSTITUICAO="201900000008" NOME-DA-INSTITUICAO="Centro Universitário Augusto Motta" CODIGO-CURSO="60183098" NOME-DO-CURSO="Engenharia de Produção" FLAG-BOLSA="NAO" CODIGO-AGENCIA-FINANCIADORA="" NOME-DA-AGENCIA="" TIPO-DE-ORIENTACAO-CONCLUIDA="CO_ORIENTADOR" NUMERO-DE-PAGINAS="" NUMERO-ID-ORIENTADO="" NOME-DO-CURSO-INGLES=""/></OUTRAS-ORIENTACOES-CONCLUIDAS><OUTRAS-ORIENTACOES-CONCLUIDAS SEQUENCIA-PRODUCAO="26"><DADOS-BASICOS-DE-OUTRAS-ORIENTACOES-CONCLUIDAS NATUREZA="TRABALHO_DE_CONCLUSAO_DE_CURSO_GRADUACAO" TIPO="" TITULO="O Impacto de uma Antecipação na execução de um Projeto de Soldagem de Estacas de Fundação Civil em arco Submerso" ANO="2016" PAIS="Brasil" IDIOMA="Português" HOME-PAGE="" FLAG-RELEVANCIA="NAO" DOI="" TITULO-INGLES="" TIPO-INGLES=""/><DETALHAMENTO-DE-OUTRAS-ORIENTACOES-CONCLUIDAS NOME-DO-ORIENTADO="André Luiz Moreira" CODIGO-INSTITUICAO="201900000008" NOME-DA-INSTITUICAO="Centro Universitário Augusto Motta" CODIGO-CURSO="60183098" NOME-DO-CURSO="Engenharia de Produção" FLAG-BOLSA="NAO" CODIGO-AGENCIA-FINANCIADORA="" NOME-DA-AGENCIA="" TIPO-DE-ORIENTACAO-CONCLUIDA="CO_ORIENTADOR" NUMERO-DE-PAGINAS="" NUMERO-ID-ORIENTADO="" NOME-DO-CURSO-INGLES=""/></OUTRAS-ORIENTACOES-CONCLUIDAS><OUTRAS-ORIENTACOES-CONCLUIDAS SEQUENCIA-PRODUCAO="23"><DADOS-BASICOS-DE-OUTRAS-ORIENTACOES-CONCLUIDAS NATUREZA="TRABALHO_DE_CONCLUSAO_DE_CURSO_GRADUACAO" TIPO="" TITULO="INOVAÇÃO E SEGURANÇA ALIMENTAR EM LINHAS DE PRODUÇÃO: Um estudo de caso de uma indústria de panificação de grande porte" ANO="2016" PAIS="Brasil" IDIOMA="Português" HOME-PAGE="" FLAG-RELEVANCIA="NAO" DOI="" TITULO-INGLES="" TIPO-INGLES=""/><DETALHAMENTO-DE-OUTRAS-ORIENTACOES-CONCLUIDAS NOME-DO-ORIENTADO="ANDERSON DE ALBUQUERQUE LIMA" CODIGO-INSTITUICAO="201900000008" NOME-DA-INSTITUICAO="Centro Universitário Augusto Motta" CODIGO-CURSO="60183098" NOME-DO-CURSO="Engenharia de Produção" FLAG-BOLSA="NAO" CODIGO-AGENCIA-FINANCIADORA="" NOME-DA-AGENCIA="" TIPO-DE-ORIENTACAO-CONCLUIDA="CO_ORIENTADOR" NUMERO-DE-PAGINAS="" NUMERO-ID-ORIENTADO="" NOME-DO-CURSO-INGLES=""/></OUTRAS-ORIENTACOES-CONCLUIDAS></ORIENTACOES-CONCLUIDAS></OUTRA-PRODUCAO><DADOS-COMPLEMENTARES><FORMACAO-COMPLEMENTAR><FORMACAO-COMPLEMENTAR-CURSO-DE-CURTA-DURACAO SEQUENCIA-FORMACAO="7" NIVEL="F" CARGA-HORARIA="100" CODIGO-INSTITUICAO="J6KE00000009" NOME-INSTITUICAO="Sociedade Michelin de Participacões Indust e Comércio" CODIGO-ORGAO="" NOME-ORGAO="" CODIGO-CURSO="90000007" NOME-CURSO="Normas ISO9000:2000, ISO TS 16949, ISO 14000" STATUS-DO-CURSO="CONCLUIDO" ANO-DE-INICIO="2001" ANO-DE-CONCLUSAO="2004" NOME-CURSO-INGLES=""/><FORMACAO-COMPLEMENTAR-CURSO-DE-CURTA-DURACAO SEQUENCIA-FORMACAO="15" NIVEL="F" CARGA-HORARIA="160" CODIGO-INSTITUICAO="000300000995" NOME-INSTITUICAO="Michelin França" CODIGO-ORGAO="" NOME-ORGAO="" CODIGO-CURSO="90000017" NOME-CURSO="La Session - Conhecimento de toda a empresa" STATUS-DO-CURSO="CONCLUIDO" ANO-DE-INICIO="2013" ANO-DE-CONCLUSAO="2013" NOME-CURSO-INGLES=""/><FORMACAO-COMPLEMENTAR-CURSO-DE-CURTA-DURACAO SEQUENCIA-FORMACAO="5" NIVEL="F" CARGA-HORARIA="44" CODIGO-INSTITUICAO="J6KE00000009" NOME-INSTITUICAO="Sociedade Michelin de Participacões Indust e Comércio" CODIGO-ORGAO="" NOME-ORGAO="" CODIGO-CURSO="90000004" NOME-CURSO="Animador do Progresso Contínuo" STATUS-DO-CURSO="CONCLUIDO" ANO-DE-INICIO="2004" ANO-DE-CONCLUSAO="2004" NOME-CURSO-INGLES=""/><FORMACAO-COMPLEMENTAR-CURSO-DE-CURTA-DURACAO SEQUENCIA-FORMACAO="9" NIVEL="F" CARGA-HORARIA="88" CODIGO-INSTITUICAO="000200000993" NOME-INSTITUICAO="Michelin Espanha" CODIGO-ORGAO="" NOME-ORGAO="" CODIGO-CURSO="90000010" NOME-CURSO="Projeto de Expansão" STATUS-DO-CURSO="CONCLUIDO" ANO-DE-INICIO="2002" ANO-DE-CONCLUSAO="2002" NOME-CURSO-INGLES=""/><FORMACAO-COMPLEMENTAR-CURSO-DE-CURTA-DURACAO SEQUENCIA-FORMACAO="14" NIVEL="F" CARGA-HORARIA="80" CODIGO-INSTITUICAO="000500000999" NOME-INSTITUICAO="Michelin Canadá" CODIGO-ORGAO="" NOME-ORGAO="" CODIGO-CURSO="90000015" NOME-CURSO="FOrmação Prep Conference" STATUS-DO-CURSO="CONCLUIDO" ANO-DE-INICIO="2011" ANO-DE-CONCLUSAO="2011" NOME-CURSO-INGLES=""/><FORMACAO-COMPLEMENTAR-CURSO-DE-CURTA-DURACAO SEQUENCIA-FORMACAO="11" NIVEL="F" CARGA-HORARIA="88" CODIGO-INSTITUICAO="000200000993" NOME-INSTITUICAO="Michelin Espanha" CODIGO-ORGAO="" NOME-ORGAO="" CODIGO-CURSO="90000012" NOME-CURSO="Benchmarking" STATUS-DO-CURSO="CONCLUIDO" ANO-DE-INICIO="2005" ANO-DE-CONCLUSAO="2005" NOME-CURSO-INGLES=""/><FORMACAO-COMPLEMENTAR-CURSO-DE-CURTA-DURACAO SEQUENCIA-FORMACAO="10" NIVEL="F" CARGA-HORARIA="88" CODIGO-INSTITUICAO="000300000995" NOME-INSTITUICAO="Michelin França" CODIGO-ORGAO="" NOME-ORGAO="" CODIGO-CURSO="90000011" NOME-CURSO="Equipamentos Utilizados na Expansão Brasil" STATUS-DO-CURSO="CONCLUIDO" ANO-DE-INICIO="2005" ANO-DE-CONCLUSAO="2005" NOME-CURSO-INGLES=""/><FORMACAO-COMPLEMENTAR-CURSO-DE-CURTA-DURACAO SEQUENCIA-FORMACAO="13" NIVEL="F" CARGA-HORARIA="260" CODIGO-INSTITUICAO="000200000993" NOME-INSTITUICAO="Michelin Espanha" CODIGO-ORGAO="" NOME-ORGAO="" CODIGO-CURSO="90000014" NOME-CURSO="Formação para Gerente Industrial" STATUS-DO-CURSO="CONCLUIDO" ANO-DE-INICIO="2010" ANO-DE-CONCLUSAO="2010" NOME-CURSO-INGLES=""/><FORMACAO-COMPLEMENTAR-CURSO-DE-CURTA-DURACAO SEQUENCIA-FORMACAO="12" NIVEL="F" CARGA-HORARIA="40" CODIGO-INSTITUICAO="000400000997" NOME-INSTITUICAO="Michelin Alemanha" CODIGO-ORGAO="" NOME-ORGAO="" CODIGO-CURSO="90000013" NOME-CURSO="Benchmarking MMW" STATUS-DO-CURSO="CONCLUIDO" ANO-DE-INICIO="2009" ANO-DE-CONCLUSAO="2009" NOME-CURSO-INGLES=""/><OUTROS SEQUENCIA-FORMACAO="8" NIVEL="Y" CARGA-HORARIA="80" CODIGO-INSTITUICAO="000100000991" NOME-INSTITUICAO="Promodel" CODIGO-ORGAO="" NOME-ORGAO="" CODIGO-CURSO="90000016" NOME-CURSO="Formação de Simulação Básica e Avançada: Promodel" STATUS-DO-CURSO="CONCLUIDO" ANO-DE-INICIO="2003" ANO-DE-CONCLUSAO="2003" NOME-CURSO-INGLES=""/><OUTROS SEQUENCIA-FORMACAO="6" NIVEL="Y" CARGA-HORARIA="360" CODIGO-INSTITUICAO="J6KE00000009" NOME-INSTITUICAO="Sociedade Michelin de Participacões Indust e Comércio" CODIGO-ORGAO="" NOME-ORGAO="" CODIGO-CURSO="90000006" NOME-CURSO="Formação de Organizador Industrial" STATUS-DO-CURSO="CONCLUIDO" ANO-DE-INICIO="1999" ANO-DE-CONCLUSAO="1999" NOME-CURSO-INGLES=""/><OUTROS SEQUENCIA-FORMACAO="4" NIVEL="Y" CARGA-HORARIA="200" CODIGO-INSTITUICAO="J6KE00000009" NOME-INSTITUICAO="Sociedade Michelin de Participacões Indust e Comércio" CODIGO-ORGAO="" NOME-ORGAO="" CODIGO-CURSO="90000003" NOME-CURSO="Formação Gerencial de Base" STATUS-DO-CURSO="CONCLUIDO" ANO-DE-INICIO="2006" ANO-DE-CONCLUSAO="2006" NOME-CURSO-INGLES=""/><OUTROS SEQUENCIA-FORMACAO="16" NIVEL="Y" CARGA-HORARIA="4" CODIGO-INSTITUICAO="000600000990" NOME-INSTITUICAO="Bacellar Treinamentos LTDA" CODIGO-ORGAO="" NOME-ORGAO="" CODIGO-CURSO="90000018" NOME-CURSO="Treinamento White Belt - EAD" STATUS-DO-CURSO="CONCLUIDO" ANO-DE-INICIO="2015" ANO-DE-CONCLUSAO="2015" NOME-CURSO-INGLES=""/><OUTROS SEQUENCIA-FORMACAO="3" NIVEL="Y" CARGA-HORARIA="160" CODIGO-INSTITUICAO="J6KE00000009" NOME-INSTITUICAO="Sociedade Michelin de Participacões Indust e Comércio" CODIGO-ORGAO="" NOME-ORGAO="" CODIGO-CURSO="90000002" NOME-CURSO="Formação de Gerente Industrial" STATUS-DO-CURSO="CONCLUIDO" ANO-DE-INICIO="2010" ANO-DE-CONCLUSAO="2010" NOME-CURSO-INGLES=""/><formacoesComplementaresPlana/></FORMACAO-COMPLEMENTAR><PARTICIPACAO-EM-BANCA-TRABALHOS-CONCLUSAO><PARTICIPACAO-EM-BANCA-DE-GRADUACAO SEQUENCIA-PRODUCAO="20"><DADOS-BASICOS-DA-PARTICIPACAO-EM-BANCA-DE-GRADUACAO NATUREZA="Graduação" TITULO="A MANUTENÇÃO INDUSTRIAL COMO IMPORTANTE FERRAMENTA NO REPARO DAS VIATURAS OPERATIVAS E ADMINISTRATIVAS DA MARINHA DO BRASIL" ANO="2014" PAIS="Brasil" IDIOMA="Português" HOME-PAGE="" DOI="" TITULO-INGLES=""/><DETALHAMENTO-DA-PARTICIPACAO-EM-BANCA-DE-GRADUACAO NOME-DO-CANDIDATO="Jonathan Nascimento de Lima" CODIGO-INSTITUICAO="201900000008" NOME-INSTITUICAO="Centro Universitário Augusto Motta" CODIGO-ORGAO="" NOME-ORGAO="" CODIGO-CURSO="60279583" NOME-CURSO="Engenharia de Produção" NOME-CURSO-INGLES=""/><PARTICIPANTE-BANCA NOME-COMPLETO-DO-PARTICIPANTE-DA-BANCA="Claudia Pinto de Carvalho" NOME-PARA-CITACAO-DO-PARTICIPANTE-DA-BANCA="Claudia Pinto de Carvalho" ORDEM-PARTICIPANTE="2" NRO-ID-CNPQ=""/><PARTICIPANTE-BANCA NOME-COMPLETO-DO-PARTICIPANTE-DA-BANCA="Newton José Ferro" NOME-PARA-CITACAO-DO-PARTICIPANTE-DA-BANCA="Newton José Ferro" ORDEM-PARTICIPANTE="3" NRO-ID-CNPQ=""/><PARTICIPANTE-BANCA NOME-COMPLETO-DO-PARTICIPANTE-DA-BANCA="Rodrigo Linhares Lauria" NOME-PARA-CITACAO-DO-PARTICIPANTE-DA-BANCA="LAURIA, R. L." ORDEM-PARTICIPANTE="1" NRO-ID-CNPQ="4001262323489703"/><PALAVRAS-CHAVE PALAVRA-CHAVE-1="Manutenção" PALAVRA-CHAVE-2="Estratégia" PALAVRA-CHAVE-3="" PALAVRA-CHAVE-4="" PALAVRA-CHAVE-5="" PALAVRA-CHAVE-6=""/></PARTICIPACAO-EM-BANCA-DE-GRADUACAO><PARTICIPACAO-EM-BANCA-DE-GRADUACAO SEQUENCIA-PRODUCAO="21"><DADOS-BASICOS-DA-PARTICIPACAO-EM-BANCA-DE-GRADUACAO NATUREZA="Graduação" TITULO="EVOLUÇÃO NO INDICADOR DE CONFIABILIDADE DA MANUTENÇÃO NA INDÚSTRIA CERVEJEIRA" ANO="2014" PAIS="Brasil" IDIOMA="Português" HOME-PAGE="" DOI="" TITULO-INGLES=""/><DETALHAMENTO-DA-PARTICIPACAO-EM-BANCA-DE-GRADUACAO NOME-DO-CANDIDATO="Leandro dos Santos Toscano" CODIGO-INSTITUICAO="201900000008" NOME-INSTITUICAO="Centro Universitário Augusto Motta" CODIGO-ORGAO="" NOME-ORGAO="" CODIGO-CURSO="60279583" NOME-CURSO="Engenharia de Produção" NOME-CURSO-INGLES=""/><PARTICIPANTE-BANCA NOME-COMPLETO-DO-PARTICIPANTE-DA-BANCA="Claudia Pinto de Carvalho" NOME-PARA-CITACAO-DO-PARTICIPANTE-DA-BANCA="Claudia Pinto de Carvalho" ORDEM-PARTICIPANTE="2" NRO-ID-CNPQ=""/><PARTICIPANTE-BANCA NOME-COMPLETO-DO-PARTICIPANTE-DA-BANCA="Newton José Ferro" NOME-PARA-CITACAO-DO-PARTICIPANTE-DA-BANCA="Newton José Ferro" ORDEM-PARTICIPANTE="3" NRO-ID-CNPQ=""/><PARTICIPANTE-BANCA NOME-COMPLETO-DO-PARTICIPANTE-DA-BANCA="Rodrigo Linhares Lauria" NOME-PARA-CITACAO-DO-PARTICIPANTE-DA-BANCA="LAURIA, R. L." ORDEM-PARTICIPANTE="1" NRO-ID-CNPQ="4001262323489703"/><PALAVRAS-CHAVE PALAVRA-CHAVE-1="Manutenção" PALAVRA-CHAVE-2="Estratégia" PALAVRA-CHAVE-3="" PALAVRA-CHAVE-4="" PALAVRA-CHAVE-5="" PALAVRA-CHAVE-6=""/></PARTICIPACAO-EM-BANCA-DE-GRADUACAO><PARTICIPACAO-EM-BANCA-DE-GRADUACAO SEQUENCIA-PRODUCAO="27"><DADOS-BASICOS-DA-PARTICIPACAO-EM-BANCA-DE-GRADUACAO NATUREZA="Graduação" TITULO="Elaboração e Análise de DATA Book" ANO="2016" PAIS="Brasil" IDIOMA="Português" HOME-PAGE="" DOI="" TITULO-INGLES=""/><DETALHAMENTO-DA-PARTICIPACAO-EM-BANCA-DE-GRADUACAO NOME-DO-CANDIDATO="John Carlos Batista Rodrigues" CODIGO-INSTITUICAO="201900000008" NOME-INSTITUICAO="Centro Universitário Augusto Motta" CODIGO-ORGAO="" NOME-ORGAO="" CODIGO-CURSO="60183098" NOME-CURSO="Engenharia de Produção" NOME-CURSO-INGLES=""/><PARTICIPANTE-BANCA NOME-COMPLETO-DO-PARTICIPANTE-DA-BANCA="Rodrigo Linhares Lauria" NOME-PARA-CITACAO-DO-PARTICIPANTE-DA-BANCA="LAURIA, R. L." ORDEM-PARTICIPANTE="1" NRO-ID-CNPQ="4001262323489703"/></PARTICIPACAO-EM-BANCA-DE-GRADUACAO><PARTICIPACAO-EM-BANCA-DE-GRADUACAO SEQUENCIA-PRODUCAO="28"><DADOS-BASICOS-DA-PARTICIPACAO-EM-BANCA-DE-GRADUACAO NATUREZA="Graduação" TITULO="Estudo dos Processos de Fabricação de Tubos" ANO="2016" PAIS="Brasil" IDIOMA="Português" HOME-PAGE="" DOI="" TITULO-INGLES=""/><DETALHAMENTO-DA-PARTICIPACAO-EM-BANCA-DE-GRADUACAO NOME-DO-CANDIDATO="Jair Corrêa Junior" CODIGO-INSTITUICAO="201900000008" NOME-INSTITUICAO="Centro Universitário Augusto Motta" CODIGO-ORGAO="" NOME-ORGAO="" CODIGO-CURSO="60183098" NOME-CURSO="Engenharia de Produção" NOME-CURSO-INGLES=""/><PARTICIPANTE-BANCA NOME-COMPLETO-DO-PARTICIPANTE-DA-BANCA="Rodrigo Linhares Lauria" NOME-PARA-CITACAO-DO-PARTICIPANTE-DA-BANCA="LAURIA, R. L." ORDEM-PARTICIPANTE="1" NRO-ID-CNPQ="4001262323489703"/></PARTICIPACAO-EM-BANCA-DE-GRADUACAO><PARTICIPACAO-EM-BANCA-DE-GRADUACAO SEQUENCIA-PRODUCAO="29"><DADOS-BASICOS-DA-PARTICIPACAO-EM-BANCA-DE-GRADUACAO NATUREZA="Graduação" TITULO="Gerência da Qualidade em Projetos com Enfase em Serviços de Atendimento ao Cliente" ANO="2016" PAIS="Brasil" IDIOMA="Português" HOME-PAGE="" DOI="" TITULO-INGLES=""/><DETALHAMENTO-DA-PARTICIPACAO-EM-BANCA-DE-GRADUACAO NOME-DO-CANDIDATO="Thalita Posselt" CODIGO-INSTITUICAO="201900000008" NOME-INSTITUICAO="Centro Universitário Augusto Motta" CODIGO-ORGAO="" NOME-ORGAO="" CODIGO-CURSO="60183098" NOME-CURSO="Engenharia de Produção" NOME-CURSO-INGLES=""/><PARTICIPANTE-BANCA NOME-COMPLETO-DO-PARTICIPANTE-DA-BANCA="Rodrigo Linhares Lauria" NOME-PARA-CITACAO-DO-PARTICIPANTE-DA-BANCA="LAURIA, R. L." ORDEM-PARTICIPANTE="1" NRO-ID-CNPQ="4001262323489703"/></PARTICIPACAO-EM-BANCA-DE-GRADUACAO></PARTICIPACAO-EM-BANCA-TRABALHOS-CONCLUSAO><PARTICIPACAO-EM-EVENTOS-CONGRESSOS><PARTICIPACAO-EM-CONGRESSO SEQUENCIA-PRODUCAO="12"><PARTICIPANTE-DE-EVENTOS-CONGRESSOS NOME-COMPLETO-DO-PARTICIPANTE-DE-EVENTOS-CONGRESSOS="Rodrigo Linhares Lauria" NOME-PARA-CITACAO-DO-PARTICIPANTE-DE-EVENTOS-CONGRESSOS="LAURIA, R. L." ORDEM-PARTICIPANTE="1" NRO-ID-CNPQ="4001262323489703"/><DADOS-BASICOS-DA-PARTICIPACAO-EM-CONGRESSO NATUREZA="Congresso" TITULO="Tecnologia da Informação nas Organizações Responsabilizantes: um Estudo das Dificuldades de Implantação" ANO="2007" PAIS="Brasil" IDIOMA="" MEIO-DE-DIVULGACAO="NAO_INFORMADO" HOME-PAGE-DO-TRABALHO="http://www.aedb.br/seget/artigos07/1097_Tecnologia%20da%20Informacao%20nas%20Organizacoes%20Responsabilizantes%20-%20um%20Estudo%20das%20Dificuldades%20de%20Implantacao.pdf" FLAG-RELEVANCIA="NAO" TIPO-PARTICIPACAO="Apresentação Oral" FORMA-PARTICIPACAO="Participante" DOI="" TITULO-INGLES="" FLAG-DIVULGACAO-CIENTIFICA="NAO"/><DETALHAMENTO-DA-PARTICIPACAO-EM-CONGRESSO NOME-DO-EVENTO="SEGET" CODIGO-INSTITUICAO="" NOME-INSTITUICAO="" LOCAL-DO-EVENTO="" CIDADE-DO-EVENTO="Resende" NOME-DO-EVENTO-INGLES=""/></PARTICIPACAO-EM-CONGRESSO><PARTICIPACAO-EM-CONGRESSO SEQUENCIA-PRODUCAO="11"><PARTICIPANTE-DE-EVENTOS-CONGRESSOS NOME-COMPLETO-DO-PARTICIPANTE-DE-EVENTOS-CONGRESSOS="Rodrigo Linhares Lauria" NOME-PARA-CITACAO-DO-PARTICIPANTE-DE-EVENTOS-CONGRESSOS="LAURIA, R. L." ORDEM-PARTICIPANTE="1" NRO-ID-CNPQ="4001262323489703"/><DADOS-BASICOS-DA-PARTICIPACAO-EM-CONGRESSO NATUREZA="Congresso" TITULO="Otimização no Dimensionamento de Lotes de Produção Restringido pela Área de Estocagem" ANO="2006" PAIS="Brasil" IDIOMA="" MEIO-DE-DIVULGACAO="NAO_INFORMADO" HOME-PAGE-DO-TRABALHO="http://www.abepro.org.br/biblioteca/ENEGEP2006_TR450301_8512.pdf" FLAG-RELEVANCIA="NAO" TIPO-PARTICIPACAO="Poster / Painel" FORMA-PARTICIPACAO="Participante" DOI="" TITULO-INGLES="" FLAG-DIVULGACAO-CIENTIFICA="NAO"/><DETALHAMENTO-DA-PARTICIPACAO-EM-CONGRESSO NOME-DO-EVENTO="ENEGEP" CODIGO-INSTITUICAO="" NOME-INSTITUICAO="" LOCAL-DO-EVENTO="" CIDADE-DO-EVENTO="Fortaleza" NOME-DO-EVENTO-INGLES=""/></PARTICIPACAO-EM-CONGRESSO><PARTICIPACAO-EM-CONGRESSO SEQUENCIA-PRODUCAO="13"><PARTICIPANTE-DE-EVENTOS-CONGRESSOS NOME-COMPLETO-DO-PARTICIPANTE-DE-EVENTOS-CONGRESSOS="Rodrigo Linhares Lauria" NOME-PARA-CITACAO-DO-PARTICIPANTE-DE-EVENTOS-CONGRESSOS="LAURIA, R. L." ORDEM-PARTICIPANTE="1" NRO-ID-CNPQ="4001262323489703"/><DADOS-BASICOS-DA-PARTICIPACAO-EM-CONGRESSO NATUREZA="Congresso" TITULO="" ANO="1999" PAIS="Brasil" IDIOMA="" MEIO-DE-DIVULGACAO="NAO_INFORMADO" HOME-PAGE-DO-TRABALHO="" FLAG-RELEVANCIA="NAO" TIPO-PARTICIPACAO="" FORMA-PARTICIPACAO="Ouvinte" DOI="" TITULO-INGLES="" FLAG-DIVULGACAO-CIENTIFICA="NAO"/><DETALHAMENTO-DA-PARTICIPACAO-EM-CONGRESSO NOME-DO-EVENTO="ENEGEP" CODIGO-INSTITUICAO="" NOME-INSTITUICAO="" LOCAL-DO-EVENTO="" CIDADE-DO-EVENTO="Rio de Janeiro" NOME-DO-EVENTO-INGLES=""/></PARTICIPACAO-EM-CONGRESSO><PARTICIPACAO-EM-SIMPOSIO SEQUENCIA-PRODUCAO="18"><PARTICIPANTE-DE-EVENTOS-CONGRESSOS NOME-COMPLETO-DO-PARTICIPANTE-DE-EVENTOS-CONGRESSOS="Rodrigo Linhares Lauria" NOME-PARA-CITACAO-DO-PARTICIPANTE-DE-EVENTOS-CONGRESSOS="LAURIA, R. L." ORDEM-PARTICIPANTE="1" NRO-ID-CNPQ="4001262323489703"/><DADOS-BASICOS-DA-PARTICIPACAO-EM-SIMPOSIO NATUREZA="Simpósio" TITULO="" ANO="2011" PAIS="França" IDIOMA="" MEIO-DE-DIVULGACAO="NAO_INFORMADO" HOME-PAGE-DO-TRABALHO="" FLAG-RELEVANCIA="NAO" TIPO-PARTICIPACAO="" FORMA-PARTICIPACAO="Ouvinte" DOI="" TITULO-INGLES="" FLAG-DIVULGACAO-CIENTIFICA="NAO"/><DETALHAMENTO-DA-PARTICIPACAO-EM-SIMPOSIO NOME-DO-EVENTO="BIB FORUM: Forum Mundial Michelin em Paris" CODIGO-INSTITUICAO="" NOME-INSTITUICAO="" LOCAL-DO-EVENTO="" CIDADE-DO-EVENTO="Paris" NOME-DO-EVENTO-INGLES=""/></PARTICIPACAO-EM-SIMPOSIO><PARTICIPACAO-EM-SIMPOSIO SEQUENCIA-PRODUCAO="10"><PARTICIPANTE-DE-EVENTOS-CONGRESSOS NOME-COMPLETO-DO-PARTICIPANTE-DE-EVENTOS-CONGRESSOS="Rodrigo Linhares Lauria" NOME-PARA-CITACAO-DO-PARTICIPANTE-DE-EVENTOS-CONGRESSOS="LAURIA, R. L." ORDEM-PARTICIPANTE="1" NRO-ID-CNPQ="4001262323489703"/><DADOS-BASICOS-DA-PARTICIPACAO-EM-SIMPOSIO NATUREZA="Simpósio" TITULO="" ANO="2006" PAIS="Brasil" IDIOMA="" MEIO-DE-DIVULGACAO="NAO_INFORMADO" HOME-PAGE-DO-TRABALHO="" FLAG-RELEVANCIA="NAO" TIPO-PARTICIPACAO="" FORMA-PARTICIPACAO="Ouvinte" DOI="" TITULO-INGLES="" FLAG-DIVULGACAO-CIENTIFICA="NAO"/><DETALHAMENTO-DA-PARTICIPACAO-EM-SIMPOSIO NOME-DO-EVENTO="Forum Mundial de Alta Performance" CODIGO-INSTITUICAO="" NOME-INSTITUICAO="" LOCAL-DO-EVENTO="" CIDADE-DO-EVENTO="São Paulo" NOME-DO-EVENTO-INGLES=""/></PARTICIPACAO-EM-SIMPOSIO></PARTICIPACAO-EM-EVENTOS-CONGRESSOS><INFORMACOES-ADICIONAIS-INSTITUICOES><INFORMACAO-ADICIONAL-INSTITUICAO CODIGO-INSTITUICAO="000100000991" SIGLA-INSTITUICAO="PROMODEL" SIGLA-UF-INSTITUICAO="RJ" SIGLA-PAIS-INSTITUICAO="BRA" NOME-PAIS-INSTITUICAO="Brasil" FLAG-AGENCIA-FOMENTO="NAO" FLAG-INSTITUICAO-DE-ENSINO="NAO"/><INFORMACAO-ADICIONAL-INSTITUICAO CODIGO-INSTITUICAO="000200000993" SIGLA-INSTITUICAO="MICHELIN" SIGLA-UF-INSTITUICAO="" SIGLA-PAIS-INSTITUICAO="ESP" NOME-PAIS-INSTITUICAO="Espanha" FLAG-AGENCIA-FOMENTO="NAO" FLAG-INSTITUICAO-DE-ENSINO="NAO"/><INFORMACAO-ADICIONAL-INSTITUICAO CODIGO-INSTITUICAO="000300000995" SIGLA-INSTITUICAO="MICHELIN" SIGLA-UF-INSTITUICAO="" SIGLA-PAIS-INSTITUICAO="FRA" NOME-PAIS-INSTITUICAO="França" FLAG-AGENCIA-FOMENTO="NAO" FLAG-INSTITUICAO-DE-ENSINO="NAO"/><INFORMACAO-ADICIONAL-INSTITUICAO CODIGO-INSTITUICAO="000400000997" SIGLA-INSTITUICAO="MICHELIN" SIGLA-UF-INSTITUICAO="" SIGLA-PAIS-INSTITUICAO="RFA" NOME-PAIS-INSTITUICAO="Alemanha" FLAG-AGENCIA-FOMENTO="NAO" FLAG-INSTITUICAO-DE-ENSINO="NAO"/><INFORMACAO-ADICIONAL-INSTITUICAO CODIGO-INSTITUICAO="000500000999" SIGLA-INSTITUICAO="MICHELIN" SIGLA-UF-INSTITUICAO="" SIGLA-PAIS-INSTITUICAO="CAN" NOME-PAIS-INSTITUICAO="Canadá" FLAG-AGENCIA-FOMENTO="NAO" FLAG-INSTITUICAO-DE-ENSINO="NAO"/><INFORMACAO-ADICIONAL-INSTITUICAO CODIGO-INSTITUICAO="000600000990" SIGLA-INSTITUICAO="BACELLAR" SIGLA-UF-INSTITUICAO="SP" SIGLA-PAIS-INSTITUICAO="BRA" NOME-PAIS-INSTITUICAO="Brasil" FLAG-AGENCIA-FOMENTO="NAO" FLAG-INSTITUICAO-DE-ENSINO="NAO"/><INFORMACAO-ADICIONAL-INSTITUICAO CODIGO-INSTITUICAO="020200000009" SIGLA-INSTITUICAO="UFRJ" SIGLA-UF-INSTITUICAO="RJ" SIGLA-PAIS-INSTITUICAO="BRA" NOME-PAIS-INSTITUICAO="Brasil" FLAG-AGENCIA-FOMENTO="NAO" FLAG-INSTITUICAO-DE-ENSINO="SIM"/><INFORMACAO-ADICIONAL-INSTITUICAO CODIGO-INSTITUICAO="021100000005" SIGLA-INSTITUICAO="UFRRJ" SIGLA-UF-INSTITUICAO="RJ" SIGLA-PAIS-INSTITUICAO="BRA" NOME-PAIS-INSTITUICAO="Brasil" FLAG-AGENCIA-FOMENTO="NAO" FLAG-INSTITUICAO-DE-ENSINO="SIM"/><INFORMACAO-ADICIONAL-INSTITUICAO CODIGO-INSTITUICAO="173700000005" SIGLA-INSTITUICAO="UNIG" SIGLA-UF-INSTITUICAO="RJ" SIGLA-PAIS-INSTITUICAO="BRA" NOME-PAIS-INSTITUICAO="Brasil" FLAG-AGENCIA-FOMENTO="NAO" FLAG-INSTITUICAO-DE-ENSINO="SIM"/><INFORMACAO-ADICIONAL-INSTITUICAO CODIGO-INSTITUICAO="201900000008" SIGLA-INSTITUICAO="UNISUAM" SIGLA-UF-INSTITUICAO="RJ" SIGLA-PAIS-INSTITUICAO="BRA" NOME-PAIS-INSTITUICAO="Brasil" FLAG-AGENCIA-FOMENTO="NAO" FLAG-INSTITUICAO-DE-ENSINO="SIM"/><INFORMACAO-ADICIONAL-INSTITUICAO CODIGO-INSTITUICAO="905900000005" SIGLA-INSTITUICAO="MICHELIN" SIGLA-UF-INSTITUICAO="RJ" SIGLA-PAIS-INSTITUICAO="BRA" NOME-PAIS-INSTITUICAO="Brasil" FLAG-AGENCIA-FOMENTO="NAO" FLAG-INSTITUICAO-DE-ENSINO="NAO"/><INFORMACAO-ADICIONAL-INSTITUICAO CODIGO-INSTITUICAO="905901000998" SIGLA-INSTITUICAO="" SIGLA-UF-INSTITUICAO="RJ" SIGLA-PAIS-INSTITUICAO="BRA" NOME-PAIS-INSTITUICAO="Brasil" FLAG-AGENCIA-FOMENTO="NAO" FLAG-INSTITUICAO-DE-ENSINO="NAO"/><INFORMACAO-ADICIONAL-INSTITUICAO CODIGO-INSTITUICAO="J6KE00000009" SIGLA-INSTITUICAO="MICHELIN" SIGLA-UF-INSTITUICAO="RJ" SIGLA-PAIS-INSTITUICAO="BRA" NOME-PAIS-INSTITUICAO="Brasil" FLAG-AGENCIA-FOMENTO="NAO" FLAG-INSTITUICAO-DE-ENSINO="NAO"/></INFORMACOES-ADICIONAIS-INSTITUICOES><INFORMACOES-ADICIONAIS-CURSOS><INFORMACAO-ADICIONAL-CURSO CODIGO-CURSO="60183098" CODIGO-ORGAO="" NOME-ORGAO="" CODIGO-INSTITUICAO="201900000008" NOME-INSTITUICAO="Centro Universitário Augusto Motta" NOME-GRANDE-AREA-DO-CONHECIMENTO="OUTROS" NOME-DA-AREA-DO-CONHECIMENTO="" NOME-DA-SUB-AREA-DO-CONHECIMENTO="" NOME-DA-ESPECIALIDADE="" NIVEL-CURSO="GRADUACAO"/><INFORMACAO-ADICIONAL-CURSO CODIGO-CURSO="60279583" CODIGO-ORGAO="" NOME-ORGAO="" CODIGO-INSTITUICAO="201900000008" NOME-INSTITUICAO="Centro Universitário Augusto Motta" NOME-GRANDE-AREA-DO-CONHECIMENTO="OUTROS" NOME-DA-AREA-DO-CONHECIMENTO="" NOME-DA-SUB-AREA-DO-CONHECIMENTO="" NOME-DA-ESPECIALIDADE="" NIVEL-CURSO="GRADUACAO"/><INFORMACAO-ADICIONAL-CURSO CODIGO-CURSO="90000000" CODIGO-ORGAO="" NOME-ORGAO="" CODIGO-INSTITUICAO="020200000009" NOME-INSTITUICAO="Universidade Federal do Rio de Janeiro" NOME-GRANDE-AREA-DO-CONHECIMENTO="ENGENHARIAS" NOME-DA-AREA-DO-CONHECIMENTO="Engenharia Mecânica" NOME-DA-SUB-AREA-DO-CONHECIMENTO="" NOME-DA-ESPECIALIDADE="" NIVEL-CURSO="GRADUACAO"/><INFORMACAO-ADICIONAL-CURSO CODIGO-CURSO="90000001" CODIGO-ORGAO="" NOME-ORGAO="" CODIGO-INSTITUICAO="021100000005" NOME-INSTITUICAO="Universidade Federal Rural do Rio de Janeiro" NOME-GRANDE-AREA-DO-CONHECIMENTO="CIENCIAS_SOCIAIS_APLICADAS" NOME-DA-AREA-DO-CONHECIMENTO="Administração" NOME-DA-SUB-AREA-DO-CONHECIMENTO="" NOME-DA-ESPECIALIDADE="" NIVEL-CURSO="MESTRADO"/><INFORMACAO-ADICIONAL-CURSO CODIGO-CURSO="90000002" CODIGO-ORGAO="" NOME-ORGAO="" CODIGO-INSTITUICAO="J6KE00000009" NOME-INSTITUICAO="Sociedade Michelin de Participacões Indust e Comércio" NOME-GRANDE-AREA-DO-CONHECIMENTO="CIENCIAS_SOCIAIS_APLICADAS" NOME-DA-AREA-DO-CONHECIMENTO="Administração" NOME-DA-SUB-AREA-DO-CONHECIMENTO="" NOME-DA-ESPECIALIDADE="" NIVEL-CURSO="ESPECIALIZACAO"/><INFORMACAO-ADICIONAL-CURSO CODIGO-CURSO="90000003" CODIGO-ORGAO="" NOME-ORGAO="" CODIGO-INSTITUICAO="J6KE00000009" NOME-INSTITUICAO="Sociedade Michelin de Participacões Indust e Comércio" NOME-GRANDE-AREA-DO-CONHECIMENTO="CIENCIAS_SOCIAIS_APLICADAS" NOME-DA-AREA-DO-CONHECIMENTO="Administração" NOME-DA-SUB-AREA-DO-CONHECIMENTO="" NOME-DA-ESPECIALIDADE="" NIVEL-CURSO="OT"/><INFORMACAO-ADICIONAL-CURSO CODIGO-CURSO="90000004" CODIGO-ORGAO="" NOME-ORGAO="" CODIGO-INSTITUICAO="J6KE00000009" NOME-INSTITUICAO="Sociedade Michelin de Participacões Indust e Comércio" NOME-GRANDE-AREA-DO-CONHECIMENTO="CIENCIAS_SOCIAIS_APLICADAS" NOME-DA-AREA-DO-CONHECIMENTO="Administração" NOME-DA-SUB-AREA-DO-CONHECIMENTO="" NOME-DA-ESPECIALIDADE="" NIVEL-CURSO="CURSO_DE_CURTA_DURACAO"/><INFORMACAO-ADICIONAL-CURSO CODIGO-CURSO="90000005" CODIGO-ORGAO="" NOME-ORGAO="" CODIGO-INSTITUICAO="173700000005" NOME-INSTITUICAO="Universidade Iguaçu" NOME-GRANDE-AREA-DO-CONHECIMENTO="ENGENHARIAS" NOME-DA-AREA-DO-CONHECIMENTO="Engenharia de Produção" NOME-DA-SUB-AREA-DO-CONHECIMENTO="" NOME-DA-ESPECIALIDADE="" NIVEL-CURSO="GRADUACAO"/><INFORMACAO-ADICIONAL-CURSO CODIGO-CURSO="90000006" CODIGO-ORGAO="" NOME-ORGAO="" CODIGO-INSTITUICAO="J6KE00000009" NOME-INSTITUICAO="Sociedade Michelin de Participacões Indust e Comércio" NOME-GRANDE-AREA-DO-CONHECIMENTO="ENGENHARIAS" NOME-DA-AREA-DO-CONHECIMENTO="Engenharia de Produção" NOME-DA-SUB-AREA-DO-CONHECIMENTO="" NOME-DA-ESPECIALIDADE="" NIVEL-CURSO="OT"/><INFORMACAO-ADICIONAL-CURSO CODIGO-CURSO="90000007" CODIGO-ORGAO="" NOME-ORGAO="" CODIGO-INSTITUICAO="J6KE00000009" NOME-INSTITUICAO="Sociedade Michelin de Participacões Indust e Comércio" NOME-GRANDE-AREA-DO-CONHECIMENTO="CIENCIAS_SOCIAIS_APLICADAS" NOME-DA-AREA-DO-CONHECIMENTO="Administração" NOME-DA-SUB-AREA-DO-CONHECIMENTO="" NOME-DA-ESPECIALIDADE="" NIVEL-CURSO="CURSO_DE_CURTA_DURACAO"/><INFORMACAO-ADICIONAL-CURSO CODIGO-CURSO="90000008" CODIGO-ORGAO="" NOME-ORGAO="" CODIGO-INSTITUICAO="J6KE00000009" NOME-INSTITUICAO="Sociedade Michelin de Participacões Indust e Comércio" NOME-GRANDE-AREA-DO-CONHECIMENTO="ENGENHARIAS" NOME-DA-AREA-DO-CONHECIMENTO="Engenharia de Produção" NOME-DA-SUB-AREA-DO-CONHECIMENTO="" NOME-DA-ESPECIALIDADE="" NIVEL-CURSO="OT"/><INFORMACAO-ADICIONAL-CURSO CODIGO-CURSO="90000009" CODIGO-ORGAO="" NOME-ORGAO="" CODIGO-INSTITUICAO="000100000991" NOME-INSTITUICAO="Promodel" NOME-GRANDE-AREA-DO-CONHECIMENTO="ENGENHARIAS" NOME-DA-AREA-DO-CONHECIMENTO="Engenharia de Produção" NOME-DA-SUB-AREA-DO-CONHECIMENTO="" NOME-DA-ESPECIALIDADE="" NIVEL-CURSO="OT"/><INFORMACAO-ADICIONAL-CURSO CODIGO-CURSO="90000010" CODIGO-ORGAO="" NOME-ORGAO="" CODIGO-INSTITUICAO="000200000993" NOME-INSTITUICAO="Michelin Espanha" NOME-GRANDE-AREA-DO-CONHECIMENTO="ENGENHARIAS" NOME-DA-AREA-DO-CONHECIMENTO="Engenharia de Produção" NOME-DA-SUB-AREA-DO-CONHECIMENTO="" NOME-DA-ESPECIALIDADE="" NIVEL-CURSO="CURSO_DE_CURTA_DURACAO"/><INFORMACAO-ADICIONAL-CURSO CODIGO-CURSO="90000011" CODIGO-ORGAO="" NOME-ORGAO="" CODIGO-INSTITUICAO="000300000995" NOME-INSTITUICAO="Michelin França" NOME-GRANDE-AREA-DO-CONHECIMENTO="ENGENHARIAS" NOME-DA-AREA-DO-CONHECIMENTO="Engenharia de Produção" NOME-DA-SUB-AREA-DO-CONHECIMENTO="" NOME-DA-ESPECIALIDADE="" NIVEL-CURSO="CURSO_DE_CURTA_DURACAO"/><INFORMACAO-ADICIONAL-CURSO CODIGO-CURSO="90000012" CODIGO-ORGAO="" NOME-ORGAO="" CODIGO-INSTITUICAO="000200000993" NOME-INSTITUICAO="Michelin Espanha" NOME-GRANDE-AREA-DO-CONHECIMENTO="ENGENHARIAS" NOME-DA-AREA-DO-CONHECIMENTO="Engenharia de Produção" NOME-DA-SUB-AREA-DO-CONHECIMENTO="" NOME-DA-ESPECIALIDADE="" NIVEL-CURSO="CURSO_DE_CURTA_DURACAO"/><INFORMACAO-ADICIONAL-CURSO CODIGO-CURSO="90000013" CODIGO-ORGAO="" NOME-ORGAO="" CODIGO-INSTITUICAO="000400000997" NOME-INSTITUICAO="Michelin Alemanha" NOME-GRANDE-AREA-DO-CONHECIMENTO="CIENCIAS_SOCIAIS_APLICADAS" NOME-DA-AREA-DO-CONHECIMENTO="Administração" NOME-DA-SUB-AREA-DO-CONHECIMENTO="" NOME-DA-ESPECIALIDADE="" NIVEL-CURSO="CURSO_DE_CURTA_DURACAO"/><INFORMACAO-ADICIONAL-CURSO CODIGO-CURSO="90000014" CODIGO-ORGAO="" NOME-ORGAO="" CODIGO-INSTITUICAO="000200000993" NOME-INSTITUICAO="Michelin Espanha" NOME-GRANDE-AREA-DO-CONHECIMENTO="CIENCIAS_SOCIAIS_APLICADAS" NOME-DA-AREA-DO-CONHECIMENTO="Administração" NOME-DA-SUB-AREA-DO-CONHECIMENTO="" NOME-DA-ESPECIALIDADE="" NIVEL-CURSO="CURSO_DE_CURTA_DURACAO"/><INFORMACAO-ADICIONAL-CURSO CODIGO-CURSO="90000015" CODIGO-ORGAO="" NOME-ORGAO="" CODIGO-INSTITUICAO="000500000999" NOME-INSTITUICAO="Michelin Canadá" NOME-GRANDE-AREA-DO-CONHECIMENTO="ENGENHARIAS" NOME-DA-AREA-DO-CONHECIMENTO="Engenharia de Produção" NOME-DA-SUB-AREA-DO-CONHECIMENTO="" NOME-DA-ESPECIALIDADE="" NIVEL-CURSO="CURSO_DE_CURTA_DURACAO"/><INFORMACAO-ADICIONAL-CURSO CODIGO-CURSO="90000016" CODIGO-ORGAO="" NOME-ORGAO="" CODIGO-INSTITUICAO="000100000991" NOME-INSTITUICAO="Promodel" NOME-GRANDE-AREA-DO-CONHECIMENTO="ENGENHARIAS" NOME-DA-AREA-DO-CONHECIMENTO="Engenharia de Produção" NOME-DA-SUB-AREA-DO-CONHECIMENTO="" NOME-DA-ESPECIALIDADE="" NIVEL-CURSO="OT"/><INFORMACAO-ADICIONAL-CURSO CODIGO-CURSO="90000017" CODIGO-ORGAO="" NOME-ORGAO="" CODIGO-INSTITUICAO="000300000995" NOME-INSTITUICAO="Michelin França" NOME-GRANDE-AREA-DO-CONHECIMENTO="OUTROS" NOME-DA-AREA-DO-CONHECIMENTO="Multidisciplinar" NOME-DA-SUB-AREA-DO-CONHECIMENTO="" NOME-DA-ESPECIALIDADE="" NIVEL-CURSO="CURSO_DE_CURTA_DURACAO"/><INFORMACAO-ADICIONAL-CURSO CODIGO-CURSO="90000018" CODIGO-ORGAO="" NOME-ORGAO="" CODIGO-INSTITUICAO="000600000990" NOME-INSTITUICAO="Bacellar Treinamentos LTDA" NOME-GRANDE-AREA-DO-CONHECIMENTO="CIENCIAS_SOCIAIS_APLICADAS" NOME-DA-AREA-DO-CONHECIMENTO="Administração" NOME-DA-SUB-AREA-DO-CONHECIMENTO="Administração de Empresas" NOME-DA-ESPECIALIDADE="" NIVEL-CURSO="OT"/></INFORMACOES-ADICIONAIS-CURSOS></DADOS-COMPLEMENTARES><eventos/></CURRICULO-VITAE>