<CURRICULO-VITAE SISTEMA-ORIGEM-XML="LATTES_OFFLINE" NUMERO-IDENTIFICADOR="0010606333823322" FORMATO-DATA-ATUALIZACAO="DDMMAAAA" DATA-ATUALIZACAO="19122016" FORMATO-HORA-ATUALIZACAO="HHMMSS" HORA-ATUALIZACAO="205400"><DADOS-GERAIS NOME-COMPLETO="Paulo Ricardo Oliveira da Costa Salgueiro" NOME-EM-CITACOES-BIBLIOGRAFICAS="SALGUEIRO, P. R. O. C." NACIONALIDADE="B" PAIS-DE-NASCIMENTO="Brasil" FORMATO-DATA-DE-NASCIMENTO="DDMMAAAA" FORMATO-DATA-DE-EMISSAO="DDMMAAAA" PERMISSAO-DE-DIVULGACAO="NAO" DATA-FALECIMENTO="" SIGLA-PAIS-NACIONALIDADE="BRA" PAIS-DE-NACIONALIDADE="Brasil"><RESUMO-CV TEXTO-RESUMO-CV-RH="Mestrando em Desenvolvimento Local pela UNISUAM, possui Mestrado Executivo em Gestão do Conhecimento (ênfase em Inteligência Competitiva) pelo CRIE/COPPE/UFRJ, pós graduado em Análise de Sistemas &amp;amp; Métodos pelo IBAM e graduação em Geografia UNISUAM além de curso de especialização pela Babson College - Boston na área de Empreendedorismo.  Atualmente exerce as funções de mentoria e orientação de empreendedores, tem experiência como gerente de projetos e de consultor nas áreas de processos, governança, indicadores de desempenho e qualidade.   Tem experiência na área de Educação, com ênfase em Educação Corporativa e docência em ensino superior no curso de Administração e em Empreendedorismo aplicado na UNISUAM." TEXTO-RESUMO-CV-RH-EN="bachelor's at Geografia from Centro Universitário Augusto Motta (1987). Has experience in Education, focusing on Education of Adults"/><ENDERECO FLAG-DE-PREFERENCIA="ENDERECO_RESIDENCIAL"><ENDERECO-PROFISSIONAL CODIGO-INSTITUICAO-EMPRESA="001500000997" NOME-INSTITUICAO-EMPRESA="Casa Civil do Estado do Rio de Janeiro" CODIGO-ORGAO="" NOME-ORGAO="" CODIGO-UNIDADE="" NOME-UNIDADE="" LOGRADOURO-COMPLEMENTO="Rua Pinheiro Machado s/nº - Palácio Guanabara- Prédio Anexo" PAIS="Brasil" UF="RJ" CEP="22231-090" CIDADE="Rio de Janeiro" BAIRRO="Laranjeiras" DDD="21" TELEFONE="23343362" RAMAL="" FAX="" E-MAIL="paulo.salgueiro@uol.com.br" HOME-PAGE="http://rj.gov.br/web/casacivil"/></ENDERECO><FORMACAO-ACADEMICA-TITULACAO><GRADUACAO SEQUENCIA-FORMACAO="2" NIVEL="1" TITULO-DO-TRABALHO-DE-CONCLUSAO-DE-CURSO="Paisagens Transformadas pelo Homem" NOME-DO-ORIENTADOR="Lelia" CODIGO-INSTITUICAO="201900000008" NOME-INSTITUICAO="Centro Universitário Augusto Motta" CODIGO-ORGAO="" NOME-ORGAO="" CODIGO-CURSO="90000001" NOME-CURSO="Geografia" CODIGO-AREA-CURSO="90000001" STATUS-DO-CURSO="CONCLUIDO" ANO-DE-INICIO="1984" ANO-DE-CONCLUSAO="1987" FLAG-BOLSA="NAO" CODIGO-AGENCIA-FINANCIADORA="" NOME-AGENCIA="" NUMERO-ID-ORIENTADOR="" CODIGO-CURSO-CAPES="" TITULO-DO-TRABALHO-DE-CONCLUSAO-DE-CURSO-INGLES="" NOME-CURSO-INGLES="" FORMACAO-ACADEMICA-TITULACAO="" TIPO-GRADUACAO="" CODIGO-INSTITUICAO-GRAD="" NOME-INSTITUICAO-GRAD="" CODIGO-INSTITUICAO-OUTRA-GRAD="" NOME-INSTITUICAO-OUTRA-GRAD="" NOME-ORIENTADOR-GRAD=""/><MESTRADO SEQUENCIA-FORMACAO="5" NIVEL="3" CODIGO-INSTITUICAO="201900000008" NOME-INSTITUICAO="Centro Universitário Augusto Motta" CODIGO-ORGAO="" NOME-ORGAO="" CODIGO-CURSO="90000004" NOME-CURSO="Desenvolvimento Local" CODIGO-AREA-CURSO="90000004" STATUS-DO-CURSO="EM_ANDAMENTO" ANO-DE-INICIO="2016" ANO-DE-CONCLUSAO="" FLAG-BOLSA="NAO" CODIGO-AGENCIA-FINANCIADORA="" NOME-AGENCIA="" ANO-DE-OBTENCAO-DO-TITULO="" TITULO-DA-DISSERTACAO-TESE="Desenvolvimento Local e Sustentável de Micro e Macro Áreas Urbanas visando a utilização de recursos disponíveis por meio de uma análise de viabilidade utilizando o modelo CANVAS preconizado por Alexander Osterwalder praticando uma visão holística e inova" NOME-COMPLETO-DO-ORIENTADOR="Antonio Luis dos Santos Lima" TIPO-MESTRADO="N" NUMERO-ID-ORIENTADOR="" CODIGO-CURSO-CAPES="" TITULO-DA-DISSERTACAO-TESE-INGLES="" NOME-CURSO-INGLES="" NOME-DO-CO-ORIENTADOR="" CODIGO-INSTITUICAO-DOUT="" NOME-INSTITUICAO-DOUT="" CODIGO-INSTITUICAO-OUTRA-DOUT="" NOME-INSTITUICAO-OUTRA-DOUT="" NOME-ORIENTADOR-DOUT=""><conceitoCapes/></MESTRADO><MESTRADO-PROFISSIONALIZANTE SEQUENCIA-FORMACAO="1" NIVEL="9" CODIGO-INSTITUICAO="055600000009" NOME-INSTITUICAO="Fundação Coordenação de Projetos, Pesquisas e Estudos Tecnológicos" CODIGO-ORGAO="" NOME-ORGAO="" CODIGO-CURSO="90000000" NOME-CURSO="Mestrado Executivo em Gestão do Conhecimento e IC" CODIGO-AREA-CURSO="90000000" STATUS-DO-CURSO="CONCLUIDO" ANO-DE-INICIO="2000" ANO-DE-CONCLUSAO="2001" FLAG-BOLSA="SIM" CODIGO-AGENCIA-FINANCIADORA="000200000993" NOME-AGENCIA="Centro de Referência Inteligência Competittiva" ANO-DE-OBTENCAO-DO-TITULO="2001" TITULO-DA-DISSERTACAO-TESE="Gestão de Conhecimento em Help Desk" NOME-COMPLETO-DO-ORIENTADOR="Segio Lins" NUMERO-ID-ORIENTADOR="" CODIGO-CURSO-CAPES="" TITULO-DA-DISSERTACAO-TESE-INGLES="" NOME-CURSO-INGLES="" NOME-DO-CO-ORIENTADOR=""><conceitoCapes/></MESTRADO-PROFISSIONALIZANTE></FORMACAO-ACADEMICA-TITULACAO><ATUACOES-PROFISSIONAIS><ATUACAO-PROFISSIONAL CODIGO-INSTITUICAO="000100000991" NOME-INSTITUICAO="TeleSoluções Teleserviços" SEQUENCIA-ATIVIDADE="1" SEQUENCIA-IMPORTANCIA="8"><VINCULOS SEQUENCIA-HISTORICO="1" TIPO-DE-VINCULO="LIVRE" ENQUADRAMENTO-FUNCIONAL="LIVRE" CARGA-HORARIA-SEMANAL="40" FLAG-DEDICACAO-EXCLUSIVA="NAO" MES-INICIO="07" ANO-INICIO="2008" MES-FIM="04" ANO-FIM="2010" OUTRAS-INFORMACOES="Atuando como Gerente de Processos, responsável por estruturar a área na empresa definindo métodos, modelos/padrões e ferramentas para atuação da área. Responsável por projetos especiais como Certificação no Código de Ética da área, reestruturação das áreas de desenvolvimento de software e BI e análise de riscos e idicadores de infraestrutura." FLAG-VINCULO-EMPREGATICIO="NAO" OUTRO-VINCULO-INFORMADO="Celetista formal" OUTRO-ENQUADRAMENTO-FUNCIONAL-INFORMADO="Gerente de Processos, Projetos e BI" OUTRO-ENQUADRAMENTO-FUNCIONAL-INFORMADO-INGLES="" OUTRAS-INFORMACOES-INGLES=""/><atividadesProfissionaisPlanificadas/></ATUACAO-PROFISSIONAL><ATUACAO-PROFISSIONAL CODIGO-INSTITUICAO="000300000995" NOME-INSTITUICAO="LAN Designers" SEQUENCIA-ATIVIDADE="2" SEQUENCIA-IMPORTANCIA="13"><VINCULOS SEQUENCIA-HISTORICO="1" TIPO-DE-VINCULO="LIVRE" ENQUADRAMENTO-FUNCIONAL="LIVRE" CARGA-HORARIA-SEMANAL="40" FLAG-DEDICACAO-EXCLUSIVA="SIM" MES-INICIO="11" ANO-INICIO="2007" MES-FIM="04" ANO-FIM="2008" OUTRAS-INFORMACOES="Gerente de Programa (B2W Inc.) - cliente  Responsável pela orquestração dos projetos de substituição dos sistemas vigentes por novos sistemas das marcas Shoptime, Americanas.com e Submarino, totalizando mais de 200 projetos.  Gerente de Projetos e Produtos (interno)  Responsável pela análise de novas ferramentas e tendências para governança de TI, evolução do modelo e forma de consultoria, acompanhamento e implementação de projetos, e desenvolvimento de produtos (indicadores de desempenho, plano diretor de TI e comunicação, PMO e outsourcing de processos). Treinamento interno em ValIT, ITIL e IT BSC." FLAG-VINCULO-EMPREGATICIO="SIM" OUTRO-VINCULO-INFORMADO="Prestador de Serviços" OUTRO-ENQUADRAMENTO-FUNCIONAL-INFORMADO="Gerente de Produtos e Negócio" OUTRO-ENQUADRAMENTO-FUNCIONAL-INFORMADO-INGLES="" OUTRAS-INFORMACOES-INGLES=""/><atividadesProfissionaisPlanificadas/></ATUACAO-PROFISSIONAL><ATUACAO-PROFISSIONAL CODIGO-INSTITUICAO="000400000997" NOME-INSTITUICAO="CONTAX Contact Center" SEQUENCIA-ATIVIDADE="3" SEQUENCIA-IMPORTANCIA="10"><VINCULOS SEQUENCIA-HISTORICO="1" TIPO-DE-VINCULO="LIVRE" ENQUADRAMENTO-FUNCIONAL="LIVRE" CARGA-HORARIA-SEMANAL="40" FLAG-DEDICACAO-EXCLUSIVA="SIM" MES-INICIO="08" ANO-INICIO="2007" MES-FIM="11" ANO-FIM="2007" OUTRAS-INFORMACOES="Consultor Líder de Processos de Negócio (Prestando Serviço por Laboris)  Responsável pela análise ?As Is? X ?To Be? do Processo Comercial, avaliando modelo de Negócios de Gestão por Processos, alinhando os processos de negócio ao Plano Estratégico e as Práticas de Mercado. Treinamento sobre práticas de Modelagem de Processos e Metodologias." FLAG-VINCULO-EMPREGATICIO="SIM" OUTRO-VINCULO-INFORMADO="Prestador de Serviços" OUTRO-ENQUADRAMENTO-FUNCIONAL-INFORMADO="Consultor" OUTRO-ENQUADRAMENTO-FUNCIONAL-INFORMADO-INGLES="" OUTRAS-INFORMACOES-INGLES=""/><atividadesProfissionaisPlanificadas/></ATUACAO-PROFISSIONAL><ATUACAO-PROFISSIONAL CODIGO-INSTITUICAO="000500000999" NOME-INSTITUICAO="Instituto Nacional de Seguridade Social - DF" SEQUENCIA-ATIVIDADE="4" SEQUENCIA-IMPORTANCIA="12"><VINCULOS SEQUENCIA-HISTORICO="1" TIPO-DE-VINCULO="LIVRE" ENQUADRAMENTO-FUNCIONAL="LIVRE" CARGA-HORARIA-SEMANAL="4" FLAG-DEDICACAO-EXCLUSIVA="NAO" MES-INICIO="06" ANO-INICIO="2008" MES-FIM="12" ANO-FIM="2008" OUTRAS-INFORMACOES="Consultor responsável pela Modelagem dos Processos do INSS na ferramenta ARIS. Aplicação de Workshop em Modelagem de Processos e BPMOficce (Escritório de Processos de Negócio) e boas práticas em processos como PDCA, Metodologia e ferramentas." FLAG-VINCULO-EMPREGATICIO="SIM" OUTRO-VINCULO-INFORMADO="Prestador de Serviços - PNUD" OUTRO-ENQUADRAMENTO-FUNCIONAL-INFORMADO="Consultor" OUTRO-ENQUADRAMENTO-FUNCIONAL-INFORMADO-INGLES="" OUTRAS-INFORMACOES-INGLES=""/><atividadesProfissionaisPlanificadas/></ATUACAO-PROFISSIONAL><ATUACAO-PROFISSIONAL CODIGO-INSTITUICAO="000600000990" NOME-INSTITUICAO="Elumini People &amp;amp; Software" SEQUENCIA-ATIVIDADE="5" SEQUENCIA-IMPORTANCIA="11"><VINCULOS SEQUENCIA-HISTORICO="1" TIPO-DE-VINCULO="LIVRE" ENQUADRAMENTO-FUNCIONAL="LIVRE" CARGA-HORARIA-SEMANAL="40" FLAG-DEDICACAO-EXCLUSIVA="SIM" MES-INICIO="09" ANO-INICIO="2006" MES-FIM="03" ANO-FIM="2007" OUTRAS-INFORMACOES="Elumini - interno   Diretor do Comitê e Responsabilidade Social ? Responsável por definir, implementar e implantar Responsabilidade Social na Organização através do Comitê.  Consultor de Qualidade ? Levantamento e análise de desempenho dos processos internos da organização visando adequação ao novo desenho organizacional e auditorias de certificação da qualidade.  Treinamento interno em Metodologias de Desenvolvimento de Projetos.   Leader Magazine - cliente de set a dez 2006  Consultor de Governança de TI. Responsável pela estrutura e implantação do modelo de Governança de Outsourcing (processos, ferramentas, pessoas e organização)." FLAG-VINCULO-EMPREGATICIO="SIM" OUTRO-VINCULO-INFORMADO="Cotista" OUTRO-ENQUADRAMENTO-FUNCIONAL-INFORMADO="Consultor" OUTRO-ENQUADRAMENTO-FUNCIONAL-INFORMADO-INGLES="" OUTRAS-INFORMACOES-INGLES=""/><atividadesProfissionaisPlanificadas/></ATUACAO-PROFISSIONAL><ATUACAO-PROFISSIONAL CODIGO-INSTITUICAO="000700000992" NOME-INSTITUICAO="Nottingham do Brasil" SEQUENCIA-ATIVIDADE="6" SEQUENCIA-IMPORTANCIA="14"><VINCULOS SEQUENCIA-HISTORICO="1" TIPO-DE-VINCULO="LIVRE" ENQUADRAMENTO-FUNCIONAL="LIVRE" CARGA-HORARIA-SEMANAL="40" FLAG-DEDICACAO-EXCLUSIVA="SIM" MES-INICIO="06" ANO-INICIO="2004" MES-FIM="07" ANO-FIM="2006" OUTRAS-INFORMACOES="Gerente Negócios e Solução, responsável por alavancar negócios e parcerias comerciais, se reportando diretamente ao Diretor da área. Apresentação do portfólio de serviços da empresa como Gestão do Conhecimento, Comunidade de Práticas e Gestão de Processos de Negócio. Elaboração de propostas comerciais e levantamento preliminar de necessidades. Desenvolvimento de parcerias. Participação na elaboração de material técnico para realização do Planejamento Estratégico para empresa. Estruturação de soluções para BPM e Gestão do Conhecimento." FLAG-VINCULO-EMPREGATICIO="SIM" OUTRO-VINCULO-INFORMADO="Prestador de Serviços" OUTRO-ENQUADRAMENTO-FUNCIONAL-INFORMADO="Gerente Comercial e Novos Negócios" OUTRO-ENQUADRAMENTO-FUNCIONAL-INFORMADO-INGLES="" OUTRAS-INFORMACOES-INGLES=""/><atividadesProfissionaisPlanificadas/></ATUACAO-PROFISSIONAL><ATUACAO-PROFISSIONAL CODIGO-INSTITUICAO="000800000994" NOME-INSTITUICAO="Caixa Economica Federal" SEQUENCIA-ATIVIDADE="7" SEQUENCIA-IMPORTANCIA="9"><VINCULOS SEQUENCIA-HISTORICO="1" TIPO-DE-VINCULO="LIVRE" ENQUADRAMENTO-FUNCIONAL="LIVRE" CARGA-HORARIA-SEMANAL="40" FLAG-DEDICACAO-EXCLUSIVA="SIM" MES-INICIO="12" ANO-INICIO="2001" MES-FIM="04" ANO-FIM="2004" OUTRAS-INFORMACOES="Consultor de Processos e Modelos de TI (Prestando Serviço por DBA Engenharia de Sistemas).  Atuando no PMO (Project Management Office), realizando análises dos modelos de TI existentes no mercado (CMM \ UML \ IS0 \ RUP \ COBIT \ ITIL), verificando a sua aplicabilidade frente ao negócio da empresa e da cultura organizacional, acompanhamento da aplicação dos modelos adotados nos projetos de TI. Estruturação e definição de Planos Estratégicos; Implementação de Indicadores de Desempenho para projetos e gestão; Implantação da Disciplina de Gerência de Projetos; Estruturação de Plano de Capacitação da Equipe Técnica da Representação; Estruturação de processos baseados em novas tecnologias e modelos; Implementação e adequação da metodologia de SI ao modelo CMM; Customização e implantação do modelo de processo da Rational - RUP; Treinamento as Equipes em Gerência de Projetos, Configuração e Mudança; Suporte as equipes de desenvolvimento em procedimentos internos, MDS, UML e ferramentas de suporte.  Atuando na Equipe de Desenvolvimento ? Gerente de Configuração e Mudança, responsável pela Implementação e Gerenciamento do Processo de Configuração baseado no Modelo CMM para desenvolvimento de software.  Treinamentos internos em CMM, Gerencia de Projetos, Gerencia de Configuração e Mudanças, Metodologias de Desenvolvimento, Riscos e Indicadores de Desempenho." FLAG-VINCULO-EMPREGATICIO="NAO" OUTRO-VINCULO-INFORMADO="Celetista formal" OUTRO-ENQUADRAMENTO-FUNCIONAL-INFORMADO="Consultor de Processos e Governança em TI" OUTRO-ENQUADRAMENTO-FUNCIONAL-INFORMADO-INGLES="" OUTRAS-INFORMACOES-INGLES=""/><atividadesProfissionaisPlanificadas/></ATUACAO-PROFISSIONAL><ATUACAO-PROFISSIONAL CODIGO-INSTITUICAO="000900000996" NOME-INSTITUICAO="PROBID Consultoria e Serviços" SEQUENCIA-ATIVIDADE="8" SEQUENCIA-IMPORTANCIA="7"><VINCULOS SEQUENCIA-HISTORICO="1" TIPO-DE-VINCULO="LIVRE" ENQUADRAMENTO-FUNCIONAL="LIVRE" CARGA-HORARIA-SEMANAL="40" FLAG-DEDICACAO-EXCLUSIVA="NAO" MES-INICIO="07" ANO-INICIO="2010" MES-FIM="12" ANO-FIM="2010" OUTRAS-INFORMACOES="" FLAG-VINCULO-EMPREGATICIO="NAO" OUTRO-VINCULO-INFORMADO="Coordenador de Processos" OUTRO-ENQUADRAMENTO-FUNCIONAL-INFORMADO="Coordenador" OUTRO-ENQUADRAMENTO-FUNCIONAL-INFORMADO-INGLES="" OUTRAS-INFORMACOES-INGLES=""/><VINCULOS SEQUENCIA-HISTORICO="2" TIPO-DE-VINCULO="LIVRE" ENQUADRAMENTO-FUNCIONAL="LIVRE" CARGA-HORARIA-SEMANAL="40" FLAG-DEDICACAO-EXCLUSIVA="NAO" MES-INICIO="07" ANO-INICIO="2010" MES-FIM="12" ANO-FIM="2010" OUTRAS-INFORMACOES="Gerenciar equipe de processos responsável pela implementação de processos no Projeto Conexão Educação e estruturação de serviços ofererecidos pela Secretaria de Educação do Estado do Rio de Janeiro." FLAG-VINCULO-EMPREGATICIO="NAO" OUTRO-VINCULO-INFORMADO="Consultor de Processos" OUTRO-ENQUADRAMENTO-FUNCIONAL-INFORMADO="Consultor de Processos" OUTRO-ENQUADRAMENTO-FUNCIONAL-INFORMADO-INGLES="" OUTRAS-INFORMACOES-INGLES=""/><atividadesProfissionaisPlanificadas/></ATUACAO-PROFISSIONAL><ATUACAO-PROFISSIONAL CODIGO-INSTITUICAO="201900000008" NOME-INSTITUICAO="Centro Universitário Augusto Motta" SEQUENCIA-ATIVIDADE="9" SEQUENCIA-IMPORTANCIA="1"><VINCULOS SEQUENCIA-HISTORICO="1" TIPO-DE-VINCULO="LIVRE" ENQUADRAMENTO-FUNCIONAL="LIVRE" CARGA-HORARIA-SEMANAL="12" FLAG-DEDICACAO-EXCLUSIVA="NAO" MES-INICIO="08" ANO-INICIO="2010" MES-FIM="" ANO-FIM="" OUTRAS-INFORMACOES="Professor no Curso de Administração, lecionando as disciplinas de Gestão de Processos e Projetos, Gestão de Pessoas, Teorias da Administração, Tecnologia Sistemas de Informação e Qualidade e de Modelagem Organizacional.  Atuando na docência do Núcleo de Apoio ao Empreendedorismo lecionando Empreendedorismo Aplicado." FLAG-VINCULO-EMPREGATICIO="SIM" OUTRO-VINCULO-INFORMADO="Professor Assistente" OUTRO-ENQUADRAMENTO-FUNCIONAL-INFORMADO="Professor Assitente" OUTRO-ENQUADRAMENTO-FUNCIONAL-INFORMADO-INGLES="" OUTRAS-INFORMACOES-INGLES=""/><atividadesProfissionaisPlanificadas/></ATUACAO-PROFISSIONAL><ATUACAO-PROFISSIONAL CODIGO-INSTITUICAO="001100000990" NOME-INSTITUICAO="ITESTE - Instituto de Teste" SEQUENCIA-ATIVIDADE="10" SEQUENCIA-IMPORTANCIA="6"><VINCULOS SEQUENCIA-HISTORICO="1" TIPO-DE-VINCULO="LIVRE" ENQUADRAMENTO-FUNCIONAL="LIVRE" CARGA-HORARIA-SEMANAL="40" FLAG-DEDICACAO-EXCLUSIVA="NAO" MES-INICIO="04" ANO-INICIO="2011" MES-FIM="06" ANO-FIM="2011" OUTRAS-INFORMACOES="Responsável pela gestão do projeto de teste de software e liderança da equipe de teste de 10 profissionais atuando dentro do cliente Hildebrando/Embratel.  Principais Atividades:  - Gestão do Projeto;  - Gestão de Pessoas;  - Relacionamento do Cliente;  - Gestão do Contrato." FLAG-VINCULO-EMPREGATICIO="NAO" OUTRO-VINCULO-INFORMADO="Consultor" OUTRO-ENQUADRAMENTO-FUNCIONAL-INFORMADO="Gerente de Projetos" OUTRO-ENQUADRAMENTO-FUNCIONAL-INFORMADO-INGLES="" OUTRAS-INFORMACOES-INGLES=""/><atividadesProfissionaisPlanificadas/></ATUACAO-PROFISSIONAL><ATUACAO-PROFISSIONAL CODIGO-INSTITUICAO="001200000991" NOME-INSTITUICAO="A&amp;amp;G Consultoria" SEQUENCIA-ATIVIDADE="11" SEQUENCIA-IMPORTANCIA="5"><VINCULOS SEQUENCIA-HISTORICO="1" TIPO-DE-VINCULO="LIVRE" ENQUADRAMENTO-FUNCIONAL="LIVRE" CARGA-HORARIA-SEMANAL="40" FLAG-DEDICACAO-EXCLUSIVA="NAO" MES-INICIO="01" ANO-INICIO="2011" MES-FIM="04" ANO-FIM="2011" OUTRAS-INFORMACOES="Desenvolvimento de propostas e projetos para soluções corporativas no âmbito de sistemas de atendimento e Telecom para seguradora." FLAG-VINCULO-EMPREGATICIO="SIM" OUTRO-VINCULO-INFORMADO="Consultor" OUTRO-ENQUADRAMENTO-FUNCIONAL-INFORMADO="Consultor de Negócios" OUTRO-ENQUADRAMENTO-FUNCIONAL-INFORMADO-INGLES="" OUTRAS-INFORMACOES-INGLES=""/><atividadesProfissionaisPlanificadas/></ATUACAO-PROFISSIONAL><ATUACAO-PROFISSIONAL CODIGO-INSTITUICAO="001400000995" NOME-INSTITUICAO="DSCON Consultoria" SEQUENCIA-ATIVIDADE="13" SEQUENCIA-IMPORTANCIA="4"><VINCULOS SEQUENCIA-HISTORICO="1" TIPO-DE-VINCULO="LIVRE" ENQUADRAMENTO-FUNCIONAL="LIVRE" CARGA-HORARIA-SEMANAL="40" FLAG-DEDICACAO-EXCLUSIVA="NAO" MES-INICIO="07" ANO-INICIO="2011" MES-FIM="11" ANO-FIM="2011" OUTRAS-INFORMACOES=": ?Mentoring? em processos para equipe do governo do Estado do Rio de Janeiro no Projeto Processo Digital, junto aos órgãos Casa Civil, PRODERJ, SEPLAG, DETRAN." FLAG-VINCULO-EMPREGATICIO="NAO" OUTRO-VINCULO-INFORMADO="Consultor de Processos" OUTRO-ENQUADRAMENTO-FUNCIONAL-INFORMADO="Consultor de Processos" OUTRO-ENQUADRAMENTO-FUNCIONAL-INFORMADO-INGLES="" OUTRAS-INFORMACOES-INGLES=""/><atividadesProfissionaisPlanificadas/></ATUACAO-PROFISSIONAL><ATUACAO-PROFISSIONAL CODIGO-INSTITUICAO="001500000997" NOME-INSTITUICAO="Casa Civil do Estado do Rio de Janeiro" SEQUENCIA-ATIVIDADE="14" SEQUENCIA-IMPORTANCIA="3"><VINCULOS SEQUENCIA-HISTORICO="1" TIPO-DE-VINCULO="LIVRE" ENQUADRAMENTO-FUNCIONAL="LIVRE" CARGA-HORARIA-SEMANAL="40" FLAG-DEDICACAO-EXCLUSIVA="NAO" MES-INICIO="11" ANO-INICIO="2011" MES-FIM="12" ANO-FIM="2013" OUTRAS-INFORMACOES="Resguardar o Governo do Estado do Rio de Janeiro com relação a práticas, modelos e assertividade no projeto Processo Digial no âmbito de mapeamento e modelagem de processos." FLAG-VINCULO-EMPREGATICIO="SIM" OUTRO-VINCULO-INFORMADO="Especialista em Processos - BP" OUTRO-ENQUADRAMENTO-FUNCIONAL-INFORMADO="Especialista - Extra Quadro" OUTRO-ENQUADRAMENTO-FUNCIONAL-INFORMADO-INGLES="" OUTRAS-INFORMACOES-INGLES=""/><atividadesProfissionaisPlanificadas/></ATUACAO-PROFISSIONAL><ATUACAO-PROFISSIONAL CODIGO-INSTITUICAO="001700000990" NOME-INSTITUICAO="CDOIS Consultoria" SEQUENCIA-ATIVIDADE="15" SEQUENCIA-IMPORTANCIA="2"><VINCULOS SEQUENCIA-HISTORICO="1" TIPO-DE-VINCULO="LIVRE" ENQUADRAMENTO-FUNCIONAL="LIVRE" CARGA-HORARIA-SEMANAL="40" FLAG-DEDICACAO-EXCLUSIVA="NAO" MES-INICIO="03" ANO-INICIO="2014" MES-FIM="03" ANO-FIM="2015" OUTRAS-INFORMACOES="Projeto baseado em diagnóstico organizacional para melhoria de desempenho organizacional com base em processos, pessoas e tecnologia. Reestruturação organizacional e reengenharia de processos, na empresa RHMED (Saúde e Segurança Ocupacional)." FLAG-VINCULO-EMPREGATICIO="SIM" OUTRO-VINCULO-INFORMADO="Consultor" OUTRO-ENQUADRAMENTO-FUNCIONAL-INFORMADO="Atividade sem vinculo funcional" OUTRO-ENQUADRAMENTO-FUNCIONAL-INFORMADO-INGLES="" OUTRAS-INFORMACOES-INGLES=""/><atividadesProfissionaisPlanificadas/></ATUACAO-PROFISSIONAL></ATUACOES-PROFISSIONAIS><AREAS-DE-ATUACAO><AREA-DE-ATUACAO SEQUENCIA-AREA-DE-ATUACAO="1" NOME-GRANDE-AREA-DO-CONHECIMENTO="CIENCIAS_HUMANAS" NOME-DA-AREA-DO-CONHECIMENTO="Educação" NOME-DA-SUB-AREA-DO-CONHECIMENTO="Tópicos Específicos de Educação" NOME-DA-ESPECIALIDADE="Educação de Adultos"/><AREA-DE-ATUACAO SEQUENCIA-AREA-DE-ATUACAO="2" NOME-GRANDE-AREA-DO-CONHECIMENTO="CIENCIAS_HUMANAS" NOME-DA-AREA-DO-CONHECIMENTO="Educação" NOME-DA-SUB-AREA-DO-CONHECIMENTO="Tópicos Específicos de Educação" NOME-DA-ESPECIALIDADE="Educação Permanente"/><AREA-DE-ATUACAO SEQUENCIA-AREA-DE-ATUACAO="3" NOME-GRANDE-AREA-DO-CONHECIMENTO="CIENCIAS_HUMANAS" NOME-DA-AREA-DO-CONHECIMENTO="Educação" NOME-DA-SUB-AREA-DO-CONHECIMENTO="Tópicos Específicos de Educação" NOME-DA-ESPECIALIDADE="Ensino Profissionalizante"/></AREAS-DE-ATUACAO><IDIOMAS><IDIOMA IDIOMA="EN" DESCRICAO-DO-IDIOMA="Inglês" PROFICIENCIA-DE-LEITURA="RAZOAVELMENTE" PROFICIENCIA-DE-FALA="RAZOAVELMENTE" PROFICIENCIA-DE-ESCRITA="NAO_INFORMADO" PROFICIENCIA-DE-COMPREENSAO="RAZOAVELMENTE"/><IDIOMA IDIOMA="ES" DESCRICAO-DO-IDIOMA="Espanhol" PROFICIENCIA-DE-LEITURA="RAZOAVELMENTE" PROFICIENCIA-DE-FALA="NAO_INFORMADO" PROFICIENCIA-DE-ESCRITA="NAO_INFORMADO" PROFICIENCIA-DE-COMPREENSAO="RAZOAVELMENTE"/></IDIOMAS><staValidado/><dataExibicao/><dadosBolsista/></DADOS-GERAIS><PRODUCAO-BIBLIOGRAFICA><DEMAIS-TIPOS-DE-PRODUCAO-BIBLIOGRAFICA><OUTRA-PRODUCAO-BIBLIOGRAFICA SEQUENCIA-PRODUCAO="11"><DADOS-BASICOS-DE-OUTRA-PRODUCAO NATUREZA="Material de Apoio Curso de Mapeamento e Modelagem de Processos" TITULO="Mapeamento e Modelagem de Processos" ANO="2012" PAIS-DE-PUBLICACAO="Brasil" IDIOMA="Português" MEIO-DE-DIVULGACAO="VARIOS" HOME-PAGE-DO-TRABALHO="" FLAG-RELEVANCIA="NAO" DOI="" TITULO-INGLES="" NATUREZA-INGLES="" FLAG-DIVULGACAO-CIENTIFICA="NAO"/><DETALHAMENTO-DE-OUTRA-PRODUCAO EDITORA="" CIDADE-DA-EDITORA="" NUMERO-DE-PAGINAS="" ISSN-ISBN=""/><AUTORES NOME-COMPLETO-DO-AUTOR="Paulo Ricardo Oliveira da Costa Salgueiro" NOME-PARA-CITACAO="SALGUEIRO, P. R. O. C." ORDEM-DE-AUTORIA="1" NRO-ID-CNPQ="0010606333823322"/><PALAVRAS-CHAVE PALAVRA-CHAVE-1="Mapeamento de Processos" PALAVRA-CHAVE-2="Modelagem de Processos" PALAVRA-CHAVE-3="Indicadores de Processos" PALAVRA-CHAVE-4="" PALAVRA-CHAVE-5="" PALAVRA-CHAVE-6=""/><AREAS-DO-CONHECIMENTO><AREA-DO-CONHECIMENTO-1 NOME-GRANDE-AREA-DO-CONHECIMENTO="CIENCIAS_SOCIAIS_APLICADAS" NOME-DA-AREA-DO-CONHECIMENTO="" NOME-DA-SUB-AREA-DO-CONHECIMENTO="Processos de Negócio" NOME-DA-ESPECIALIDADE=""/></AREAS-DO-CONHECIMENTO><INFORMACOES-ADICIONAIS DESCRICAO-INFORMACOES-ADICIONAIS="Trabalho elaborado para apoio ao Curso de Mapeamento e Modelagem de Processos oferecido pela Escola Superior de Admiistração - ESAD." DESCRICAO-INFORMACOES-ADICIONAIS-INGLES=""/></OUTRA-PRODUCAO-BIBLIOGRAFICA><OUTRA-PRODUCAO-BIBLIOGRAFICA SEQUENCIA-PRODUCAO="12"><DADOS-BASICOS-DE-OUTRA-PRODUCAO NATUREZA="Material de Apoio para Seminário" TITULO="Gestão da Qualidade: definição de requisitos para controle dos processos de trabalho." ANO="2012" PAIS-DE-PUBLICACAO="Brasil" IDIOMA="Português" MEIO-DE-DIVULGACAO="VARIOS" HOME-PAGE-DO-TRABALHO="" FLAG-RELEVANCIA="NAO" DOI="" TITULO-INGLES="" NATUREZA-INGLES="" FLAG-DIVULGACAO-CIENTIFICA="NAO"/><DETALHAMENTO-DE-OUTRA-PRODUCAO EDITORA="" CIDADE-DA-EDITORA="" NUMERO-DE-PAGINAS="" ISSN-ISBN=""/><AUTORES NOME-COMPLETO-DO-AUTOR="Paulo Ricardo Oliveira da Costa Salgueiro" NOME-PARA-CITACAO="SALGUEIRO, P. R. O. C." ORDEM-DE-AUTORIA="1" NRO-ID-CNPQ="0010606333823322"/><PALAVRAS-CHAVE PALAVRA-CHAVE-1="Qualidade Total" PALAVRA-CHAVE-2="Gestão do Conhecimento" PALAVRA-CHAVE-3="Processos" PALAVRA-CHAVE-4="Pessoas" PALAVRA-CHAVE-5="Visão, Missão e Valores" PALAVRA-CHAVE-6="Mapeamento de Processos"/><AREAS-DO-CONHECIMENTO><AREA-DO-CONHECIMENTO-1 NOME-GRANDE-AREA-DO-CONHECIMENTO="CIENCIAS_SOCIAIS_APLICADAS" NOME-DA-AREA-DO-CONHECIMENTO="" NOME-DA-SUB-AREA-DO-CONHECIMENTO="Administração Pública" NOME-DA-ESPECIALIDADE=""/><AREA-DO-CONHECIMENTO-2 NOME-GRANDE-AREA-DO-CONHECIMENTO="CIENCIAS_SOCIAIS_APLICADAS" NOME-DA-AREA-DO-CONHECIMENTO="Administração" NOME-DA-SUB-AREA-DO-CONHECIMENTO="Administração de Empresas" NOME-DA-ESPECIALIDADE=""/></AREAS-DO-CONHECIMENTO><SETORES-DE-ATIVIDADE SETOR-DE-ATIVIDADE-1="Administração pública, defesa e seguridade social" SETOR-DE-ATIVIDADE-2="" SETOR-DE-ATIVIDADE-3=""/><INFORMACOES-ADICIONAIS DESCRICAO-INFORMACOES-ADICIONAIS="Material de Apoio para o Seminário de Gestão da Qualidade: definição de requisitos para controle dos processos de trabalho promovido pela Escola Superior de Administração - ESAD." DESCRICAO-INFORMACOES-ADICIONAIS-INGLES=""/></OUTRA-PRODUCAO-BIBLIOGRAFICA></DEMAIS-TIPOS-DE-PRODUCAO-BIBLIOGRAFICA></PRODUCAO-BIBLIOGRAFICA><PRODUCAO-TECNICA><DEMAIS-TIPOS-DE-PRODUCAO-TECNICA><CURSO-DE-CURTA-DURACAO-MINISTRADO SEQUENCIA-PRODUCAO="1"><DADOS-BASICOS-DE-CURSOS-CURTA-DURACAO-MINISTRADO NIVEL-DO-CURSO="OUTRA" TITULO="Marketing Pessoal" ANO="2009" PAIS="Brasil" IDIOMA="Português" MEIO-DE-DIVULGACAO="MEIO_DIGITAL" HOME-PAGE-DO-TRABALHO="" FLAG-RELEVANCIA="SIM" DOI="" TITULO-INGLES="" FLAG-DIVULGACAO-CIENTIFICA="NAO"/><DETALHAMENTO-DE-CURSOS-CURTA-DURACAO-MINISTRADO PARTICIPACAO-DOS-AUTORES="NAO_INFORMADO" INSTITUICAO-PROMOTORA-DO-CURSO="TeleSoluções Telesserviços" LOCAL-DO-CURSO="TeleSoluções Telesserviços" CIDADE="Rio de Janeiro" DURACAO="" UNIDADE="" UNIDADE-INGLES=""/><AUTORES NOME-COMPLETO-DO-AUTOR="Paulo Ricardo Oliveira da Costa Salgueiro" NOME-PARA-CITACAO="SALGUEIRO, P. R. O. C." ORDEM-DE-AUTORIA="1" NRO-ID-CNPQ="0010606333823322"/><INFORMACOES-ADICIONAIS DESCRICAO-INFORMACOES-ADICIONAIS="Curso comportamental de Marketing Pessoal." DESCRICAO-INFORMACOES-ADICIONAIS-INGLES=""/></CURSO-DE-CURTA-DURACAO-MINISTRADO><CURSO-DE-CURTA-DURACAO-MINISTRADO SEQUENCIA-PRODUCAO="2"><DADOS-BASICOS-DE-CURSOS-CURTA-DURACAO-MINISTRADO NIVEL-DO-CURSO="OUTRA" TITULO="Modelagem de Processos" ANO="2008" PAIS="Brasil" IDIOMA="Português" MEIO-DE-DIVULGACAO="MEIO_MAGNETICO" HOME-PAGE-DO-TRABALHO="" FLAG-RELEVANCIA="SIM" DOI="" TITULO-INGLES="" FLAG-DIVULGACAO-CIENTIFICA="NAO"/><DETALHAMENTO-DE-CURSOS-CURTA-DURACAO-MINISTRADO PARTICIPACAO-DOS-AUTORES="NAO_INFORMADO" INSTITUICAO-PROMOTORA-DO-CURSO="Contax" LOCAL-DO-CURSO="Contax" CIDADE="Rio de Janeiro" DURACAO="" UNIDADE="" UNIDADE-INGLES=""/><AUTORES NOME-COMPLETO-DO-AUTOR="Paulo Ricardo Oliveira da Costa Salgueiro" NOME-PARA-CITACAO="SALGUEIRO, P. R. O. C." ORDEM-DE-AUTORIA="1" NRO-ID-CNPQ="0010606333823322"/><INFORMACOES-ADICIONAIS DESCRICAO-INFORMACOES-ADICIONAIS="Modelagem de Processos, Melhoria de Desempenho e Indicadores." DESCRICAO-INFORMACOES-ADICIONAIS-INGLES=""/></CURSO-DE-CURTA-DURACAO-MINISTRADO><CURSO-DE-CURTA-DURACAO-MINISTRADO SEQUENCIA-PRODUCAO="3"><DADOS-BASICOS-DE-CURSOS-CURTA-DURACAO-MINISTRADO NIVEL-DO-CURSO="OUTRA" TITULO="Goveranaça de TI" ANO="2008" PAIS="Brasil" IDIOMA="Português" MEIO-DE-DIVULGACAO="NAO_INFORMADO" HOME-PAGE-DO-TRABALHO="" FLAG-RELEVANCIA="SIM" DOI="" TITULO-INGLES="" FLAG-DIVULGACAO-CIENTIFICA="NAO"/><DETALHAMENTO-DE-CURSOS-CURTA-DURACAO-MINISTRADO PARTICIPACAO-DOS-AUTORES="NAO_INFORMADO" INSTITUICAO-PROMOTORA-DO-CURSO="" LOCAL-DO-CURSO="" CIDADE="" DURACAO="" UNIDADE="" UNIDADE-INGLES=""/><AUTORES NOME-COMPLETO-DO-AUTOR="Paulo Ricardo Oliveira da Costa Salgueiro" NOME-PARA-CITACAO="SALGUEIRO, P. R. O. C." ORDEM-DE-AUTORIA="1" NRO-ID-CNPQ="0010606333823322"/><INFORMACOES-ADICIONAIS DESCRICAO-INFORMACOES-ADICIONAIS="Goverança de TI, ITIL, Val IT, IT BSC." DESCRICAO-INFORMACOES-ADICIONAIS-INGLES=""/></CURSO-DE-CURTA-DURACAO-MINISTRADO><CURSO-DE-CURTA-DURACAO-MINISTRADO SEQUENCIA-PRODUCAO="5"><DADOS-BASICOS-DE-CURSOS-CURTA-DURACAO-MINISTRADO NIVEL-DO-CURSO="OUTRA" TITULO="Gerenciamento de Projetos" ANO="2002" PAIS="Brasil" IDIOMA="Português" MEIO-DE-DIVULGACAO="MEIO_MAGNETICO" HOME-PAGE-DO-TRABALHO="" FLAG-RELEVANCIA="SIM" DOI="" TITULO-INGLES="" FLAG-DIVULGACAO-CIENTIFICA="NAO"/><DETALHAMENTO-DE-CURSOS-CURTA-DURACAO-MINISTRADO PARTICIPACAO-DOS-AUTORES="NAO_INFORMADO" INSTITUICAO-PROMOTORA-DO-CURSO="Caixa Econômica Federal" LOCAL-DO-CURSO="CEF Rio de Janeiro" CIDADE="Rio de Janeiro" DURACAO="" UNIDADE="" UNIDADE-INGLES=""/><AUTORES NOME-COMPLETO-DO-AUTOR="Paulo Ricardo Oliveira da Costa Salgueiro" NOME-PARA-CITACAO="SALGUEIRO, P. R. O. C." ORDEM-DE-AUTORIA="1" NRO-ID-CNPQ="0010606333823322"/><INFORMACOES-ADICIONAIS DESCRICAO-INFORMACOES-ADICIONAIS="Treinamentos em Gerenciamento de Projetos para Analistas, Gerentes e Líderes de Projeto na Reporesentação do Riode Janeiro da CEF na área de TI." DESCRICAO-INFORMACOES-ADICIONAIS-INGLES=""/></CURSO-DE-CURTA-DURACAO-MINISTRADO><CURSO-DE-CURTA-DURACAO-MINISTRADO SEQUENCIA-PRODUCAO="4"><DADOS-BASICOS-DE-CURSOS-CURTA-DURACAO-MINISTRADO NIVEL-DO-CURSO="ESPECIALIZACAO" TITULO="Modelagem de Processos de Negócio" ANO="2002" PAIS="Brasil" IDIOMA="Português" MEIO-DE-DIVULGACAO="MEIO_MAGNETICO" HOME-PAGE-DO-TRABALHO="" FLAG-RELEVANCIA="SIM" DOI="" TITULO-INGLES="" FLAG-DIVULGACAO-CIENTIFICA="NAO"/><DETALHAMENTO-DE-CURSOS-CURTA-DURACAO-MINISTRADO PARTICIPACAO-DOS-AUTORES="NAO_INFORMADO" INSTITUICAO-PROMOTORA-DO-CURSO="CRIE / COPPE / UFRJ" LOCAL-DO-CURSO="CRIE" CIDADE="Rio de Janeiro" DURACAO="" UNIDADE="" UNIDADE-INGLES=""/><AUTORES NOME-COMPLETO-DO-AUTOR="Paulo Ricardo Oliveira da Costa Salgueiro" NOME-PARA-CITACAO="SALGUEIRO, P. R. O. C." ORDEM-DE-AUTORIA="1" NRO-ID-CNPQ="0010606333823322"/><INFORMACOES-ADICIONAIS DESCRICAO-INFORMACOES-ADICIONAIS="Cadeira do MBKM turma 3 RJ, modelagem de processos de negócio e gestão por processos." DESCRICAO-INFORMACOES-ADICIONAIS-INGLES=""/></CURSO-DE-CURTA-DURACAO-MINISTRADO><DESENVOLVIMENTO-DE-MATERIAL-DIDATICO-OU-INSTRUCIONAL SEQUENCIA-PRODUCAO="10"><DADOS-BASICOS-DO-MATERIAL-DIDATICO-OU-INSTRUCIONAL NATUREZA="Material de Ensino de Apoio" TITULO="Indicadores de Desempenho Organizacionais" ANO="2012" PAIS="Brasil" IDIOMA="Português" MEIO-DE-DIVULGACAO="NAO_INFORMADO" HOME-PAGE-DO-TRABALHO="" FLAG-RELEVANCIA="NAO" DOI="" TITULO-INGLES="" NATUREZA-INGLES="" FLAG-DIVULGACAO-CIENTIFICA="NAO"/><DETALHAMENTO-DO-MATERIAL-DIDATICO-OU-INSTRUCIONAL FINALIDADE="Material de Aopio para Ministrar Cursos" FINALIDADE-INGLES=""/><AUTORES NOME-COMPLETO-DO-AUTOR="Paulo Ricardo Oliveira da Costa Salgueiro" NOME-PARA-CITACAO="SALGUEIRO, P. R. O. C." ORDEM-DE-AUTORIA="1" NRO-ID-CNPQ="0010606333823322"/><PALAVRAS-CHAVE PALAVRA-CHAVE-1="Processos" PALAVRA-CHAVE-2="Modelos e Gestão" PALAVRA-CHAVE-3="Qualidade Total" PALAVRA-CHAVE-4="Estruturas Organizacionais" PALAVRA-CHAVE-5="Indicadores de Desempenho" PALAVRA-CHAVE-6="BSC"/></DESENVOLVIMENTO-DE-MATERIAL-DIDATICO-OU-INSTRUCIONAL><DESENVOLVIMENTO-DE-MATERIAL-DIDATICO-OU-INSTRUCIONAL SEQUENCIA-PRODUCAO="14"><DADOS-BASICOS-DO-MATERIAL-DIDATICO-OU-INSTRUCIONAL NATUREZA="Material de Aula" TITULO="Métodos Sistemas de Informação &amp;amp; Qualidade" ANO="2013" PAIS="Brasil" IDIOMA="Português" MEIO-DE-DIVULGACAO="VARIOS" HOME-PAGE-DO-TRABALHO="" FLAG-RELEVANCIA="NAO" DOI="" TITULO-INGLES="" NATUREZA-INGLES="" FLAG-DIVULGACAO-CIENTIFICA="SIM"/><DETALHAMENTO-DO-MATERIAL-DIDATICO-OU-INSTRUCIONAL FINALIDADE="Material de apoio as aulas ministradas sobre o tema." FINALIDADE-INGLES=""/><AUTORES NOME-COMPLETO-DO-AUTOR="Paulo Ricardo Oliveira da Costa Salgueiro" NOME-PARA-CITACAO="SALGUEIRO, P. R. O. C." ORDEM-DE-AUTORIA="1" NRO-ID-CNPQ="0010606333823322"/><PALAVRAS-CHAVE PALAVRA-CHAVE-1="Qualidade Total" PALAVRA-CHAVE-2="Sistemas de Informação" PALAVRA-CHAVE-3="Modelos e Gestão" PALAVRA-CHAVE-4="Downsizing" PALAVRA-CHAVE-5="Indicadores de Desempenho" PALAVRA-CHAVE-6=""/></DESENVOLVIMENTO-DE-MATERIAL-DIDATICO-OU-INSTRUCIONAL><DESENVOLVIMENTO-DE-MATERIAL-DIDATICO-OU-INSTRUCIONAL SEQUENCIA-PRODUCAO="7"><DADOS-BASICOS-DO-MATERIAL-DIDATICO-OU-INSTRUCIONAL NATUREZA="Material de Ensino de Apoio" TITULO="Gestão de Projetos e Processos" ANO="2010" PAIS="Brasil" IDIOMA="Português" MEIO-DE-DIVULGACAO="VARIOS" HOME-PAGE-DO-TRABALHO="" FLAG-RELEVANCIA="NAO" DOI="" TITULO-INGLES="" NATUREZA-INGLES="" FLAG-DIVULGACAO-CIENTIFICA="NAO"/><DETALHAMENTO-DO-MATERIAL-DIDATICO-OU-INSTRUCIONAL FINALIDADE="Material de Apoio ao ensino na disciplina de Gestão de Projetos e Processos." FINALIDADE-INGLES=""/><AUTORES NOME-COMPLETO-DO-AUTOR="Paulo Ricardo Oliveira da Costa Salgueiro" NOME-PARA-CITACAO="SALGUEIRO, P. R. O. C." ORDEM-DE-AUTORIA="1" NRO-ID-CNPQ="0010606333823322"/><AUTORES NOME-COMPLETO-DO-AUTOR="Pimenta, Vinicius" NOME-PARA-CITACAO="Pimenta, Vinicius" ORDEM-DE-AUTORIA="2" NRO-ID-CNPQ=""/><PALAVRAS-CHAVE PALAVRA-CHAVE-1="Projetos" PALAVRA-CHAVE-2="Processos" PALAVRA-CHAVE-3="" PALAVRA-CHAVE-4="" PALAVRA-CHAVE-5="" PALAVRA-CHAVE-6=""/><AREAS-DO-CONHECIMENTO><AREA-DO-CONHECIMENTO-1 NOME-GRANDE-AREA-DO-CONHECIMENTO="CIENCIAS_SOCIAIS_APLICADAS" NOME-DA-AREA-DO-CONHECIMENTO="" NOME-DA-SUB-AREA-DO-CONHECIMENTO="" NOME-DA-ESPECIALIDADE=""/><AREA-DO-CONHECIMENTO-2 NOME-GRANDE-AREA-DO-CONHECIMENTO="CIENCIAS_HUMANAS" NOME-DA-AREA-DO-CONHECIMENTO="Teologia" NOME-DA-SUB-AREA-DO-CONHECIMENTO="" NOME-DA-ESPECIALIDADE=""/></AREAS-DO-CONHECIMENTO></DESENVOLVIMENTO-DE-MATERIAL-DIDATICO-OU-INSTRUCIONAL><DESENVOLVIMENTO-DE-MATERIAL-DIDATICO-OU-INSTRUCIONAL SEQUENCIA-PRODUCAO="8"><DADOS-BASICOS-DO-MATERIAL-DIDATICO-OU-INSTRUCIONAL NATUREZA="Material de Ensino de Apoio" TITULO="Teorias da Administração" ANO="2011" PAIS="Brasil" IDIOMA="Português" MEIO-DE-DIVULGACAO="VARIOS" HOME-PAGE-DO-TRABALHO="" FLAG-RELEVANCIA="NAO" DOI="" TITULO-INGLES="" NATUREZA-INGLES="" FLAG-DIVULGACAO-CIENTIFICA="NAO"/><DETALHAMENTO-DO-MATERIAL-DIDATICO-OU-INSTRUCIONAL FINALIDADE="Material de apoio para ensino da Disciplina Teoria Geral da Administração" FINALIDADE-INGLES=""/><AUTORES NOME-COMPLETO-DO-AUTOR="Paulo Ricardo Oliveira da Costa Salgueiro" NOME-PARA-CITACAO="SALGUEIRO, P. R. O. C." ORDEM-DE-AUTORIA="1" NRO-ID-CNPQ="0010606333823322"/><AUTORES NOME-COMPLETO-DO-AUTOR="Pimenta, Vinicius" NOME-PARA-CITACAO="Pimenta, Vinicius" ORDEM-DE-AUTORIA="2" NRO-ID-CNPQ=""/><PALAVRAS-CHAVE PALAVRA-CHAVE-1="Teoria Clássica" PALAVRA-CHAVE-2="Teoria Científica" PALAVRA-CHAVE-3="Teoria Relações Humanas" PALAVRA-CHAVE-4="Teoria Sistêmica" PALAVRA-CHAVE-5="Teoria Caos" PALAVRA-CHAVE-6="Gestão do Conhecimento"/><AREAS-DO-CONHECIMENTO><AREA-DO-CONHECIMENTO-1 NOME-GRANDE-AREA-DO-CONHECIMENTO="CIENCIAS_SOCIAIS_APLICADAS" NOME-DA-AREA-DO-CONHECIMENTO="" NOME-DA-SUB-AREA-DO-CONHECIMENTO="" NOME-DA-ESPECIALIDADE=""/></AREAS-DO-CONHECIMENTO></DESENVOLVIMENTO-DE-MATERIAL-DIDATICO-OU-INSTRUCIONAL><DESENVOLVIMENTO-DE-MATERIAL-DIDATICO-OU-INSTRUCIONAL SEQUENCIA-PRODUCAO="9"><DADOS-BASICOS-DO-MATERIAL-DIDATICO-OU-INSTRUCIONAL NATUREZA="Material de Ensino de Apoio" TITULO="Gestão de Pessoas" ANO="2012" PAIS="Brasil" IDIOMA="Português" MEIO-DE-DIVULGACAO="NAO_INFORMADO" HOME-PAGE-DO-TRABALHO="" FLAG-RELEVANCIA="NAO" DOI="" TITULO-INGLES="" NATUREZA-INGLES="" FLAG-DIVULGACAO-CIENTIFICA="NAO"/><DETALHAMENTO-DO-MATERIAL-DIDATICO-OU-INSTRUCIONAL FINALIDADE="Material de Apoio para Ministrar Aulas" FINALIDADE-INGLES=""/><AUTORES NOME-COMPLETO-DO-AUTOR="Paulo Ricardo Oliveira da Costa Salgueiro" NOME-PARA-CITACAO="SALGUEIRO, P. R. O. C." ORDEM-DE-AUTORIA="1" NRO-ID-CNPQ="0010606333823322"/><PALAVRAS-CHAVE PALAVRA-CHAVE-1="Pessoas" PALAVRA-CHAVE-2="Administração de Recursos Humanos" PALAVRA-CHAVE-3="" PALAVRA-CHAVE-4="" PALAVRA-CHAVE-5="" PALAVRA-CHAVE-6=""/></DESENVOLVIMENTO-DE-MATERIAL-DIDATICO-OU-INSTRUCIONAL><DESENVOLVIMENTO-DE-MATERIAL-DIDATICO-OU-INSTRUCIONAL SEQUENCIA-PRODUCAO="6"><DADOS-BASICOS-DO-MATERIAL-DIDATICO-OU-INSTRUCIONAL NATUREZA="Material de Ensino de Apoio" TITULO="Modelagem Organizacional" ANO="2010" PAIS="Brasil" IDIOMA="Português" MEIO-DE-DIVULGACAO="VARIOS" HOME-PAGE-DO-TRABALHO="" FLAG-RELEVANCIA="NAO" DOI="" TITULO-INGLES="" NATUREZA-INGLES="" FLAG-DIVULGACAO-CIENTIFICA="NAO"/><DETALHAMENTO-DO-MATERIAL-DIDATICO-OU-INSTRUCIONAL FINALIDADE="Apoio ao ensino do conteúdo programático na cadeira de Modelagem Organizacional do curso de Administração." FINALIDADE-INGLES=""/><AUTORES NOME-COMPLETO-DO-AUTOR="Paulo Ricardo Oliveira da Costa Salgueiro" NOME-PARA-CITACAO="SALGUEIRO, P. R. O. C." ORDEM-DE-AUTORIA="1" NRO-ID-CNPQ="0010606333823322"/><AUTORES NOME-COMPLETO-DO-AUTOR="Pimenta, Vinicius" NOME-PARA-CITACAO="Pimenta, Vinicius" ORDEM-DE-AUTORIA="2" NRO-ID-CNPQ=""/><PALAVRAS-CHAVE PALAVRA-CHAVE-1="Modelos e Gestão" PALAVRA-CHAVE-2="Estruturas Organizacionais" PALAVRA-CHAVE-3="Visão, Missão e Valores" PALAVRA-CHAVE-4="" PALAVRA-CHAVE-5="" PALAVRA-CHAVE-6=""/><AREAS-DO-CONHECIMENTO><AREA-DO-CONHECIMENTO-1 NOME-GRANDE-AREA-DO-CONHECIMENTO="CIENCIAS_SOCIAIS_APLICADAS" NOME-DA-AREA-DO-CONHECIMENTO="" NOME-DA-SUB-AREA-DO-CONHECIMENTO="" NOME-DA-ESPECIALIDADE=""/></AREAS-DO-CONHECIMENTO></DESENVOLVIMENTO-DE-MATERIAL-DIDATICO-OU-INSTRUCIONAL></DEMAIS-TIPOS-DE-PRODUCAO-TECNICA></PRODUCAO-TECNICA><DADOS-COMPLEMENTARES><FORMACAO-COMPLEMENTAR><FORMACAO-COMPLEMENTAR-DE-EXTENSAO-UNIVERSITARIA SEQUENCIA-FORMACAO="3" NIVEL="8" CARGA-HORARIA="240" CODIGO-INSTITUICAO="001300000004" NOME-INSTITUICAO="Instituto Brasileiro de Administração Municipal" CODIGO-ORGAO="" NOME-ORGAO="" CODIGO-CURSO="90000002" NOME-CURSO="Análise de Sistemas e Métodos" STATUS-DO-CURSO="CONCLUIDO" ANO-DE-INICIO="1990" ANO-DE-CONCLUSAO="1990" NOME-CURSO-INGLES=""/><FORMACAO-COMPLEMENTAR-CURSO-DE-CURTA-DURACAO SEQUENCIA-FORMACAO="4" NIVEL="F" CARGA-HORARIA="40" CODIGO-INSTITUICAO="690000000004" NOME-INSTITUICAO="Babson College" CODIGO-ORGAO="" NOME-ORGAO="" CODIGO-CURSO="90000003" NOME-CURSO="Babson Entrepreneurship Program" STATUS-DO-CURSO="CONCLUIDO" ANO-DE-INICIO="2013" ANO-DE-CONCLUSAO="2013" NOME-CURSO-INGLES=""/><formacoesComplementaresPlana/></FORMACAO-COMPLEMENTAR><PARTICIPACAO-EM-EVENTOS-CONGRESSOS><PARTICIPACAO-EM-SEMINARIO SEQUENCIA-PRODUCAO="13"><PARTICIPANTE-DE-EVENTOS-CONGRESSOS NOME-COMPLETO-DO-PARTICIPANTE-DE-EVENTOS-CONGRESSOS="Paulo Ricardo Oliveira da Costa Salgueiro" NOME-PARA-CITACAO-DO-PARTICIPANTE-DE-EVENTOS-CONGRESSOS="SALGUEIRO, P. R. O. C." ORDEM-PARTICIPANTE="1" NRO-ID-CNPQ="0010606333823322"/><DADOS-BASICOS-DA-PARTICIPACAO-EM-SEMINARIO NATUREZA="Seminário" TITULO="TEMA: Gestão da Qualidade: definição de requisitos para controle dos processos de trabalho." ANO="2012" PAIS="Brasil" IDIOMA="" MEIO-DE-DIVULGACAO="NAO_INFORMADO" HOME-PAGE-DO-TRABALHO="http://www.esadweb.com.br/cursoareadetalhes.php?titulo=SEMINÁRIO DE GESTÃO DA INFORMAÇÃO - REQUISITOS PARA A GESTÃO DO CONHECIMENTO" FLAG-RELEVANCIA="NAO" TIPO-PARTICIPACAO="Apresentação oral" FORMA-PARTICIPACAO="Participante" DOI="" TITULO-INGLES="" FLAG-DIVULGACAO-CIENTIFICA="NAO"/><DETALHAMENTO-DA-PARTICIPACAO-EM-SEMINARIO NOME-DO-EVENTO="SEMINÁRIO DE GESTÃO DA INFORMAÇÃO ? REQUISITOS PARA A GESTÃO DO CONHECIMENTO" CODIGO-INSTITUICAO="" NOME-INSTITUICAO="" LOCAL-DO-EVENTO="" CIDADE-DO-EVENTO="Rio de Janeiro" NOME-DO-EVENTO-INGLES=""/></PARTICIPACAO-EM-SEMINARIO></PARTICIPACAO-EM-EVENTOS-CONGRESSOS><INFORMACOES-ADICIONAIS-INSTITUICOES><INFORMACAO-ADICIONAL-INSTITUICAO CODIGO-INSTITUICAO="000100000991" SIGLA-INSTITUICAO="TSOL" SIGLA-UF-INSTITUICAO="RJ" SIGLA-PAIS-INSTITUICAO="BRA" NOME-PAIS-INSTITUICAO="Brasil" FLAG-AGENCIA-FOMENTO="NAO" FLAG-INSTITUICAO-DE-ENSINO="NAO"/><INFORMACAO-ADICIONAL-INSTITUICAO CODIGO-INSTITUICAO="000200000993" SIGLA-INSTITUICAO="CRIE" SIGLA-UF-INSTITUICAO="RJ" SIGLA-PAIS-INSTITUICAO="BRA" NOME-PAIS-INSTITUICAO="Brasil" FLAG-AGENCIA-FOMENTO="SIM" FLAG-INSTITUICAO-DE-ENSINO="NAO"/><INFORMACAO-ADICIONAL-INSTITUICAO CODIGO-INSTITUICAO="000300000995" SIGLA-INSTITUICAO="LAN" SIGLA-UF-INSTITUICAO="RJ" SIGLA-PAIS-INSTITUICAO="BRA" NOME-PAIS-INSTITUICAO="Brasil" FLAG-AGENCIA-FOMENTO="NAO" FLAG-INSTITUICAO-DE-ENSINO="NAO"/><INFORMACAO-ADICIONAL-INSTITUICAO CODIGO-INSTITUICAO="000400000997" SIGLA-INSTITUICAO="CONTAX" SIGLA-UF-INSTITUICAO="RJ" SIGLA-PAIS-INSTITUICAO="BRA" NOME-PAIS-INSTITUICAO="Brasil" FLAG-AGENCIA-FOMENTO="NAO" FLAG-INSTITUICAO-DE-ENSINO="NAO"/><INFORMACAO-ADICIONAL-INSTITUICAO CODIGO-INSTITUICAO="000500000999" SIGLA-INSTITUICAO="INSS" SIGLA-UF-INSTITUICAO="DF" SIGLA-PAIS-INSTITUICAO="BRA" NOME-PAIS-INSTITUICAO="Brasil" FLAG-AGENCIA-FOMENTO="NAO" FLAG-INSTITUICAO-DE-ENSINO="NAO"/><INFORMACAO-ADICIONAL-INSTITUICAO CODIGO-INSTITUICAO="000600000990" SIGLA-INSTITUICAO="ELUMINI" SIGLA-UF-INSTITUICAO="RJ" SIGLA-PAIS-INSTITUICAO="BRA" NOME-PAIS-INSTITUICAO="Brasil" FLAG-AGENCIA-FOMENTO="NAO" FLAG-INSTITUICAO-DE-ENSINO="NAO"/><INFORMACAO-ADICIONAL-INSTITUICAO CODIGO-INSTITUICAO="000700000992" SIGLA-INSTITUICAO="NOTT" SIGLA-UF-INSTITUICAO="RJ" SIGLA-PAIS-INSTITUICAO="BRA" NOME-PAIS-INSTITUICAO="Brasil" FLAG-AGENCIA-FOMENTO="NAO" FLAG-INSTITUICAO-DE-ENSINO="NAO"/><INFORMACAO-ADICIONAL-INSTITUICAO CODIGO-INSTITUICAO="000800000994" SIGLA-INSTITUICAO="CEF" SIGLA-UF-INSTITUICAO="RJ" SIGLA-PAIS-INSTITUICAO="BRA" NOME-PAIS-INSTITUICAO="Brasil" FLAG-AGENCIA-FOMENTO="NAO" FLAG-INSTITUICAO-DE-ENSINO="NAO"/><INFORMACAO-ADICIONAL-INSTITUICAO CODIGO-INSTITUICAO="000900000996" SIGLA-INSTITUICAO="PROBID" SIGLA-UF-INSTITUICAO="RJ" SIGLA-PAIS-INSTITUICAO="BRA" NOME-PAIS-INSTITUICAO="Brasil" FLAG-AGENCIA-FOMENTO="NAO" FLAG-INSTITUICAO-DE-ENSINO="NAO"/><INFORMACAO-ADICIONAL-INSTITUICAO CODIGO-INSTITUICAO="001000000998" SIGLA-INSTITUICAO="ITESTE" SIGLA-UF-INSTITUICAO="RJ" SIGLA-PAIS-INSTITUICAO="BRA" NOME-PAIS-INSTITUICAO="Brasil" FLAG-AGENCIA-FOMENTO="NAO" FLAG-INSTITUICAO-DE-ENSINO="NAO"/><INFORMACAO-ADICIONAL-INSTITUICAO CODIGO-INSTITUICAO="001100000990" SIGLA-INSTITUICAO="ITESTE" SIGLA-UF-INSTITUICAO="RJ" SIGLA-PAIS-INSTITUICAO="BRA" NOME-PAIS-INSTITUICAO="Brasil" FLAG-AGENCIA-FOMENTO="NAO" FLAG-INSTITUICAO-DE-ENSINO="NAO"/><INFORMACAO-ADICIONAL-INSTITUICAO CODIGO-INSTITUICAO="001200000991" SIGLA-INSTITUICAO="A&amp;amp;G" SIGLA-UF-INSTITUICAO="RJ" SIGLA-PAIS-INSTITUICAO="BRA" NOME-PAIS-INSTITUICAO="Brasil" FLAG-AGENCIA-FOMENTO="NAO" FLAG-INSTITUICAO-DE-ENSINO="NAO"/><INFORMACAO-ADICIONAL-INSTITUICAO CODIGO-INSTITUICAO="001300000004" SIGLA-INSTITUICAO="IBAM" SIGLA-UF-INSTITUICAO="RJ" SIGLA-PAIS-INSTITUICAO="BRA" NOME-PAIS-INSTITUICAO="Brasil" FLAG-AGENCIA-FOMENTO="NAO" FLAG-INSTITUICAO-DE-ENSINO="NAO"/><INFORMACAO-ADICIONAL-INSTITUICAO CODIGO-INSTITUICAO="001300000993" SIGLA-INSTITUICAO="ITESTE" SIGLA-UF-INSTITUICAO="RJ" SIGLA-PAIS-INSTITUICAO="BRA" NOME-PAIS-INSTITUICAO="Brasil" FLAG-AGENCIA-FOMENTO="NAO" FLAG-INSTITUICAO-DE-ENSINO="NAO"/><INFORMACAO-ADICIONAL-INSTITUICAO CODIGO-INSTITUICAO="001400000995" SIGLA-INSTITUICAO="DSCON" SIGLA-UF-INSTITUICAO="RJ" SIGLA-PAIS-INSTITUICAO="BRA" NOME-PAIS-INSTITUICAO="Brasil" FLAG-AGENCIA-FOMENTO="NAO" FLAG-INSTITUICAO-DE-ENSINO="NAO"/><INFORMACAO-ADICIONAL-INSTITUICAO CODIGO-INSTITUICAO="001500000997" SIGLA-INSTITUICAO="CASA CIVIL RJ" SIGLA-UF-INSTITUICAO="RJ" SIGLA-PAIS-INSTITUICAO="BRA" NOME-PAIS-INSTITUICAO="Brasil" FLAG-AGENCIA-FOMENTO="NAO" FLAG-INSTITUICAO-DE-ENSINO="NAO"/><INFORMACAO-ADICIONAL-INSTITUICAO CODIGO-INSTITUICAO="001600000999" SIGLA-INSTITUICAO="ESAD" SIGLA-UF-INSTITUICAO="RJ" SIGLA-PAIS-INSTITUICAO="BRA" NOME-PAIS-INSTITUICAO="Brasil" FLAG-AGENCIA-FOMENTO="NAO" FLAG-INSTITUICAO-DE-ENSINO="NAO"/><INFORMACAO-ADICIONAL-INSTITUICAO CODIGO-INSTITUICAO="001700000990" SIGLA-INSTITUICAO="CDOIS" SIGLA-UF-INSTITUICAO="RJ" SIGLA-PAIS-INSTITUICAO="BRA" NOME-PAIS-INSTITUICAO="Brasil" FLAG-AGENCIA-FOMENTO="NAO" FLAG-INSTITUICAO-DE-ENSINO="NAO"/><INFORMACAO-ADICIONAL-INSTITUICAO CODIGO-INSTITUICAO="001800000992" SIGLA-INSTITUICAO="ZOE" SIGLA-UF-INSTITUICAO="RJ" SIGLA-PAIS-INSTITUICAO="BRA" NOME-PAIS-INSTITUICAO="Brasil" FLAG-AGENCIA-FOMENTO="NAO" FLAG-INSTITUICAO-DE-ENSINO="NAO"/><INFORMACAO-ADICIONAL-INSTITUICAO CODIGO-INSTITUICAO="055600000009" SIGLA-INSTITUICAO="COPPETEC" SIGLA-UF-INSTITUICAO="RJ" SIGLA-PAIS-INSTITUICAO="BRA" NOME-PAIS-INSTITUICAO="Brasil" FLAG-AGENCIA-FOMENTO="NAO" FLAG-INSTITUICAO-DE-ENSINO="NAO"/><INFORMACAO-ADICIONAL-INSTITUICAO CODIGO-INSTITUICAO="201900000008" SIGLA-INSTITUICAO="UNISUAM" SIGLA-UF-INSTITUICAO="RJ" SIGLA-PAIS-INSTITUICAO="BRA" NOME-PAIS-INSTITUICAO="Brasil" FLAG-AGENCIA-FOMENTO="NAO" FLAG-INSTITUICAO-DE-ENSINO="SIM"/><INFORMACAO-ADICIONAL-INSTITUICAO CODIGO-INSTITUICAO="690000000004" SIGLA-INSTITUICAO="B.C." SIGLA-UF-INSTITUICAO="" SIGLA-PAIS-INSTITUICAO="EUA" NOME-PAIS-INSTITUICAO="Estados Unidos" FLAG-AGENCIA-FOMENTO="NAO" FLAG-INSTITUICAO-DE-ENSINO="NAO"/></INFORMACOES-ADICIONAIS-INSTITUICOES><INFORMACOES-ADICIONAIS-CURSOS><INFORMACAO-ADICIONAL-CURSO CODIGO-CURSO="90000000" CODIGO-ORGAO="" NOME-ORGAO="" CODIGO-INSTITUICAO="055600000009" NOME-INSTITUICAO="Fundação Coordenação de Projetos, Pesquisas e Estudos Tecnológicos" NOME-GRANDE-AREA-DO-CONHECIMENTO="OUTROS" NOME-DA-AREA-DO-CONHECIMENTO="" NOME-DA-SUB-AREA-DO-CONHECIMENTO="" NOME-DA-ESPECIALIDADE="" NIVEL-CURSO="MESTRADO"/><INFORMACAO-ADICIONAL-CURSO CODIGO-CURSO="90000001" CODIGO-ORGAO="" NOME-ORGAO="" CODIGO-INSTITUICAO="201900000008" NOME-INSTITUICAO="Centro Universitário Augusto Motta" NOME-GRANDE-AREA-DO-CONHECIMENTO="CIENCIAS_HUMANAS" NOME-DA-AREA-DO-CONHECIMENTO="Geografia" NOME-DA-SUB-AREA-DO-CONHECIMENTO="" NOME-DA-ESPECIALIDADE="" NIVEL-CURSO="GRADUACAO"/><INFORMACAO-ADICIONAL-CURSO CODIGO-CURSO="90000002" CODIGO-ORGAO="" NOME-ORGAO="" CODIGO-INSTITUICAO="001300000004" NOME-INSTITUICAO="Instituto Brasileiro de Administração Municipal" NOME-GRANDE-AREA-DO-CONHECIMENTO="OUTROS" NOME-DA-AREA-DO-CONHECIMENTO="" NOME-DA-SUB-AREA-DO-CONHECIMENTO="" NOME-DA-ESPECIALIDADE="" NIVEL-CURSO="EXTENSAO_UNIVERSITARIA"/><INFORMACAO-ADICIONAL-CURSO CODIGO-CURSO="90000003" CODIGO-ORGAO="" NOME-ORGAO="" CODIGO-INSTITUICAO="690000000004" NOME-INSTITUICAO="Babson College" NOME-GRANDE-AREA-DO-CONHECIMENTO="CIENCIAS_SOCIAIS_APLICADAS" NOME-DA-AREA-DO-CONHECIMENTO="Administração" NOME-DA-SUB-AREA-DO-CONHECIMENTO="EMPREENDEDORISMO" NOME-DA-ESPECIALIDADE="" NIVEL-CURSO="CURSO_DE_CURTA_DURACAO"/><INFORMACAO-ADICIONAL-CURSO CODIGO-CURSO="90000004" CODIGO-ORGAO="" NOME-ORGAO="" CODIGO-INSTITUICAO="201900000008" NOME-INSTITUICAO="Centro Universitário Augusto Motta" NOME-GRANDE-AREA-DO-CONHECIMENTO="OUTROS" NOME-DA-AREA-DO-CONHECIMENTO="Multidisciplinar" NOME-DA-SUB-AREA-DO-CONHECIMENTO="" NOME-DA-ESPECIALIDADE="" NIVEL-CURSO="MESTRADO"/></INFORMACOES-ADICIONAIS-CURSOS></DADOS-COMPLEMENTARES><eventos/><DADOS-GERAIS-COMPLEMENTO><DATA-VALIDACAO>1482188040000</DATA-VALIDACAO><DATA-ATUALIZACAO-CURRICULO>1482188040000</DATA-ATUALIZACAO-CURRICULO><EMAIL-ALTERNATIVO>salgueiro.professor@gmail.com</EMAIL-ALTERNATIVO><IDIOMA-CURRICULO>PT</IDIOMA-CURRICULO><VERSAO-INGLES>S</VERSAO-INGLES><VALIDADO-SRF>N</VALIDADO-SRF></DADOS-GERAIS-COMPLEMENTO></CURRICULO-VITAE>