<CURRICULO-VITAE SISTEMA-ORIGEM-XML="LATTES_OFFLINE" NUMERO-IDENTIFICADOR="4822904147812798" FORMATO-DATA-ATUALIZACAO="DDMMAAAA" DATA-ATUALIZACAO="04102016" FORMATO-HORA-ATUALIZACAO="HHMMSS" HORA-ATUALIZACAO="163539"><DADOS-GERAIS NOME-COMPLETO="Jaqueline Guimarães Mendes" NOME-EM-CITACOES-BIBLIOGRAFICAS="MENDES, J. G." NACIONALIDADE="B" PAIS-DE-NASCIMENTO="Brasil" FORMATO-DATA-DE-NASCIMENTO="DDMMAAAA" FORMATO-DATA-DE-EMISSAO="DDMMAAAA" PERMISSAO-DE-DIVULGACAO="NAO" DATA-FALECIMENTO="" SIGLA-PAIS-NACIONALIDADE="BRA" PAIS-DE-NACIONALIDADE="Brasil"><RESUMO-CV TEXTO-RESUMO-CV-RH="Especialista em Gestão de Educação a Distância pela Universidade Federal Fluminense(UFF). Especialista em Direito Ambiental (UNIFOA). Graduada em Direito pela Universidade Veiga de Almeida (UVA). Graduada (licenciatura) em História pela Universidade Católica de Salvador (UCSAL). Mestranda em Desenvolvimento Local, (UNISUAM). Atua em Educação presencial e a distância com destaque para as áreas de Direito Ambiental, Responsabilidade Socioambiental, Desenvolvimento Sustentável, Patrimônio Histórico e Cultural. ." TEXTO-RESUMO-CV-RH-EN="bachelor's at DIREITO from Universidade Veiga de Almeida (2000) and bachelor's at LICENCIATURA EM HISTÓRIA from Universidade Católica do Salvador (1992). , acting on the following subjects: meio ambiente, patrimônio cultural, história, informática educacional and interdisciplinaridade."/><OUTRAS-INFORMACOES-RELEVANTES OUTRAS-INFORMACOES-RELEVANTES="Atua com o professora-tutora na Fundação Getúlio Vargas - FGV online."/><ENDERECO FLAG-DE-PREFERENCIA="ENDERECO_RESIDENCIAL"><ENDERECO-PROFISSIONAL CODIGO-INSTITUICAO-EMPRESA="201900000008" NOME-INSTITUICAO-EMPRESA="Centro Universitário Augusto Motta" CODIGO-ORGAO="201901000990" NOME-ORGAO="Coordenação de Educação a Distância" CODIGO-UNIDADE="" NOME-UNIDADE="" LOGRADOURO-COMPLEMENTO="Av. Paris, 72" PAIS="Brasil" UF="RJ" CEP="21610330" CIDADE="Rio de Janeiro" BAIRRO="Bonsucesso" DDD="21" TELEFONE="38829725" RAMAL="" FAX="" E-MAIL="jaquelinemenes232@hotmail.com" HOME-PAGE="www.unisuam.edu.br"/></ENDERECO><FORMACAO-ACADEMICA-TITULACAO><GRADUACAO SEQUENCIA-FORMACAO="3" NIVEL="1" TITULO-DO-TRABALHO-DE-CONCLUSAO-DE-CURSO="" NOME-DO-ORIENTADOR="" CODIGO-INSTITUICAO="586600000000" NOME-INSTITUICAO="Universidade Veiga de Almeida" CODIGO-ORGAO="" NOME-ORGAO="" CODIGO-CURSO="90000002" NOME-CURSO="DIREITO" CODIGO-AREA-CURSO="90000002" STATUS-DO-CURSO="CONCLUIDO" ANO-DE-INICIO="1995" ANO-DE-CONCLUSAO="2000" FLAG-BOLSA="NAO" CODIGO-AGENCIA-FINANCIADORA="" NOME-AGENCIA="" NUMERO-ID-ORIENTADOR="" CODIGO-CURSO-CAPES="" TITULO-DO-TRABALHO-DE-CONCLUSAO-DE-CURSO-INGLES="" NOME-CURSO-INGLES="" FORMACAO-ACADEMICA-TITULACAO="" TIPO-GRADUACAO="" CODIGO-INSTITUICAO-GRAD="" NOME-INSTITUICAO-GRAD="" CODIGO-INSTITUICAO-OUTRA-GRAD="" NOME-INSTITUICAO-OUTRA-GRAD="" NOME-ORIENTADOR-GRAD=""/><GRADUACAO SEQUENCIA-FORMACAO="2" NIVEL="1" TITULO-DO-TRABALHO-DE-CONCLUSAO-DE-CURSO="" NOME-DO-ORIENTADOR="" CODIGO-INSTITUICAO="154900000002" NOME-INSTITUICAO="Universidade Católica do Salvador" CODIGO-ORGAO="" NOME-ORGAO="" CODIGO-CURSO="90000001" NOME-CURSO="LICENCIATURA EM HISTÓRIA" CODIGO-AREA-CURSO="90000001" STATUS-DO-CURSO="CONCLUIDO" ANO-DE-INICIO="1988" ANO-DE-CONCLUSAO="1992" FLAG-BOLSA="NAO" CODIGO-AGENCIA-FINANCIADORA="" NOME-AGENCIA="" NUMERO-ID-ORIENTADOR="" CODIGO-CURSO-CAPES="" TITULO-DO-TRABALHO-DE-CONCLUSAO-DE-CURSO-INGLES="" NOME-CURSO-INGLES="" FORMACAO-ACADEMICA-TITULACAO="" TIPO-GRADUACAO="" CODIGO-INSTITUICAO-GRAD="" NOME-INSTITUICAO-GRAD="" CODIGO-INSTITUICAO-OUTRA-GRAD="" NOME-INSTITUICAO-OUTRA-GRAD="" NOME-ORIENTADOR-GRAD=""/><ESPECIALIZACAO SEQUENCIA-FORMACAO="1" NIVEL="2" TITULO-DA-MONOGRAFIA="MEIO AMBIENTE CULTURA: UMA JUSTIFICATIVA PARA A SUA PROTEÇÃO LEGAL" NOME-DO-ORIENTADOR="CHRISTIANE BERNARDO" CODIGO-INSTITUICAO="454100000007" NOME-INSTITUICAO="Centro Universitário de Volta Redonda" CODIGO-ORGAO="" NOME-ORGAO="" CODIGO-CURSO="90000000" NOME-CURSO="DIREITO AMBIENTAL" STATUS-DO-CURSO="CONCLUIDO" ANO-DE-INICIO="2003" ANO-DE-CONCLUSAO="2004" FLAG-BOLSA="NAO" CODIGO-AGENCIA-FINANCIADORA="" NOME-AGENCIA="" CARGA-HORARIA="360" TITULO-DA-MONOGRAFIA-INGLES="" NOME-CURSO-INGLES=""/><ESPECIALIZACAO SEQUENCIA-FORMACAO="4" NIVEL="2" TITULO-DA-MONOGRAFIA="O PAPEL DA COMUNICAÇÃO NA GESTÃO EM EAD - A INTERAÇÃO ENTRE OS ATORES DO PROCESSO" NOME-DO-ORIENTADOR="Desirée Palharini" CODIGO-INSTITUICAO="000500000000" NOME-INSTITUICAO="Universidade Federal Fluminense" CODIGO-ORGAO="" NOME-ORGAO="" CODIGO-CURSO="90000005" NOME-CURSO="Planejamento, Implementação e Gestão da EAD" STATUS-DO-CURSO="CONCLUIDO" ANO-DE-INICIO="2009" ANO-DE-CONCLUSAO="2012" FLAG-BOLSA="NAO" CODIGO-AGENCIA-FINANCIADORA="" NOME-AGENCIA="" CARGA-HORARIA="360" TITULO-DA-MONOGRAFIA-INGLES="" NOME-CURSO-INGLES=""/></FORMACAO-ACADEMICA-TITULACAO><ATUACOES-PROFISSIONAIS><ATUACAO-PROFISSIONAL CODIGO-INSTITUICAO="985600043530" NOME-INSTITUICAO="Fundação de Apoio à Escola Técnica do Estado do Rio de Janeiro" SEQUENCIA-ATIVIDADE="1" SEQUENCIA-IMPORTANCIA="5"><VINCULOS SEQUENCIA-HISTORICO="1" TIPO-DE-VINCULO="LIVRE" ENQUADRAMENTO-FUNCIONAL="LIVRE" CARGA-HORARIA-SEMANAL="40" FLAG-DEDICACAO-EXCLUSIVA="NAO" MES-INICIO="07" ANO-INICIO="2007" MES-FIM="04" ANO-FIM="2009" OUTRAS-INFORMACOES="" FLAG-VINCULO-EMPREGATICIO="SIM" OUTRO-VINCULO-INFORMADO="PROFESSOR CONTRATADO" OUTRO-ENQUADRAMENTO-FUNCIONAL-INFORMADO="PROFESSOR" OUTRO-ENQUADRAMENTO-FUNCIONAL-INFORMADO-INGLES="" OUTRAS-INFORMACOES-INGLES=""/><atividadesProfissionaisPlanificadas/></ATUACAO-PROFISSIONAL><ATUACAO-PROFISSIONAL CODIGO-INSTITUICAO="000100000991" NOME-INSTITUICAO="INTITUTO DE ESTUDOS DE DIREITOS HUMANOS E MEIO AMBIENTE" SEQUENCIA-ATIVIDADE="2" SEQUENCIA-IMPORTANCIA="4"><VINCULOS SEQUENCIA-HISTORICO="1" TIPO-DE-VINCULO="LIVRE" ENQUADRAMENTO-FUNCIONAL="LIVRE" CARGA-HORARIA-SEMANAL="" FLAG-DEDICACAO-EXCLUSIVA="NAO" MES-INICIO="11" ANO-INICIO="2005" MES-FIM="11" ANO-FIM="2012" OUTRAS-INFORMACOES="Colaborador - Autônomo - RPA" FLAG-VINCULO-EMPREGATICIO="SIM" OUTRO-VINCULO-INFORMADO="MEMBRO" OUTRO-ENQUADRAMENTO-FUNCIONAL-INFORMADO="COORDENADORA PEDAGÓGICA/PROFESSORA" OUTRO-ENQUADRAMENTO-FUNCIONAL-INFORMADO-INGLES="" OUTRAS-INFORMACOES-INGLES=""/><atividadesProfissionaisPlanificadas/></ATUACAO-PROFISSIONAL><ATUACAO-PROFISSIONAL CODIGO-INSTITUICAO="000200000993" NOME-INSTITUICAO="TREND TECNOLOGIA EDUCACIONAL" SEQUENCIA-ATIVIDADE="4" SEQUENCIA-IMPORTANCIA="6"><VINCULOS SEQUENCIA-HISTORICO="1" TIPO-DE-VINCULO="LIVRE" ENQUADRAMENTO-FUNCIONAL="LIVRE" CARGA-HORARIA-SEMANAL="40" FLAG-DEDICACAO-EXCLUSIVA="SIM" MES-INICIO="05" ANO-INICIO="1994" MES-FIM="02" ANO-FIM="2003" OUTRAS-INFORMACOES="" FLAG-VINCULO-EMPREGATICIO="NAO" OUTRO-VINCULO-INFORMADO="Celetista formal" OUTRO-ENQUADRAMENTO-FUNCIONAL-INFORMADO="PROFESSOR" OUTRO-ENQUADRAMENTO-FUNCIONAL-INFORMADO-INGLES="" OUTRAS-INFORMACOES-INGLES=""/><atividadesProfissionaisPlanificadas/></ATUACAO-PROFISSIONAL><ATUACAO-PROFISSIONAL CODIGO-INSTITUICAO="063400000006" NOME-INSTITUICAO="Governo do Estado da Bahia" SEQUENCIA-ATIVIDADE="5" SEQUENCIA-IMPORTANCIA="7"><VINCULOS SEQUENCIA-HISTORICO="1" TIPO-DE-VINCULO="LIVRE" ENQUADRAMENTO-FUNCIONAL="LIVRE" CARGA-HORARIA-SEMANAL="40" FLAG-DEDICACAO-EXCLUSIVA="SIM" MES-INICIO="03" ANO-INICIO="1993" MES-FIM="02" ANO-FIM="1996" OUTRAS-INFORMACOES="" FLAG-VINCULO-EMPREGATICIO="NAO" OUTRO-VINCULO-INFORMADO="" OUTRO-ENQUADRAMENTO-FUNCIONAL-INFORMADO="PROFESSOR" OUTRO-ENQUADRAMENTO-FUNCIONAL-INFORMADO-INGLES="" OUTRAS-INFORMACOES-INGLES=""/><atividadesProfissionaisPlanificadas/></ATUACAO-PROFISSIONAL><ATUACAO-PROFISSIONAL CODIGO-INSTITUICAO="201900000008" NOME-INSTITUICAO="Centro Universitário Augusto Motta" SEQUENCIA-ATIVIDADE="6" SEQUENCIA-IMPORTANCIA="1"><VINCULOS SEQUENCIA-HISTORICO="1" TIPO-DE-VINCULO="LIVRE" ENQUADRAMENTO-FUNCIONAL="LIVRE" CARGA-HORARIA-SEMANAL="40" FLAG-DEDICACAO-EXCLUSIVA="NAO" MES-INICIO="03" ANO-INICIO="2009" MES-FIM="" ANO-FIM="" OUTRAS-INFORMACOES="" FLAG-VINCULO-EMPREGATICIO="NAO" OUTRO-VINCULO-INFORMADO="Celetista formal" OUTRO-ENQUADRAMENTO-FUNCIONAL-INFORMADO="PROFESSOR AUXILIAR" OUTRO-ENQUADRAMENTO-FUNCIONAL-INFORMADO-INGLES="" OUTRAS-INFORMACOES-INGLES=""/><atividadesProfissionaisPlanificadas/></ATUACAO-PROFISSIONAL><ATUACAO-PROFISSIONAL CODIGO-INSTITUICAO="000400000008" NOME-INSTITUICAO="Fundação Getúlio Vargas" SEQUENCIA-ATIVIDADE="7" SEQUENCIA-IMPORTANCIA="2"><VINCULOS SEQUENCIA-HISTORICO="1" TIPO-DE-VINCULO="LIVRE" ENQUADRAMENTO-FUNCIONAL="LIVRE" CARGA-HORARIA-SEMANAL="30" FLAG-DEDICACAO-EXCLUSIVA="NAO" MES-INICIO="08" ANO-INICIO="2010" MES-FIM="" ANO-FIM="" OUTRAS-INFORMACOES="RPA" FLAG-VINCULO-EMPREGATICIO="SIM" OUTRO-VINCULO-INFORMADO="Cooperativa" OUTRO-ENQUADRAMENTO-FUNCIONAL-INFORMADO="Professor-tutor" OUTRO-ENQUADRAMENTO-FUNCIONAL-INFORMADO-INGLES="" OUTRAS-INFORMACOES-INGLES=""/><atividadesProfissionaisPlanificadas/></ATUACAO-PROFISSIONAL><ATUACAO-PROFISSIONAL CODIGO-INSTITUICAO="117700000004" NOME-INSTITUICAO="Universidade do Grande Rio" SEQUENCIA-ATIVIDADE="8" SEQUENCIA-IMPORTANCIA="3"><VINCULOS SEQUENCIA-HISTORICO="1" TIPO-DE-VINCULO="LIVRE" ENQUADRAMENTO-FUNCIONAL="LIVRE" CARGA-HORARIA-SEMANAL="20" FLAG-DEDICACAO-EXCLUSIVA="NAO" MES-INICIO="09" ANO-INICIO="2010" MES-FIM="12" ANO-FIM="2010" OUTRAS-INFORMACOES="" FLAG-VINCULO-EMPREGATICIO="NAO" OUTRO-VINCULO-INFORMADO="Empregado" OUTRO-ENQUADRAMENTO-FUNCIONAL-INFORMADO="Professor-tutor" OUTRO-ENQUADRAMENTO-FUNCIONAL-INFORMADO-INGLES="" OUTRAS-INFORMACOES-INGLES=""/><atividadesProfissionaisPlanificadas/></ATUACAO-PROFISSIONAL><ATUACAO-PROFISSIONAL CODIGO-INSTITUICAO="000300000995" NOME-INSTITUICAO="CAPES" SEQUENCIA-ATIVIDADE="9" SEQUENCIA-IMPORTANCIA="8"><VINCULOS SEQUENCIA-HISTORICO="2" TIPO-DE-VINCULO="LIVRE" ENQUADRAMENTO-FUNCIONAL="LIVRE" CARGA-HORARIA-SEMANAL="14" FLAG-DEDICACAO-EXCLUSIVA="NAO" MES-INICIO="" ANO-INICIO="2014" MES-FIM="" ANO-FIM="" OUTRAS-INFORMACOES="" FLAG-VINCULO-EMPREGATICIO="SIM" OUTRO-VINCULO-INFORMADO="Bolsista" OUTRO-ENQUADRAMENTO-FUNCIONAL-INFORMADO="BOLSISTA - MESTRANDA" OUTRO-ENQUADRAMENTO-FUNCIONAL-INFORMADO-INGLES="" OUTRAS-INFORMACOES-INGLES=""/><ATIVIDADES-DE-PARTICIPACAO-EM-PROJETO><PARTICIPACAO-EM-PROJETO SEQUENCIA-FUNCAO-ATIVIDADE="1" FLAG-PERIODO="ATUAL" MES-INICIO="" ANO-INICIO="2014" MES-FIM="" ANO-FIM="" CODIGO-ORGAO="000301000999" NOME-ORGAO="OBEDUC" CODIGO-UNIDADE="" NOME-UNIDADE=""><PROJETO-DE-PESQUISA SEQUENCIA-PROJETO="1" ANO-INICIO="2014" ANO-FIM="" NOME-DO-PROJETO="Ambenap" SITUACAO="EM_ANDAMENTO" NATUREZA="PESQUISA" NUMERO-GRADUACAO="4" NUMERO-ESPECIALIZACAO="1" NUMERO-MESTRADO-ACADEMICO="" NUMERO-MESTRADO-PROF="3" NUMERO-DOUTORADO="" DESCRICAO-DO-PROJETO="IMPLICAÇÕES DO AMBIENTE NO PROCESSO DE ENSINO APRENDIZAGEM: ESTUDO SOBRE ESCOLAS PÚBLICAS DO COMPLEXO DO ALEMÃO NA CIDADE DO RIO DE JANEIRO - AMBENAP" IDENTIFICADOR-PROJETO="" DESCRICAO-DO-PROJETO-INGLES="" NOME-DO-PROJETO-INGLES="" FLAG-POTENCIAL-INOVACAO="NAO" FLAG-PROJETO-CERTIFICADO="nao" NOME-COORDENADOR-CERTIFICACAO="" FORMATO-DATA-CERTIFICACAO="DDMMAAAA" DATA-CERTIFICACAO="" NUMERO_TECNICO_NIVEL_MEDIO=""><EQUIPE-DO-PROJETO><INTEGRANTES-DO-PROJETO NOME-COMPLETO="Jaqueline Guimarães Mendes" NOME-PARA-CITACAO="MENDES, J. G." ORDEM-DE-INTEGRACAO="1" FLAG-RESPONSAVEL="SIM" NRO-ID-CNPQ="4822904147812798"/><INTEGRANTES-DO-PROJETO NOME-COMPLETO="MARIA GERALDA DE MIRANDA" NOME-PARA-CITACAO="MIRANDA, M. G." ORDEM-DE-INTEGRACAO="2" FLAG-RESPONSAVEL="NAO" NRO-ID-CNPQ=""/></EQUIPE-DO-PROJETO></PROJETO-DE-PESQUISA></PARTICIPACAO-EM-PROJETO></ATIVIDADES-DE-PARTICIPACAO-EM-PROJETO><atividadesProfissionaisPlanificadas/></ATUACAO-PROFISSIONAL></ATUACOES-PROFISSIONAIS><AREAS-DE-ATUACAO><AREA-DE-ATUACAO SEQUENCIA-AREA-DE-ATUACAO="1" NOME-GRANDE-AREA-DO-CONHECIMENTO="CIENCIAS_SOCIAIS_APLICADAS" NOME-DA-AREA-DO-CONHECIMENTO="Direito" NOME-DA-SUB-AREA-DO-CONHECIMENTO="Direito Ambiental" NOME-DA-ESPECIALIDADE=""/><AREA-DE-ATUACAO SEQUENCIA-AREA-DE-ATUACAO="2" NOME-GRANDE-AREA-DO-CONHECIMENTO="CIENCIAS_HUMANAS" NOME-DA-AREA-DO-CONHECIMENTO="Educação" NOME-DA-SUB-AREA-DO-CONHECIMENTO="Educação a distância" NOME-DA-ESPECIALIDADE=""/></AREAS-DE-ATUACAO><staValidado/><dataExibicao/><dadosBolsista/></DADOS-GERAIS><PRODUCAO-BIBLIOGRAFICA><LIVROS-E-CAPITULOS><CAPITULOS-DE-LIVROS-PUBLICADOS><CAPITULO-DE-LIVRO-PUBLICADO SEQUENCIA-PRODUCAO="21"><DADOS-BASICOS-DO-CAPITULO TIPO="Capítulo de livro publicado" TITULO-DO-CAPITULO-DO-LIVRO="EDUCAÇÃO AMBIENTAL PARA OS RECURSOS HÍDRICOS" ANO="2016" PAIS-DE-PUBLICACAO="Brasil" IDIOMA="Português" MEIO-DE-DIVULGACAO="IMPRESSO" HOME-PAGE-DO-TRABALHO="" FLAG-RELEVANCIA="NAO" DOI="" TITULO-DO-CAPITULO-DO-LIVRO-INGLES="EDUCAÇÃO AMBIENTAL PARA OS RECURSOS HÍDRICOS" FLAG-DIVULGACAO-CIENTIFICA="SIM"/><DETALHAMENTO-DO-CAPITULO TITULO-DO-LIVRO="EDUCAÇÃO E INCLUSÃO SOCIOAMBIENTAL" NUMERO-DE-VOLUMES="1" PAGINA-INICIAL="1" PAGINA-FINAL="162" ISBN="9788544409695" ORGANIZADORES="MARIA GERALDA DE MIRANDA e KATIA ELIANE SANTOS AVELAR" NUMERO-DA-EDICAO-REVISAO="1" NUMERO-DA-SERIE="4" CIDADE-DA-EDITORA="CURITIBA" NOME-DA-EDITORA="CRV"/><AUTORES NOME-COMPLETO-DO-AUTOR="Jaqueline Guimarães Mendes" NOME-PARA-CITACAO="MENDES, J. G." ORDEM-DE-AUTORIA="1" NRO-ID-CNPQ="4822904147812798"/><AUTORES NOME-COMPLETO-DO-AUTOR="MARIA GERALDA DE MIRANDA" NOME-PARA-CITACAO="MIRANDA, M. G." ORDEM-DE-AUTORIA="2" NRO-ID-CNPQ=""/><SETORES-DE-ATIVIDADE SETOR-DE-ATIVIDADE-1="Educação" SETOR-DE-ATIVIDADE-2="" SETOR-DE-ATIVIDADE-3=""/></CAPITULO-DE-LIVRO-PUBLICADO></CAPITULOS-DE-LIVROS-PUBLICADOS></LIVROS-E-CAPITULOS></PRODUCAO-BIBLIOGRAFICA><PRODUCAO-TECNICA><SOFTWARE SEQUENCIA-PRODUCAO="10"><DADOS-BASICOS-DO-SOFTWARE NATUREZA="MULTIMIDIA" TITULO-DO-SOFTWARE="PROJETO INTERAÇÃO" ANO="1998" PAIS="Brasil" IDIOMA="" MEIO-DE-DIVULGACAO="HIPERTEXTO" HOME-PAGE-DO-TRABALHO="" FLAG-RELEVANCIA="NAO" DOI="" TITULO-DO-SOFTWARE-INGLES="" FLAG-DIVULGACAO-CIENTIFICA="NAO" FLAG-POTENCIAL-INOVACAO="NAO"/><DETALHAMENTO-DO-SOFTWARE FINALIDADE="sOFTWARE MULTIMÍDIA MATERIAL DE APOIO ÀS ESCOLAS - ENSINO MÉDIO" PLATAFORMA="" AMBIENTE="" DISPONIBILIDADE="NAO_INFORMADO" INSTITUICAO-FINANCIADORA="" FINALIDADE-INGLES=""/><AUTORES NOME-COMPLETO-DO-AUTOR="Jaqueline Guimarães Mendes" NOME-PARA-CITACAO="MENDES, J. G." ORDEM-DE-AUTORIA="1" NRO-ID-CNPQ="4822904147812798"/><PALAVRAS-CHAVE PALAVRA-CHAVE-1="INFORMÁTICA EDUCACIONAL" PALAVRA-CHAVE-2="interdisciplinaridade" PALAVRA-CHAVE-3="história" PALAVRA-CHAVE-4="" PALAVRA-CHAVE-5="" PALAVRA-CHAVE-6=""/><AREAS-DO-CONHECIMENTO><AREA-DO-CONHECIMENTO-1 NOME-GRANDE-AREA-DO-CONHECIMENTO="CIENCIAS_HUMANAS" NOME-DA-AREA-DO-CONHECIMENTO="" NOME-DA-SUB-AREA-DO-CONHECIMENTO="" NOME-DA-ESPECIALIDADE=""/><AREA-DO-CONHECIMENTO-2 NOME-GRANDE-AREA-DO-CONHECIMENTO="CIENCIAS_HUMANAS" NOME-DA-AREA-DO-CONHECIMENTO="Educação" NOME-DA-SUB-AREA-DO-CONHECIMENTO="" NOME-DA-ESPECIALIDADE=""/></AREAS-DO-CONHECIMENTO><SETORES-DE-ATIVIDADE SETOR-DE-ATIVIDADE-1="Educação" SETOR-DE-ATIVIDADE-2="" SETOR-DE-ATIVIDADE-3=""/></SOFTWARE><TRABALHO-TECNICO SEQUENCIA-PRODUCAO="17"><DADOS-BASICOS-DO-TRABALHO-TECNICO NATUREZA="CONSULTORIA" TITULO-DO-TRABALHO-TECNICO="Conformidade Legal - auditoria interna - IISO 14.001" ANO="2011" PAIS="Brasil" MEIO-DE-DIVULGACAO="IMPRESSO" HOME-PAGE-DO-TRABALHO="" IDIOMA="Português" FLAG-RELEVANCIA="NAO" DOI="" TITULO-DO-TRABALHO-TECNICO-INGLES=""/><DETALHAMENTO-DO-TRABALHO-TECNICO FINALIDADE="Auditoria interna de Confrmidade legal para fins de certificação ISO 14.001 - empresa de Telefonia" DURACAO-EM-MESES="2" NUMERO-DE-PAGINAS="50" DISPONIBILIDADE="RESTRITA" INSTITUICAO-FINANCIADORA="" CIDADE-DO-TRABALHO="Rio de Janeiro" FINALIDADE-INGLES=""/><AUTORES NOME-COMPLETO-DO-AUTOR="Jaqueline Guimarães Mendes" NOME-PARA-CITACAO="MENDES, J. G." ORDEM-DE-AUTORIA="1" NRO-ID-CNPQ="4822904147812798"/></TRABALHO-TECNICO><DEMAIS-TIPOS-DE-PRODUCAO-TECNICA><APRESENTACAO-DE-TRABALHO SEQUENCIA-PRODUCAO="1"><DADOS-BASICOS-DA-APRESENTACAO-DE-TRABALHO NATUREZA="CONGRESSO" TITULO="INFORMÁTICA: Uma ferramenta na construção da História" ANO="1999" PAIS="Brasil" IDIOMA="Português" FLAG-RELEVANCIA="NAO" DOI="" TITULO-INGLES="INFORMÁTICA: Uma ferramenta na construção da História" FLAG-DIVULGACAO-CIENTIFICA="NAO"/><DETALHAMENTO-DA-APRESENTACAO-DE-TRABALHO NOME-DO-EVENTO="III COINFE - CONGESSO ESTADUAL DE INFORMÁTICA NA EDUCAÇÃO / ii CONGRESSO DE INFORMÁTICA NA EDUCAÇÃO DA UERJ / VIII ENCONTRO DA EDUCAÇÃO COM A INFORMÁTICA" INSTITUICAO-PROMOTORA="UERJ" LOCAL-DA-APRESENTACAO="INSTITUTO DE EDUCAÇÃO DO RIO DE JANEIRO" CIDADE-DA-APRESENTACAO="RIO DE JANEIRO" NOME-DO-EVENTO-INGLES=""/><AUTORES NOME-COMPLETO-DO-AUTOR="Jaqueline Guimarães Mendes" NOME-PARA-CITACAO="MENDES, J. G." ORDEM-DE-AUTORIA="1" NRO-ID-CNPQ="4822904147812798"/><AREAS-DO-CONHECIMENTO><AREA-DO-CONHECIMENTO-1 NOME-GRANDE-AREA-DO-CONHECIMENTO="CIENCIAS_HUMANAS" NOME-DA-AREA-DO-CONHECIMENTO="" NOME-DA-SUB-AREA-DO-CONHECIMENTO="" NOME-DA-ESPECIALIDADE=""/><AREA-DO-CONHECIMENTO-2 NOME-GRANDE-AREA-DO-CONHECIMENTO="CIENCIAS_HUMANAS" NOME-DA-AREA-DO-CONHECIMENTO="Educação" NOME-DA-SUB-AREA-DO-CONHECIMENTO="" NOME-DA-ESPECIALIDADE=""/><AREA-DO-CONHECIMENTO-3 NOME-GRANDE-AREA-DO-CONHECIMENTO="CIENCIAS_EXATAS_E_DA_TERRA" NOME-DA-AREA-DO-CONHECIMENTO="Ciência da Computação" NOME-DA-SUB-AREA-DO-CONHECIMENTO="" NOME-DA-ESPECIALIDADE=""/></AREAS-DO-CONHECIMENTO><SETORES-DE-ATIVIDADE SETOR-DE-ATIVIDADE-1="Educação" SETOR-DE-ATIVIDADE-2="" SETOR-DE-ATIVIDADE-3=""/></APRESENTACAO-DE-TRABALHO><APRESENTACAO-DE-TRABALHO SEQUENCIA-PRODUCAO="2"><DADOS-BASICOS-DA-APRESENTACAO-DE-TRABALHO NATUREZA="SEMINARIO" TITULO="Meio Ambiente cultural - Uma justificativa para a sua proteção legal" ANO="2008" PAIS="Brasil" IDIOMA="Português" FLAG-RELEVANCIA="SIM" DOI="" TITULO-INGLES="Meio Ambiente cultural - Uma justificativa para a sua proteção legal" FLAG-DIVULGACAO-CIENTIFICA="NAO"/><DETALHAMENTO-DA-APRESENTACAO-DE-TRABALHO NOME-DO-EVENTO="I SEMINÁRIO DE DIREITO AMBIENTAL" INSTITUICAO-PROMOTORA="IEDHMA - INSTITUTO DE ESTUDOS DE DIREITOS HUMANOS E MEIO AMBIENTE" LOCAL-DA-APRESENTACAO="HOTEL FAZENDA DO ROCHEDO -" CIDADE-DA-APRESENTACAO="SÃO JOÃO DEL REI / MG" NOME-DO-EVENTO-INGLES=""/><AUTORES NOME-COMPLETO-DO-AUTOR="Jaqueline Guimarães Mendes" NOME-PARA-CITACAO="MENDES, J. G." ORDEM-DE-AUTORIA="1" NRO-ID-CNPQ="4822904147812798"/><PALAVRAS-CHAVE PALAVRA-CHAVE-1="PATRIMÔNIO CULTURAL" PALAVRA-CHAVE-2="MEIO AMBIENTE" PALAVRA-CHAVE-3="" PALAVRA-CHAVE-4="" PALAVRA-CHAVE-5="" PALAVRA-CHAVE-6=""/><AREAS-DO-CONHECIMENTO><AREA-DO-CONHECIMENTO-1 NOME-GRANDE-AREA-DO-CONHECIMENTO="CIENCIAS_HUMANAS" NOME-DA-AREA-DO-CONHECIMENTO="" NOME-DA-SUB-AREA-DO-CONHECIMENTO="" NOME-DA-ESPECIALIDADE=""/><AREA-DO-CONHECIMENTO-2 NOME-GRANDE-AREA-DO-CONHECIMENTO="OUTROS" NOME-DA-AREA-DO-CONHECIMENTO="Ciências Ambientais" NOME-DA-SUB-AREA-DO-CONHECIMENTO="" NOME-DA-ESPECIALIDADE=""/><AREA-DO-CONHECIMENTO-3 NOME-GRANDE-AREA-DO-CONHECIMENTO="CIENCIAS_SOCIAIS_APLICADAS" NOME-DA-AREA-DO-CONHECIMENTO="Arquitetura e Urbanismo" NOME-DA-SUB-AREA-DO-CONHECIMENTO="" NOME-DA-ESPECIALIDADE=""/></AREAS-DO-CONHECIMENTO><SETORES-DE-ATIVIDADE SETOR-DE-ATIVIDADE-1="Educação" SETOR-DE-ATIVIDADE-2="" SETOR-DE-ATIVIDADE-3=""/></APRESENTACAO-DE-TRABALHO><APRESENTACAO-DE-TRABALHO SEQUENCIA-PRODUCAO="3"><DADOS-BASICOS-DA-APRESENTACAO-DE-TRABALHO NATUREZA="SEMINARIO" TITULO="PROTEÇÃO LEGAL DO PATRIMÔNIO HISTÓRICO CULTURAL" ANO="2007" PAIS="Brasil" IDIOMA="Português" FLAG-RELEVANCIA="SIM" DOI="" TITULO-INGLES="PROTEÇÃO LEGAL DO PATRIMÔNIO HISTÓRICO CULTURAL" FLAG-DIVULGACAO-CIENTIFICA="NAO"/><DETALHAMENTO-DA-APRESENTACAO-DE-TRABALHO NOME-DO-EVENTO="I CURSO DE DIREITO AMBIENTAL DA COMISSÃO DE DIREITO AMBIENTAL DA OAB/PETROPOLIS" INSTITUICAO-PROMOTORA="ORDEM DOS ADVOGADOS DO BRASIL - RIO DE JANEIRO/PETRÓPOLIS" LOCAL-DA-APRESENTACAO="UNIVERSIDADE CATÓLICA DE PETRÓPOLIS" CIDADE-DA-APRESENTACAO="PETRÓPOLIS" NOME-DO-EVENTO-INGLES=""/><AUTORES NOME-COMPLETO-DO-AUTOR="Jaqueline Guimarães Mendes" NOME-PARA-CITACAO="MENDES, J. G." ORDEM-DE-AUTORIA="1" NRO-ID-CNPQ="4822904147812798"/><PALAVRAS-CHAVE PALAVRA-CHAVE-1="PATRIMÔNIO CULTURAL" PALAVRA-CHAVE-2="MEIO AMBIENTE" PALAVRA-CHAVE-3="" PALAVRA-CHAVE-4="" PALAVRA-CHAVE-5="" PALAVRA-CHAVE-6=""/><AREAS-DO-CONHECIMENTO><AREA-DO-CONHECIMENTO-1 NOME-GRANDE-AREA-DO-CONHECIMENTO="CIENCIAS_HUMANAS" NOME-DA-AREA-DO-CONHECIMENTO="" NOME-DA-SUB-AREA-DO-CONHECIMENTO="" NOME-DA-ESPECIALIDADE=""/><AREA-DO-CONHECIMENTO-2 NOME-GRANDE-AREA-DO-CONHECIMENTO="OUTROS" NOME-DA-AREA-DO-CONHECIMENTO="Ciências Ambientais" NOME-DA-SUB-AREA-DO-CONHECIMENTO="" NOME-DA-ESPECIALIDADE=""/><AREA-DO-CONHECIMENTO-3 NOME-GRANDE-AREA-DO-CONHECIMENTO="CIENCIAS_SOCIAIS_APLICADAS" NOME-DA-AREA-DO-CONHECIMENTO="Direito" NOME-DA-SUB-AREA-DO-CONHECIMENTO="" NOME-DA-ESPECIALIDADE=""/></AREAS-DO-CONHECIMENTO></APRESENTACAO-DE-TRABALHO><APRESENTACAO-DE-TRABALHO SEQUENCIA-PRODUCAO="12"><DADOS-BASICOS-DA-APRESENTACAO-DE-TRABALHO NATUREZA="CONFERENCIA" TITULO="Os jovens, a Educação e as Drogas'" ANO="2011" PAIS="Brasil" IDIOMA="Português" FLAG-RELEVANCIA="NAO" DOI="" TITULO-INGLES="" FLAG-DIVULGACAO-CIENTIFICA="NAO"/><DETALHAMENTO-DA-APRESENTACAO-DE-TRABALHO NOME-DO-EVENTO="XI CONFERêNCIA ESTADUAL DA OAB/RJ" INSTITUICAO-PROMOTORA="Ordem dos Advogados do Brasil - Rio de Janeiro" LOCAL-DA-APRESENTACAO="Sede da OAB/RJ" CIDADE-DA-APRESENTACAO="Rio de Janeiro" NOME-DO-EVENTO-INGLES=""/><AUTORES NOME-COMPLETO-DO-AUTOR="Ordem dos Advogados do Brasil - RJ" NOME-PARA-CITACAO="RJ, O. A. B. -." ORDEM-DE-AUTORIA="1" NRO-ID-CNPQ=""/><AUTORES NOME-COMPLETO-DO-AUTOR="Jaqueline Guimarães Mendes" NOME-PARA-CITACAO="MENDES, J. G." ORDEM-DE-AUTORIA="2" NRO-ID-CNPQ="4822904147812798"/><PALAVRAS-CHAVE PALAVRA-CHAVE-1="Política sobre Drogas" PALAVRA-CHAVE-2="Educação" PALAVRA-CHAVE-3="Drogas na escola" PALAVRA-CHAVE-4="" PALAVRA-CHAVE-5="" PALAVRA-CHAVE-6=""/><AREAS-DO-CONHECIMENTO><AREA-DO-CONHECIMENTO-1 NOME-GRANDE-AREA-DO-CONHECIMENTO="CIENCIAS_SOCIAIS_APLICADAS" NOME-DA-AREA-DO-CONHECIMENTO="" NOME-DA-SUB-AREA-DO-CONHECIMENTO="" NOME-DA-ESPECIALIDADE=""/></AREAS-DO-CONHECIMENTO><INFORMACOES-ADICIONAIS DESCRICAO-INFORMACOES-ADICIONAIS="Atuou como epresentante da Comissão de Políticas sobre Drogas da OAB/RJ" DESCRICAO-INFORMACOES-ADICIONAIS-INGLES=""/></APRESENTACAO-DE-TRABALHO><APRESENTACAO-DE-TRABALHO SEQUENCIA-PRODUCAO="14"><DADOS-BASICOS-DA-APRESENTACAO-DE-TRABALHO NATUREZA="SEMINARIO" TITULO="Consumo e Produção Sustentáveis nos Esportes - CBV" ANO="2012" PAIS="Brasil" IDIOMA="Português" FLAG-RELEVANCIA="NAO" DOI="" TITULO-INGLES="" FLAG-DIVULGACAO-CIENTIFICA="NAO"/><DETALHAMENTO-DA-APRESENTACAO-DE-TRABALHO NOME-DO-EVENTO="" INSTITUICAO-PROMOTORA="" LOCAL-DA-APRESENTACAO="" CIDADE-DA-APRESENTACAO="" NOME-DO-EVENTO-INGLES=""/><AUTORES NOME-COMPLETO-DO-AUTOR="Wanderley Rebello Filho" NOME-PARA-CITACAO="REBELLO, W.F" ORDEM-DE-AUTORIA="1" NRO-ID-CNPQ=""/><AUTORES NOME-COMPLETO-DO-AUTOR="Jaqueline Guimarães Mendes" NOME-PARA-CITACAO="MENDES, J. G." ORDEM-DE-AUTORIA="2" NRO-ID-CNPQ="4822904147812798"/></APRESENTACAO-DE-TRABALHO><APRESENTACAO-DE-TRABALHO SEQUENCIA-PRODUCAO="15"><DADOS-BASICOS-DA-APRESENTACAO-DE-TRABALHO NATUREZA="SEMINARIO" TITULO="Consumo e Produção Sustentáveis - OAB - Paraty" ANO="2012" PAIS="Brasil" IDIOMA="Português" FLAG-RELEVANCIA="NAO" DOI="" TITULO-INGLES="" FLAG-DIVULGACAO-CIENTIFICA="NAO"/><DETALHAMENTO-DA-APRESENTACAO-DE-TRABALHO NOME-DO-EVENTO="" INSTITUICAO-PROMOTORA="" LOCAL-DA-APRESENTACAO="" CIDADE-DA-APRESENTACAO="" NOME-DO-EVENTO-INGLES=""/><AUTORES NOME-COMPLETO-DO-AUTOR="Jaqueline Guimarães Mendes" NOME-PARA-CITACAO="MENDES, J. G." ORDEM-DE-AUTORIA="1" NRO-ID-CNPQ="4822904147812798"/><AUTORES NOME-COMPLETO-DO-AUTOR="Ordem dos Advogados do Brasil - RJ" NOME-PARA-CITACAO="RJ, O. A. B. -." ORDEM-DE-AUTORIA="2" NRO-ID-CNPQ=""/></APRESENTACAO-DE-TRABALHO><APRESENTACAO-DE-TRABALHO SEQUENCIA-PRODUCAO="18"><DADOS-BASICOS-DA-APRESENTACAO-DE-TRABALHO NATUREZA="CONFERENCIA" TITULO="XI CONFERÊCNIA DOS ADVOGADOS DO RIO DE JANEIRO" ANO="2011" PAIS="Brasil" IDIOMA="Português" FLAG-RELEVANCIA="NAO" DOI="" TITULO-INGLES="" FLAG-DIVULGACAO-CIENTIFICA="NAO"/><DETALHAMENTO-DA-APRESENTACAO-DE-TRABALHO NOME-DO-EVENTO="PERSPECTIVAS PARA O RIO DE JANEIRO DO SÉCULO XXI" INSTITUICAO-PROMOTORA="ORDEM DOS ADVOGADOS DO BRASIL / RJ" LOCAL-DA-APRESENTACAO="OAB/RJ - Marechal Câmara - Centro" CIDADE-DA-APRESENTACAO="Rio de Janeiro" NOME-DO-EVENTO-INGLES=""/><AUTORES NOME-COMPLETO-DO-AUTOR="Ordem dos Advogados do Brasil - RJ" NOME-PARA-CITACAO="RJ, O. A. B. -." ORDEM-DE-AUTORIA="1" NRO-ID-CNPQ=""/><AUTORES NOME-COMPLETO-DO-AUTOR="Jaqueline Guimarães Mendes" NOME-PARA-CITACAO="MENDES, J. G." ORDEM-DE-AUTORIA="2" NRO-ID-CNPQ="4822904147812798"/><PALAVRAS-CHAVE PALAVRA-CHAVE-1="Drogas na escola" PALAVRA-CHAVE-2="" PALAVRA-CHAVE-3="" PALAVRA-CHAVE-4="" PALAVRA-CHAVE-5="" PALAVRA-CHAVE-6=""/><SETORES-DE-ATIVIDADE SETOR-DE-ATIVIDADE-1="Educação" SETOR-DE-ATIVIDADE-2="" SETOR-DE-ATIVIDADE-3=""/></APRESENTACAO-DE-TRABALHO><APRESENTACAO-DE-TRABALHO SEQUENCIA-PRODUCAO="20"><DADOS-BASICOS-DA-APRESENTACAO-DE-TRABALHO NATUREZA="CONFERENCIA" TITULO="Projeto Ambenap - Água: Alerta sobre a proteção dos recursos hídricos" ANO="2014" PAIS="Brasil" IDIOMA="Português" FLAG-RELEVANCIA="NAO" DOI="" TITULO-INGLES="" FLAG-DIVULGACAO-CIENTIFICA="SIM"/><DETALHAMENTO-DA-APRESENTACAO-DE-TRABALHO NOME-DO-EVENTO="" INSTITUICAO-PROMOTORA="" LOCAL-DA-APRESENTACAO="" CIDADE-DA-APRESENTACAO="" NOME-DO-EVENTO-INGLES=""/><AUTORES NOME-COMPLETO-DO-AUTOR="Jaqueline Guimarães Mendes" NOME-PARA-CITACAO="MENDES, J. G." ORDEM-DE-AUTORIA="1" NRO-ID-CNPQ="4822904147812798"/><PALAVRAS-CHAVE PALAVRA-CHAVE-1="MEIO AMBIENTE" PALAVRA-CHAVE-2="Água" PALAVRA-CHAVE-3="" PALAVRA-CHAVE-4="" PALAVRA-CHAVE-5="" PALAVRA-CHAVE-6=""/></APRESENTACAO-DE-TRABALHO><APRESENTACAO-DE-TRABALHO SEQUENCIA-PRODUCAO="13"><DADOS-BASICOS-DA-APRESENTACAO-DE-TRABALHO NATUREZA="SEMINARIO" TITULO="Esporte e Meio ambiente - Confedereação Brasileira de Voleibol" ANO="2010" PAIS="Brasil" IDIOMA="Português" FLAG-RELEVANCIA="NAO" DOI="" TITULO-INGLES="" FLAG-DIVULGACAO-CIENTIFICA="NAO"/><DETALHAMENTO-DA-APRESENTACAO-DE-TRABALHO NOME-DO-EVENTO="" INSTITUICAO-PROMOTORA="" LOCAL-DA-APRESENTACAO="" CIDADE-DA-APRESENTACAO="" NOME-DO-EVENTO-INGLES=""/><AUTORES NOME-COMPLETO-DO-AUTOR="Jaqueline Guimarães Mendes" NOME-PARA-CITACAO="MENDES, J. G." ORDEM-DE-AUTORIA="1" NRO-ID-CNPQ="4822904147812798"/></APRESENTACAO-DE-TRABALHO><CURSO-DE-CURTA-DURACAO-MINISTRADO SEQUENCIA-PRODUCAO="6"><DADOS-BASICOS-DE-CURSOS-CURTA-DURACAO-MINISTRADO NIVEL-DO-CURSO="APERFEICOAMENTO" TITULO="CURSO DE DIREITO AMBIENTAL PARA ADVOGADOS" ANO="2005" PAIS="Brasil" IDIOMA="Português" MEIO-DE-DIVULGACAO="VARIOS" HOME-PAGE-DO-TRABALHO="" FLAG-RELEVANCIA="SIM" DOI="" TITULO-INGLES="CURSO DE DIREITO AMBIENTAL PARA ADVOGADOS" FLAG-DIVULGACAO-CIENTIFICA="NAO"/><DETALHAMENTO-DE-CURSOS-CURTA-DURACAO-MINISTRADO PARTICIPACAO-DOS-AUTORES="DOCENTE" INSTITUICAO-PROMOTORA-DO-CURSO="OAB SEÇÃO DO ESTADO DO RIO DE JANEIRO" LOCAL-DO-CURSO="OAB - RIO DE JANEIRO - RUA MARECHAL CÂMARA 151" CIDADE="RIO DE JANEIRO" DURACAO="1" UNIDADE="semanas" UNIDADE-INGLES=""/><AUTORES NOME-COMPLETO-DO-AUTOR="Jaqueline Guimarães Mendes" NOME-PARA-CITACAO="MENDES, J. G." ORDEM-DE-AUTORIA="1" NRO-ID-CNPQ="4822904147812798"/><INFORMACOES-ADICIONAIS DESCRICAO-INFORMACOES-ADICIONAIS="TEMAS ABORDADOS: PROTEÇÃO LÇEGAL DO PATRIMÔNIO CULTURAL E DIREITO DAS ÁGUAS" DESCRICAO-INFORMACOES-ADICIONAIS-INGLES="TEMAS ABORDADOS: PROTEÇÃO LÇEGAL DO PATRIMÔNIO CULTURAL E DIREITO DAS ÁGUAS"/></CURSO-DE-CURTA-DURACAO-MINISTRADO><CURSO-DE-CURTA-DURACAO-MINISTRADO SEQUENCIA-PRODUCAO="5"><DADOS-BASICOS-DE-CURSOS-CURTA-DURACAO-MINISTRADO NIVEL-DO-CURSO="APERFEICOAMENTO" TITULO="CURSO DE DIREITO AMBIENTAL PARA NÃO ADVOGADOS" ANO="2006" PAIS="Brasil" IDIOMA="Português" MEIO-DE-DIVULGACAO="MEIO_DIGITAL" HOME-PAGE-DO-TRABALHO="" FLAG-RELEVANCIA="SIM" DOI="" TITULO-INGLES="CURSO DE DIREITO AMBIENTAL PARA NÃO ADVOGADOS" FLAG-DIVULGACAO-CIENTIFICA="NAO"/><DETALHAMENTO-DE-CURSOS-CURTA-DURACAO-MINISTRADO PARTICIPACAO-DOS-AUTORES="DOCENTE" INSTITUICAO-PROMOTORA-DO-CURSO="IEDHMA - INSTITUTO DE DIREITOS HUMANOS E MEIO AMBIENTE" LOCAL-DO-CURSO="IEDHMA" CIDADE="RIO DE JANEIRO" DURACAO="3" UNIDADE="semanas" UNIDADE-INGLES=""/><AUTORES NOME-COMPLETO-DO-AUTOR="Jaqueline Guimarães Mendes" NOME-PARA-CITACAO="MENDES, J. G." ORDEM-DE-AUTORIA="1" NRO-ID-CNPQ="4822904147812798"/><INFORMACOES-ADICIONAIS DESCRICAO-INFORMACOES-ADICIONAIS="TEMAS ABORDADOS: MEIO AMBIENBTE CULTURAL E DIREITO DA CIDADE" DESCRICAO-INFORMACOES-ADICIONAIS-INGLES="TEMAS ABORDADOS: MEIO AMBIENBTE CULTURAL E DIREITO DA CIDADE"/></CURSO-DE-CURTA-DURACAO-MINISTRADO><DESENVOLVIMENTO-DE-MATERIAL-DIDATICO-OU-INSTRUCIONAL SEQUENCIA-PRODUCAO="4"><DADOS-BASICOS-DO-MATERIAL-DIDATICO-OU-INSTRUCIONAL NATUREZA="Material Didático" TITULO="Projeto Interação" ANO="1998" PAIS="Brasil" IDIOMA="Português" MEIO-DE-DIVULGACAO="VARIOS" HOME-PAGE-DO-TRABALHO="" FLAG-RELEVANCIA="SIM" DOI="" TITULO-INGLES="PROJETO INTERAÇÃO" NATUREZA-INGLES="" FLAG-DIVULGACAO-CIENTIFICA="NAO"/><DETALHAMENTO-DO-MATERIAL-DIDATICO-OU-INSTRUCIONAL FINALIDADE="Apoio didático aos professores de diversas disciplinas - Uso da informática na sala de aula" FINALIDADE-INGLES=""/><AUTORES NOME-COMPLETO-DO-AUTOR="Jaqueline Guimarães Mendes" NOME-PARA-CITACAO="MENDES, J. G." ORDEM-DE-AUTORIA="1" NRO-ID-CNPQ="4822904147812798"/><PALAVRAS-CHAVE PALAVRA-CHAVE-1="INFORMÁTICA EDUCACIONAL" PALAVRA-CHAVE-2="história" PALAVRA-CHAVE-3="interdisciplinaridade" PALAVRA-CHAVE-4="" PALAVRA-CHAVE-5="" PALAVRA-CHAVE-6=""/><AREAS-DO-CONHECIMENTO><AREA-DO-CONHECIMENTO-1 NOME-GRANDE-AREA-DO-CONHECIMENTO="CIENCIAS_HUMANAS" NOME-DA-AREA-DO-CONHECIMENTO="" NOME-DA-SUB-AREA-DO-CONHECIMENTO="" NOME-DA-ESPECIALIDADE=""/><AREA-DO-CONHECIMENTO-2 NOME-GRANDE-AREA-DO-CONHECIMENTO="CIENCIAS_HUMANAS" NOME-DA-AREA-DO-CONHECIMENTO="Educação" NOME-DA-SUB-AREA-DO-CONHECIMENTO="" NOME-DA-ESPECIALIDADE=""/><AREA-DO-CONHECIMENTO-3 NOME-GRANDE-AREA-DO-CONHECIMENTO="CIENCIAS_EXATAS_E_DA_TERRA" NOME-DA-AREA-DO-CONHECIMENTO="Ciência da Computação" NOME-DA-SUB-AREA-DO-CONHECIMENTO="" NOME-DA-ESPECIALIDADE=""/></AREAS-DO-CONHECIMENTO><SETORES-DE-ATIVIDADE SETOR-DE-ATIVIDADE-1="Educação" SETOR-DE-ATIVIDADE-2="" SETOR-DE-ATIVIDADE-3=""/></DESENVOLVIMENTO-DE-MATERIAL-DIDATICO-OU-INSTRUCIONAL><ORGANIZACAO-DE-EVENTO SEQUENCIA-PRODUCAO="7"><DADOS-BASICOS-DA-ORGANIZACAO-DE-EVENTO TIPO="OUTRO" NATUREZA="ORGANIZACAO" TITULO="CURSO DE DIREITO AMBIENTAL PARA NÃO ADVOGADOS" ANO="2006" PAIS="Brasil" IDIOMA="Português" MEIO-DE-DIVULGACAO="MEIO_DIGITAL" HOME-PAGE-DO-TRABALHO="" FLAG-RELEVANCIA="NAO" DOI="" TITULO-INGLES="CURSO DE DIREITO AMBIENTAL PARA NÃO ADVOGADOS" FLAG-DIVULGACAO-CIENTIFICA="NAO"/><DETALHAMENTO-DA-ORGANIZACAO-DE-EVENTO INSTITUICAO-PROMOTORA="INSTITUTO DE ESTUDOS DE DIREITOS HUMANOS E MEIO AMBIENTE" DURACAO-EM-SEMANAS="3" FLAG-EVENTO-ITINERANTE="N" FLAG-CATALOGO="" LOCAL="IEDHMA -" CIDADE="RIO DE JANEIRO"/><AUTORES NOME-COMPLETO-DO-AUTOR="Jaqueline Guimarães Mendes" NOME-PARA-CITACAO="MENDES, J. G." ORDEM-DE-AUTORIA="1" NRO-ID-CNPQ="4822904147812798"/></ORGANIZACAO-DE-EVENTO><ORGANIZACAO-DE-EVENTO SEQUENCIA-PRODUCAO="8"><DADOS-BASICOS-DA-ORGANIZACAO-DE-EVENTO TIPO="OUTRO" NATUREZA="ORGANIZACAO" TITULO="I SEMINÁRIO DE DIREITO AMBIENTAL" ANO="2007" PAIS="Brasil" IDIOMA="Português" MEIO-DE-DIVULGACAO="MEIO_DIGITAL" HOME-PAGE-DO-TRABALHO="" FLAG-RELEVANCIA="NAO" DOI="" TITULO-INGLES="I SEMINÁRIO DE DIREITO AMBIENTAL" FLAG-DIVULGACAO-CIENTIFICA="NAO"/><DETALHAMENTO-DA-ORGANIZACAO-DE-EVENTO INSTITUICAO-PROMOTORA="IEDHDMA / HOTEL FAZENDA DO ROCHEDO" DURACAO-EM-SEMANAS="1" FLAG-EVENTO-ITINERANTE="N" FLAG-CATALOGO="" LOCAL="HOTEL FAZENDA DO ROCHEDO -" CIDADE="SÃO JOÃO DEL REI - MG"/><AUTORES NOME-COMPLETO-DO-AUTOR="Jaqueline Guimarães Mendes" NOME-PARA-CITACAO="MENDES, J. G." ORDEM-DE-AUTORIA="1" NRO-ID-CNPQ="4822904147812798"/><INFORMACOES-ADICIONAIS DESCRICAO-INFORMACOES-ADICIONAIS="COORDENAÇÃO PEDAGÓGICA" DESCRICAO-INFORMACOES-ADICIONAIS-INGLES="COORDENAÇÃO PEDAGÓGICA"/></ORGANIZACAO-DE-EVENTO><ORGANIZACAO-DE-EVENTO SEQUENCIA-PRODUCAO="9"><DADOS-BASICOS-DA-ORGANIZACAO-DE-EVENTO TIPO="OUTRO" NATUREZA="ORGANIZACAO" TITULO="II SEMINÁRIO DE DIREITO AMBIENTAL" ANO="2008" PAIS="Brasil" IDIOMA="Português" MEIO-DE-DIVULGACAO="MEIO_DIGITAL" HOME-PAGE-DO-TRABALHO="" FLAG-RELEVANCIA="NAO" DOI="" TITULO-INGLES="II SEMINÁRIO DE DIREITO AMBIENTAL" FLAG-DIVULGACAO-CIENTIFICA="NAO"/><DETALHAMENTO-DA-ORGANIZACAO-DE-EVENTO INSTITUICAO-PROMOTORA="IEDHMA / HOTEL FAZENDA DO ROCHEDO" DURACAO-EM-SEMANAS="1" FLAG-EVENTO-ITINERANTE="N" FLAG-CATALOGO="" LOCAL="HOTEL FAZENDA DO ROCHEDO" CIDADE="SÃO JOÃO DEL REI"/><AUTORES NOME-COMPLETO-DO-AUTOR="Jaqueline Guimarães Mendes" NOME-PARA-CITACAO="MENDES, J. G." ORDEM-DE-AUTORIA="1" NRO-ID-CNPQ="4822904147812798"/><INFORMACOES-ADICIONAIS DESCRICAO-INFORMACOES-ADICIONAIS="COORDENAÇÃO PEDAGÓGICA" DESCRICAO-INFORMACOES-ADICIONAIS-INGLES="COORDENAÇÃO PEDAGÓGICA"/></ORGANIZACAO-DE-EVENTO><ORGANIZACAO-DE-EVENTO SEQUENCIA-PRODUCAO="11"><DADOS-BASICOS-DA-ORGANIZACAO-DE-EVENTO TIPO="CONGRESSO" NATUREZA="ORGANIZACAO" TITULO="III SEMINÁRIO DE DIREITO E EDUCAÇÃO AMBIENTAL" ANO="2009" PAIS="Brasil" IDIOMA="Português" MEIO-DE-DIVULGACAO="OUTRO" HOME-PAGE-DO-TRABALHO="" FLAG-RELEVANCIA="NAO" DOI="" TITULO-INGLES="" FLAG-DIVULGACAO-CIENTIFICA="NAO"/><DETALHAMENTO-DA-ORGANIZACAO-DE-EVENTO INSTITUICAO-PROMOTORA="instituto de direitos humandos e meio ambiente" DURACAO-EM-SEMANAS="1" FLAG-EVENTO-ITINERANTE="N" FLAG-CATALOGO="" LOCAL="" CIDADE=""/><AUTORES NOME-COMPLETO-DO-AUTOR="Jaqueline Guimarães Mendes" NOME-PARA-CITACAO="MENDES, J. G." ORDEM-DE-AUTORIA="1" NRO-ID-CNPQ="4822904147812798"/><PALAVRAS-CHAVE PALAVRA-CHAVE-1="MEIO AMBIENTE" PALAVRA-CHAVE-2="PATRIMÔNIO CULTURAL" PALAVRA-CHAVE-3="" PALAVRA-CHAVE-4="" PALAVRA-CHAVE-5="" PALAVRA-CHAVE-6=""/><AREAS-DO-CONHECIMENTO><AREA-DO-CONHECIMENTO-1 NOME-GRANDE-AREA-DO-CONHECIMENTO="CIENCIAS_HUMANAS" NOME-DA-AREA-DO-CONHECIMENTO="" NOME-DA-SUB-AREA-DO-CONHECIMENTO="" NOME-DA-ESPECIALIDADE=""/><AREA-DO-CONHECIMENTO-2 NOME-GRANDE-AREA-DO-CONHECIMENTO="CIENCIAS_SOCIAIS_APLICADAS" NOME-DA-AREA-DO-CONHECIMENTO="Direito" NOME-DA-SUB-AREA-DO-CONHECIMENTO="" NOME-DA-ESPECIALIDADE=""/></AREAS-DO-CONHECIMENTO></ORGANIZACAO-DE-EVENTO><PROGRAMA-DE-RADIO-OU-TV SEQUENCIA-PRODUCAO="16"><DADOS-BASICOS-DO-PROGRAMA-DE-RADIO-OU-TV NATUREZA="PROGRAMA" TITULO="Bulling nas escolas" ANO="2011" PAIS="Brasil" IDIOMA="Português" FLAG-RELEVANCIA="NAO" DOI="" TITULO-INGLES="" HOME-PAGE="" MEIO-DE-DIVULGACAO="NAO_INFORMADO" FLAG-DIVULGACAO-CIENTIFICA="NAO"/><DETALHAMENTO-DO-PROGRAMA-DE-RADIO-OU-TV EMISSORA="Rádio MEC" TEMA="Violência" FORMATO-DATA-DA-APRESENTACAO="DDMMAAAA" DATA-DA-APRESENTACAO="17112011" DURACAO-EM-MINUTOS="60" CIDADE=""/><AUTORES NOME-COMPLETO-DO-AUTOR="Jaqueline Guimarães Mendes" NOME-PARA-CITACAO="MENDES, J. G." ORDEM-DE-AUTORIA="1" NRO-ID-CNPQ="4822904147812798"/></PROGRAMA-DE-RADIO-OU-TV><PROGRAMA-DE-RADIO-OU-TV SEQUENCIA-PRODUCAO="19"><DADOS-BASICOS-DO-PROGRAMA-DE-RADIO-OU-TV NATUREZA="MESA_REDONDA" TITULO="BULLING NAS ESCOLAS" ANO="2012" PAIS="Brasil" IDIOMA="Português" FLAG-RELEVANCIA="NAO" DOI="" TITULO-INGLES="" HOME-PAGE="Rádio MEC" MEIO-DE-DIVULGACAO="NAO_INFORMADO" FLAG-DIVULGACAO-CIENTIFICA="SIM"/><DETALHAMENTO-DO-PROGRAMA-DE-RADIO-OU-TV EMISSORA="" TEMA="BULLING" FORMATO-DATA-DA-APRESENTACAO="DDMMAAAA" DATA-DA-APRESENTACAO="22112012" DURACAO-EM-MINUTOS="50" CIDADE=""/><AUTORES NOME-COMPLETO-DO-AUTOR="Jaqueline Guimarães Mendes" NOME-PARA-CITACAO="MENDES, J. G." ORDEM-DE-AUTORIA="1" NRO-ID-CNPQ="4822904147812798"/></PROGRAMA-DE-RADIO-OU-TV></DEMAIS-TIPOS-DE-PRODUCAO-TECNICA></PRODUCAO-TECNICA><DADOS-COMPLEMENTARES><FORMACAO-COMPLEMENTAR><FORMACAO-COMPLEMENTAR-DE-EXTENSAO-UNIVERSITARIA SEQUENCIA-FORMACAO="5" NIVEL="8" CARGA-HORARIA="45" CODIGO-INSTITUICAO="000400000008" NOME-INSTITUICAO="Fundação Getúlio Vargas" CODIGO-ORGAO="" NOME-ORGAO="" CODIGO-CURSO="90000004" NOME-CURSO="Tutorial de Professores" STATUS-DO-CURSO="CONCLUIDO" ANO-DE-INICIO="2009" ANO-DE-CONCLUSAO="2010" NOME-CURSO-INGLES=""/><formacoesComplementaresPlana/></FORMACAO-COMPLEMENTAR><INFORMACOES-ADICIONAIS-INSTITUICOES><INFORMACAO-ADICIONAL-INSTITUICAO CODIGO-INSTITUICAO="000100000991" SIGLA-INSTITUICAO="IEDHMA" SIGLA-UF-INSTITUICAO="RJ" SIGLA-PAIS-INSTITUICAO="BRA" NOME-PAIS-INSTITUICAO="Brasil" FLAG-AGENCIA-FOMENTO="NAO" FLAG-INSTITUICAO-DE-ENSINO="NAO"/><INFORMACAO-ADICIONAL-INSTITUICAO CODIGO-INSTITUICAO="000200000993" SIGLA-INSTITUICAO="TREND" SIGLA-UF-INSTITUICAO="RJ" SIGLA-PAIS-INSTITUICAO="BRA" NOME-PAIS-INSTITUICAO="Brasil" FLAG-AGENCIA-FOMENTO="NAO" FLAG-INSTITUICAO-DE-ENSINO="NAO"/><INFORMACAO-ADICIONAL-INSTITUICAO CODIGO-INSTITUICAO="000300000995" SIGLA-INSTITUICAO="CAPES" SIGLA-UF-INSTITUICAO="RJ" SIGLA-PAIS-INSTITUICAO="BRA" NOME-PAIS-INSTITUICAO="Brasil" FLAG-AGENCIA-FOMENTO="NAO" FLAG-INSTITUICAO-DE-ENSINO="NAO"/><INFORMACAO-ADICIONAL-INSTITUICAO CODIGO-INSTITUICAO="000301000999" SIGLA-INSTITUICAO="" SIGLA-UF-INSTITUICAO="RJ" SIGLA-PAIS-INSTITUICAO="BRA" NOME-PAIS-INSTITUICAO="Brasil" FLAG-AGENCIA-FOMENTO="NAO" FLAG-INSTITUICAO-DE-ENSINO="NAO"/><INFORMACAO-ADICIONAL-INSTITUICAO CODIGO-INSTITUICAO="000400000008" SIGLA-INSTITUICAO="FGV" SIGLA-UF-INSTITUICAO="RJ" SIGLA-PAIS-INSTITUICAO="BRA" NOME-PAIS-INSTITUICAO="Brasil" FLAG-AGENCIA-FOMENTO="NAO" FLAG-INSTITUICAO-DE-ENSINO="SIM"/><INFORMACAO-ADICIONAL-INSTITUICAO CODIGO-INSTITUICAO="000500000000" SIGLA-INSTITUICAO="UFF" SIGLA-UF-INSTITUICAO="RJ" SIGLA-PAIS-INSTITUICAO="BRA" NOME-PAIS-INSTITUICAO="Brasil" FLAG-AGENCIA-FOMENTO="NAO" FLAG-INSTITUICAO-DE-ENSINO="SIM"/><INFORMACAO-ADICIONAL-INSTITUICAO CODIGO-INSTITUICAO="063400000006" SIGLA-INSTITUICAO="GOVERNO/BA" SIGLA-UF-INSTITUICAO="BA" SIGLA-PAIS-INSTITUICAO="BRA" NOME-PAIS-INSTITUICAO="Brasil" FLAG-AGENCIA-FOMENTO="NAO" FLAG-INSTITUICAO-DE-ENSINO="NAO"/><INFORMACAO-ADICIONAL-INSTITUICAO CODIGO-INSTITUICAO="117700000004" SIGLA-INSTITUICAO="UNIGRANRIO" SIGLA-UF-INSTITUICAO="RJ" SIGLA-PAIS-INSTITUICAO="BRA" NOME-PAIS-INSTITUICAO="Brasil" FLAG-AGENCIA-FOMENTO="NAO" FLAG-INSTITUICAO-DE-ENSINO="SIM"/><INFORMACAO-ADICIONAL-INSTITUICAO CODIGO-INSTITUICAO="154900000002" SIGLA-INSTITUICAO="UCSAL" SIGLA-UF-INSTITUICAO="BA" SIGLA-PAIS-INSTITUICAO="BRA" NOME-PAIS-INSTITUICAO="Brasil" FLAG-AGENCIA-FOMENTO="NAO" FLAG-INSTITUICAO-DE-ENSINO="SIM"/><INFORMACAO-ADICIONAL-INSTITUICAO CODIGO-INSTITUICAO="201900000008" SIGLA-INSTITUICAO="UNISUAM" SIGLA-UF-INSTITUICAO="RJ" SIGLA-PAIS-INSTITUICAO="BRA" NOME-PAIS-INSTITUICAO="Brasil" FLAG-AGENCIA-FOMENTO="NAO" FLAG-INSTITUICAO-DE-ENSINO="SIM"/><INFORMACAO-ADICIONAL-INSTITUICAO CODIGO-INSTITUICAO="201901000990" SIGLA-INSTITUICAO="" SIGLA-UF-INSTITUICAO="RJ" SIGLA-PAIS-INSTITUICAO="BRA" NOME-PAIS-INSTITUICAO="Brasil" FLAG-AGENCIA-FOMENTO="NAO" FLAG-INSTITUICAO-DE-ENSINO="NAO"/><INFORMACAO-ADICIONAL-INSTITUICAO CODIGO-INSTITUICAO="454100000007" SIGLA-INSTITUICAO="UniFOA" SIGLA-UF-INSTITUICAO="RJ" SIGLA-PAIS-INSTITUICAO="BRA" NOME-PAIS-INSTITUICAO="Brasil" FLAG-AGENCIA-FOMENTO="NAO" FLAG-INSTITUICAO-DE-ENSINO="SIM"/><INFORMACAO-ADICIONAL-INSTITUICAO CODIGO-INSTITUICAO="586600000000" SIGLA-INSTITUICAO="UVA/RJ" SIGLA-UF-INSTITUICAO="RJ" SIGLA-PAIS-INSTITUICAO="BRA" NOME-PAIS-INSTITUICAO="Brasil" FLAG-AGENCIA-FOMENTO="NAO" FLAG-INSTITUICAO-DE-ENSINO="SIM"/><INFORMACAO-ADICIONAL-INSTITUICAO CODIGO-INSTITUICAO="985600043530" SIGLA-INSTITUICAO="FAETEC" SIGLA-UF-INSTITUICAO="RJ" SIGLA-PAIS-INSTITUICAO="BRA" NOME-PAIS-INSTITUICAO="Brasil" FLAG-AGENCIA-FOMENTO="NAO" FLAG-INSTITUICAO-DE-ENSINO="SIM"/></INFORMACOES-ADICIONAIS-INSTITUICOES><INFORMACOES-ADICIONAIS-CURSOS><INFORMACAO-ADICIONAL-CURSO CODIGO-CURSO="90000000" CODIGO-ORGAO="" NOME-ORGAO="" CODIGO-INSTITUICAO="454100000007" NOME-INSTITUICAO="Centro Universitário de Volta Redonda" NOME-GRANDE-AREA-DO-CONHECIMENTO="CIENCIAS_SOCIAIS_APLICADAS" NOME-DA-AREA-DO-CONHECIMENTO="Direito" NOME-DA-SUB-AREA-DO-CONHECIMENTO="" NOME-DA-ESPECIALIDADE="" NIVEL-CURSO="APERFEICOAMENTO"/><INFORMACAO-ADICIONAL-CURSO CODIGO-CURSO="90000001" CODIGO-ORGAO="" NOME-ORGAO="" CODIGO-INSTITUICAO="154900000002" NOME-INSTITUICAO="Universidade Católica do Salvador" NOME-GRANDE-AREA-DO-CONHECIMENTO="CIENCIAS_HUMANAS" NOME-DA-AREA-DO-CONHECIMENTO="História" NOME-DA-SUB-AREA-DO-CONHECIMENTO="" NOME-DA-ESPECIALIDADE="" NIVEL-CURSO="GRADUACAO"/><INFORMACAO-ADICIONAL-CURSO CODIGO-CURSO="90000002" CODIGO-ORGAO="" NOME-ORGAO="" CODIGO-INSTITUICAO="586600000000" NOME-INSTITUICAO="Universidade Veiga de Almeida" NOME-GRANDE-AREA-DO-CONHECIMENTO="CIENCIAS_SOCIAIS_APLICADAS" NOME-DA-AREA-DO-CONHECIMENTO="Direito" NOME-DA-SUB-AREA-DO-CONHECIMENTO="" NOME-DA-ESPECIALIDADE="" NIVEL-CURSO="GRADUACAO"/><INFORMACAO-ADICIONAL-CURSO CODIGO-CURSO="90000003" CODIGO-ORGAO="" NOME-ORGAO="" CODIGO-INSTITUICAO="000500000000" NOME-INSTITUICAO="Universidade Federal Fluminense" NOME-GRANDE-AREA-DO-CONHECIMENTO="CIENCIAS_HUMANAS" NOME-DA-AREA-DO-CONHECIMENTO="Educação" NOME-DA-SUB-AREA-DO-CONHECIMENTO="" NOME-DA-ESPECIALIDADE="" NIVEL-CURSO="APERFEICOAMENTO"/><INFORMACAO-ADICIONAL-CURSO CODIGO-CURSO="90000004" CODIGO-ORGAO="" NOME-ORGAO="" CODIGO-INSTITUICAO="000400000008" NOME-INSTITUICAO="Fundação Getúlio Vargas" NOME-GRANDE-AREA-DO-CONHECIMENTO="CIENCIAS_HUMANAS" NOME-DA-AREA-DO-CONHECIMENTO="Educação" NOME-DA-SUB-AREA-DO-CONHECIMENTO="" NOME-DA-ESPECIALIDADE="" NIVEL-CURSO="EXTENSAO_UNIVERSITARIA"/><INFORMACAO-ADICIONAL-CURSO CODIGO-CURSO="90000005" CODIGO-ORGAO="" NOME-ORGAO="" CODIGO-INSTITUICAO="000500000000" NOME-INSTITUICAO="Universidade Federal Fluminense" NOME-GRANDE-AREA-DO-CONHECIMENTO="CIENCIAS_HUMANAS" NOME-DA-AREA-DO-CONHECIMENTO="Educação" NOME-DA-SUB-AREA-DO-CONHECIMENTO="Administração Educacional" NOME-DA-ESPECIALIDADE="" NIVEL-CURSO="APERFEICOAMENTO"/></INFORMACOES-ADICIONAIS-CURSOS></DADOS-COMPLEMENTARES><eventos/></CURRICULO-VITAE>