<CURRICULO-VITAE SISTEMA-ORIGEM-XML="LATTES_OFFLINE" NUMERO-IDENTIFICADOR="5334160726902961" FORMATO-DATA-ATUALIZACAO="DDMMAAAA" DATA-ATUALIZACAO="01112016" FORMATO-HORA-ATUALIZACAO="HHMMSS" HORA-ATUALIZACAO="003223"><DADOS-GERAIS NOME-COMPLETO="Diego Matos Galvão de Barros" NOME-EM-CITACOES-BIBLIOGRAFICAS="BARROS, D.M.G." NACIONALIDADE="B" PAIS-DE-NASCIMENTO="Brasil" FORMATO-DATA-DE-NASCIMENTO="DDMMAAAA" FORMATO-DATA-DE-EMISSAO="DDMMAAAA" PERMISSAO-DE-DIVULGACAO="NAO" DATA-FALECIMENTO="" SIGLA-PAIS-NACIONALIDADE="BRA" PAIS-DE-NACIONALIDADE="Brasil"><RESUMO-CV TEXTO-RESUMO-CV-RH="Possui Graduação em Fisioterapia (2008) e Especialização em Anatomia e Biomecânica do Sistema Locomotor (2010) pelo Centro Universitário Augusto Motta. Mestrando em Ciências da Reabilitação pelo Centro Universitário Augusto Motta. Atualmente é Coordenador de Laboratórios e Infraestrutura Acadêmica do Centro Universitário Augusto Motta. Atua com Professor Universitário de Anatomia Humana e Fisiologia do Exercício. Tem experiência na área de Administração, com ênfase em Saúde." TEXTO-RESUMO-CV-RH-EN="bachelor's at Fisioterapia from Centro Universitário Augusto Motta (2008). Has experience in Administration, focusing on Administration"/><OUTRAS-INFORMACOES-RELEVANTES OUTRAS-INFORMACOES-RELEVANTES=""/><ENDERECO FLAG-DE-PREFERENCIA="ENDERECO_RESIDENCIAL"><ENDERECO-PROFISSIONAL CODIGO-INSTITUICAO-EMPRESA="201900000008" NOME-INSTITUICAO-EMPRESA="Centro Universitário Augusto Motta" CODIGO-ORGAO="" NOME-ORGAO="" CODIGO-UNIDADE="" NOME-UNIDADE="" LOGRADOURO-COMPLEMENTO="Avenida Paris, 72" PAIS="Brasil" UF="RJ" CEP="21041-020" CIDADE="Rio de Janeiro" BAIRRO="Bonsucesso" DDD="21" TELEFONE="38829797" RAMAL="9922" FAX="" E-MAIL="profdiegobarros@hotmail.com" HOME-PAGE="www.unisuam.edu.br"/></ENDERECO><FORMACAO-ACADEMICA-TITULACAO><GRADUACAO SEQUENCIA-FORMACAO="10" NIVEL="1" TITULO-DO-TRABALHO-DE-CONCLUSAO-DE-CURSO="" NOME-DO-ORIENTADOR="" CODIGO-INSTITUICAO="201900000008" NOME-INSTITUICAO="Centro Universitário Augusto Motta" CODIGO-ORGAO="" NOME-ORGAO="" CODIGO-CURSO="90000010" NOME-CURSO="Bacharelado Educação Física" CODIGO-AREA-CURSO="90000010" STATUS-DO-CURSO="EM_ANDAMENTO" ANO-DE-INICIO="2009" ANO-DE-CONCLUSAO="" FLAG-BOLSA="NAO" CODIGO-AGENCIA-FINANCIADORA="" NOME-AGENCIA="" NUMERO-ID-ORIENTADOR="" CODIGO-CURSO-CAPES="" TITULO-DO-TRABALHO-DE-CONCLUSAO-DE-CURSO-INGLES="" NOME-CURSO-INGLES="" FORMACAO-ACADEMICA-TITULACAO="" TIPO-GRADUACAO="" CODIGO-INSTITUICAO-GRAD="" NOME-INSTITUICAO-GRAD="" CODIGO-INSTITUICAO-OUTRA-GRAD="" NOME-INSTITUICAO-OUTRA-GRAD="" NOME-ORIENTADOR-GRAD=""/><GRADUACAO SEQUENCIA-FORMACAO="9" NIVEL="1" TITULO-DO-TRABALHO-DE-CONCLUSAO-DE-CURSO="" NOME-DO-ORIENTADOR="" CODIGO-INSTITUICAO="020200000009" NOME-INSTITUICAO="Universidade Federal do Rio de Janeiro" CODIGO-ORGAO="" NOME-ORGAO="" CODIGO-CURSO="90000009" NOME-CURSO="Bacharelado Educação Física" CODIGO-AREA-CURSO="90000009" STATUS-DO-CURSO="INCOMPLETO" ANO-DE-INICIO="2001" ANO-DE-CONCLUSAO="2003" FLAG-BOLSA="NAO" CODIGO-AGENCIA-FINANCIADORA="" NOME-AGENCIA="" NUMERO-ID-ORIENTADOR="" CODIGO-CURSO-CAPES="" TITULO-DO-TRABALHO-DE-CONCLUSAO-DE-CURSO-INGLES="" NOME-CURSO-INGLES="" FORMACAO-ACADEMICA-TITULACAO="" TIPO-GRADUACAO="" CODIGO-INSTITUICAO-GRAD="" NOME-INSTITUICAO-GRAD="" CODIGO-INSTITUICAO-OUTRA-GRAD="" NOME-INSTITUICAO-OUTRA-GRAD="" NOME-ORIENTADOR-GRAD=""/><GRADUACAO SEQUENCIA-FORMACAO="1" NIVEL="1" TITULO-DO-TRABALHO-DE-CONCLUSAO-DE-CURSO="Aspectos Determinantes da Fratura do Osso Escafóide na Prática Desportiva" NOME-DO-ORIENTADOR="Gilson Ramos de Oliveira Filho" CODIGO-INSTITUICAO="201900000008" NOME-INSTITUICAO="Centro Universitário Augusto Motta" CODIGO-ORGAO="" NOME-ORGAO="" CODIGO-CURSO="90000000" NOME-CURSO="Fisioterapia" CODIGO-AREA-CURSO="90000000" STATUS-DO-CURSO="CONCLUIDO" ANO-DE-INICIO="2001" ANO-DE-CONCLUSAO="2008" FLAG-BOLSA="NAO" CODIGO-AGENCIA-FINANCIADORA="" NOME-AGENCIA="" NUMERO-ID-ORIENTADOR="" CODIGO-CURSO-CAPES="" TITULO-DO-TRABALHO-DE-CONCLUSAO-DE-CURSO-INGLES="" NOME-CURSO-INGLES="" FORMACAO-ACADEMICA-TITULACAO="" TIPO-GRADUACAO="" CODIGO-INSTITUICAO-GRAD="" NOME-INSTITUICAO-GRAD="" CODIGO-INSTITUICAO-OUTRA-GRAD="" NOME-INSTITUICAO-OUTRA-GRAD="" NOME-ORIENTADOR-GRAD=""/><ESPECIALIZACAO SEQUENCIA-FORMACAO="2" NIVEL="2" TITULO-DA-MONOGRAFIA="Patologias Associadas à Biomecânica da Propulsão Manual da Cadeira de Rodas" NOME-DO-ORIENTADOR="Gilson Ramos de Oliveira Filho" CODIGO-INSTITUICAO="201900000008" NOME-INSTITUICAO="Centro Universitário Augusto Motta" CODIGO-ORGAO="" NOME-ORGAO="" CODIGO-CURSO="90000001" NOME-CURSO="Anatomia e Biomecânica do Sistema Locomotor" STATUS-DO-CURSO="CONCLUIDO" ANO-DE-INICIO="2009" ANO-DE-CONCLUSAO="2010" FLAG-BOLSA="NAO" CODIGO-AGENCIA-FINANCIADORA="" NOME-AGENCIA="" CARGA-HORARIA="450" TITULO-DA-MONOGRAFIA-INGLES="" NOME-CURSO-INGLES=""/><ESPECIALIZACAO SEQUENCIA-FORMACAO="13" NIVEL="2" TITULO-DA-MONOGRAFIA="a definir" NOME-DO-ORIENTADOR="" CODIGO-INSTITUICAO="081200000000" NOME-INSTITUICAO="Universidade Gama Filho" CODIGO-ORGAO="" NOME-ORGAO="" CODIGO-CURSO="90000012" NOME-CURSO="Fisiologia do Exercício e Avaliação Morfofuncional" STATUS-DO-CURSO="INCOMPLETO" ANO-DE-INICIO="2011" ANO-DE-CONCLUSAO="2012" FLAG-BOLSA="NAO" CODIGO-AGENCIA-FINANCIADORA="" NOME-AGENCIA="" CARGA-HORARIA="360" TITULO-DA-MONOGRAFIA-INGLES="" NOME-CURSO-INGLES=""/><MESTRADO SEQUENCIA-FORMACAO="16" NIVEL="3" CODIGO-INSTITUICAO="201900000008" NOME-INSTITUICAO="Centro Universitário Augusto Motta" CODIGO-ORGAO="" NOME-ORGAO="" CODIGO-CURSO="90000015" NOME-CURSO="Ciências da Reabilitação" CODIGO-AREA-CURSO="90000015" STATUS-DO-CURSO="INCOMPLETO" ANO-DE-INICIO="2011" ANO-DE-CONCLUSAO="2012" FLAG-BOLSA="NAO" CODIGO-AGENCIA-FINANCIADORA="" NOME-AGENCIA="" ANO-DE-OBTENCAO-DO-TITULO="" TITULO-DA-DISSERTACAO-TESE="Impacto da participação em um programa de exercícios físicos na qualidade de vida, controle postural e composição corporal de idosas recém ingressas na Universidade Aberta à Terceira Idade (UNATI-UNISUAM)" NOME-COMPLETO-DO-ORIENTADOR="Míriam Raquel Meira Mainenti" TIPO-MESTRADO="N" NUMERO-ID-ORIENTADOR="" CODIGO-CURSO-CAPES="" TITULO-DA-DISSERTACAO-TESE-INGLES="" NOME-CURSO-INGLES="" NOME-DO-CO-ORIENTADOR="Lilian Ramiro Felicio" CODIGO-INSTITUICAO-DOUT="" NOME-INSTITUICAO-DOUT="" CODIGO-INSTITUICAO-OUTRA-DOUT="" NOME-INSTITUICAO-OUTRA-DOUT="" NOME-ORIENTADOR-DOUT=""><PALAVRAS-CHAVE PALAVRA-CHAVE-1="Reabilitação" PALAVRA-CHAVE-2="" PALAVRA-CHAVE-3="" PALAVRA-CHAVE-4="" PALAVRA-CHAVE-5="" PALAVRA-CHAVE-6=""/><AREAS-DO-CONHECIMENTO><AREA-DO-CONHECIMENTO-1 NOME-GRANDE-AREA-DO-CONHECIMENTO="CIENCIAS_DA_SAUDE" NOME-DA-AREA-DO-CONHECIMENTO="" NOME-DA-SUB-AREA-DO-CONHECIMENTO="" NOME-DA-ESPECIALIDADE=""/></AREAS-DO-CONHECIMENTO><conceitoCapes/></MESTRADO></FORMACAO-ACADEMICA-TITULACAO><ATUACOES-PROFISSIONAIS><ATUACAO-PROFISSIONAL CODIGO-INSTITUICAO="201900000008" NOME-INSTITUICAO="Centro Universitário Augusto Motta" SEQUENCIA-ATIVIDADE="1" SEQUENCIA-IMPORTANCIA=""><VINCULOS SEQUENCIA-HISTORICO="1" TIPO-DE-VINCULO="CELETISTA" ENQUADRAMENTO-FUNCIONAL="LIVRE" CARGA-HORARIA-SEMANAL="44" FLAG-DEDICACAO-EXCLUSIVA="NAO" MES-INICIO="08" ANO-INICIO="2007" MES-FIM="02" ANO-FIM="2012" OUTRAS-INFORMACOES="" FLAG-VINCULO-EMPREGATICIO="NAO" OUTRO-VINCULO-INFORMADO="" OUTRO-ENQUADRAMENTO-FUNCIONAL-INFORMADO="Supervisor de Laboratório" OUTRO-ENQUADRAMENTO-FUNCIONAL-INFORMADO-INGLES="" OUTRAS-INFORMACOES-INGLES=""/><VINCULOS SEQUENCIA-HISTORICO="2" TIPO-DE-VINCULO="CELETISTA" ENQUADRAMENTO-FUNCIONAL="LIVRE" CARGA-HORARIA-SEMANAL="44" FLAG-DEDICACAO-EXCLUSIVA="NAO" MES-INICIO="10" ANO-INICIO="2003" MES-FIM="01" ANO-FIM="2005" OUTRAS-INFORMACOES="" FLAG-VINCULO-EMPREGATICIO="NAO" OUTRO-VINCULO-INFORMADO="" OUTRO-ENQUADRAMENTO-FUNCIONAL-INFORMADO="Auxiliar Técnico de Laboratório" OUTRO-ENQUADRAMENTO-FUNCIONAL-INFORMADO-INGLES="" OUTRAS-INFORMACOES-INGLES=""/><VINCULOS SEQUENCIA-HISTORICO="3" TIPO-DE-VINCULO="CELETISTA" ENQUADRAMENTO-FUNCIONAL="LIVRE" CARGA-HORARIA-SEMANAL="44" FLAG-DEDICACAO-EXCLUSIVA="NAO" MES-INICIO="02" ANO-INICIO="2005" MES-FIM="04" ANO-FIM="2006" OUTRAS-INFORMACOES="" FLAG-VINCULO-EMPREGATICIO="NAO" OUTRO-VINCULO-INFORMADO="" OUTRO-ENQUADRAMENTO-FUNCIONAL-INFORMADO="Técnico de Laboratório" OUTRO-ENQUADRAMENTO-FUNCIONAL-INFORMADO-INGLES="" OUTRAS-INFORMACOES-INGLES=""/><VINCULOS SEQUENCIA-HISTORICO="4" TIPO-DE-VINCULO="CELETISTA" ENQUADRAMENTO-FUNCIONAL="LIVRE" CARGA-HORARIA-SEMANAL="44" FLAG-DEDICACAO-EXCLUSIVA="NAO" MES-INICIO="05" ANO-INICIO="2006" MES-FIM="07" ANO-FIM="2007" OUTRAS-INFORMACOES="" FLAG-VINCULO-EMPREGATICIO="NAO" OUTRO-VINCULO-INFORMADO="" OUTRO-ENQUADRAMENTO-FUNCIONAL-INFORMADO="Encarregado de Laboratório" OUTRO-ENQUADRAMENTO-FUNCIONAL-INFORMADO-INGLES="" OUTRAS-INFORMACOES-INGLES=""/><VINCULOS SEQUENCIA-HISTORICO="5" TIPO-DE-VINCULO="CELETISTA" ENQUADRAMENTO-FUNCIONAL="LIVRE" CARGA-HORARIA-SEMANAL="40" FLAG-DEDICACAO-EXCLUSIVA="NAO" MES-INICIO="03" ANO-INICIO="2012" MES-FIM="" ANO-FIM="" OUTRAS-INFORMACOES="" FLAG-VINCULO-EMPREGATICIO="NAO" OUTRO-VINCULO-INFORMADO="" OUTRO-ENQUADRAMENTO-FUNCIONAL-INFORMADO="Professor Auxiliar" OUTRO-ENQUADRAMENTO-FUNCIONAL-INFORMADO-INGLES="" OUTRAS-INFORMACOES-INGLES=""/><ATIVIDADES-DE-DIRECAO-E-ADMINISTRACAO><DIRECAO-E-ADMINISTRACAO SEQUENCIA-FUNCAO-ATIVIDADE="2" FLAG-PERIODO="ANTERIOR" MES-INICIO="08" ANO-INICIO="2007" MES-FIM="02" ANO-FIM="2012" CODIGO-ORGAO="201903000998" NOME-ORGAO="Pró-Reitoria de Operações - Laboratórios" CODIGO-UNIDADE="" FORMATO-CARGO-OU-FUNCAO="LIVRE" CARGO-OU-FUNCAO="Gestor dos Laboratórios" NOME-UNIDADE="" CARGO-OU-FUNCAO-INGLES=""/><DIRECAO-E-ADMINISTRACAO SEQUENCIA-FUNCAO-ATIVIDADE="8" FLAG-PERIODO="ATUAL" MES-INICIO="11" ANO-INICIO="2012" MES-FIM="" ANO-FIM="" CODIGO-ORGAO="201905000995" NOME-ORGAO="Pró-Reitoria de Ensino - Laboratórios e Infraestrutura Acadêmica" CODIGO-UNIDADE="" FORMATO-CARGO-OU-FUNCAO="LIVRE" CARGO-OU-FUNCAO="Coordenador de Laboratórios e Infraestrutura Acadêmica" NOME-UNIDADE="" CARGO-OU-FUNCAO-INGLES=""/><DIRECAO-E-ADMINISTRACAO SEQUENCIA-FUNCAO-ATIVIDADE="6" FLAG-PERIODO="ANTERIOR" MES-INICIO="03" ANO-INICIO="2012" MES-FIM="10" ANO-FIM="2012" CODIGO-ORGAO="201903000998" NOME-ORGAO="Pró-Reitoria de Operações - Laboratórios" CODIGO-UNIDADE="" FORMATO-CARGO-OU-FUNCAO="LIVRE" CARGO-OU-FUNCAO="Coordenador de Laboratórios" NOME-UNIDADE="" CARGO-OU-FUNCAO-INGLES=""/></ATIVIDADES-DE-DIRECAO-E-ADMINISTRACAO><ATIVIDADES-DE-ENSINO><ENSINO SEQUENCIA-FUNCAO-ATIVIDADE="3" FLAG-PERIODO="ANTERIOR" TIPO-ENSINO="GRADUACAO" MES-INICIO="03" ANO-INICIO="2012" MES-FIM="07" ANO-FIM="2012" CODIGO-ORGAO="" NOME-ORGAO="" CODIGO-CURSO="90000017" NOME-CURSO="Enfermagem" NOME-CURSO-INGLES=""><DISCIPLINA SEQUENCIA-ESPECIFICACAO="1">Anatomia dos Sistemas</DISCIPLINA></ENSINO><ENSINO SEQUENCIA-FUNCAO-ATIVIDADE="4" FLAG-PERIODO="ANTERIOR" TIPO-ENSINO="GRADUACAO" MES-INICIO="03" ANO-INICIO="2012" MES-FIM="07" ANO-FIM="2012" CODIGO-ORGAO="" NOME-ORGAO="" CODIGO-CURSO="90000021" NOME-CURSO="Educação Física" NOME-CURSO-INGLES=""><DISCIPLINA SEQUENCIA-ESPECIFICACAO="1">Anatomia do Sistema Locomotor</DISCIPLINA><DISCIPLINA SEQUENCIA-ESPECIFICACAO="2">Fisiologia do Exercício</DISCIPLINA></ENSINO><ENSINO SEQUENCIA-FUNCAO-ATIVIDADE="7" FLAG-PERIODO="ANTERIOR" TIPO-ENSINO="GRADUACAO" MES-INICIO="08" ANO-INICIO="2012" MES-FIM="12" ANO-FIM="2012" CODIGO-ORGAO="" NOME-ORGAO="" CODIGO-CURSO="60142928" NOME-CURSO="Fisioterapia" NOME-CURSO-INGLES=""><DISCIPLINA SEQUENCIA-ESPECIFICACAO="1">Anatomia do Sistema Locomotor</DISCIPLINA><DISCIPLINA SEQUENCIA-ESPECIFICACAO="2">Anatomia dos Sistemas</DISCIPLINA></ENSINO><ENSINO SEQUENCIA-FUNCAO-ATIVIDADE="10" FLAG-PERIODO="ANTERIOR" TIPO-ENSINO="GRADUACAO" MES-INICIO="02" ANO-INICIO="2013" MES-FIM="07" ANO-FIM="2013" CODIGO-ORGAO="" NOME-ORGAO="" CODIGO-CURSO="90000017" NOME-CURSO="Enfermagem" NOME-CURSO-INGLES=""><DISCIPLINA SEQUENCIA-ESPECIFICACAO="1">Anatomia do Sistema Locomotor</DISCIPLINA></ENSINO><ENSINO SEQUENCIA-FUNCAO-ATIVIDADE="11" FLAG-PERIODO="ANTERIOR" TIPO-ENSINO="GRADUACAO" MES-INICIO="02" ANO-INICIO="2013" MES-FIM="07" ANO-FIM="2013" CODIGO-ORGAO="" NOME-ORGAO="" CODIGO-CURSO="60118920" NOME-CURSO="Farmácia" NOME-CURSO-INGLES=""><DISCIPLINA SEQUENCIA-ESPECIFICACAO="1">Anatomia Humana</DISCIPLINA></ENSINO><ENSINO SEQUENCIA-FUNCAO-ATIVIDADE="12" FLAG-PERIODO="ATUAL" TIPO-ENSINO="GRADUACAO" MES-INICIO="08" ANO-INICIO="2014" MES-FIM="" ANO-FIM="" CODIGO-ORGAO="" NOME-ORGAO="" CODIGO-CURSO="60108428" NOME-CURSO="Nutrição" NOME-CURSO-INGLES=""><DISCIPLINA SEQUENCIA-ESPECIFICACAO="1">Anatomia Humana</DISCIPLINA></ENSINO><ENSINO SEQUENCIA-FUNCAO-ATIVIDADE="9" FLAG-PERIODO="ANTERIOR" TIPO-ENSINO="GRADUACAO" MES-INICIO="02" ANO-INICIO="2013" MES-FIM="07" ANO-FIM="2013" CODIGO-ORGAO="" NOME-ORGAO="" CODIGO-CURSO="90000021" NOME-CURSO="Educação Física" NOME-CURSO-INGLES=""><DISCIPLINA SEQUENCIA-ESPECIFICACAO="1">Anatomia do Sistema Locomotor</DISCIPLINA></ENSINO></ATIVIDADES-DE-ENSINO><ATIVIDADES-DE-SERVICO-TECNICO-ESPECIALIZADO><SERVICO-TECNICO-ESPECIALIZADO SEQUENCIA-FUNCAO-ATIVIDADE="5" FLAG-PERIODO="ANTERIOR" MES-INICIO="10" ANO-INICIO="2003" MES-FIM="07" ANO-FIM="2007" CODIGO-ORGAO="201903000998" NOME-ORGAO="Pró-Reitoria de Operações - Laboratórios" CODIGO-UNIDADE="" NOME-UNIDADE="" SERVICO-REALIZADO="Dissecção de cadáveres; aplicação de técnicas anatômicas; manutenção dos tanques, realizando a troca de substâncias químicas; montagem de aulas práticas dos cursos de graduação e pós-graduação"/></ATIVIDADES-DE-SERVICO-TECNICO-ESPECIALIZADO><atividadesProfissionaisPlanificadas/></ATUACAO-PROFISSIONAL><ATUACAO-PROFISSIONAL CODIGO-INSTITUICAO="000100000991" NOME-INSTITUICAO="Faculdade de Reabilitação da ASCE" SEQUENCIA-ATIVIDADE="2" SEQUENCIA-IMPORTANCIA=""><VINCULOS SEQUENCIA-HISTORICO="1" TIPO-DE-VINCULO="LIVRE" ENQUADRAMENTO-FUNCIONAL="LIVRE" CARGA-HORARIA-SEMANAL="10" FLAG-DEDICACAO-EXCLUSIVA="NAO" MES-INICIO="11" ANO-INICIO="2011" MES-FIM="05" ANO-FIM="2012" OUTRAS-INFORMACOES="" FLAG-VINCULO-EMPREGATICIO="SIM" OUTRO-VINCULO-INFORMADO="Professor vistante" OUTRO-ENQUADRAMENTO-FUNCIONAL-INFORMADO="Professor de Pós-Graduação" OUTRO-ENQUADRAMENTO-FUNCIONAL-INFORMADO-INGLES="" OUTRAS-INFORMACOES-INGLES=""/><ATIVIDADES-DE-ENSINO><ENSINO SEQUENCIA-FUNCAO-ATIVIDADE="1" FLAG-PERIODO="ANTERIOR" TIPO-ENSINO="POS-GRADUACAO" MES-INICIO="11" ANO-INICIO="2012" MES-FIM="11" ANO-FIM="2012" CODIGO-ORGAO="" NOME-ORGAO="" CODIGO-CURSO="90000023" NOME-CURSO="Fisioterapia Traumato Ortopédica" NOME-CURSO-INGLES=""><DISCIPLINA SEQUENCIA-ESPECIFICACAO="1">Anatomia Funcional (Motricidade Humana)</DISCIPLINA></ENSINO><ENSINO SEQUENCIA-FUNCAO-ATIVIDADE="2" FLAG-PERIODO="ANTERIOR" TIPO-ENSINO="POS-GRADUACAO" MES-INICIO="04" ANO-INICIO="2012" MES-FIM="04" ANO-FIM="2012" CODIGO-ORGAO="" NOME-ORGAO="" CODIGO-CURSO="90000023" NOME-CURSO="Fisioterapia Traumato Ortopédica" NOME-CURSO-INGLES=""><DISCIPLINA SEQUENCIA-ESPECIFICACAO="1">Anatomia Funcional (Motricidade Humana)</DISCIPLINA></ENSINO></ATIVIDADES-DE-ENSINO><atividadesProfissionaisPlanificadas/></ATUACAO-PROFISSIONAL><ATUACAO-PROFISSIONAL CODIGO-INSTITUICAO="000200000993" NOME-INSTITUICAO="Centro Universitário Celso Lisboa" SEQUENCIA-ATIVIDADE="3" SEQUENCIA-IMPORTANCIA=""><VINCULOS SEQUENCIA-HISTORICO="1" TIPO-DE-VINCULO="LIVRE" ENQUADRAMENTO-FUNCIONAL="LIVRE" CARGA-HORARIA-SEMANAL="10" FLAG-DEDICACAO-EXCLUSIVA="NAO" MES-INICIO="12" ANO-INICIO="2011" MES-FIM="12" ANO-FIM="2011" OUTRAS-INFORMACOES="" FLAG-VINCULO-EMPREGATICIO="SIM" OUTRO-VINCULO-INFORMADO="Professor vistante" OUTRO-ENQUADRAMENTO-FUNCIONAL-INFORMADO="Professor de Pós-Graduação" OUTRO-ENQUADRAMENTO-FUNCIONAL-INFORMADO-INGLES="" OUTRAS-INFORMACOES-INGLES=""/><ATIVIDADES-DE-ENSINO><ENSINO SEQUENCIA-FUNCAO-ATIVIDADE="1" FLAG-PERIODO="ANTERIOR" TIPO-ENSINO="POS-GRADUACAO" MES-INICIO="12" ANO-INICIO="2011" MES-FIM="12" ANO-FIM="2011" CODIGO-ORGAO="" NOME-ORGAO="" CODIGO-CURSO="90000024" NOME-CURSO="Enfermagem Dermatológica" NOME-CURSO-INGLES=""><DISCIPLINA SEQUENCIA-ESPECIFICACAO="1">Assistência De Enfermagem Ao Paciente Com Distúrbios Cinéticos (Doênças Hipocinéticas e Imobilidade no Leito)</DISCIPLINA></ENSINO></ATIVIDADES-DE-ENSINO><atividadesProfissionaisPlanificadas/></ATUACAO-PROFISSIONAL></ATUACOES-PROFISSIONAIS><AREAS-DE-ATUACAO><AREA-DE-ATUACAO SEQUENCIA-AREA-DE-ATUACAO="1" NOME-GRANDE-AREA-DO-CONHECIMENTO="CIENCIAS_SOCIAIS_APLICADAS" NOME-DA-AREA-DO-CONHECIMENTO="Administração" NOME-DA-SUB-AREA-DO-CONHECIMENTO="" NOME-DA-ESPECIALIDADE=""/><AREA-DE-ATUACAO SEQUENCIA-AREA-DE-ATUACAO="2" NOME-GRANDE-AREA-DO-CONHECIMENTO="CIENCIAS_HUMANAS" NOME-DA-AREA-DO-CONHECIMENTO="Educação" NOME-DA-SUB-AREA-DO-CONHECIMENTO="" NOME-DA-ESPECIALIDADE=""/><AREA-DE-ATUACAO SEQUENCIA-AREA-DE-ATUACAO="3" NOME-GRANDE-AREA-DO-CONHECIMENTO="CIENCIAS_BIOLOGICAS" NOME-DA-AREA-DO-CONHECIMENTO="Morfologia" NOME-DA-SUB-AREA-DO-CONHECIMENTO="" NOME-DA-ESPECIALIDADE=""/><AREA-DE-ATUACAO SEQUENCIA-AREA-DE-ATUACAO="4" NOME-GRANDE-AREA-DO-CONHECIMENTO="CIENCIAS_BIOLOGICAS" NOME-DA-AREA-DO-CONHECIMENTO="Fisiologia" NOME-DA-SUB-AREA-DO-CONHECIMENTO="" NOME-DA-ESPECIALIDADE=""/><AREA-DE-ATUACAO SEQUENCIA-AREA-DE-ATUACAO="5" NOME-GRANDE-AREA-DO-CONHECIMENTO="CIENCIAS_DA_SAUDE" NOME-DA-AREA-DO-CONHECIMENTO="Fisioterapia e Terapia Ocupacional" NOME-DA-SUB-AREA-DO-CONHECIMENTO="" NOME-DA-ESPECIALIDADE=""/></AREAS-DE-ATUACAO><IDIOMAS><IDIOMA IDIOMA="ES" DESCRICAO-DO-IDIOMA="Espanhol" PROFICIENCIA-DE-LEITURA="BEM" PROFICIENCIA-DE-FALA="POUCO" PROFICIENCIA-DE-ESCRITA="POUCO" PROFICIENCIA-DE-COMPREENSAO="BEM"/><IDIOMA IDIOMA="EN" DESCRICAO-DO-IDIOMA="Inglês" PROFICIENCIA-DE-LEITURA="BEM" PROFICIENCIA-DE-FALA="POUCO" PROFICIENCIA-DE-ESCRITA="POUCO" PROFICIENCIA-DE-COMPREENSAO="RAZOAVELMENTE"/><IDIOMA IDIOMA="PT" DESCRICAO-DO-IDIOMA="Português" PROFICIENCIA-DE-LEITURA="BEM" PROFICIENCIA-DE-FALA="BEM" PROFICIENCIA-DE-ESCRITA="BEM" PROFICIENCIA-DE-COMPREENSAO="BEM"/></IDIOMAS><PREMIOS-TITULOS><PREMIO-TITULO NOME-DO-PREMIO-OU-TITULO="La NFL Reconoce tu Esfuerzo y Dedicación" NOME-DA-ENTIDADE-PROMOTORA="NATIONAL FOOTBALL LEAGUE - USA" ANO-DA-PREMIACAO="2001" NOME-DO-PREMIO-OU-TITULO-INGLES=""/><PREMIO-TITULO NOME-DO-PREMIO-OU-TITULO="Diploma de Honra ao Mérito - O reconhecimento e notoriedade meritorial aos relevantes serviços prestados em defesa das causas sociais e do ensino universitário" NOME-DA-ENTIDADE-PROMOTORA="BRIGADA DE PROTEÇÃO AMBIENTAL E FRONTEIRAS DO BRASIL - BFPAFB - PATRULHA AMBIENTAL" ANO-DA-PREMIACAO="2012" NOME-DO-PREMIO-OU-TITULO-INGLES=""/></PREMIOS-TITULOS><staValidado/><dataExibicao/><dadosBolsista/></DADOS-GERAIS><PRODUCAO-TECNICA><DEMAIS-TIPOS-DE-PRODUCAO-TECNICA><APRESENTACAO-DE-TRABALHO SEQUENCIA-PRODUCAO="21"><DADOS-BASICOS-DA-APRESENTACAO-DE-TRABALHO NATUREZA="OUTRA" TITULO="A IMPORTÂNCIA DA ANATOMIA NA PRÉ E PÓS-CIRURGIA DE LIGAMENTO CRUZADO ANTERIOR" ANO="2010" PAIS="Brasil" IDIOMA="Português" FLAG-RELEVANCIA="SIM" DOI="" TITULO-INGLES="" FLAG-DIVULGACAO-CIENTIFICA="NAO"/><DETALHAMENTO-DA-APRESENTACAO-DE-TRABALHO NOME-DO-EVENTO="III Jornada Acadêmica de Anatomia Veterinária e Humana Aplicada" INSTITUICAO-PROMOTORA="Faculdade de Estudos Administrativos de Minas Gerais" LOCAL-DA-APRESENTACAO="FEAD-MG" CIDADE-DA-APRESENTACAO="Belo Horizonte/MG" NOME-DO-EVENTO-INGLES=""/><AUTORES NOME-COMPLETO-DO-AUTOR="Luiz Alberto Diniz do Nascimento" NOME-PARA-CITACAO="Nascimento, L.A.D." ORDEM-DE-AUTORIA="1" NRO-ID-CNPQ=""/><AUTORES NOME-COMPLETO-DO-AUTOR="Diego Matos Galvão de Barros" NOME-PARA-CITACAO="BARROS, D.M.G." ORDEM-DE-AUTORIA="2" NRO-ID-CNPQ="5334160726902961"/><AUTORES NOME-COMPLETO-DO-AUTOR="Davi Jerônimo da Silva" NOME-PARA-CITACAO="Silva, D.J." ORDEM-DE-AUTORIA="3" NRO-ID-CNPQ=""/><AUTORES NOME-COMPLETO-DO-AUTOR="Jorge Luiz Pereira Guedes" NOME-PARA-CITACAO="Guedes, J.L.P." ORDEM-DE-AUTORIA="4" NRO-ID-CNPQ=""/><PALAVRAS-CHAVE PALAVRA-CHAVE-1="Anatomia" PALAVRA-CHAVE-2="Cirurgia" PALAVRA-CHAVE-3="Ligamento Cruzado Anterior" PALAVRA-CHAVE-4="" PALAVRA-CHAVE-5="" PALAVRA-CHAVE-6=""/><AREAS-DO-CONHECIMENTO><AREA-DO-CONHECIMENTO-1 NOME-GRANDE-AREA-DO-CONHECIMENTO="CIENCIAS_BIOLOGICAS" NOME-DA-AREA-DO-CONHECIMENTO="" NOME-DA-SUB-AREA-DO-CONHECIMENTO="" NOME-DA-ESPECIALIDADE=""/><AREA-DO-CONHECIMENTO-2 NOME-GRANDE-AREA-DO-CONHECIMENTO="CIENCIAS_DA_SAUDE" NOME-DA-AREA-DO-CONHECIMENTO="Medicina" NOME-DA-SUB-AREA-DO-CONHECIMENTO="" NOME-DA-ESPECIALIDADE=""/><AREA-DO-CONHECIMENTO-3 NOME-GRANDE-AREA-DO-CONHECIMENTO="CIENCIAS_DA_SAUDE" NOME-DA-AREA-DO-CONHECIMENTO="Fisioterapia e Terapia Ocupacional" NOME-DA-SUB-AREA-DO-CONHECIMENTO="" NOME-DA-ESPECIALIDADE=""/></AREAS-DO-CONHECIMENTO><SETORES-DE-ATIVIDADE SETOR-DE-ATIVIDADE-1="Atividades profissionais, científicas e técnicas" SETOR-DE-ATIVIDADE-2="Saúde humana e serviços sociais" SETOR-DE-ATIVIDADE-3="Educação"/></APRESENTACAO-DE-TRABALHO><APRESENTACAO-DE-TRABALHO SEQUENCIA-PRODUCAO="46"><DADOS-BASICOS-DA-APRESENTACAO-DE-TRABALHO NATUREZA="CONGRESSO" TITULO="REFLEXÕES SOBRE O ENSINO DA ANATOMIA HUMANA EM CURSO TÉCNICO PROFISSIONALIZANTE DO ESTADO DO RIO DE JANEIRO" ANO="2012" PAIS="Brasil" IDIOMA="Português" FLAG-RELEVANCIA="SIM" DOI="" TITULO-INGLES="" FLAG-DIVULGACAO-CIENTIFICA="NAO"/><DETALHAMENTO-DA-APRESENTACAO-DE-TRABALHO NOME-DO-EVENTO="XXV Congresso Brasileiro de Anatomia" INSTITUICAO-PROMOTORA="Sociedade Brasileira de Anatomia" LOCAL-DA-APRESENTACAO="" CIDADE-DA-APRESENTACAO="Salvador/BA" NOME-DO-EVENTO-INGLES=""/><AUTORES NOME-COMPLETO-DO-AUTOR="Diego Matos Galvão de Barros" NOME-PARA-CITACAO="BARROS, D.M.G." ORDEM-DE-AUTORIA="1" NRO-ID-CNPQ="5334160726902961"/><AUTORES NOME-COMPLETO-DO-AUTOR="Luiz Alberto Diniz do Nascimento" NOME-PARA-CITACAO="Nascimento, L.A.D." ORDEM-DE-AUTORIA="2" NRO-ID-CNPQ=""/><AUTORES NOME-COMPLETO-DO-AUTOR="Davi Jerônimo da Silva" NOME-PARA-CITACAO="Silva, D.J." ORDEM-DE-AUTORIA="3" NRO-ID-CNPQ=""/></APRESENTACAO-DE-TRABALHO><CURSO-DE-CURTA-DURACAO-MINISTRADO SEQUENCIA-PRODUCAO="20"><DADOS-BASICOS-DE-CURSOS-CURTA-DURACAO-MINISTRADO NIVEL-DO-CURSO="EXTENSAO" TITULO="Anatomia e Biomecânica do Sistema Locomotor" ANO="2010" PAIS="Brasil" IDIOMA="Português" MEIO-DE-DIVULGACAO="MEIO_DIGITAL" HOME-PAGE-DO-TRABALHO="" FLAG-RELEVANCIA="SIM" DOI="" TITULO-INGLES="" FLAG-DIVULGACAO-CIENTIFICA="NAO"/><DETALHAMENTO-DE-CURSOS-CURTA-DURACAO-MINISTRADO PARTICIPACAO-DOS-AUTORES="DOCENTE" INSTITUICAO-PROMOTORA-DO-CURSO="Centro Universitário Augusto Motta" LOCAL-DO-CURSO="Centro Universitário Augusto Motta" CIDADE="Rio de Janeiro/RJ" DURACAO="80" UNIDADE="horas" UNIDADE-INGLES=""/><AUTORES NOME-COMPLETO-DO-AUTOR="Diego Matos Galvão de Barros" NOME-PARA-CITACAO="BARROS, D.M.G." ORDEM-DE-AUTORIA="1" NRO-ID-CNPQ="5334160726902961"/></CURSO-DE-CURTA-DURACAO-MINISTRADO><CURSO-DE-CURTA-DURACAO-MINISTRADO SEQUENCIA-PRODUCAO="25"><DADOS-BASICOS-DE-CURSOS-CURTA-DURACAO-MINISTRADO NIVEL-DO-CURSO="OUTRA" TITULO="Pilates Módulo I - Introdução e Avaliação Física" ANO="2011" PAIS="Brasil" IDIOMA="Português" MEIO-DE-DIVULGACAO="MEIO_DIGITAL" HOME-PAGE-DO-TRABALHO="" FLAG-RELEVANCIA="NAO" DOI="" TITULO-INGLES="" FLAG-DIVULGACAO-CIENTIFICA="NAO"/><DETALHAMENTO-DE-CURSOS-CURTA-DURACAO-MINISTRADO PARTICIPACAO-DOS-AUTORES="DOCENTE" INSTITUICAO-PROMOTORA-DO-CURSO="Centro Universitário Celso Lisboa" LOCAL-DO-CURSO="Centro Universitário Celso Lisboa" CIDADE="Rio de Janeiro/RJ" DURACAO="10" UNIDADE="horas" UNIDADE-INGLES=""/><AUTORES NOME-COMPLETO-DO-AUTOR="Diego Matos Galvão de Barros" NOME-PARA-CITACAO="BARROS, D.M.G." ORDEM-DE-AUTORIA="1" NRO-ID-CNPQ="5334160726902961"/></CURSO-DE-CURTA-DURACAO-MINISTRADO><CURSO-DE-CURTA-DURACAO-MINISTRADO SEQUENCIA-PRODUCAO="3"><DADOS-BASICOS-DE-CURSOS-CURTA-DURACAO-MINISTRADO NIVEL-DO-CURSO="EXTENSAO" TITULO="Exercícios Funcionais Resistidos" ANO="2010" PAIS="Brasil" IDIOMA="Português" MEIO-DE-DIVULGACAO="VARIOS" HOME-PAGE-DO-TRABALHO="" FLAG-RELEVANCIA="NAO" DOI="" TITULO-INGLES="" FLAG-DIVULGACAO-CIENTIFICA="NAO"/><DETALHAMENTO-DE-CURSOS-CURTA-DURACAO-MINISTRADO PARTICIPACAO-DOS-AUTORES="DOCENTE" INSTITUICAO-PROMOTORA-DO-CURSO="Centro Educacional Margarida" LOCAL-DO-CURSO="Escola Politécnica de Araruama" CIDADE="Araruama/RJ" DURACAO="2" UNIDADE="dias" UNIDADE-INGLES=""/><AUTORES NOME-COMPLETO-DO-AUTOR="Diego Matos Galvão de Barros" NOME-PARA-CITACAO="BARROS, D.M.G." ORDEM-DE-AUTORIA="1" NRO-ID-CNPQ="5334160726902961"/></CURSO-DE-CURTA-DURACAO-MINISTRADO><CURSO-DE-CURTA-DURACAO-MINISTRADO SEQUENCIA-PRODUCAO="34"><DADOS-BASICOS-DE-CURSOS-CURTA-DURACAO-MINISTRADO NIVEL-DO-CURSO="EXTENSAO" TITULO="Avaliação Morfofuncional e Fisiologia Aplicada à Atividade Física" ANO="2011" PAIS="Brasil" IDIOMA="Português" MEIO-DE-DIVULGACAO="NAO_INFORMADO" HOME-PAGE-DO-TRABALHO="" FLAG-RELEVANCIA="SIM" DOI="" TITULO-INGLES="" FLAG-DIVULGACAO-CIENTIFICA="NAO"/><DETALHAMENTO-DE-CURSOS-CURTA-DURACAO-MINISTRADO PARTICIPACAO-DOS-AUTORES="DOCENTE" INSTITUICAO-PROMOTORA-DO-CURSO="Centro Universitário Augusto Motta" LOCAL-DO-CURSO="Centro Universitário Augusto Motta" CIDADE="Rio de Janeiro/RJ" DURACAO="90" UNIDADE="horas" UNIDADE-INGLES=""/><AUTORES NOME-COMPLETO-DO-AUTOR="Diego Matos Galvão de Barros" NOME-PARA-CITACAO="BARROS, D.M.G." ORDEM-DE-AUTORIA="1" NRO-ID-CNPQ="5334160726902961"/><AUTORES NOME-COMPLETO-DO-AUTOR="Rafael Barcellos Costa" NOME-PARA-CITACAO="Costa, R.B." ORDEM-DE-AUTORIA="2" NRO-ID-CNPQ=""/></CURSO-DE-CURTA-DURACAO-MINISTRADO><CURSO-DE-CURTA-DURACAO-MINISTRADO SEQUENCIA-PRODUCAO="35"><DADOS-BASICOS-DE-CURSOS-CURTA-DURACAO-MINISTRADO NIVEL-DO-CURSO="EXTENSAO" TITULO="Introdução ao Método Pilates" ANO="2012" PAIS="Brasil" IDIOMA="Português" MEIO-DE-DIVULGACAO="MEIO_DIGITAL" HOME-PAGE-DO-TRABALHO="" FLAG-RELEVANCIA="NAO" DOI="" TITULO-INGLES="" FLAG-DIVULGACAO-CIENTIFICA="NAO"/><DETALHAMENTO-DE-CURSOS-CURTA-DURACAO-MINISTRADO PARTICIPACAO-DOS-AUTORES="DOCENTE" INSTITUICAO-PROMOTORA-DO-CURSO="Centro Universitário Augusto Motta" LOCAL-DO-CURSO="Centro Universitário Augusto Motta" CIDADE="Rio de Janeiro/RJ" DURACAO="20" UNIDADE="horas" UNIDADE-INGLES=""/><AUTORES NOME-COMPLETO-DO-AUTOR="Diego Matos Galvão de Barros" NOME-PARA-CITACAO="BARROS, D.M.G." ORDEM-DE-AUTORIA="1" NRO-ID-CNPQ="5334160726902961"/></CURSO-DE-CURTA-DURACAO-MINISTRADO><CURSO-DE-CURTA-DURACAO-MINISTRADO SEQUENCIA-PRODUCAO="36"><DADOS-BASICOS-DE-CURSOS-CURTA-DURACAO-MINISTRADO NIVEL-DO-CURSO="EXTENSAO" TITULO="Exercícios Funcionais e de Propriocepção" ANO="2012" PAIS="Brasil" IDIOMA="Português" MEIO-DE-DIVULGACAO="MEIO_DIGITAL" HOME-PAGE-DO-TRABALHO="" FLAG-RELEVANCIA="NAO" DOI="" TITULO-INGLES="" FLAG-DIVULGACAO-CIENTIFICA="NAO"/><DETALHAMENTO-DE-CURSOS-CURTA-DURACAO-MINISTRADO PARTICIPACAO-DOS-AUTORES="DOCENTE" INSTITUICAO-PROMOTORA-DO-CURSO="Centro Universitário Augusto Motta" LOCAL-DO-CURSO="Centro Universitário Augusto Motta" CIDADE="Rio de Janeiro/RJ" DURACAO="20" UNIDADE="horas" UNIDADE-INGLES=""/><AUTORES NOME-COMPLETO-DO-AUTOR="Diego Matos Galvão de Barros" NOME-PARA-CITACAO="BARROS, D.M.G." ORDEM-DE-AUTORIA="1" NRO-ID-CNPQ="5334160726902961"/></CURSO-DE-CURTA-DURACAO-MINISTRADO><CURSO-DE-CURTA-DURACAO-MINISTRADO SEQUENCIA-PRODUCAO="37"><DADOS-BASICOS-DE-CURSOS-CURTA-DURACAO-MINISTRADO NIVEL-DO-CURSO="EXTENSAO" TITULO="Biomecânica e Neurofisiologia do Alongamento e da Flexibilidade" ANO="2012" PAIS="Brasil" IDIOMA="Português" MEIO-DE-DIVULGACAO="MEIO_DIGITAL" HOME-PAGE-DO-TRABALHO="" FLAG-RELEVANCIA="NAO" DOI="" TITULO-INGLES="" FLAG-DIVULGACAO-CIENTIFICA="NAO"/><DETALHAMENTO-DE-CURSOS-CURTA-DURACAO-MINISTRADO PARTICIPACAO-DOS-AUTORES="DOCENTE" INSTITUICAO-PROMOTORA-DO-CURSO="Centro Universitário Augusto Motta" LOCAL-DO-CURSO="Centro Universitário Augusto Motta" CIDADE="Rio de Janeiro/RJ" DURACAO="20" UNIDADE="horas" UNIDADE-INGLES=""/><AUTORES NOME-COMPLETO-DO-AUTOR="Diego Matos Galvão de Barros" NOME-PARA-CITACAO="BARROS, D.M.G." ORDEM-DE-AUTORIA="1" NRO-ID-CNPQ="5334160726902961"/></CURSO-DE-CURTA-DURACAO-MINISTRADO><CURSO-DE-CURTA-DURACAO-MINISTRADO SEQUENCIA-PRODUCAO="39"><DADOS-BASICOS-DE-CURSOS-CURTA-DURACAO-MINISTRADO NIVEL-DO-CURSO="EXTENSAO" TITULO="Biomecânica e Neurofisiologia do Alongamento e da Flexibilidade" ANO="2012" PAIS="Brasil" IDIOMA="Português" MEIO-DE-DIVULGACAO="MEIO_DIGITAL" HOME-PAGE-DO-TRABALHO="" FLAG-RELEVANCIA="NAO" DOI="" TITULO-INGLES="" FLAG-DIVULGACAO-CIENTIFICA="NAO"/><DETALHAMENTO-DE-CURSOS-CURTA-DURACAO-MINISTRADO PARTICIPACAO-DOS-AUTORES="DOCENTE" INSTITUICAO-PROMOTORA-DO-CURSO="Centro Universitário Augusto Motta" LOCAL-DO-CURSO="Centro Universitário Augusto Motta" CIDADE="Rio de Janeiro/RJ" DURACAO="20" UNIDADE="horas" UNIDADE-INGLES=""/><AUTORES NOME-COMPLETO-DO-AUTOR="Diego Matos Galvão de Barros" NOME-PARA-CITACAO="BARROS, D.M.G." ORDEM-DE-AUTORIA="1" NRO-ID-CNPQ="5334160726902961"/></CURSO-DE-CURTA-DURACAO-MINISTRADO><CURSO-DE-CURTA-DURACAO-MINISTRADO SEQUENCIA-PRODUCAO="47"><DADOS-BASICOS-DE-CURSOS-CURTA-DURACAO-MINISTRADO NIVEL-DO-CURSO="EXTENSAO" TITULO="Treinamento Funcional" ANO="2016" PAIS="Brasil" IDIOMA="Bretão" MEIO-DE-DIVULGACAO="MEIO_DIGITAL" HOME-PAGE-DO-TRABALHO="" FLAG-RELEVANCIA="NAO" DOI="" TITULO-INGLES="" FLAG-DIVULGACAO-CIENTIFICA="NAO"/><DETALHAMENTO-DE-CURSOS-CURTA-DURACAO-MINISTRADO PARTICIPACAO-DOS-AUTORES="DOCENTE" INSTITUICAO-PROMOTORA-DO-CURSO="Centro Universitário Augusto Motta" LOCAL-DO-CURSO="Centro Universitário Augusto Motta" CIDADE="Rio de Janeiro" DURACAO="6" UNIDADE="horas" UNIDADE-INGLES=""/><AUTORES NOME-COMPLETO-DO-AUTOR="Diego Matos Galvão de Barros" NOME-PARA-CITACAO="BARROS, D.M.G." ORDEM-DE-AUTORIA="1" NRO-ID-CNPQ="5334160726902961"/><PALAVRAS-CHAVE PALAVRA-CHAVE-1="treinamento" PALAVRA-CHAVE-2="" PALAVRA-CHAVE-3="" PALAVRA-CHAVE-4="" PALAVRA-CHAVE-5="" PALAVRA-CHAVE-6=""/><AREAS-DO-CONHECIMENTO><AREA-DO-CONHECIMENTO-1 NOME-GRANDE-AREA-DO-CONHECIMENTO="CIENCIAS_DA_SAUDE" NOME-DA-AREA-DO-CONHECIMENTO="" NOME-DA-SUB-AREA-DO-CONHECIMENTO="" NOME-DA-ESPECIALIDADE=""/><AREA-DO-CONHECIMENTO-2 NOME-GRANDE-AREA-DO-CONHECIMENTO="CIENCIAS_DA_SAUDE" NOME-DA-AREA-DO-CONHECIMENTO="Educação Física" NOME-DA-SUB-AREA-DO-CONHECIMENTO="" NOME-DA-ESPECIALIDADE=""/></AREAS-DO-CONHECIMENTO></CURSO-DE-CURTA-DURACAO-MINISTRADO><CURSO-DE-CURTA-DURACAO-MINISTRADO SEQUENCIA-PRODUCAO="5"><DADOS-BASICOS-DE-CURSOS-CURTA-DURACAO-MINISTRADO NIVEL-DO-CURSO="OUTRA" TITULO="Anatomia do Exercício Físico" ANO="2009" PAIS="Brasil" IDIOMA="Português" MEIO-DE-DIVULGACAO="MEIO_DIGITAL" HOME-PAGE-DO-TRABALHO="" FLAG-RELEVANCIA="NAO" DOI="" TITULO-INGLES="" FLAG-DIVULGACAO-CIENTIFICA="NAO"/><DETALHAMENTO-DE-CURSOS-CURTA-DURACAO-MINISTRADO PARTICIPACAO-DOS-AUTORES="DOCENTE" INSTITUICAO-PROMOTORA-DO-CURSO="Centro Universitário Augusto Motta" LOCAL-DO-CURSO="Centro Universitário Augusto Motta" CIDADE="Rio de Janeiro/RJ" DURACAO="20" UNIDADE="horas" UNIDADE-INGLES=""/><AUTORES NOME-COMPLETO-DO-AUTOR="Diego Matos Galvão de Barros" NOME-PARA-CITACAO="BARROS, D.M.G." ORDEM-DE-AUTORIA="1" NRO-ID-CNPQ="5334160726902961"/></CURSO-DE-CURTA-DURACAO-MINISTRADO><CURSO-DE-CURTA-DURACAO-MINISTRADO SEQUENCIA-PRODUCAO="6"><DADOS-BASICOS-DE-CURSOS-CURTA-DURACAO-MINISTRADO NIVEL-DO-CURSO="OUTRA" TITULO="Anatomia Palpatória" ANO="2009" PAIS="Brasil" IDIOMA="Português" MEIO-DE-DIVULGACAO="MEIO_DIGITAL" HOME-PAGE-DO-TRABALHO="" FLAG-RELEVANCIA="NAO" DOI="" TITULO-INGLES="" FLAG-DIVULGACAO-CIENTIFICA="NAO"/><DETALHAMENTO-DE-CURSOS-CURTA-DURACAO-MINISTRADO PARTICIPACAO-DOS-AUTORES="DOCENTE" INSTITUICAO-PROMOTORA-DO-CURSO="Centro Universitário Augusto Motta" LOCAL-DO-CURSO="Centro Universitário Augusto Motta" CIDADE="Rio de Janeiro/RJ" DURACAO="20" UNIDADE="horas" UNIDADE-INGLES=""/><AUTORES NOME-COMPLETO-DO-AUTOR="Diego Matos Galvão de Barros" NOME-PARA-CITACAO="BARROS, D.M.G." ORDEM-DE-AUTORIA="1" NRO-ID-CNPQ="5334160726902961"/></CURSO-DE-CURTA-DURACAO-MINISTRADO><CURSO-DE-CURTA-DURACAO-MINISTRADO SEQUENCIA-PRODUCAO="7"><DADOS-BASICOS-DE-CURSOS-CURTA-DURACAO-MINISTRADO NIVEL-DO-CURSO="OUTRA" TITULO="Osteologia" ANO="2009" PAIS="Brasil" IDIOMA="Português" MEIO-DE-DIVULGACAO="MEIO_DIGITAL" HOME-PAGE-DO-TRABALHO="" FLAG-RELEVANCIA="NAO" DOI="" TITULO-INGLES="" FLAG-DIVULGACAO-CIENTIFICA="NAO"/><DETALHAMENTO-DE-CURSOS-CURTA-DURACAO-MINISTRADO PARTICIPACAO-DOS-AUTORES="DOCENTE" INSTITUICAO-PROMOTORA-DO-CURSO="Centro Universitário Augusto Motta" LOCAL-DO-CURSO="Centro Universitário Augusto Motta" CIDADE="Rio de Janeiro/RJ" DURACAO="16" UNIDADE="horas" UNIDADE-INGLES=""/><AUTORES NOME-COMPLETO-DO-AUTOR="Diego Matos Galvão de Barros" NOME-PARA-CITACAO="BARROS, D.M.G." ORDEM-DE-AUTORIA="1" NRO-ID-CNPQ="5334160726902961"/></CURSO-DE-CURTA-DURACAO-MINISTRADO><CURSO-DE-CURTA-DURACAO-MINISTRADO SEQUENCIA-PRODUCAO="8"><DADOS-BASICOS-DE-CURSOS-CURTA-DURACAO-MINISTRADO NIVEL-DO-CURSO="OUTRA" TITULO="Bases Biomecânicas do Movimento Humano" ANO="2010" PAIS="Brasil" IDIOMA="Português" MEIO-DE-DIVULGACAO="MEIO_DIGITAL" HOME-PAGE-DO-TRABALHO="" FLAG-RELEVANCIA="NAO" DOI="" TITULO-INGLES="" FLAG-DIVULGACAO-CIENTIFICA="NAO"/><DETALHAMENTO-DE-CURSOS-CURTA-DURACAO-MINISTRADO PARTICIPACAO-DOS-AUTORES="DOCENTE" INSTITUICAO-PROMOTORA-DO-CURSO="Centro Universitário Augusto Motta" LOCAL-DO-CURSO="Centro Universitário Augusto Motta" CIDADE="Rio de Janeiro/RJ" DURACAO="20" UNIDADE="horas" UNIDADE-INGLES=""/><AUTORES NOME-COMPLETO-DO-AUTOR="Diego Matos Galvão de Barros" NOME-PARA-CITACAO="BARROS, D.M.G." ORDEM-DE-AUTORIA="1" NRO-ID-CNPQ="5334160726902961"/></CURSO-DE-CURTA-DURACAO-MINISTRADO><CURSO-DE-CURTA-DURACAO-MINISTRADO SEQUENCIA-PRODUCAO="26"><DADOS-BASICOS-DE-CURSOS-CURTA-DURACAO-MINISTRADO NIVEL-DO-CURSO="OUTRA" TITULO="Técnicas de Alongamento e Flexibilidade" ANO="2011" PAIS="Brasil" IDIOMA="Português" MEIO-DE-DIVULGACAO="MEIO_DIGITAL" HOME-PAGE-DO-TRABALHO="" FLAG-RELEVANCIA="NAO" DOI="" TITULO-INGLES="" FLAG-DIVULGACAO-CIENTIFICA="NAO"/><DETALHAMENTO-DE-CURSOS-CURTA-DURACAO-MINISTRADO PARTICIPACAO-DOS-AUTORES="DOCENTE" INSTITUICAO-PROMOTORA-DO-CURSO="Centro Universitário Celso Lisboa" LOCAL-DO-CURSO="Centro Universitário Celso Lisboa" CIDADE="Rio de Janeiro/RJ" DURACAO="12" UNIDADE="horas" UNIDADE-INGLES=""/><AUTORES NOME-COMPLETO-DO-AUTOR="Diego Matos Galvão de Barros" NOME-PARA-CITACAO="BARROS, D.M.G." ORDEM-DE-AUTORIA="1" NRO-ID-CNPQ="5334160726902961"/></CURSO-DE-CURTA-DURACAO-MINISTRADO></DEMAIS-TIPOS-DE-PRODUCAO-TECNICA></PRODUCAO-TECNICA><DADOS-COMPLEMENTARES><FORMACAO-COMPLEMENTAR><FORMACAO-COMPLEMENTAR-CURSO-DE-CURTA-DURACAO SEQUENCIA-FORMACAO="21" NIVEL="F" CARGA-HORARIA="10" CODIGO-INSTITUICAO="000500000999" NOME-INSTITUICAO="TRX" CODIGO-ORGAO="" NOME-ORGAO="" CODIGO-CURSO="90000031" NOME-CURSO="TRX Suspension Training Course (L1)" STATUS-DO-CURSO="CONCLUIDO" ANO-DE-INICIO="2012" ANO-DE-CONCLUSAO="2012" NOME-CURSO-INGLES=""/><FORMACAO-COMPLEMENTAR-CURSO-DE-CURTA-DURACAO SEQUENCIA-FORMACAO="29" NIVEL="F" CARGA-HORARIA="10" CODIGO-INSTITUICAO="201900000008" NOME-INSTITUICAO="Centro Universitário Augusto Motta" CODIGO-ORGAO="" NOME-ORGAO="" CODIGO-CURSO="90000036" NOME-CURSO="Gestão e Regulação do Ensino Superior" STATUS-DO-CURSO="CONCLUIDO" ANO-DE-INICIO="2012" ANO-DE-CONCLUSAO="2012" NOME-CURSO-INGLES=""/><FORMACAO-COMPLEMENTAR-CURSO-DE-CURTA-DURACAO SEQUENCIA-FORMACAO="20" NIVEL="F" CARGA-HORARIA="16" CODIGO-INSTITUICAO="000300000995" NOME-INSTITUICAO="Centro de Reumatologia e Ortologia Botafogo" CODIGO-ORGAO="" NOME-ORGAO="" CODIGO-CURSO="90000022" NOME-CURSO="Bandagem Elástica Terapêutica" STATUS-DO-CURSO="CONCLUIDO" ANO-DE-INICIO="2010" ANO-DE-CONCLUSAO="2010" NOME-CURSO-INGLES=""/><FORMACAO-COMPLEMENTAR-CURSO-DE-CURTA-DURACAO SEQUENCIA-FORMACAO="19" NIVEL="F" CARGA-HORARIA="12" CODIGO-INSTITUICAO="025400000003" NOME-INSTITUICAO="Fundação de Apoio ao Cefet" CODIGO-ORGAO="" NOME-ORGAO="" CODIGO-CURSO="90000020" NOME-CURSO="Comissão Interna de Prevenção de Acidente - CIPA" STATUS-DO-CURSO="CONCLUIDO" ANO-DE-INICIO="2011" ANO-DE-CONCLUSAO="2011" NOME-CURSO-INGLES=""/><FORMACAO-COMPLEMENTAR-CURSO-DE-CURTA-DURACAO SEQUENCIA-FORMACAO="17" NIVEL="F" CARGA-HORARIA="2" CODIGO-INSTITUICAO="201900000008" NOME-INSTITUICAO="Centro Universitário Augusto Motta" CODIGO-ORGAO="" NOME-ORGAO="" CODIGO-CURSO="90000016" NOME-CURSO="Relacionamento Interno e Gestão Organizacional" STATUS-DO-CURSO="CONCLUIDO" ANO-DE-INICIO="2011" ANO-DE-CONCLUSAO="2011" NOME-CURSO-INGLES=""/><FORMACAO-COMPLEMENTAR-CURSO-DE-CURTA-DURACAO SEQUENCIA-FORMACAO="26" NIVEL="F" CARGA-HORARIA="4" CODIGO-INSTITUICAO="583100000007" NOME-INSTITUICAO="Sociedade Brasileira de Anatomia" CODIGO-ORGAO="" NOME-ORGAO="" CODIGO-CURSO="90000032" NOME-CURSO="Plastinação" STATUS-DO-CURSO="CONCLUIDO" ANO-DE-INICIO="2012" ANO-DE-CONCLUSAO="2012" NOME-CURSO-INGLES=""/><FORMACAO-COMPLEMENTAR-CURSO-DE-CURTA-DURACAO SEQUENCIA-FORMACAO="28" NIVEL="F" CARGA-HORARIA="2011" CODIGO-INSTITUICAO="201900000008" NOME-INSTITUICAO="Centro Universitário Augusto Motta" CODIGO-ORGAO="" NOME-ORGAO="" CODIGO-CURSO="90000035" NOME-CURSO="Negociação e Administração de Conflitos" STATUS-DO-CURSO="CONCLUIDO" ANO-DE-INICIO="2011" ANO-DE-CONCLUSAO="2011" NOME-CURSO-INGLES=""/><FORMACAO-COMPLEMENTAR-CURSO-DE-CURTA-DURACAO SEQUENCIA-FORMACAO="30" NIVEL="F" CARGA-HORARIA="10" CODIGO-INSTITUICAO="000600000990" NOME-INSTITUICAO="Associação Brasileira de Pesquisa em Pilates" CODIGO-ORGAO="" NOME-ORGAO="" CODIGO-CURSO="90000037" NOME-CURSO="Pilates Aplic. ao Cadeirante, Amputado e Def. Fís." STATUS-DO-CURSO="CONCLUIDO" ANO-DE-INICIO="2013" ANO-DE-CONCLUSAO="2013" NOME-CURSO-INGLES=""/><FORMACAO-COMPLEMENTAR-CURSO-DE-CURTA-DURACAO SEQUENCIA-FORMACAO="11" NIVEL="F" CARGA-HORARIA="3" CODIGO-INSTITUICAO="583100000007" NOME-INSTITUICAO="Sociedade Brasileira de Anatomia" CODIGO-ORGAO="" NOME-ORGAO="" CODIGO-CURSO="90000005" NOME-CURSO="Técnicas Anatômicas" STATUS-DO-CURSO="CONCLUIDO" ANO-DE-INICIO="2010" ANO-DE-CONCLUSAO="2010" NOME-CURSO-INGLES=""/><FORMACAO-COMPLEMENTAR-CURSO-DE-CURTA-DURACAO SEQUENCIA-FORMACAO="8" NIVEL="F" CARGA-HORARIA="20" CODIGO-INSTITUICAO="201900000008" NOME-INSTITUICAO="Centro Universitário Augusto Motta" CODIGO-ORGAO="" NOME-ORGAO="" CODIGO-CURSO="90000019" NOME-CURSO="Como Implementar os 5´s na Empresa e em Casa" STATUS-DO-CURSO="CONCLUIDO" ANO-DE-INICIO="2010" ANO-DE-CONCLUSAO="2010" NOME-CURSO-INGLES=""/><FORMACAO-COMPLEMENTAR-CURSO-DE-CURTA-DURACAO SEQUENCIA-FORMACAO="6" NIVEL="F" CARGA-HORARIA="60" CODIGO-INSTITUICAO="583100000007" NOME-INSTITUICAO="Sociedade Brasileira de Anatomia" CODIGO-ORGAO="" NOME-ORGAO="" CODIGO-CURSO="90000005" NOME-CURSO="Técnicas Anatômicas" STATUS-DO-CURSO="CONCLUIDO" ANO-DE-INICIO="2007" ANO-DE-CONCLUSAO="2007" NOME-CURSO-INGLES=""/><FORMACAO-COMPLEMENTAR-CURSO-DE-CURTA-DURACAO SEQUENCIA-FORMACAO="27" NIVEL="F" CARGA-HORARIA="2" CODIGO-INSTITUICAO="583100000007" NOME-INSTITUICAO="Sociedade Brasileira de Anatomia" CODIGO-ORGAO="" NOME-ORGAO="" CODIGO-CURSO="90000033" NOME-CURSO="Tecnol. da Informação Aplic. ao Ensino da Anatomia" STATUS-DO-CURSO="CONCLUIDO" ANO-DE-INICIO="2012" ANO-DE-CONCLUSAO="2012" NOME-CURSO-INGLES=""/><FORMACAO-COMPLEMENTAR-CURSO-DE-CURTA-DURACAO SEQUENCIA-FORMACAO="25" NIVEL="F" CARGA-HORARIA="20" CODIGO-INSTITUICAO="201900000008" NOME-INSTITUICAO="Centro Universitário Augusto Motta" CODIGO-ORGAO="" NOME-ORGAO="" CODIGO-CURSO="90000030" NOME-CURSO="Técnicas Gráficas aplicadas em AutoCAD" STATUS-DO-CURSO="CONCLUIDO" ANO-DE-INICIO="2011" ANO-DE-CONCLUSAO="2011" NOME-CURSO-INGLES=""/><FORMACAO-COMPLEMENTAR-CURSO-DE-CURTA-DURACAO SEQUENCIA-FORMACAO="23" NIVEL="F" CARGA-HORARIA="30" CODIGO-INSTITUICAO="201900000008" NOME-INSTITUICAO="Centro Universitário Augusto Motta" CODIGO-ORGAO="" NOME-ORGAO="" CODIGO-CURSO="90000028" NOME-CURSO="Gestão de Marketing" STATUS-DO-CURSO="CONCLUIDO" ANO-DE-INICIO="2011" ANO-DE-CONCLUSAO="2011" NOME-CURSO-INGLES=""/><FORMACAO-COMPLEMENTAR-CURSO-DE-CURTA-DURACAO SEQUENCIA-FORMACAO="22" NIVEL="F" CARGA-HORARIA="20" CODIGO-INSTITUICAO="201900000008" NOME-INSTITUICAO="Centro Universitário Augusto Motta" CODIGO-ORGAO="" NOME-ORGAO="" CODIGO-CURSO="90000026" NOME-CURSO="Gestão de Estoques com foco Logístico" STATUS-DO-CURSO="CONCLUIDO" ANO-DE-INICIO="2011" ANO-DE-CONCLUSAO="2011" NOME-CURSO-INGLES=""/><FORMACAO-COMPLEMENTAR-CURSO-DE-CURTA-DURACAO SEQUENCIA-FORMACAO="24" NIVEL="F" CARGA-HORARIA="30" CODIGO-INSTITUICAO="201900000008" NOME-INSTITUICAO="Centro Universitário Augusto Motta" CODIGO-ORGAO="" NOME-ORGAO="" CODIGO-CURSO="90000029" NOME-CURSO="Estratégia Empresarial" STATUS-DO-CURSO="CONCLUIDO" ANO-DE-INICIO="2010" ANO-DE-CONCLUSAO="2010" NOME-CURSO-INGLES=""/><FORMACAO-COMPLEMENTAR-CURSO-DE-CURTA-DURACAO SEQUENCIA-FORMACAO="12" NIVEL="F" CARGA-HORARIA="3" CODIGO-INSTITUICAO="583100000007" NOME-INSTITUICAO="Sociedade Brasileira de Anatomia" CODIGO-ORGAO="" NOME-ORGAO="" CODIGO-CURSO="90000011" NOME-CURSO="Anatomia Topográfica Clín. e Cirúrg. Sist. Venoso" STATUS-DO-CURSO="CONCLUIDO" ANO-DE-INICIO="2010" ANO-DE-CONCLUSAO="2010" NOME-CURSO-INGLES=""/><FORMACAO-COMPLEMENTAR-CURSO-DE-CURTA-DURACAO SEQUENCIA-FORMACAO="7" NIVEL="F" CARGA-HORARIA="3" CODIGO-INSTITUICAO="004300000009" NOME-INSTITUICAO="Universidade Federal de Santa Catarina" CODIGO-ORGAO="" NOME-ORGAO="" CODIGO-CURSO="90000006" NOME-CURSO="Dibujo y Disección em Anatomía Odontológica" STATUS-DO-CURSO="CONCLUIDO" ANO-DE-INICIO="2006" ANO-DE-CONCLUSAO="2006" NOME-CURSO-INGLES=""/><FORMACAO-COMPLEMENTAR-CURSO-DE-CURTA-DURACAO SEQUENCIA-FORMACAO="5" NIVEL="F" CARGA-HORARIA="3" CODIGO-INSTITUICAO="583100000007" NOME-INSTITUICAO="Sociedade Brasileira de Anatomia" CODIGO-ORGAO="" NOME-ORGAO="" CODIGO-CURSO="90000004" NOME-CURSO="Bases Anat. y Correlato Clin. de Desórdenes Crânio" STATUS-DO-CURSO="CONCLUIDO" ANO-DE-INICIO="2004" ANO-DE-CONCLUSAO="2004" NOME-CURSO-INGLES=""/><FORMACAO-COMPLEMENTAR-CURSO-DE-CURTA-DURACAO SEQUENCIA-FORMACAO="4" NIVEL="F" CARGA-HORARIA="3" CODIGO-INSTITUICAO="583100000007" NOME-INSTITUICAO="Sociedade Brasileira de Anatomia" CODIGO-ORGAO="" NOME-ORGAO="" CODIGO-CURSO="90000003" NOME-CURSO="Anatomía y Cirurgia Traumatológica" STATUS-DO-CURSO="CONCLUIDO" ANO-DE-INICIO="2004" ANO-DE-CONCLUSAO="2004" NOME-CURSO-INGLES=""/><FORMACAO-COMPLEMENTAR-CURSO-DE-CURTA-DURACAO SEQUENCIA-FORMACAO="3" NIVEL="F" CARGA-HORARIA="16" CODIGO-INSTITUICAO="583100000007" NOME-INSTITUICAO="Sociedade Brasileira de Anatomia" CODIGO-ORGAO="" NOME-ORGAO="" CODIGO-CURSO="90000002" NOME-CURSO="Téc. Anatômicas, Implant. e Adeq. de Lab." STATUS-DO-CURSO="CONCLUIDO" ANO-DE-INICIO="2004" ANO-DE-CONCLUSAO="2004" NOME-CURSO-INGLES=""/><OUTROS SEQUENCIA-FORMACAO="18" NIVEL="Y" CARGA-HORARIA="368" CODIGO-INSTITUICAO="201900000008" NOME-INSTITUICAO="Centro Universitário Augusto Motta" CODIGO-ORGAO="" NOME-ORGAO="" CODIGO-CURSO="90000018" NOME-CURSO="Monitor da diciplina de Anatomia" STATUS-DO-CURSO="CONCLUIDO" ANO-DE-INICIO="2003" ANO-DE-CONCLUSAO="2003" NOME-CURSO-INGLES=""/><formacoesComplementaresPlana/></FORMACAO-COMPLEMENTAR><PARTICIPACAO-EM-BANCA-TRABALHOS-CONCLUSAO><PARTICIPACAO-EM-BANCA-DE-GRADUACAO SEQUENCIA-PRODUCAO="27"><DADOS-BASICOS-DA-PARTICIPACAO-EM-BANCA-DE-GRADUACAO NATUREZA="Graduação" TITULO="ATUAÇÃO DO ENFERMEIRO NA PREVENÇÃO DE SÍFILIS CONGÊNITA" ANO="2011" PAIS="Brasil" IDIOMA="Português" HOME-PAGE="" DOI="" TITULO-INGLES=""/><DETALHAMENTO-DA-PARTICIPACAO-EM-BANCA-DE-GRADUACAO NOME-DO-CANDIDATO="Glauce Albuquerque Barzano" CODIGO-INSTITUICAO="201900000008" NOME-INSTITUICAO="Centro Universitário Augusto Motta" CODIGO-ORGAO="" NOME-ORGAO="" CODIGO-CURSO="90000017" NOME-CURSO="Enfermagem" NOME-CURSO-INGLES=""/><PARTICIPANTE-BANCA NOME-COMPLETO-DO-PARTICIPANTE-DA-BANCA="Gilson Ramos de Oliveira Filho" NOME-PARA-CITACAO-DO-PARTICIPANTE-DA-BANCA="Filho, G.R.O." ORDEM-PARTICIPANTE="1" NRO-ID-CNPQ=""/><PARTICIPANTE-BANCA NOME-COMPLETO-DO-PARTICIPANTE-DA-BANCA="Thiago Prudêncio Barbosa" NOME-PARA-CITACAO-DO-PARTICIPANTE-DA-BANCA="Barbosa, T.P." ORDEM-PARTICIPANTE="3" NRO-ID-CNPQ=""/><PARTICIPANTE-BANCA NOME-COMPLETO-DO-PARTICIPANTE-DA-BANCA="Diego Matos Galvão de Barros" NOME-PARA-CITACAO-DO-PARTICIPANTE-DA-BANCA="BARROS, D.M.G." ORDEM-PARTICIPANTE="2" NRO-ID-CNPQ="5334160726902961"/></PARTICIPACAO-EM-BANCA-DE-GRADUACAO><PARTICIPACAO-EM-BANCA-DE-GRADUACAO SEQUENCIA-PRODUCAO="28"><DADOS-BASICOS-DA-PARTICIPACAO-EM-BANCA-DE-GRADUACAO NATUREZA="Graduação" TITULO="A QUALIDADE DE VIDA DOS PROFISSIONAIS DE ENFERMAGEM NO TRABALHO NOTURNO" ANO="2011" PAIS="Brasil" IDIOMA="Português" HOME-PAGE="" DOI="" TITULO-INGLES=""/><DETALHAMENTO-DA-PARTICIPACAO-EM-BANCA-DE-GRADUACAO NOME-DO-CANDIDATO="Rodrigo Monteiro de Melo" CODIGO-INSTITUICAO="201900000008" NOME-INSTITUICAO="Centro Universitário Augusto Motta" CODIGO-ORGAO="" NOME-ORGAO="" CODIGO-CURSO="90000017" NOME-CURSO="Enfermagem" NOME-CURSO-INGLES=""/><PARTICIPANTE-BANCA NOME-COMPLETO-DO-PARTICIPANTE-DA-BANCA="Gilson Ramos de Oliveira Filho" NOME-PARA-CITACAO-DO-PARTICIPANTE-DA-BANCA="Filho, G.R.O." ORDEM-PARTICIPANTE="1" NRO-ID-CNPQ=""/><PARTICIPANTE-BANCA NOME-COMPLETO-DO-PARTICIPANTE-DA-BANCA="Thiago Prudêncio Barbosa" NOME-PARA-CITACAO-DO-PARTICIPANTE-DA-BANCA="Barbosa, T.P." ORDEM-PARTICIPANTE="3" NRO-ID-CNPQ=""/><PARTICIPANTE-BANCA NOME-COMPLETO-DO-PARTICIPANTE-DA-BANCA="Diego Matos Galvão de Barros" NOME-PARA-CITACAO-DO-PARTICIPANTE-DA-BANCA="BARROS, D.M.G." ORDEM-PARTICIPANTE="2" NRO-ID-CNPQ="5334160726902961"/></PARTICIPACAO-EM-BANCA-DE-GRADUACAO><PARTICIPACAO-EM-BANCA-DE-GRADUACAO SEQUENCIA-PRODUCAO="29"><DADOS-BASICOS-DA-PARTICIPACAO-EM-BANCA-DE-GRADUACAO NATUREZA="Graduação" TITULO="O USO DE ADORNOS NO AMBIENTE HOSPITALAR COM BASE NA NR 32: UMA REALIDADE PARA A ENFERMAGEM" ANO="2011" PAIS="Brasil" IDIOMA="Português" HOME-PAGE="" DOI="" TITULO-INGLES=""/><DETALHAMENTO-DA-PARTICIPACAO-EM-BANCA-DE-GRADUACAO NOME-DO-CANDIDATO="Priscila Rocha" CODIGO-INSTITUICAO="201900000008" NOME-INSTITUICAO="Centro Universitário Augusto Motta" CODIGO-ORGAO="" NOME-ORGAO="" CODIGO-CURSO="90000017" NOME-CURSO="Enfermagem" NOME-CURSO-INGLES=""/><PARTICIPANTE-BANCA NOME-COMPLETO-DO-PARTICIPANTE-DA-BANCA="Gilson Ramos de Oliveira Filho" NOME-PARA-CITACAO-DO-PARTICIPANTE-DA-BANCA="Filho, G.R.O." ORDEM-PARTICIPANTE="1" NRO-ID-CNPQ=""/><PARTICIPANTE-BANCA NOME-COMPLETO-DO-PARTICIPANTE-DA-BANCA="Thiago Prudêncio Barbosa" NOME-PARA-CITACAO-DO-PARTICIPANTE-DA-BANCA="Barbosa, T.P." ORDEM-PARTICIPANTE="3" NRO-ID-CNPQ=""/><PARTICIPANTE-BANCA NOME-COMPLETO-DO-PARTICIPANTE-DA-BANCA="Diego Matos Galvão de Barros" NOME-PARA-CITACAO-DO-PARTICIPANTE-DA-BANCA="BARROS, D.M.G." ORDEM-PARTICIPANTE="2" NRO-ID-CNPQ="5334160726902961"/></PARTICIPACAO-EM-BANCA-DE-GRADUACAO><PARTICIPACAO-EM-BANCA-DE-GRADUACAO SEQUENCIA-PRODUCAO="30"><DADOS-BASICOS-DA-PARTICIPACAO-EM-BANCA-DE-GRADUACAO NATUREZA="Graduação" TITULO="PROFISSIONAIS DE ENFERMAGEM EM UNIDADE DE TERAPIA INTENSIVA SITUAÇÃO VACINAL PARA HEPATITE B VIRAL" ANO="2011" PAIS="Brasil" IDIOMA="Português" HOME-PAGE="" DOI="" TITULO-INGLES=""/><DETALHAMENTO-DA-PARTICIPACAO-EM-BANCA-DE-GRADUACAO NOME-DO-CANDIDATO="Luís Paulo dos Santos Bueno Brandão" CODIGO-INSTITUICAO="201900000008" NOME-INSTITUICAO="Centro Universitário Augusto Motta" CODIGO-ORGAO="" NOME-ORGAO="" CODIGO-CURSO="90000017" NOME-CURSO="Enfermagem" NOME-CURSO-INGLES=""/><PARTICIPANTE-BANCA NOME-COMPLETO-DO-PARTICIPANTE-DA-BANCA="Gilson Ramos de Oliveira Filho" NOME-PARA-CITACAO-DO-PARTICIPANTE-DA-BANCA="Filho, G.R.O." ORDEM-PARTICIPANTE="1" NRO-ID-CNPQ=""/><PARTICIPANTE-BANCA NOME-COMPLETO-DO-PARTICIPANTE-DA-BANCA="Wescley Costa da Silva" NOME-PARA-CITACAO-DO-PARTICIPANTE-DA-BANCA="Silva, W.C." ORDEM-PARTICIPANTE="2" NRO-ID-CNPQ=""/><PARTICIPANTE-BANCA NOME-COMPLETO-DO-PARTICIPANTE-DA-BANCA="Diego Matos Galvão de Barros" NOME-PARA-CITACAO-DO-PARTICIPANTE-DA-BANCA="BARROS, D.M.G." ORDEM-PARTICIPANTE="3" NRO-ID-CNPQ="5334160726902961"/></PARTICIPACAO-EM-BANCA-DE-GRADUACAO><PARTICIPACAO-EM-BANCA-DE-GRADUACAO SEQUENCIA-PRODUCAO="31"><DADOS-BASICOS-DA-PARTICIPACAO-EM-BANCA-DE-GRADUACAO NATUREZA="Graduação" TITULO="ATUAÇÃO DO ENFERMEIRO NA PREVENÇÃO DE COMPLICAÇÕES RELACIONADAS AO CATÉTER VASCULAR PERIFÉRICO" ANO="2011" PAIS="Brasil" IDIOMA="Português" HOME-PAGE="" DOI="" TITULO-INGLES=""/><DETALHAMENTO-DA-PARTICIPACAO-EM-BANCA-DE-GRADUACAO NOME-DO-CANDIDATO="Claudia Pacheco da Silva" CODIGO-INSTITUICAO="201900000008" NOME-INSTITUICAO="Centro Universitário Augusto Motta" CODIGO-ORGAO="" NOME-ORGAO="" CODIGO-CURSO="90000017" NOME-CURSO="Enfermagem" NOME-CURSO-INGLES=""/><PARTICIPANTE-BANCA NOME-COMPLETO-DO-PARTICIPANTE-DA-BANCA="Gilson Ramos de Oliveira Filho" NOME-PARA-CITACAO-DO-PARTICIPANTE-DA-BANCA="Filho, G.R.O." ORDEM-PARTICIPANTE="1" NRO-ID-CNPQ=""/><PARTICIPANTE-BANCA NOME-COMPLETO-DO-PARTICIPANTE-DA-BANCA="Wescley Costa da Silva" NOME-PARA-CITACAO-DO-PARTICIPANTE-DA-BANCA="Silva, W.C." ORDEM-PARTICIPANTE="2" NRO-ID-CNPQ=""/><PARTICIPANTE-BANCA NOME-COMPLETO-DO-PARTICIPANTE-DA-BANCA="Diego Matos Galvão de Barros" NOME-PARA-CITACAO-DO-PARTICIPANTE-DA-BANCA="BARROS, D.M.G." ORDEM-PARTICIPANTE="3" NRO-ID-CNPQ="5334160726902961"/></PARTICIPACAO-EM-BANCA-DE-GRADUACAO><PARTICIPACAO-EM-BANCA-DE-GRADUACAO SEQUENCIA-PRODUCAO="32"><DADOS-BASICOS-DA-PARTICIPACAO-EM-BANCA-DE-GRADUACAO NATUREZA="Graduação" TITULO="ATUAÇÃO DO ENFERMEIRO NA PUNÇÃO INTRAVENOSA PERIFÉRICA" ANO="2011" PAIS="Brasil" IDIOMA="Português" HOME-PAGE="" DOI="" TITULO-INGLES=""/><DETALHAMENTO-DA-PARTICIPACAO-EM-BANCA-DE-GRADUACAO NOME-DO-CANDIDATO="Wellington Costa Lucas" CODIGO-INSTITUICAO="201900000008" NOME-INSTITUICAO="Centro Universitário Augusto Motta" CODIGO-ORGAO="" NOME-ORGAO="" CODIGO-CURSO="90000017" NOME-CURSO="Enfermagem" NOME-CURSO-INGLES=""/><PARTICIPANTE-BANCA NOME-COMPLETO-DO-PARTICIPANTE-DA-BANCA="Gilson Ramos de Oliveira Filho" NOME-PARA-CITACAO-DO-PARTICIPANTE-DA-BANCA="Filho, G.R.O." ORDEM-PARTICIPANTE="1" NRO-ID-CNPQ=""/><PARTICIPANTE-BANCA NOME-COMPLETO-DO-PARTICIPANTE-DA-BANCA="Wescley Costa da Silva" NOME-PARA-CITACAO-DO-PARTICIPANTE-DA-BANCA="Silva, W.C." ORDEM-PARTICIPANTE="2" NRO-ID-CNPQ=""/><PARTICIPANTE-BANCA NOME-COMPLETO-DO-PARTICIPANTE-DA-BANCA="Diego Matos Galvão de Barros" NOME-PARA-CITACAO-DO-PARTICIPANTE-DA-BANCA="BARROS, D.M.G." ORDEM-PARTICIPANTE="3" NRO-ID-CNPQ="5334160726902961"/></PARTICIPACAO-EM-BANCA-DE-GRADUACAO><PARTICIPACAO-EM-BANCA-DE-GRADUACAO SEQUENCIA-PRODUCAO="33"><DADOS-BASICOS-DA-PARTICIPACAO-EM-BANCA-DE-GRADUACAO NATUREZA="Graduação" TITULO="ASSISTÊNCIA DE ENFERMAGEM NO DIABETES GESTACIONAL: TRATAMENTO E MEDIDAS DE PREVENÇÃO" ANO="2011" PAIS="Brasil" IDIOMA="Português" HOME-PAGE="" DOI="" TITULO-INGLES=""/><DETALHAMENTO-DA-PARTICIPACAO-EM-BANCA-DE-GRADUACAO NOME-DO-CANDIDATO="Tatiana Ferreira Câmara" CODIGO-INSTITUICAO="201900000008" NOME-INSTITUICAO="Centro Universitário Augusto Motta" CODIGO-ORGAO="" NOME-ORGAO="" CODIGO-CURSO="90000017" NOME-CURSO="Enfermagem" NOME-CURSO-INGLES=""/><PARTICIPANTE-BANCA NOME-COMPLETO-DO-PARTICIPANTE-DA-BANCA="Gilson Ramos de Oliveira Filho" NOME-PARA-CITACAO-DO-PARTICIPANTE-DA-BANCA="Filho, G.R.O." ORDEM-PARTICIPANTE="1" NRO-ID-CNPQ=""/><PARTICIPANTE-BANCA NOME-COMPLETO-DO-PARTICIPANTE-DA-BANCA="Wescley Costa da Silva" NOME-PARA-CITACAO-DO-PARTICIPANTE-DA-BANCA="Silva, W.C." ORDEM-PARTICIPANTE="2" NRO-ID-CNPQ=""/><PARTICIPANTE-BANCA NOME-COMPLETO-DO-PARTICIPANTE-DA-BANCA="Diego Matos Galvão de Barros" NOME-PARA-CITACAO-DO-PARTICIPANTE-DA-BANCA="BARROS, D.M.G." ORDEM-PARTICIPANTE="3" NRO-ID-CNPQ="5334160726902961"/></PARTICIPACAO-EM-BANCA-DE-GRADUACAO><PARTICIPACAO-EM-BANCA-DE-GRADUACAO SEQUENCIA-PRODUCAO="40"><DADOS-BASICOS-DA-PARTICIPACAO-EM-BANCA-DE-GRADUACAO NATUREZA="Graduação" TITULO="O TREINAMENTO DE FORÇA PARA MULHERES" ANO="2012" PAIS="Brasil" IDIOMA="Português" HOME-PAGE="" DOI="" TITULO-INGLES=""/><DETALHAMENTO-DA-PARTICIPACAO-EM-BANCA-DE-GRADUACAO NOME-DO-CANDIDATO="Isabella Cristina Teixeira Januário" CODIGO-INSTITUICAO="201900000008" NOME-INSTITUICAO="Centro Universitário Augusto Motta" CODIGO-ORGAO="" NOME-ORGAO="" CODIGO-CURSO="90000010" NOME-CURSO="Bacharelado Educação Física" NOME-CURSO-INGLES=""/><PARTICIPANTE-BANCA NOME-COMPLETO-DO-PARTICIPANTE-DA-BANCA="Luiz Alberto Diniz do Nascimento" NOME-PARA-CITACAO-DO-PARTICIPANTE-DA-BANCA="Nascimento, L.A.D." ORDEM-PARTICIPANTE="3" NRO-ID-CNPQ=""/><PARTICIPANTE-BANCA NOME-COMPLETO-DO-PARTICIPANTE-DA-BANCA="Gilson Ramos de Oliveira Filho" NOME-PARA-CITACAO-DO-PARTICIPANTE-DA-BANCA="Filho, G.R.O." ORDEM-PARTICIPANTE="1" NRO-ID-CNPQ=""/><PARTICIPANTE-BANCA NOME-COMPLETO-DO-PARTICIPANTE-DA-BANCA="Diego Matos Galvão de Barros" NOME-PARA-CITACAO-DO-PARTICIPANTE-DA-BANCA="BARROS, D.M.G." ORDEM-PARTICIPANTE="2" NRO-ID-CNPQ="5334160726902961"/></PARTICIPACAO-EM-BANCA-DE-GRADUACAO><PARTICIPACAO-EM-BANCA-DE-GRADUACAO SEQUENCIA-PRODUCAO="41"><DADOS-BASICOS-DA-PARTICIPACAO-EM-BANCA-DE-GRADUACAO NATUREZA="Graduação" TITULO="OBESIDADE X TREINAMENTO DE FORÇA EM MULHERES" ANO="2012" PAIS="Brasil" IDIOMA="Português" HOME-PAGE="" DOI="" TITULO-INGLES=""/><DETALHAMENTO-DA-PARTICIPACAO-EM-BANCA-DE-GRADUACAO NOME-DO-CANDIDATO="Vanessa Francisca Claudino Soares" CODIGO-INSTITUICAO="201900000008" NOME-INSTITUICAO="Centro Universitário Augusto Motta" CODIGO-ORGAO="" NOME-ORGAO="" CODIGO-CURSO="90000010" NOME-CURSO="Bacharelado Educação Física" NOME-CURSO-INGLES=""/><PARTICIPANTE-BANCA NOME-COMPLETO-DO-PARTICIPANTE-DA-BANCA="Luiz Alberto Diniz do Nascimento" NOME-PARA-CITACAO-DO-PARTICIPANTE-DA-BANCA="Nascimento, L.A.D." ORDEM-PARTICIPANTE="3" NRO-ID-CNPQ=""/><PARTICIPANTE-BANCA NOME-COMPLETO-DO-PARTICIPANTE-DA-BANCA="Gilson Ramos de Oliveira Filho" NOME-PARA-CITACAO-DO-PARTICIPANTE-DA-BANCA="Filho, G.R.O." ORDEM-PARTICIPANTE="1" NRO-ID-CNPQ=""/><PARTICIPANTE-BANCA NOME-COMPLETO-DO-PARTICIPANTE-DA-BANCA="Diego Matos Galvão de Barros" NOME-PARA-CITACAO-DO-PARTICIPANTE-DA-BANCA="BARROS, D.M.G." ORDEM-PARTICIPANTE="2" NRO-ID-CNPQ="5334160726902961"/></PARTICIPACAO-EM-BANCA-DE-GRADUACAO><PARTICIPACAO-EM-BANCA-DE-GRADUACAO SEQUENCIA-PRODUCAO="42"><DADOS-BASICOS-DA-PARTICIPACAO-EM-BANCA-DE-GRADUACAO NATUREZA="Graduação" TITULO="O NOVO MERCADO EMPREENDEDOR NA ÁREA DO FITNESS" ANO="2012" PAIS="Brasil" IDIOMA="Português" HOME-PAGE="" DOI="" TITULO-INGLES=""/><DETALHAMENTO-DA-PARTICIPACAO-EM-BANCA-DE-GRADUACAO NOME-DO-CANDIDATO="Tatiane de Almeida Ferreira" CODIGO-INSTITUICAO="201900000008" NOME-INSTITUICAO="Centro Universitário Augusto Motta" CODIGO-ORGAO="" NOME-ORGAO="" CODIGO-CURSO="90000010" NOME-CURSO="Bacharelado Educação Física" NOME-CURSO-INGLES=""/><PARTICIPANTE-BANCA NOME-COMPLETO-DO-PARTICIPANTE-DA-BANCA="Luiz Alberto Diniz do Nascimento" NOME-PARA-CITACAO-DO-PARTICIPANTE-DA-BANCA="Nascimento, L.A.D." ORDEM-PARTICIPANTE="3" NRO-ID-CNPQ=""/><PARTICIPANTE-BANCA NOME-COMPLETO-DO-PARTICIPANTE-DA-BANCA="Gilson Ramos de Oliveira Filho" NOME-PARA-CITACAO-DO-PARTICIPANTE-DA-BANCA="Filho, G.R.O." ORDEM-PARTICIPANTE="1" NRO-ID-CNPQ=""/><PARTICIPANTE-BANCA NOME-COMPLETO-DO-PARTICIPANTE-DA-BANCA="Diego Matos Galvão de Barros" NOME-PARA-CITACAO-DO-PARTICIPANTE-DA-BANCA="BARROS, D.M.G." ORDEM-PARTICIPANTE="2" NRO-ID-CNPQ="5334160726902961"/></PARTICIPACAO-EM-BANCA-DE-GRADUACAO><PARTICIPACAO-EM-BANCA-DE-GRADUACAO SEQUENCIA-PRODUCAO="43"><DADOS-BASICOS-DA-PARTICIPACAO-EM-BANCA-DE-GRADUACAO NATUREZA="Graduação" TITULO="TREINAMENTO DE FORÇA PARA CRIANÇAS E ADOLESCENTES" ANO="2012" PAIS="Brasil" IDIOMA="Português" HOME-PAGE="" DOI="" TITULO-INGLES=""/><DETALHAMENTO-DA-PARTICIPACAO-EM-BANCA-DE-GRADUACAO NOME-DO-CANDIDATO="Ricardo Jorge de Oliveira Rodrigues" CODIGO-INSTITUICAO="201900000008" NOME-INSTITUICAO="Centro Universitário Augusto Motta" CODIGO-ORGAO="" NOME-ORGAO="" CODIGO-CURSO="90000010" NOME-CURSO="Bacharelado Educação Física" NOME-CURSO-INGLES=""/><PARTICIPANTE-BANCA NOME-COMPLETO-DO-PARTICIPANTE-DA-BANCA="Luiz Alberto Diniz do Nascimento" NOME-PARA-CITACAO-DO-PARTICIPANTE-DA-BANCA="Nascimento, L.A.D." ORDEM-PARTICIPANTE="3" NRO-ID-CNPQ=""/><PARTICIPANTE-BANCA NOME-COMPLETO-DO-PARTICIPANTE-DA-BANCA="Gilson Ramos de Oliveira Filho" NOME-PARA-CITACAO-DO-PARTICIPANTE-DA-BANCA="Filho, G.R.O." ORDEM-PARTICIPANTE="1" NRO-ID-CNPQ=""/><PARTICIPANTE-BANCA NOME-COMPLETO-DO-PARTICIPANTE-DA-BANCA="Diego Matos Galvão de Barros" NOME-PARA-CITACAO-DO-PARTICIPANTE-DA-BANCA="BARROS, D.M.G." ORDEM-PARTICIPANTE="2" NRO-ID-CNPQ="5334160726902961"/></PARTICIPACAO-EM-BANCA-DE-GRADUACAO><PARTICIPACAO-EM-BANCA-DE-GRADUACAO SEQUENCIA-PRODUCAO="44"><DADOS-BASICOS-DA-PARTICIPACAO-EM-BANCA-DE-GRADUACAO NATUREZA="Graduação" TITULO="A PERCEPÇÃO E A NECESSIDADE DA ATIVIDADE FÍSICA PARA O IDOSO" ANO="2012" PAIS="Brasil" IDIOMA="Português" HOME-PAGE="" DOI="" TITULO-INGLES=""/><DETALHAMENTO-DA-PARTICIPACAO-EM-BANCA-DE-GRADUACAO NOME-DO-CANDIDATO="Gil Pereira de Pontes" CODIGO-INSTITUICAO="201900000008" NOME-INSTITUICAO="Centro Universitário Augusto Motta" CODIGO-ORGAO="" NOME-ORGAO="" CODIGO-CURSO="90000010" NOME-CURSO="Bacharelado Educação Física" NOME-CURSO-INGLES=""/><PARTICIPANTE-BANCA NOME-COMPLETO-DO-PARTICIPANTE-DA-BANCA="Luiz Alberto Diniz do Nascimento" NOME-PARA-CITACAO-DO-PARTICIPANTE-DA-BANCA="Nascimento, L.A.D." ORDEM-PARTICIPANTE="3" NRO-ID-CNPQ=""/><PARTICIPANTE-BANCA NOME-COMPLETO-DO-PARTICIPANTE-DA-BANCA="Gilson Ramos de Oliveira Filho" NOME-PARA-CITACAO-DO-PARTICIPANTE-DA-BANCA="Filho, G.R.O." ORDEM-PARTICIPANTE="1" NRO-ID-CNPQ=""/><PARTICIPANTE-BANCA NOME-COMPLETO-DO-PARTICIPANTE-DA-BANCA="Diego Matos Galvão de Barros" NOME-PARA-CITACAO-DO-PARTICIPANTE-DA-BANCA="BARROS, D.M.G." ORDEM-PARTICIPANTE="2" NRO-ID-CNPQ="5334160726902961"/></PARTICIPACAO-EM-BANCA-DE-GRADUACAO></PARTICIPACAO-EM-BANCA-TRABALHOS-CONCLUSAO><PARTICIPACAO-EM-EVENTOS-CONGRESSOS><PARTICIPACAO-EM-CONGRESSO SEQUENCIA-PRODUCAO="11"><PARTICIPANTE-DE-EVENTOS-CONGRESSOS NOME-COMPLETO-DO-PARTICIPANTE-DE-EVENTOS-CONGRESSOS="Diego Matos Galvão de Barros" NOME-PARA-CITACAO-DO-PARTICIPANTE-DE-EVENTOS-CONGRESSOS="BARROS, D.M.G." ORDEM-PARTICIPANTE="1" NRO-ID-CNPQ="5334160726902961"/><DADOS-BASICOS-DA-PARTICIPACAO-EM-CONGRESSO NATUREZA="Congresso" TITULO="" ANO="2004" PAIS="Brasil" IDIOMA="" MEIO-DE-DIVULGACAO="NAO_INFORMADO" HOME-PAGE-DO-TRABALHO="" FLAG-RELEVANCIA="NAO" TIPO-PARTICIPACAO="" FORMA-PARTICIPACAO="Ouvinte" DOI="" TITULO-INGLES="" FLAG-DIVULGACAO-CIENTIFICA="NAO"/><DETALHAMENTO-DA-PARTICIPACAO-EM-CONGRESSO NOME-DO-EVENTO="XV Congresso Panamericano de Anatomia" CODIGO-INSTITUICAO="" NOME-INSTITUICAO="" LOCAL-DO-EVENTO="" CIDADE-DO-EVENTO="Foz do Iguaçu/PR" NOME-DO-EVENTO-INGLES=""/></PARTICIPACAO-EM-CONGRESSO><PARTICIPACAO-EM-CONGRESSO SEQUENCIA-PRODUCAO="19"><PARTICIPANTE-DE-EVENTOS-CONGRESSOS NOME-COMPLETO-DO-PARTICIPANTE-DE-EVENTOS-CONGRESSOS="Diego Matos Galvão de Barros" NOME-PARA-CITACAO-DO-PARTICIPANTE-DE-EVENTOS-CONGRESSOS="BARROS, D.M.G." ORDEM-PARTICIPANTE="1" NRO-ID-CNPQ="5334160726902961"/><DADOS-BASICOS-DA-PARTICIPACAO-EM-CONGRESSO NATUREZA="Congresso" TITULO="" ANO="2010" PAIS="Brasil" IDIOMA="" MEIO-DE-DIVULGACAO="NAO_INFORMADO" HOME-PAGE-DO-TRABALHO="" FLAG-RELEVANCIA="NAO" TIPO-PARTICIPACAO="" FORMA-PARTICIPACAO="Ouvinte" DOI="" TITULO-INGLES="" FLAG-DIVULGACAO-CIENTIFICA="NAO"/><DETALHAMENTO-DA-PARTICIPACAO-EM-CONGRESSO NOME-DO-EVENTO="XXIV Congresso Brasileiro de Anatomia" CODIGO-INSTITUICAO="" NOME-INSTITUICAO="" LOCAL-DO-EVENTO="" CIDADE-DO-EVENTO="Ribeirão Preto/SP" NOME-DO-EVENTO-INGLES=""/></PARTICIPACAO-EM-CONGRESSO><PARTICIPACAO-EM-CONGRESSO SEQUENCIA-PRODUCAO="1"><PARTICIPANTE-DE-EVENTOS-CONGRESSOS NOME-COMPLETO-DO-PARTICIPANTE-DE-EVENTOS-CONGRESSOS="Diego Matos Galvão de Barros" NOME-PARA-CITACAO-DO-PARTICIPANTE-DE-EVENTOS-CONGRESSOS="BARROS, D.M.G." ORDEM-PARTICIPANTE="1" NRO-ID-CNPQ="5334160726902961"/><DADOS-BASICOS-DA-PARTICIPACAO-EM-CONGRESSO NATUREZA="Congresso" TITULO="" ANO="2004" PAIS="Brasil" IDIOMA="" MEIO-DE-DIVULGACAO="NAO_INFORMADO" HOME-PAGE-DO-TRABALHO="" FLAG-RELEVANCIA="NAO" TIPO-PARTICIPACAO="" FORMA-PARTICIPACAO="Ouvinte" DOI="" TITULO-INGLES="" FLAG-DIVULGACAO-CIENTIFICA="NAO"/><DETALHAMENTO-DA-PARTICIPACAO-EM-CONGRESSO NOME-DO-EVENTO="Reunião de Integração da Morfologia Panamericana" CODIGO-INSTITUICAO="" NOME-INSTITUICAO="" LOCAL-DO-EVENTO="" CIDADE-DO-EVENTO="Foz do Iguaçu/PR" NOME-DO-EVENTO-INGLES=""/></PARTICIPACAO-EM-CONGRESSO><PARTICIPACAO-EM-CONGRESSO SEQUENCIA-PRODUCAO="16"><PARTICIPANTE-DE-EVENTOS-CONGRESSOS NOME-COMPLETO-DO-PARTICIPANTE-DE-EVENTOS-CONGRESSOS="Diego Matos Galvão de Barros" NOME-PARA-CITACAO-DO-PARTICIPANTE-DE-EVENTOS-CONGRESSOS="BARROS, D.M.G." ORDEM-PARTICIPANTE="1" NRO-ID-CNPQ="5334160726902961"/><DADOS-BASICOS-DA-PARTICIPACAO-EM-CONGRESSO NATUREZA="Congresso" TITULO="" ANO="2004" PAIS="Brasil" IDIOMA="" MEIO-DE-DIVULGACAO="NAO_INFORMADO" HOME-PAGE-DO-TRABALHO="" FLAG-RELEVANCIA="NAO" TIPO-PARTICIPACAO="" FORMA-PARTICIPACAO="Ouvinte" DOI="" TITULO-INGLES="" FLAG-DIVULGACAO-CIENTIFICA="NAO"/><DETALHAMENTO-DA-PARTICIPACAO-EM-CONGRESSO NOME-DO-EVENTO="XLI Congreso Argentino de Anatomia" CODIGO-INSTITUICAO="" NOME-INSTITUICAO="" LOCAL-DO-EVENTO="" CIDADE-DO-EVENTO="Foz do Iguaçu/PR" NOME-DO-EVENTO-INGLES=""/></PARTICIPACAO-EM-CONGRESSO><PARTICIPACAO-EM-CONGRESSO SEQUENCIA-PRODUCAO="2"><PARTICIPANTE-DE-EVENTOS-CONGRESSOS NOME-COMPLETO-DO-PARTICIPANTE-DE-EVENTOS-CONGRESSOS="Diego Matos Galvão de Barros" NOME-PARA-CITACAO-DO-PARTICIPANTE-DE-EVENTOS-CONGRESSOS="BARROS, D.M.G." ORDEM-PARTICIPANTE="1" NRO-ID-CNPQ="5334160726902961"/><DADOS-BASICOS-DA-PARTICIPACAO-EM-CONGRESSO NATUREZA="Congresso" TITULO="" ANO="2006" PAIS="Brasil" IDIOMA="" MEIO-DE-DIVULGACAO="NAO_INFORMADO" HOME-PAGE-DO-TRABALHO="" FLAG-RELEVANCIA="NAO" TIPO-PARTICIPACAO="" FORMA-PARTICIPACAO="Ouvinte" DOI="" TITULO-INGLES="" FLAG-DIVULGACAO-CIENTIFICA="NAO"/><DETALHAMENTO-DA-PARTICIPACAO-EM-CONGRESSO NOME-DO-EVENTO="XXII Congresso Brasileiro de Anatomia" CODIGO-INSTITUICAO="" NOME-INSTITUICAO="" LOCAL-DO-EVENTO="" CIDADE-DO-EVENTO="Florianópolis/SC" NOME-DO-EVENTO-INGLES=""/></PARTICIPACAO-EM-CONGRESSO><PARTICIPACAO-EM-CONGRESSO SEQUENCIA-PRODUCAO="45"><PARTICIPANTE-DE-EVENTOS-CONGRESSOS NOME-COMPLETO-DO-PARTICIPANTE-DE-EVENTOS-CONGRESSOS="Diego Matos Galvão de Barros" NOME-PARA-CITACAO-DO-PARTICIPANTE-DE-EVENTOS-CONGRESSOS="BARROS, D.M.G." ORDEM-PARTICIPANTE="1" NRO-ID-CNPQ="5334160726902961"/><DADOS-BASICOS-DA-PARTICIPACAO-EM-CONGRESSO NATUREZA="Congresso" TITULO="REFLEXÕES SOBRE O ENSINO DA ANATOMIA HUMANA EM CURSO TÉCNICO PROFISSIONALIZANTE DO ESTADO DO RIO DE JANEIRO" ANO="2012" PAIS="Brasil" IDIOMA="" MEIO-DE-DIVULGACAO="NAO_INFORMADO" HOME-PAGE-DO-TRABALHO="" FLAG-RELEVANCIA="NAO" TIPO-PARTICIPACAO="Poster / Painel" FORMA-PARTICIPACAO="Participante" DOI="" TITULO-INGLES="" FLAG-DIVULGACAO-CIENTIFICA="NAO"/><DETALHAMENTO-DA-PARTICIPACAO-EM-CONGRESSO NOME-DO-EVENTO="XXV Congresso Brasileiro de Anatomia" CODIGO-INSTITUICAO="" NOME-INSTITUICAO="" LOCAL-DO-EVENTO="" CIDADE-DO-EVENTO="Salvador/BA" NOME-DO-EVENTO-INGLES=""/></PARTICIPACAO-EM-CONGRESSO><PARTICIPACAO-EM-CONGRESSO SEQUENCIA-PRODUCAO="18"><PARTICIPANTE-DE-EVENTOS-CONGRESSOS NOME-COMPLETO-DO-PARTICIPANTE-DE-EVENTOS-CONGRESSOS="Diego Matos Galvão de Barros" NOME-PARA-CITACAO-DO-PARTICIPANTE-DE-EVENTOS-CONGRESSOS="BARROS, D.M.G." ORDEM-PARTICIPANTE="1" NRO-ID-CNPQ="5334160726902961"/><DADOS-BASICOS-DA-PARTICIPACAO-EM-CONGRESSO NATUREZA="Congresso" TITULO="" ANO="2006" PAIS="Brasil" IDIOMA="" MEIO-DE-DIVULGACAO="NAO_INFORMADO" HOME-PAGE-DO-TRABALHO="" FLAG-RELEVANCIA="NAO" TIPO-PARTICIPACAO="" FORMA-PARTICIPACAO="Ouvinte" DOI="" TITULO-INGLES="" FLAG-DIVULGACAO-CIENTIFICA="NAO"/><DETALHAMENTO-DA-PARTICIPACAO-EM-CONGRESSO NOME-DO-EVENTO="VIII Congreso de Anatomia Del Cono Sur" CODIGO-INSTITUICAO="" NOME-INSTITUICAO="" LOCAL-DO-EVENTO="" CIDADE-DO-EVENTO="Florianópolis/SC" NOME-DO-EVENTO-INGLES=""/></PARTICIPACAO-EM-CONGRESSO><PARTICIPACAO-EM-CONGRESSO SEQUENCIA-PRODUCAO="23"><PARTICIPANTE-DE-EVENTOS-CONGRESSOS NOME-COMPLETO-DO-PARTICIPANTE-DE-EVENTOS-CONGRESSOS="Diego Matos Galvão de Barros" NOME-PARA-CITACAO-DO-PARTICIPANTE-DE-EVENTOS-CONGRESSOS="BARROS, D.M.G." ORDEM-PARTICIPANTE="1" NRO-ID-CNPQ="5334160726902961"/><DADOS-BASICOS-DA-PARTICIPACAO-EM-CONGRESSO NATUREZA="Congresso" TITULO="INCIDÊNCIA E IMPACTO DAS LER/DORT DE PUNHO RELACIONADAS À UTILIZAÇÃO DE TERAPIAS MANUAIS POR FISIOTERAPEUTAS" ANO="2011" PAIS="Brasil" IDIOMA="" MEIO-DE-DIVULGACAO="NAO_INFORMADO" HOME-PAGE-DO-TRABALHO="" FLAG-RELEVANCIA="NAO" TIPO-PARTICIPACAO="Outras Formas" FORMA-PARTICIPACAO="Participante" DOI="" TITULO-INGLES="" FLAG-DIVULGACAO-CIENTIFICA="NAO"/><DETALHAMENTO-DA-PARTICIPACAO-EM-CONGRESSO NOME-DO-EVENTO="Congresso Sul-Americano de Fisioterapia" CODIGO-INSTITUICAO="" NOME-INSTITUICAO="" LOCAL-DO-EVENTO="" CIDADE-DO-EVENTO="Búzios/RJ" NOME-DO-EVENTO-INGLES=""/></PARTICIPACAO-EM-CONGRESSO><PARTICIPACAO-EM-CONGRESSO SEQUENCIA-PRODUCAO="12"><PARTICIPANTE-DE-EVENTOS-CONGRESSOS NOME-COMPLETO-DO-PARTICIPANTE-DE-EVENTOS-CONGRESSOS="Diego Matos Galvão de Barros" NOME-PARA-CITACAO-DO-PARTICIPANTE-DE-EVENTOS-CONGRESSOS="BARROS, D.M.G." ORDEM-PARTICIPANTE="1" NRO-ID-CNPQ="5334160726902961"/><DADOS-BASICOS-DA-PARTICIPACAO-EM-CONGRESSO NATUREZA="Congresso" TITULO="" ANO="2004" PAIS="Brasil" IDIOMA="" MEIO-DE-DIVULGACAO="NAO_INFORMADO" HOME-PAGE-DO-TRABALHO="" FLAG-RELEVANCIA="NAO" TIPO-PARTICIPACAO="" FORMA-PARTICIPACAO="Ouvinte" DOI="" TITULO-INGLES="" FLAG-DIVULGACAO-CIENTIFICA="NAO"/><DETALHAMENTO-DA-PARTICIPACAO-EM-CONGRESSO NOME-DO-EVENTO="VI Congresso de Anatomia Del Cono Sur" CODIGO-INSTITUICAO="" NOME-INSTITUICAO="" LOCAL-DO-EVENTO="" CIDADE-DO-EVENTO="Foz do Iguaçu/PR" NOME-DO-EVENTO-INGLES=""/></PARTICIPACAO-EM-CONGRESSO><PARTICIPACAO-EM-CONGRESSO SEQUENCIA-PRODUCAO="17"><PARTICIPANTE-DE-EVENTOS-CONGRESSOS NOME-COMPLETO-DO-PARTICIPANTE-DE-EVENTOS-CONGRESSOS="Diego Matos Galvão de Barros" NOME-PARA-CITACAO-DO-PARTICIPANTE-DE-EVENTOS-CONGRESSOS="BARROS, D.M.G." ORDEM-PARTICIPANTE="1" NRO-ID-CNPQ="5334160726902961"/><DADOS-BASICOS-DA-PARTICIPACAO-EM-CONGRESSO NATUREZA="Congresso" TITULO="" ANO="2006" PAIS="Brasil" IDIOMA="" MEIO-DE-DIVULGACAO="NAO_INFORMADO" HOME-PAGE-DO-TRABALHO="" FLAG-RELEVANCIA="NAO" TIPO-PARTICIPACAO="" FORMA-PARTICIPACAO="Ouvinte" DOI="" TITULO-INGLES="" FLAG-DIVULGACAO-CIENTIFICA="NAO"/><DETALHAMENTO-DA-PARTICIPACAO-EM-CONGRESSO NOME-DO-EVENTO="XXVII Congreso Chileno de Anatomia" CODIGO-INSTITUICAO="" NOME-INSTITUICAO="" LOCAL-DO-EVENTO="" CIDADE-DO-EVENTO="Florianópolis/SC" NOME-DO-EVENTO-INGLES=""/></PARTICIPACAO-EM-CONGRESSO><PARTICIPACAO-EM-CONGRESSO SEQUENCIA-PRODUCAO="10"><PARTICIPANTE-DE-EVENTOS-CONGRESSOS NOME-COMPLETO-DO-PARTICIPANTE-DE-EVENTOS-CONGRESSOS="Diego Matos Galvão de Barros" NOME-PARA-CITACAO-DO-PARTICIPANTE-DE-EVENTOS-CONGRESSOS="BARROS, D.M.G." ORDEM-PARTICIPANTE="1" NRO-ID-CNPQ="5334160726902961"/><DADOS-BASICOS-DA-PARTICIPACAO-EM-CONGRESSO NATUREZA="Congresso" TITULO="" ANO="2004" PAIS="Brasil" IDIOMA="" MEIO-DE-DIVULGACAO="NAO_INFORMADO" HOME-PAGE-DO-TRABALHO="" FLAG-RELEVANCIA="NAO" TIPO-PARTICIPACAO="" FORMA-PARTICIPACAO="Ouvinte" DOI="" TITULO-INGLES="" FLAG-DIVULGACAO-CIENTIFICA="NAO"/><DETALHAMENTO-DA-PARTICIPACAO-EM-CONGRESSO NOME-DO-EVENTO="XXI Congresso Brasileiro de Anatomia e II Simpósio Sobre Ensino de Anatomia" CODIGO-INSTITUICAO="" NOME-INSTITUICAO="" LOCAL-DO-EVENTO="" CIDADE-DO-EVENTO="Foz do Iguaçu/PR" NOME-DO-EVENTO-INGLES=""/></PARTICIPACAO-EM-CONGRESSO><PARTICIPACAO-EM-CONGRESSO SEQUENCIA-PRODUCAO="13"><PARTICIPANTE-DE-EVENTOS-CONGRESSOS NOME-COMPLETO-DO-PARTICIPANTE-DE-EVENTOS-CONGRESSOS="Diego Matos Galvão de Barros" NOME-PARA-CITACAO-DO-PARTICIPANTE-DE-EVENTOS-CONGRESSOS="BARROS, D.M.G." ORDEM-PARTICIPANTE="1" NRO-ID-CNPQ="5334160726902961"/><DADOS-BASICOS-DA-PARTICIPACAO-EM-CONGRESSO NATUREZA="Congresso" TITULO="" ANO="2004" PAIS="Brasil" IDIOMA="" MEIO-DE-DIVULGACAO="NAO_INFORMADO" HOME-PAGE-DO-TRABALHO="" FLAG-RELEVANCIA="NAO" TIPO-PARTICIPACAO="" FORMA-PARTICIPACAO="Ouvinte" DOI="" TITULO-INGLES="" FLAG-DIVULGACAO-CIENTIFICA="NAO"/><DETALHAMENTO-DA-PARTICIPACAO-EM-CONGRESSO NOME-DO-EVENTO="XXV Congreso Chileno de Anatomia" CODIGO-INSTITUICAO="" NOME-INSTITUICAO="" LOCAL-DO-EVENTO="" CIDADE-DO-EVENTO="Foz do Iguaçu/PR" NOME-DO-EVENTO-INGLES=""/></PARTICIPACAO-EM-CONGRESSO><PARTICIPACAO-EM-SIMPOSIO SEQUENCIA-PRODUCAO="15"><PARTICIPANTE-DE-EVENTOS-CONGRESSOS NOME-COMPLETO-DO-PARTICIPANTE-DE-EVENTOS-CONGRESSOS="Diego Matos Galvão de Barros" NOME-PARA-CITACAO-DO-PARTICIPANTE-DE-EVENTOS-CONGRESSOS="BARROS, D.M.G." ORDEM-PARTICIPANTE="1" NRO-ID-CNPQ="5334160726902961"/><DADOS-BASICOS-DA-PARTICIPACAO-EM-SIMPOSIO NATUREZA="Simpósio" TITULO="" ANO="2004" PAIS="Brasil" IDIOMA="" MEIO-DE-DIVULGACAO="NAO_INFORMADO" HOME-PAGE-DO-TRABALHO="" FLAG-RELEVANCIA="NAO" TIPO-PARTICIPACAO="" FORMA-PARTICIPACAO="Ouvinte" DOI="" TITULO-INGLES="" FLAG-DIVULGACAO-CIENTIFICA="NAO"/><DETALHAMENTO-DA-PARTICIPACAO-EM-SIMPOSIO NOME-DO-EVENTO="Simpósio de Biologia do Desenvolvimento - SBBC" CODIGO-INSTITUICAO="" NOME-INSTITUICAO="" LOCAL-DO-EVENTO="" CIDADE-DO-EVENTO="Foz do Iguaçu/PR" NOME-DO-EVENTO-INGLES=""/></PARTICIPACAO-EM-SIMPOSIO><PARTICIPACAO-EM-SIMPOSIO SEQUENCIA-PRODUCAO="14"><PARTICIPANTE-DE-EVENTOS-CONGRESSOS NOME-COMPLETO-DO-PARTICIPANTE-DE-EVENTOS-CONGRESSOS="Diego Matos Galvão de Barros" NOME-PARA-CITACAO-DO-PARTICIPANTE-DE-EVENTOS-CONGRESSOS="BARROS, D.M.G." ORDEM-PARTICIPANTE="1" NRO-ID-CNPQ="5334160726902961"/><DADOS-BASICOS-DA-PARTICIPACAO-EM-SIMPOSIO NATUREZA="Simpósio" TITULO="" ANO="2004" PAIS="Brasil" IDIOMA="" MEIO-DE-DIVULGACAO="NAO_INFORMADO" HOME-PAGE-DO-TRABALHO="" FLAG-RELEVANCIA="NAO" TIPO-PARTICIPACAO="" FORMA-PARTICIPACAO="Ouvinte" DOI="" TITULO-INGLES="" FLAG-DIVULGACAO-CIENTIFICA="NAO"/><DETALHAMENTO-DA-PARTICIPACAO-EM-SIMPOSIO NOME-DO-EVENTO="V Simpósio da Associação Paranaense para o Desenvolvimento do Ensino da Ciência" CODIGO-INSTITUICAO="" NOME-INSTITUICAO="" LOCAL-DO-EVENTO="" CIDADE-DO-EVENTO="Foz do Iguaçu/PR" NOME-DO-EVENTO-INGLES=""/></PARTICIPACAO-EM-SIMPOSIO><PARTICIPACAO-EM-SIMPOSIO SEQUENCIA-PRODUCAO="4"><PARTICIPANTE-DE-EVENTOS-CONGRESSOS NOME-COMPLETO-DO-PARTICIPANTE-DE-EVENTOS-CONGRESSOS="Diego Matos Galvão de Barros" NOME-PARA-CITACAO-DO-PARTICIPANTE-DE-EVENTOS-CONGRESSOS="BARROS, D.M.G." ORDEM-PARTICIPANTE="1" NRO-ID-CNPQ="5334160726902961"/><DADOS-BASICOS-DA-PARTICIPACAO-EM-SIMPOSIO NATUREZA="Simpósio" TITULO="" ANO="2004" PAIS="Brasil" IDIOMA="" MEIO-DE-DIVULGACAO="NAO_INFORMADO" HOME-PAGE-DO-TRABALHO="" FLAG-RELEVANCIA="NAO" TIPO-PARTICIPACAO="" FORMA-PARTICIPACAO="Ouvinte" DOI="" TITULO-INGLES="" FLAG-DIVULGACAO-CIENTIFICA="NAO"/><DETALHAMENTO-DA-PARTICIPACAO-EM-SIMPOSIO NOME-DO-EVENTO="Simpósium Internacional Anti-aging" CODIGO-INSTITUICAO="" NOME-INSTITUICAO="" LOCAL-DO-EVENTO="" CIDADE-DO-EVENTO="Rio de Janeiro/RJ" NOME-DO-EVENTO-INGLES=""/></PARTICIPACAO-EM-SIMPOSIO><OUTRAS-PARTICIPACOES-EM-EVENTOS-CONGRESSOS SEQUENCIA-PRODUCAO="38"><PARTICIPANTE-DE-EVENTOS-CONGRESSOS NOME-COMPLETO-DO-PARTICIPANTE-DE-EVENTOS-CONGRESSOS="Diego Matos Galvão de Barros" NOME-PARA-CITACAO-DO-PARTICIPANTE-DE-EVENTOS-CONGRESSOS="BARROS, D.M.G." ORDEM-PARTICIPANTE="1" NRO-ID-CNPQ="5334160726902961"/><DADOS-BASICOS-DE-OUTRAS-PARTICIPACOES-EM-EVENTOS-CONGRESSOS NATUREZA="Outra" TITULO="" ANO="2012" PAIS="Brasil" IDIOMA="" MEIO-DE-DIVULGACAO="NAO_INFORMADO" HOME-PAGE-DO-TRABALHO="" FLAG-RELEVANCIA="NAO" TIPO-PARTICIPACAO="" FORMA-PARTICIPACAO="Ouvinte" DOI="" TITULO-INGLES="" FLAG-DIVULGACAO-CIENTIFICA="NAO"/><DETALHAMENTO-DE-OUTRAS-PARTICIPACOES-EM-EVENTOS-CONGRESSOS NOME-DO-EVENTO="V Fórum Internacional de Treinamento Funcional" CODIGO-INSTITUICAO="" NOME-INSTITUICAO="" LOCAL-DO-EVENTO="" CIDADE-DO-EVENTO="São Paulo/SP" NOME-DO-EVENTO-INGLES=""/></OUTRAS-PARTICIPACOES-EM-EVENTOS-CONGRESSOS><OUTRAS-PARTICIPACOES-EM-EVENTOS-CONGRESSOS SEQUENCIA-PRODUCAO="9"><PARTICIPANTE-DE-EVENTOS-CONGRESSOS NOME-COMPLETO-DO-PARTICIPANTE-DE-EVENTOS-CONGRESSOS="Diego Matos Galvão de Barros" NOME-PARA-CITACAO-DO-PARTICIPANTE-DE-EVENTOS-CONGRESSOS="BARROS, D.M.G." ORDEM-PARTICIPANTE="1" NRO-ID-CNPQ="5334160726902961"/><DADOS-BASICOS-DE-OUTRAS-PARTICIPACOES-EM-EVENTOS-CONGRESSOS NATUREZA="Outra" TITULO="BIOMECÂNICA DO JOELHO" ANO="2009" PAIS="Brasil" IDIOMA="" MEIO-DE-DIVULGACAO="NAO_INFORMADO" HOME-PAGE-DO-TRABALHO="" FLAG-RELEVANCIA="NAO" TIPO-PARTICIPACAO="Conferencista" FORMA-PARTICIPACAO="Convidado" DOI="" TITULO-INGLES="" FLAG-DIVULGACAO-CIENTIFICA="NAO"/><DETALHAMENTO-DE-OUTRAS-PARTICIPACOES-EM-EVENTOS-CONGRESSOS NOME-DO-EVENTO="VI Semana de Ensino, Extensão, Pesquisa e Pós-Graduação - UNISUAM" CODIGO-INSTITUICAO="" NOME-INSTITUICAO="" LOCAL-DO-EVENTO="" CIDADE-DO-EVENTO="Rio de Janeiro/RJ" NOME-DO-EVENTO-INGLES=""/></OUTRAS-PARTICIPACOES-EM-EVENTOS-CONGRESSOS><OUTRAS-PARTICIPACOES-EM-EVENTOS-CONGRESSOS SEQUENCIA-PRODUCAO="24"><PARTICIPANTE-DE-EVENTOS-CONGRESSOS NOME-COMPLETO-DO-PARTICIPANTE-DE-EVENTOS-CONGRESSOS="Diego Matos Galvão de Barros" NOME-PARA-CITACAO-DO-PARTICIPANTE-DE-EVENTOS-CONGRESSOS="BARROS, D.M.G." ORDEM-PARTICIPANTE="1" NRO-ID-CNPQ="5334160726902961"/><DADOS-BASICOS-DE-OUTRAS-PARTICIPACOES-EM-EVENTOS-CONGRESSOS NATUREZA="Outra" TITULO="OSTEOTÉCNICA - UMA ABORDAGEM DE PREPARAÇÃO DE PEÇAS PARA LABORATÓRIO DE MORFOLOGIA E ZOOLOGIA" ANO="2011" PAIS="Brasil" IDIOMA="" MEIO-DE-DIVULGACAO="NAO_INFORMADO" HOME-PAGE-DO-TRABALHO="" FLAG-RELEVANCIA="NAO" TIPO-PARTICIPACAO="Conferencista" FORMA-PARTICIPACAO="Convidado" DOI="" TITULO-INGLES="" FLAG-DIVULGACAO-CIENTIFICA="NAO"/><DETALHAMENTO-DE-OUTRAS-PARTICIPACOES-EM-EVENTOS-CONGRESSOS NOME-DO-EVENTO="VI Jornada de Biologia no Centro Universitário Celso Lisboa" CODIGO-INSTITUICAO="" NOME-INSTITUICAO="" LOCAL-DO-EVENTO="" CIDADE-DO-EVENTO="Rio de Janeiro/RJ" NOME-DO-EVENTO-INGLES=""/></OUTRAS-PARTICIPACOES-EM-EVENTOS-CONGRESSOS><OUTRAS-PARTICIPACOES-EM-EVENTOS-CONGRESSOS SEQUENCIA-PRODUCAO="22"><PARTICIPANTE-DE-EVENTOS-CONGRESSOS NOME-COMPLETO-DO-PARTICIPANTE-DE-EVENTOS-CONGRESSOS="Diego Matos Galvão de Barros" NOME-PARA-CITACAO-DO-PARTICIPANTE-DE-EVENTOS-CONGRESSOS="BARROS, D.M.G." ORDEM-PARTICIPANTE="1" NRO-ID-CNPQ="5334160726902961"/><DADOS-BASICOS-DE-OUTRAS-PARTICIPACOES-EM-EVENTOS-CONGRESSOS NATUREZA="Outra" TITULO="A IMPORTÂNCIA DA ANATOMIA NA PRÉ E PÓS-CIRUGIA DE LIGAMENTO CRUZADO ANTERIOR" ANO="2010" PAIS="Brasil" IDIOMA="" MEIO-DE-DIVULGACAO="NAO_INFORMADO" HOME-PAGE-DO-TRABALHO="" FLAG-RELEVANCIA="NAO" TIPO-PARTICIPACAO="Poster / Painel" FORMA-PARTICIPACAO="Participante" DOI="" TITULO-INGLES="" FLAG-DIVULGACAO-CIENTIFICA="NAO"/><DETALHAMENTO-DE-OUTRAS-PARTICIPACOES-EM-EVENTOS-CONGRESSOS NOME-DO-EVENTO="III Jornada Acadêmica de Anatomia Veterinária e Humana Aplicada" CODIGO-INSTITUICAO="" NOME-INSTITUICAO="" LOCAL-DO-EVENTO="" CIDADE-DO-EVENTO="Belo Horizonte/MG" NOME-DO-EVENTO-INGLES=""/></OUTRAS-PARTICIPACOES-EM-EVENTOS-CONGRESSOS></PARTICIPACAO-EM-EVENTOS-CONGRESSOS><INFORMACOES-ADICIONAIS-INSTITUICOES><INFORMACAO-ADICIONAL-INSTITUICAO CODIGO-INSTITUICAO="000100000991" SIGLA-INSTITUICAO="FRASCE" SIGLA-UF-INSTITUICAO="RJ" SIGLA-PAIS-INSTITUICAO="BRA" NOME-PAIS-INSTITUICAO="Brasil" FLAG-AGENCIA-FOMENTO="NAO" FLAG-INSTITUICAO-DE-ENSINO="NAO"/><INFORMACAO-ADICIONAL-INSTITUICAO CODIGO-INSTITUICAO="000200000993" SIGLA-INSTITUICAO="UCL" SIGLA-UF-INSTITUICAO="RJ" SIGLA-PAIS-INSTITUICAO="BRA" NOME-PAIS-INSTITUICAO="Brasil" FLAG-AGENCIA-FOMENTO="NAO" FLAG-INSTITUICAO-DE-ENSINO="NAO"/><INFORMACAO-ADICIONAL-INSTITUICAO CODIGO-INSTITUICAO="000300000995" SIGLA-INSTITUICAO="CREB" SIGLA-UF-INSTITUICAO="RJ" SIGLA-PAIS-INSTITUICAO="BRA" NOME-PAIS-INSTITUICAO="Brasil" FLAG-AGENCIA-FOMENTO="NAO" FLAG-INSTITUICAO-DE-ENSINO="NAO"/><INFORMACAO-ADICIONAL-INSTITUICAO CODIGO-INSTITUICAO="000400000997" SIGLA-INSTITUICAO="TRX" SIGLA-UF-INSTITUICAO="RJ" SIGLA-PAIS-INSTITUICAO="BRA" NOME-PAIS-INSTITUICAO="Brasil" FLAG-AGENCIA-FOMENTO="NAO" FLAG-INSTITUICAO-DE-ENSINO="NAO"/><INFORMACAO-ADICIONAL-INSTITUICAO CODIGO-INSTITUICAO="000500000999" SIGLA-INSTITUICAO="TRX" SIGLA-UF-INSTITUICAO="RJ" SIGLA-PAIS-INSTITUICAO="BRA" NOME-PAIS-INSTITUICAO="Brasil" FLAG-AGENCIA-FOMENTO="NAO" FLAG-INSTITUICAO-DE-ENSINO="NAO"/><INFORMACAO-ADICIONAL-INSTITUICAO CODIGO-INSTITUICAO="000600000990" SIGLA-INSTITUICAO="ABPP" SIGLA-UF-INSTITUICAO="SP" SIGLA-PAIS-INSTITUICAO="BRA" NOME-PAIS-INSTITUICAO="Brasil" FLAG-AGENCIA-FOMENTO="NAO" FLAG-INSTITUICAO-DE-ENSINO="NAO"/><INFORMACAO-ADICIONAL-INSTITUICAO CODIGO-INSTITUICAO="004300000009" SIGLA-INSTITUICAO="UFSC" SIGLA-UF-INSTITUICAO="SC" SIGLA-PAIS-INSTITUICAO="BRA" NOME-PAIS-INSTITUICAO="Brasil" FLAG-AGENCIA-FOMENTO="NAO" FLAG-INSTITUICAO-DE-ENSINO="SIM"/><INFORMACAO-ADICIONAL-INSTITUICAO CODIGO-INSTITUICAO="020200000009" SIGLA-INSTITUICAO="UFRJ" SIGLA-UF-INSTITUICAO="RJ" SIGLA-PAIS-INSTITUICAO="BRA" NOME-PAIS-INSTITUICAO="Brasil" FLAG-AGENCIA-FOMENTO="NAO" FLAG-INSTITUICAO-DE-ENSINO="SIM"/><INFORMACAO-ADICIONAL-INSTITUICAO CODIGO-INSTITUICAO="025400000003" SIGLA-INSTITUICAO="FUNCEFET/RJ" SIGLA-UF-INSTITUICAO="RJ" SIGLA-PAIS-INSTITUICAO="BRA" NOME-PAIS-INSTITUICAO="Brasil" FLAG-AGENCIA-FOMENTO="NAO" FLAG-INSTITUICAO-DE-ENSINO="NAO"/><INFORMACAO-ADICIONAL-INSTITUICAO CODIGO-INSTITUICAO="081200000000" SIGLA-INSTITUICAO="UGF" SIGLA-UF-INSTITUICAO="RJ" SIGLA-PAIS-INSTITUICAO="BRA" NOME-PAIS-INSTITUICAO="Brasil" FLAG-AGENCIA-FOMENTO="NAO" FLAG-INSTITUICAO-DE-ENSINO="SIM"/><INFORMACAO-ADICIONAL-INSTITUICAO CODIGO-INSTITUICAO="201900000008" SIGLA-INSTITUICAO="UNISUAM" SIGLA-UF-INSTITUICAO="RJ" SIGLA-PAIS-INSTITUICAO="BRA" NOME-PAIS-INSTITUICAO="Brasil" FLAG-AGENCIA-FOMENTO="NAO" FLAG-INSTITUICAO-DE-ENSINO="SIM"/><INFORMACAO-ADICIONAL-INSTITUICAO CODIGO-INSTITUICAO="201901000990" SIGLA-INSTITUICAO="" SIGLA-UF-INSTITUICAO="RJ" SIGLA-PAIS-INSTITUICAO="BRA" NOME-PAIS-INSTITUICAO="Brasil" FLAG-AGENCIA-FOMENTO="NAO" FLAG-INSTITUICAO-DE-ENSINO="NAO"/><INFORMACAO-ADICIONAL-INSTITUICAO CODIGO-INSTITUICAO="201902000994" SIGLA-INSTITUICAO="" SIGLA-UF-INSTITUICAO="RJ" SIGLA-PAIS-INSTITUICAO="BRA" NOME-PAIS-INSTITUICAO="Brasil" FLAG-AGENCIA-FOMENTO="NAO" FLAG-INSTITUICAO-DE-ENSINO="NAO"/><INFORMACAO-ADICIONAL-INSTITUICAO CODIGO-INSTITUICAO="201903000998" SIGLA-INSTITUICAO="" SIGLA-UF-INSTITUICAO="RJ" SIGLA-PAIS-INSTITUICAO="BRA" NOME-PAIS-INSTITUICAO="Brasil" FLAG-AGENCIA-FOMENTO="NAO" FLAG-INSTITUICAO-DE-ENSINO="NAO"/><INFORMACAO-ADICIONAL-INSTITUICAO CODIGO-INSTITUICAO="201904000991" SIGLA-INSTITUICAO="" SIGLA-UF-INSTITUICAO="RJ" SIGLA-PAIS-INSTITUICAO="BRA" NOME-PAIS-INSTITUICAO="Brasil" FLAG-AGENCIA-FOMENTO="NAO" FLAG-INSTITUICAO-DE-ENSINO="NAO"/><INFORMACAO-ADICIONAL-INSTITUICAO CODIGO-INSTITUICAO="201905000995" SIGLA-INSTITUICAO="" SIGLA-UF-INSTITUICAO="RJ" SIGLA-PAIS-INSTITUICAO="BRA" NOME-PAIS-INSTITUICAO="Brasil" FLAG-AGENCIA-FOMENTO="NAO" FLAG-INSTITUICAO-DE-ENSINO="NAO"/><INFORMACAO-ADICIONAL-INSTITUICAO CODIGO-INSTITUICAO="583100000007" SIGLA-INSTITUICAO="SBA" SIGLA-UF-INSTITUICAO="SP" SIGLA-PAIS-INSTITUICAO="BRA" NOME-PAIS-INSTITUICAO="Brasil" FLAG-AGENCIA-FOMENTO="NAO" FLAG-INSTITUICAO-DE-ENSINO="NAO"/></INFORMACOES-ADICIONAIS-INSTITUICOES><INFORMACOES-ADICIONAIS-CURSOS><INFORMACAO-ADICIONAL-CURSO CODIGO-CURSO="60108428" CODIGO-ORGAO="" NOME-ORGAO="" CODIGO-INSTITUICAO="201900000008" NOME-INSTITUICAO="Centro Universitário Augusto Motta" NOME-GRANDE-AREA-DO-CONHECIMENTO="OUTROS" NOME-DA-AREA-DO-CONHECIMENTO="" NOME-DA-SUB-AREA-DO-CONHECIMENTO="" NOME-DA-ESPECIALIDADE="" NIVEL-CURSO="GRADUACAO"/><INFORMACAO-ADICIONAL-CURSO CODIGO-CURSO="60118920" CODIGO-ORGAO="" NOME-ORGAO="" CODIGO-INSTITUICAO="201900000008" NOME-INSTITUICAO="Centro Universitário Augusto Motta" NOME-GRANDE-AREA-DO-CONHECIMENTO="OUTROS" NOME-DA-AREA-DO-CONHECIMENTO="" NOME-DA-SUB-AREA-DO-CONHECIMENTO="" NOME-DA-ESPECIALIDADE="" NIVEL-CURSO="GRADUACAO"/><INFORMACAO-ADICIONAL-CURSO CODIGO-CURSO="60142928" CODIGO-ORGAO="" NOME-ORGAO="" CODIGO-INSTITUICAO="201900000008" NOME-INSTITUICAO="Centro Universitário Augusto Motta" NOME-GRANDE-AREA-DO-CONHECIMENTO="OUTROS" NOME-DA-AREA-DO-CONHECIMENTO="" NOME-DA-SUB-AREA-DO-CONHECIMENTO="" NOME-DA-ESPECIALIDADE="" NIVEL-CURSO="GRADUACAO"/><INFORMACAO-ADICIONAL-CURSO CODIGO-CURSO="90000000" CODIGO-ORGAO="" NOME-ORGAO="" CODIGO-INSTITUICAO="201900000008" NOME-INSTITUICAO="Centro Universitário Augusto Motta" NOME-GRANDE-AREA-DO-CONHECIMENTO="CIENCIAS_DA_SAUDE" NOME-DA-AREA-DO-CONHECIMENTO="Fisioterapia e Terapia Ocupacional" NOME-DA-SUB-AREA-DO-CONHECIMENTO="" NOME-DA-ESPECIALIDADE="" NIVEL-CURSO="GRADUACAO"/><INFORMACAO-ADICIONAL-CURSO CODIGO-CURSO="90000001" CODIGO-ORGAO="" NOME-ORGAO="" CODIGO-INSTITUICAO="201900000008" NOME-INSTITUICAO="Centro Universitário Augusto Motta" NOME-GRANDE-AREA-DO-CONHECIMENTO="CIENCIAS_BIOLOGICAS" NOME-DA-AREA-DO-CONHECIMENTO="Morfologia" NOME-DA-SUB-AREA-DO-CONHECIMENTO="" NOME-DA-ESPECIALIDADE="" NIVEL-CURSO="APERFEICOAMENTO"/><INFORMACAO-ADICIONAL-CURSO CODIGO-CURSO="90000002" CODIGO-ORGAO="" NOME-ORGAO="" CODIGO-INSTITUICAO="583100000007" NOME-INSTITUICAO="Sociedade Brasileira de Anatomia" NOME-GRANDE-AREA-DO-CONHECIMENTO="CIENCIAS_BIOLOGICAS" NOME-DA-AREA-DO-CONHECIMENTO="Morfologia" NOME-DA-SUB-AREA-DO-CONHECIMENTO="" NOME-DA-ESPECIALIDADE="" NIVEL-CURSO="CURSO_DE_CURTA_DURACAO"/><INFORMACAO-ADICIONAL-CURSO CODIGO-CURSO="90000003" CODIGO-ORGAO="" NOME-ORGAO="" CODIGO-INSTITUICAO="583100000007" NOME-INSTITUICAO="Sociedade Brasileira de Anatomia" NOME-GRANDE-AREA-DO-CONHECIMENTO="CIENCIAS_BIOLOGICAS" NOME-DA-AREA-DO-CONHECIMENTO="Morfologia" NOME-DA-SUB-AREA-DO-CONHECIMENTO="" NOME-DA-ESPECIALIDADE="" NIVEL-CURSO="CURSO_DE_CURTA_DURACAO"/><INFORMACAO-ADICIONAL-CURSO CODIGO-CURSO="90000004" CODIGO-ORGAO="" NOME-ORGAO="" CODIGO-INSTITUICAO="583100000007" NOME-INSTITUICAO="Sociedade Brasileira de Anatomia" NOME-GRANDE-AREA-DO-CONHECIMENTO="CIENCIAS_BIOLOGICAS" NOME-DA-AREA-DO-CONHECIMENTO="Morfologia" NOME-DA-SUB-AREA-DO-CONHECIMENTO="" NOME-DA-ESPECIALIDADE="" NIVEL-CURSO="CURSO_DE_CURTA_DURACAO"/><INFORMACAO-ADICIONAL-CURSO CODIGO-CURSO="90000005" CODIGO-ORGAO="" NOME-ORGAO="" CODIGO-INSTITUICAO="583100000007" NOME-INSTITUICAO="Sociedade Brasileira de Anatomia" NOME-GRANDE-AREA-DO-CONHECIMENTO="CIENCIAS_BIOLOGICAS" NOME-DA-AREA-DO-CONHECIMENTO="Morfologia" NOME-DA-SUB-AREA-DO-CONHECIMENTO="" NOME-DA-ESPECIALIDADE="" NIVEL-CURSO="CURSO_DE_CURTA_DURACAO"/><INFORMACAO-ADICIONAL-CURSO CODIGO-CURSO="90000006" CODIGO-ORGAO="" NOME-ORGAO="" CODIGO-INSTITUICAO="004300000009" NOME-INSTITUICAO="Universidade Federal de Santa Catarina" NOME-GRANDE-AREA-DO-CONHECIMENTO="CIENCIAS_BIOLOGICAS" NOME-DA-AREA-DO-CONHECIMENTO="Morfologia" NOME-DA-SUB-AREA-DO-CONHECIMENTO="" NOME-DA-ESPECIALIDADE="" NIVEL-CURSO="CURSO_DE_CURTA_DURACAO"/><INFORMACAO-ADICIONAL-CURSO CODIGO-CURSO="90000007" CODIGO-ORGAO="" NOME-ORGAO="" CODIGO-INSTITUICAO="201900000008" NOME-INSTITUICAO="Centro Universitário Augusto Motta" NOME-GRANDE-AREA-DO-CONHECIMENTO="OUTROS" NOME-DA-AREA-DO-CONHECIMENTO="" NOME-DA-SUB-AREA-DO-CONHECIMENTO="" NOME-DA-ESPECIALIDADE="" NIVEL-CURSO="GRADUACAO"/><INFORMACAO-ADICIONAL-CURSO CODIGO-CURSO="90000008" CODIGO-ORGAO="" NOME-ORGAO="" CODIGO-INSTITUICAO="201900000008" NOME-INSTITUICAO="Centro Universitário Augusto Motta" NOME-GRANDE-AREA-DO-CONHECIMENTO="CIENCIAS_SOCIAIS_APLICADAS" NOME-DA-AREA-DO-CONHECIMENTO="Administração" NOME-DA-SUB-AREA-DO-CONHECIMENTO="" NOME-DA-ESPECIALIDADE="" NIVEL-CURSO="EXTENSAO_UNIVERSITARIA"/><INFORMACAO-ADICIONAL-CURSO CODIGO-CURSO="90000009" CODIGO-ORGAO="" NOME-ORGAO="" CODIGO-INSTITUICAO="020200000009" NOME-INSTITUICAO="Universidade Federal do Rio de Janeiro" NOME-GRANDE-AREA-DO-CONHECIMENTO="CIENCIAS_DA_SAUDE" NOME-DA-AREA-DO-CONHECIMENTO="Educação Física" NOME-DA-SUB-AREA-DO-CONHECIMENTO="" NOME-DA-ESPECIALIDADE="" NIVEL-CURSO="GRADUACAO"/><INFORMACAO-ADICIONAL-CURSO CODIGO-CURSO="90000010" CODIGO-ORGAO="" NOME-ORGAO="" CODIGO-INSTITUICAO="201900000008" NOME-INSTITUICAO="Centro Universitário Augusto Motta" NOME-GRANDE-AREA-DO-CONHECIMENTO="CIENCIAS_DA_SAUDE" NOME-DA-AREA-DO-CONHECIMENTO="Educação Física" NOME-DA-SUB-AREA-DO-CONHECIMENTO="" NOME-DA-ESPECIALIDADE="" NIVEL-CURSO="GRADUACAO"/><INFORMACAO-ADICIONAL-CURSO CODIGO-CURSO="90000011" CODIGO-ORGAO="" NOME-ORGAO="" CODIGO-INSTITUICAO="583100000007" NOME-INSTITUICAO="Sociedade Brasileira de Anatomia" NOME-GRANDE-AREA-DO-CONHECIMENTO="CIENCIAS_BIOLOGICAS" NOME-DA-AREA-DO-CONHECIMENTO="Morfologia" NOME-DA-SUB-AREA-DO-CONHECIMENTO="" NOME-DA-ESPECIALIDADE="" NIVEL-CURSO="CURSO_DE_CURTA_DURACAO"/><INFORMACAO-ADICIONAL-CURSO CODIGO-CURSO="90000012" CODIGO-ORGAO="" NOME-ORGAO="" CODIGO-INSTITUICAO="081200000000" NOME-INSTITUICAO="Universidade Gama Filho" NOME-GRANDE-AREA-DO-CONHECIMENTO="CIENCIAS_DA_SAUDE" NOME-DA-AREA-DO-CONHECIMENTO="Educação Física" NOME-DA-SUB-AREA-DO-CONHECIMENTO="" NOME-DA-ESPECIALIDADE="" NIVEL-CURSO="APERFEICOAMENTO"/><INFORMACAO-ADICIONAL-CURSO CODIGO-CURSO="90000013" CODIGO-ORGAO="" NOME-ORGAO="" CODIGO-INSTITUICAO="201900000008" NOME-INSTITUICAO="Centro Universitário Augusto Motta" NOME-GRANDE-AREA-DO-CONHECIMENTO="CIENCIAS_DA_SAUDE" NOME-DA-AREA-DO-CONHECIMENTO="Fisioterapia e Terapia Ocupacional" NOME-DA-SUB-AREA-DO-CONHECIMENTO="" NOME-DA-ESPECIALIDADE="" NIVEL-CURSO="APERFEICOAMENTO"/><INFORMACAO-ADICIONAL-CURSO CODIGO-CURSO="90000014" CODIGO-ORGAO="" NOME-ORGAO="" CODIGO-INSTITUICAO="081200000000" NOME-INSTITUICAO="Universidade Gama Filho" NOME-GRANDE-AREA-DO-CONHECIMENTO="CIENCIAS_SOCIAIS_APLICADAS" NOME-DA-AREA-DO-CONHECIMENTO="Administração" NOME-DA-SUB-AREA-DO-CONHECIMENTO="" NOME-DA-ESPECIALIDADE="" NIVEL-CURSO="APERFEICOAMENTO"/><INFORMACAO-ADICIONAL-CURSO CODIGO-CURSO="90000015" CODIGO-ORGAO="" NOME-ORGAO="" CODIGO-INSTITUICAO="201900000008" NOME-INSTITUICAO="Centro Universitário Augusto Motta" NOME-GRANDE-AREA-DO-CONHECIMENTO="CIENCIAS_DA_SAUDE" NOME-DA-AREA-DO-CONHECIMENTO="Fisioterapia e Terapia Ocupacional" NOME-DA-SUB-AREA-DO-CONHECIMENTO="" NOME-DA-ESPECIALIDADE="" NIVEL-CURSO="MESTRADO"/><INFORMACAO-ADICIONAL-CURSO CODIGO-CURSO="90000016" CODIGO-ORGAO="" NOME-ORGAO="" CODIGO-INSTITUICAO="201900000008" NOME-INSTITUICAO="Centro Universitário Augusto Motta" NOME-GRANDE-AREA-DO-CONHECIMENTO="CIENCIAS_SOCIAIS_APLICADAS" NOME-DA-AREA-DO-CONHECIMENTO="Administração" NOME-DA-SUB-AREA-DO-CONHECIMENTO="" NOME-DA-ESPECIALIDADE="" NIVEL-CURSO="CURSO_DE_CURTA_DURACAO"/><INFORMACAO-ADICIONAL-CURSO CODIGO-CURSO="90000017" CODIGO-ORGAO="" NOME-ORGAO="" CODIGO-INSTITUICAO="201900000008" NOME-INSTITUICAO="Centro Universitário Augusto Motta" NOME-GRANDE-AREA-DO-CONHECIMENTO="CIENCIAS_DA_SAUDE" NOME-DA-AREA-DO-CONHECIMENTO="Enfermagem" NOME-DA-SUB-AREA-DO-CONHECIMENTO="" NOME-DA-ESPECIALIDADE="" NIVEL-CURSO="GRADUACAO"/><INFORMACAO-ADICIONAL-CURSO CODIGO-CURSO="90000018" CODIGO-ORGAO="" NOME-ORGAO="" CODIGO-INSTITUICAO="201900000008" NOME-INSTITUICAO="Centro Universitário Augusto Motta" NOME-GRANDE-AREA-DO-CONHECIMENTO="CIENCIAS_DA_SAUDE" NOME-DA-AREA-DO-CONHECIMENTO="Fisioterapia e Terapia Ocupacional" NOME-DA-SUB-AREA-DO-CONHECIMENTO="" NOME-DA-ESPECIALIDADE="" NIVEL-CURSO="OT"/><INFORMACAO-ADICIONAL-CURSO CODIGO-CURSO="90000019" CODIGO-ORGAO="" NOME-ORGAO="" CODIGO-INSTITUICAO="201900000008" NOME-INSTITUICAO="Centro Universitário Augusto Motta" NOME-GRANDE-AREA-DO-CONHECIMENTO="CIENCIAS_SOCIAIS_APLICADAS" NOME-DA-AREA-DO-CONHECIMENTO="Administração" NOME-DA-SUB-AREA-DO-CONHECIMENTO="" NOME-DA-ESPECIALIDADE="" NIVEL-CURSO="CURSO_DE_CURTA_DURACAO"/><INFORMACAO-ADICIONAL-CURSO CODIGO-CURSO="90000020" CODIGO-ORGAO="" NOME-ORGAO="" CODIGO-INSTITUICAO="025400000003" NOME-INSTITUICAO="Fundação de Apoio ao Cefet" NOME-GRANDE-AREA-DO-CONHECIMENTO="CIENCIAS_SOCIAIS_APLICADAS" NOME-DA-AREA-DO-CONHECIMENTO="Administração" NOME-DA-SUB-AREA-DO-CONHECIMENTO="" NOME-DA-ESPECIALIDADE="" NIVEL-CURSO="CURSO_DE_CURTA_DURACAO"/><INFORMACAO-ADICIONAL-CURSO CODIGO-CURSO="90000021" CODIGO-ORGAO="" NOME-ORGAO="" CODIGO-INSTITUICAO="201900000008" NOME-INSTITUICAO="Centro Universitário Augusto Motta" NOME-GRANDE-AREA-DO-CONHECIMENTO="CIENCIAS_DA_SAUDE" NOME-DA-AREA-DO-CONHECIMENTO="Educação Física" NOME-DA-SUB-AREA-DO-CONHECIMENTO="" NOME-DA-ESPECIALIDADE="" NIVEL-CURSO="GRADUACAO"/><INFORMACAO-ADICIONAL-CURSO CODIGO-CURSO="90000022" CODIGO-ORGAO="" NOME-ORGAO="" CODIGO-INSTITUICAO="000300000995" NOME-INSTITUICAO="Centro de Reumatologia e Ortologia Botafogo" NOME-GRANDE-AREA-DO-CONHECIMENTO="CIENCIAS_DA_SAUDE" NOME-DA-AREA-DO-CONHECIMENTO="Fisioterapia e Terapia Ocupacional" NOME-DA-SUB-AREA-DO-CONHECIMENTO="" NOME-DA-ESPECIALIDADE="" NIVEL-CURSO="CURSO_DE_CURTA_DURACAO"/><INFORMACAO-ADICIONAL-CURSO CODIGO-CURSO="90000023" CODIGO-ORGAO="" NOME-ORGAO="" CODIGO-INSTITUICAO="000100000991" NOME-INSTITUICAO="Faculdade de Reabilitação da ASCE" NOME-GRANDE-AREA-DO-CONHECIMENTO="CIENCIAS_DA_SAUDE" NOME-DA-AREA-DO-CONHECIMENTO="Fisioterapia e Terapia Ocupacional" NOME-DA-SUB-AREA-DO-CONHECIMENTO="" NOME-DA-ESPECIALIDADE="" NIVEL-CURSO="MESTRADO_DOUTORADO"/><INFORMACAO-ADICIONAL-CURSO CODIGO-CURSO="90000024" CODIGO-ORGAO="" NOME-ORGAO="" CODIGO-INSTITUICAO="000200000993" NOME-INSTITUICAO="Centro Universitário Celso Lisboa" NOME-GRANDE-AREA-DO-CONHECIMENTO="CIENCIAS_DA_SAUDE" NOME-DA-AREA-DO-CONHECIMENTO="Enfermagem" NOME-DA-SUB-AREA-DO-CONHECIMENTO="ENFERMAGEM DERMATOLÓGICA" NOME-DA-ESPECIALIDADE="" NIVEL-CURSO="MESTRADO_DOUTORADO"/><INFORMACAO-ADICIONAL-CURSO CODIGO-CURSO="90000025" CODIGO-ORGAO="" NOME-ORGAO="" CODIGO-INSTITUICAO="000400000997" NOME-INSTITUICAO="TRX Suspension Training" NOME-GRANDE-AREA-DO-CONHECIMENTO="OUTROS" NOME-DA-AREA-DO-CONHECIMENTO="Multidisciplinar" NOME-DA-SUB-AREA-DO-CONHECIMENTO="" NOME-DA-ESPECIALIDADE="" NIVEL-CURSO="CURSO_DE_CURTA_DURACAO"/><INFORMACAO-ADICIONAL-CURSO CODIGO-CURSO="90000026" CODIGO-ORGAO="" NOME-ORGAO="" CODIGO-INSTITUICAO="201900000008" NOME-INSTITUICAO="Centro Universitário Augusto Motta" NOME-GRANDE-AREA-DO-CONHECIMENTO="ENGENHARIAS" NOME-DA-AREA-DO-CONHECIMENTO="Engenharia de Produção" NOME-DA-SUB-AREA-DO-CONHECIMENTO="" NOME-DA-ESPECIALIDADE="" NIVEL-CURSO="CURSO_DE_CURTA_DURACAO"/><INFORMACAO-ADICIONAL-CURSO CODIGO-CURSO="90000027" CODIGO-ORGAO="" NOME-ORGAO="" CODIGO-INSTITUICAO="201900000008" NOME-INSTITUICAO="Centro Universitário Augusto Motta" NOME-GRANDE-AREA-DO-CONHECIMENTO="CIENCIAS_SOCIAIS_APLICADAS" NOME-DA-AREA-DO-CONHECIMENTO="Administração" NOME-DA-SUB-AREA-DO-CONHECIMENTO="" NOME-DA-ESPECIALIDADE="" NIVEL-CURSO="EXTENSAO_UNIVERSITARIA"/><INFORMACAO-ADICIONAL-CURSO CODIGO-CURSO="90000028" CODIGO-ORGAO="" NOME-ORGAO="" CODIGO-INSTITUICAO="201900000008" NOME-INSTITUICAO="Centro Universitário Augusto Motta" NOME-GRANDE-AREA-DO-CONHECIMENTO="CIENCIAS_SOCIAIS_APLICADAS" NOME-DA-AREA-DO-CONHECIMENTO="Administração" NOME-DA-SUB-AREA-DO-CONHECIMENTO="" NOME-DA-ESPECIALIDADE="" NIVEL-CURSO="CURSO_DE_CURTA_DURACAO"/><INFORMACAO-ADICIONAL-CURSO CODIGO-CURSO="90000029" CODIGO-ORGAO="" NOME-ORGAO="" CODIGO-INSTITUICAO="201900000008" NOME-INSTITUICAO="Centro Universitário Augusto Motta" NOME-GRANDE-AREA-DO-CONHECIMENTO="CIENCIAS_SOCIAIS_APLICADAS" NOME-DA-AREA-DO-CONHECIMENTO="Administração" NOME-DA-SUB-AREA-DO-CONHECIMENTO="" NOME-DA-ESPECIALIDADE="" NIVEL-CURSO="CURSO_DE_CURTA_DURACAO"/><INFORMACAO-ADICIONAL-CURSO CODIGO-CURSO="90000030" CODIGO-ORGAO="" NOME-ORGAO="" CODIGO-INSTITUICAO="201900000008" NOME-INSTITUICAO="Centro Universitário Augusto Motta" NOME-GRANDE-AREA-DO-CONHECIMENTO="CIENCIAS_SOCIAIS_APLICADAS" NOME-DA-AREA-DO-CONHECIMENTO="Arquitetura e Urbanismo" NOME-DA-SUB-AREA-DO-CONHECIMENTO="" NOME-DA-ESPECIALIDADE="" NIVEL-CURSO="CURSO_DE_CURTA_DURACAO"/><INFORMACAO-ADICIONAL-CURSO CODIGO-CURSO="90000031" CODIGO-ORGAO="" NOME-ORGAO="" CODIGO-INSTITUICAO="000500000999" NOME-INSTITUICAO="TRX" NOME-GRANDE-AREA-DO-CONHECIMENTO="CIENCIAS_DA_SAUDE" NOME-DA-AREA-DO-CONHECIMENTO="Educação Física" NOME-DA-SUB-AREA-DO-CONHECIMENTO="" NOME-DA-ESPECIALIDADE="" NIVEL-CURSO="CURSO_DE_CURTA_DURACAO"/><INFORMACAO-ADICIONAL-CURSO CODIGO-CURSO="90000032" CODIGO-ORGAO="" NOME-ORGAO="" CODIGO-INSTITUICAO="583100000007" NOME-INSTITUICAO="Sociedade Brasileira de Anatomia" NOME-GRANDE-AREA-DO-CONHECIMENTO="CIENCIAS_BIOLOGICAS" NOME-DA-AREA-DO-CONHECIMENTO="Morfologia" NOME-DA-SUB-AREA-DO-CONHECIMENTO="" NOME-DA-ESPECIALIDADE="" NIVEL-CURSO="CURSO_DE_CURTA_DURACAO"/><INFORMACAO-ADICIONAL-CURSO CODIGO-CURSO="90000033" CODIGO-ORGAO="" NOME-ORGAO="" CODIGO-INSTITUICAO="583100000007" NOME-INSTITUICAO="Sociedade Brasileira de Anatomia" NOME-GRANDE-AREA-DO-CONHECIMENTO="CIENCIAS_BIOLOGICAS" NOME-DA-AREA-DO-CONHECIMENTO="Morfologia" NOME-DA-SUB-AREA-DO-CONHECIMENTO="" NOME-DA-ESPECIALIDADE="" NIVEL-CURSO="CURSO_DE_CURTA_DURACAO"/><INFORMACAO-ADICIONAL-CURSO CODIGO-CURSO="90000034" CODIGO-ORGAO="" NOME-ORGAO="" CODIGO-INSTITUICAO="201900000008" NOME-INSTITUICAO="Centro Universitário Augusto Motta" NOME-GRANDE-AREA-DO-CONHECIMENTO="CIENCIAS_SOCIAIS_APLICADAS" NOME-DA-AREA-DO-CONHECIMENTO="Administração" NOME-DA-SUB-AREA-DO-CONHECIMENTO="" NOME-DA-ESPECIALIDADE="" NIVEL-CURSO="OT"/><INFORMACAO-ADICIONAL-CURSO CODIGO-CURSO="90000035" CODIGO-ORGAO="" NOME-ORGAO="" CODIGO-INSTITUICAO="201900000008" NOME-INSTITUICAO="Centro Universitário Augusto Motta" NOME-GRANDE-AREA-DO-CONHECIMENTO="CIENCIAS_SOCIAIS_APLICADAS" NOME-DA-AREA-DO-CONHECIMENTO="Administração" NOME-DA-SUB-AREA-DO-CONHECIMENTO="" NOME-DA-ESPECIALIDADE="" NIVEL-CURSO="CURSO_DE_CURTA_DURACAO"/><INFORMACAO-ADICIONAL-CURSO CODIGO-CURSO="90000036" CODIGO-ORGAO="" NOME-ORGAO="" CODIGO-INSTITUICAO="201900000008" NOME-INSTITUICAO="Centro Universitário Augusto Motta" NOME-GRANDE-AREA-DO-CONHECIMENTO="CIENCIAS_SOCIAIS_APLICADAS" NOME-DA-AREA-DO-CONHECIMENTO="Administração" NOME-DA-SUB-AREA-DO-CONHECIMENTO="" NOME-DA-ESPECIALIDADE="" NIVEL-CURSO="CURSO_DE_CURTA_DURACAO"/><INFORMACAO-ADICIONAL-CURSO CODIGO-CURSO="90000037" CODIGO-ORGAO="" NOME-ORGAO="" CODIGO-INSTITUICAO="000600000990" NOME-INSTITUICAO="Associação Brasileira de Pesquisa em Pilates" NOME-GRANDE-AREA-DO-CONHECIMENTO="CIENCIAS_DA_SAUDE" NOME-DA-AREA-DO-CONHECIMENTO="Fisioterapia e Terapia Ocupacional" NOME-DA-SUB-AREA-DO-CONHECIMENTO="" NOME-DA-ESPECIALIDADE="" NIVEL-CURSO="CURSO_DE_CURTA_DURACAO"/></INFORMACOES-ADICIONAIS-CURSOS></DADOS-COMPLEMENTARES><eventos/></CURRICULO-VITAE>