<CURRICULO-VITAE SISTEMA-ORIGEM-XML="LATTES_OFFLINE" NUMERO-IDENTIFICADOR="2972921223607055" FORMATO-DATA-ATUALIZACAO="DDMMAAAA" DATA-ATUALIZACAO="25022016" FORMATO-HORA-ATUALIZACAO="HHMMSS" HORA-ATUALIZACAO="201141"><DADOS-GERAIS NOME-COMPLETO="Alex Leandro de Lima" NOME-EM-CITACOES-BIBLIOGRAFICAS="LIMA, A. L." NACIONALIDADE="B" PAIS-DE-NASCIMENTO="Brasil" FORMATO-DATA-DE-NASCIMENTO="DDMMAAAA" FORMATO-DATA-DE-EMISSAO="DDMMAAAA" PERMISSAO-DE-DIVULGACAO="NAO" DATA-FALECIMENTO="" SIGLA-PAIS-NACIONALIDADE="BRA" PAIS-DE-NACIONALIDADE="Brasil"><RESUMO-CV TEXTO-RESUMO-CV-RH="Possui graduação em Engenharia Civil pela Fundação Educacional Rosemar Pimentel (2003) e Mestrado em Engenharia Civil pela Universidade Federal do Rio de Janeiro (2006). Atualmente é professor assistente do Centro Universitário Augusto Motta e engenheiro calculista e consultor. Tem experiência na área de Engenharia Civil, com ênfase em Engenharia Civil - estruturas, atuando principalmente nos seguintes temas: estruturas de concreto armado, offshore, estruturas de aço, análise acoplada, estruturas especiais." TEXTO-RESUMO-CV-RH-EN="bachelor's at Engenharia Civil from Fundação Educacional Rosemar Pimentel (2003) and master's at Civil Engineering from Universidade Federal do Rio de Janeiro (2006). He is currently professor assistente at Centro Universitário Augusto Motta. Has experience in Civil Engineering, focusing on Civil Engineering, acting on the following subjects: reinforced concrete structures, offshore structures, analysis, steel structures and special structures."/><OUTRAS-INFORMACOES-RELEVANTES OUTRAS-INFORMACOES-RELEVANTES="Atuação em projeto de estruturas de Obra Portuária. Consultorias de projeto de estruturas de edifício. Atuação em projeto de fundação para cento e seis aerogeradores no Rio Grande do Norte (Brasil), em 2011 e 2012. Intercâmbio na Espanha, com empresa espanhola (NORTEN EOLICA, S.L.) para estudar estrutura de torres para aerogeradores com alturas acima de 100 m, em 2012."/><ENDERECO FLAG-DE-PREFERENCIA="ENDERECO_RESIDENCIAL"><ENDERECO-PROFISSIONAL CODIGO-INSTITUICAO-EMPRESA="201900000008" NOME-INSTITUICAO-EMPRESA="Centro Universitário Augusto Motta" CODIGO-ORGAO="201901000990" NOME-ORGAO="PROFESSOR ASSISTENTE" CODIGO-UNIDADE="" NOME-UNIDADE="" LOGRADOURO-COMPLEMENTO="Av. Paris, 72" PAIS="Brasil" UF="RJ" CEP="21041020" CIDADE="Rio de Janeiro" BAIRRO="Bonsucesso" DDD="21" TELEFONE="38829700" RAMAL="" FAX="" E-MAIL="alexleandro@unisuamdoc.com.br" HOME-PAGE="http://www.unisuam.edu.br"/></ENDERECO><FORMACAO-ACADEMICA-TITULACAO><GRADUACAO SEQUENCIA-FORMACAO="1" NIVEL="1" TITULO-DO-TRABALHO-DE-CONCLUSAO-DE-CURSO="Projeto de uma Torre Metálica Estaiada com 30 m de Altura" NOME-DO-ORIENTADOR="Glauco José de Oliveira Rodrigues" CODIGO-INSTITUICAO="605000000000" NOME-INSTITUICAO="Fundação Educacional Rosemar Pimentel" CODIGO-ORGAO="" NOME-ORGAO="" CODIGO-CURSO="90000001" NOME-CURSO="Engenharia Civil" CODIGO-AREA-CURSO="90000001" STATUS-DO-CURSO="CONCLUIDO" ANO-DE-INICIO="1998" ANO-DE-CONCLUSAO="2003" FLAG-BOLSA="NAO" CODIGO-AGENCIA-FINANCIADORA="" NOME-AGENCIA="" NUMERO-ID-ORIENTADOR="" CODIGO-CURSO-CAPES="" TITULO-DO-TRABALHO-DE-CONCLUSAO-DE-CURSO-INGLES="" NOME-CURSO-INGLES="" FORMACAO-ACADEMICA-TITULACAO="" TIPO-GRADUACAO="" CODIGO-INSTITUICAO-GRAD="" NOME-INSTITUICAO-GRAD="" CODIGO-INSTITUICAO-OUTRA-GRAD="" NOME-INSTITUICAO-OUTRA-GRAD="" NOME-ORIENTADOR-GRAD=""/><MESTRADO SEQUENCIA-FORMACAO="2" NIVEL="3" CODIGO-INSTITUICAO="020200000009" NOME-INSTITUICAO="Universidade Federal do Rio de Janeiro" CODIGO-ORGAO="" NOME-ORGAO="" CODIGO-CURSO="31000282" NOME-CURSO="Engenharia Civil" CODIGO-AREA-CURSO="30100003" STATUS-DO-CURSO="CONCLUIDO" ANO-DE-INICIO="2004" ANO-DE-CONCLUSAO="2006" FLAG-BOLSA="SIM" CODIGO-AGENCIA-FINANCIADORA="045000000000" NOME-AGENCIA="Coordenação de Aperfeiçoamento de Pessoal de Nível Superior" ANO-DE-OBTENCAO-DO-TITULO="2006" TITULO-DA-DISSERTACAO-TESE="Avaliação de Metodologias de Análise de Unidades Estacionárias de Produção de Petróleo Offshore" NOME-COMPLETO-DO-ORIENTADOR="Prof Breno Pinheiro Jacob" TIPO-MESTRADO="" NUMERO-ID-ORIENTADOR="1735653164303041" CODIGO-CURSO-CAPES="31001017028P0" TITULO-DA-DISSERTACAO-TESE-INGLES="" NOME-CURSO-INGLES="Civil Engineering" NOME-DO-CO-ORIENTADOR="" CODIGO-INSTITUICAO-DOUT="" NOME-INSTITUICAO-DOUT="" CODIGO-INSTITUICAO-OUTRA-DOUT="" NOME-INSTITUICAO-OUTRA-DOUT="" NOME-ORIENTADOR-DOUT=""><PALAVRAS-CHAVE PALAVRA-CHAVE-1="Estrutura Offshore, Análise Acoplada" PALAVRA-CHAVE-2="" PALAVRA-CHAVE-3="" PALAVRA-CHAVE-4="" PALAVRA-CHAVE-5="" PALAVRA-CHAVE-6=""/><AREAS-DO-CONHECIMENTO><AREA-DO-CONHECIMENTO-1 NOME-GRANDE-AREA-DO-CONHECIMENTO="ENGENHARIAS" NOME-DA-AREA-DO-CONHECIMENTO="" NOME-DA-SUB-AREA-DO-CONHECIMENTO="Estruturas" NOME-DA-ESPECIALIDADE="Estruturas Offshore"/></AREAS-DO-CONHECIMENTO><SETORES-DE-ATIVIDADE SETOR-DE-ATIVIDADE-1="Outros" SETOR-DE-ATIVIDADE-2="" SETOR-DE-ATIVIDADE-3=""/><conceitoCapes/></MESTRADO><DOUTORADO SEQUENCIA-FORMACAO="3" NIVEL="4" CODIGO-INSTITUICAO="020200000009" NOME-INSTITUICAO="Universidade Federal do Rio de Janeiro" CODIGO-ORGAO="" NOME-ORGAO="" CODIGO-CURSO="31000282" NOME-CURSO="Engenharia Civil" CODIGO-AREA-CURSO="30100003" STATUS-DO-CURSO="INCOMPLETO" ANO-DE-INICIO="2006" ANO-DE-CONCLUSAO="2010" FLAG-BOLSA="SIM" CODIGO-AGENCIA-FINANCIADORA="002200000000" NOME-AGENCIA="Conselho Nacional de Desenvolvimento Científico e Tecnológico" ANO-DE-OBTENCAO-DO-TITULO="" TITULO-DA-DISSERTACAO-TESE="Modelo Hibrido para Plataformas Flutuantes Offshore" NOME-COMPLETO-DO-ORIENTADOR="Breno Pinheiro Jacob" TIPO-DOUTORADO="N" CODIGO-INSTITUICAO-DOUT="" NOME-INSTITUICAO-DOUT="" CODIGO-INSTITUICAO-OUTRA-DOUT="" NOME-INSTITUICAO-OUTRA-DOUT="" NOME-ORIENTADOR-DOUT="" NUMERO-ID-ORIENTADOR="" CODIGO-CURSO-CAPES="31001017028P0" TITULO-DA-DISSERTACAO-TESE-INGLES="" NOME-CURSO-INGLES="Civil Engineering" NOME-DO-ORIENTADOR-CO-TUTELA="" CODIGO-INSTITUICAO-OUTRA-CO-TUTELA="" CODIGO-INSTITUICAO-CO-TUTELA="" NOME-DO-ORIENTADOR-SANDUICHE="" CODIGO-INSTITUICAO-OUTRA-SANDUICHE="" CODIGO-INSTITUICAO-SANDUICHE="" NOME-DO-CO-ORIENTADOR=""><PALAVRAS-CHAVE PALAVRA-CHAVE-1="Estrutura Offshore, Análise Acoplada" PALAVRA-CHAVE-2="" PALAVRA-CHAVE-3="" PALAVRA-CHAVE-4="" PALAVRA-CHAVE-5="" PALAVRA-CHAVE-6=""/><AREAS-DO-CONHECIMENTO><AREA-DO-CONHECIMENTO-1 NOME-GRANDE-AREA-DO-CONHECIMENTO="ENGENHARIAS" NOME-DA-AREA-DO-CONHECIMENTO="" NOME-DA-SUB-AREA-DO-CONHECIMENTO="Construção Civil" NOME-DA-ESPECIALIDADE="Estruturas Offshore"/></AREAS-DO-CONHECIMENTO><SETORES-DE-ATIVIDADE SETOR-DE-ATIVIDADE-1="Extração de Petróleo e Serviços Correlatos" SETOR-DE-ATIVIDADE-2="" SETOR-DE-ATIVIDADE-3=""/><conceitoCapes/></DOUTORADO></FORMACAO-ACADEMICA-TITULACAO><ATUACOES-PROFISSIONAIS><ATUACAO-PROFISSIONAL CODIGO-INSTITUICAO="000100000991" NOME-INSTITUICAO="Prosystem Engenharia Ltda" SEQUENCIA-ATIVIDADE="1" SEQUENCIA-IMPORTANCIA="9"><VINCULOS SEQUENCIA-HISTORICO="1" TIPO-DE-VINCULO="LIVRE" ENQUADRAMENTO-FUNCIONAL="LIVRE" CARGA-HORARIA-SEMANAL="6" FLAG-DEDICACAO-EXCLUSIVA="NAO" MES-INICIO="1" ANO-INICIO="2001" MES-FIM="2" ANO-FIM="2002" OUTRAS-INFORMACOES="" FLAG-VINCULO-EMPREGATICIO="SIM" OUTRO-VINCULO-INFORMADO="Estagiário" OUTRO-ENQUADRAMENTO-FUNCIONAL-INFORMADO="Projetos" OUTRO-ENQUADRAMENTO-FUNCIONAL-INFORMADO-INGLES="" OUTRAS-INFORMACOES-INGLES=""/><VINCULOS SEQUENCIA-HISTORICO="2" TIPO-DE-VINCULO="LIVRE" ENQUADRAMENTO-FUNCIONAL="LIVRE" CARGA-HORARIA-SEMANAL="44" FLAG-DEDICACAO-EXCLUSIVA="NAO" MES-INICIO="08" ANO-INICIO="2013" MES-FIM="04" ANO-FIM="2014" OUTRAS-INFORMACOES="Cálculo e Projeto de Estruturas de Aço" FLAG-VINCULO-EMPREGATICIO="NAO" OUTRO-VINCULO-INFORMADO="" OUTRO-ENQUADRAMENTO-FUNCIONAL-INFORMADO="Engenheiro Civil" OUTRO-ENQUADRAMENTO-FUNCIONAL-INFORMADO-INGLES="" OUTRAS-INFORMACOES-INGLES="Cálculo e Projeto de Estruturas de Aço"/><ATIVIDADES-DE-ESTAGIO><ESTAGIO SEQUENCIA-FUNCAO-ATIVIDADE="1" FLAG-PERIODO="ANTERIOR" MES-INICIO="1" ANO-INICIO="2001" MES-FIM="2" ANO-FIM="2002" CODIGO-ORGAO="000100000991" NOME-ORGAO="Prosystem Engenharia Ltda" CODIGO-UNIDADE="" NOME-UNIDADE="" ESTAGIO-REALIZADO="Projeto de Torres Metálicas Autoportante"/></ATIVIDADES-DE-ESTAGIO><atividadesProfissionaisPlanificadas/></ATUACAO-PROFISSIONAL><ATUACAO-PROFISSIONAL CODIGO-INSTITUICAO="000200000993" NOME-INSTITUICAO="Stahldach Construções Ltda" SEQUENCIA-ATIVIDADE="2" SEQUENCIA-IMPORTANCIA="8"><VINCULOS SEQUENCIA-HISTORICO="1" TIPO-DE-VINCULO="LIVRE" ENQUADRAMENTO-FUNCIONAL="LIVRE" CARGA-HORARIA-SEMANAL="4" FLAG-DEDICACAO-EXCLUSIVA="NAO" MES-INICIO="6" ANO-INICIO="2002" MES-FIM="6" ANO-FIM="2003" OUTRAS-INFORMACOES="" FLAG-VINCULO-EMPREGATICIO="SIM" OUTRO-VINCULO-INFORMADO="Estágio" OUTRO-ENQUADRAMENTO-FUNCIONAL-INFORMADO="Divisão de Montagem" OUTRO-ENQUADRAMENTO-FUNCIONAL-INFORMADO-INGLES="" OUTRAS-INFORMACOES-INGLES=""/><ATIVIDADES-DE-ESTAGIO><ESTAGIO SEQUENCIA-FUNCAO-ATIVIDADE="1" FLAG-PERIODO="ANTERIOR" MES-INICIO="6" ANO-INICIO="2002" MES-FIM="6" ANO-FIM="2003" CODIGO-ORGAO="000201000997" NOME-ORGAO="Empresa Privada" CODIGO-UNIDADE="" NOME-UNIDADE="" ESTAGIO-REALIZADO="Atividades de suporte à projetos"/></ATIVIDADES-DE-ESTAGIO><atividadesProfissionaisPlanificadas/></ATUACAO-PROFISSIONAL><ATUACAO-PROFISSIONAL CODIGO-INSTITUICAO="000300000995" NOME-INSTITUICAO="Centro Universitário Geraldo Di Biase" SEQUENCIA-ATIVIDADE="3" SEQUENCIA-IMPORTANCIA="7"><VINCULOS SEQUENCIA-HISTORICO="1" TIPO-DE-VINCULO="LIVRE" ENQUADRAMENTO-FUNCIONAL="LIVRE" CARGA-HORARIA-SEMANAL="10" FLAG-DEDICACAO-EXCLUSIVA="NAO" MES-INICIO="01" ANO-INICIO="2007" MES-FIM="01" ANO-FIM="2008" OUTRAS-INFORMACOES="Ministração de Alas no Curso de Engenharia Civil" FLAG-VINCULO-EMPREGATICIO="NAO" OUTRO-VINCULO-INFORMADO="Celetista formal" OUTRO-ENQUADRAMENTO-FUNCIONAL-INFORMADO="Professeor Assistente" OUTRO-ENQUADRAMENTO-FUNCIONAL-INFORMADO-INGLES="" OUTRAS-INFORMACOES-INGLES="Ministração de Alas no Curso de Engenharia Civil"/><ATIVIDADES-DE-ENSINO><ENSINO SEQUENCIA-FUNCAO-ATIVIDADE="1" FLAG-PERIODO="ANTERIOR" TIPO-ENSINO="POS-GRADUACAO" MES-INICIO="9" ANO-INICIO="2004" MES-FIM="9" ANO-FIM="2004" CODIGO-ORGAO="" NOME-ORGAO="" CODIGO-CURSO="90000003" NOME-CURSO="Engenharia Estutural" NOME-CURSO-INGLES=""><DISCIPLINA SEQUENCIA-ESPECIFICACAO="1">Tópicos Especiais em Estruturas Metálicas</DISCIPLINA></ENSINO></ATIVIDADES-DE-ENSINO><atividadesProfissionaisPlanificadas/></ATUACAO-PROFISSIONAL><ATUACAO-PROFISSIONAL CODIGO-INSTITUICAO="000400000997" NOME-INSTITUICAO="Stiffness Engenharia e Arquitetura Ltda" SEQUENCIA-ATIVIDADE="4" SEQUENCIA-IMPORTANCIA="5"><VINCULOS SEQUENCIA-HISTORICO="1" TIPO-DE-VINCULO="LIVRE" ENQUADRAMENTO-FUNCIONAL="LIVRE" CARGA-HORARIA-SEMANAL="" FLAG-DEDICACAO-EXCLUSIVA="NAO" MES-INICIO="06" ANO-INICIO="2004" MES-FIM="02" ANO-FIM="2011" OUTRAS-INFORMACOES="Atuação na área de Análise e Projetos Estruturais - Estruturas de Aço, Estruturas de Concreto Armado e Estruturas de Madeira." FLAG-VINCULO-EMPREGATICIO="SIM" OUTRO-VINCULO-INFORMADO="Freelancer" OUTRO-ENQUADRAMENTO-FUNCIONAL-INFORMADO="Projetos e Cálculo Estrutural" OUTRO-ENQUADRAMENTO-FUNCIONAL-INFORMADO-INGLES="" OUTRAS-INFORMACOES-INGLES="Atuação na área de Análise e Projetos Estruturais - Estruturas de Aço, Estruturas de Concreto Armado e Estruturas de Madeira."/><atividadesProfissionaisPlanificadas/></ATUACAO-PROFISSIONAL><ATUACAO-PROFISSIONAL CODIGO-INSTITUICAO="201900000008" NOME-INSTITUICAO="Centro Universitário Augusto Motta" SEQUENCIA-ATIVIDADE="5" SEQUENCIA-IMPORTANCIA="1"><VINCULOS SEQUENCIA-HISTORICO="1" TIPO-DE-VINCULO="LIVRE" ENQUADRAMENTO-FUNCIONAL="LIVRE" CARGA-HORARIA-SEMANAL="22" FLAG-DEDICACAO-EXCLUSIVA="NAO" MES-INICIO="02" ANO-INICIO="2007" MES-FIM="" ANO-FIM="" OUTRAS-INFORMACOES="Professor na Área da Engenharia Civil" FLAG-VINCULO-EMPREGATICIO="NAO" OUTRO-VINCULO-INFORMADO="Celetista Formal" OUTRO-ENQUADRAMENTO-FUNCIONAL-INFORMADO="Professor Assistente" OUTRO-ENQUADRAMENTO-FUNCIONAL-INFORMADO-INGLES="" OUTRAS-INFORMACOES-INGLES="Professor na Área da Engenharia Civil"/><ATIVIDADES-DE-ENSINO><ENSINO SEQUENCIA-FUNCAO-ATIVIDADE="1" FLAG-PERIODO="ATUAL" TIPO-ENSINO="GRADUACAO" MES-INICIO="02" ANO-INICIO="2007" MES-FIM="" ANO-FIM="" CODIGO-ORGAO="" NOME-ORGAO="" CODIGO-CURSO="90000004" NOME-CURSO="Engenharia Civil" NOME-CURSO-INGLES=""><DISCIPLINA SEQUENCIA-ESPECIFICACAO="1">TCCII</DISCIPLINA><DISCIPLINA SEQUENCIA-ESPECIFICACAO="2">TCCI</DISCIPLINA><DISCIPLINA SEQUENCIA-ESPECIFICACAO="3">Pontes II</DISCIPLINA><DISCIPLINA SEQUENCIA-ESPECIFICACAO="4">Pontes I</DISCIPLINA><DISCIPLINA SEQUENCIA-ESPECIFICACAO="5">Concreto Armado II</DISCIPLINA><DISCIPLINA SEQUENCIA-ESPECIFICACAO="6">Concreto Armado I</DISCIPLINA></ENSINO><ENSINO SEQUENCIA-FUNCAO-ATIVIDADE="2" FLAG-PERIODO="ATUAL" TIPO-ENSINO="GRADUACAO" MES-INICIO="06" ANO-INICIO="2009" MES-FIM="" ANO-FIM="" CODIGO-ORGAO="" NOME-ORGAO="" CODIGO-CURSO="90000005" NOME-CURSO="Engenharia do Petróleo" NOME-CURSO-INGLES=""><DISCIPLINA SEQUENCIA-ESPECIFICACAO="1">Tecnologias Offshore II</DISCIPLINA></ENSINO></ATIVIDADES-DE-ENSINO><atividadesProfissionaisPlanificadas/></ATUACAO-PROFISSIONAL><ATUACAO-PROFISSIONAL CODIGO-INSTITUICAO="000600000990" NOME-INSTITUICAO="Engevix Engenharia S/A" SEQUENCIA-ATIVIDADE="7" SEQUENCIA-IMPORTANCIA="4"><VINCULOS SEQUENCIA-HISTORICO="1" TIPO-DE-VINCULO="LIVRE" ENQUADRAMENTO-FUNCIONAL="LIVRE" CARGA-HORARIA-SEMANAL="40" FLAG-DEDICACAO-EXCLUSIVA="NAO" MES-INICIO="03" ANO-INICIO="2011" MES-FIM="04" ANO-FIM="2011" OUTRAS-INFORMACOES="Projeto de Estruturas de Aço" FLAG-VINCULO-EMPREGATICIO="NAO" OUTRO-VINCULO-INFORMADO="Celetista formal" OUTRO-ENQUADRAMENTO-FUNCIONAL-INFORMADO="Engenheiro Calculista" OUTRO-ENQUADRAMENTO-FUNCIONAL-INFORMADO-INGLES="" OUTRAS-INFORMACOES-INGLES="Projeto de Estruturas de Aço"/><atividadesProfissionaisPlanificadas/></ATUACAO-PROFISSIONAL><ATUACAO-PROFISSIONAL CODIGO-INSTITUICAO="000700000992" NOME-INSTITUICAO="Associação de Ensino Superior de Nova Iguaçu" SEQUENCIA-ATIVIDADE="8" SEQUENCIA-IMPORTANCIA="6"><VINCULOS SEQUENCIA-HISTORICO="1" TIPO-DE-VINCULO="LIVRE" ENQUADRAMENTO-FUNCIONAL="LIVRE" CARGA-HORARIA-SEMANAL="10" FLAG-DEDICACAO-EXCLUSIVA="NAO" MES-INICIO="09" ANO-INICIO="2005" MES-FIM="08" ANO-FIM="2006" OUTRAS-INFORMACOES="Professor na Área de Engenharia da Computação" FLAG-VINCULO-EMPREGATICIO="NAO" OUTRO-VINCULO-INFORMADO="Celetista formal" OUTRO-ENQUADRAMENTO-FUNCIONAL-INFORMADO="Professor Assistente" OUTRO-ENQUADRAMENTO-FUNCIONAL-INFORMADO-INGLES="" OUTRAS-INFORMACOES-INGLES=""/><atividadesProfissionaisPlanificadas/></ATUACAO-PROFISSIONAL><ATUACAO-PROFISSIONAL CODIGO-INSTITUICAO="000900000996" NOME-INSTITUICAO="Portante Engenharia de Projetos" SEQUENCIA-ATIVIDADE="9" SEQUENCIA-IMPORTANCIA="3"><VINCULOS SEQUENCIA-HISTORICO="1" TIPO-DE-VINCULO="LIVRE" ENQUADRAMENTO-FUNCIONAL="LIVRE" CARGA-HORARIA-SEMANAL="40" FLAG-DEDICACAO-EXCLUSIVA="NAO" MES-INICIO="04" ANO-INICIO="2011" MES-FIM="01" ANO-FIM="2013" OUTRAS-INFORMACOES="Projetos Técnicos Especializados" FLAG-VINCULO-EMPREGATICIO="NAO" OUTRO-VINCULO-INFORMADO="Celetista formal" OUTRO-ENQUADRAMENTO-FUNCIONAL-INFORMADO="Engenheiro Calculista" OUTRO-ENQUADRAMENTO-FUNCIONAL-INFORMADO-INGLES="" OUTRAS-INFORMACOES-INGLES=""/><atividadesProfissionaisPlanificadas/></ATUACAO-PROFISSIONAL><ATUACAO-PROFISSIONAL CODIGO-INSTITUICAO="001000000998" NOME-INSTITUICAO="Hemisul.Scet Soluções de Engenharia e Tecnologia do Hemisfério Sul LTDA" SEQUENCIA-ATIVIDADE="10" SEQUENCIA-IMPORTANCIA="2"><VINCULOS SEQUENCIA-HISTORICO="1" TIPO-DE-VINCULO="CELETISTA" ENQUADRAMENTO-FUNCIONAL="LIVRE" CARGA-HORARIA-SEMANAL="40" FLAG-DEDICACAO-EXCLUSIVA="SIM" MES-INICIO="01" ANO-INICIO="2013" MES-FIM="03" ANO-FIM="2013" OUTRAS-INFORMACOES="Verificação de projetos de estruturas metálicas para a Refinaria Abreu e Lima - RENEST." FLAG-VINCULO-EMPREGATICIO="NAO" OUTRO-VINCULO-INFORMADO="" OUTRO-ENQUADRAMENTO-FUNCIONAL-INFORMADO="Engenheiro Calculista" OUTRO-ENQUADRAMENTO-FUNCIONAL-INFORMADO-INGLES="" OUTRAS-INFORMACOES-INGLES=""/><atividadesProfissionaisPlanificadas/></ATUACAO-PROFISSIONAL></ATUACOES-PROFISSIONAIS><AREAS-DE-ATUACAO><AREA-DE-ATUACAO SEQUENCIA-AREA-DE-ATUACAO="1" NOME-GRANDE-AREA-DO-CONHECIMENTO="ENGENHARIAS" NOME-DA-AREA-DO-CONHECIMENTO="Engenharia Civil" NOME-DA-SUB-AREA-DO-CONHECIMENTO="" NOME-DA-ESPECIALIDADE=""/><AREA-DE-ATUACAO SEQUENCIA-AREA-DE-ATUACAO="2" NOME-GRANDE-AREA-DO-CONHECIMENTO="ENGENHARIAS" NOME-DA-AREA-DO-CONHECIMENTO="Engenharia Civil" NOME-DA-SUB-AREA-DO-CONHECIMENTO="Estruturas" NOME-DA-ESPECIALIDADE=""/><AREA-DE-ATUACAO SEQUENCIA-AREA-DE-ATUACAO="3" NOME-GRANDE-AREA-DO-CONHECIMENTO="ENGENHARIAS" NOME-DA-AREA-DO-CONHECIMENTO="Engenharia Civil" NOME-DA-SUB-AREA-DO-CONHECIMENTO="Estruturas" NOME-DA-ESPECIALIDADE="Estruturas Offshore"/></AREAS-DE-ATUACAO><IDIOMAS><IDIOMA IDIOMA="EN" DESCRICAO-DO-IDIOMA="Inglês" PROFICIENCIA-DE-LEITURA="RAZOAVELMENTE" PROFICIENCIA-DE-FALA="POUCO" PROFICIENCIA-DE-ESCRITA="POUCO" PROFICIENCIA-DE-COMPREENSAO="RAZOAVELMENTE"/></IDIOMAS><staValidado/><dataExibicao/><dadosBolsista/></DADOS-GERAIS><PRODUCAO-BIBLIOGRAFICA><TRABALHOS-EM-EVENTOS><TRABALHO-EM-EVENTOS SEQUENCIA-PRODUCAO="3"><DADOS-BASICOS-DO-TRABALHO NATUREZA="COMPLETO" TITULO-DO-TRABALHO="PROJETO DE COBERTURA EM ARCO INFRA-ATIRANTADO" ANO-DO-TRABALHO="2006" PAIS-DO-EVENTO="Brasil" IDIOMA="Português" MEIO-DE-DIVULGACAO="IMPRESSO" HOME-PAGE-DO-TRABALHO="[http://www.sme.org.br/]" FLAG-RELEVANCIA="SIM" DOI="" TITULO-DO-TRABALHO-INGLES="" FLAG-DIVULGACAO-CIENTIFICA="NAO"/><DETALHAMENTO-DO-TRABALHO CLASSIFICACAO-DO-EVENTO="INTERNACIONAL" NOME-DO-EVENTO="III Congresso Internacional da Construção Metálica - III CICOM" CIDADE-DO-EVENTO="Ouro Preto - MG" ANO-DE-REALIZACAO="2006" TITULO-DOS-ANAIS-OU-PROCEEDINGS="Home Page da SME" VOLUME="" FASCICULO="" SERIE="" PAGINA-INICIAL="" PAGINA-FINAL="" ISBN="" NOME-DA-EDITORA="" CIDADE-DA-EDITORA="" NOME-DO-EVENTO-INGLES=""/><AUTORES NOME-COMPLETO-DO-AUTOR="Alex Leandro de Lima" NOME-PARA-CITACAO="LIMA, A. L." ORDEM-DE-AUTORIA="1" NRO-ID-CNPQ="2972921223607055"/><AUTORES NOME-COMPLETO-DO-AUTOR="Glauco José de Oliveira" NOME-PARA-CITACAO="OLIVEIRA, Glauco José de" ORDEM-DE-AUTORIA="2" NRO-ID-CNPQ=""/><PALAVRAS-CHAVE PALAVRA-CHAVE-1="estrutura metálica; treliça em arco; tirantes" PALAVRA-CHAVE-2="" PALAVRA-CHAVE-3="" PALAVRA-CHAVE-4="" PALAVRA-CHAVE-5="" PALAVRA-CHAVE-6=""/><AREAS-DO-CONHECIMENTO><AREA-DO-CONHECIMENTO-1 NOME-GRANDE-AREA-DO-CONHECIMENTO="ENGENHARIAS" NOME-DA-AREA-DO-CONHECIMENTO="" NOME-DA-SUB-AREA-DO-CONHECIMENTO="Estruturas" NOME-DA-ESPECIALIDADE=""/><AREA-DO-CONHECIMENTO-2 NOME-GRANDE-AREA-DO-CONHECIMENTO="ENGENHARIAS" NOME-DA-AREA-DO-CONHECIMENTO="Engenharia Civil" NOME-DA-SUB-AREA-DO-CONHECIMENTO="Estrturas Metálicas" NOME-DA-ESPECIALIDADE=""/></AREAS-DO-CONHECIMENTO><SETORES-DE-ATIVIDADE SETOR-DE-ATIVIDADE-1="Construção Civil" SETOR-DE-ATIVIDADE-2="" SETOR-DE-ATIVIDADE-3=""/></TRABALHO-EM-EVENTOS><TRABALHO-EM-EVENTOS SEQUENCIA-PRODUCAO="8"><DADOS-BASICOS-DO-TRABALHO NATUREZA="COMPLETO" TITULO-DO-TRABALHO="Avaliação de Formulações Fracamente e Fortemente Acopladas para Análise de Sistemas Flutuantes" ANO-DO-TRABALHO="2008" PAIS-DO-EVENTO="Brasil" IDIOMA="Português" MEIO-DE-DIVULGACAO="MEIO_DIGITAL" HOME-PAGE-DO-TRABALHO="[http://www.acquacon.com.br/cilamce2008/br/index.php]" FLAG-RELEVANCIA="SIM" DOI="" TITULO-DO-TRABALHO-INGLES="" FLAG-DIVULGACAO-CIENTIFICA="NAO"/><DETALHAMENTO-DO-TRABALHO CLASSIFICACAO-DO-EVENTO="INTERNACIONAL" NOME-DO-EVENTO="XXIX CILAMCE - Congresso Ibero Latino Americano de Métodos Computacionais em Engenharia" CIDADE-DO-EVENTO="Maceió" ANO-DE-REALIZACAO="2008" TITULO-DOS-ANAIS-OU-PROCEEDINGS="XXIX CILAMCE" VOLUME="" FASCICULO="" SERIE="" PAGINA-INICIAL="" PAGINA-FINAL="" ISBN="" NOME-DA-EDITORA="" CIDADE-DA-EDITORA="" NOME-DO-EVENTO-INGLES=""/><AUTORES NOME-COMPLETO-DO-AUTOR="Rodrigo Almeida Bahiense" NOME-PARA-CITACAO="Bahiense, R. A." ORDEM-DE-AUTORIA="1" NRO-ID-CNPQ=""/><AUTORES NOME-COMPLETO-DO-AUTOR="Alex Leandro de Lima" NOME-PARA-CITACAO="LIMA, A. L." ORDEM-DE-AUTORIA="2" NRO-ID-CNPQ="2972921223607055"/><AUTORES NOME-COMPLETO-DO-AUTOR="Danilo Machado Lawinscky da Silva" NOME-PARA-CITACAO="Silva, D. M. L." ORDEM-DE-AUTORIA="3" NRO-ID-CNPQ=""/><AUTORES NOME-COMPLETO-DO-AUTOR="Breno Pinheiro Jacob" NOME-PARA-CITACAO="JACOB, Breno Pinheiro" ORDEM-DE-AUTORIA="4" NRO-ID-CNPQ="1735653164303041"/><AUTORES NOME-COMPLETO-DO-AUTOR="Marcos Vinícius Rodrigues" NOME-PARA-CITACAO="RODRIGUES, Marcos Vinícius" ORDEM-DE-AUTORIA="5" NRO-ID-CNPQ=""/><PALAVRAS-CHAVE PALAVRA-CHAVE-1="Offshore, Estruturas" PALAVRA-CHAVE-2="Análise Fracamente Acoplada" PALAVRA-CHAVE-3="Análise Fortemente Acoplada" PALAVRA-CHAVE-4="" PALAVRA-CHAVE-5="" PALAVRA-CHAVE-6=""/><AREAS-DO-CONHECIMENTO><AREA-DO-CONHECIMENTO-1 NOME-GRANDE-AREA-DO-CONHECIMENTO="ENGENHARIAS" NOME-DA-AREA-DO-CONHECIMENTO="" NOME-DA-SUB-AREA-DO-CONHECIMENTO="Construção Civil" NOME-DA-ESPECIALIDADE="Estruturas Offshore"/></AREAS-DO-CONHECIMENTO><SETORES-DE-ATIVIDADE SETOR-DE-ATIVIDADE-1="Indústrias Extrativas" SETOR-DE-ATIVIDADE-2="" SETOR-DE-ATIVIDADE-3=""/></TRABALHO-EM-EVENTOS><TRABALHO-EM-EVENTOS SEQUENCIA-PRODUCAO="17"><DADOS-BASICOS-DO-TRABALHO NATUREZA="COMPLETO" TITULO-DO-TRABALHO="Assessment and Calibration of Numerical Coupled Models of a Deep-Draft Semisubmersible Platform Based On Model Tests" ANO-DO-TRABALHO="2010" PAIS-DO-EVENTO="China" IDIOMA="Inglês" MEIO-DE-DIVULGACAO="MEIO_MAGNETICO" HOME-PAGE-DO-TRABALHO="[http://www.isope2010.org/]" FLAG-RELEVANCIA="NAO" DOI="" TITULO-DO-TRABALHO-INGLES="" FLAG-DIVULGACAO-CIENTIFICA="NAO"/><DETALHAMENTO-DO-TRABALHO CLASSIFICACAO-DO-EVENTO="INTERNACIONAL" NOME-DO-EVENTO="ISOPE 2010" CIDADE-DO-EVENTO="Beijing" ANO-DE-REALIZACAO="2010" TITULO-DOS-ANAIS-OU-PROCEEDINGS="The 20th International Offshore (Ocean) and Polar Engineering Conference" VOLUME="" FASCICULO="" SERIE="" PAGINA-INICIAL="" PAGINA-FINAL="" ISBN="" NOME-DA-EDITORA="" CIDADE-DA-EDITORA="" NOME-DO-EVENTO-INGLES=""/><AUTORES NOME-COMPLETO-DO-AUTOR="Stael Ferreira Senra" NOME-PARA-CITACAO="SENRA, S. F." ORDEM-DE-AUTORIA="1" NRO-ID-CNPQ=""/><AUTORES NOME-COMPLETO-DO-AUTOR="Breno Pinheiro Jacob" NOME-PARA-CITACAO="JACOB, Breno Pinheiro" ORDEM-DE-AUTORIA="2" NRO-ID-CNPQ="1735653164303041"/><AUTORES NOME-COMPLETO-DO-AUTOR="Fabrício Nogueira Corrêa" NOME-PARA-CITACAO="Côrrea, F. N." ORDEM-DE-AUTORIA="3" NRO-ID-CNPQ="2433181779546673"/><AUTORES NOME-COMPLETO-DO-AUTOR="Bruno Martins Jacovazzo" NOME-PARA-CITACAO="JACOVAZZO, B. M." ORDEM-DE-AUTORIA="4" NRO-ID-CNPQ=""/><AUTORES NOME-COMPLETO-DO-AUTOR="Alex Leandro de Lima" NOME-PARA-CITACAO="LIMA, A. L." ORDEM-DE-AUTORIA="5" NRO-ID-CNPQ="2972921223607055"/><AUTORES NOME-COMPLETO-DO-AUTOR="Thiago Ângelo Gonçalves de Lacerda" NOME-PARA-CITACAO="LACERDA, T. A. G." ORDEM-DE-AUTORIA="6" NRO-ID-CNPQ=""/><AUTORES NOME-COMPLETO-DO-AUTOR="Carlos Hakio Fucatu" NOME-PARA-CITACAO="FUCATU, C. H." ORDEM-DE-AUTORIA="7" NRO-ID-CNPQ=""/><PALAVRAS-CHAVE PALAVRA-CHAVE-1="Semisubmersible Platforms" PALAVRA-CHAVE-2="Numerical Models" PALAVRA-CHAVE-3="Coupled Analysis" PALAVRA-CHAVE-4="Calibration" PALAVRA-CHAVE-5="Model Tests" PALAVRA-CHAVE-6=""/><AREAS-DO-CONHECIMENTO><AREA-DO-CONHECIMENTO-1 NOME-GRANDE-AREA-DO-CONHECIMENTO="ENGENHARIAS" NOME-DA-AREA-DO-CONHECIMENTO="" NOME-DA-SUB-AREA-DO-CONHECIMENTO="Construção Civil" NOME-DA-ESPECIALIDADE="Estruturas Offshore"/><AREA-DO-CONHECIMENTO-2 NOME-GRANDE-AREA-DO-CONHECIMENTO="ENGENHARIAS" NOME-DA-AREA-DO-CONHECIMENTO="Engenharia Naval e Oceânica" NOME-DA-SUB-AREA-DO-CONHECIMENTO="" NOME-DA-ESPECIALIDADE=""/></AREAS-DO-CONHECIMENTO></TRABALHO-EM-EVENTOS><TRABALHO-EM-EVENTOS SEQUENCIA-PRODUCAO="5"><DADOS-BASICOS-DO-TRABALHO NATUREZA="COMPLETO" TITULO-DO-TRABALHO="Avaliação de Metodologias de Análise de Unidades Estacionárias de Produção de Petróleo Offshore" ANO-DO-TRABALHO="2006" PAIS-DO-EVENTO="Brasil" IDIOMA="Português" MEIO-DE-DIVULGACAO="MEIO_DIGITAL" HOME-PAGE-DO-TRABALHO="[http://www.cultura.ufpa.br/cilamce/index.htm]" FLAG-RELEVANCIA="SIM" DOI="" TITULO-DO-TRABALHO-INGLES="" FLAG-DIVULGACAO-CIENTIFICA="NAO"/><DETALHAMENTO-DO-TRABALHO CLASSIFICACAO-DO-EVENTO="INTERNACIONAL" NOME-DO-EVENTO="XXVII Iberian Latin-American Congress on Computational Methods in Engineering" CIDADE-DO-EVENTO="Belém" ANO-DE-REALIZACAO="2006" TITULO-DOS-ANAIS-OU-PROCEEDINGS="XXVII CILAMCE" VOLUME="" FASCICULO="" SERIE="" PAGINA-INICIAL="" PAGINA-FINAL="" ISBN="" NOME-DA-EDITORA="Editora da UFPA" CIDADE-DA-EDITORA="Belém" NOME-DO-EVENTO-INGLES=""/><AUTORES NOME-COMPLETO-DO-AUTOR="Alex Leandro de Lima" NOME-PARA-CITACAO="LIMA, A. L." ORDEM-DE-AUTORIA="1" NRO-ID-CNPQ="2972921223607055"/><AUTORES NOME-COMPLETO-DO-AUTOR="Fabrício Nogueira Corrêa" NOME-PARA-CITACAO="Côrrea, F. N." ORDEM-DE-AUTORIA="2" NRO-ID-CNPQ="2433181779546673"/><AUTORES NOME-COMPLETO-DO-AUTOR="Breno Pinheiro Jacob" NOME-PARA-CITACAO="JACOB, Breno Pinheiro" ORDEM-DE-AUTORIA="3" NRO-ID-CNPQ="1735653164303041"/><PALAVRAS-CHAVE PALAVRA-CHAVE-1="Estrutura Offshore, Análise Acoplada" PALAVRA-CHAVE-2="" PALAVRA-CHAVE-3="" PALAVRA-CHAVE-4="" PALAVRA-CHAVE-5="" PALAVRA-CHAVE-6=""/><AREAS-DO-CONHECIMENTO><AREA-DO-CONHECIMENTO-1 NOME-GRANDE-AREA-DO-CONHECIMENTO="ENGENHARIAS" NOME-DA-AREA-DO-CONHECIMENTO="" NOME-DA-SUB-AREA-DO-CONHECIMENTO="" NOME-DA-ESPECIALIDADE=""/></AREAS-DO-CONHECIMENTO><SETORES-DE-ATIVIDADE SETOR-DE-ATIVIDADE-1="Indústrias Extrativas" SETOR-DE-ATIVIDADE-2="" SETOR-DE-ATIVIDADE-3=""/></TRABALHO-EM-EVENTOS></TRABALHOS-EM-EVENTOS><ARTIGOS-PUBLICADOS><ARTIGO-PUBLICADO SEQUENCIA-PRODUCAO="32" ORDEM-IMPORTANCIA=""><DADOS-BASICOS-DO-ARTIGO NATUREZA="COMPLETO" TITULO-DO-ARTIGO="Metodologia analítica para determinação de esforços no dimensionamento de dutos marinhos" ANO-DO-ARTIGO="2016" PAIS-DE-PUBLICACAO="" IDIOMA="Português" MEIO-DE-DIVULGACAO="MEIO_DIGITAL" HOME-PAGE-DO-TRABALHO="[http://ojs.uva.br/]" FLAG-RELEVANCIA="NAO" DOI="" TITULO-DO-ARTIGO-INGLES="Metodologia analítica para determinação de esforços no dimensionamento de dutos marinhos" FLAG-DIVULGACAO-CIENTIFICA="NAO"/><DETALHAMENTO-DO-ARTIGO TITULO-DO-PERIODICO-OU-REVISTA="Aquila (Rio de Janeiro)" ISSN="14148846" VOLUME="14" FASCICULO="" SERIE="" PAGINA-INICIAL="101" PAGINA-FINAL="116" LOCAL-DE-PUBLICACAO=""/><AUTORES NOME-COMPLETO-DO-AUTOR="Glauco José de Oliveira" NOME-PARA-CITACAO="OLIVEIRA, Glauco José de" ORDEM-DE-AUTORIA="1" NRO-ID-CNPQ=""/><AUTORES NOME-COMPLETO-DO-AUTOR="Alex Leandro de Lima" NOME-PARA-CITACAO="LIMA, A. L." ORDEM-DE-AUTORIA="2" NRO-ID-CNPQ="2972921223607055"/><PALAVRAS-CHAVE PALAVRA-CHAVE-1="Catenária" PALAVRA-CHAVE-2="Correnteza" PALAVRA-CHAVE-3="Cabos Marinhos" PALAVRA-CHAVE-4="Risers" PALAVRA-CHAVE-5="" PALAVRA-CHAVE-6=""/></ARTIGO-PUBLICADO><ARTIGO-PUBLICADO SEQUENCIA-PRODUCAO="31" ORDEM-IMPORTANCIA=""><DADOS-BASICOS-DO-ARTIGO NATUREZA="COMPLETO" TITULO-DO-ARTIGO="ATIRANTAMENTO DE BLOCOS DE FUNDAÇÕES PROFUNDAS PARA PROJETO DE UMA COBERTURA METÁLICA EM ARCO" ANO-DO-ARTIGO="2015" PAIS-DE-PUBLICACAO="" IDIOMA="Português" MEIO-DE-DIVULGACAO="MEIO_DIGITAL" HOME-PAGE-DO-TRABALHO="[http://www.unig.br/revistas_publicacoes/ciencia_tecnologia/index.php]" FLAG-RELEVANCIA="NAO" DOI="" TITULO-DO-ARTIGO-INGLES="ATIRANTAMENTO DE BLOCOS DE FUNDAÇÕES PROFUNDAS PARA PROJETO DE UMA COBERTURA METÁLICA EM ARCO" FLAG-DIVULGACAO-CIENTIFICA="NAO"/><DETALHAMENTO-DO-ARTIGO TITULO-DO-PERIODICO-OU-REVISTA="Revista de Ciência &amp;amp; Tecnologia (UNIG)" ISSN="15198022" VOLUME="15" FASCICULO="" SERIE="" PAGINA-INICIAL="62" PAGINA-FINAL="74" LOCAL-DE-PUBLICACAO=""/><AUTORES NOME-COMPLETO-DO-AUTOR="Glauco José de Oliveira" NOME-PARA-CITACAO="OLIVEIRA, Glauco José de" ORDEM-DE-AUTORIA="1" NRO-ID-CNPQ=""/><AUTORES NOME-COMPLETO-DO-AUTOR="Alex Leandro de Lima" NOME-PARA-CITACAO="LIMA, A. L." ORDEM-DE-AUTORIA="2" NRO-ID-CNPQ="2972921223607055"/><PALAVRAS-CHAVE PALAVRA-CHAVE-1="Estruturas metálicas" PALAVRA-CHAVE-2="treliça em arco" PALAVRA-CHAVE-3="tirante" PALAVRA-CHAVE-4="" PALAVRA-CHAVE-5="" PALAVRA-CHAVE-6=""/><AREAS-DO-CONHECIMENTO><AREA-DO-CONHECIMENTO-1 NOME-GRANDE-AREA-DO-CONHECIMENTO="ENGENHARIAS" NOME-DA-AREA-DO-CONHECIMENTO="" NOME-DA-SUB-AREA-DO-CONHECIMENTO="Estruturas" NOME-DA-ESPECIALIDADE=""/></AREAS-DO-CONHECIMENTO></ARTIGO-PUBLICADO><ARTIGO-PUBLICADO SEQUENCIA-PRODUCAO="7" ORDEM-IMPORTANCIA=""><DADOS-BASICOS-DO-ARTIGO NATUREZA="COMPLETO" TITULO-DO-ARTIGO="PROCEDIMENTO PARA AUTOMATIZAÇÃO DE VERIFICAÇÃO ESTRUTURAL DE UMA TORRE METÁLICA DE TELECOMUNICAÇÕES" ANO-DO-ARTIGO="2006" PAIS-DE-PUBLICACAO="" IDIOMA="Português" MEIO-DE-DIVULGACAO="IMPRESSO" HOME-PAGE-DO-TRABALHO="[http://www.construmetal2006.com.br]" FLAG-RELEVANCIA="SIM" DOI="" TITULO-DO-ARTIGO-INGLES="" FLAG-DIVULGACAO-CIENTIFICA="NAO"/><DETALHAMENTO-DO-ARTIGO TITULO-DO-PERIODICO-OU-REVISTA="Construção Metálica" ISSN="14146517" VOLUME="78" FASCICULO="" SERIE="" PAGINA-INICIAL="19" PAGINA-FINAL="20" LOCAL-DE-PUBLICACAO=""/><AUTORES NOME-COMPLETO-DO-AUTOR="Glauco José de Oliveira" NOME-PARA-CITACAO="OLIVEIRA, Glauco José de" ORDEM-DE-AUTORIA="1" NRO-ID-CNPQ=""/><AUTORES NOME-COMPLETO-DO-AUTOR="Alex Leandro de Lima" NOME-PARA-CITACAO="LIMA, A. L." ORDEM-DE-AUTORIA="2" NRO-ID-CNPQ="2972921223607055"/><PALAVRAS-CHAVE PALAVRA-CHAVE-1="Estruturas metálicas" PALAVRA-CHAVE-2="Estruturas metálicas, Torre Estaiada" PALAVRA-CHAVE-3="Automação de Projetos Estruturais" PALAVRA-CHAVE-4="" PALAVRA-CHAVE-5="" PALAVRA-CHAVE-6=""/><AREAS-DO-CONHECIMENTO><AREA-DO-CONHECIMENTO-1 NOME-GRANDE-AREA-DO-CONHECIMENTO="ENGENHARIAS" NOME-DA-AREA-DO-CONHECIMENTO="" NOME-DA-SUB-AREA-DO-CONHECIMENTO="" NOME-DA-ESPECIALIDADE=""/></AREAS-DO-CONHECIMENTO><SETORES-DE-ATIVIDADE SETOR-DE-ATIVIDADE-1="Construção" SETOR-DE-ATIVIDADE-2="" SETOR-DE-ATIVIDADE-3=""/></ARTIGO-PUBLICADO></ARTIGOS-PUBLICADOS></PRODUCAO-BIBLIOGRAFICA><PRODUCAO-TECNICA><TRABALHO-TECNICO SEQUENCIA-PRODUCAO="4"><DADOS-BASICOS-DO-TRABALHO-TECNICO NATUREZA="ELABORACAO_DE_PROJETO" TITULO-DO-TRABALHO-TECNICO="PROJETO CONCEITUAL DE SISTEMAS DE ANCORAGEM INOVADORES PARA PLATAFORMAS SEMI-SUBMERSÍVEIS E UNIDADES FPSO" ANO="2006" PAIS="Brasil" MEIO-DE-DIVULGACAO="IMPRESSO" HOME-PAGE-DO-TRABALHO="" IDIOMA="Português" FLAG-RELEVANCIA="NAO" DOI="" TITULO-DO-TRABALHO-TECNICO-INGLES=""/><DETALHAMENTO-DO-TRABALHO-TECNICO FINALIDADE="Estudar sistemas de ancoragem inovadores para aplicação em unidades estacionárias de produção (UEPs) em águas profundas e ultra-profundas." DURACAO-EM-MESES="18" NUMERO-DE-PAGINAS="100" DISPONIBILIDADE="RESTRITA" INSTITUICAO-FINANCIADORA="Fudação COPPETEC" CIDADE-DO-TRABALHO="Rio de Janeiro" FINALIDADE-INGLES=""/><AUTORES NOME-COMPLETO-DO-AUTOR="Breno Pinheiro Jacob" NOME-PARA-CITACAO="JACOB, Breno Pinheiro" ORDEM-DE-AUTORIA="1" NRO-ID-CNPQ="1735653164303041"/><AUTORES NOME-COMPLETO-DO-AUTOR="Marcos Vinícius Rodrigues" NOME-PARA-CITACAO="RODRIGUES, Marcos Vinícius" ORDEM-DE-AUTORIA="2" NRO-ID-CNPQ=""/><AUTORES NOME-COMPLETO-DO-AUTOR="Alex Leandro de Lima" NOME-PARA-CITACAO="LIMA, A. L." ORDEM-DE-AUTORIA="3" NRO-ID-CNPQ="2972921223607055"/><PALAVRAS-CHAVE PALAVRA-CHAVE-1="Ancoragem, offshore" PALAVRA-CHAVE-2="" PALAVRA-CHAVE-3="" PALAVRA-CHAVE-4="" PALAVRA-CHAVE-5="" PALAVRA-CHAVE-6=""/><AREAS-DO-CONHECIMENTO><AREA-DO-CONHECIMENTO-1 NOME-GRANDE-AREA-DO-CONHECIMENTO="ENGENHARIAS" NOME-DA-AREA-DO-CONHECIMENTO="" NOME-DA-SUB-AREA-DO-CONHECIMENTO="Construção Civil" NOME-DA-ESPECIALIDADE="Estruturas Offshore"/></AREAS-DO-CONHECIMENTO><SETORES-DE-ATIVIDADE SETOR-DE-ATIVIDADE-1="Indústrias Extrativas" SETOR-DE-ATIVIDADE-2="" SETOR-DE-ATIVIDADE-3=""/></TRABALHO-TECNICO><DEMAIS-TIPOS-DE-PRODUCAO-TECNICA><APRESENTACAO-DE-TRABALHO SEQUENCIA-PRODUCAO="9"><DADOS-BASICOS-DA-APRESENTACAO-DE-TRABALHO NATUREZA="CONGRESSO" TITULO="Avaliação de Metodologias de Análise de Unidades Estacionárias de Produção de Petróleo Offshore" ANO="2006" PAIS="Brasil" IDIOMA="Português" FLAG-RELEVANCIA="SIM" DOI="" TITULO-INGLES="" FLAG-DIVULGACAO-CIENTIFICA="NAO"/><DETALHAMENTO-DA-APRESENTACAO-DE-TRABALHO NOME-DO-EVENTO="XXVII CILAMCE - Iberian Latin American Congress On Computational Methods In Engineering" INSTITUICAO-PROMOTORA="UFPA" LOCAL-DA-APRESENTACAO="Pará" CIDADE-DA-APRESENTACAO="Belém" NOME-DO-EVENTO-INGLES=""/><AUTORES NOME-COMPLETO-DO-AUTOR="Alex Leandro de Lima" NOME-PARA-CITACAO="LIMA, A. L." ORDEM-DE-AUTORIA="1" NRO-ID-CNPQ="2972921223607055"/><AUTORES NOME-COMPLETO-DO-AUTOR="Fabrício Nogueira Corrêa" NOME-PARA-CITACAO="Côrrea, F. N." ORDEM-DE-AUTORIA="2" NRO-ID-CNPQ="2433181779546673"/><AUTORES NOME-COMPLETO-DO-AUTOR="Breno Pinheiro Jacob" NOME-PARA-CITACAO="JACOB, Breno Pinheiro" ORDEM-DE-AUTORIA="3" NRO-ID-CNPQ="1735653164303041"/><PALAVRAS-CHAVE PALAVRA-CHAVE-1="Estrutura Offshore, Análise Acoplada" PALAVRA-CHAVE-2="" PALAVRA-CHAVE-3="" PALAVRA-CHAVE-4="" PALAVRA-CHAVE-5="" PALAVRA-CHAVE-6=""/><AREAS-DO-CONHECIMENTO><AREA-DO-CONHECIMENTO-1 NOME-GRANDE-AREA-DO-CONHECIMENTO="ENGENHARIAS" NOME-DA-AREA-DO-CONHECIMENTO="" NOME-DA-SUB-AREA-DO-CONHECIMENTO="Construção Civil" NOME-DA-ESPECIALIDADE="Estruturas Offshore"/><AREA-DO-CONHECIMENTO-2 NOME-GRANDE-AREA-DO-CONHECIMENTO="ENGENHARIAS" NOME-DA-AREA-DO-CONHECIMENTO="Engenharia Naval e Oceânica" NOME-DA-SUB-AREA-DO-CONHECIMENTO="" NOME-DA-ESPECIALIDADE=""/></AREAS-DO-CONHECIMENTO><SETORES-DE-ATIVIDADE SETOR-DE-ATIVIDADE-1="Indústrias Extrativas" SETOR-DE-ATIVIDADE-2="" SETOR-DE-ATIVIDADE-3=""/></APRESENTACAO-DE-TRABALHO><APRESENTACAO-DE-TRABALHO SEQUENCIA-PRODUCAO="30"><DADOS-BASICOS-DA-APRESENTACAO-DE-TRABALHO NATUREZA="SIMPOSIO" TITULO="METODOLOGIA DE PROJETO PARA AUTOMATIZAÇÃO DE VERIFICAÇÃO ESTRUTURAL DE UMA TORRE METÁLICA ESTAIADA DE TELECOMUNICAÇÕES" ANO="2015" PAIS="Brasil" IDIOMA="Português" FLAG-RELEVANCIA="NAO" DOI="" TITULO-INGLES="METODOLOGIA DE PROJETO PARA AUTOMATIZAÇÃO DE VERIFICAÇÃO ESTRUTURAL DE UMA TORRE METÁLICA ESTAIADA DE TELECOMUNICAÇÕES" FLAG-DIVULGACAO-CIENTIFICA="NAO"/><DETALHAMENTO-DA-APRESENTACAO-DE-TRABALHO NOME-DO-EVENTO="II SIMPÓSIO DE ESTUDANTES E PROFISSIONAIS DA ENGENHARIA CONTEMPORÂNEA" INSTITUICAO-PROMOTORA="Centro Universitário Augusto Motta - UNISUAM" LOCAL-DA-APRESENTACAO="Rio de Janeiro" CIDADE-DA-APRESENTACAO="Rio de Janeiro" NOME-DO-EVENTO-INGLES=""/><AUTORES NOME-COMPLETO-DO-AUTOR="Alex Leandro de Lima" NOME-PARA-CITACAO="LIMA, A. L." ORDEM-DE-AUTORIA="1" NRO-ID-CNPQ="2972921223607055"/><AUTORES NOME-COMPLETO-DO-AUTOR="Glauco José de Oliveira" NOME-PARA-CITACAO="OLIVEIRA, Glauco José de" ORDEM-DE-AUTORIA="2" NRO-ID-CNPQ=""/><PALAVRAS-CHAVE PALAVRA-CHAVE-1="Estruturas metálicas, Torre Estaiada" PALAVRA-CHAVE-2="Automação de Projetos" PALAVRA-CHAVE-3="" PALAVRA-CHAVE-4="" PALAVRA-CHAVE-5="" PALAVRA-CHAVE-6=""/><AREAS-DO-CONHECIMENTO><AREA-DO-CONHECIMENTO-1 NOME-GRANDE-AREA-DO-CONHECIMENTO="ENGENHARIAS" NOME-DA-AREA-DO-CONHECIMENTO="" NOME-DA-SUB-AREA-DO-CONHECIMENTO="Estrturas Metálicas" NOME-DA-ESPECIALIDADE=""/></AREAS-DO-CONHECIMENTO><SETORES-DE-ATIVIDADE SETOR-DE-ATIVIDADE-1="Obras de infra-estrutura" SETOR-DE-ATIVIDADE-2="" SETOR-DE-ATIVIDADE-3=""/></APRESENTACAO-DE-TRABALHO><CURSO-DE-CURTA-DURACAO-MINISTRADO SEQUENCIA-PRODUCAO="20"><DADOS-BASICOS-DE-CURSOS-CURTA-DURACAO-MINISTRADO NIVEL-DO-CURSO="APERFEICOAMENTO" TITULO="Concreto Armado - NBR 6118/2007" ANO="2010" PAIS="Brasil" IDIOMA="Português" MEIO-DE-DIVULGACAO="OUTRO" HOME-PAGE-DO-TRABALHO="" FLAG-RELEVANCIA="NAO" DOI="" TITULO-INGLES="Concreto Armado - NBR 6118/2007" FLAG-DIVULGACAO-CIENTIFICA="NAO"/><DETALHAMENTO-DE-CURSOS-CURTA-DURACAO-MINISTRADO PARTICIPACAO-DOS-AUTORES="DOCENTE" INSTITUICAO-PROMOTORA-DO-CURSO="HCT - Treinamento" LOCAL-DO-CURSO="Instação HCT" CIDADE="Rio de Janeiro" DURACAO="20" UNIDADE="horas" UNIDADE-INGLES=""/><AUTORES NOME-COMPLETO-DO-AUTOR="Alex Leandro de Lima" NOME-PARA-CITACAO="LIMA, A. L." ORDEM-DE-AUTORIA="1" NRO-ID-CNPQ="2972921223607055"/><PALAVRAS-CHAVE PALAVRA-CHAVE-1="Estruturas de Concreto Armado" PALAVRA-CHAVE-2="" PALAVRA-CHAVE-3="" PALAVRA-CHAVE-4="" PALAVRA-CHAVE-5="" PALAVRA-CHAVE-6=""/><AREAS-DO-CONHECIMENTO><AREA-DO-CONHECIMENTO-1 NOME-GRANDE-AREA-DO-CONHECIMENTO="ENGENHARIAS" NOME-DA-AREA-DO-CONHECIMENTO="" NOME-DA-SUB-AREA-DO-CONHECIMENTO="Estruturas" NOME-DA-ESPECIALIDADE=""/><AREA-DO-CONHECIMENTO-2 NOME-GRANDE-AREA-DO-CONHECIMENTO="ENGENHARIAS" NOME-DA-AREA-DO-CONHECIMENTO="Engenharia Civil" NOME-DA-SUB-AREA-DO-CONHECIMENTO="" NOME-DA-ESPECIALIDADE=""/></AREAS-DO-CONHECIMENTO><SETORES-DE-ATIVIDADE SETOR-DE-ATIVIDADE-1="Atividades profissionais, científicas e técnicas" SETOR-DE-ATIVIDADE-2="" SETOR-DE-ATIVIDADE-3=""/><INFORMACOES-ADICIONAIS DESCRICAO-INFORMACOES-ADICIONAIS="Curso de Aperfeiçoamento em projetos de Estruturas de Concreto Armado de acordo com a NBR 6118/2007." DESCRICAO-INFORMACOES-ADICIONAIS-INGLES="Curso de Aperfeiçoamento em projetos de Estruturas de Concreto Armado de acordo com a NBR 6118/2007."/></CURSO-DE-CURTA-DURACAO-MINISTRADO><DESENVOLVIMENTO-DE-MATERIAL-DIDATICO-OU-INSTRUCIONAL SEQUENCIA-PRODUCAO="12"><DADOS-BASICOS-DO-MATERIAL-DIDATICO-OU-INSTRUCIONAL NATUREZA="Apostila" TITULO="Estruturas Metálicas" ANO="2007" PAIS="Brasil" IDIOMA="Português" MEIO-DE-DIVULGACAO="VARIOS" HOME-PAGE-DO-TRABALHO="" FLAG-RELEVANCIA="NAO" DOI="" TITULO-INGLES="" NATUREZA-INGLES="" FLAG-DIVULGACAO-CIENTIFICA="NAO"/><DETALHAMENTO-DO-MATERIAL-DIDATICO-OU-INSTRUCIONAL FINALIDADE="Ensino da disciplina de Estruturas Metálicas de Cursos de Graduação." FINALIDADE-INGLES=""/><AUTORES NOME-COMPLETO-DO-AUTOR="Glauco José de Oliveira" NOME-PARA-CITACAO="OLIVEIRA, Glauco José de" ORDEM-DE-AUTORIA="1" NRO-ID-CNPQ=""/><AUTORES NOME-COMPLETO-DO-AUTOR="Alex Leandro de Lima" NOME-PARA-CITACAO="LIMA, A. L." ORDEM-DE-AUTORIA="2" NRO-ID-CNPQ="2972921223607055"/><PALAVRAS-CHAVE PALAVRA-CHAVE-1="Estruturas metálicas" PALAVRA-CHAVE-2="" PALAVRA-CHAVE-3="" PALAVRA-CHAVE-4="" PALAVRA-CHAVE-5="" PALAVRA-CHAVE-6=""/><AREAS-DO-CONHECIMENTO><AREA-DO-CONHECIMENTO-1 NOME-GRANDE-AREA-DO-CONHECIMENTO="ENGENHARIAS" NOME-DA-AREA-DO-CONHECIMENTO="" NOME-DA-SUB-AREA-DO-CONHECIMENTO="Estrturas Metálicas" NOME-DA-ESPECIALIDADE=""/></AREAS-DO-CONHECIMENTO><SETORES-DE-ATIVIDADE SETOR-DE-ATIVIDADE-1="Construção" SETOR-DE-ATIVIDADE-2="" SETOR-DE-ATIVIDADE-3=""/></DESENVOLVIMENTO-DE-MATERIAL-DIDATICO-OU-INSTRUCIONAL><DESENVOLVIMENTO-DE-MATERIAL-DIDATICO-OU-INSTRUCIONAL SEQUENCIA-PRODUCAO="13"><DADOS-BASICOS-DO-MATERIAL-DIDATICO-OU-INSTRUCIONAL NATUREZA="Apostila" TITULO="Estruturas de Concreto" ANO="2007" PAIS="Brasil" IDIOMA="Português" MEIO-DE-DIVULGACAO="VARIOS" HOME-PAGE-DO-TRABALHO="" FLAG-RELEVANCIA="NAO" DOI="" TITULO-INGLES="" NATUREZA-INGLES="" FLAG-DIVULGACAO-CIENTIFICA="NAO"/><DETALHAMENTO-DO-MATERIAL-DIDATICO-OU-INSTRUCIONAL FINALIDADE="Ensino da disciplina de Estruturas de Concreto Armado em Cursos de Graduação." FINALIDADE-INGLES=""/><AUTORES NOME-COMPLETO-DO-AUTOR="Alex Leandro de Lima" NOME-PARA-CITACAO="LIMA, A. L." ORDEM-DE-AUTORIA="1" NRO-ID-CNPQ="2972921223607055"/><PALAVRAS-CHAVE PALAVRA-CHAVE-1="Estruturas de Concreto Armado" PALAVRA-CHAVE-2="" PALAVRA-CHAVE-3="" PALAVRA-CHAVE-4="" PALAVRA-CHAVE-5="" PALAVRA-CHAVE-6=""/><AREAS-DO-CONHECIMENTO><AREA-DO-CONHECIMENTO-1 NOME-GRANDE-AREA-DO-CONHECIMENTO="ENGENHARIAS" NOME-DA-AREA-DO-CONHECIMENTO="" NOME-DA-SUB-AREA-DO-CONHECIMENTO="" NOME-DA-ESPECIALIDADE=""/><AREA-DO-CONHECIMENTO-2 NOME-GRANDE-AREA-DO-CONHECIMENTO="ENGENHARIAS" NOME-DA-AREA-DO-CONHECIMENTO="Engenharia Civil" NOME-DA-SUB-AREA-DO-CONHECIMENTO="Estruturas" NOME-DA-ESPECIALIDADE=""/></AREAS-DO-CONHECIMENTO><SETORES-DE-ATIVIDADE SETOR-DE-ATIVIDADE-1="Construção" SETOR-DE-ATIVIDADE-2="" SETOR-DE-ATIVIDADE-3=""/></DESENVOLVIMENTO-DE-MATERIAL-DIDATICO-OU-INSTRUCIONAL><DESENVOLVIMENTO-DE-MATERIAL-DIDATICO-OU-INSTRUCIONAL SEQUENCIA-PRODUCAO="15"><DADOS-BASICOS-DO-MATERIAL-DIDATICO-OU-INSTRUCIONAL NATUREZA="Apostila" TITULO="Estruturas Especiais de Concreto Armado - Escadas, Reservatórios, Consolo Curto e Lajes Nervuradas" ANO="2007" PAIS="Brasil" IDIOMA="Português" MEIO-DE-DIVULGACAO="VARIOS" HOME-PAGE-DO-TRABALHO="" FLAG-RELEVANCIA="NAO" DOI="" TITULO-INGLES="" NATUREZA-INGLES="" FLAG-DIVULGACAO-CIENTIFICA="NAO"/><DETALHAMENTO-DO-MATERIAL-DIDATICO-OU-INSTRUCIONAL FINALIDADE="Ensino da disciplina de Estruturas Especiaias de Concreto Armado de Cursos de Graduação e Pós-Graduação." FINALIDADE-INGLES=""/><AUTORES NOME-COMPLETO-DO-AUTOR="Alex Leandro de Lima" NOME-PARA-CITACAO="LIMA, A. L." ORDEM-DE-AUTORIA="1" NRO-ID-CNPQ="2972921223607055"/><AUTORES NOME-COMPLETO-DO-AUTOR="Glauco José de Oliveira" NOME-PARA-CITACAO="OLIVEIRA, Glauco José de" ORDEM-DE-AUTORIA="2" NRO-ID-CNPQ=""/><PALAVRAS-CHAVE PALAVRA-CHAVE-1="Estruturas de Concreto Armado" PALAVRA-CHAVE-2="" PALAVRA-CHAVE-3="" PALAVRA-CHAVE-4="" PALAVRA-CHAVE-5="" PALAVRA-CHAVE-6=""/><AREAS-DO-CONHECIMENTO><AREA-DO-CONHECIMENTO-1 NOME-GRANDE-AREA-DO-CONHECIMENTO="ENGENHARIAS" NOME-DA-AREA-DO-CONHECIMENTO="" NOME-DA-SUB-AREA-DO-CONHECIMENTO="" NOME-DA-ESPECIALIDADE=""/><AREA-DO-CONHECIMENTO-2 NOME-GRANDE-AREA-DO-CONHECIMENTO="ENGENHARIAS" NOME-DA-AREA-DO-CONHECIMENTO="Engenharia Civil" NOME-DA-SUB-AREA-DO-CONHECIMENTO="Estruturas" NOME-DA-ESPECIALIDADE=""/></AREAS-DO-CONHECIMENTO><SETORES-DE-ATIVIDADE SETOR-DE-ATIVIDADE-1="Construção" SETOR-DE-ATIVIDADE-2="" SETOR-DE-ATIVIDADE-3=""/></DESENVOLVIMENTO-DE-MATERIAL-DIDATICO-OU-INSTRUCIONAL><DESENVOLVIMENTO-DE-MATERIAL-DIDATICO-OU-INSTRUCIONAL SEQUENCIA-PRODUCAO="16"><DADOS-BASICOS-DO-MATERIAL-DIDATICO-OU-INSTRUCIONAL NATUREZA="Apostila" TITULO="TÓPICOS BÁSICOS DE HIDRODINÂMICA APLICADOS A ESTRUTURAS OFFSHORE" ANO="2007" PAIS="Brasil" IDIOMA="Português" MEIO-DE-DIVULGACAO="VARIOS" HOME-PAGE-DO-TRABALHO="" FLAG-RELEVANCIA="NAO" DOI="" TITULO-INGLES="" NATUREZA-INGLES="" FLAG-DIVULGACAO-CIENTIFICA="NAO"/><DETALHAMENTO-DO-MATERIAL-DIDATICO-OU-INSTRUCIONAL FINALIDADE="Estudo de hidrodinâmica aplicados aos projetos de estruturas flutuantes ofshore." FINALIDADE-INGLES=""/><AUTORES NOME-COMPLETO-DO-AUTOR="Alex Leandro de Lima" NOME-PARA-CITACAO="LIMA, A. L." ORDEM-DE-AUTORIA="1" NRO-ID-CNPQ="2972921223607055"/><AUTORES NOME-COMPLETO-DO-AUTOR="Gilberto Bruno Ellwanger" NOME-PARA-CITACAO="Ellwanger, G. B." ORDEM-DE-AUTORIA="2" NRO-ID-CNPQ=""/><PALAVRAS-CHAVE PALAVRA-CHAVE-1="Offshore, Estruturas" PALAVRA-CHAVE-2="" PALAVRA-CHAVE-3="" PALAVRA-CHAVE-4="" PALAVRA-CHAVE-5="" PALAVRA-CHAVE-6=""/><AREAS-DO-CONHECIMENTO><AREA-DO-CONHECIMENTO-1 NOME-GRANDE-AREA-DO-CONHECIMENTO="ENGENHARIAS" NOME-DA-AREA-DO-CONHECIMENTO="" NOME-DA-SUB-AREA-DO-CONHECIMENTO="Construção Civil" NOME-DA-ESPECIALIDADE="Estruturas Offshore"/><AREA-DO-CONHECIMENTO-2 NOME-GRANDE-AREA-DO-CONHECIMENTO="ENGENHARIAS" NOME-DA-AREA-DO-CONHECIMENTO="Engenharia Naval e Oceânica" NOME-DA-SUB-AREA-DO-CONHECIMENTO="" NOME-DA-ESPECIALIDADE=""/></AREAS-DO-CONHECIMENTO><SETORES-DE-ATIVIDADE SETOR-DE-ATIVIDADE-1="Indústrias Extrativas" SETOR-DE-ATIVIDADE-2="" SETOR-DE-ATIVIDADE-3=""/></DESENVOLVIMENTO-DE-MATERIAL-DIDATICO-OU-INSTRUCIONAL><DESENVOLVIMENTO-DE-MATERIAL-DIDATICO-OU-INSTRUCIONAL SEQUENCIA-PRODUCAO="14"><DADOS-BASICOS-DO-MATERIAL-DIDATICO-OU-INSTRUCIONAL NATUREZA="Apostila" TITULO="Estruturas de Conteção - Muros de Graviade e de Flexão" ANO="2008" PAIS="Brasil" IDIOMA="Português" MEIO-DE-DIVULGACAO="VARIOS" HOME-PAGE-DO-TRABALHO="" FLAG-RELEVANCIA="NAO" DOI="" TITULO-INGLES="" NATUREZA-INGLES="" FLAG-DIVULGACAO-CIENTIFICA="NAO"/><DETALHAMENTO-DO-MATERIAL-DIDATICO-OU-INSTRUCIONAL FINALIDADE="Ensino da disciplina de Estruturas de Contenção de Cursos de Pós-Graduação." FINALIDADE-INGLES=""/><AUTORES NOME-COMPLETO-DO-AUTOR="Alex Leandro de Lima" NOME-PARA-CITACAO="LIMA, A. L." ORDEM-DE-AUTORIA="1" NRO-ID-CNPQ="2972921223607055"/><PALAVRAS-CHAVE PALAVRA-CHAVE-1="Extruturas de Conteção" PALAVRA-CHAVE-2="Empuxo de Terra" PALAVRA-CHAVE-3="" PALAVRA-CHAVE-4="" PALAVRA-CHAVE-5="" PALAVRA-CHAVE-6=""/><AREAS-DO-CONHECIMENTO><AREA-DO-CONHECIMENTO-1 NOME-GRANDE-AREA-DO-CONHECIMENTO="ENGENHARIAS" NOME-DA-AREA-DO-CONHECIMENTO="" NOME-DA-SUB-AREA-DO-CONHECIMENTO="Estruturas" NOME-DA-ESPECIALIDADE=""/></AREAS-DO-CONHECIMENTO><SETORES-DE-ATIVIDADE SETOR-DE-ATIVIDADE-1="Construção" SETOR-DE-ATIVIDADE-2="" SETOR-DE-ATIVIDADE-3=""/></DESENVOLVIMENTO-DE-MATERIAL-DIDATICO-OU-INSTRUCIONAL><ORGANIZACAO-DE-EVENTO SEQUENCIA-PRODUCAO="29"><DADOS-BASICOS-DA-ORGANIZACAO-DE-EVENTO TIPO="CONGRESSO" NATUREZA="ORGANIZACAO" TITULO="II SIMPÓSIO DE ESTUDANTES E PROFISSIONAIS DA ENGENHARIA CONTEMPORÂNEA" ANO="2015" PAIS="Brasil" IDIOMA="Português" MEIO-DE-DIVULGACAO="VARIOS" HOME-PAGE-DO-TRABALHO="" FLAG-RELEVANCIA="NAO" DOI="" TITULO-INGLES="" FLAG-DIVULGACAO-CIENTIFICA="NAO"/><DETALHAMENTO-DA-ORGANIZACAO-DE-EVENTO INSTITUICAO-PROMOTORA="Centro Universitário Augusto Motta - UNISUAM" DURACAO-EM-SEMANAS="1" FLAG-EVENTO-ITINERANTE="N" FLAG-CATALOGO="" LOCAL="Rio de Janeiro" CIDADE="Rio de Janeiro"/><AUTORES NOME-COMPLETO-DO-AUTOR="Alex Leandro de Lima" NOME-PARA-CITACAO="LIMA, A. L." ORDEM-DE-AUTORIA="1" NRO-ID-CNPQ="2972921223607055"/><PALAVRAS-CHAVE PALAVRA-CHAVE-1="Estrutura" PALAVRA-CHAVE-2="estrutura metálica; treliça em arco; tirantes" PALAVRA-CHAVE-3="" PALAVRA-CHAVE-4="" PALAVRA-CHAVE-5="" PALAVRA-CHAVE-6=""/><AREAS-DO-CONHECIMENTO><AREA-DO-CONHECIMENTO-1 NOME-GRANDE-AREA-DO-CONHECIMENTO="ENGENHARIAS" NOME-DA-AREA-DO-CONHECIMENTO="" NOME-DA-SUB-AREA-DO-CONHECIMENTO="Estruturas" NOME-DA-ESPECIALIDADE=""/></AREAS-DO-CONHECIMENTO><SETORES-DE-ATIVIDADE SETOR-DE-ATIVIDADE-1="Pesquisa e desenvolvimento científico" SETOR-DE-ATIVIDADE-2="" SETOR-DE-ATIVIDADE-3=""/></ORGANIZACAO-DE-EVENTO><ORGANIZACAO-DE-EVENTO SEQUENCIA-PRODUCAO="27"><DADOS-BASICOS-DA-ORGANIZACAO-DE-EVENTO TIPO="CONGRESSO" NATUREZA="ORGANIZACAO" TITULO="I SIMPÓSIO DE ESTUDANTES E PROFISSIONAIS DE ENGENHARIA CIVIL" ANO="2014" PAIS="Brasil" IDIOMA="Português" MEIO-DE-DIVULGACAO="VARIOS" HOME-PAGE-DO-TRABALHO="" FLAG-RELEVANCIA="NAO" DOI="" TITULO-INGLES="" FLAG-DIVULGACAO-CIENTIFICA="NAO"/><DETALHAMENTO-DA-ORGANIZACAO-DE-EVENTO INSTITUICAO-PROMOTORA="Centro Universitário Augusto Motta - UNISUAM" DURACAO-EM-SEMANAS="1" FLAG-EVENTO-ITINERANTE="N" FLAG-CATALOGO="" LOCAL="Rio de Janeiro" CIDADE="Rio de Janeiro"/><AUTORES NOME-COMPLETO-DO-AUTOR="Alex Leandro de Lima" NOME-PARA-CITACAO="LIMA, A. L." ORDEM-DE-AUTORIA="1" NRO-ID-CNPQ="2972921223607055"/><PALAVRAS-CHAVE PALAVRA-CHAVE-1="Estruturas metálicas" PALAVRA-CHAVE-2="Estrutura" PALAVRA-CHAVE-3="" PALAVRA-CHAVE-4="" PALAVRA-CHAVE-5="" PALAVRA-CHAVE-6=""/><AREAS-DO-CONHECIMENTO><AREA-DO-CONHECIMENTO-1 NOME-GRANDE-AREA-DO-CONHECIMENTO="ENGENHARIAS" NOME-DA-AREA-DO-CONHECIMENTO="" NOME-DA-SUB-AREA-DO-CONHECIMENTO="Estruturas" NOME-DA-ESPECIALIDADE="Estruturas de Concreto"/><AREA-DO-CONHECIMENTO-2 NOME-GRANDE-AREA-DO-CONHECIMENTO="ENGENHARIAS" NOME-DA-AREA-DO-CONHECIMENTO="Engenharia Civil" NOME-DA-SUB-AREA-DO-CONHECIMENTO="Estruturas" NOME-DA-ESPECIALIDADE="Estruturas Metálicas"/></AREAS-DO-CONHECIMENTO><SETORES-DE-ATIVIDADE SETOR-DE-ATIVIDADE-1="Obras de infra-estrutura" SETOR-DE-ATIVIDADE-2="" SETOR-DE-ATIVIDADE-3=""/></ORGANIZACAO-DE-EVENTO></DEMAIS-TIPOS-DE-PRODUCAO-TECNICA></PRODUCAO-TECNICA><OUTRA-PRODUCAO><ORIENTACOES-CONCLUIDAS><OUTRAS-ORIENTACOES-CONCLUIDAS SEQUENCIA-PRODUCAO="2"><DADOS-BASICOS-DE-OUTRAS-ORIENTACOES-CONCLUIDAS NATUREZA="MONOGRAFIA_DE_CONCLUSAO_DE_CURSO_APERFEICOAMENTO_E_ESPECIALIZACAO" TIPO="" TITULO="Projeto Estrutural Automatizado de Cobertura de Posto de Gasolina em Estrutura de Aço Utilizando Perfis Dobrados à Frio" ANO="2005" PAIS="Brasil" IDIOMA="Português" HOME-PAGE="" FLAG-RELEVANCIA="NAO" DOI="" TITULO-INGLES="" TIPO-INGLES=""/><DETALHAMENTO-DE-OUTRAS-ORIENTACOES-CONCLUIDAS NOME-DO-ORIENTADO="G" CODIGO-INSTITUICAO="605000000000" NOME-DA-INSTITUICAO="Fundação Educacional Rosemar Pimentel" CODIGO-CURSO="90000002" NOME-DO-CURSO="Engenharia Civil" FLAG-BOLSA="NAO" CODIGO-AGENCIA-FINANCIADORA="" NOME-DA-AGENCIA="" TIPO-DE-ORIENTACAO-CONCLUIDA="ORIENTADOR_PRINCIPAL" NUMERO-DE-PAGINAS="0" NUMERO-ID-ORIENTADO="" NOME-DO-CURSO-INGLES=""/><AREAS-DO-CONHECIMENTO><AREA-DO-CONHECIMENTO-1 NOME-GRANDE-AREA-DO-CONHECIMENTO="ENGENHARIAS" NOME-DA-AREA-DO-CONHECIMENTO="" NOME-DA-SUB-AREA-DO-CONHECIMENTO="Construção Civil" NOME-DA-ESPECIALIDADE="Estruturas Offshore"/></AREAS-DO-CONHECIMENTO></OUTRAS-ORIENTACOES-CONCLUIDAS><OUTRAS-ORIENTACOES-CONCLUIDAS SEQUENCIA-PRODUCAO="10"><DADOS-BASICOS-DE-OUTRAS-ORIENTACOES-CONCLUIDAS NATUREZA="TRABALHO_DE_CONCLUSAO_DE_CURSO_GRADUACAO" TIPO="" TITULO="SOLUÇÕES DE FÔRMAS E ESCORAMENTOS PARA CONCRETO" ANO="2009" PAIS="Brasil" IDIOMA="Português" HOME-PAGE="" FLAG-RELEVANCIA="NAO" DOI="" TITULO-INGLES="" TIPO-INGLES=""/><DETALHAMENTO-DE-OUTRAS-ORIENTACOES-CONCLUIDAS NOME-DO-ORIENTADO="Erick Silva de Barro e Tiago Moreira Riegert Galindo" CODIGO-INSTITUICAO="201900000008" NOME-DA-INSTITUICAO="Centro Universitário Augusto Motta" CODIGO-CURSO="90000004" NOME-DO-CURSO="Engenharia Civil" FLAG-BOLSA="NAO" CODIGO-AGENCIA-FINANCIADORA="" NOME-DA-AGENCIA="" TIPO-DE-ORIENTACAO-CONCLUIDA="CO_ORIENTADOR" NUMERO-DE-PAGINAS="" NUMERO-ID-ORIENTADO="" NOME-DO-CURSO-INGLES=""/><PALAVRAS-CHAVE PALAVRA-CHAVE-1="Fôrmas" PALAVRA-CHAVE-2="Escoramento" PALAVRA-CHAVE-3="" PALAVRA-CHAVE-4="" PALAVRA-CHAVE-5="" PALAVRA-CHAVE-6=""/><AREAS-DO-CONHECIMENTO><AREA-DO-CONHECIMENTO-1 NOME-GRANDE-AREA-DO-CONHECIMENTO="ENGENHARIAS" NOME-DA-AREA-DO-CONHECIMENTO="" NOME-DA-SUB-AREA-DO-CONHECIMENTO="" NOME-DA-ESPECIALIDADE=""/></AREAS-DO-CONHECIMENTO><SETORES-DE-ATIVIDADE SETOR-DE-ATIVIDADE-1="Construção" SETOR-DE-ATIVIDADE-2="" SETOR-DE-ATIVIDADE-3=""/></OUTRAS-ORIENTACOES-CONCLUIDAS><OUTRAS-ORIENTACOES-CONCLUIDAS SEQUENCIA-PRODUCAO="21"><DADOS-BASICOS-DE-OUTRAS-ORIENTACOES-CONCLUIDAS NATUREZA="TRABALHO_DE_CONCLUSAO_DE_CURSO_GRADUACAO" TIPO="" TITULO="Energia Eólica" ANO="2012" PAIS="Brasil" IDIOMA="Português" HOME-PAGE="" FLAG-RELEVANCIA="NAO" DOI="" TITULO-INGLES="Wind Energy" TIPO-INGLES=""/><DETALHAMENTO-DE-OUTRAS-ORIENTACOES-CONCLUIDAS NOME-DO-ORIENTADO="Mayara Silva de Almeida Santos" CODIGO-INSTITUICAO="201900000008" NOME-DA-INSTITUICAO="Centro Universitário Augusto Motta" CODIGO-CURSO="90000004" NOME-DO-CURSO="Engenharia Civil" FLAG-BOLSA="NAO" CODIGO-AGENCIA-FINANCIADORA="" NOME-DA-AGENCIA="" TIPO-DE-ORIENTACAO-CONCLUIDA="CO_ORIENTADOR" NUMERO-DE-PAGINAS="" NUMERO-ID-ORIENTADO="" NOME-DO-CURSO-INGLES=""/><PALAVRAS-CHAVE PALAVRA-CHAVE-1="Energia Eólica" PALAVRA-CHAVE-2="Energia Renovável" PALAVRA-CHAVE-3="Aerogeradores" PALAVRA-CHAVE-4="" PALAVRA-CHAVE-5="" PALAVRA-CHAVE-6=""/><AREAS-DO-CONHECIMENTO><AREA-DO-CONHECIMENTO-1 NOME-GRANDE-AREA-DO-CONHECIMENTO="ENGENHARIAS" NOME-DA-AREA-DO-CONHECIMENTO="" NOME-DA-SUB-AREA-DO-CONHECIMENTO="" NOME-DA-ESPECIALIDADE=""/></AREAS-DO-CONHECIMENTO></OUTRAS-ORIENTACOES-CONCLUIDAS><OUTRAS-ORIENTACOES-CONCLUIDAS SEQUENCIA-PRODUCAO="22"><DADOS-BASICOS-DE-OUTRAS-ORIENTACOES-CONCLUIDAS NATUREZA="TRABALHO_DE_CONCLUSAO_DE_CURSO_GRADUACAO" TIPO="" TITULO="Hangar de Manutenção de Aeronaves em Estrutura Metálica" ANO="2012" PAIS="Brasil" IDIOMA="Português" HOME-PAGE="" FLAG-RELEVANCIA="NAO" DOI="" TITULO-INGLES="" TIPO-INGLES=""/><DETALHAMENTO-DE-OUTRAS-ORIENTACOES-CONCLUIDAS NOME-DO-ORIENTADO="Igor Charlles S. Leite" CODIGO-INSTITUICAO="201900000008" NOME-DA-INSTITUICAO="Centro Universitário Augusto Motta" CODIGO-CURSO="90000004" NOME-DO-CURSO="Engenharia Civil" FLAG-BOLSA="NAO" CODIGO-AGENCIA-FINANCIADORA="" NOME-DA-AGENCIA="" TIPO-DE-ORIENTACAO-CONCLUIDA="CO_ORIENTADOR" NUMERO-DE-PAGINAS="" NUMERO-ID-ORIENTADO="" NOME-DO-CURSO-INGLES=""/><PALAVRAS-CHAVE PALAVRA-CHAVE-1="Estruturas metálicas" PALAVRA-CHAVE-2="Hangar" PALAVRA-CHAVE-3="" PALAVRA-CHAVE-4="" PALAVRA-CHAVE-5="" PALAVRA-CHAVE-6=""/><AREAS-DO-CONHECIMENTO><AREA-DO-CONHECIMENTO-1 NOME-GRANDE-AREA-DO-CONHECIMENTO="ENGENHARIAS" NOME-DA-AREA-DO-CONHECIMENTO="" NOME-DA-SUB-AREA-DO-CONHECIMENTO="Estrturas Metálicas" NOME-DA-ESPECIALIDADE=""/></AREAS-DO-CONHECIMENTO></OUTRAS-ORIENTACOES-CONCLUIDAS><OUTRAS-ORIENTACOES-CONCLUIDAS SEQUENCIA-PRODUCAO="23"><DADOS-BASICOS-DE-OUTRAS-ORIENTACOES-CONCLUIDAS NATUREZA="TRABALHO_DE_CONCLUSAO_DE_CURSO_GRADUACAO" TIPO="" TITULO="PROJETO ESTRUTURAL DE UMA VIGA EM CONCRETO PROTENDIDO DE UMA PONTE RODOVIÁRIA" ANO="2013" PAIS="Brasil" IDIOMA="Português" HOME-PAGE="" FLAG-RELEVANCIA="NAO" DOI="" TITULO-INGLES="" TIPO-INGLES=""/><DETALHAMENTO-DE-OUTRAS-ORIENTACOES-CONCLUIDAS NOME-DO-ORIENTADO="Ramon Felipe Soares Abreu" CODIGO-INSTITUICAO="201900000008" NOME-DA-INSTITUICAO="Centro Universitário Augusto Motta" CODIGO-CURSO="90000004" NOME-DO-CURSO="Engenharia Civil" FLAG-BOLSA="NAO" CODIGO-AGENCIA-FINANCIADORA="" NOME-DA-AGENCIA="" TIPO-DE-ORIENTACAO-CONCLUIDA="CO_ORIENTADOR" NUMERO-DE-PAGINAS="" NUMERO-ID-ORIENTADO="" NOME-DO-CURSO-INGLES=""/><PALAVRAS-CHAVE PALAVRA-CHAVE-1="Concreto Protendido" PALAVRA-CHAVE-2="Estrutura" PALAVRA-CHAVE-3="Cordoalhas" PALAVRA-CHAVE-4="" PALAVRA-CHAVE-5="" PALAVRA-CHAVE-6=""/><AREAS-DO-CONHECIMENTO><AREA-DO-CONHECIMENTO-1 NOME-GRANDE-AREA-DO-CONHECIMENTO="ENGENHARIAS" NOME-DA-AREA-DO-CONHECIMENTO="" NOME-DA-SUB-AREA-DO-CONHECIMENTO="" NOME-DA-ESPECIALIDADE=""/></AREAS-DO-CONHECIMENTO></OUTRAS-ORIENTACOES-CONCLUIDAS><OUTRAS-ORIENTACOES-CONCLUIDAS SEQUENCIA-PRODUCAO="18"><DADOS-BASICOS-DE-OUTRAS-ORIENTACOES-CONCLUIDAS NATUREZA="TRABALHO_DE_CONCLUSAO_DE_CURSO_GRADUACAO" TIPO="" TITULO="REFORÇO EM ESTRUTURAS DE CONCRETO ARMADO COM COMPÓSITO DE FIBRA DE CARBONO" ANO="2011" PAIS="Brasil" IDIOMA="Português" HOME-PAGE="" FLAG-RELEVANCIA="NAO" DOI="" TITULO-INGLES="" TIPO-INGLES=""/><DETALHAMENTO-DE-OUTRAS-ORIENTACOES-CONCLUIDAS NOME-DO-ORIENTADO="Leonardo Almeida de Lima e Carlos Antônio G. Pereira" CODIGO-INSTITUICAO="201900000008" NOME-DA-INSTITUICAO="Centro Universitário Augusto Motta" CODIGO-CURSO="60067403" NOME-DO-CURSO="Engenharia Civil" FLAG-BOLSA="NAO" CODIGO-AGENCIA-FINANCIADORA="" NOME-DA-AGENCIA="" TIPO-DE-ORIENTACAO-CONCLUIDA="CO_ORIENTADOR" NUMERO-DE-PAGINAS="" NUMERO-ID-ORIENTADO="" NOME-DO-CURSO-INGLES=""/><PALAVRAS-CHAVE PALAVRA-CHAVE-1="Estruturas de Concreto Armado" PALAVRA-CHAVE-2="Reforço Estrutural" PALAVRA-CHAVE-3="Fibra de Carbono" PALAVRA-CHAVE-4="" PALAVRA-CHAVE-5="" PALAVRA-CHAVE-6=""/><AREAS-DO-CONHECIMENTO><AREA-DO-CONHECIMENTO-1 NOME-GRANDE-AREA-DO-CONHECIMENTO="ENGENHARIAS" NOME-DA-AREA-DO-CONHECIMENTO="" NOME-DA-SUB-AREA-DO-CONHECIMENTO="Estruturas" NOME-DA-ESPECIALIDADE=""/></AREAS-DO-CONHECIMENTO><SETORES-DE-ATIVIDADE SETOR-DE-ATIVIDADE-1="Construção" SETOR-DE-ATIVIDADE-2="" SETOR-DE-ATIVIDADE-3=""/></OUTRAS-ORIENTACOES-CONCLUIDAS></ORIENTACOES-CONCLUIDAS></OUTRA-PRODUCAO><DADOS-COMPLEMENTARES><FORMACAO-COMPLEMENTAR><FORMACAO-COMPLEMENTAR-CURSO-DE-CURTA-DURACAO SEQUENCIA-FORMACAO="4" NIVEL="F" CARGA-HORARIA="20" CODIGO-INSTITUICAO="000800000994" NOME-INSTITUICAO="SIKA Brasil" CODIGO-ORGAO="" NOME-ORGAO="" CODIGO-CURSO="90000006" NOME-CURSO="REFORÇO COM COMPÓSITO DE FIBRA DE CARBONO" STATUS-DO-CURSO="CONCLUIDO" ANO-DE-INICIO="2011" ANO-DE-CONCLUSAO="2011" NOME-CURSO-INGLES=""/><formacoesComplementaresPlana/></FORMACAO-COMPLEMENTAR><PARTICIPACAO-EM-EVENTOS-CONGRESSOS><PARTICIPACAO-EM-CONGRESSO SEQUENCIA-PRODUCAO="24"><PARTICIPANTE-DE-EVENTOS-CONGRESSOS NOME-COMPLETO-DO-PARTICIPANTE-DE-EVENTOS-CONGRESSOS="Alex Leandro de Lima" NOME-PARA-CITACAO-DO-PARTICIPANTE-DE-EVENTOS-CONGRESSOS="LIMA, A. L." ORDEM-PARTICIPANTE="1" NRO-ID-CNPQ="2972921223607055"/><DADOS-BASICOS-DA-PARTICIPACAO-EM-CONGRESSO NATUREZA="Congresso" TITULO="" ANO="2014" PAIS="Brasil" IDIOMA="" MEIO-DE-DIVULGACAO="NAO_INFORMADO" HOME-PAGE-DO-TRABALHO="" FLAG-RELEVANCIA="NAO" TIPO-PARTICIPACAO="" FORMA-PARTICIPACAO="Ouvinte" DOI="" TITULO-INGLES="" FLAG-DIVULGACAO-CIENTIFICA="NAO"/><DETALHAMENTO-DA-PARTICIPACAO-EM-CONGRESSO NOME-DO-EVENTO="VII CONGRESSO BRASILEIRO DE PONTES E ESTRUTURAS" CODIGO-INSTITUICAO="" NOME-INSTITUICAO="" LOCAL-DO-EVENTO="" CIDADE-DO-EVENTO="Rio de Janeiro" NOME-DO-EVENTO-INGLES=""/></PARTICIPACAO-EM-CONGRESSO><PARTICIPACAO-EM-CONGRESSO SEQUENCIA-PRODUCAO="11"><PARTICIPANTE-DE-EVENTOS-CONGRESSOS NOME-COMPLETO-DO-PARTICIPANTE-DE-EVENTOS-CONGRESSOS="Alex Leandro de Lima" NOME-PARA-CITACAO-DO-PARTICIPANTE-DE-EVENTOS-CONGRESSOS="LIMA, A. L." ORDEM-PARTICIPANTE="1" NRO-ID-CNPQ="2972921223607055"/><DADOS-BASICOS-DA-PARTICIPACAO-EM-CONGRESSO NATUREZA="Congresso" TITULO="Avaliação de Metodologias de Análise de Unidades Estacionárias de Produção de Petróleo Offshore" ANO="2006" PAIS="Brasil" IDIOMA="" MEIO-DE-DIVULGACAO="NAO_INFORMADO" HOME-PAGE-DO-TRABALHO="http://www.cultura.ufpa.br/cilamce/index.htm" FLAG-RELEVANCIA="NAO" TIPO-PARTICIPACAO="Apresentação Oral" FORMA-PARTICIPACAO="Participante" DOI="" TITULO-INGLES="" FLAG-DIVULGACAO-CIENTIFICA="NAO"/><DETALHAMENTO-DA-PARTICIPACAO-EM-CONGRESSO NOME-DO-EVENTO="XXVII CILAMCE - Iberian Latin American Congress On Computational Methods In Engineering" CODIGO-INSTITUICAO="" NOME-INSTITUICAO="" LOCAL-DO-EVENTO="" CIDADE-DO-EVENTO="Belém" NOME-DO-EVENTO-INGLES=""/></PARTICIPACAO-EM-CONGRESSO><PARTICIPACAO-EM-SIMPOSIO SEQUENCIA-PRODUCAO="28"><PARTICIPANTE-DE-EVENTOS-CONGRESSOS NOME-COMPLETO-DO-PARTICIPANTE-DE-EVENTOS-CONGRESSOS="Alex Leandro de Lima" NOME-PARA-CITACAO-DO-PARTICIPANTE-DE-EVENTOS-CONGRESSOS="LIMA, A. L." ORDEM-PARTICIPANTE="1" NRO-ID-CNPQ="2972921223607055"/><DADOS-BASICOS-DA-PARTICIPACAO-EM-SIMPOSIO NATUREZA="Simpósio" TITULO="METODOLOGIA DE PROJETO PARA AUTOMATIZAÇÃO DE VERIFICAÇÃO ESTRUTURAL DE UMA TORRE METÁLICA ESTAIADA DE TELECOMUNICAÇÕES" ANO="2015" PAIS="Brasil" IDIOMA="" MEIO-DE-DIVULGACAO="NAO_INFORMADO" HOME-PAGE-DO-TRABALHO="http://hotsite.unisuam.edu.br/simepec/" FLAG-RELEVANCIA="NAO" TIPO-PARTICIPACAO="Apresentação Oral" FORMA-PARTICIPACAO="Participante" DOI="" TITULO-INGLES="METODOLOGIA DE PROJETO PARA AUTOMATIZAÇÃO DE VERIFICAÇÃO ESTRUTURAL DE UMA TORRE METÁLICA ESTAIADA DE TELECOMUNICAÇÕES" FLAG-DIVULGACAO-CIENTIFICA="NAO"/><DETALHAMENTO-DA-PARTICIPACAO-EM-SIMPOSIO NOME-DO-EVENTO="II SIMPÓSIO DE ESTUDANTES E PROFISSIONAIS DA ENGENHARIA CONTEMPORÂNEA" CODIGO-INSTITUICAO="" NOME-INSTITUICAO="" LOCAL-DO-EVENTO="" CIDADE-DO-EVENTO="Rio de Janeiro" NOME-DO-EVENTO-INGLES=""/></PARTICIPACAO-EM-SIMPOSIO><PARTICIPACAO-EM-SIMPOSIO SEQUENCIA-PRODUCAO="25"><PARTICIPANTE-DE-EVENTOS-CONGRESSOS NOME-COMPLETO-DO-PARTICIPANTE-DE-EVENTOS-CONGRESSOS="Alex Leandro de Lima" NOME-PARA-CITACAO-DO-PARTICIPANTE-DE-EVENTOS-CONGRESSOS="LIMA, A. L." ORDEM-PARTICIPANTE="1" NRO-ID-CNPQ="2972921223607055"/><DADOS-BASICOS-DA-PARTICIPACAO-EM-SIMPOSIO NATUREZA="Simpósio" TITULO="" ANO="2014" PAIS="Brasil" IDIOMA="" MEIO-DE-DIVULGACAO="NAO_INFORMADO" HOME-PAGE-DO-TRABALHO="" FLAG-RELEVANCIA="NAO" TIPO-PARTICIPACAO="" FORMA-PARTICIPACAO="Ouvinte" DOI="" TITULO-INGLES="" FLAG-DIVULGACAO-CIENTIFICA="NAO"/><DETALHAMENTO-DA-PARTICIPACAO-EM-SIMPOSIO NOME-DO-EVENTO="I SIMPÓSIO DE ESTUDANTES E PROFISSIONAIS DE ENGENHARIA CIVIL" CODIGO-INSTITUICAO="" NOME-INSTITUICAO="" LOCAL-DO-EVENTO="" CIDADE-DO-EVENTO="Rio de Janeiro" NOME-DO-EVENTO-INGLES=""/></PARTICIPACAO-EM-SIMPOSIO><OUTRAS-PARTICIPACOES-EM-EVENTOS-CONGRESSOS SEQUENCIA-PRODUCAO="19"><PARTICIPANTE-DE-EVENTOS-CONGRESSOS NOME-COMPLETO-DO-PARTICIPANTE-DE-EVENTOS-CONGRESSOS="Alex Leandro de Lima" NOME-PARA-CITACAO-DO-PARTICIPANTE-DE-EVENTOS-CONGRESSOS="LIMA, A. L." ORDEM-PARTICIPANTE="1" NRO-ID-CNPQ="2972921223607055"/><DADOS-BASICOS-DE-OUTRAS-PARTICIPACOES-EM-EVENTOS-CONGRESSOS NATUREZA="Outra" TITULO="Uma Ferramenta para Análise e Dimensionamento de Estruturas de Concreto Armado" ANO="2011" PAIS="Brasil" IDIOMA="" MEIO-DE-DIVULGACAO="NAO_INFORMADO" HOME-PAGE-DO-TRABALHO="" FLAG-RELEVANCIA="NAO" TIPO-PARTICIPACAO="Conferencista" FORMA-PARTICIPACAO="Convidado" DOI="" TITULO-INGLES="Uma Ferramenta para Análise e Dimensionamento de Estruturas de Concreto Armado" FLAG-DIVULGACAO-CIENTIFICA="NAO"/><DETALHAMENTO-DE-OUTRAS-PARTICIPACOES-EM-EVENTOS-CONGRESSOS NOME-DO-EVENTO="Semana Academica - UNISUAM" CODIGO-INSTITUICAO="" NOME-INSTITUICAO="" LOCAL-DO-EVENTO="" CIDADE-DO-EVENTO="Rio de Janeiro" NOME-DO-EVENTO-INGLES=""/></OUTRAS-PARTICIPACOES-EM-EVENTOS-CONGRESSOS></PARTICIPACAO-EM-EVENTOS-CONGRESSOS><INFORMACOES-ADICIONAIS-INSTITUICOES><INFORMACAO-ADICIONAL-INSTITUICAO CODIGO-INSTITUICAO="000100000991" SIGLA-INSTITUICAO="PROSYSTEM" SIGLA-UF-INSTITUICAO="RJ" SIGLA-PAIS-INSTITUICAO="BRA" NOME-PAIS-INSTITUICAO="Brasil" FLAG-AGENCIA-FOMENTO="NAO" FLAG-INSTITUICAO-DE-ENSINO="NAO"/><INFORMACAO-ADICIONAL-INSTITUICAO CODIGO-INSTITUICAO="000200000993" SIGLA-INSTITUICAO="STAHLDACH" SIGLA-UF-INSTITUICAO="RJ" SIGLA-PAIS-INSTITUICAO="BRA" NOME-PAIS-INSTITUICAO="Brasil" FLAG-AGENCIA-FOMENTO="NAO" FLAG-INSTITUICAO-DE-ENSINO="NAO"/><INFORMACAO-ADICIONAL-INSTITUICAO CODIGO-INSTITUICAO="000201000997" SIGLA-INSTITUICAO="STAHLDACH" SIGLA-UF-INSTITUICAO="RJ" SIGLA-PAIS-INSTITUICAO="BRA" NOME-PAIS-INSTITUICAO="Brasil" FLAG-AGENCIA-FOMENTO="NAO" FLAG-INSTITUICAO-DE-ENSINO="NAO"/><INFORMACAO-ADICIONAL-INSTITUICAO CODIGO-INSTITUICAO="000300000995" SIGLA-INSTITUICAO="UGB" SIGLA-UF-INSTITUICAO="RJ" SIGLA-PAIS-INSTITUICAO="BRA" NOME-PAIS-INSTITUICAO="Brasil" FLAG-AGENCIA-FOMENTO="NAO" FLAG-INSTITUICAO-DE-ENSINO="NAO"/><INFORMACAO-ADICIONAL-INSTITUICAO CODIGO-INSTITUICAO="000400000997" SIGLA-INSTITUICAO="STIFFNESS" SIGLA-UF-INSTITUICAO="RJ" SIGLA-PAIS-INSTITUICAO="BRA" NOME-PAIS-INSTITUICAO="Brasil" FLAG-AGENCIA-FOMENTO="NAO" FLAG-INSTITUICAO-DE-ENSINO="NAO"/><INFORMACAO-ADICIONAL-INSTITUICAO CODIGO-INSTITUICAO="000500000999" SIGLA-INSTITUICAO="PORTENTE" SIGLA-UF-INSTITUICAO="RJ" SIGLA-PAIS-INSTITUICAO="BRA" NOME-PAIS-INSTITUICAO="Brasil" FLAG-AGENCIA-FOMENTO="NAO" FLAG-INSTITUICAO-DE-ENSINO="NAO"/><INFORMACAO-ADICIONAL-INSTITUICAO CODIGO-INSTITUICAO="000600000990" SIGLA-INSTITUICAO="ENGEVIX" SIGLA-UF-INSTITUICAO="RJ" SIGLA-PAIS-INSTITUICAO="BRA" NOME-PAIS-INSTITUICAO="Brasil" FLAG-AGENCIA-FOMENTO="NAO" FLAG-INSTITUICAO-DE-ENSINO="NAO"/><INFORMACAO-ADICIONAL-INSTITUICAO CODIGO-INSTITUICAO="000700000992" SIGLA-INSTITUICAO="UNIG" SIGLA-UF-INSTITUICAO="RJ" SIGLA-PAIS-INSTITUICAO="BRA" NOME-PAIS-INSTITUICAO="Brasil" FLAG-AGENCIA-FOMENTO="NAO" FLAG-INSTITUICAO-DE-ENSINO="NAO"/><INFORMACAO-ADICIONAL-INSTITUICAO CODIGO-INSTITUICAO="000800000994" SIGLA-INSTITUICAO="SIKA" SIGLA-UF-INSTITUICAO="RJ" SIGLA-PAIS-INSTITUICAO="BRA" NOME-PAIS-INSTITUICAO="Brasil" FLAG-AGENCIA-FOMENTO="NAO" FLAG-INSTITUICAO-DE-ENSINO="NAO"/><INFORMACAO-ADICIONAL-INSTITUICAO CODIGO-INSTITUICAO="000900000996" SIGLA-INSTITUICAO="PORTANTE" SIGLA-UF-INSTITUICAO="RJ" SIGLA-PAIS-INSTITUICAO="BRA" NOME-PAIS-INSTITUICAO="Brasil" FLAG-AGENCIA-FOMENTO="NAO" FLAG-INSTITUICAO-DE-ENSINO="NAO"/><INFORMACAO-ADICIONAL-INSTITUICAO CODIGO-INSTITUICAO="001000000998" SIGLA-INSTITUICAO="HEMISUL.SCET" SIGLA-UF-INSTITUICAO="RJ" SIGLA-PAIS-INSTITUICAO="BRA" NOME-PAIS-INSTITUICAO="Brasil" FLAG-AGENCIA-FOMENTO="NAO" FLAG-INSTITUICAO-DE-ENSINO="NAO"/><INFORMACAO-ADICIONAL-INSTITUICAO CODIGO-INSTITUICAO="002200000000" SIGLA-INSTITUICAO="CNPq" SIGLA-UF-INSTITUICAO="DF" SIGLA-PAIS-INSTITUICAO="BRA" NOME-PAIS-INSTITUICAO="Brasil" FLAG-AGENCIA-FOMENTO="SIM" FLAG-INSTITUICAO-DE-ENSINO="SIM"/><INFORMACAO-ADICIONAL-INSTITUICAO CODIGO-INSTITUICAO="020200000009" SIGLA-INSTITUICAO="UFRJ" SIGLA-UF-INSTITUICAO="RJ" SIGLA-PAIS-INSTITUICAO="BRA" NOME-PAIS-INSTITUICAO="Brasil" FLAG-AGENCIA-FOMENTO="NAO" FLAG-INSTITUICAO-DE-ENSINO="SIM"/><INFORMACAO-ADICIONAL-INSTITUICAO CODIGO-INSTITUICAO="020201000991" SIGLA-INSTITUICAO="UFRJ" SIGLA-UF-INSTITUICAO="RJ" SIGLA-PAIS-INSTITUICAO="BRA" NOME-PAIS-INSTITUICAO="Brasil" FLAG-AGENCIA-FOMENTO="NAO" FLAG-INSTITUICAO-DE-ENSINO="NAO"/><INFORMACAO-ADICIONAL-INSTITUICAO CODIGO-INSTITUICAO="020201001998" SIGLA-INSTITUICAO="" SIGLA-UF-INSTITUICAO="RJ" SIGLA-PAIS-INSTITUICAO="BRA" NOME-PAIS-INSTITUICAO="Brasil" FLAG-AGENCIA-FOMENTO="NAO" FLAG-INSTITUICAO-DE-ENSINO="NAO"/><INFORMACAO-ADICIONAL-INSTITUICAO CODIGO-INSTITUICAO="045000000000" SIGLA-INSTITUICAO="CAPES" SIGLA-UF-INSTITUICAO="DF" SIGLA-PAIS-INSTITUICAO="BRA" NOME-PAIS-INSTITUICAO="Brasil" FLAG-AGENCIA-FOMENTO="SIM" FLAG-INSTITUICAO-DE-ENSINO="SIM"/><INFORMACAO-ADICIONAL-INSTITUICAO CODIGO-INSTITUICAO="201900000008" SIGLA-INSTITUICAO="UNISUAM" SIGLA-UF-INSTITUICAO="RJ" SIGLA-PAIS-INSTITUICAO="BRA" NOME-PAIS-INSTITUICAO="Brasil" FLAG-AGENCIA-FOMENTO="NAO" FLAG-INSTITUICAO-DE-ENSINO="SIM"/><INFORMACAO-ADICIONAL-INSTITUICAO CODIGO-INSTITUICAO="201901000990" SIGLA-INSTITUICAO="" SIGLA-UF-INSTITUICAO="RJ" SIGLA-PAIS-INSTITUICAO="BRA" NOME-PAIS-INSTITUICAO="Brasil" FLAG-AGENCIA-FOMENTO="NAO" FLAG-INSTITUICAO-DE-ENSINO="NAO"/><INFORMACAO-ADICIONAL-INSTITUICAO CODIGO-INSTITUICAO="605000000000" SIGLA-INSTITUICAO="FERP" SIGLA-UF-INSTITUICAO="RJ" SIGLA-PAIS-INSTITUICAO="BRA" NOME-PAIS-INSTITUICAO="Brasil" FLAG-AGENCIA-FOMENTO="NAO" FLAG-INSTITUICAO-DE-ENSINO="NAO"/></INFORMACOES-ADICIONAIS-INSTITUICOES><INFORMACOES-ADICIONAIS-CURSOS><INFORMACAO-ADICIONAL-CURSO CODIGO-CURSO="31000282" CODIGO-ORGAO="" NOME-ORGAO="" CODIGO-INSTITUICAO="020200000009" NOME-INSTITUICAO="Universidade Federal do Rio de Janeiro" NOME-GRANDE-AREA-DO-CONHECIMENTO="ENGENHARIAS" NOME-DA-AREA-DO-CONHECIMENTO="Engenharia Civil" NOME-DA-SUB-AREA-DO-CONHECIMENTO="" NOME-DA-ESPECIALIDADE="" NIVEL-CURSO="MESTRADO_DOUTORADO"/><INFORMACAO-ADICIONAL-CURSO CODIGO-CURSO="31000282" CODIGO-ORGAO="" NOME-ORGAO="" CODIGO-INSTITUICAO="020200000009" NOME-INSTITUICAO="Universidade Federal do Rio de Janeiro" NOME-GRANDE-AREA-DO-CONHECIMENTO="ENGENHARIAS" NOME-DA-AREA-DO-CONHECIMENTO="Engenharia Civil" NOME-DA-SUB-AREA-DO-CONHECIMENTO="" NOME-DA-ESPECIALIDADE="" NIVEL-CURSO="MESTRADO_DOUTORADO"/><INFORMACAO-ADICIONAL-CURSO CODIGO-CURSO="60067403" CODIGO-ORGAO="" NOME-ORGAO="" CODIGO-INSTITUICAO="201900000008" NOME-INSTITUICAO="Centro Universitário Augusto Motta" NOME-GRANDE-AREA-DO-CONHECIMENTO="OUTROS" NOME-DA-AREA-DO-CONHECIMENTO="" NOME-DA-SUB-AREA-DO-CONHECIMENTO="" NOME-DA-ESPECIALIDADE="" NIVEL-CURSO="GRADUACAO"/><INFORMACAO-ADICIONAL-CURSO CODIGO-CURSO="90000001" CODIGO-ORGAO="" NOME-ORGAO="" CODIGO-INSTITUICAO="605000000000" NOME-INSTITUICAO="Fundação Educacional Rosemar Pimentel" NOME-GRANDE-AREA-DO-CONHECIMENTO="ENGENHARIAS" NOME-DA-AREA-DO-CONHECIMENTO="Engenharia Civil" NOME-DA-SUB-AREA-DO-CONHECIMENTO="" NOME-DA-ESPECIALIDADE="" NIVEL-CURSO="GRADUACAO"/><INFORMACAO-ADICIONAL-CURSO CODIGO-CURSO="90000002" CODIGO-ORGAO="" NOME-ORGAO="" CODIGO-INSTITUICAO="605000000000" NOME-INSTITUICAO="Fundação Educacional Rosemar Pimentel" NOME-GRANDE-AREA-DO-CONHECIMENTO="OUTROS" NOME-DA-AREA-DO-CONHECIMENTO="" NOME-DA-SUB-AREA-DO-CONHECIMENTO="" NOME-DA-ESPECIALIDADE="" NIVEL-CURSO="ESPECIALIZACAO"/><INFORMACAO-ADICIONAL-CURSO CODIGO-CURSO="90000003" CODIGO-ORGAO="" NOME-ORGAO="" CODIGO-INSTITUICAO="000300000995" NOME-INSTITUICAO="Centro Universitário Geraldo Di Biase" NOME-GRANDE-AREA-DO-CONHECIMENTO="ENGENHARIAS" NOME-DA-AREA-DO-CONHECIMENTO="Engenharia Civil" NOME-DA-SUB-AREA-DO-CONHECIMENTO="" NOME-DA-ESPECIALIDADE="" NIVEL-CURSO="MESTRADO_DOUTORADO"/><INFORMACAO-ADICIONAL-CURSO CODIGO-CURSO="90000004" CODIGO-ORGAO="" NOME-ORGAO="" CODIGO-INSTITUICAO="201900000008" NOME-INSTITUICAO="Centro Universitário Augusto Motta" NOME-GRANDE-AREA-DO-CONHECIMENTO="ENGENHARIAS" NOME-DA-AREA-DO-CONHECIMENTO="Engenharia Civil" NOME-DA-SUB-AREA-DO-CONHECIMENTO="Construção Civil" NOME-DA-ESPECIALIDADE="" NIVEL-CURSO="GRADUACAO"/><INFORMACAO-ADICIONAL-CURSO CODIGO-CURSO="90000005" CODIGO-ORGAO="" NOME-ORGAO="" CODIGO-INSTITUICAO="201900000008" NOME-INSTITUICAO="Centro Universitário Augusto Motta" NOME-GRANDE-AREA-DO-CONHECIMENTO="ENGENHARIAS" NOME-DA-AREA-DO-CONHECIMENTO="Engenharia Naval e Oceânica" NOME-DA-SUB-AREA-DO-CONHECIMENTO="" NOME-DA-ESPECIALIDADE="" NIVEL-CURSO="GRADUACAO"/><INFORMACAO-ADICIONAL-CURSO CODIGO-CURSO="90000006" CODIGO-ORGAO="" NOME-ORGAO="" CODIGO-INSTITUICAO="000800000994" NOME-INSTITUICAO="SIKA Brasil" NOME-GRANDE-AREA-DO-CONHECIMENTO="ENGENHARIAS" NOME-DA-AREA-DO-CONHECIMENTO="Engenharia Civil" NOME-DA-SUB-AREA-DO-CONHECIMENTO="" NOME-DA-ESPECIALIDADE="" NIVEL-CURSO="CURSO_DE_CURTA_DURACAO"/></INFORMACOES-ADICIONAIS-CURSOS></DADOS-COMPLEMENTARES><eventos/></CURRICULO-VITAE>