<CURRICULO-VITAE SISTEMA-ORIGEM-XML="LATTES_OFFLINE" NUMERO-IDENTIFICADOR="8176744275506161" FORMATO-DATA-ATUALIZACAO="DDMMAAAA" DATA-ATUALIZACAO="18122014" FORMATO-HORA-ATUALIZACAO="HHMMSS" HORA-ATUALIZACAO="072228"><DADOS-GERAIS NOME-COMPLETO="Edson de Jesus Filho" NOME-EM-CITACOES-BIBLIOGRAFICAS="JESUS FILHO, E." NACIONALIDADE="B" PAIS-DE-NASCIMENTO="Brasil" FORMATO-DATA-DE-NASCIMENTO="DDMMAAAA" FORMATO-DATA-DE-EMISSAO="DDMMAAAA" PERMISSAO-DE-DIVULGACAO="NAO" DATA-FALECIMENTO="" SIGLA-PAIS-NACIONALIDADE="BRA" PAIS-DE-NACIONALIDADE="Brasil"><RESUMO-CV TEXTO-RESUMO-CV-RH="Por 3,5 anos foi engenheiro de manutenção na Siderúrgica Barra Mansa S/A   Barra Mansa - RJ. Por 9 anos foi engenheiro de automação da área de cabos da Soc. Michelin Particip. Ind. e Com. Ltda.- Resende- RJ. Por 5 anos foi engenheiro de automação da área de misturas de borracha e tecidos metálicos para pneus de caminhões da Soc. Michelin Particip. Ind. e Com. Ltda.- Rio de Janeiro- RJ. Por 1,5 ano desenvolveu projetos de marcação de banda de borracha na Manufacture Française des Pneumatiques Michelin   Clermont Ferrand   França. Por 4 anos foi chefe de armazém de logística e suprimentos de peças de manutenção da Soc. Michelin Particip. Ind. e Com. Ltda.- Rio de Janeiro- RJ. Por 3 anos foi chefe de engenharia de manutenção da área de misturas de borracha, tecidos metálicos, confecção e cozimento da fábrica de pneus de caminhões da Soc. Michelin Particip. Ind. e Com. Ltda.- Rio de Janeiro- RJ. Por 4 anos foi o gerente de manutenção da fábrica de pneus de caminhões da Soc. Michelin Particip. Ind. e Com. Ltda.. Atualmente é o coordenador de métodos e objetivos de manutenção para a zona geográfica América do Sul no Grupo Michelin, responsável pela seleção e recrutamento de engenheiros, técnicos e profissionais, membro da CEE-251 (Comissão Especial para Estudo de Ativos ) da ABNT, professor da Sociedade Educacional Augusto Motta -UNISUAM e do Centro Universitário de Volta Redonda - UNIFOA.  Possui graduação em engenharia elétrica pela Universidade Gama Filho, pós-graduação em MBA de logística pela COPPEAD/Universidade Federal do Rio de Janeiro, pós-graduação em MBA de engenharia de manutenção pela Escola Politécnica/Universidade Federal do Rio de Janeiro, especialização em gestão de estoques pela Fundação Getúlio Vargas e cursa o mestrado de materiais na Centro Universitário de Volta Redonda   UNIFOA.  Possui experiência em organização e implantação de sistemas de gerenciamento de manutenção. Experiência em metodologias de  busca da causa raiz  e estabelecimento de indicadores. Experiência em desenvolvimento, coordenação e implantação de projetos de sistemas automatizados industriais. Experiência em administração e otimização de estoques centralizados de peças de reposição em manutenção, através de ferramentas de análises de estratégicas para redução de estoques.  Um dos autores da metodologia Triplé CRM, apresentado no congresso brasileiro de manutenção de 2009.  Atualmente é professor das disciplinas de Manutenção Preditiva, MASP (Médodo de Resolução de Problemas), Gerência de Projetos e Gerência  de Custos dos Cursos de: Pós-Graduação de Engenharia de Manutenção e MBA de Qualidade de  do Centro Universitáriio de Volta Redonda   UNIFOA   Volta Redonda   RJ. Leciona também no Centro Universitário Augusto Motta - UNISUAM - Rio de Janeiro - RJ, nas disciplinas de Ciências dos Materiais, Engenharia de Métodos e Produtividade, Planejamento Estratégico dos Sistemas de Informação, Modelagem / Sistemas (Pesquisa Operacional) e Empreendorismo.  Publicou o artigo &amp;quot;Effect of porosity on hardness of Al2O3-Y3Al5O12 ceramic composite&amp;quot; no no períódico: &amp;quot;International Journal of Refractory &amp;amp; Hard Metals&amp;quot;. Página Webb de consulta: http://www.sciencedirect.com/science/article/pii/S0263436814002273" TEXTO-RESUMO-CV-RH-EN="bachelor's at Engenharia Elétrica from Universidade Gama Filho (1983). Has experience in Electric Engineering, focusing on Dielectric Materials, Piezoeletrics and Ferroelectrics"/><OUTRAS-INFORMACOES-RELEVANTES OUTRAS-INFORMACOES-RELEVANTES=""/><ENDERECO FLAG-DE-PREFERENCIA="ENDERECO_RESIDENCIAL"><ENDERECO-PROFISSIONAL CODIGO-INSTITUICAO-EMPRESA="" NOME-INSTITUICAO-EMPRESA="" CODIGO-ORGAO="" NOME-ORGAO="" CODIGO-UNIDADE="" NOME-UNIDADE="" LOGRADOURO-COMPLEMENTO="" PAIS="" UF="" CEP="" CIDADE="" BAIRRO="" DDD="" TELEFONE="" RAMAL="" FAX="" E-MAIL="edson.jesus@br.michelin.com" HOME-PAGE=""/></ENDERECO><FORMACAO-ACADEMICA-TITULACAO><GRADUACAO SEQUENCIA-FORMACAO="1" NIVEL="1" TITULO-DO-TRABALHO-DE-CONCLUSAO-DE-CURSO="Cálculo de Sistema de Proteção - Caso: Substação do Grajáu/Rio de Janeiro/RJ" NOME-DO-ORIENTADOR="Claudionor Correia de Araújo" CODIGO-INSTITUICAO="081200000000" NOME-INSTITUICAO="Universidade Gama Filho" CODIGO-CURSO="60279362" NOME-CURSO="Engenharia Elétrica" CODIGO-AREA-CURSO="" STATUS-DO-CURSO="CONCLUIDO" ANO-DE-INICIO="1979" ANO-DE-CONCLUSAO="1983" FLAG-BOLSA="NAO" CODIGO-AGENCIA-FINANCIADORA="" NOME-AGENCIA="" NUMERO-ID-ORIENTADOR="" CODIGO-CURSO-CAPES="1160368" TITULO-DO-TRABALHO-DE-CONCLUSAO-DE-CURSO-INGLES="" NOME-CURSO-INGLES="" TIPO-GRADUACAO="N" CODIGO-INSTITUICAO-GRAD="" NOME-INSTITUICAO-GRAD="" CODIGO-INSTITUICAO-OUTRA-GRAD="" NOME-INSTITUICAO-OUTRA-GRAD="" NOME-ORIENTADOR-GRAD=""/></FORMACAO-ACADEMICA-TITULACAO><ATUACOES-PROFISSIONAIS><ATUACAO-PROFISSIONAL CODIGO-INSTITUICAO="000200000993" NOME-INSTITUICAO="Siderúrgica Barra Mansa S.A.   Grupo Votorantin." SEQUENCIA-ATIVIDADE="1" SEQUENCIA-IMPORTANCIA="3"><VINCULOS SEQUENCIA-HISTORICO="1" TIPO-DE-VINCULO="CELETISTA" ENQUADRAMENTO-FUNCIONAL="LIVRE" CARGA-HORARIA-SEMANAL="44" FLAG-DEDICACAO-EXCLUSIVA="SIM" MES-INICIO="01" ANO-INICIO="1983" MES-FIM="05" ANO-FIM="1987" OUTRAS-INFORMACOES="Engenheiro de manutenção elétrica com atuação em aciaria elétrica, laminação, lingotamento contínuo, fabrica de oxigênio, aciaria Siemens Martin, sinterização, alto-fornos e subestação de 138KV / 120 MVA." FLAG-VINCULO-EMPREGATICIO="NAO" OUTRO-VINCULO-INFORMADO="" OUTRO-ENQUADRAMENTO-FUNCIONAL-INFORMADO="Engenheiro de Manutenção" OUTRO-ENQUADRAMENTO-FUNCIONAL-INFORMADO-INGLES="" OUTRAS-INFORMACOES-INGLES=""/><atividadesProfissionaisPlanificadas/></ATUACAO-PROFISSIONAL><ATUACAO-PROFISSIONAL CODIGO-INSTITUICAO="J6KE00000009" NOME-INSTITUICAO="Sociedade Michelin de Participacões Indust e Comércio" SEQUENCIA-ATIVIDADE="2" SEQUENCIA-IMPORTANCIA="1"><VINCULOS SEQUENCIA-HISTORICO="1" TIPO-DE-VINCULO="LIVRE" ENQUADRAMENTO-FUNCIONAL="LIVRE" CARGA-HORARIA-SEMANAL="44" FLAG-DEDICACAO-EXCLUSIVA="SIM" MES-INICIO="05" ANO-INICIO="1987" MES-FIM="12" ANO-FIM="1994" OUTRAS-INFORMACOES="Engenheiro de projetos em automação nas áreas de metálicos da fábrica de cabos da planta de Itatiaia  RJ.   Engenheiro de projetos em automação nas áreas de mistura negras e produtos semi-acabados das fábricas de misturas e pneus de caminhões da planta de Campo Grande   Rio de Janeiro   RJ." FLAG-VINCULO-EMPREGATICIO="NAO" OUTRO-VINCULO-INFORMADO="" OUTRO-ENQUADRAMENTO-FUNCIONAL-INFORMADO="Engenheiro de Projetos Industriais" OUTRO-ENQUADRAMENTO-FUNCIONAL-INFORMADO-INGLES="" OUTRAS-INFORMACOES-INGLES=""/><VINCULOS SEQUENCIA-HISTORICO="2" TIPO-DE-VINCULO="LIVRE" ENQUADRAMENTO-FUNCIONAL="LIVRE" CARGA-HORARIA-SEMANAL="40" FLAG-DEDICACAO-EXCLUSIVA="NAO" MES-INICIO="01" ANO-INICIO="1997" MES-FIM="" ANO-FIM="" OUTRAS-INFORMACOES="2013 à presente data   Sociedade Michelin de Participações, Indústria e Comércio Ltda.   Grupo Michelin.   Coordenador de Métodos e Objetivos de Manutenção da Zona Geográfica América do Sul para o Grupo Michelin   Base: Rio de Janeiro   RJ.  2009 à 2012   Sociedade Michelin de Participações, Indústria e Comércio Ltda.   Grupo Michelin.   Gerente  de manutenção da fábrica de pneus de caminhões da planta de Campo Grande   Rio de Janeiro   RJ.  2006 à 2009 - Sociedade Michelin de Participações, Indústria e Comércio Ltda.   Grupo Michelin.   Chefe de engenharia de manutenção da área de misturas de borracha, tecidos metálicos, confecção e cozimento da fábrica de pneus de caminhões da planta de Campo Grande   Rio de Janeiro   RJ.  2003 à 2006 - Sociedade Michelin de Participações, Indústria e Comércio Ltda.   Grupo Michelin.   Chefe de armazém logístico de peças de reposição da planta da unidade de Campo Grande   Rio de Janeiro   RJ.  1997 à 2003 - Sociedade Michelin de Participações, Indústria e Comércio Ltda.   Grupo Michelin.   Coordenador de projetos nas áreas de mistura negras e produtos semi-acabados das fábricas de misturas e pneus de caminhões da planta de Campo Grande   Rio de Janeiro   RJ." FLAG-VINCULO-EMPREGATICIO="NAO" OUTRO-VINCULO-INFORMADO="" OUTRO-ENQUADRAMENTO-FUNCIONAL-INFORMADO="Gerente de Manutenção e Coordenador Métodos" OUTRO-ENQUADRAMENTO-FUNCIONAL-INFORMADO-INGLES="" OUTRAS-INFORMACOES-INGLES=""/><atividadesProfissionaisPlanificadas/></ATUACAO-PROFISSIONAL><ATUACAO-PROFISSIONAL CODIGO-INSTITUICAO="000300000995" NOME-INSTITUICAO="Manufacture Française des Pneumatiques Michelin   Clermont Ferrand   França" SEQUENCIA-ATIVIDADE="3" SEQUENCIA-IMPORTANCIA="2"><VINCULOS SEQUENCIA-HISTORICO="1" TIPO-DE-VINCULO="LIVRE" ENQUADRAMENTO-FUNCIONAL="LIVRE" CARGA-HORARIA-SEMANAL="37" FLAG-DEDICACAO-EXCLUSIVA="SIM" MES-INICIO="01" ANO-INICIO="1995" MES-FIM="12" ANO-FIM="1996" OUTRAS-INFORMACOES="Engenheiro de projetos em automação de:         - marcadores industriais de bandas e amostragens de misturas negras.         - amostradores automáticos de misturas negras. Obs; Conceptor e engenheiro projetista dos três (3) projetos acima mencionados." FLAG-VINCULO-EMPREGATICIO="NAO" OUTRO-VINCULO-INFORMADO="" OUTRO-ENQUADRAMENTO-FUNCIONAL-INFORMADO="Engenheiro de Projetos Industriais" OUTRO-ENQUADRAMENTO-FUNCIONAL-INFORMADO-INGLES="" OUTRAS-INFORMACOES-INGLES=""/><ATIVIDADES-DE-PARTICIPACAO-EM-PROJETO><PARTICIPACAO-EM-PROJETO SEQUENCIA-FUNCAO-ATIVIDADE="1" FLAG-PERIODO="ANTERIOR" MES-INICIO="" ANO-INICIO="1995" MES-FIM="" ANO-FIM="1996" CODIGO-ORGAO="000301000999" NOME-ORGAO="GS!/MX Michelin" CODIGO-UNIDADE="" NOME-UNIDADE=""><PROJETO-DE-PESQUISA SEQUENCIA-PROJETO="1" ANO-INICIO="1995" ANO-FIM="1996" NOME-DO-PROJETO="Marcador automático de misturas negras" SITUACAO="CONCLUIDO" NATUREZA="DESENVOLVIMENTO" NUMERO-GRADUACAO="" NUMERO-ESPECIALIZACAO="" NUMERO-MESTRADO-ACADEMICO="" NUMERO-MESTRADO-PROF="" NUMERO-DOUTORADO="" DESCRICAO-DO-PROJETO="A partir do marcador de fabricação IMAJE, modelo Jaime 1000, desenvolvimento do protócologo em rede de transmissão RS422, associado a família PLC 5 da Allen Bradley, o qual permite a identificação correta e marcação das misturas negras em exato sincronismo com o cadenciamento de produção." DESCRICAO-DO-PROJETO-INGLES="" NOME-DO-PROJETO-INGLES="" FLAG-POTENCIAL-INOVACAO="NAO" FLAG-PROJETO-CERTIFICADO="nao" FORMATO-DATA-CERTIFICACAO="DDMMAAAA" NUMERO_TECNICO_NIVEL_MEDIO=""><EQUIPE-DO-PROJETO><INTEGRANTES-DO-PROJETO NOME-COMPLETO="Edson de Jesus Filho" NOME-PARA-CITACAO="JESUS FILHO, E." ORDEM-DE-INTEGRACAO="1" FLAG-RESPONSAVEL="SIM"/></EQUIPE-DO-PROJETO></PROJETO-DE-PESQUISA><PROJETO-DE-PESQUISA SEQUENCIA-PROJETO="2" ANO-INICIO="1995" ANO-FIM="1996" NOME-DO-PROJETO="Marcador automático para amostras de misturas negras" SITUACAO="CONCLUIDO" NATUREZA="DESENVOLVIMENTO" NUMERO-GRADUACAO="" NUMERO-ESPECIALIZACAO="" NUMERO-MESTRADO-ACADEMICO="" NUMERO-MESTRADO-PROF="" NUMERO-DOUTORADO="" DESCRICAO-DO-PROJETO="A partir do marcador de fabricação IMAJE, modelo Jaime 1000, desenvolvimento do protócologo em rede de transmissão RS422, associado a família PLC 5 da Allen Bradley, o qual permite a identificação correta e marcação de amostras (5) das misturas negras em exato sincronismo com o cadenciamento de produção." DESCRICAO-DO-PROJETO-INGLES="" NOME-DO-PROJETO-INGLES="" FLAG-POTENCIAL-INOVACAO="NAO" FLAG-PROJETO-CERTIFICADO="nao" FORMATO-DATA-CERTIFICACAO="DDMMAAAA" NUMERO_TECNICO_NIVEL_MEDIO=""><EQUIPE-DO-PROJETO><INTEGRANTES-DO-PROJETO NOME-COMPLETO="Edson de Jesus Filho" NOME-PARA-CITACAO="JESUS FILHO, E." ORDEM-DE-INTEGRACAO="1" FLAG-RESPONSAVEL="SIM"/></EQUIPE-DO-PROJETO></PROJETO-DE-PESQUISA></PARTICIPACAO-EM-PROJETO></ATIVIDADES-DE-PARTICIPACAO-EM-PROJETO><atividadesProfissionaisPlanificadas/></ATUACAO-PROFISSIONAL><ATUACAO-PROFISSIONAL CODIGO-INSTITUICAO="454100000007" NOME-INSTITUICAO="Centro Universitário de Volta Redonda" SEQUENCIA-ATIVIDADE="4" SEQUENCIA-IMPORTANCIA=""><VINCULOS SEQUENCIA-HISTORICO="1" TIPO-DE-VINCULO="PROFESSOR_VISITANTE" ENQUADRAMENTO-FUNCIONAL="LIVRE" CARGA-HORARIA-SEMANAL="" FLAG-DEDICACAO-EXCLUSIVA="NAO" MES-INICIO="02" ANO-INICIO="2010" MES-FIM="" ANO-FIM="" OUTRAS-INFORMACOES="" FLAG-VINCULO-EMPREGATICIO="SIM" OUTRO-VINCULO-INFORMADO="" OUTRO-ENQUADRAMENTO-FUNCIONAL-INFORMADO="Pós Graduação Eng. Manutenção" OUTRO-ENQUADRAMENTO-FUNCIONAL-INFORMADO-INGLES="" OUTRAS-INFORMACOES-INGLES=""/><atividadesProfissionaisPlanificadas/></ATUACAO-PROFISSIONAL><ATUACAO-PROFISSIONAL CODIGO-INSTITUICAO="201900000008" NOME-INSTITUICAO="Centro Universitário Augusto Motta" SEQUENCIA-ATIVIDADE="5" SEQUENCIA-IMPORTANCIA=""><VINCULOS SEQUENCIA-HISTORICO="1" TIPO-DE-VINCULO="PROFESSOR_VISITANTE" ENQUADRAMENTO-FUNCIONAL="LIVRE" CARGA-HORARIA-SEMANAL="11" FLAG-DEDICACAO-EXCLUSIVA="NAO" MES-INICIO="10" ANO-INICIO="2013" MES-FIM="" ANO-FIM="" OUTRAS-INFORMACOES="" FLAG-VINCULO-EMPREGATICIO="SIM" OUTRO-VINCULO-INFORMADO="" OUTRO-ENQUADRAMENTO-FUNCIONAL-INFORMADO="docente" OUTRO-ENQUADRAMENTO-FUNCIONAL-INFORMADO-INGLES="" OUTRAS-INFORMACOES-INGLES=""/><atividadesProfissionaisPlanificadas/></ATUACAO-PROFISSIONAL></ATUACOES-PROFISSIONAIS><AREAS-DE-ATUACAO><AREA-DE-ATUACAO SEQUENCIA-AREA-DE-ATUACAO="1" NOME-GRANDE-AREA-DO-CONHECIMENTO="ENGENHARIAS" NOME-DA-AREA-DO-CONHECIMENTO="Engenharia Elétrica" NOME-DA-SUB-AREA-DO-CONHECIMENTO="Materiais Elétricos" NOME-DA-ESPECIALIDADE="Materiais Dielétricos, Piezoelétricos e Ferroelétricos"/></AREAS-DE-ATUACAO><IDIOMAS><IDIOMA IDIOMA="FR" DESCRICAO-DO-IDIOMA="Francês" PROFICIENCIA-DE-LEITURA="BEM" PROFICIENCIA-DE-FALA="BEM" PROFICIENCIA-DE-ESCRITA="RAZOAVELMENTE" PROFICIENCIA-DE-COMPREENSAO="BEM"/><IDIOMA IDIOMA="EN" DESCRICAO-DO-IDIOMA="Inglês" PROFICIENCIA-DE-LEITURA="RAZOAVELMENTE" PROFICIENCIA-DE-FALA="RAZOAVELMENTE" PROFICIENCIA-DE-ESCRITA="RAZOAVELMENTE" PROFICIENCIA-DE-COMPREENSAO="RAZOAVELMENTE"/><IDIOMA IDIOMA="PT" DESCRICAO-DO-IDIOMA="Português" PROFICIENCIA-DE-LEITURA="BEM" PROFICIENCIA-DE-FALA="BEM" PROFICIENCIA-DE-ESCRITA="BEM" PROFICIENCIA-DE-COMPREENSAO="BEM"/></IDIOMAS><staValidado/><dataExibicao/><dadosBolsista/></DADOS-GERAIS><PRODUCAO-TECNICA><DEMAIS-TIPOS-DE-PRODUCAO-TECNICA><APRESENTACAO-DE-TRABALHO SEQUENCIA-PRODUCAO="1"><DADOS-BASICOS-DA-APRESENTACAO-DE-TRABALHO NATUREZA="CONGRESSO" TITULO="Triplé CRM (capacitação, responsabilização e método) como ferramenta de sucesso na manutenção (autor do trabalho)." ANO="2009" PAIS="Brasil" IDIOMA="Português" FLAG-RELEVANCIA="SIM" TITULO-INGLES="" FLAG-DIVULGACAO-CIENTIFICA="SIM"/><DETALHAMENTO-DA-APRESENTACAO-DE-TRABALHO NOME-DO-EVENTO="2009   24.º Congresso Brasileiro de Manutenção." INSTITUICAO-PROMOTORA="Associação Brasileira de Manutenção - ABRAMAN" LOCAL-DA-APRESENTACAO="Pernambuco" CIDADE-DA-APRESENTACAO="Recife" NOME-DO-EVENTO-INGLES=""/><AUTORES NOME-COMPLETO-DO-AUTOR="Wagner Luiz Pereira" NOME-PARA-CITACAO="PEREIRA, W. L." ORDEM-DE-AUTORIA="2" NRO-ID-CNPQ=""/><AUTORES NOME-COMPLETO-DO-AUTOR="Edson de Jesus Filho" NOME-PARA-CITACAO="JESUS FILHO, E." ORDEM-DE-AUTORIA="1"/><INFORMACOES-ADICIONAIS DESCRICAO-INFORMACOES-ADICIONAIS="" DESCRICAO-INFORMACOES-ADICIONAIS-INGLES=""/></APRESENTACAO-DE-TRABALHO><APRESENTACAO-DE-TRABALHO SEQUENCIA-PRODUCAO="2"><DADOS-BASICOS-DA-APRESENTACAO-DE-TRABALHO NATUREZA="CONGRESSO" TITULO="Triplé CRM (capacitação, responsabilização e método) como ferramenta de sucesso na manutenção (autor do trabalho)." ANO="2010" PAIS="Brasil" IDIOMA="Português" FLAG-RELEVANCIA="SIM" TITULO-INGLES="" FLAG-DIVULGACAO-CIENTIFICA="SIM"/><DETALHAMENTO-DA-APRESENTACAO-DE-TRABALHO NOME-DO-EVENTO="2010   Congresso Internacional de Manutenção." INSTITUICAO-PROMOTORA="Universidade e Fundação Oswaldo Aranha   UNIFOA" LOCAL-DA-APRESENTACAO="Rio de Janeiro" CIDADE-DA-APRESENTACAO="Volta Redonda" NOME-DO-EVENTO-INGLES=""/><AUTORES NOME-COMPLETO-DO-AUTOR="Wagner Luiz Pereira" NOME-PARA-CITACAO="PEREIRA, W. L." ORDEM-DE-AUTORIA="2" NRO-ID-CNPQ=""/><AUTORES NOME-COMPLETO-DO-AUTOR="Edson de Jesus Filho" NOME-PARA-CITACAO="JESUS FILHO, E." ORDEM-DE-AUTORIA="1"/><INFORMACOES-ADICIONAIS DESCRICAO-INFORMACOES-ADICIONAIS="" DESCRICAO-INFORMACOES-ADICIONAIS-INGLES=""/></APRESENTACAO-DE-TRABALHO><CURSO-DE-CURTA-DURACAO-MINISTRADO SEQUENCIA-PRODUCAO="7"><DADOS-BASICOS-DE-CURSOS-CURTA-DURACAO-MINISTRADO NIVEL-DO-CURSO="EXTENSAO" TITULO="Manutenção Preditiva - 1.º Semestre" ANO="2011" PAIS="Brasil" IDIOMA="Português" MEIO-DE-DIVULGACAO="VARIOS" HOME-PAGE-DO-TRABALHO="" FLAG-RELEVANCIA="NAO" DOI="" TITULO-INGLES="" FLAG-DIVULGACAO-CIENTIFICA="SIM"/><DETALHAMENTO-DE-CURSOS-CURTA-DURACAO-MINISTRADO PARTICIPACAO-DOS-AUTORES="DOCENTE" INSTITUICAO-PROMOTORA-DO-CURSO="Universidade e Fundação Oswaldo Aranha   UNIFOA" LOCAL-DO-CURSO="Rio de Janeiro" CIDADE="Volta Redonda" DURACAO="16" UNIDADE="horas" UNIDADE-INGLES=""/><AUTORES NOME-COMPLETO-DO-AUTOR="Edson de Jesus Filho" NOME-PARA-CITACAO="JESUS FILHO, E." ORDEM-DE-AUTORIA="1"/><INFORMACOES-ADICIONAIS DESCRICAO-INFORMACOES-ADICIONAIS="" DESCRICAO-INFORMACOES-ADICIONAIS-INGLES=""/></CURSO-DE-CURTA-DURACAO-MINISTRADO><CURSO-DE-CURTA-DURACAO-MINISTRADO SEQUENCIA-PRODUCAO="8"><DADOS-BASICOS-DE-CURSOS-CURTA-DURACAO-MINISTRADO NIVEL-DO-CURSO="EXTENSAO" TITULO="Manutenção Preditiva - 2.º Semestre" ANO="2011" PAIS="Brasil" IDIOMA="Português" MEIO-DE-DIVULGACAO="VARIOS" HOME-PAGE-DO-TRABALHO="" FLAG-RELEVANCIA="NAO" DOI="" TITULO-INGLES="" FLAG-DIVULGACAO-CIENTIFICA="SIM"/><DETALHAMENTO-DE-CURSOS-CURTA-DURACAO-MINISTRADO PARTICIPACAO-DOS-AUTORES="DOCENTE" INSTITUICAO-PROMOTORA-DO-CURSO="Universidade e Fundação Oswaldo Aranha   UNIFOA" LOCAL-DO-CURSO="Rio de Janeiro" CIDADE="Volta Redonda" DURACAO="16" UNIDADE="horas" UNIDADE-INGLES=""/><AUTORES NOME-COMPLETO-DO-AUTOR="Edson de Jesus Filho" NOME-PARA-CITACAO="JESUS FILHO, E." ORDEM-DE-AUTORIA="1"/><INFORMACOES-ADICIONAIS DESCRICAO-INFORMACOES-ADICIONAIS="" DESCRICAO-INFORMACOES-ADICIONAIS-INGLES=""/></CURSO-DE-CURTA-DURACAO-MINISTRADO><CURSO-DE-CURTA-DURACAO-MINISTRADO SEQUENCIA-PRODUCAO="9"><DADOS-BASICOS-DE-CURSOS-CURTA-DURACAO-MINISTRADO NIVEL-DO-CURSO="EXTENSAO" TITULO="Manutenção Preditiva - 1.º Semestre" ANO="2012" PAIS="Brasil" IDIOMA="Português" MEIO-DE-DIVULGACAO="VARIOS" HOME-PAGE-DO-TRABALHO="" FLAG-RELEVANCIA="NAO" DOI="" TITULO-INGLES="" FLAG-DIVULGACAO-CIENTIFICA="SIM"/><DETALHAMENTO-DE-CURSOS-CURTA-DURACAO-MINISTRADO PARTICIPACAO-DOS-AUTORES="DOCENTE" INSTITUICAO-PROMOTORA-DO-CURSO="Universidade e Fundação Oswaldo Aranha   UNIFOA" LOCAL-DO-CURSO="Rio de Janeiro" CIDADE="Volta Redonda" DURACAO="16" UNIDADE="horas" UNIDADE-INGLES=""/><AUTORES NOME-COMPLETO-DO-AUTOR="Edson de Jesus Filho" NOME-PARA-CITACAO="JESUS FILHO, E." ORDEM-DE-AUTORIA="1"/><INFORMACOES-ADICIONAIS DESCRICAO-INFORMACOES-ADICIONAIS="" DESCRICAO-INFORMACOES-ADICIONAIS-INGLES=""/></CURSO-DE-CURTA-DURACAO-MINISTRADO><CURSO-DE-CURTA-DURACAO-MINISTRADO SEQUENCIA-PRODUCAO="10"><DADOS-BASICOS-DE-CURSOS-CURTA-DURACAO-MINISTRADO NIVEL-DO-CURSO="EXTENSAO" TITULO="MASP - Método de Resolução de Problemas - 1.º Semestre" ANO="2011" PAIS="Brasil" IDIOMA="Português" MEIO-DE-DIVULGACAO="VARIOS" HOME-PAGE-DO-TRABALHO="" FLAG-RELEVANCIA="NAO" DOI="" TITULO-INGLES="" FLAG-DIVULGACAO-CIENTIFICA="SIM"/><DETALHAMENTO-DE-CURSOS-CURTA-DURACAO-MINISTRADO PARTICIPACAO-DOS-AUTORES="DOCENTE" INSTITUICAO-PROMOTORA-DO-CURSO="Universidade e Fundação Oswaldo Aranha   UNIFOA" LOCAL-DO-CURSO="Rio de Janeiro" CIDADE="Volta Redonda" DURACAO="8" UNIDADE="horas" UNIDADE-INGLES=""/><AUTORES NOME-COMPLETO-DO-AUTOR="Edson de Jesus Filho" NOME-PARA-CITACAO="JESUS FILHO, E." ORDEM-DE-AUTORIA="1"/><INFORMACOES-ADICIONAIS DESCRICAO-INFORMACOES-ADICIONAIS="" DESCRICAO-INFORMACOES-ADICIONAIS-INGLES=""/></CURSO-DE-CURTA-DURACAO-MINISTRADO><CURSO-DE-CURTA-DURACAO-MINISTRADO SEQUENCIA-PRODUCAO="11"><DADOS-BASICOS-DE-CURSOS-CURTA-DURACAO-MINISTRADO NIVEL-DO-CURSO="EXTENSAO" TITULO="MASP - Método de Resolução de Problemas - 2.º Semestre" ANO="2011" PAIS="Brasil" IDIOMA="Português" MEIO-DE-DIVULGACAO="VARIOS" HOME-PAGE-DO-TRABALHO="" FLAG-RELEVANCIA="NAO" DOI="" TITULO-INGLES="" FLAG-DIVULGACAO-CIENTIFICA="SIM"/><DETALHAMENTO-DE-CURSOS-CURTA-DURACAO-MINISTRADO PARTICIPACAO-DOS-AUTORES="DOCENTE" INSTITUICAO-PROMOTORA-DO-CURSO="Universidade e Fundação Oswaldo Aranha   UNIFOA" LOCAL-DO-CURSO="Rio de Janeiro" CIDADE="Volta Redonda" DURACAO="8" UNIDADE="horas" UNIDADE-INGLES=""/><AUTORES NOME-COMPLETO-DO-AUTOR="Edson de Jesus Filho" NOME-PARA-CITACAO="JESUS FILHO, E." ORDEM-DE-AUTORIA="1"/><INFORMACOES-ADICIONAIS DESCRICAO-INFORMACOES-ADICIONAIS="" DESCRICAO-INFORMACOES-ADICIONAIS-INGLES=""/></CURSO-DE-CURTA-DURACAO-MINISTRADO><CURSO-DE-CURTA-DURACAO-MINISTRADO SEQUENCIA-PRODUCAO="12"><DADOS-BASICOS-DE-CURSOS-CURTA-DURACAO-MINISTRADO NIVEL-DO-CURSO="EXTENSAO" TITULO="MASP - Método de Resolução de Problemas - 1.º Semestre" ANO="2012" PAIS="Brasil" IDIOMA="Português" MEIO-DE-DIVULGACAO="VARIOS" HOME-PAGE-DO-TRABALHO="" FLAG-RELEVANCIA="NAO" DOI="" TITULO-INGLES="" FLAG-DIVULGACAO-CIENTIFICA="SIM"/><DETALHAMENTO-DE-CURSOS-CURTA-DURACAO-MINISTRADO PARTICIPACAO-DOS-AUTORES="DOCENTE" INSTITUICAO-PROMOTORA-DO-CURSO="Universidade e Fundação Oswaldo Aranha   UNIFOA" LOCAL-DO-CURSO="Rio de Janeiro" CIDADE="Volta Redonda" DURACAO="8" UNIDADE="horas" UNIDADE-INGLES=""/><AUTORES NOME-COMPLETO-DO-AUTOR="Edson de Jesus Filho" NOME-PARA-CITACAO="JESUS FILHO, E." ORDEM-DE-AUTORIA="1"/><INFORMACOES-ADICIONAIS DESCRICAO-INFORMACOES-ADICIONAIS="" DESCRICAO-INFORMACOES-ADICIONAIS-INGLES=""/></CURSO-DE-CURTA-DURACAO-MINISTRADO><CURSO-DE-CURTA-DURACAO-MINISTRADO SEQUENCIA-PRODUCAO="13"><DADOS-BASICOS-DE-CURSOS-CURTA-DURACAO-MINISTRADO NIVEL-DO-CURSO="EXTENSAO" TITULO="MASP - Método de Resolução de Problemas - 2.º Semestre" ANO="2012" PAIS="Brasil" IDIOMA="Português" MEIO-DE-DIVULGACAO="VARIOS" HOME-PAGE-DO-TRABALHO="" FLAG-RELEVANCIA="NAO" DOI="" TITULO-INGLES="" FLAG-DIVULGACAO-CIENTIFICA="SIM"/><DETALHAMENTO-DE-CURSOS-CURTA-DURACAO-MINISTRADO PARTICIPACAO-DOS-AUTORES="DOCENTE" INSTITUICAO-PROMOTORA-DO-CURSO="Universidade e Fundação Oswaldo Aranha   UNIFOA" LOCAL-DO-CURSO="Rio de Janeiro" CIDADE="Volta Redonda" DURACAO="8" UNIDADE="horas" UNIDADE-INGLES=""/><AUTORES NOME-COMPLETO-DO-AUTOR="Edson de Jesus Filho" NOME-PARA-CITACAO="JESUS FILHO, E." ORDEM-DE-AUTORIA="1"/><INFORMACOES-ADICIONAIS DESCRICAO-INFORMACOES-ADICIONAIS="" DESCRICAO-INFORMACOES-ADICIONAIS-INGLES=""/></CURSO-DE-CURTA-DURACAO-MINISTRADO><CURSO-DE-CURTA-DURACAO-MINISTRADO SEQUENCIA-PRODUCAO="14"><DADOS-BASICOS-DE-CURSOS-CURTA-DURACAO-MINISTRADO NIVEL-DO-CURSO="EXTENSAO" TITULO="Manutenção Preditiva - 2.º Semestre" ANO="2012" PAIS="Brasil" IDIOMA="Português" MEIO-DE-DIVULGACAO="VARIOS" HOME-PAGE-DO-TRABALHO="" FLAG-RELEVANCIA="NAO" DOI="" TITULO-INGLES="" FLAG-DIVULGACAO-CIENTIFICA="SIM"/><DETALHAMENTO-DE-CURSOS-CURTA-DURACAO-MINISTRADO PARTICIPACAO-DOS-AUTORES="DOCENTE" INSTITUICAO-PROMOTORA-DO-CURSO="Universidade e Fundação Oswaldo Aranha   UNIFOA" LOCAL-DO-CURSO="Rio de Janeiro" CIDADE="Volta Redonda" DURACAO="16" UNIDADE="horas" UNIDADE-INGLES=""/><AUTORES NOME-COMPLETO-DO-AUTOR="Edson de Jesus Filho" NOME-PARA-CITACAO="JESUS FILHO, E." ORDEM-DE-AUTORIA="1"/><INFORMACOES-ADICIONAIS DESCRICAO-INFORMACOES-ADICIONAIS="" DESCRICAO-INFORMACOES-ADICIONAIS-INGLES=""/></CURSO-DE-CURTA-DURACAO-MINISTRADO></DEMAIS-TIPOS-DE-PRODUCAO-TECNICA></PRODUCAO-TECNICA><DADOS-COMPLEMENTARES><FORMACAO-COMPLEMENTAR><FORMACAO-COMPLEMENTAR-DE-EXTENSAO-UNIVERSITARIA SEQUENCIA-FORMACAO="4" NIVEL="8" CARGA-HORARIA="400" CODIGO-INSTITUICAO="454100000007" NOME-INSTITUICAO="Centro Universitário de Volta Redonda" CODIGO-CURSO="90000003" NOME-CURSO="Mestrado de Materiais" STATUS-DO-CURSO="EM_ANDAMENTO" ANO-DE-INICIO="2013" ANO-DE-CONCLUSAO="" NOME-CURSO-INGLES=""/><MBA SEQUENCIA-FORMACAO="2" NIVEL="E" CARGA-HORARIA="400" CODIGO-INSTITUICAO="" NOME-INSTITUICAO="Universidade Federal do Rio de Janeiro - Coppead" CODIGO-CURSO="90000000" NOME-CURSO="MBA de Logística" STATUS-DO-CURSO="CONCLUIDO" ANO-DE-INICIO="2005" ANO-DE-CONCLUSAO="2006" ANO-DE-OBTENCAO-DO-TITULO="" FLAG-BOLSA="NAO" CODIGO-AGENCIA-FINANCIADORA="" NOME-AGENCIA="" TITULO-DA-MONOGRAFIA="Maximização de Espaço em Armazéns - &amp;quot;Wharehouse&amp;quot;" NOME-COMPLETO-DO-ORIENTADOR="D.Sc Kleber Figueiredo" NOME-CURSO-INGLES=""/><MBA SEQUENCIA-FORMACAO="3" NIVEL="E" CARGA-HORARIA="400" CODIGO-INSTITUICAO="020200000009" NOME-INSTITUICAO="Universidade Federal do Rio de Janeiro" CODIGO-CURSO="90000001" NOME-CURSO="Engenharia de Manutenção" STATUS-DO-CURSO="CONCLUIDO" ANO-DE-INICIO="2007" ANO-DE-CONCLUSAO="2008" ANO-DE-OBTENCAO-DO-TITULO="" FLAG-BOLSA="NAO" CODIGO-AGENCIA-FINANCIADORA="" NOME-AGENCIA="" TITULO-DA-MONOGRAFIA="" NOME-COMPLETO-DO-ORIENTADOR="" NOME-CURSO-INGLES=""/><formacoesComplementaresPlana/></FORMACAO-COMPLEMENTAR><PARTICIPACAO-EM-BANCA-JULGADORA><BANCA-JULGADORA-PARA-PROFESSOR-TITULAR SEQUENCIA-PRODUCAO="4"><DADOS-BASICOS-DA-BANCA-JULGADORA-PARA-PROFESSOR-TITULAR NATUREZA="Professor titular" TITULO="Trabalhos de Final de Curso - Pós-Grad. Engenharia Manutenção" ANO="2011" PAIS="Brasil" IDIOMA="Português" HOME-PAGE="" DOI="" TITULO-INGLES=""/><DETALHAMENTO-DA-BANCA-JULGADORA-PARA-PROFESSOR-TITULAR CODIGO-INSTITUICAO="454100000007" NOME-INSTITUICAO="Centro Universitário de Volta Redonda"/><PARTICIPANTE-BANCA NOME-COMPLETO-DO-PARTICIPANTE-DA-BANCA="Luis de Farias Kelly" NOME-PARA-CITACAO-DO-PARTICIPANTE-DA-BANCA="KELLY, L. F." ORDEM-PARTICIPANTE="2" NRO-ID-CNPQ=""/><PARTICIPANTE-BANCA NOME-COMPLETO-DO-PARTICIPANTE-DA-BANCA="Alexandre Palmeira" NOME-PARA-CITACAO-DO-PARTICIPANTE-DA-BANCA="PALMEIRA, A." ORDEM-PARTICIPANTE="3" NRO-ID-CNPQ=""/><PARTICIPANTE-BANCA NOME-COMPLETO-DO-PARTICIPANTE-DA-BANCA="José Camilo Savelli" NOME-PARA-CITACAO-DO-PARTICIPANTE-DA-BANCA="SAVELLI, J. C." ORDEM-PARTICIPANTE="4" NRO-ID-CNPQ=""/><PARTICIPANTE-BANCA NOME-COMPLETO-DO-PARTICIPANTE-DA-BANCA="Edson de Jesus Filho" NOME-PARA-CITACAO-DO-PARTICIPANTE-DA-BANCA="JESUS FILHO, E." ORDEM-PARTICIPANTE="1"/><INFORMACOES-ADICIONAIS DESCRICAO-INFORMACOES-ADICIONAIS="" DESCRICAO-INFORMACOES-ADICIONAIS-INGLES=""/></BANCA-JULGADORA-PARA-PROFESSOR-TITULAR><BANCA-JULGADORA-PARA-PROFESSOR-TITULAR SEQUENCIA-PRODUCAO="5"><DADOS-BASICOS-DA-BANCA-JULGADORA-PARA-PROFESSOR-TITULAR NATUREZA="Professor titular" TITULO="Trabalhos de Final de Curso - Pós-Grad. Engenharia Manutenção" ANO="2011" PAIS="Brasil" IDIOMA="Português" HOME-PAGE="" DOI="" TITULO-INGLES=""/><DETALHAMENTO-DA-BANCA-JULGADORA-PARA-PROFESSOR-TITULAR CODIGO-INSTITUICAO="454100000007" NOME-INSTITUICAO="Centro Universitário de Volta Redonda"/><PARTICIPANTE-BANCA NOME-COMPLETO-DO-PARTICIPANTE-DA-BANCA="Luis de Farias Kelly" NOME-PARA-CITACAO-DO-PARTICIPANTE-DA-BANCA="KELLY, L. F." ORDEM-PARTICIPANTE="2" NRO-ID-CNPQ=""/><PARTICIPANTE-BANCA NOME-COMPLETO-DO-PARTICIPANTE-DA-BANCA="Alexandre Palmeira" NOME-PARA-CITACAO-DO-PARTICIPANTE-DA-BANCA="PALMEIRA, A." ORDEM-PARTICIPANTE="3" NRO-ID-CNPQ=""/><PARTICIPANTE-BANCA NOME-COMPLETO-DO-PARTICIPANTE-DA-BANCA="José Camilo Savelli" NOME-PARA-CITACAO-DO-PARTICIPANTE-DA-BANCA="SAVELLI, J. C." ORDEM-PARTICIPANTE="4" NRO-ID-CNPQ=""/><PARTICIPANTE-BANCA NOME-COMPLETO-DO-PARTICIPANTE-DA-BANCA="Edson de Jesus Filho" NOME-PARA-CITACAO-DO-PARTICIPANTE-DA-BANCA="JESUS FILHO, E." ORDEM-PARTICIPANTE="1"/><INFORMACOES-ADICIONAIS DESCRICAO-INFORMACOES-ADICIONAIS="" DESCRICAO-INFORMACOES-ADICIONAIS-INGLES=""/></BANCA-JULGADORA-PARA-PROFESSOR-TITULAR><BANCA-JULGADORA-PARA-PROFESSOR-TITULAR SEQUENCIA-PRODUCAO="6"><DADOS-BASICOS-DA-BANCA-JULGADORA-PARA-PROFESSOR-TITULAR NATUREZA="Professor titular" TITULO="Trabalhos de Final de Curso - Pós-Grad. Engenharia Manutenção" ANO="2012" PAIS="Brasil" IDIOMA="Português" HOME-PAGE="" DOI="" TITULO-INGLES=""/><DETALHAMENTO-DA-BANCA-JULGADORA-PARA-PROFESSOR-TITULAR CODIGO-INSTITUICAO="454100000007" NOME-INSTITUICAO="Centro Universitário de Volta Redonda"/><PARTICIPANTE-BANCA NOME-COMPLETO-DO-PARTICIPANTE-DA-BANCA="Luis de Farias Kelly" NOME-PARA-CITACAO-DO-PARTICIPANTE-DA-BANCA="KELLY, L. F." ORDEM-PARTICIPANTE="2" NRO-ID-CNPQ=""/><PARTICIPANTE-BANCA NOME-COMPLETO-DO-PARTICIPANTE-DA-BANCA="Flavio Costa" NOME-PARA-CITACAO-DO-PARTICIPANTE-DA-BANCA="COSTA, F." ORDEM-PARTICIPANTE="3" NRO-ID-CNPQ=""/><PARTICIPANTE-BANCA NOME-COMPLETO-DO-PARTICIPANTE-DA-BANCA="Alexandre Palmeira" NOME-PARA-CITACAO-DO-PARTICIPANTE-DA-BANCA="PALMEIRA, A." ORDEM-PARTICIPANTE="4" NRO-ID-CNPQ=""/><PARTICIPANTE-BANCA NOME-COMPLETO-DO-PARTICIPANTE-DA-BANCA="Edson de Jesus Filho" NOME-PARA-CITACAO-DO-PARTICIPANTE-DA-BANCA="JESUS FILHO, E." ORDEM-PARTICIPANTE="1"/><INFORMACOES-ADICIONAIS DESCRICAO-INFORMACOES-ADICIONAIS="" DESCRICAO-INFORMACOES-ADICIONAIS-INGLES=""/></BANCA-JULGADORA-PARA-PROFESSOR-TITULAR><OUTRAS-BANCAS-JULGADORAS SEQUENCIA-PRODUCAO="3"><DADOS-BASICOS-DE-OUTRAS-BANCAS-JULGADORAS TIPO="" NATUREZA="Outra" TITULO="Trabalhos de Final de Curso - Pós-Grad. Engenharia Manutenção" ANO="2010" PAIS="Brasil" IDIOMA="Português" HOME-PAGE="" DOI="" TITULO-INGLES="" TIPO-INGLES=""/><DETALHAMENTO-DE-OUTRAS-BANCAS-JULGADORAS CODIGO-INSTITUICAO="454100000007" NOME-INSTITUICAO="Centro Universitário de Volta Redonda"/><PARTICIPANTE-BANCA NOME-COMPLETO-DO-PARTICIPANTE-DA-BANCA="Luis de Farias Kelly" NOME-PARA-CITACAO-DO-PARTICIPANTE-DA-BANCA="KELLY, L. F." ORDEM-PARTICIPANTE="2" NRO-ID-CNPQ=""/><PARTICIPANTE-BANCA NOME-COMPLETO-DO-PARTICIPANTE-DA-BANCA="Alexandre Palmeira" NOME-PARA-CITACAO-DO-PARTICIPANTE-DA-BANCA="PALMEIRA, A." ORDEM-PARTICIPANTE="3" NRO-ID-CNPQ=""/><PARTICIPANTE-BANCA NOME-COMPLETO-DO-PARTICIPANTE-DA-BANCA="Ighor Lonsdon" NOME-PARA-CITACAO-DO-PARTICIPANTE-DA-BANCA="LONSDON, I." ORDEM-PARTICIPANTE="4" NRO-ID-CNPQ=""/><PARTICIPANTE-BANCA NOME-COMPLETO-DO-PARTICIPANTE-DA-BANCA="José Camilo Savelli" NOME-PARA-CITACAO-DO-PARTICIPANTE-DA-BANCA="SAVELLI, J. C." ORDEM-PARTICIPANTE="5" NRO-ID-CNPQ=""/><PARTICIPANTE-BANCA NOME-COMPLETO-DO-PARTICIPANTE-DA-BANCA="Edson de Jesus Filho" NOME-PARA-CITACAO-DO-PARTICIPANTE-DA-BANCA="JESUS FILHO, E." ORDEM-PARTICIPANTE="1"/><INFORMACOES-ADICIONAIS DESCRICAO-INFORMACOES-ADICIONAIS="" DESCRICAO-INFORMACOES-ADICIONAIS-INGLES=""/></OUTRAS-BANCAS-JULGADORAS></PARTICIPACAO-EM-BANCA-JULGADORA><INFORMACOES-ADICIONAIS-INSTITUICOES><INFORMACAO-ADICIONAL-INSTITUICAO CODIGO-INSTITUICAO="000100000991" SIGLA-INSTITUICAO="COPPEAD" SIGLA-UF-INSTITUICAO="RJ" SIGLA-PAIS-INSTITUICAO="BRA" NOME-PAIS-INSTITUICAO="Brasil" FLAG-AGENCIA-FOMENTO="NAO" FLAG-INSTITUICAO-DE-ENSINO="NAO"/><INFORMACAO-ADICIONAL-INSTITUICAO CODIGO-INSTITUICAO="000200000993" SIGLA-INSTITUICAO="SBM" SIGLA-UF-INSTITUICAO="RJ" SIGLA-PAIS-INSTITUICAO="BRA" NOME-PAIS-INSTITUICAO="Brasil" FLAG-AGENCIA-FOMENTO="NAO" FLAG-INSTITUICAO-DE-ENSINO="NAO"/><INFORMACAO-ADICIONAL-INSTITUICAO CODIGO-INSTITUICAO="000300000995" SIGLA-INSTITUICAO="MFPM" SIGLA-UF-INSTITUICAO="" SIGLA-PAIS-INSTITUICAO="FRA" NOME-PAIS-INSTITUICAO="França" FLAG-AGENCIA-FOMENTO="NAO" FLAG-INSTITUICAO-DE-ENSINO="NAO"/><INFORMACAO-ADICIONAL-INSTITUICAO CODIGO-INSTITUICAO="020200000009" SIGLA-INSTITUICAO="UFRJ" SIGLA-UF-INSTITUICAO="RJ" SIGLA-PAIS-INSTITUICAO="BRA" NOME-PAIS-INSTITUICAO="Brasil" FLAG-AGENCIA-FOMENTO="NAO" FLAG-INSTITUICAO-DE-ENSINO="SIM"/><INFORMACAO-ADICIONAL-INSTITUICAO CODIGO-INSTITUICAO="081200000000" SIGLA-INSTITUICAO="UGF" SIGLA-UF-INSTITUICAO="RJ" SIGLA-PAIS-INSTITUICAO="BRA" NOME-PAIS-INSTITUICAO="Brasil" FLAG-AGENCIA-FOMENTO="NAO" FLAG-INSTITUICAO-DE-ENSINO="SIM"/><INFORMACAO-ADICIONAL-INSTITUICAO CODIGO-INSTITUICAO="201900000008" SIGLA-INSTITUICAO="UNISUAM" SIGLA-UF-INSTITUICAO="RJ" SIGLA-PAIS-INSTITUICAO="BRA" NOME-PAIS-INSTITUICAO="Brasil" FLAG-AGENCIA-FOMENTO="NAO" FLAG-INSTITUICAO-DE-ENSINO="SIM"/><INFORMACAO-ADICIONAL-INSTITUICAO CODIGO-INSTITUICAO="454100000007" SIGLA-INSTITUICAO="UniFOA" SIGLA-UF-INSTITUICAO="RJ" SIGLA-PAIS-INSTITUICAO="BRA" NOME-PAIS-INSTITUICAO="Brasil" FLAG-AGENCIA-FOMENTO="NAO" FLAG-INSTITUICAO-DE-ENSINO="SIM"/><INFORMACAO-ADICIONAL-INSTITUICAO CODIGO-INSTITUICAO="J6KE00000009" SIGLA-INSTITUICAO="MICHELIN" SIGLA-UF-INSTITUICAO="RJ" SIGLA-PAIS-INSTITUICAO="BRA" NOME-PAIS-INSTITUICAO="Brasil" FLAG-AGENCIA-FOMENTO="NAO" FLAG-INSTITUICAO-DE-ENSINO="NAO"/></INFORMACOES-ADICIONAIS-INSTITUICOES><INFORMACOES-ADICIONAIS-CURSOS><INFORMACAO-ADICIONAL-CURSO CODIGO-CURSO="60279362" CODIGO-ORGAO="" NOME-ORGAO="" CODIGO-INSTITUICAO="081200000000" NOME-INSTITUICAO="Universidade Gama Filho" NOME-GRANDE-AREA-DO-CONHECIMENTO="OUTROS" NOME-DA-AREA-DO-CONHECIMENTO="" NOME-DA-SUB-AREA-DO-CONHECIMENTO="" NOME-DA-ESPECIALIDADE="" NIVEL-CURSO="GRADUACAO"/><INFORMACAO-ADICIONAL-CURSO CODIGO-CURSO="90000000" CODIGO-ORGAO="" NOME-ORGAO="" CODIGO-INSTITUICAO="000100000991" NOME-INSTITUICAO="Universidade Federal do Rio de Janeiro - Coppead" NOME-GRANDE-AREA-DO-CONHECIMENTO="ENGENHARIAS" NOME-DA-AREA-DO-CONHECIMENTO="Engenharia de Produção" NOME-DA-SUB-AREA-DO-CONHECIMENTO="GERÊNCIA DE SUPRIMENTOS" NOME-DA-ESPECIALIDADE="" NIVEL-CURSO="ESPECIALIZACAO"/><INFORMACAO-ADICIONAL-CURSO CODIGO-CURSO="90000000" CODIGO-ORGAO="" NOME-ORGAO="" CODIGO-INSTITUICAO="000100000991" NOME-INSTITUICAO="Universidade Federal do Rio de Janeiro - Coppead" NOME-GRANDE-AREA-DO-CONHECIMENTO="OUTROS" NOME-DA-AREA-DO-CONHECIMENTO="" NOME-DA-SUB-AREA-DO-CONHECIMENTO="" NOME-DA-ESPECIALIDADE="" NIVEL-CURSO="ESPECIALIZACAO"/><INFORMACAO-ADICIONAL-CURSO CODIGO-CURSO="90000001" CODIGO-ORGAO="" NOME-ORGAO="" CODIGO-INSTITUICAO="020200000009" NOME-INSTITUICAO="Universidade Federal do Rio de Janeiro" NOME-GRANDE-AREA-DO-CONHECIMENTO="ENGENHARIAS" NOME-DA-AREA-DO-CONHECIMENTO="Engenharia Elétrica" NOME-DA-SUB-AREA-DO-CONHECIMENTO="MANUTENÇÃO INDUSTRIAL" NOME-DA-ESPECIALIDADE="" NIVEL-CURSO="ESPECIALIZACAO"/><INFORMACAO-ADICIONAL-CURSO CODIGO-CURSO="90000001" CODIGO-ORGAO="" NOME-ORGAO="" CODIGO-INSTITUICAO="020200000009" NOME-INSTITUICAO="Universidade Federal do Rio de Janeiro" NOME-GRANDE-AREA-DO-CONHECIMENTO="OUTROS" NOME-DA-AREA-DO-CONHECIMENTO="" NOME-DA-SUB-AREA-DO-CONHECIMENTO="" NOME-DA-ESPECIALIDADE="" NIVEL-CURSO="ESPECIALIZACAO"/></INFORMACOES-ADICIONAIS-CURSOS></DADOS-COMPLEMENTARES><eventos/></CURRICULO-VITAE>