<CURRICULO-VITAE SISTEMA-ORIGEM-XML="LATTES_OFFLINE" NUMERO-IDENTIFICADOR="2624923967171911" FORMATO-DATA-ATUALIZACAO="DDMMAAAA" DATA-ATUALIZACAO="30092015" FORMATO-HORA-ATUALIZACAO="HHMMSS" HORA-ATUALIZACAO="173425"><DADOS-GERAIS NOME-COMPLETO="Nilo Pinto da Silva Filho" NOME-EM-CITACOES-BIBLIOGRAFICAS="SILVA FILHO, N. P." NACIONALIDADE="B" PAIS-DE-NASCIMENTO="Brasil" FORMATO-DATA-DE-NASCIMENTO="DDMMAAAA" FORMATO-DATA-DE-EMISSAO="DDMMAAAA" PERMISSAO-DE-DIVULGACAO="NAO" DATA-FALECIMENTO="" SIGLA-PAIS-NACIONALIDADE="BRA" PAIS-DE-NACIONALIDADE="Brasil"><RESUMO-CV TEXTO-RESUMO-CV-RH="Ensino Médio no Colégio Naval (1977-1979). Bacharel em Ciências do Mar, na modalidade Mecânica, pela Escola Naval (1980-1983). Oficial da Marinha de Guerra, do Corpo de Fuzileiros Navais, tendo sido declarado Guarda Marinha em 1983, promovido a 2º Tenente em 1984, promovido a 1º Tenente em 1986 e promovido a Capitão Tenente em 1989. Foi transferido para a Reserva Remunerada ex-ofício, em 1993, no posto de Capitão Tenente. Possui o Curso de Comunicações Navais para Oficiais, do Centro de Instrução Alte Sylvio de Camargo (CIASC) (1985). Possui o Curso de Técnica de Ensino da Marinha, do Centro de Instrução Alte Wandenkolk (CIAW) (1986). Possui o Curso de Comunicações para Oficiais, do Centro de Instrução Alte Sylvio de Camargo (CIASC)  (1986).  Possui o Curso de Comunicações para Oficiais, da Escola de Comunicações do Exército (ESCOM) (1987). Licenciado em Matemática e Ciências, pela Universidade Celso Lisboa, no Rio de Janeiro (1985-1988). Possui o Curso de Aperfeiçoamento de Oficiais do Corpo de Fuzileiros Navais, do Centro de Instrução Alte Sylvio de Camargo (CIASC) (1991). Possui o Curso Básico da Escola de Guerra Naval (EGN) (1991). Pós Graduado Latu Sensu, em Administração Escolar, pelo Instituto Isabel, Rio de Janeiro (2005) Pós Graduado Latu Sensu, no nível Mestrado, pela UNIVERSIDADE AMERICANA DE ASSUNÇÃO (2010).  Pós Graduado Strictu Sensu, no nível Doutorado, pela UNIVERSIDADE AMERICANA DE ASSUNÇÃO (2013).  Professor de Matemática, por concurso, do Centro Federal de Educação Tecnológica Celso Suckow da Fonseca (CEFET/RJ), desde 1993.  Ex-professor, por concurso, do Colégio Naval, Angra dos Reis, Rio de Janeiro (2004-2008). Ex-professor de Matemática, por concurso, do Colégio Pedro II, (2009-2014).  Professor da rede particular de Ensino, nos ensinos Médio e Superior." TEXTO-RESUMO-CV-RH-EN="master's at  from UNIVERSIDADE AMERICANA DE ASSUNÇÃO (2010) and doctorate at CIÊNCIAS DA EDUCAÇÃO from UNIVERSIDADE AMERICANA DE ASSUNÇÃO (2013). Has experience in Education, focusing on Education"/><OUTRAS-INFORMACOES-RELEVANTES OUTRAS-INFORMACOES-RELEVANTES=""/><ENDERECO FLAG-DE-PREFERENCIA="ENDERECO_INSTITUCIONAL"><ENDERECO-PROFISSIONAL CODIGO-INSTITUICAO-EMPRESA="" NOME-INSTITUICAO-EMPRESA="" CODIGO-ORGAO="" NOME-ORGAO="" CODIGO-UNIDADE="" NOME-UNIDADE="" LOGRADOURO-COMPLEMENTO="" PAIS="" UF="" CEP="" CIDADE="" BAIRRO="" DDD="" TELEFONE="" RAMAL="" FAX="" E-MAIL="nilopintosilva@yahoo.com.br" HOME-PAGE=""/></ENDERECO><FORMACAO-ACADEMICA-TITULACAO><GRADUACAO SEQUENCIA-FORMACAO="4" NIVEL="1" TITULO-DO-TRABALHO-DE-CONCLUSAO-DE-CURSO="" NOME-DO-ORIENTADOR="" CODIGO-INSTITUICAO="" NOME-INSTITUICAO="UNIVERSIDADE CELSO LISBOA" CODIGO-CURSO="90000002" NOME-CURSO="LICENCIATURA EM MATEMÁTICA E CIÊNCIAS" CODIGO-AREA-CURSO="" STATUS-DO-CURSO="CONCLUIDO" ANO-DE-INICIO="1986" ANO-DE-CONCLUSAO="1989" FLAG-BOLSA="NAO" CODIGO-AGENCIA-FINANCIADORA="" NOME-AGENCIA="" NUMERO-ID-ORIENTADOR="" CODIGO-CURSO-CAPES="" TITULO-DO-TRABALHO-DE-CONCLUSAO-DE-CURSO-INGLES="" NOME-CURSO-INGLES="" TIPO-GRADUACAO="N" CODIGO-INSTITUICAO-GRAD="" NOME-INSTITUICAO-GRAD="" CODIGO-INSTITUICAO-OUTRA-GRAD="" NOME-INSTITUICAO-OUTRA-GRAD="" NOME-ORIENTADOR-GRAD=""/><GRADUACAO SEQUENCIA-FORMACAO="5" NIVEL="1" TITULO-DO-TRABALHO-DE-CONCLUSAO-DE-CURSO="" NOME-DO-ORIENTADOR="" CODIGO-INSTITUICAO="" NOME-INSTITUICAO="ESCOLA NAVAL" CODIGO-CURSO="90000003" NOME-CURSO="CIÊNCIAS NAVAIS" CODIGO-AREA-CURSO="" STATUS-DO-CURSO="CONCLUIDO" ANO-DE-INICIO="1980" ANO-DE-CONCLUSAO="1983" FLAG-BOLSA="NAO" CODIGO-AGENCIA-FINANCIADORA="" NOME-AGENCIA="" NUMERO-ID-ORIENTADOR="" CODIGO-CURSO-CAPES="" TITULO-DO-TRABALHO-DE-CONCLUSAO-DE-CURSO-INGLES="" NOME-CURSO-INGLES="" TIPO-GRADUACAO="N" CODIGO-INSTITUICAO-GRAD="" NOME-INSTITUICAO-GRAD="" CODIGO-INSTITUICAO-OUTRA-GRAD="" NOME-INSTITUICAO-OUTRA-GRAD="" NOME-ORIENTADOR-GRAD=""/><ESPECIALIZACAO SEQUENCIA-FORMACAO="3" NIVEL="2" TITULO-DA-MONOGRAFIA="A ESCOLA INTERDISCIPLINAR NO ENSINO MÉDIO" NOME-DO-ORIENTADOR="MARCELO MARTINS SALDANHA DA GAMA" CODIGO-INSTITUICAO="" NOME-INSTITUICAO="INSTITUTO ISABEL" CODIGO-CURSO="90000001" NOME-CURSO="ADMINISTRAÇÃO ESCOLAR" STATUS-DO-CURSO="CONCLUIDO" ANO-DE-INICIO="2006" ANO-DE-CONCLUSAO="2006" FLAG-BOLSA="NAO" CODIGO-AGENCIA-FINANCIADORA="" NOME-AGENCIA="" CARGA-HORARIA="384" TITULO-DA-MONOGRAFIA-INGLES="" NOME-CURSO-INGLES=""/><MESTRADO SEQUENCIA-FORMACAO="1" NIVEL="3" CODIGO-INSTITUICAO="" NOME-INSTITUICAO="UNIVERSIDADE AMERICANA DE ASSUNÇÃO" CODIGO-CURSO="" NOME-CURSO="" CODIGO-AREA-CURSO="" STATUS-DO-CURSO="CONCLUIDO" ANO-DE-INICIO="2009" ANO-DE-CONCLUSAO="2010" FLAG-BOLSA="" CODIGO-AGENCIA-FINANCIADORA="" NOME-AGENCIA="" ANO-DE-OBTENCAO-DO-TITULO="2010" TITULO-DA-DISSERTACAO-TESE="A Utlização da Tecnologia no Ensino da Matemática:Uma Análise Contextual sobre a Ação Docente no Ensino Médio." NOME-COMPLETO-DO-ORIENTADOR="FLAVIA NIZIA DA FONSECA" TIPO-MESTRADO="N" NUMERO-ID-ORIENTADOR="" CODIGO-CURSO-CAPES="" TITULO-DA-DISSERTACAO-TESE-INGLES="" NOME-CURSO-INGLES="" NOME-DO-CO-ORIENTADOR="" CODIGO-INSTITUICAO-DOUT="" NOME-INSTITUICAO-DOUT="" CODIGO-INSTITUICAO-OUTRA-DOUT="" NOME-INSTITUICAO-OUTRA-DOUT="" NOME-ORIENTADOR-DOUT=""><AREAS-DO-CONHECIMENTO><AREA-DO-CONHECIMENTO-1 NOME-GRANDE-AREA-DO-CONHECIMENTO="CIENCIAS_HUMANAS" NOME-DA-AREA-DO-CONHECIMENTO="Educação" NOME-DA-SUB-AREA-DO-CONHECIMENTO="Fundamentos da Educação" NOME-DA-ESPECIALIDADE=""/></AREAS-DO-CONHECIMENTO><conceitoCapes/></MESTRADO><DOUTORADO SEQUENCIA-FORMACAO="2" NIVEL="4" CODIGO-INSTITUICAO="" NOME-INSTITUICAO="UNIVERSIDADE AMERICANA DE ASSUNÇÃO" CODIGO-CURSO="90000000" NOME-CURSO="CIÊNCIAS DA EDUCAÇÃO" CODIGO-AREA-CURSO="" STATUS-DO-CURSO="CONCLUIDO" ANO-DE-INICIO="2010" ANO-DE-CONCLUSAO="2013" FLAG-BOLSA="NAO" CODIGO-AGENCIA-FINANCIADORA="" NOME-AGENCIA="" ANO-DE-OBTENCAO-DO-TITULO="2013" TITULO-DA-DISSERTACAO-TESE="CONTRIBUIÇÕES DE UMA PROPOSTA PANDISCIPLINAR PARA A APRENDIZAGEM DA MATEMÁTICA POR ALUNOS DO ENSINO MÉDIO EM ESCOLA DA ESFERA FEDERAL NO RIO DE JANEIRO" NOME-COMPLETO-DO-ORIENTADOR="MARCIA VICTÓRIO DE ARAÚJO COSTA" TIPO-DOUTORADO="N" CODIGO-INSTITUICAO-DOUT="" NOME-INSTITUICAO-DOUT="" CODIGO-INSTITUICAO-OUTRA-DOUT="" NOME-INSTITUICAO-OUTRA-DOUT="" NOME-ORIENTADOR-DOUT="" NUMERO-ID-ORIENTADOR="" CODIGO-CURSO-CAPES="" TITULO-DA-DISSERTACAO-TESE-INGLES="" NOME-CURSO-INGLES="" NOME-DO-ORIENTADOR-CO-TUTELA="" CODIGO-INSTITUICAO-OUTRA-CO-TUTELA="" CODIGO-INSTITUICAO-CO-TUTELA="" NOME-DO-ORIENTADOR-SANDUICHE="" CODIGO-INSTITUICAO-OUTRA-SANDUICHE="" CODIGO-INSTITUICAO-SANDUICHE="" NOME-DO-CO-ORIENTADOR=""><AREAS-DO-CONHECIMENTO><AREA-DO-CONHECIMENTO-1 NOME-GRANDE-AREA-DO-CONHECIMENTO="CIENCIAS_HUMANAS" NOME-DA-AREA-DO-CONHECIMENTO="Educação" NOME-DA-SUB-AREA-DO-CONHECIMENTO="" NOME-DA-ESPECIALIDADE=""/></AREAS-DO-CONHECIMENTO><conceitoCapes/></DOUTORADO></FORMACAO-ACADEMICA-TITULACAO><ATUACOES-PROFISSIONAIS><ATUACAO-PROFISSIONAL CODIGO-INSTITUICAO="350700000009" NOME-INSTITUICAO="Centro Federal de Educação Tecnológica Celso Suckow da Fonseca" SEQUENCIA-ATIVIDADE="1" SEQUENCIA-IMPORTANCIA="2"><VINCULOS SEQUENCIA-HISTORICO="1" TIPO-DE-VINCULO="LIVRE" ENQUADRAMENTO-FUNCIONAL="LIVRE" CARGA-HORARIA-SEMANAL="" FLAG-DEDICACAO-EXCLUSIVA="NAO" MES-INICIO="" ANO-INICIO="1993" MES-FIM="" ANO-FIM="" OUTRAS-INFORMACOES="" FLAG-VINCULO-EMPREGATICIO="NAO" OUTRO-VINCULO-INFORMADO="Empregado" OUTRO-ENQUADRAMENTO-FUNCIONAL-INFORMADO="PROFESSOR DE MATEMÁTICA" OUTRO-ENQUADRAMENTO-FUNCIONAL-INFORMADO-INGLES="" OUTRAS-INFORMACOES-INGLES=""/><atividadesProfissionaisPlanificadas/></ATUACAO-PROFISSIONAL><ATUACAO-PROFISSIONAL CODIGO-INSTITUICAO="000700000992" NOME-INSTITUICAO="COLÉGIO CRUZEIRO JACAREPAGUÁ" SEQUENCIA-ATIVIDADE="3" SEQUENCIA-IMPORTANCIA="3"><VINCULOS SEQUENCIA-HISTORICO="1" TIPO-DE-VINCULO="CELETISTA" ENQUADRAMENTO-FUNCIONAL="LIVRE" CARGA-HORARIA-SEMANAL="22" FLAG-DEDICACAO-EXCLUSIVA="NAO" MES-INICIO="02" ANO-INICIO="2007" MES-FIM="" ANO-FIM="" OUTRAS-INFORMACOES="" FLAG-VINCULO-EMPREGATICIO="NAO" OUTRO-VINCULO-INFORMADO="" OUTRO-ENQUADRAMENTO-FUNCIONAL-INFORMADO="PROFESSOR DE ENSINO MÉDIO" OUTRO-ENQUADRAMENTO-FUNCIONAL-INFORMADO-INGLES="" OUTRAS-INFORMACOES-INGLES=""/><atividadesProfissionaisPlanificadas/></ATUACAO-PROFISSIONAL><ATUACAO-PROFISSIONAL CODIGO-INSTITUICAO="000800000994" NOME-INSTITUICAO="INSTITUTO INFNET" SEQUENCIA-ATIVIDADE="4" SEQUENCIA-IMPORTANCIA="1"><VINCULOS SEQUENCIA-HISTORICO="1" TIPO-DE-VINCULO="LIVRE" ENQUADRAMENTO-FUNCIONAL="LIVRE" CARGA-HORARIA-SEMANAL="9" FLAG-DEDICACAO-EXCLUSIVA="NAO" MES-INICIO="07" ANO-INICIO="2012" MES-FIM="09" ANO-FIM="2015" OUTRAS-INFORMACOES="" FLAG-VINCULO-EMPREGATICIO="NAO" OUTRO-VINCULO-INFORMADO="" OUTRO-ENQUADRAMENTO-FUNCIONAL-INFORMADO="PROFESSOR DE GRADUAÇÃO EM ENGENHARIA" OUTRO-ENQUADRAMENTO-FUNCIONAL-INFORMADO-INGLES="" OUTRAS-INFORMACOES-INGLES=""/><atividadesProfissionaisPlanificadas/></ATUACAO-PROFISSIONAL><ATUACAO-PROFISSIONAL CODIGO-INSTITUICAO="201900000008" NOME-INSTITUICAO="Centro Universitário Augusto Motta" SEQUENCIA-ATIVIDADE="5" SEQUENCIA-IMPORTANCIA="4"><VINCULOS SEQUENCIA-HISTORICO="1" TIPO-DE-VINCULO="CELETISTA" ENQUADRAMENTO-FUNCIONAL="LIVRE" CARGA-HORARIA-SEMANAL="16" FLAG-DEDICACAO-EXCLUSIVA="NAO" MES-INICIO="08" ANO-INICIO="2015" MES-FIM="" ANO-FIM="" OUTRAS-INFORMACOES="" FLAG-VINCULO-EMPREGATICIO="NAO" OUTRO-VINCULO-INFORMADO="" OUTRO-ENQUADRAMENTO-FUNCIONAL-INFORMADO="PROFESSOR AUXILIAR" OUTRO-ENQUADRAMENTO-FUNCIONAL-INFORMADO-INGLES="" OUTRAS-INFORMACOES-INGLES=""/><atividadesProfissionaisPlanificadas/></ATUACAO-PROFISSIONAL></ATUACOES-PROFISSIONAIS><AREAS-DE-ATUACAO><AREA-DE-ATUACAO SEQUENCIA-AREA-DE-ATUACAO="1" NOME-GRANDE-AREA-DO-CONHECIMENTO="CIENCIAS_HUMANAS" NOME-DA-AREA-DO-CONHECIMENTO="Educação" NOME-DA-SUB-AREA-DO-CONHECIMENTO="" NOME-DA-ESPECIALIDADE=""/><AREA-DE-ATUACAO SEQUENCIA-AREA-DE-ATUACAO="2" NOME-GRANDE-AREA-DO-CONHECIMENTO="CIENCIAS_EXATAS_E_DA_TERRA" NOME-DA-AREA-DO-CONHECIMENTO="Matemática" NOME-DA-SUB-AREA-DO-CONHECIMENTO="" NOME-DA-ESPECIALIDADE=""/></AREAS-DE-ATUACAO><IDIOMAS><IDIOMA IDIOMA="PT" DESCRICAO-DO-IDIOMA="Português" PROFICIENCIA-DE-LEITURA="BEM" PROFICIENCIA-DE-FALA="BEM" PROFICIENCIA-DE-ESCRITA="BEM" PROFICIENCIA-DE-COMPREENSAO="BEM"/><IDIOMA IDIOMA="ES" DESCRICAO-DO-IDIOMA="Espanhol" PROFICIENCIA-DE-LEITURA="RAZOAVELMENTE" PROFICIENCIA-DE-FALA="POUCO" PROFICIENCIA-DE-ESCRITA="POUCO" PROFICIENCIA-DE-COMPREENSAO="RAZOAVELMENTE"/><IDIOMA IDIOMA="EN" DESCRICAO-DO-IDIOMA="Inglês" PROFICIENCIA-DE-LEITURA="RAZOAVELMENTE" PROFICIENCIA-DE-FALA="RAZOAVELMENTE" PROFICIENCIA-DE-ESCRITA="RAZOAVELMENTE" PROFICIENCIA-DE-COMPREENSAO="RAZOAVELMENTE"/></IDIOMAS><PREMIOS-TITULOS><PREMIO-TITULO NOME-DO-PREMIO-OU-TITULO="PRÊMIO TOP DESEMPENHO 2012.1" NOME-DA-ENTIDADE-PROMOTORA="INSTITUTO INFNET" ANO-DA-PREMIACAO="2013" NOME-DO-PREMIO-OU-TITULO-INGLES=""/></PREMIOS-TITULOS><staValidado/><dataExibicao/><dadosBolsista/></DADOS-GERAIS><PRODUCAO-BIBLIOGRAFICA><TEXTOS-EM-JORNAIS-OU-REVISTAS><TEXTO-EM-JORNAL-OU-REVISTA SEQUENCIA-PRODUCAO="1"><DADOS-BASICOS-DO-TEXTO NATUREZA="JORNAL_DE_NOTICIAS" TITULO-DO-TEXTO="RELAÇÕES MÉTRICAS NO TRIÂNGULO RETÂNGULO" ANO-DO-TEXTO="2000" PAIS-DE-PUBLICACAO="Brasil" IDIOMA="Português" MEIO-DE-DIVULGACAO="IMPRESSO" HOME-PAGE-DO-TRABALHO="" FLAG-RELEVANCIA="NAO" DOI="" TITULO-DO-TEXTO-INGLES="" FLAG-DIVULGACAO-CIENTIFICA="SIM"/><DETALHAMENTO-DO-TEXTO TITULO-DO-JORNAL-OU-REVISTA="CADERNO DO VESTIBULAR-FOLHA DIRIGIDA" ISSN="" FORMATO-DATA-DE-PUBLICACAO="DDMMAAAA" DATA-DE-PUBLICACAO="29032000" VOLUME="" PAGINA-INICIAL="16" PAGINA-FINAL="16" LOCAL-DE-PUBLICACAO="RIO DE JANEIRO-BRASIL"><dataPublicacaoFormatoSimples/></DETALHAMENTO-DO-TEXTO><AUTORES NOME-COMPLETO-DO-AUTOR="Nilo Pinto da Silva Filho" NOME-PARA-CITACAO="SILVA FILHO, N. P." ORDEM-DE-AUTORIA="1"/><INFORMACOES-ADICIONAIS DESCRICAO-INFORMACOES-ADICIONAIS="" DESCRICAO-INFORMACOES-ADICIONAIS-INGLES=""/></TEXTO-EM-JORNAL-OU-REVISTA><TEXTO-EM-JORNAL-OU-REVISTA SEQUENCIA-PRODUCAO="7"><DADOS-BASICOS-DO-TEXTO NATUREZA="JORNAL_DE_NOTICIAS" TITULO-DO-TEXTO="ANÁLISE COMBINATÓRIA" ANO-DO-TEXTO="2001" PAIS-DE-PUBLICACAO="Brasil" IDIOMA="Português" MEIO-DE-DIVULGACAO="IMPRESSO" HOME-PAGE-DO-TRABALHO="" FLAG-RELEVANCIA="SIM" DOI="" TITULO-DO-TEXTO-INGLES="ANÁLISE COMBINATÓRIA" FLAG-DIVULGACAO-CIENTIFICA="NAO"/><DETALHAMENTO-DO-TEXTO TITULO-DO-JORNAL-OU-REVISTA="FOLHA DIRIGIDA" ISSN="" FORMATO-DATA-DE-PUBLICACAO="DDMMAAAA" DATA-DE-PUBLICACAO="01082001" VOLUME="" PAGINA-INICIAL="" PAGINA-FINAL="" LOCAL-DE-PUBLICACAO="Rio de Janeiro"><dataPublicacaoFormatoSimples/></DETALHAMENTO-DO-TEXTO><AUTORES NOME-COMPLETO-DO-AUTOR="Nilo Pinto da Silva Filho" NOME-PARA-CITACAO="SILVA FILHO, N. P." ORDEM-DE-AUTORIA="1"/><INFORMACOES-ADICIONAIS DESCRICAO-INFORMACOES-ADICIONAIS="" DESCRICAO-INFORMACOES-ADICIONAIS-INGLES=""/></TEXTO-EM-JORNAL-OU-REVISTA></TEXTOS-EM-JORNAIS-OU-REVISTAS><DEMAIS-TIPOS-DE-PRODUCAO-BIBLIOGRAFICA><TRADUCAO SEQUENCIA-PRODUCAO="8"><DADOS-BASICOS-DA-TRADUCAO NATUREZA="OUTRO" TITULO="TRADUÇÃO DO MANUAL DO EQUIPAMENTO RÁDIO PRC-614" ANO="1988" PAIS-DE-PUBLICACAO="Brasil" IDIOMA="Português" MEIO-DE-DIVULGACAO="IMPRESSO" HOME-PAGE-DO-TRABALHO="" FLAG-RELEVANCIA="NAO" DOI="" TITULO-INGLES="TRADUÇÃO DO MANUAL DO EQUIPAMENTO RÁDIO PRC-614"/><DETALHAMENTO-DA-TRADUCAO NOME-DO-AUTOR-TRADUZIDO="TADIRAN" TITULO-DA-OBRA-ORIGINAL="PRC-614-TRANSCEPTOR" ISSN-ISBN="" IDIOMA-DA-OBRA-ORIGINAL="" EDITORA-DA-TRADUCAO="TADIRAN" CIDADE-DA-EDITORA="HAIFA" NUMERO-DE-PAGINAS="150" NUMERO-DA-EDICAO-REVISAO="1" VOLUME="01" FASCICULO="01" SERIE="01"/><AUTORES NOME-COMPLETO-DO-AUTOR="Nilo Pinto da Silva Filho" NOME-PARA-CITACAO="SILVA FILHO, N. P." ORDEM-DE-AUTORIA="1"/><AREAS-DO-CONHECIMENTO><AREA-DO-CONHECIMENTO-1 NOME-GRANDE-AREA-DO-CONHECIMENTO="ENGENHARIAS" NOME-DA-AREA-DO-CONHECIMENTO="Engenharia Elétrica" NOME-DA-SUB-AREA-DO-CONHECIMENTO="Telecomunicações" NOME-DA-ESPECIALIDADE=""/></AREAS-DO-CONHECIMENTO><INFORMACOES-ADICIONAIS DESCRICAO-INFORMACOES-ADICIONAIS="" DESCRICAO-INFORMACOES-ADICIONAIS-INGLES=""/></TRADUCAO><TRADUCAO SEQUENCIA-PRODUCAO="9"><DADOS-BASICOS-DA-TRADUCAO NATUREZA="OUTRO" TITULO="TRADUÇÃO DO MANUAL DO EQUIPAMENTO RÁDIO PRC-730" ANO="1989" PAIS-DE-PUBLICACAO="Brasil" IDIOMA="Português" MEIO-DE-DIVULGACAO="IMPRESSO" HOME-PAGE-DO-TRABALHO="" FLAG-RELEVANCIA="NAO" DOI="" TITULO-INGLES="TRADUÇÃO DO MANUAL DO EQUIPAMENTO RÁDIO PRC-730"/><DETALHAMENTO-DA-TRADUCAO NOME-DO-AUTOR-TRADUZIDO="TADIRAN" TITULO-DA-OBRA-ORIGINAL="PRC-730-TRANCEPTOR" ISSN-ISBN="" IDIOMA-DA-OBRA-ORIGINAL="" EDITORA-DA-TRADUCAO="TADIRAN" CIDADE-DA-EDITORA="" NUMERO-DE-PAGINAS="300" NUMERO-DA-EDICAO-REVISAO="1" VOLUME="01" FASCICULO="01" SERIE="01"/><AUTORES NOME-COMPLETO-DO-AUTOR="Nilo Pinto da Silva Filho" NOME-PARA-CITACAO="SILVA FILHO, N. P." ORDEM-DE-AUTORIA="1"/><AREAS-DO-CONHECIMENTO><AREA-DO-CONHECIMENTO-1 NOME-GRANDE-AREA-DO-CONHECIMENTO="ENGENHARIAS" NOME-DA-AREA-DO-CONHECIMENTO="Engenharia Elétrica" NOME-DA-SUB-AREA-DO-CONHECIMENTO="Telecomunicações" NOME-DA-ESPECIALIDADE=""/></AREAS-DO-CONHECIMENTO><INFORMACOES-ADICIONAIS DESCRICAO-INFORMACOES-ADICIONAIS="" DESCRICAO-INFORMACOES-ADICIONAIS-INGLES=""/></TRADUCAO></DEMAIS-TIPOS-DE-PRODUCAO-BIBLIOGRAFICA></PRODUCAO-BIBLIOGRAFICA><PRODUCAO-TECNICA><DEMAIS-TIPOS-DE-PRODUCAO-TECNICA><APRESENTACAO-DE-TRABALHO SEQUENCIA-PRODUCAO="2"><DADOS-BASICOS-DA-APRESENTACAO-DE-TRABALHO NATUREZA="CONFERENCIA" TITULO="GUERRA ELETRÔNICA DE COMUNICAÇÕES" ANO="1993" PAIS="Brasil" IDIOMA="Português" FLAG-RELEVANCIA="NAO" TITULO-INGLES="GUERRA ELETRÔNICA DE COMUNICAÇÕES" FLAG-DIVULGACAO-CIENTIFICA="NAO"/><DETALHAMENTO-DA-APRESENTACAO-DE-TRABALHO NOME-DO-EVENTO="EDUTEC" INSTITUICAO-PROMOTORA="CEFET-RJ" LOCAL-DA-APRESENTACAO="RIO DE JANEIRO" CIDADE-DA-APRESENTACAO="RIO DE JANEIRO" NOME-DO-EVENTO-INGLES=""/><AUTORES NOME-COMPLETO-DO-AUTOR="Nilo Pinto da Silva Filho" NOME-PARA-CITACAO="SILVA FILHO, N. P." ORDEM-DE-AUTORIA="1"/><INFORMACOES-ADICIONAIS DESCRICAO-INFORMACOES-ADICIONAIS="" DESCRICAO-INFORMACOES-ADICIONAIS-INGLES=""/></APRESENTACAO-DE-TRABALHO><APRESENTACAO-DE-TRABALHO SEQUENCIA-PRODUCAO="3"><DADOS-BASICOS-DA-APRESENTACAO-DE-TRABALHO NATUREZA="CONFERENCIA" TITULO="SISTEMAS LINEARES-Uma solução diferente, confiável e rápida" ANO="2008" PAIS="Brasil" IDIOMA="Português" FLAG-RELEVANCIA="SIM" TITULO-INGLES="SISTEMAS LINEARES-Uma solução diferente, confiável e rápida" FLAG-DIVULGACAO-CIENTIFICA="NAO"/><DETALHAMENTO-DA-APRESENTACAO-DE-TRABALHO NOME-DO-EVENTO="ENCONTRO PEDAGÓGICO DO ENSINO MÉDIO MILITAR" INSTITUICAO-PROMOTORA="COLÉGIO NAVAL" LOCAL-DA-APRESENTACAO="ANGRA DOS REIS" CIDADE-DA-APRESENTACAO="RIO DE JANEIRO" NOME-DO-EVENTO-INGLES=""/><AUTORES NOME-COMPLETO-DO-AUTOR="Nilo Pinto da Silva Filho" NOME-PARA-CITACAO="SILVA FILHO, N. P." ORDEM-DE-AUTORIA="1"/><AREAS-DO-CONHECIMENTO><AREA-DO-CONHECIMENTO-1 NOME-GRANDE-AREA-DO-CONHECIMENTO="CIENCIAS_EXATAS_E_DA_TERRA" NOME-DA-AREA-DO-CONHECIMENTO="Matemática" NOME-DA-SUB-AREA-DO-CONHECIMENTO="" NOME-DA-ESPECIALIDADE=""/></AREAS-DO-CONHECIMENTO><INFORMACOES-ADICIONAIS DESCRICAO-INFORMACOES-ADICIONAIS="" DESCRICAO-INFORMACOES-ADICIONAIS-INGLES=""/></APRESENTACAO-DE-TRABALHO><APRESENTACAO-DE-TRABALHO SEQUENCIA-PRODUCAO="4"><DADOS-BASICOS-DA-APRESENTACAO-DE-TRABALHO NATUREZA="CONFERENCIA" TITULO="SISTEMAS LINEARES-Uma solução diferente, confiável e rápida" ANO="2009" PAIS="Brasil" IDIOMA="Português" FLAG-RELEVANCIA="SIM" TITULO-INGLES="SISTEMAS LINEARES-Uma solução diferente, confiável e rápida" FLAG-DIVULGACAO-CIENTIFICA="NAO"/><DETALHAMENTO-DA-APRESENTACAO-DE-TRABALHO NOME-DO-EVENTO="III MOSTRA PEDAGÓGICA DO DEPARTAMENTO DE MATEMÁTICA DO COLÉGIO PEDRO II" INSTITUICAO-PROMOTORA="COLÉGIO PEDRO II" LOCAL-DA-APRESENTACAO="Rio de Janeiro" CIDADE-DA-APRESENTACAO="RIO DE JANEIRO" NOME-DO-EVENTO-INGLES=""/><AUTORES NOME-COMPLETO-DO-AUTOR="Nilo Pinto da Silva Filho" NOME-PARA-CITACAO="SILVA FILHO, N. P." ORDEM-DE-AUTORIA="1"/><INFORMACOES-ADICIONAIS DESCRICAO-INFORMACOES-ADICIONAIS="" DESCRICAO-INFORMACOES-ADICIONAIS-INGLES=""/></APRESENTACAO-DE-TRABALHO><APRESENTACAO-DE-TRABALHO SEQUENCIA-PRODUCAO="5"><DADOS-BASICOS-DA-APRESENTACAO-DE-TRABALHO NATUREZA="CONFERENCIA" TITULO="NAVEGAÇÃO INTERDISCIPLINAR" ANO="2006" PAIS="Brasil" IDIOMA="Português" FLAG-RELEVANCIA="SIM" TITULO-INGLES="NAVEGAÇÃO INTERDISCIPLINAR" FLAG-DIVULGACAO-CIENTIFICA="NAO"/><DETALHAMENTO-DA-APRESENTACAO-DE-TRABALHO NOME-DO-EVENTO="3º ENCONTRO PEDAGÓGICO DO ENSINO MÉDIO MILITAR" INSTITUICAO-PROMOTORA="ESCOLA PREPARATÓRIA DE CADETES DO EXÉRCITO" LOCAL-DA-APRESENTACAO="SÃO PAULO" CIDADE-DA-APRESENTACAO="CAMPINAS" NOME-DO-EVENTO-INGLES=""/><AUTORES NOME-COMPLETO-DO-AUTOR="Nilo Pinto da Silva Filho" NOME-PARA-CITACAO="SILVA FILHO, N. P." ORDEM-DE-AUTORIA="1"/><INFORMACOES-ADICIONAIS DESCRICAO-INFORMACOES-ADICIONAIS="" DESCRICAO-INFORMACOES-ADICIONAIS-INGLES=""/></APRESENTACAO-DE-TRABALHO><APRESENTACAO-DE-TRABALHO SEQUENCIA-PRODUCAO="6"><DADOS-BASICOS-DA-APRESENTACAO-DE-TRABALHO NATUREZA="CONFERENCIA" TITULO="TRIÂNGULO DE PASCAL" ANO="2006" PAIS="Brasil" IDIOMA="Português" FLAG-RELEVANCIA="SIM" TITULO-INGLES="TRIÂNGULO DE PASCAL" FLAG-DIVULGACAO-CIENTIFICA="NAO"/><DETALHAMENTO-DA-APRESENTACAO-DE-TRABALHO NOME-DO-EVENTO="3º ENCONTRO PEDAGÓGICO DO ENSINO MÉDIO MILITAR" INSTITUICAO-PROMOTORA="ESCOLA PREPARATÓRIA DE CADETES DO EXÉRCITO" LOCAL-DA-APRESENTACAO="SÃO PAULO" CIDADE-DA-APRESENTACAO="CAMPINAS" NOME-DO-EVENTO-INGLES=""/><AUTORES NOME-COMPLETO-DO-AUTOR="Nilo Pinto da Silva Filho" NOME-PARA-CITACAO="SILVA FILHO, N. P." ORDEM-DE-AUTORIA="1"/><INFORMACOES-ADICIONAIS DESCRICAO-INFORMACOES-ADICIONAIS="" DESCRICAO-INFORMACOES-ADICIONAIS-INGLES=""/></APRESENTACAO-DE-TRABALHO><APRESENTACAO-DE-TRABALHO SEQUENCIA-PRODUCAO="21"><DADOS-BASICOS-DA-APRESENTACAO-DE-TRABALHO NATUREZA="CONFERENCIA" TITULO="MATEMÁTICA INTERDISCIPLINAR COM MULTIMÍDIA" ANO="2004" PAIS="Brasil" IDIOMA="Português" FLAG-RELEVANCIA="NAO" TITULO-INGLES="MATEMÁTICA INTERDISCIPLINAR COM MULTIMÍDIA" FLAG-DIVULGACAO-CIENTIFICA="NAO"/><DETALHAMENTO-DA-APRESENTACAO-DE-TRABALHO NOME-DO-EVENTO="ENCONTRO NACIONAL DE EDUCAÇÃO TECNOLÓGICA PARA O DESENVOLVIMENTO" INSTITUICAO-PROMOTORA="CEFET-RJ" LOCAL-DA-APRESENTACAO="RIO DE JANEIRO" CIDADE-DA-APRESENTACAO="RIO DE JANEIRO" NOME-DO-EVENTO-INGLES=""/><AUTORES NOME-COMPLETO-DO-AUTOR="Nilo Pinto da Silva Filho" NOME-PARA-CITACAO="SILVA FILHO, N. P." ORDEM-DE-AUTORIA="1"/><AREAS-DO-CONHECIMENTO><AREA-DO-CONHECIMENTO-1 NOME-GRANDE-AREA-DO-CONHECIMENTO="CIENCIAS_EXATAS_E_DA_TERRA" NOME-DA-AREA-DO-CONHECIMENTO="Matemática" NOME-DA-SUB-AREA-DO-CONHECIMENTO="" NOME-DA-ESPECIALIDADE=""/></AREAS-DO-CONHECIMENTO><INFORMACOES-ADICIONAIS DESCRICAO-INFORMACOES-ADICIONAIS="" DESCRICAO-INFORMACOES-ADICIONAIS-INGLES=""/></APRESENTACAO-DE-TRABALHO></DEMAIS-TIPOS-DE-PRODUCAO-TECNICA></PRODUCAO-TECNICA><DADOS-COMPLEMENTARES><PARTICIPACAO-EM-BANCA-JULGADORA><BANCA-JULGADORA-PARA-CONCURSO-PUBLICO SEQUENCIA-PRODUCAO="14"><DADOS-BASICOS-DA-BANCA-JULGADORA-PARA-CONCURSO-PUBLICO NATUREZA="Concurso público" TITULO="BANCA DE ELABORAÇÃO E CORREÇÃO PROCESSO SELETIVO ALUNOS" ANO="2007" PAIS="Brasil" IDIOMA="Português" HOME-PAGE="" DOI="" TITULO-INGLES="BANCA DE ELABORAÇÃO E CORREÇÃO PROCESSO SELETIVO ALUNOS"/><DETALHAMENTO-DA-BANCA-JULGADORA-PARA-CONCURSO-PUBLICO CODIGO-INSTITUICAO="" NOME-INSTITUICAO=""/><PARTICIPANTE-BANCA NOME-COMPLETO-DO-PARTICIPANTE-DA-BANCA="Nilo Pinto da Silva Filho" NOME-PARA-CITACAO-DO-PARTICIPANTE-DA-BANCA="SILVA FILHO, N. P." ORDEM-PARTICIPANTE="1"/><INFORMACOES-ADICIONAIS DESCRICAO-INFORMACOES-ADICIONAIS="" DESCRICAO-INFORMACOES-ADICIONAIS-INGLES=""/></BANCA-JULGADORA-PARA-CONCURSO-PUBLICO><BANCA-JULGADORA-PARA-CONCURSO-PUBLICO SEQUENCIA-PRODUCAO="15"><DADOS-BASICOS-DA-BANCA-JULGADORA-PARA-CONCURSO-PUBLICO NATUREZA="Concurso público" TITULO="BANCA DE ELABORAÇÃO E CORREÇÃO PROCESSO SELETIVO ALUNOS" ANO="2006" PAIS="Brasil" IDIOMA="Português" HOME-PAGE="" DOI="" TITULO-INGLES="BANCA DE ELABORAÇÃO E CORREÇÃO PROCESSO SELETIVO ALUNOS"/><DETALHAMENTO-DA-BANCA-JULGADORA-PARA-CONCURSO-PUBLICO CODIGO-INSTITUICAO="000500000999" NOME-INSTITUICAO="CENTRO FEDERAL DE EDUCAÇÃO TECNOLÓGICA CELSO SUCKOW DA FONSECA"/><PARTICIPANTE-BANCA NOME-COMPLETO-DO-PARTICIPANTE-DA-BANCA="Nilo Pinto da Silva Filho" NOME-PARA-CITACAO-DO-PARTICIPANTE-DA-BANCA="SILVA FILHO, N. P." ORDEM-PARTICIPANTE="1"/><AREAS-DO-CONHECIMENTO><AREA-DO-CONHECIMENTO-1 NOME-GRANDE-AREA-DO-CONHECIMENTO="CIENCIAS_EXATAS_E_DA_TERRA" NOME-DA-AREA-DO-CONHECIMENTO="Matemática" NOME-DA-SUB-AREA-DO-CONHECIMENTO="" NOME-DA-ESPECIALIDADE=""/></AREAS-DO-CONHECIMENTO><INFORMACOES-ADICIONAIS DESCRICAO-INFORMACOES-ADICIONAIS="" DESCRICAO-INFORMACOES-ADICIONAIS-INGLES=""/></BANCA-JULGADORA-PARA-CONCURSO-PUBLICO><BANCA-JULGADORA-PARA-CONCURSO-PUBLICO SEQUENCIA-PRODUCAO="16"><DADOS-BASICOS-DA-BANCA-JULGADORA-PARA-CONCURSO-PUBLICO NATUREZA="Concurso público" TITULO="BANCA DE ELABORAÇÃO E CORREÇÃO PROCESSO SELETIVO ALUNOS" ANO="2004" PAIS="Brasil" IDIOMA="Português" HOME-PAGE="" DOI="" TITULO-INGLES="BANCA DE ELABORAÇÃO E CORREÇÃO PROCESSO SELETIVO ALUNOS"/><DETALHAMENTO-DA-BANCA-JULGADORA-PARA-CONCURSO-PUBLICO CODIGO-INSTITUICAO="" NOME-INSTITUICAO=""/><PARTICIPANTE-BANCA NOME-COMPLETO-DO-PARTICIPANTE-DA-BANCA="Nilo Pinto da Silva Filho" NOME-PARA-CITACAO-DO-PARTICIPANTE-DA-BANCA="SILVA FILHO, N. P." ORDEM-PARTICIPANTE="1"/><AREAS-DO-CONHECIMENTO><AREA-DO-CONHECIMENTO-1 NOME-GRANDE-AREA-DO-CONHECIMENTO="CIENCIAS_EXATAS_E_DA_TERRA" NOME-DA-AREA-DO-CONHECIMENTO="Matemática" NOME-DA-SUB-AREA-DO-CONHECIMENTO="" NOME-DA-ESPECIALIDADE=""/></AREAS-DO-CONHECIMENTO><INFORMACOES-ADICIONAIS DESCRICAO-INFORMACOES-ADICIONAIS="" DESCRICAO-INFORMACOES-ADICIONAIS-INGLES=""/></BANCA-JULGADORA-PARA-CONCURSO-PUBLICO><BANCA-JULGADORA-PARA-CONCURSO-PUBLICO SEQUENCIA-PRODUCAO="17"><DADOS-BASICOS-DA-BANCA-JULGADORA-PARA-CONCURSO-PUBLICO NATUREZA="Concurso público" TITULO="BANCA DE ELABORAÇÃO E CORREÇÃO PROCESSO SELETIVO ALUNOS" ANO="1999" PAIS="Brasil" IDIOMA="Português" HOME-PAGE="" DOI="" TITULO-INGLES="BANCA DE ELABORAÇÃO E CORREÇÃO PROCESSO SELETIVO ALUNOS"/><DETALHAMENTO-DA-BANCA-JULGADORA-PARA-CONCURSO-PUBLICO CODIGO-INSTITUICAO="" NOME-INSTITUICAO=""/><PARTICIPANTE-BANCA NOME-COMPLETO-DO-PARTICIPANTE-DA-BANCA="Nilo Pinto da Silva Filho" NOME-PARA-CITACAO-DO-PARTICIPANTE-DA-BANCA="SILVA FILHO, N. P." ORDEM-PARTICIPANTE="1"/><AREAS-DO-CONHECIMENTO><AREA-DO-CONHECIMENTO-1 NOME-GRANDE-AREA-DO-CONHECIMENTO="CIENCIAS_EXATAS_E_DA_TERRA" NOME-DA-AREA-DO-CONHECIMENTO="Matemática" NOME-DA-SUB-AREA-DO-CONHECIMENTO="" NOME-DA-ESPECIALIDADE=""/></AREAS-DO-CONHECIMENTO><INFORMACOES-ADICIONAIS DESCRICAO-INFORMACOES-ADICIONAIS="" DESCRICAO-INFORMACOES-ADICIONAIS-INGLES=""/></BANCA-JULGADORA-PARA-CONCURSO-PUBLICO><BANCA-JULGADORA-PARA-CONCURSO-PUBLICO SEQUENCIA-PRODUCAO="18"><DADOS-BASICOS-DA-BANCA-JULGADORA-PARA-CONCURSO-PUBLICO NATUREZA="Concurso público" TITULO="BANCA DE ELABORAÇÃO E CORREÇÃO PROCESSO SELETIVO ALUNOS" ANO="1996" PAIS="Brasil" IDIOMA="Português" HOME-PAGE="" DOI="" TITULO-INGLES="BANCA DE ELABORAÇÃO E CORREÇÃO PROCESSO SELETIVO ALUNOS"/><DETALHAMENTO-DA-BANCA-JULGADORA-PARA-CONCURSO-PUBLICO CODIGO-INSTITUICAO="" NOME-INSTITUICAO=""/><PARTICIPANTE-BANCA NOME-COMPLETO-DO-PARTICIPANTE-DA-BANCA="Nilo Pinto da Silva Filho" NOME-PARA-CITACAO-DO-PARTICIPANTE-DA-BANCA="SILVA FILHO, N. P." ORDEM-PARTICIPANTE="1"/><AREAS-DO-CONHECIMENTO><AREA-DO-CONHECIMENTO-1 NOME-GRANDE-AREA-DO-CONHECIMENTO="CIENCIAS_EXATAS_E_DA_TERRA" NOME-DA-AREA-DO-CONHECIMENTO="Matemática" NOME-DA-SUB-AREA-DO-CONHECIMENTO="" NOME-DA-ESPECIALIDADE=""/></AREAS-DO-CONHECIMENTO><INFORMACOES-ADICIONAIS DESCRICAO-INFORMACOES-ADICIONAIS="" DESCRICAO-INFORMACOES-ADICIONAIS-INGLES=""/></BANCA-JULGADORA-PARA-CONCURSO-PUBLICO><BANCA-JULGADORA-PARA-CONCURSO-PUBLICO SEQUENCIA-PRODUCAO="19"><DADOS-BASICOS-DA-BANCA-JULGADORA-PARA-CONCURSO-PUBLICO NATUREZA="Concurso público" TITULO="BANCA DE ELABORAÇÃO E CORREÇÃO PROCESSO SELETIVO ALUNOS" ANO="1995" PAIS="Brasil" IDIOMA="Português" HOME-PAGE="" DOI="" TITULO-INGLES="BANCA DE ELABORAÇÃO E CORREÇÃO PROCESSO SELETIVO ALUNOS"/><DETALHAMENTO-DA-BANCA-JULGADORA-PARA-CONCURSO-PUBLICO CODIGO-INSTITUICAO="" NOME-INSTITUICAO=""/><PARTICIPANTE-BANCA NOME-COMPLETO-DO-PARTICIPANTE-DA-BANCA="Nilo Pinto da Silva Filho" NOME-PARA-CITACAO-DO-PARTICIPANTE-DA-BANCA="SILVA FILHO, N. P." ORDEM-PARTICIPANTE="1"/><AREAS-DO-CONHECIMENTO><AREA-DO-CONHECIMENTO-1 NOME-GRANDE-AREA-DO-CONHECIMENTO="CIENCIAS_EXATAS_E_DA_TERRA" NOME-DA-AREA-DO-CONHECIMENTO="Matemática" NOME-DA-SUB-AREA-DO-CONHECIMENTO="" NOME-DA-ESPECIALIDADE=""/></AREAS-DO-CONHECIMENTO><INFORMACOES-ADICIONAIS DESCRICAO-INFORMACOES-ADICIONAIS="" DESCRICAO-INFORMACOES-ADICIONAIS-INGLES=""/></BANCA-JULGADORA-PARA-CONCURSO-PUBLICO><BANCA-JULGADORA-PARA-CONCURSO-PUBLICO SEQUENCIA-PRODUCAO="20"><DADOS-BASICOS-DA-BANCA-JULGADORA-PARA-CONCURSO-PUBLICO NATUREZA="Concurso público" TITULO="BANCA DE ELABORAÇÃO E CORREÇÃO PROCESSO SELETIVO ALUNOS" ANO="2008" PAIS="Brasil" IDIOMA="Português" HOME-PAGE="" DOI="" TITULO-INGLES="BANCA DE ELABORAÇÃO E CORREÇÃO PROCESSO SELETIVO ALUNOS"/><DETALHAMENTO-DA-BANCA-JULGADORA-PARA-CONCURSO-PUBLICO CODIGO-INSTITUICAO="" NOME-INSTITUICAO=""/><PARTICIPANTE-BANCA NOME-COMPLETO-DO-PARTICIPANTE-DA-BANCA="Nilo Pinto da Silva Filho" NOME-PARA-CITACAO-DO-PARTICIPANTE-DA-BANCA="SILVA FILHO, N. P." ORDEM-PARTICIPANTE="1"/><AREAS-DO-CONHECIMENTO><AREA-DO-CONHECIMENTO-1 NOME-GRANDE-AREA-DO-CONHECIMENTO="CIENCIAS_EXATAS_E_DA_TERRA" NOME-DA-AREA-DO-CONHECIMENTO="Matemática" NOME-DA-SUB-AREA-DO-CONHECIMENTO="" NOME-DA-ESPECIALIDADE=""/></AREAS-DO-CONHECIMENTO><INFORMACOES-ADICIONAIS DESCRICAO-INFORMACOES-ADICIONAIS="" DESCRICAO-INFORMACOES-ADICIONAIS-INGLES=""/></BANCA-JULGADORA-PARA-CONCURSO-PUBLICO><BANCA-JULGADORA-PARA-CONCURSO-PUBLICO SEQUENCIA-PRODUCAO="22"><DADOS-BASICOS-DA-BANCA-JULGADORA-PARA-CONCURSO-PUBLICO NATUREZA="Concurso público" TITULO="BANCA DE AVALIAÇÃO DE MATEMÁTICA SELEÇÃO UFRJ" ANO="2003" PAIS="Brasil" IDIOMA="Português" HOME-PAGE="" DOI="" TITULO-INGLES=""/><DETALHAMENTO-DA-BANCA-JULGADORA-PARA-CONCURSO-PUBLICO CODIGO-INSTITUICAO="020200000009" NOME-INSTITUICAO="Universidade Federal do Rio de Janeiro"/><PARTICIPANTE-BANCA NOME-COMPLETO-DO-PARTICIPANTE-DA-BANCA="Nilo Pinto da Silva Filho" NOME-PARA-CITACAO-DO-PARTICIPANTE-DA-BANCA="SILVA FILHO, N. P." ORDEM-PARTICIPANTE="1"/><INFORMACOES-ADICIONAIS DESCRICAO-INFORMACOES-ADICIONAIS="" DESCRICAO-INFORMACOES-ADICIONAIS-INGLES=""/></BANCA-JULGADORA-PARA-CONCURSO-PUBLICO><BANCA-JULGADORA-PARA-CONCURSO-PUBLICO SEQUENCIA-PRODUCAO="23"><DADOS-BASICOS-DA-BANCA-JULGADORA-PARA-CONCURSO-PUBLICO NATUREZA="Concurso público" TITULO="PROFESSOR DA DISCIPLINA DE MATEMÁTICA DO QUADRO EFETIVO DE MAGISTÉRIO DE 1  E 2  GRAUS" ANO="2004" PAIS="Brasil" IDIOMA="Português" HOME-PAGE="" DOI="" TITULO-INGLES=""/><DETALHAMENTO-DA-BANCA-JULGADORA-PARA-CONCURSO-PUBLICO CODIGO-INSTITUICAO="350700000009" NOME-INSTITUICAO="Centro Federal de Educação Tecnológica Celso Suckow da Fonseca"/><PARTICIPANTE-BANCA NOME-COMPLETO-DO-PARTICIPANTE-DA-BANCA="Nilo Pinto da Silva Filho" NOME-PARA-CITACAO-DO-PARTICIPANTE-DA-BANCA="SILVA FILHO, N. P." ORDEM-PARTICIPANTE="1"/><INFORMACOES-ADICIONAIS DESCRICAO-INFORMACOES-ADICIONAIS="" DESCRICAO-INFORMACOES-ADICIONAIS-INGLES=""/></BANCA-JULGADORA-PARA-CONCURSO-PUBLICO><BANCA-JULGADORA-PARA-CONCURSO-PUBLICO SEQUENCIA-PRODUCAO="24"><DADOS-BASICOS-DA-BANCA-JULGADORA-PARA-CONCURSO-PUBLICO NATUREZA="Concurso público" TITULO="PROFESSOR DA DISCIPLINA DE MATEMÁTICA DO QUADRO EFETIVO DE MAGISTÉRIO DE 1  E 2  GRAUS" ANO="2013" PAIS="Brasil" IDIOMA="Português" HOME-PAGE="" DOI="" TITULO-INGLES=""/><DETALHAMENTO-DA-BANCA-JULGADORA-PARA-CONCURSO-PUBLICO CODIGO-INSTITUICAO="350700000009" NOME-INSTITUICAO="Centro Federal de Educação Tecnológica Celso Suckow da Fonseca"/><PARTICIPANTE-BANCA NOME-COMPLETO-DO-PARTICIPANTE-DA-BANCA="Nilo Pinto da Silva Filho" NOME-PARA-CITACAO-DO-PARTICIPANTE-DA-BANCA="SILVA FILHO, N. P." ORDEM-PARTICIPANTE="1"/><INFORMACOES-ADICIONAIS DESCRICAO-INFORMACOES-ADICIONAIS="" DESCRICAO-INFORMACOES-ADICIONAIS-INGLES=""/></BANCA-JULGADORA-PARA-CONCURSO-PUBLICO></PARTICIPACAO-EM-BANCA-JULGADORA><PARTICIPACAO-EM-EVENTOS-CONGRESSOS><PARTICIPACAO-EM-SEMINARIO SEQUENCIA-PRODUCAO="10"><PARTICIPANTE-DE-EVENTOS-CONGRESSOS NOME-COMPLETO-DO-PARTICIPANTE-DE-EVENTOS-CONGRESSOS="Nilo Pinto da Silva Filho" NOME-PARA-CITACAO-DO-PARTICIPANTE-DE-EVENTOS-CONGRESSOS="SILVA FILHO, N. P." ORDEM-PARTICIPANTE="1"/><INFORMACOES-ADICIONAIS DESCRICAO-INFORMACOES-ADICIONAIS="" DESCRICAO-INFORMACOES-ADICIONAIS-INGLES=""/><DADOS-BASICOS-DA-PARTICIPACAO-EM-SEMINARIO NATUREZA="Seminário" TITULO="" ANO="2007" PAIS="Brasil" IDIOMA="" MEIO-DE-DIVULGACAO="NAO_INFORMADO" HOME-PAGE-DO-TRABALHO="" FLAG-RELEVANCIA="NAO" TIPO-PARTICIPACAO="" FORMA-PARTICIPACAO="Ouvinte" DOI="" TITULO-INGLES="" FLAG-DIVULGACAO-CIENTIFICA="NAO"/><DETALHAMENTO-DA-PARTICIPACAO-EM-SEMINARIO NOME-DO-EVENTO="VIII SEMINÁRIO DE PROFESSORES DO 6 ANO AO ENSINO MÉDIO" NOME-INSTITUICAO="" LOCAL-DO-EVENTO="" CIDADE-DO-EVENTO="Rio de Janeiro" NOME-DO-EVENTO-INGLES=""/></PARTICIPACAO-EM-SEMINARIO><PARTICIPACAO-EM-SEMINARIO SEQUENCIA-PRODUCAO="11"><PARTICIPANTE-DE-EVENTOS-CONGRESSOS NOME-COMPLETO-DO-PARTICIPANTE-DE-EVENTOS-CONGRESSOS="Nilo Pinto da Silva Filho" NOME-PARA-CITACAO-DO-PARTICIPANTE-DE-EVENTOS-CONGRESSOS="SILVA FILHO, N. P." ORDEM-PARTICIPANTE="1"/><INFORMACOES-ADICIONAIS DESCRICAO-INFORMACOES-ADICIONAIS="" DESCRICAO-INFORMACOES-ADICIONAIS-INGLES=""/><DADOS-BASICOS-DA-PARTICIPACAO-EM-SEMINARIO NATUREZA="Seminário" TITULO="" ANO="2012" PAIS="Brasil" IDIOMA="" MEIO-DE-DIVULGACAO="NAO_INFORMADO" HOME-PAGE-DO-TRABALHO="" FLAG-RELEVANCIA="NAO" TIPO-PARTICIPACAO="" FORMA-PARTICIPACAO="Ouvinte" DOI="" TITULO-INGLES="" FLAG-DIVULGACAO-CIENTIFICA="NAO"/><DETALHAMENTO-DA-PARTICIPACAO-EM-SEMINARIO NOME-DO-EVENTO="ESPAÇO DOCENTE" NOME-INSTITUICAO="" LOCAL-DO-EVENTO="" CIDADE-DO-EVENTO="RIO DE JANEIRO" NOME-DO-EVENTO-INGLES=""/></PARTICIPACAO-EM-SEMINARIO><PARTICIPACAO-EM-SIMPOSIO SEQUENCIA-PRODUCAO="12"><PARTICIPANTE-DE-EVENTOS-CONGRESSOS NOME-COMPLETO-DO-PARTICIPANTE-DE-EVENTOS-CONGRESSOS="Nilo Pinto da Silva Filho" NOME-PARA-CITACAO-DO-PARTICIPANTE-DE-EVENTOS-CONGRESSOS="SILVA FILHO, N. P." ORDEM-PARTICIPANTE="1"/><INFORMACOES-ADICIONAIS DESCRICAO-INFORMACOES-ADICIONAIS="" DESCRICAO-INFORMACOES-ADICIONAIS-INGLES=""/><DADOS-BASICOS-DA-PARTICIPACAO-EM-SIMPOSIO NATUREZA="Simpósio" TITULO="" ANO="2002" PAIS="Brasil" IDIOMA="" MEIO-DE-DIVULGACAO="NAO_INFORMADO" HOME-PAGE-DO-TRABALHO="" FLAG-RELEVANCIA="NAO" TIPO-PARTICIPACAO="" FORMA-PARTICIPACAO="Ouvinte" DOI="" TITULO-INGLES="" FLAG-DIVULGACAO-CIENTIFICA="NAO"/><DETALHAMENTO-DA-PARTICIPACAO-EM-SIMPOSIO NOME-DO-EVENTO="SIMPÓSIO DE ENSINO DE FILOSOFIA NO ESTADO DO RIO DE JANEIRO" NOME-INSTITUICAO="" LOCAL-DO-EVENTO="" CIDADE-DO-EVENTO="RIO DE JANEIRO" NOME-DO-EVENTO-INGLES=""/></PARTICIPACAO-EM-SIMPOSIO><PARTICIPACAO-EM-ENCONTRO SEQUENCIA-PRODUCAO="13"><PARTICIPANTE-DE-EVENTOS-CONGRESSOS NOME-COMPLETO-DO-PARTICIPANTE-DE-EVENTOS-CONGRESSOS="Nilo Pinto da Silva Filho" NOME-PARA-CITACAO-DO-PARTICIPANTE-DE-EVENTOS-CONGRESSOS="SILVA FILHO, N. P." ORDEM-PARTICIPANTE="1"/><INFORMACOES-ADICIONAIS DESCRICAO-INFORMACOES-ADICIONAIS="" DESCRICAO-INFORMACOES-ADICIONAIS-INGLES=""/><DADOS-BASICOS-DA-PARTICIPACAO-EM-ENCONTRO NATUREZA="Encontro" TITULO="" ANO="2002" PAIS="Brasil" IDIOMA="" MEIO-DE-DIVULGACAO="NAO_INFORMADO" HOME-PAGE-DO-TRABALHO="" FLAG-RELEVANCIA="NAO" TIPO-PARTICIPACAO="" FORMA-PARTICIPACAO="Ouvinte" DOI="" TITULO-INGLES="" FLAG-DIVULGACAO-CIENTIFICA="NAO"/><DETALHAMENTO-DA-PARTICIPACAO-EM-ENCONTRO NOME-DO-EVENTO="BIENAL DA SOCIEDADE BRASILEIRA DE MATEMÁTICA" NOME-INSTITUICAO="" LOCAL-DO-EVENTO="" CIDADE-DO-EVENTO="BELO HORIZONTE" NOME-DO-EVENTO-INGLES=""/></PARTICIPACAO-EM-ENCONTRO></PARTICIPACAO-EM-EVENTOS-CONGRESSOS><INFORMACOES-ADICIONAIS-INSTITUICOES><INFORMACAO-ADICIONAL-INSTITUICAO CODIGO-INSTITUICAO="000100000991" SIGLA-INSTITUICAO="UA" SIGLA-UF-INSTITUICAO="" SIGLA-PAIS-INSTITUICAO="PRG" NOME-PAIS-INSTITUICAO="Paraguai" FLAG-AGENCIA-FOMENTO="NAO" FLAG-INSTITUICAO-DE-ENSINO="NAO"/><INFORMACAO-ADICIONAL-INSTITUICAO CODIGO-INSTITUICAO="000200000993" SIGLA-INSTITUICAO="II" SIGLA-UF-INSTITUICAO="RJ" SIGLA-PAIS-INSTITUICAO="BRA" NOME-PAIS-INSTITUICAO="Brasil" FLAG-AGENCIA-FOMENTO="NAO" FLAG-INSTITUICAO-DE-ENSINO="NAO"/><INFORMACAO-ADICIONAL-INSTITUICAO CODIGO-INSTITUICAO="000300000995" SIGLA-INSTITUICAO="CL" SIGLA-UF-INSTITUICAO="RJ" SIGLA-PAIS-INSTITUICAO="BRA" NOME-PAIS-INSTITUICAO="Brasil" FLAG-AGENCIA-FOMENTO="NAO" FLAG-INSTITUICAO-DE-ENSINO="NAO"/><INFORMACAO-ADICIONAL-INSTITUICAO CODIGO-INSTITUICAO="000400000997" SIGLA-INSTITUICAO="EN" SIGLA-UF-INSTITUICAO="RJ" SIGLA-PAIS-INSTITUICAO="BRA" NOME-PAIS-INSTITUICAO="Brasil" FLAG-AGENCIA-FOMENTO="NAO" FLAG-INSTITUICAO-DE-ENSINO="NAO"/><INFORMACAO-ADICIONAL-INSTITUICAO CODIGO-INSTITUICAO="000500000999" SIGLA-INSTITUICAO="CEFET-RJ" SIGLA-UF-INSTITUICAO="RJ" SIGLA-PAIS-INSTITUICAO="BRA" NOME-PAIS-INSTITUICAO="Brasil" FLAG-AGENCIA-FOMENTO="NAO" FLAG-INSTITUICAO-DE-ENSINO="NAO"/><INFORMACAO-ADICIONAL-INSTITUICAO CODIGO-INSTITUICAO="000700000992" SIGLA-INSTITUICAO="CRU-JPA" SIGLA-UF-INSTITUICAO="RJ" SIGLA-PAIS-INSTITUICAO="BRA" NOME-PAIS-INSTITUICAO="Brasil" FLAG-AGENCIA-FOMENTO="NAO" FLAG-INSTITUICAO-DE-ENSINO="NAO"/><INFORMACAO-ADICIONAL-INSTITUICAO CODIGO-INSTITUICAO="000800000994" SIGLA-INSTITUICAO="INFNET" SIGLA-UF-INSTITUICAO="RJ" SIGLA-PAIS-INSTITUICAO="BRA" NOME-PAIS-INSTITUICAO="Brasil" FLAG-AGENCIA-FOMENTO="NAO" FLAG-INSTITUICAO-DE-ENSINO="NAO"/><INFORMACAO-ADICIONAL-INSTITUICAO CODIGO-INSTITUICAO="020200000009" SIGLA-INSTITUICAO="UFRJ" SIGLA-UF-INSTITUICAO="RJ" SIGLA-PAIS-INSTITUICAO="BRA" NOME-PAIS-INSTITUICAO="Brasil" FLAG-AGENCIA-FOMENTO="NAO" FLAG-INSTITUICAO-DE-ENSINO="SIM"/><INFORMACAO-ADICIONAL-INSTITUICAO CODIGO-INSTITUICAO="201900000008" SIGLA-INSTITUICAO="UNISUAM" SIGLA-UF-INSTITUICAO="RJ" SIGLA-PAIS-INSTITUICAO="BRA" NOME-PAIS-INSTITUICAO="Brasil" FLAG-AGENCIA-FOMENTO="NAO" FLAG-INSTITUICAO-DE-ENSINO="SIM"/><INFORMACAO-ADICIONAL-INSTITUICAO CODIGO-INSTITUICAO="350700000009" SIGLA-INSTITUICAO="CEFET/RJ" SIGLA-UF-INSTITUICAO="RJ" SIGLA-PAIS-INSTITUICAO="BRA" NOME-PAIS-INSTITUICAO="Brasil" FLAG-AGENCIA-FOMENTO="NAO" FLAG-INSTITUICAO-DE-ENSINO="SIM"/></INFORMACOES-ADICIONAIS-INSTITUICOES><INFORMACOES-ADICIONAIS-CURSOS><INFORMACAO-ADICIONAL-CURSO CODIGO-CURSO="90000000" CODIGO-ORGAO="" NOME-ORGAO="" CODIGO-INSTITUICAO="000100000991" NOME-INSTITUICAO="UNIVERSIDADE AMERICANA DE ASSUNÇÃO" NOME-GRANDE-AREA-DO-CONHECIMENTO="OUTROS" NOME-DA-AREA-DO-CONHECIMENTO="" NOME-DA-SUB-AREA-DO-CONHECIMENTO="" NOME-DA-ESPECIALIDADE="" NIVEL-CURSO="DOUTORADO"/><INFORMACAO-ADICIONAL-CURSO CODIGO-CURSO="90000001" CODIGO-ORGAO="" NOME-ORGAO="" CODIGO-INSTITUICAO="000200000993" NOME-INSTITUICAO="INSTITUTO ISABEL" NOME-GRANDE-AREA-DO-CONHECIMENTO="CIENCIAS_HUMANAS" NOME-DA-AREA-DO-CONHECIMENTO="Educação" NOME-DA-SUB-AREA-DO-CONHECIMENTO="" NOME-DA-ESPECIALIDADE="" NIVEL-CURSO="APERFEICOAMENTO"/><INFORMACAO-ADICIONAL-CURSO CODIGO-CURSO="90000002" CODIGO-ORGAO="" NOME-ORGAO="" CODIGO-INSTITUICAO="000300000995" NOME-INSTITUICAO="UNIVERSIDADE CELSO LISBOA" NOME-GRANDE-AREA-DO-CONHECIMENTO="CIENCIAS_EXATAS_E_DA_TERRA" NOME-DA-AREA-DO-CONHECIMENTO="Matemática" NOME-DA-SUB-AREA-DO-CONHECIMENTO="" NOME-DA-ESPECIALIDADE="" NIVEL-CURSO="GRADUACAO"/><INFORMACAO-ADICIONAL-CURSO CODIGO-CURSO="90000003" CODIGO-ORGAO="" NOME-ORGAO="" CODIGO-INSTITUICAO="000400000997" NOME-INSTITUICAO="ESCOLA NAVAL" NOME-GRANDE-AREA-DO-CONHECIMENTO="OUTROS" NOME-DA-AREA-DO-CONHECIMENTO="" NOME-DA-SUB-AREA-DO-CONHECIMENTO="" NOME-DA-ESPECIALIDADE="" NIVEL-CURSO="GRADUACAO"/></INFORMACOES-ADICIONAIS-CURSOS></DADOS-COMPLEMENTARES><eventos/></CURRICULO-VITAE>